"scenario_id","quantity","task_id","design","replicate","prior_regime","failed","error","positive_definite","truth","posterior_mean","posterior_sd","q025","median","q975","covers_truth","standardized_bias","interval_width","absolute_error","relative_absolute_error","weak_interval_width","weak_absolute_error","width_ratio_to_weak","error_ratio_to_weak"
1,"survival_50",1,"one_by_twelve",1,"weak",FALSE,NA,TRUE,0.354343693774205,0.374584122359675,0.0176313406858019,0.342594120513289,0.374486002877756,0.408965379142862,TRUE,1.14798011938874,0.0663712586295733,0.0202404285854703,0.0571208940390173,0.0663712586295733,0.0202404285854703,1,1
1,"survival_50",61,"one_by_twelve",1,"recruit_size",FALSE,NA,TRUE,0.354343693774205,0.373464345704722,0.0178432814394344,0.336755303611875,0.373435596730413,0.406764084932713,TRUE,1.07158831717242,0.0700087813208379,0.0191206519305174,0.0539607512888363,0.0663712586295733,0.0202404285854703,1.05480569099294,0.944676237945044
1,"survival_50",91,"one_by_twelve",1,"fecundity",FALSE,NA,TRUE,0.354343693774205,0.372598775045621,0.0179139115879123,0.337643330618955,0.371937590495261,0.407919291339056,TRUE,1.01904495742483,0.070275960720101,0.0182550812714163,0.0515180080587206,0.0663712586295733,0.0202404285854703,1.05883121958437,0.901911794719642
1,"survival_50",31,"one_by_twelve",1,"survival_growth",FALSE,NA,TRUE,0.354343693774205,0.372401145606022,0.0170001830662459,0.337531497938012,0.3722640762936,0.406488237351719,TRUE,1.06219161061099,0.0689567394137069,0.0180574518318174,0.0509602743017179,0.0663712586295733,0.0202404285854703,1.03895482528911,0.89214770110056
1,"survival_50",151,"one_by_twelve",1,"all_vital_rates_biased",FALSE,NA,TRUE,0.354343693774205,0.373935408005658,0.017287533644738,0.339449524074882,0.373753063567832,0.406143579355335,TRUE,1.13328567475654,0.0666940552804522,0.0195917142314533,0.0552901450644626,0.0663712586295733,0.0202404285854703,1.00486350052032,0.967949574225779
1,"survival_50",121,"one_by_twelve",1,"all_vital_rates",FALSE,NA,TRUE,0.354343693774205,0.373849127066602,0.0177295542001302,0.340388308154271,0.373559554120214,0.409023502312619,TRUE,1.10016490387866,0.0686351941583474,0.0195054332923977,0.0550466500042386,0.0663712586295733,0.0202404285854703,1.03411017924806,0.963686772245514
1,"survival_80",1,"one_by_twelve",1,"weak",FALSE,NA,TRUE,0.589040434058665,0.600355679879275,0.0137958886129896,0.573941239593545,0.60032450342506,0.62666948713409,TRUE,0.820189705645797,0.0527282475405442,0.0113152458206102,0.0192096249533241,0.0527282475405442,0.0113152458206102,1,1
1,"survival_80",31,"one_by_twelve",1,"survival_growth",FALSE,NA,TRUE,0.589040434058665,0.599222315378432,0.0131052533924216,0.572899587352746,0.599427146944596,0.625957045683535,TRUE,0.77693128205018,0.0530574583307896,0.0101818813197666,0.0172855388714326,0.0527282475405442,0.0113152458206102,1.00624353748894,0.899837394714025
1,"survival_80",91,"one_by_twelve",1,"fecundity",FALSE,NA,TRUE,0.589040434058665,0.600419048665105,0.0130726837421603,0.574324666317096,0.600056508687,0.62633275057402,TRUE,0.870411526115583,0.0520080842569243,0.0113786146064401,0.0193172046408394,0.0527282475405442,0.0113152458206102,0.986341983335097,1.00560030129566
1,"survival_80",151,"one_by_twelve",1,"all_vital_rates_biased",FALSE,NA,TRUE,0.589040434058665,0.603174233749544,0.0137238855429648,0.577671257660216,0.603841780677524,0.629728451222326,TRUE,1.02986866559261,0.05205719356211,0.0141337996908789,0.0239946171326352,0.0527282475405442,0.0113152458206102,0.987273349490363,1.24909347220145
1,"survival_80",121,"one_by_twelve",1,"all_vital_rates",FALSE,NA,TRUE,0.589040434058665,0.601593254365694,0.0132966507972395,0.575071401131974,0.60163788330473,0.627027496910758,TRUE,0.944058808375633,0.0519560957787839,0.0125528203070289,0.0213106258606666,0.0527282475405442,0.0113152458206102,0.985356013185029,1.10937230229365
1,"survival_80",61,"one_by_twelve",1,"recruit_size",FALSE,NA,TRUE,0.589040434058665,0.599745325885592,0.0136574313807575,0.573696675776941,0.599855486361799,0.627396810136634,TRUE,0.783814432486135,0.0537001343596927,0.0107048918269268,0.0181734414277249,0.0527282475405442,0.0113152458206102,1.01843199545749,0.946059148571776
1,"survival_110",1,"one_by_twelve",1,"weak",FALSE,NA,TRUE,0.789181706522253,0.790162276038903,0.0136854088245647,0.76288181441867,0.790097829928302,0.815979574971338,TRUE,0.0716507288324863,0.053097760552668,0.000980569516650598,0.00124251425057956,0.053097760552668,0.000980569516650598,1,1
1,"survival_110",91,"one_by_twelve",1,"fecundity",FALSE,NA,TRUE,0.789181706522253,0.791646642520994,0.0135732041332765,0.764356259577656,0.791573894570721,0.816546235336956,TRUE,0.18160310377255,0.0521899757592994,0.00246493599874142,0.00312340742109171,0.053097760552668,0.000980569516650598,0.982903520150004,2.51377995836653
1,"survival_110",31,"one_by_twelve",1,"survival_growth",FALSE,NA,TRUE,0.789181706522253,0.79013812431593,0.0133963798936595,0.763036496494059,0.790707762611924,0.815531686996999,TRUE,0.0713937497494756,0.0524951905029395,0.000956417793676834,0.00121191074979621,0.053097760552668,0.000980569516650598,0.988651686183058,0.975369698360335
1,"survival_110",151,"one_by_twelve",1,"all_vital_rates_biased",FALSE,NA,TRUE,0.789181706522253,0.794468480485775,0.0137530289489011,0.766857659130625,0.795032409807882,0.819887362354474,TRUE,0.384407971739544,0.0530297032238484,0.00528677396352228,0.00669905792269301,0.053097760552668,0.000980569516650598,0.998718263668538,5.3915340766259
1,"survival_110",121,"one_by_twelve",1,"all_vital_rates",FALSE,NA,TRUE,0.789181706522253,0.792374916823431,0.0136119601992649,0.764597124632067,0.792648676309664,0.817544092878262,TRUE,0.234588571699673,0.0529469682461952,0.00319321030117836,0.00404622949922411,0.053097760552668,0.000980569516650598,0.997160100446736,3.25648538625353
1,"survival_110",61,"one_by_twelve",1,"recruit_size",FALSE,NA,TRUE,0.789181706522253,0.790094920457734,0.0140311328169165,0.761524478287908,0.789708175949364,0.81687284479403,TRUE,0.065084832949493,0.055348366506121,0.000913213935481161,0.00115716561589534,0.053097760552668,0.000980569516650598,1.04238608050561,0.931309733756044
1,"growth_increment_50",151,"one_by_twelve",1,"all_vital_rates_biased",FALSE,NA,TRUE,12,12.2666784858846,0.586045237257767,11.1040167286636,12.2486404691728,13.3843805755995,TRUE,0.455047612249914,2.2803638469359,0.266678485884581,0.0222232071570484,2.25915431506022,0.365429299291913,1.00938826167575,0.72976766340663
1,"growth_increment_50",91,"one_by_twelve",1,"fecundity",FALSE,NA,TRUE,12,12.3706030460527,0.610108092093346,11.193382479166,12.3994119725918,13.5600832450104,TRUE,0.607438338969028,2.36670076584442,0.370603046052745,0.0308835871710621,2.25915431506022,0.365429299291913,1.04760473867025,1.01415799655599
1,"growth_increment_50",121,"one_by_twelve",1,"all_vital_rates",FALSE,NA,TRUE,12,12.3171502920697,0.574439851704707,11.1685591837649,12.3187365368546,13.4588024178883,TRUE,0.552103568595567,2.29024323412339,0.317150292069677,0.0264291910058064,2.25915431506022,0.365429299291913,1.01376130831609,0.867884137052542
1,"growth_increment_50",31,"one_by_twelve",1,"survival_growth",FALSE,NA,TRUE,12,12.4061745638561,0.576634868970066,11.2784440392835,12.4284919386894,13.4853716535285,TRUE,0.70438779496903,2.20692761424495,0.40617456385608,0.03384788032134,2.25915431506022,0.365429299291913,0.976882189734845,1.11149972003646
1,"growth_increment_50",61,"one_by_twelve",1,"recruit_size",FALSE,NA,TRUE,12,12.3475008986226,0.603242792751329,11.142109961718,12.3549774006741,13.407806510103,TRUE,0.576054787223682,2.26569654838499,0.347500898622586,0.0289584082185489,2.25915431506022,0.365429299291913,1.00289587713471,0.95093879799987
1,"growth_increment_50",1,"one_by_twelve",1,"weak",FALSE,NA,TRUE,12,12.3654292992919,0.574036986734994,11.2399705132281,12.3454851800831,13.4991248282884,TRUE,0.636595389733336,2.25915431506022,0.365429299291913,0.0304524416076594,2.25915431506022,0.365429299291913,1,1
1,"growth_increment_80",121,"one_by_twelve",1,"all_vital_rates",FALSE,NA,TRUE,8.4,8.49413690039192,0.394076787571877,7.73461474435397,8.49831713468581,9.2634538663474,TRUE,0.238879587331065,1.52883912199343,0.0941369003919217,0.0112067738561812,1.57343427580355,0.0935368253663764,0.971657440990125,1.0064153879843
1,"growth_increment_80",1,"one_by_twelve",1,"weak",FALSE,NA,TRUE,8.4,8.49353682536638,0.408892245444972,7.71384592934276,8.4971831174369,9.2872802051463,TRUE,0.228756662441926,1.57343427580355,0.0935368253663764,0.01113533635314,1.57343427580355,0.0935368253663764,1,1
1,"growth_increment_80",91,"one_by_twelve",1,"fecundity",FALSE,NA,TRUE,8.4,8.52769057340769,0.416400439226458,7.7173023796241,8.54296265060468,9.29579900764528,TRUE,0.306653311040929,1.57849662802119,0.127690573407691,0.0152012587390108,1.57343427580355,0.0935368253663764,1.00321739032605,1.36513691701142
1,"growth_increment_80",61,"one_by_twelve",1,"recruit_size",FALSE,NA,TRUE,8.4,8.47893487587024,0.42228184514702,7.64878494145267,8.47093223963193,9.28224977937458,TRUE,0.186924625762111,1.6334648379219,0.0789348758702406,0.0093970090321715,1.57343427580355,0.0935368253663764,1.0381525704896,0.843890901375569
1,"growth_increment_80",31,"one_by_twelve",1,"survival_growth",FALSE,NA,TRUE,8.4,8.51797138666776,0.399520556686756,7.74575436064622,8.51369896389841,9.29194602499802,TRUE,0.295282394593411,1.5461916643518,0.117971386667758,0.0140442126985426,1.57343427580355,0.0935368253663764,0.982685891701555,1.26122932017068
1,"growth_increment_80",151,"one_by_twelve",1,"all_vital_rates_biased",FALSE,NA,TRUE,8.4,8.47255954815892,0.410549196641209,7.65686866568447,8.4806117406948,9.27702864494613,TRUE,0.176737766758648,1.62015997926166,0.0725595481589245,0.00863804144749101,1.57343427580355,0.0935368253663764,1.02969663504645,0.775732422761992
1,"growth_increment_110",1,"one_by_twelve",1,"weak",FALSE,NA,TRUE,4.8,4.62164435144085,0.33896450476744,3.975720911285,4.63603067545151,5.24447317368226,TRUE,-0.526177950937718,1.26875226239726,0.17835564855915,0.0371574267831563,1.26875226239726,0.17835564855915,1,1
1,"growth_increment_110",91,"one_by_twelve",1,"fecundity",FALSE,NA,TRUE,4.8,4.68477810076265,0.321445052276926,4.0604981960501,4.6929663909228,5.30755014618435,TRUE,-0.358449751897536,1.24705195013426,0.115221899237355,0.0240045623411156,1.26875226239726,0.17835564855915,0.98289633610426,0.646023269619871
1,"growth_increment_110",121,"one_by_twelve",1,"all_vital_rates",FALSE,NA,TRUE,4.8,4.67112350871416,0.308052011294907,4.0648610596944,4.66199181965583,5.2977724256864,TRUE,-0.418359519043899,1.23291136599201,0.128876491285843,0.026849269017884,1.26875226239726,0.17835564855915,0.971751067984279,0.722581495607089
1,"growth_increment_110",31,"one_by_twelve",1,"survival_growth",FALSE,NA,TRUE,4.8,4.62976820947944,0.315185496710125,4.0617240366216,4.62152474661434,5.2491620379561,TRUE,-0.540100329163059,1.1874380013345,0.17023179052056,0.0354649563584501,1.26875226239726,0.17835564855915,0.935910056302782,0.954451355456255
1,"growth_increment_110",61,"one_by_twelve",1,"recruit_size",FALSE,NA,TRUE,4.8,4.61036885311791,0.345370999875059,3.93092579692624,4.60279032871461,5.27757837006238,TRUE,-0.549065054537548,1.34665257313614,0.189631146882086,0.039506488933768,1.26875226239726,0.17835564855915,1.06139915021053,1.06321918265009
1,"growth_increment_110",151,"one_by_twelve",1,"all_vital_rates_biased",FALSE,NA,TRUE,4.8,4.67844061043326,0.32425757547215,4.02684987724718,4.68580857711561,5.30512807541251,TRUE,-0.374885272579181,1.27827819816533,0.121559389566741,0.0253248728264044,1.26875226239726,0.17835564855915,1.00750811332551,0.681556152265213
1,"growth_sd.log_growth_sd",91,"one_by_twelve",1,"fecundity",FALSE,NA,TRUE,4.5,4.41502611021875,0.549098489839957,3.46953242107186,4.38319311899794,5.56400376924628,TRUE,-0.154751636279341,2.09447134817442,0.0849738897812484,0.0188830866180552,2.13584725815283,0.0695838183100417,0.980627870358953,1.22117313830974
1,"growth_sd.log_growth_sd",61,"one_by_twelve",1,"recruit_size",FALSE,NA,TRUE,4.5,4.45239969586573,0.572909550349376,3.45586715571761,4.41467193142914,5.61930823770682,TRUE,-0.0830851992347486,2.16344108198921,0.0476003041342681,0.0105778453631707,2.13584725815283,0.0695838183100417,1.0129193806959,0.684071459289248
1,"growth_sd.log_growth_sd",1,"one_by_twelve",1,"weak",FALSE,NA,TRUE,4.5,4.43041618168996,0.553325585101273,3.48254763803033,4.40195574948754,5.61839489618316,TRUE,-0.125755649446982,2.13584725815283,0.0695838183100417,0.0154630707355648,2.13584725815283,0.0695838183100417,1,1
1,"growth_sd.log_growth_sd",31,"one_by_twelve",1,"survival_growth",FALSE,NA,TRUE,4.5,4.44551713550364,0.544864974168972,3.52676919031334,4.38892794739132,5.64000688104439,TRUE,-0.0999933324388518,2.11323769073105,0.0544828644963644,0.0121073032214143,2.13584725815283,0.0695838183100417,0.989414239555063,0.782981817031187
1,"growth_sd.log_growth_sd",151,"one_by_twelve",1,"all_vital_rates_biased",FALSE,NA,TRUE,4.5,4.47498488753233,0.540873453749269,3.49057074597951,4.42730206030536,5.60991481347234,TRUE,-0.046249473503026,2.11934406749282,0.025015112467667,0.00555891388170377,2.13584725815283,0.0695838183100417,0.992273234615904,0.359496116700699
1,"growth_sd.log_growth_sd",121,"one_by_twelve",1,"all_vital_rates",FALSE,NA,TRUE,4.5,4.41570628029425,0.529500669628848,3.50132050179085,4.40011640299023,5.64629099027822,TRUE,-0.159194736741006,2.14497048848737,0.0842937197057507,0.018731937712389,2.13584725815283,0.0695838183100417,1.00427148069681,1.21139830714904
1,"recruitment_50",31,"one_by_twelve",1,"survival_growth",FALSE,NA,TRUE,0.019387103915861,0.0048962465415309,0.00241260941939185,0.00180355509801795,0.00443471635548012,0.0110262670451744,FALSE,-6.00630058800931,0.00922271194715647,0.0144908573743301,0.144908573743301,0.00996303979719808,0.0144906653930572,0.925692573239564,1.00001324861679
1,"recruitment_50",61,"one_by_twelve",1,"recruit_size",FALSE,NA,TRUE,0.019387103915861,0.00488916825347688,0.00265420010899824,0.00171891800741171,0.00422214755756897,0.011191578433566,FALSE,-5.46226172368593,0.00947266042615428,0.0144979356623841,0.144979356623841,0.00996303979719808,0.0144906653930572,0.950780145314514,1.00050172087545
1,"recruitment_50",91,"one_by_twelve",1,"fecundity",FALSE,NA,TRUE,0.019387103915861,0.00595708978548787,0.00263351912556652,0.00244870496370594,0.00545083672309967,0.0128345644259949,FALSE,-5.09964556550699,0.0103858594622889,0.0134300141303731,0.134300141303731,0.00996303979719808,0.0144906653930572,1.0424388212531,0.926804516292792
1,"recruitment_50",151,"one_by_twelve",1,"all_vital_rates_biased",FALSE,NA,TRUE,0.019387103915861,0.00690192391373821,0.00294895698011659,0.00289131173125052,0.0064112093545571,0.0140588785490679,FALSE,-4.23376132181798,0.0111675668178174,0.0124851800021228,0.124851800021228,0.00996303979719808,0.0144906653930572,1.12089954924782,0.861601566488774
1,"recruitment_50",121,"one_by_twelve",1,"all_vital_rates",FALSE,NA,TRUE,0.019387103915861,0.00601023715870599,0.00264454592394772,0.00248498802361738,0.0055201962409685,0.012266280629242,FALSE,-5.05828491614406,0.00978129260562458,0.013376866757155,0.13376866757155,0.00996303979719808,0.0144906653930572,0.981757857514068,0.923136819070029
1,"recruitment_50",1,"one_by_twelve",1,"weak",FALSE,NA,TRUE,0.019387103915861,0.00489643852280376,0.00258707296312655,0.00170275410331171,0.00441844964105885,0.0116657939005098,FALSE,-5.6011815668101,0.00996303979719808,0.0144906653930572,0.144906653930572,0.00996303979719808,0.0144906653930572,1,1
1,"recruitment_80",151,"one_by_twelve",1,"all_vital_rates_biased",FALSE,NA,TRUE,0.183939720585721,0.0878496837337276,0.020992232830233,0.0541237211406552,0.0861589181736014,0.136395764093351,FALSE,-4.57740906501402,0.0822720429526956,0.0960900368519936,0.522399602141468,0.08013254210951,0.112609758224974,1.02669952539708,0.853301155837872
1,"recruitment_80",31,"one_by_twelve",1,"survival_growth",FALSE,NA,TRUE,0.183939720585721,0.0717469712254094,0.0194516320754491,0.0414588031842457,0.06918721399531,0.117308970837085,FALSE,-5.76778076642297,0.0758501676528397,0.112192749360312,0.609943023741991,0.08013254210951,0.112609758224974,0.94655885931064,0.996296867418638
1,"recruitment_80",121,"one_by_twelve",1,"all_vital_rates",FALSE,NA,TRUE,0.183939720585721,0.0810585298195006,0.0201305187356119,0.0497735347817563,0.0789106381948541,0.127852887047857,FALSE,-5.11070738501232,0.0780793522661005,0.102881190766221,0.559320142700092,0.08013254210951,0.112609758224974,0.974377577581358,0.913608131194834
1,"recruitment_80",61,"one_by_twelve",1,"recruit_size",FALSE,NA,TRUE,0.183939720585721,0.0714370765174046,0.0206817819046638,0.0401101012892829,0.0677659001833158,0.11778695620491,FALSE,-5.43969782617941,0.0776768549156275,0.112502644068317,0.611627786049001,0.08013254210951,0.112609758224974,0.969354682514295,0.999048802178907
1,"recruitment_80",1,"one_by_twelve",1,"weak",FALSE,NA,TRUE,0.183939720585721,0.0713299623607472,0.0208687170147358,0.0399286479872032,0.069486322983813,0.120061190096713,FALSE,-5.39610356235404,0.08013254210951,0.112609758224974,0.612210118980226,0.08013254210951,0.112609758224974,1,1
1,"recruitment_80",91,"one_by_twelve",1,"fecundity",FALSE,NA,TRUE,0.183939720585721,0.080740625670841,0.0198534183884987,0.049271676558845,0.0785761295014495,0.128042303039308,FALSE,-5.19805168537951,0.0787706264804629,0.10319909491488,0.561048448841078,0.08013254210951,0.112609758224974,0.983004212855423,0.916431191590936
1,"recruitment_110",1,"one_by_twelve",1,"weak",FALSE,NA,TRUE,1.74517147873092,1.08924245147453,0.108050461306781,0.891676398390755,1.08436441466566,1.31700504697095,FALSE,-6.07058053545972,0.425328648580199,0.655929027256391,0.375853625417589,0.425328648580199,0.655929027256391,1,1
1,"recruitment_110",151,"one_by_twelve",1,"all_vital_rates_biased",FALSE,NA,TRUE,1.74517147873092,1.15396519206244,0.104312696581717,0.968050711855196,1.15183481862616,1.37714227491074,FALSE,-5.66763496719055,0.409091563055543,0.591206286668478,0.338766874128839,0.425328648580199,0.655929027256391,0.961824613557404,0.90132661019953
1,"recruitment_110",61,"one_by_twelve",1,"recruit_size",FALSE,NA,TRUE,1.74517147873092,1.09371697965653,0.109201541009641,0.907051531696483,1.09118557134214,1.31772094345411,FALSE,-5.96561635533039,0.410669411757626,0.651454499074395,0.373289677841933,0.425328648580199,0.655929027256391,0.965534330049228,0.99317833485627
1,"recruitment_110",31,"one_by_twelve",1,"survival_growth",FALSE,NA,TRUE,1.74517147873092,1.09418166588659,0.104690525950735,0.90071326960747,1.08708436249523,1.31664158353049,FALSE,-6.21823041705485,0.415928313923016,0.650989812844332,0.373023408174037,0.425328648580199,0.655929027256391,0.977898656277769,0.992469895054472
1,"recruitment_110",121,"one_by_twelve",1,"all_vital_rates",FALSE,NA,TRUE,1.74517147873092,1.13116843894183,0.105991854457591,0.942920371849844,1.12357555928373,1.35788896870147,FALSE,-5.79292666338588,0.41496859685163,0.614003039789093,0.351829632372627,0.425328648580199,0.655929027256391,0.975642243326069,0.936081518388254
1,"recruitment_110",91,"one_by_twelve",1,"fecundity",FALSE,NA,TRUE,1.74517147873092,1.13138071867157,0.104653471851252,0.946394185556589,1.12449296577244,1.35293361165026,FALSE,-5.86498230017398,0.406539426093668,0.613790760059351,0.351707994050932,0.425328648580199,0.655929027256391,0.955824225456592,0.935757886225442
1,"recruit_mean_50",31,"one_by_twelve",1,"survival_growth",FALSE,NA,TRUE,44,48.1406063391194,1.45033911286546,45.4420182587726,48.0204691936442,51.1063417139665,FALSE,2.85492289519707,5.66432345519394,4.14060633911942,0.0941046895254414,5.70825573881508,4.15476457075953,0.99230372890927,0.996592290273256
1,"recruit_mean_50",151,"one_by_twelve",1,"all_vital_rates_biased",FALSE,NA,TRUE,44,47.6902663917849,1.32278235812146,45.1913899769258,47.7616712930708,50.2246960082011,FALSE,2.78977593640244,5.03330603127525,3.69026639178492,0.0838696907223846,5.70825573881508,4.15476457075953,0.881759027902288,0.8882010831026
1,"recruit_mean_50",91,"one_by_twelve",1,"fecundity",FALSE,NA,TRUE,44,48.233994979094,1.48329443247286,45.4750592891273,48.2611338903486,51.0969930490437,FALSE,2.85445349648843,5.62193375991642,4.23399497909399,0.0962271586157726,5.70825573881508,4.15476457075953,0.984877695946296,1.01906977085827
1,"recruit_mean_50",1,"one_by_twelve",1,"weak",FALSE,NA,TRUE,44,48.1547645707595,1.42914775002411,45.3379445806045,48.1125472285967,51.0462003194195,FALSE,2.90716237750047,5.70825573881508,4.15476457075953,0.0944264675172621,5.70825573881508,4.15476457075953,1,1
1,"recruit_mean_50",121,"one_by_twelve",1,"all_vital_rates",FALSE,NA,TRUE,44,47.634298715958,1.30412554059018,45.1124672395725,47.6608035115848,50.2091624803828,FALSE,2.78677060056144,5.09669524081033,3.634298715958,0.0825976980899546,5.70825573881508,4.15476457075953,0.892863857895108,0.874730361747938
1,"recruit_mean_50",61,"one_by_twelve",1,"recruit_size",FALSE,NA,TRUE,44,47.6628956917357,1.3656473551138,45.0850612636707,47.6286381510918,50.3510385186564,FALSE,2.68216804141982,5.26597725498562,3.66289569173574,0.0832476293576305,5.70825573881508,4.15476457075953,0.922519504369426,0.881613297060085
1,"recruit_mean_80",61,"one_by_twelve",1,"recruit_size",FALSE,NA,TRUE,44.6,46.9261575863812,0.888645700626572,45.2327635593474,46.9209257721595,48.7396619503572,FALSE,2.6176434373576,3.50689839100986,2.32615758638119,0.0521559996946456,3.77985269803177,2.63966446521285,0.927787051817113,0.881232299421671
1,"recruit_mean_80",91,"one_by_twelve",1,"fecundity",FALSE,NA,TRUE,44.6,47.2887703474741,0.964608476725565,45.4806665122337,47.3168274935875,49.12837608221,FALSE,2.78742143817909,3.64770956997623,2.68877034747412,0.0602863306608547,3.77985269803177,2.63966446521285,0.96504013817143,1.01860307736397
1,"recruit_mean_80",31,"one_by_twelve",1,"survival_growth",FALSE,NA,TRUE,44.6,47.2376701000094,0.942104291317056,45.4658151648414,47.1583694897924,49.1413615015253,FALSE,2.79976444680236,3.67554633668388,2.63767010000942,0.059140585202005,3.77985269803177,2.63966446521285,0.972404649154132,0.999244462608901
1,"recruit_mean_80",151,"one_by_twelve",1,"all_vital_rates_biased",FALSE,NA,TRUE,44.6,46.938016825407,0.859065033128294,45.3363226748387,46.9534299124743,48.565795323882,FALSE,2.72158304115005,3.22947264904332,2.33801682540697,0.0524219019149544,3.77985269803177,2.63966446521285,0.854391138237995,0.885725006423665
1,"recruit_mean_80",121,"one_by_twelve",1,"all_vital_rates",FALSE,NA,TRUE,44.6,46.9051314658116,0.844393962572238,45.2586393204147,46.9530831998178,48.5432465655779,FALSE,2.72992414440009,3.28460724516317,2.30513146581162,0.0516845620137134,3.77985269803177,2.63966446521285,0.868977578643084,0.873266847430834
1,"recruit_mean_80",1,"one_by_twelve",1,"weak",FALSE,NA,TRUE,44.6,47.2396644652128,0.931457340267836,45.3863312052266,47.2185123694433,49.1661839032583,FALSE,2.83390806116126,3.77985269803177,2.63966446521285,0.0591853019106019,3.77985269803177,2.63966446521285,1,1
1,"recruit_mean_110",61,"one_by_twelve",1,"recruit_size",FALSE,NA,TRUE,45.2,46.1894194810266,0.423674478573551,45.3607274558114,46.1881036962929,46.9995200117541,FALSE,2.33532943583915,1.63879255594276,0.989419481026616,0.0218898115271375,1.8024942052993,1.12456435966612,0.909180485088241,0.879824682795717
1,"recruit_mean_110",91,"one_by_twelve",1,"fecundity",FALSE,NA,TRUE,45.2,46.3435457158542,0.458435292398164,45.4643250547413,46.3379307171831,47.2119908815355,FALSE,2.49445392799511,1.74766582679421,1.14354571585419,0.025299683979075,1.8024942052993,1.12456435966612,0.969581939101997,1.01687885270853
1,"recruit_mean_110",31,"one_by_twelve",1,"survival_growth",FALSE,NA,TRUE,45.2,46.3347338608995,0.44503576707843,45.5142171820259,46.3065713494732,47.2239304178998,FALSE,2.54975879432974,1.70971323587389,1.13473386089951,0.0251047314358298,1.8024942052993,1.12456435966612,0.948526342468876,1.00904305844834
1,"recruit_mean_110",121,"one_by_twelve",1,"all_vital_rates",FALSE,NA,TRUE,45.2,46.1759642156654,0.397785376997783,45.3563417615271,46.1871406667131,46.9535201213097,FALSE,2.45349445228807,1.59717835978263,0.975964215665378,0.0215921286651632,1.8024942052993,1.12456435966612,0.886093478185368,0.867859813692776
1,"recruit_mean_110",151,"one_by_twelve",1,"all_vital_rates_biased",FALSE,NA,TRUE,45.2,46.1857672590289,0.409314917473302,45.3818697465442,46.2000163567841,46.9506752262331,FALSE,2.40833455353644,1.56880547968888,0.985767259028869,0.0218090101555059,1.8024942052993,1.12456435966612,0.870352578708222,0.876577005625127
1,"recruit_mean_110",1,"one_by_twelve",1,"weak",FALSE,NA,TRUE,45.2,46.3245643596661,0.44639016437271,45.4358518368797,46.321547898987,47.238346042179,FALSE,2.51924090049434,1.8024942052993,1.12456435966612,0.0248797424704895,1.8024942052993,1.12456435966612,1,1
1,"recruit_sd.log_recruit_sd",61,"one_by_twelve",1,"recruit_size",FALSE,NA,TRUE,3.5,3.19142596374598,0.137577878972401,2.93638310575068,3.18693347928553,3.47750624417081,FALSE,-2.24290444480483,0.541123138420132,0.308574036254019,0.0881640103582911,0.515200184908035,0.327151284500448,1.05031627369607,0.943215114454477
1,"recruit_sd.log_recruit_sd",151,"one_by_twelve",1,"all_vital_rates_biased",FALSE,NA,TRUE,3.5,3.19160257424049,0.142512826376623,2.91684815274848,3.1871369687516,3.4909437267578,FALSE,-2.16399768077366,0.574095574009327,0.30839742575951,0.0881135502170029,0.515200184908035,0.327151284500448,1.11431554340728,0.94267527095431
1,"recruit_sd.log_recruit_sd",1,"one_by_twelve",1,"weak",FALSE,NA,TRUE,3.5,3.17284871549955,0.136460737098289,2.9186618464886,3.17082225806447,3.43386203139663,FALSE,-2.39740229649214,0.515200184908035,0.327151284500448,0.0934717955715565,0.515200184908035,0.327151284500448,1,1
1,"recruit_sd.log_recruit_sd",91,"one_by_twelve",1,"fecundity",FALSE,NA,TRUE,3.5,3.18854510438005,0.14150641531782,2.92205720595634,3.17981102070223,3.47555920530399,FALSE,-2.20099488012913,0.553501999347648,0.311454895619948,0.088987113034271,0.515200184908035,0.327151284500448,1.07434355724552,0.952021007942954
1,"recruit_sd.log_recruit_sd",31,"one_by_twelve",1,"survival_growth",FALSE,NA,TRUE,3.5,3.2027235567541,0.141328888684834,2.93828338321657,3.20285347512652,3.48706634819709,FALSE,-2.10343720956323,0.548782964980512,0.2972764432459,0.0849361266416857,0.515200184908035,0.327151284500448,1.06518394413712,0.908681876948257
1,"recruit_sd.log_recruit_sd",121,"one_by_twelve",1,"all_vital_rates",FALSE,NA,TRUE,3.5,3.19575602077153,0.13624791652165,2.94880040354842,3.1920282918386,3.46532955769373,FALSE,-2.23301748016181,0.516529154145306,0.304243979228472,0.0869268512081348,0.515200184908035,0.327151284500448,1.00257952010927,0.929979473236808
1,"lambda",1,"one_by_twelve",1,"weak",FALSE,NA,TRUE,1.03119869581319,1.03216474313573,0.00548392366399659,1.02114873083371,1.03232737610245,1.04226014411178,TRUE,0.176159877804734,0.0211114132780716,0.000966047322540131,0.000936819767579628,0.0211114132780716,0.000966047322540131,1,1
1,"lambda",31,"one_by_twelve",1,"survival_growth",FALSE,NA,TRUE,1.03119869581319,1.03213480556059,0.00585868808078849,1.02028381508703,1.03243167240444,1.04264914897759,TRUE,0.159781462076349,0.0223653338905609,0.000936109747397662,0.000907787947364941,0.0211114132780716,0.000966047322540131,1.05939538940255,0.969010239515233
1,"lambda",91,"one_by_twelve",1,"fecundity",FALSE,NA,TRUE,1.03119869581319,1.0320420385337,0.00583525896141322,1.020729750253,1.03207800299233,1.04385526755455,TRUE,0.14452532888185,0.0231255173015534,0.00084334272050901,0.000817827567017973,0.0211114132780716,0.000966047322540131,1.09540356190051,0.872982824787009
1,"lambda",121,"one_by_twelve",1,"all_vital_rates",FALSE,NA,TRUE,1.03119869581319,1.03236446359727,0.00557749522286796,1.02059060962452,1.03249232067139,1.04261544076708,TRUE,0.209012780378354,0.0220248311425582,0.00116576778407862,0.00113049772930454,0.0211114132780716,0.000966047322540131,1.04326654272053,1.20673983238558
1,"lambda",61,"one_by_twelve",1,"recruit_size",FALSE,NA,TRUE,1.03119869581319,1.03198424050094,0.0054921411633207,1.02077414293832,1.03224066049704,1.04194537594646,TRUE,0.143030680454887,0.0211712330081417,0.000785544687744055,0.000761778201362622,0.0211114132780716,0.000966047322540131,1.00283352560448,0.813153423663076
1,"lambda",151,"one_by_twelve",1,"all_vital_rates_biased",FALSE,NA,TRUE,1.03119869581319,1.03246487726741,0.00563874016508843,1.02131869958496,1.03246786862594,1.04334901475369,TRUE,0.224550416786545,0.0220303151687267,0.00126618145422164,0.00122787340535098,0.0211114132780716,0.000966047322540131,1.04352630866307,1.31068263911993
2,"survival_50",32,"three_by_four",1,"survival_growth",FALSE,NA,TRUE,0.354343693774205,0.320396891122086,0.0250353965663715,0.274082161823054,0.32044737605488,0.37081962639971,TRUE,-1.3559522639125,0.0967374645766562,0.0339468026521187,0.0958019099776905,0.0962526515691245,0.0366585175560917,1.00503687950023,0.926027698751762
2,"survival_50",122,"three_by_four",1,"all_vital_rates",FALSE,NA,TRUE,0.354343693774205,0.321826451765273,0.0231466319176951,0.280692055742928,0.321495520001796,0.370139509148397,TRUE,-1.40483687322444,0.0894474534054685,0.0325172420089317,0.0917675200102543,0.0962526515691245,0.0366585175560917,0.929298590192408,0.887031014256827
2,"survival_50",92,"three_by_four",1,"fecundity",FALSE,NA,TRUE,0.354343693774205,0.320279440961377,0.0252518465297681,0.273796211178876,0.318966903371752,0.369924944120632,TRUE,-1.34898066850957,0.0961287329417552,0.0340642528128276,0.096133368284336,0.0962526515691245,0.0366585175560917,0.998712569208753,0.929231597014402
2,"survival_50",2,"three_by_four",1,"weak",FALSE,NA,TRUE,0.354343693774205,0.317685176218113,0.0246033589173805,0.269650124446437,0.317091172634012,0.365902776015562,TRUE,-1.4899801965737,0.0962526515691245,0.0366585175560917,0.103454691589492,0.0962526515691245,0.0366585175560917,1,1
2,"survival_50",152,"three_by_four",1,"all_vital_rates_biased",FALSE,NA,TRUE,0.354343693774205,0.321947498746664,0.0241082287874072,0.272736738749614,0.322290095954777,0.368543515504336,TRUE,-1.34378163212316,0.0958067767547223,0.0323961950275406,0.0914259110483398,0.0962526515691245,0.0366585175560917,0.995367662011036,0.883728999078337
2,"survival_50",62,"three_by_four",1,"recruit_size",FALSE,NA,TRUE,0.354343693774205,0.319064104227333,0.0253436532074954,0.267879145782165,0.318603777714568,0.369677867552191,TRUE,-1.39204830724393,0.101798721770026,0.0352795895468711,0.0995631929302854,0.0962526515691245,0.0366585175560917,1.05761992122283,0.962384512491245
2,"survival_80",92,"three_by_four",1,"fecundity",FALSE,NA,TRUE,0.589040434058665,0.573183124334747,0.0254089118044233,0.521725561475511,0.573560393918917,0.623460383207158,TRUE,-0.62408456709893,0.101734821731647,0.0158573097239184,0.0269205793134722,0.0970366168257426,0.0141170499882399,1.0484168251078,1.12327361149307
2,"survival_80",32,"three_by_four",1,"survival_growth",FALSE,NA,TRUE,0.589040434058665,0.576732456382244,0.0228269115932452,0.532878907686182,0.576364157091392,0.619913508633966,TRUE,-0.539187161878837,0.0870346009477843,0.012307977676421,0.0208949623230707,0.0970366168257426,0.0141170499882399,0.896925344213928,0.871851958211811
2,"survival_80",152,"three_by_four",1,"all_vital_rates_biased",FALSE,NA,TRUE,0.589040434058665,0.578198199202293,0.0256381309020967,0.525743342175787,0.578473675925283,0.626263455377853,TRUE,-0.422894902041601,0.100520113202066,0.0108422348563719,0.0184066054373648,0.0970366168257426,0.0141170499882399,1.03589878223578,0.768024117319408
2,"survival_80",122,"three_by_four",1,"all_vital_rates",FALSE,NA,TRUE,0.589040434058665,0.575101084224035,0.0243527293632627,0.527205935321271,0.574854153620828,0.621082338192064,TRUE,-0.572393739802272,0.0938764028707937,0.0139393498346305,0.0236645042150744,0.0970366168257426,0.0141170499882399,0.967432768594725,0.987412373423808
2,"survival_80",62,"three_by_four",1,"recruit_size",FALSE,NA,TRUE,0.589040434058665,0.57256285531561,0.025324045857452,0.519908610947432,0.572121110499774,0.618221036647219,TRUE,-0.650669282302172,0.0983124256997869,0.0164775787430556,0.0279735953430567,0.0970366168257426,0.0141170499882399,1.01314770563709,1.16721119191205
2,"survival_80",2,"three_by_four",1,"weak",FALSE,NA,TRUE,0.589040434058665,0.574923384070425,0.0251808445541739,0.526507196636474,0.574633164475951,0.623543813462217,TRUE,-0.560626549195703,0.0970366168257426,0.0141170499882399,0.0239661815589963,0.0970366168257426,0.0141170499882399,1,1
2,"survival_110",152,"three_by_four",1,"all_vital_rates_biased",FALSE,NA,TRUE,0.789181706522253,0.79709129861136,0.0317504209924227,0.729275563838191,0.799997234581664,0.852711588295862,TRUE,0.249117707478429,0.123436024457671,0.00790959208910735,0.0100225233602577,0.116697715025406,0.00693159834500978,1.05774157129639,1.14109209671701
2,"survival_110",62,"three_by_four",1,"recruit_size",FALSE,NA,TRUE,0.789181706522253,0.79182678343839,0.0317241863471379,0.722525657378327,0.793480183320845,0.846451912416388,TRUE,0.0833772972833213,0.123926255038061,0.0026450769161368,0.00335167033685191,0.116697715025406,0.00693159834500978,1.06194242973036,0.381596968618508
2,"survival_110",122,"three_by_four",1,"all_vital_rates",FALSE,NA,TRUE,0.789181706522253,0.793274585904066,0.0295947560382323,0.731341693513174,0.795290167277681,0.846166279551297,TRUE,0.138297452985433,0.114824586038123,0.0040928793818128,0.00518623195138316,0.116697715025406,0.00693159834500978,0.983948880345465,0.590466899277186
2,"survival_110",2,"three_by_four",1,"weak",FALSE,NA,TRUE,0.789181706522253,0.796113304867263,0.0299637006768321,0.73505171038385,0.797500130256348,0.851749425409256,TRUE,0.231333186103053,0.116697715025406,0.00693159834500978,0.00878327296200996,0.116697715025406,0.00693159834500978,1,1
2,"survival_110",92,"three_by_four",1,"fecundity",FALSE,NA,TRUE,0.789181706522253,0.79186797134783,0.0304844378947902,0.727801368163163,0.793240831457066,0.847457840270932,TRUE,0.0881192179054987,0.119656472107769,0.00268626482557766,0.00340386099091858,0.116697715025406,0.00693159834500978,1.02535402755503,0.387539019411239
2,"survival_110",32,"three_by_four",1,"survival_growth",FALSE,NA,TRUE,0.789181706522253,0.796592340433634,0.0287430761386984,0.730304396557953,0.797715591671202,0.846120425540536,TRUE,0.257823271093937,0.115816028982582,0.0074106339113813,0.00939027583905652,0.116697715025406,0.00693159834500978,0.992444701743886,1.0691089619635
2,"growth_increment_50",92,"three_by_four",1,"fecundity",FALSE,NA,TRUE,12,14.0017336227028,1.16103199122789,11.7862368014909,14.0350949556506,16.1768927068626,TRUE,1.72409859317127,4.39065590537162,2.00173362270285,0.166811135225237,4.57918962045513,1.96814182542162,0.95882814849131,1.01706777268149
2,"growth_increment_50",32,"three_by_four",1,"survival_growth",FALSE,NA,TRUE,12,13.9709263336277,1.10428516045426,11.8154316959406,13.9776549338758,16.1608556270412,TRUE,1.78479835119483,4.34542393110065,1.97092633362768,0.16424386113564,4.57918962045513,1.96814182542162,0.948950423823846,1.00141479042317
2,"growth_increment_50",2,"three_by_four",1,"weak",FALSE,NA,TRUE,12,13.9681418254216,1.15488461214359,11.7711852327991,13.973324938191,16.3503748532542,TRUE,1.70418914991736,4.57918962045513,1.96814182542162,0.164011818785135,4.57918962045513,1.96814182542162,1,1
2,"growth_increment_50",152,"three_by_four",1,"all_vital_rates_biased",FALSE,NA,TRUE,12,13.8346545274525,1.18369537239499,11.5779770260868,13.8353779850928,16.1984722963559,TRUE,1.54993807548679,4.62049527026909,1.83465452745251,0.152887877287709,4.57918962045513,1.96814182542162,1.00902029687293,0.932175976220352
2,"growth_increment_50",122,"three_by_four",1,"all_vital_rates",FALSE,NA,TRUE,12,13.9226243605936,1.18912753436429,11.5483422934128,13.9493355502917,16.2546459145294,TRUE,1.61683612987861,4.70630362111657,1.92262436059365,0.160218696716137,4.57918962045513,1.96814182542162,1.02775906026988,0.976872873570367
2,"growth_increment_50",62,"three_by_four",1,"recruit_size",FALSE,NA,TRUE,12,14.0764411058389,1.18913280211712,11.7368552575174,14.0678508956668,16.3807160187496,TRUE,1.74618100025665,4.64386076123219,2.07644110583886,0.173036758819905,4.57918962045513,1.96814182542162,1.01412283529124,1.05502615666126
2,"growth_increment_80",92,"three_by_four",1,"fecundity",FALSE,NA,TRUE,8.4,9.27359154903103,0.767885501984825,7.85985295485635,9.2626258430616,10.8381007257193,TRUE,1.13765860505633,2.97824777086299,0.873591549031033,0.103998993932266,2.98294319556522,0.872117420028983,0.998425908777206,1.00169028730329
2,"growth_increment_80",2,"three_by_four",1,"weak",FALSE,NA,TRUE,8.4,9.27211742002898,0.772658005041024,7.80113053777913,9.26293269877575,10.7840737333443,TRUE,1.12872372296548,2.98294319556522,0.872117420028983,0.103823502384403,2.98294319556522,0.872117420028983,1,1
2,"growth_increment_80",152,"three_by_four",1,"all_vital_rates_biased",FALSE,NA,TRUE,8.4,9.16303835254247,0.799813729935095,7.65187008370069,9.158638423038,10.6546481941466,TRUE,0.954020072404099,3.00277811044588,0.763038352542472,0.090837899112199,2.98294319556522,0.872117420028983,1.00664944438437,0.874926168218396
2,"growth_increment_80",122,"three_by_four",1,"all_vital_rates",FALSE,NA,TRUE,8.4,9.21597312003173,0.780485015155276,7.69611128317651,9.22114288216089,10.7692798639073,TRUE,1.04546929689534,3.07316858073074,0.815973120031734,0.0971396571466349,2.98294319556522,0.872117420028983,1.03024710135267,0.935623003614142
2,"growth_increment_80",62,"three_by_four",1,"recruit_size",FALSE,NA,TRUE,8.4,9.32772138025785,0.792588384178287,7.89195105945144,9.32541746770577,10.9104905410136,TRUE,1.17049580687415,3.01853948156217,0.927721380257847,0.110443021459267,2.98294319556522,0.872117420028983,1.01193327652027,1.06375742411729
2,"growth_increment_80",32,"three_by_four",1,"survival_growth",FALSE,NA,TRUE,8.4,9.25581258043619,0.745480499178963,7.86663044411802,9.2552966288138,10.6777297097369,TRUE,1.14800129765801,2.8110992656189,0.855812580436192,0.101882450051928,2.98294319556522,0.872117420028983,0.942391149049769,0.981304306944987
2,"growth_increment_110",2,"three_by_four",1,"weak",FALSE,NA,TRUE,4.8,4.57609301463634,0.564672247967791,3.45915282390591,4.55631454097234,5.72415814596629,TRUE,-0.396525570664197,2.26500532206038,0.223906985363663,0.0466472886174298,2.26500532206038,0.223906985363663,1,1
2,"growth_increment_110",92,"three_by_four",1,"fecundity",FALSE,NA,TRUE,4.8,4.54544947535923,0.556210023790579,3.44043999491864,4.52024212599871,5.6065434355778,TRUE,-0.457651810922085,2.16610344065917,0.254550524640774,0.0530313593001613,2.26500532206038,0.223906985363663,0.956334812798034,1.13685834422424
2,"growth_increment_110",152,"three_by_four",1,"all_vital_rates_biased",FALSE,NA,TRUE,4.8,4.49142217763244,0.580619961025012,3.33629103223867,4.45565536772802,5.56303323077324,TRUE,-0.531462648688145,2.22674219853456,0.30857782236756,0.0642870463265751,2.26500532206038,0.223906985363663,0.983106828424132,1.37815183329979
2,"growth_increment_110",122,"three_by_four",1,"all_vital_rates",FALSE,NA,TRUE,4.8,4.50932187946982,0.542239804295662,3.48523918603922,4.5218192324172,5.55037206357337,TRUE,-0.536069315139554,2.06513287753415,0.290678120530181,0.0605579417771211,2.26500532206038,0.223906985363663,0.911756302477728,1.298209254428
2,"growth_increment_110",62,"three_by_four",1,"recruit_size",FALSE,NA,TRUE,4.8,4.57900165467684,0.55063531970707,3.54756255307296,4.58839041529279,5.68285717017462,TRUE,-0.401351561394075,2.13529461710166,0.220998345323158,0.0460413219423246,2.26500532206038,0.223906985363663,0.942732715152859,0.987009605636999
2,"growth_increment_110",32,"three_by_four",1,"survival_growth",FALSE,NA,TRUE,4.8,4.54069882724472,0.559560496172927,3.42613238132687,4.55208076816745,5.5832380337078,TRUE,-0.463401499085008,2.15710565238094,0.259301172755285,0.0540210776573511,2.26500532206038,0.223906985363663,0.952362288676084,1.15807540499077
2,"growth_sd.log_growth_sd",152,"three_by_four",1,"all_vital_rates_biased",FALSE,NA,TRUE,4.5,4.11031487172653,0.74270792751353,2.89958958208664,4.00827952522859,5.77646525581087,TRUE,-0.524681525317865,2.87687567372423,0.389685128273469,0.086596695171882,2.89461098098291,0.522090599864178,0.993872991094418,0.746393687943905
2,"growth_sd.log_growth_sd",62,"three_by_four",1,"recruit_size",FALSE,NA,TRUE,4.5,3.93803969575783,0.732205786940581,2.69763269883859,3.88707686708598,5.43843814967236,TRUE,-0.767489569551534,2.74080545083376,0.561960304242169,0.124880067609371,2.89461098098291,0.522090599864178,0.946864870215853,1.07636548979883
2,"growth_sd.log_growth_sd",2,"three_by_four",1,"weak",FALSE,NA,TRUE,4.5,3.97790940013582,0.713611992050613,2.70769222431548,3.92203389430624,5.60230320529839,TRUE,-0.731616909020706,2.89461098098291,0.522090599864178,0.116020133303151,2.89461098098291,0.522090599864178,1,1
2,"growth_sd.log_growth_sd",32,"three_by_four",1,"survival_growth",FALSE,NA,TRUE,4.5,3.99389849984769,0.66484314906163,2.82797751571582,3.92272977729091,5.51645091096383,TRUE,-0.761234436824128,2.688473395248,0.50610150015231,0.112467000033847,2.89461098098291,0.522090599864178,0.928785737672802,0.96937485617242
2,"growth_sd.log_growth_sd",92,"three_by_four",1,"fecundity",FALSE,NA,TRUE,4.5,3.95140900283064,0.739390779802597,2.78408944906751,3.8899178039086,5.63586316802336,TRUE,-0.74195001094796,2.85177371895585,0.548590997169357,0.121909110482079,2.89461098098291,0.522090599864178,0.985201029669102,1.05075823489654
2,"growth_sd.log_growth_sd",122,"three_by_four",1,"all_vital_rates",FALSE,NA,TRUE,4.5,3.9831250296147,0.672457192181428,2.78417178893495,3.92343058766037,5.46151828328424,TRUE,-0.768636243905103,2.67734649434929,0.516874970385305,0.114861104530068,2.89461098098291,0.522090599864178,0.924941732045857,0.990010106521302
2,"recruitment_50",32,"three_by_four",1,"survival_growth",FALSE,NA,TRUE,0.019387103915861,0.0590448569669748,0.0953531361677961,0.00684715260845057,0.0350699799521274,0.214223031349061,TRUE,0.415904024187801,0.207375878740611,0.0396577530511138,0.396577530511138,0.215486934211994,0.0390792227011143,0.962359409395079,1.01480403933375
2,"recruitment_50",122,"three_by_four",1,"all_vital_rates",FALSE,NA,TRUE,0.019387103915861,0.0319437719419685,0.0256940351787012,0.00573768092244877,0.0238475492617203,0.10613189083947,TRUE,0.488699728897244,0.100394209917021,0.0125566680261075,0.125566680261075,0.215486934211994,0.0390792227011143,0.465894650569645,0.321313146941111
2,"recruitment_50",92,"three_by_four",1,"fecundity",FALSE,NA,TRUE,0.019387103915861,0.0335614483253015,0.0298231457678626,0.00566645398207453,0.0249893313796955,0.117303374453437,TRUE,0.475279989568194,0.111636920471363,0.0141743444094405,0.141743444094405,0.215486934211994,0.0390792227011143,0.518068164455556,0.362707941195471
2,"recruitment_50",62,"three_by_four",1,"recruit_size",FALSE,NA,TRUE,0.019387103915861,0.0568172980517072,0.0697296878981037,0.00582604975896809,0.0379796460090543,0.203081573875452,TRUE,0.536789927850288,0.197255524116483,0.0374301941358462,0.374301941358462,0.215486934211994,0.0390792227011143,0.915394359466943,0.957802933341838
2,"recruitment_50",2,"three_by_four",1,"weak",FALSE,NA,TRUE,0.019387103915861,0.0584663266169753,0.0675402676393608,0.00653134734895365,0.0368015411095541,0.222018281560947,TRUE,0.578606275441228,0.215486934211994,0.0390792227011143,0.390792227011143,0.215486934211994,0.0390792227011143,1,1
2,"recruitment_50",152,"three_by_four",1,"all_vital_rates_biased",FALSE,NA,TRUE,0.019387103915861,0.0536752324056306,0.0422143974768121,0.0108411988431978,0.0434366969133529,0.164582564119074,TRUE,0.812237779980247,0.153741365275876,0.0342881284897696,0.342881284897696,0.215486934211994,0.0390792227011143,0.713460265412785,0.877400473187814
2,"recruitment_80",2,"three_by_four",1,"weak",FALSE,NA,TRUE,0.183939720585721,0.303750868715278,0.161319448238844,0.106208624749383,0.26482303013951,0.708417809487014,TRUE,0.742695003222232,0.602209184737631,0.119811148129557,0.651360933614778,0.602209184737631,0.119811148129557,1,1
2,"recruitment_80",122,"three_by_four",1,"all_vital_rates",FALSE,NA,TRUE,0.183939720585721,0.230099547002095,0.095213300931112,0.0956832315559259,0.212810387696224,0.482657463637066,TRUE,0.484804391455469,0.38697423208114,0.0461598264163742,0.250950834704908,0.602209184737631,0.119811148129557,0.64259104956982,0.385271547239158
2,"recruitment_80",92,"three_by_four",1,"fecundity",FALSE,NA,TRUE,0.183939720585721,0.235118930982807,0.103398885445474,0.0969030463710226,0.219012026090748,0.493001771621163,TRUE,0.494968685364359,0.396098725250141,0.0511792103970861,0.278239035234563,0.602209184737631,0.119811148129557,0.657742750009221,0.42716567862069
2,"recruitment_80",152,"three_by_four",1,"all_vital_rates_biased",FALSE,NA,TRUE,0.183939720585721,0.30329247654002,0.110842840273085,0.139513978253645,0.287011038481008,0.576614307374673,TRUE,1.07677460862829,0.437100329121028,0.119352755954299,0.648868855374157,0.602209184737631,0.119811148129557,0.725828068051574,0.996174044048373
2,"recruitment_80",62,"three_by_four",1,"recruit_size",FALSE,NA,TRUE,0.183939720585721,0.300750933798125,0.154589499941432,0.100069250049158,0.271715060632606,0.637547869999861,TRUE,0.755621910004621,0.537478619950703,0.116811213212404,0.635051596471064,0.602209184737631,0.119811148129557,0.892511495295227,0.97496113705622
2,"recruitment_80",32,"three_by_four",1,"survival_growth",FALSE,NA,TRUE,0.183939720585721,0.300577987288351,0.169863777762014,0.107702179047221,0.258524710516018,0.689284001760477,TRUE,0.686657674987335,0.581581822713255,0.11663826670263,0.634111361761438,0.602209184737631,0.119811148129557,0.965747181299862,0.973517644422407
2,"recruitment_110",122,"three_by_four",1,"all_vital_rates",FALSE,NA,TRUE,1.74517147873092,1.85498839526409,0.188853751580192,1.50358919549549,1.85444929884743,2.22621763011353,TRUE,0.58149184548521,0.722628434618042,0.109816916533171,0.0629261467262974,0.752606173828871,0.171378963002659,0.960168092884068,0.640784111475031
2,"recruitment_110",92,"three_by_four",1,"fecundity",FALSE,NA,TRUE,1.74517147873092,1.87029684070202,0.19282434944144,1.53616874979982,1.86533626271331,2.28134999931917,TRUE,0.648908513543848,0.745181249519351,0.125125361971104,0.071698032827178,0.752606173828871,0.171378963002659,0.990134382937964,0.730109225653108
2,"recruitment_110",62,"three_by_four",1,"recruit_size",FALSE,NA,TRUE,1.74517147873092,1.92457688964356,0.186876260233123,1.57648910273445,1.92632659296702,2.33053046520055,TRUE,0.96002248059134,0.754041362466105,0.179405410912636,0.102801021618287,0.752606173828871,0.171378963002659,1.00190695836301,1.04683449922527
2,"recruitment_110",2,"three_by_four",1,"weak",FALSE,NA,TRUE,1.74517147873092,1.91655044173358,0.189349260566129,1.57584726615718,1.908589509729,2.32845343998606,TRUE,0.905094440243704,0.752606173828871,0.171378963002659,0.098201789962374,0.752606173828871,0.171378963002659,1,1
2,"recruitment_110",32,"three_by_four",1,"survival_growth",FALSE,NA,TRUE,1.74517147873092,1.9095977944628,0.177148841353709,1.58955962340162,1.89937127917962,2.27251666871181,TRUE,0.928181716997909,0.682957045310189,0.164426315731876,0.0942178563744613,0.752606173828871,0.171378963002659,0.907456076045266,0.959431151006116
2,"recruitment_110",152,"three_by_four",1,"all_vital_rates_biased",FALSE,NA,TRUE,1.74517147873092,1.91195752119451,0.164647033747395,1.58492424585774,1.90363754886271,2.25027169761849,TRUE,1.01299148042638,0.665347451760747,0.166786042463586,0.0955700024302897,0.752606173828871,0.171378963002659,0.884057924180722,0.973200208131719
2,"recruit_mean_50",2,"three_by_four",1,"weak",FALSE,NA,TRUE,44,44.5954239185584,2.85990700648734,39.1482093909217,44.3494835494952,50.670450652115,TRUE,0.20819695088257,11.5222412611933,0.59542391855836,0.0135323617854173,11.5222412611933,0.59542391855836,1,1
2,"recruit_mean_50",122,"three_by_four",1,"all_vital_rates",FALSE,NA,TRUE,44,44.0426287495142,2.28757946834464,39.362495837553,44.0389795215805,48.4748104427943,TRUE,0.0186348715330119,9.11231460524129,0.042628749514158,0.000968835216230863,11.5222412611933,0.59542391855836,0.790845669577446,0.0715939487573335
2,"recruit_mean_50",92,"three_by_four",1,"fecundity",FALSE,NA,TRUE,44,44.1333291083496,3.0147127497546,38.2682953926181,44.1863056826689,50.0370030586645,TRUE,0.0442261400727134,11.7687076660464,0.133329108349642,0.00303020700794641,11.5222412611933,0.59542391855836,1.021390491595,0.223922997034547
2,"recruit_mean_50",62,"three_by_four",1,"recruit_size",FALSE,NA,TRUE,44,44.344807034952,2.1917132971246,39.96115049461,44.2949667377056,48.912111765672,TRUE,0.157323056534972,8.95096127106206,0.344807034951984,0.007836523521636,11.5222412611933,0.59542391855836,0.776842028226639,0.579095034990919
2,"recruit_mean_50",152,"three_by_four",1,"all_vital_rates_biased",FALSE,NA,TRUE,44,44.5799785851173,2.09191005836368,40.3223388827977,44.6460787092294,48.6923988874022,TRUE,0.277248337135016,8.37006000460451,0.579978585117345,0.0131813314799397,11.5222412611933,0.59542391855836,0.726426379631081,0.974059937870129
2,"recruit_mean_50",32,"three_by_four",1,"survival_growth",FALSE,NA,TRUE,44,44.5846601237536,2.923193433367,38.729595782228,44.6117405482348,50.0758264117627,TRUE,0.200007333445649,11.3462306295347,0.584660123753565,0.0132877300853083,11.5222412611933,0.59542391855836,0.984724271288135,0.981922468229264
2,"recruit_mean_80",152,"three_by_four",1,"all_vital_rates_biased",FALSE,NA,TRUE,44.6,45.1698778651859,1.15902679168967,42.8349565956728,45.192770347889,47.4812670442102,TRUE,0.491686533281199,4.64631044853741,0.569877865185923,0.0127775306095498,6.25993904491774,0.56973457751991,0.742229343640274,1.00025149898157
2,"recruit_mean_80",32,"three_by_four",1,"survival_growth",FALSE,NA,TRUE,44.6,45.1608662547927,1.62393787460598,41.931395982205,45.1942843536387,48.1832699526707,TRUE,0.345374206466355,6.25187397046569,0.5608662547927,0.0125754765648587,6.25993904491774,0.56973457751991,0.998711636903462,0.984434290848531
2,"recruit_mean_80",122,"three_by_four",1,"all_vital_rates",FALSE,NA,TRUE,44.6,44.8301151678611,1.3117318846941,42.1610745464972,44.8256590739144,47.3297823390198,TRUE,0.17542850833024,5.16870779252253,0.230115167861101,0.00515953291168387,6.25993904491774,0.56973457751991,0.825680211170564,0.40389889773376
2,"recruit_mean_80",2,"three_by_four",1,"weak",FALSE,NA,TRUE,44.6,45.1697345775199,1.57343055886673,42.2173478190511,45.0489721575608,48.4772868639688,TRUE,0.362097058754384,6.25993904491774,0.56973457751991,0.0127743178816123,6.25993904491774,0.56973457751991,1,1
2,"recruit_mean_80",92,"three_by_four",1,"fecundity",FALSE,NA,TRUE,44.6,44.8847484826191,1.71006050938923,41.5890318917943,44.8882916052111,48.2517686595443,TRUE,0.166513688290975,6.66273676774993,0.284748482619143,0.00638449512598976,6.25993904491774,0.56973457751991,1.06434531070382,0.499791471071795
2,"recruit_mean_80",62,"three_by_four",1,"recruit_size",FALSE,NA,TRUE,44.6,45.0272030047766,1.2376780052462,42.6297089512352,45.0287117412601,47.5172970553766,TRUE,0.345164899889796,4.88758810414141,0.427203004776608,0.00957854270799569,6.25993904491774,0.56973457751991,0.780772475430012,0.74982811581535
2,"recruit_mean_110",2,"three_by_four",1,"weak",FALSE,NA,TRUE,45.2,45.7440452364815,0.462356643608841,44.856319558905,45.7579251425527,46.6808059337157,TRUE,1.17667874789269,1.82448637481078,0.544045236481516,0.0120363990372017,1.82448637481078,0.544045236481516,1,1
2,"recruit_mean_110",92,"three_by_four",1,"fecundity",FALSE,NA,TRUE,45.2,45.6361678568886,0.516981620721258,44.6019944488645,45.6509194212558,46.6456674966312,TRUE,0.843681553475988,2.04367304776663,0.436167856888645,0.00964973134709391,1.82448637481078,0.544045236481516,1.12013609746939,0.801712482052885
2,"recruit_mean_110",62,"three_by_four",1,"recruit_size",FALSE,NA,TRUE,45.2,45.7095989746012,0.44851319884535,44.8907606762878,45.6909383822969,46.5844658728882,TRUE,1.1361961608112,1.69370519660037,0.509598974601239,0.0112743135973726,1.82448637481078,0.544045236481516,0.928318906616129,0.936684930644647
2,"recruit_mean_110",32,"three_by_four",1,"survival_growth",FALSE,NA,TRUE,45.2,45.7370723858318,0.478522312997123,44.7650231095193,45.7475598365005,46.6662571637127,TRUE,1.12235599311544,1.9012340541934,0.537072385831785,0.0118821324299067,1.82448637481078,0.544045236481516,1.04206536176001,0.987183325609417
2,"recruit_mean_110",122,"three_by_four",1,"all_vital_rates",FALSE,NA,TRUE,45.2,45.6176015862079,0.465599026508563,44.6606625928288,45.6146529418994,46.5309291073585,TRUE,0.896912498592282,1.8702665145297,0.41760158620793,0.00923897314619313,1.82448637481078,0.544045236481516,1.02509206993868,0.767586145793077
2,"recruit_mean_110",152,"three_by_four",1,"all_vital_rates_biased",FALSE,NA,TRUE,45.2,45.7597771452546,0.405954475458307,44.9114446673545,45.761770640753,46.4827046218206,TRUE,1.37891605856213,1.57125995446614,0.559777145254628,0.0123844501162528,1.82448637481078,0.544045236481516,0.861206735308779,1.02891654538666
2,"recruit_sd.log_recruit_sd",2,"three_by_four",1,"weak",FALSE,NA,TRUE,3.5,3.69944274987673,0.308554271043711,3.11859740237193,3.68236798720767,4.3660424002579,TRUE,0.64637818560119,1.24744499788596,0.199442749876732,0.0569836428219233,1.24744499788596,0.199442749876732,1,1
2,"recruit_sd.log_recruit_sd",32,"three_by_four",1,"survival_growth",FALSE,NA,TRUE,3.5,3.68558979037782,0.293413692656387,3.16857499036662,3.67483825422026,4.28992944048772,TRUE,0.632519187150401,1.1213544501211,0.185589790377816,0.0530256543936617,1.24744499788596,0.199442749876732,0.898920956051334,0.930541674202357
2,"recruit_sd.log_recruit_sd",92,"three_by_four",1,"fecundity",FALSE,NA,TRUE,3.5,3.66750719390146,0.307868659337952,3.10110190959477,3.66856451254565,4.33974715068363,TRUE,0.544086540869956,1.23864524108886,0.167507193901457,0.0478591982575592,1.24744499788596,0.199442749876732,0.99294577571595,0.839876074738176
2,"recruit_sd.log_recruit_sd",62,"three_by_four",1,"recruit_size",FALSE,NA,TRUE,3.5,3.68598117761711,0.298688635674912,3.13048128146856,3.66637288482243,4.26725051038591,TRUE,0.622659034873785,1.13676922891735,0.185981177617108,0.0531374793191737,1.24744499788596,0.199442749876732,0.911278036982654,0.932504078148021
2,"recruit_sd.log_recruit_sd",122,"three_by_four",1,"all_vital_rates",FALSE,NA,TRUE,3.5,3.67702021510753,0.297818665166512,3.11789036569138,3.67855523757975,4.26403166755398,TRUE,0.594389256994896,1.1461413018626,0.177020215107535,0.0505772043164385,1.24744499788596,0.199442749876732,0.918791051954159,0.887574079363348
2,"recruit_sd.log_recruit_sd",152,"three_by_four",1,"all_vital_rates_biased",FALSE,NA,TRUE,3.5,3.68924259068043,0.27711009388314,3.18756356963361,3.68427150872748,4.26009753953544,TRUE,0.682914822872675,1.07253396990183,0.189242590680435,0.0540693116229814,1.24744499788596,0.199442749876732,0.859784577051047,0.948856705984042
2,"lambda",2,"three_by_four",1,"weak",FALSE,NA,TRUE,1.03119869581319,1.02345230452213,0.0213820577214884,0.986613512166442,1.02168533300852,1.07026917599918,TRUE,-0.362284649679831,0.0836556638327426,0.00774639129106336,0.00751202588067146,0.0836556638327426,0.00774639129106336,1,1
2,"lambda",92,"three_by_four",1,"fecundity",FALSE,NA,TRUE,1.03119869581319,1.02406332137859,0.0196846867256711,0.985341839241548,1.02454866094344,1.06119665536709,TRUE,-0.362483514929234,0.075854816125542,0.0071353744346021,0.00691949520841395,0.0836556638327426,0.00774639129106336,0.906750513356785,0.921122386734303
2,"lambda",62,"three_by_four",1,"recruit_size",FALSE,NA,TRUE,1.03119869581319,1.02106397383223,0.0257993726593103,0.980065032494803,1.02030688974385,1.06004264133734,TRUE,-0.392828233259513,0.0799776088425326,0.0101347219809607,0.00982809813676939,0.0836556638327426,0.00774639129106336,0.95603340142559,1.3083152658003
2,"lambda",32,"three_by_four",1,"survival_growth",FALSE,NA,TRUE,1.03119869581319,1.02557193880145,0.0520677418734667,0.986003808549523,1.02229384886439,1.0657454842115,TRUE,-0.108066084859567,0.0797416756619787,0.00562675701174409,0.00545652068276414,0.0836556638327426,0.00774639129106336,0.953213112042367,0.726371390280195
2,"lambda",122,"three_by_four",1,"all_vital_rates",FALSE,NA,TRUE,1.03119869581319,1.02414973293315,0.0197872984115444,0.981829454327305,1.02464397185411,1.06260067524825,TRUE,-0.356236750133161,0.0807712209209441,0.00704896288004364,0.00683569801694222,0.0836556638327426,0.00774639129106336,0.965520052323469,0.909967314480446
2,"lambda",152,"three_by_four",1,"all_vital_rates_biased",FALSE,NA,TRUE,1.03119869581319,1.01903895103649,0.0206993502520508,0.977662968723362,1.01946591358035,1.05904059451427,TRUE,-0.587445723109209,0.0813776257909035,0.0121597447767068,0.0117918543012874,0.0836556638327426,0.00774639129106336,0.972768872572768,1.56973025500724
3,"survival_50",123,"six_by_two",1,"all_vital_rates",FALSE,NA,TRUE,0.354343693774205,0.379482614542982,0.0282871011893108,0.326544805286529,0.378208306731408,0.43368541100933,TRUE,0.888706149157374,0.1071406057228,0.0251389207687774,0.0709450209230941,0.104795666535709,0.0254822723108878,1.02237629917924,0.986525866377949
3,"survival_50",63,"six_by_two",1,"recruit_size",FALSE,NA,TRUE,0.354343693774205,0.380491241878699,0.0259770966381453,0.331755952326596,0.381052126941855,0.42974112554279,TRUE,1.00656160573769,0.0979851732161949,0.0261475481044946,0.0737914870898094,0.104795666535709,0.0254822723108878,0.935011689465294,1.02610739676157
3,"survival_50",3,"six_by_two",1,"weak",FALSE,NA,TRUE,0.354343693774205,0.379825966085092,0.0257704709898268,0.328694112683647,0.37987304883144,0.433489779219356,TRUE,0.988816708897065,0.104795666535709,0.0254822723108878,0.0719139997652269,0.104795666535709,0.0254822723108878,1,1
3,"survival_50",153,"six_by_two",1,"all_vital_rates_biased",FALSE,NA,TRUE,0.354343693774205,0.383772663253041,0.0267587810409895,0.33059417946495,0.383681879301935,0.438523569263279,TRUE,1.09978737199415,0.107929389798329,0.0294289694788367,0.0830520480423436,0.104795666535709,0.0254822723108878,1.02990317602066,1.1548801111533
3,"survival_50",33,"six_by_two",1,"survival_growth",FALSE,NA,TRUE,0.354343693774205,0.373646624439855,0.0261064713171068,0.323612966588524,0.372848005250991,0.4263418081599,TRUE,0.739392560227064,0.102728841571375,0.01930293066565,0.0544751635341653,0.104795666535709,0.0254822723108878,0.980277572225474,0.757504292794267
3,"survival_50",93,"six_by_two",1,"fecundity",FALSE,NA,TRUE,0.354343693774205,0.385027494024062,0.0264018902156062,0.333698851588613,0.385404993272099,0.438397146479069,TRUE,1.1621819498257,0.104698294890456,0.0306838002498573,0.0865933295525492,0.104795666535709,0.0254822723108878,0.999070842827077,1.20412339510033
3,"survival_80",3,"six_by_two",1,"weak",FALSE,NA,TRUE,0.589040434058665,0.618637534995072,0.0240794385680339,0.573246017331561,0.618897387520326,0.664441837996457,TRUE,1.22914414523345,0.0911958206648963,0.0295971009364073,0.0502462975800735,0.0911958206648963,0.0295971009364073,1,1
3,"survival_80",123,"six_by_two",1,"all_vital_rates",FALSE,NA,TRUE,0.589040434058665,0.617490942030919,0.0369850568472832,0.542739168330591,0.619732582046864,0.683890367825947,TRUE,0.769243321423841,0.141151199495357,0.0284505079722537,0.0482997538491902,0.0911958206648963,0.0295971009364073,1.54778144948137,0.961259956959392
3,"survival_80",153,"six_by_two",1,"all_vital_rates_biased",FALSE,NA,TRUE,0.589040434058665,0.622190103089959,0.0226458636502202,0.574701983026376,0.621961379872756,0.666511581336252,TRUE,1.46382887150215,0.0918095983098757,0.0331496690312935,0.0562774083315169,0.0911958206648963,0.0295971009364073,1.00673032646128,1.12003094838644
3,"survival_80",93,"six_by_two",1,"fecundity",FALSE,NA,TRUE,0.589040434058665,0.622164939101938,0.0240427137073369,0.574717329834548,0.62193891426301,0.666597689888403,TRUE,1.37773570182156,0.0918803600538549,0.0331245050432726,0.0562346880247843,0.0911958206648963,0.0295971009364073,1.00750625833473,1.11918073038452
3,"survival_80",33,"six_by_two",1,"survival_growth",FALSE,NA,TRUE,0.589040434058665,0.612252411677905,0.0360672788623179,0.541505194575156,0.612892971163443,0.681414677957787,TRUE,0.64357440736931,0.139909483382631,0.0232119776192399,0.0394064248854741,0.0911958206648963,0.0295971009364073,1.53416551726351,0.784265245069556
3,"survival_80",63,"six_by_two",1,"recruit_size",FALSE,NA,TRUE,0.589040434058665,0.61817711148268,0.024406192059175,0.568916709325549,0.617276352731784,0.664245819341566,TRUE,1.19382316394833,0.0953291100160167,0.0291366774240149,0.0494646474831184,0.0911958206648963,0.0295971009364073,1.04532323215017,0.984443627996483
3,"survival_110",3,"six_by_two",1,"weak",FALSE,NA,TRUE,0.789181706522253,0.809354859159542,0.0348023443504226,0.740686790418392,0.811483567443291,0.870991425824831,TRUE,0.579649245297017,0.130304635406439,0.0201731526372894,0.0255621138586548,0.130304635406439,0.0201731526372894,1,1
3,"survival_110",93,"six_by_two",1,"fecundity",FALSE,NA,TRUE,0.789181706522253,0.81048721701449,0.035387100356707,0.731871984308668,0.812173937063553,0.870392792834583,TRUE,0.602069971189355,0.138520808525915,0.0213055104922374,0.0269969644711178,0.130304635406439,0.0201731526372894,1.06305357513835,1.05613192322032
3,"survival_110",63,"six_by_two",1,"recruit_size",FALSE,NA,TRUE,0.789181706522253,0.808216437762709,0.0359629448172864,0.736864975172308,0.810539423084973,0.871082689424021,TRUE,0.529287335538407,0.134217714251713,0.0190347312404563,0.0241195799182144,0.130304635406439,0.0201731526372894,1.03003023517213,0.943567501951642
3,"survival_110",153,"six_by_two",1,"all_vital_rates_biased",FALSE,NA,TRUE,0.789181706522253,0.811706023731696,0.0323256984327156,0.737770186399551,0.813724773583188,0.870002520069045,TRUE,0.696792901670053,0.132232333669494,0.022524317209443,0.0285413574887622,0.130304635406439,0.0201731526372894,1.01479378118086,1.11654918863835
3,"survival_110",123,"six_by_two",1,"all_vital_rates",FALSE,NA,TRUE,0.789181706522253,0.806807270238865,0.0472320632862608,0.705134921512089,0.812127995121083,0.879158548255633,TRUE,0.373169463501695,0.174023626743544,0.0176255637166121,0.0223339740023676,0.130304635406439,0.0201731526372894,1.33551370755721,0.873713892593656
3,"survival_110",33,"six_by_two",1,"survival_growth",FALSE,NA,TRUE,0.789181706522253,0.803856656337483,0.0462975710214277,0.709770473848941,0.808481016039236,0.884621324447643,TRUE,0.316970188531889,0.174850850598702,0.0146749498152304,0.0185951469654557,0.130304635406439,0.0201731526372894,1.34186209150056,0.727449500783745
3,"growth_increment_50",93,"six_by_two",1,"fecundity",FALSE,NA,TRUE,12,12.4678974026772,0.434889625790242,11.6280938985988,12.4536515921662,13.3168661462987,TRUE,1.07589920506142,1.68877224769981,0.467897402677181,0.0389914502230984,1.19093547704637,0.778323123545743,1.41802161430956,0.601160865612754
3,"growth_increment_50",3,"six_by_two",1,"weak",FALSE,NA,TRUE,12,12.7783231235457,0.296952946104755,12.1620077042161,12.7712183691585,13.3529431812625,FALSE,2.6210318293026,1.19093547704637,0.778323123545743,0.0648602602954786,1.19093547704637,0.778323123545743,1,1
3,"growth_increment_50",153,"six_by_two",1,"all_vital_rates_biased",FALSE,NA,TRUE,12,12.4976907382951,0.310161124784181,11.8908623260356,12.4963080882229,13.0671160798025,TRUE,1.6046199814416,1.17625375376691,0.497690738295098,0.0414742281912582,1.19093547704637,0.778323123545743,0.987672108554637,0.639439743262168
3,"growth_increment_50",63,"six_by_two",1,"recruit_size",FALSE,NA,TRUE,12,12.7174432477642,0.319519318028582,12.0840398768702,12.7163461598238,13.3461405637397,FALSE,2.24538300904861,1.26210068686955,0.717443247764178,0.0597869373136815,1.19093547704637,0.778323123545743,1.05975572245079,0.921780718136422
3,"growth_increment_50",123,"six_by_two",1,"all_vital_rates",FALSE,NA,TRUE,12,12.8082992905483,1.81666953607599,9.2460564878813,12.7598383950664,16.4752678707844,TRUE,0.444934686522127,7.22921138290312,0.80829929054827,0.0673582742123558,1.19093547704637,0.778323123545743,6.07019567578274,1.03851378186731
3,"growth_increment_50",33,"six_by_two",1,"survival_growth",FALSE,NA,TRUE,12,13.1011300483254,1.77905434288473,9.47089810873088,13.1001846659555,16.5106233468346,TRUE,0.618941210384766,7.0397252381037,1.10113004832535,0.091760837360446,1.19093547704637,0.778323123545743,5.91108869773775,1.41474667141974
3,"growth_increment_80",3,"six_by_two",1,"weak",FALSE,NA,TRUE,8.4,8.26594573672948,0.17289414631941,7.93127059403633,8.27190267236446,8.61889421932505,TRUE,-0.775354551465648,0.687623625288717,0.134054263270523,0.0159588408655384,0.687623625288717,0.134054263270523,1,1
3,"growth_increment_80",93,"six_by_two",1,"fecundity",FALSE,NA,TRUE,8.4,8.06750371451006,0.261494824716097,7.57058675283384,8.06808168377065,8.54474744964328,TRUE,-1.27152147600215,0.974160696809433,0.332496285489936,0.0395828911297543,0.687623625288717,0.134054263270523,1.41670626340159,2.48031116189834
3,"growth_increment_80",63,"six_by_two",1,"recruit_size",FALSE,NA,TRUE,8.4,8.23008492774444,0.188499220527,7.86988467285967,8.23195902690244,8.59230520837063,TRUE,-0.901409946314472,0.722420535510969,0.169915072255563,0.0202279847923289,0.687623625288717,0.134054263270523,1.05060458794975,1.26750964952657
3,"growth_increment_80",123,"six_by_two",1,"all_vital_rates",FALSE,NA,TRUE,8.4,8.36031564297362,1.39016936497004,5.73748343829413,8.36031950207355,11.167635278072,TRUE,-0.028546418894241,5.43015183977786,0.0396843570263758,0.0047243282174257,0.687623625288717,0.134054263270523,7.8969826516619,0.296032039997807
3,"growth_increment_80",153,"six_by_two",1,"all_vital_rates_biased",FALSE,NA,TRUE,8.4,8.08797013894746,0.184362760089118,7.7291618409065,8.08461990268925,8.4326149290296,TRUE,-1.69247770483428,0.7034530881231,0.312029861052544,0.0371464120300647,0.687623625288717,0.134054263270523,1.02302053369347,2.32763847594213
3,"growth_increment_80",33,"six_by_two",1,"survival_growth",FALSE,NA,TRUE,8.4,8.5203812132009,1.36202123550287,5.74079829192692,8.53219946505839,11.138257476619,TRUE,0.0883842410551339,5.39745918469213,0.120381213200897,0.0143310968096306,0.687623625288717,0.134054263270523,7.84943824817808,0.898003616326373
3,"growth_increment_110",3,"six_by_two",1,"weak",FALSE,NA,TRUE,4.8,3.7535683499132,0.138075363500016,3.48007217335705,3.74655511395955,4.01685633032923,FALSE,-7.57869922309987,0.536784156972183,1.04643165008681,0.218006593768085,0.536784156972183,1.04643165008681,1,1
3,"growth_increment_110",153,"six_by_two",1,"all_vital_rates_biased",FALSE,NA,TRUE,4.8,3.67824953959982,0.140595927079608,3.40545366816458,3.68081848943082,3.94379442086537,FALSE,-7.97854165266838,0.53834075270079,1.12175046040018,0.233698012583371,0.536784156972183,1.04643165008681,1.00289985408173,1.07197680833443
3,"growth_increment_110",63,"six_by_two",1,"recruit_size",FALSE,NA,TRUE,4.8,3.7427266077247,0.14221940201122,3.46617514114613,3.74143905610297,4.02676227170649,FALSE,-7.43410095474805,0.560587130560358,1.0572733922753,0.220265290057355,0.536784156972183,1.04643165008681,1.04434365895305,1.01036067877687
3,"growth_increment_110",123,"six_by_two",1,"all_vital_rates",FALSE,NA,TRUE,4.8,3.91233199539898,1.27914304741964,1.44561513010187,3.94013253205439,6.21123118701893,TRUE,-0.693955227596845,4.76561605691706,0.887668004601021,0.184930834291879,0.536784156972183,1.04643165008681,8.87808627549346,0.848280921670694
3,"growth_increment_110",33,"six_by_two",1,"survival_growth",FALSE,NA,TRUE,4.8,3.94008886214462,1.26080185183086,1.37906837115003,3.90986824972235,6.39613550213539,TRUE,-0.682035116467088,5.01706713098536,0.859911137855379,0.17914815371987,0.536784156972183,1.04643165008681,9.34652609586119,0.821755666300848
3,"growth_increment_110",93,"six_by_two",1,"fecundity",FALSE,NA,TRUE,4.8,3.66711002634293,0.163080458505165,3.3511610241476,3.66517716479196,3.98395846015489,FALSE,-6.94681621600414,0.63279743600729,1.13288997365707,0.23601874451189,0.536784156972183,1.04643165008681,1.17886757235289,1.08262204565687
3,"growth_sd.log_growth_sd",33,"six_by_two",1,"survival_growth",FALSE,NA,TRUE,4.5,6.59888502090067,1.19507642610593,4.60753817720518,6.49943164023806,9.27937872494942,FALSE,1.75627681632021,4.67184054774425,2.09888502090067,0.466418893533482,3.95394713122391,2.47411920273828,1.1815637368672,0.848336255818913
3,"growth_sd.log_growth_sd",63,"six_by_two",1,"recruit_size",FALSE,NA,TRUE,4.5,6.98207760204595,1.08132679253452,5.04984625698507,6.89796018206857,9.17237913303427,FALSE,2.29540007626022,4.1225328760492,2.48207760204595,0.551572800454655,3.95394713122391,2.47411920273828,1.04263732903609,1.00321665960915
3,"growth_sd.log_growth_sd",3,"six_by_two",1,"weak",FALSE,NA,TRUE,4.5,6.97411920273828,1.01846269435761,5.21805820821867,6.87476596191019,9.17200533944258,FALSE,2.42926836343163,3.95394713122391,2.47411920273828,0.549804267275174,3.95394713122391,2.47411920273828,1,1
3,"growth_sd.log_growth_sd",93,"six_by_two",1,"fecundity",FALSE,NA,TRUE,4.5,7.21877745274319,1.021982950068,5.44782027799812,7.13157328815638,9.36542634288619,FALSE,2.66029629218599,3.91760606488807,2.71877745274319,0.604172767276265,3.95394713122391,2.47411920273828,0.990808914451876,1.0988870098636
3,"growth_sd.log_growth_sd",153,"six_by_two",1,"all_vital_rates_biased",FALSE,NA,TRUE,4.5,7.00443872764086,0.986431333278005,5.4047860757568,6.8907681760288,9.28429670521176,FALSE,2.53888805348303,3.87951062945496,2.50443872764086,0.556541939475747,3.95394713122391,2.47411920273828,0.981174128206943,1.01225467425701
3,"growth_sd.log_growth_sd",123,"six_by_two",1,"all_vital_rates",FALSE,NA,TRUE,4.5,6.75062630648519,1.18998107374594,4.68342151719168,6.66550307457006,9.38818504247605,FALSE,1.89131269071401,4.70476352528437,2.25062630648519,0.500139179218931,3.95394713122391,2.47411920273828,1.18989034732694,0.909667692645634
3,"recruitment_50",93,"six_by_two",1,"fecundity",FALSE,NA,TRUE,0.019387103915861,0.113201446389312,0.0419663058702838,0.0530168913393517,0.106028034959441,0.217274686796115,FALSE,2.23546820545576,0.164257795456764,0.0938143424734506,0.938143424734506,0.194407869290288,0.118155890056086,0.8449133054974,0.79398786153546
3,"recruitment_50",63,"six_by_two",1,"recruit_size",FALSE,NA,TRUE,0.019387103915861,0.137211344992184,0.0497511952450041,0.0661077585478928,0.127162604900568,0.253294424369845,FALSE,2.36826955605965,0.187186665821952,0.117824241076323,1.17824241076323,0.194407869290288,0.118155890056086,0.962855395233238,0.997193123596244
3,"recruitment_50",153,"six_by_two",1,"all_vital_rates_biased",FALSE,NA,TRUE,0.019387103915861,0.12652732055536,0.0470106686305071,0.0569171624466923,0.119855220040016,0.229038456246946,FALSE,2.27906174833625,0.172121293800254,0.107140216639499,1.07140216639499,0.194407869290288,0.118155890056086,0.885361762507893,0.906770001805601
3,"recruitment_50",33,"six_by_two",1,"survival_growth",FALSE,NA,TRUE,0.019387103915861,0.141092644372441,0.0510908753568243,0.0692637679292724,0.132911660093223,0.258378759226359,FALSE,2.38213848571931,0.189114991297087,0.12170554045658,1.2170554045658,0.194407869290288,0.118155890056086,0.972774363442573,1.03004209437895
3,"recruitment_50",123,"six_by_two",1,"all_vital_rates",FALSE,NA,TRUE,0.019387103915861,0.115838924012119,0.0451189449841352,0.051930558656143,0.107164009596492,0.233345685483146,FALSE,2.13772330293122,0.181415126827003,0.0964518200962576,0.964518200962576,0.194407869290288,0.118155890056086,0.933167610391923,0.816309877150213
3,"recruitment_50",3,"six_by_two",1,"weak",FALSE,NA,TRUE,0.019387103915861,0.137542993971947,0.0525745031243115,0.0615098833979926,0.127005062269957,0.255917752688281,FALSE,2.2473990819601,0.194407869290288,0.118155890056086,1.18155890056086,0.194407869290288,0.118155890056086,1,1
3,"recruitment_80",153,"six_by_two",1,"all_vital_rates_biased",FALSE,NA,TRUE,0.183939720585721,0.407358602918026,0.0493617215416642,0.322892220480417,0.406052077305823,0.508890808783233,FALSE,4.52615661193513,0.185998588302816,0.223418882332304,1.21463097595707,0.184660070060379,0.235410182530345,1.00724855266219,0.949062100589064
3,"recruitment_80",123,"six_by_two",1,"all_vital_rates",FALSE,NA,TRUE,0.183939720585721,0.39877736313212,0.0578236140036225,0.298157791361911,0.39190437063612,0.525501645117232,FALSE,3.71539631772133,0.227343853755321,0.214837642546399,1.16797851960571,0.184660070060379,0.235410182530345,1.23114787989079,0.912609812528842
3,"recruitment_80",93,"six_by_two",1,"fecundity",FALSE,NA,TRUE,0.183939720585721,0.391908686365567,0.0512453144921263,0.304790286720998,0.389333603567732,0.5017567436797,FALSE,4.05830206802223,0.196966456958703,0.207968965779846,1.13063652112555,0.184660070060379,0.235410182530345,1.06664346490446,0.883432328816268
3,"recruitment_80",3,"six_by_two",1,"weak",FALSE,NA,TRUE,0.183939720585721,0.419349903116066,0.0488849870829617,0.334245549669389,0.415985499964333,0.518905619729768,FALSE,4.81559260987091,0.184660070060379,0.235410182530345,1.27982244281293,0.184660070060379,0.235410182530345,1,1
3,"recruitment_80",63,"six_by_two",1,"recruit_size",FALSE,NA,TRUE,0.183939720585721,0.41873141585397,0.0463587614578019,0.337870638431037,0.414171144507219,0.514431623841806,FALSE,5.06466712839099,0.176560985410769,0.234791695268248,1.27645999744155,0.184660070060379,0.235410182530345,0.956140574153565,0.997372725107092
3,"recruitment_80",33,"six_by_two",1,"survival_growth",FALSE,NA,TRUE,0.183939720585721,0.426248411743632,0.0496624709672845,0.340505392452713,0.424073894928433,0.533409538290415,FALSE,4.87911065314356,0.192904145837702,0.242308691157911,1.31732662410449,0.184660070060379,0.235410182530345,1.04464460440542,1.02930420661254
3,"recruitment_110",93,"six_by_two",1,"fecundity",FALSE,NA,TRUE,1.74517147873092,1.43469345604908,0.186606404727864,1.10037752099693,1.41738285824791,1.84906375408512,TRUE,-1.66381225303933,0.74868623308819,0.310478022681837,0.177906885636026,0.922531699416093,0.373186441592498,0.811556105402192,0.83196490568343
3,"recruitment_110",3,"six_by_two",1,"weak",FALSE,NA,TRUE,1.74517147873092,1.37198503713842,0.238729018591837,0.956983666592587,1.35525392283473,1.87951536600868,TRUE,-1.56322194844083,0.922531699416093,0.373186441592498,0.213839411278872,0.922531699416093,0.373186441592498,1,1
3,"recruitment_110",153,"six_by_two",1,"all_vital_rates_biased",FALSE,NA,TRUE,1.74517147873092,1.39364697439522,0.213182357371898,1.06111920547913,1.37027065088079,1.8708185873612,TRUE,-1.64893806724572,0.809699381882069,0.351524504335704,0.20142691341216,0.922531699416093,0.373186441592498,0.877692747462834,0.941954115041383
3,"recruitment_110",63,"six_by_two",1,"recruit_size",FALSE,NA,TRUE,1.74517147873092,1.36321874813639,0.230352310687886,0.969853993101157,1.35360028477008,1.83439412568637,TRUE,-1.65812415535982,0.864540132585209,0.381952730594534,0.218862578978364,0.922531699416093,0.373186441592498,0.93713867299347,1.02349037377839
3,"recruitment_110",33,"six_by_two",1,"survival_growth",FALSE,NA,TRUE,1.74517147873092,1.37006225348536,0.2315317813298,0.977884429683576,1.34832025883616,1.8640887842986,TRUE,-1.6201198085685,0.886204354615028,0.375109225245559,0.214941184758724,0.922531699416093,0.373186441592498,0.960622117566195,1.00515234059645
3,"recruitment_110",123,"six_by_two",1,"all_vital_rates",FALSE,NA,TRUE,1.74517147873092,1.45620304033747,0.205332228176172,1.10349902365351,1.44117499423612,1.91533244224362,TRUE,-1.40732139791286,0.81183341859011,0.288968438393452,0.165581687481845,0.922531699416093,0.373186441592498,0.880005986898826,0.774327269662685
3,"recruit_mean_50",63,"six_by_two",1,"recruit_size",FALSE,NA,TRUE,44,44.9022151756409,1.21042488634839,42.5527222803193,44.9030890196082,47.3661536947857,TRUE,0.745370642834915,4.81343141446639,0.902215175640876,0.0205048903554745,5.64646986259056,1.13674267714842,0.852467387873036,0.79368461638489
3,"recruit_mean_50",3,"six_by_two",1,"weak",FALSE,NA,TRUE,44,45.1367426771484,1.38806776208485,42.2056522375961,45.1752012099757,47.8521221001867,TRUE,0.818938893473801,5.64646986259056,1.13674267714842,0.0258350608442823,5.64646986259056,1.13674267714842,1,1
3,"recruit_mean_50",33,"six_by_two",1,"survival_growth",FALSE,NA,TRUE,44,45.0771660346107,1.3868952108221,42.4713935678782,45.0579190059006,47.6730176825179,TRUE,0.776674420825378,5.20162411463969,1.07716603461075,0.0244810462411534,5.64646986259056,1.13674267714842,0.921217015449229,0.947590036218995
3,"recruit_mean_50",93,"six_by_two",1,"fecundity",FALSE,NA,TRUE,44,45.0856679312782,1.47663741616545,42.0299626367406,45.0883586532428,47.9845924907892,TRUE,0.735229867124376,5.95462985404851,1.0856679312782,0.0246742711654137,5.64646986259056,1.13674267714842,1.05457569046806,0.955069210563695
3,"recruit_mean_50",153,"six_by_two",1,"all_vital_rates_biased",FALSE,NA,TRUE,44,44.7913820007676,1.23059170024526,42.3544248759829,44.755719534845,47.1612286307377,TRUE,0.643090637300604,4.8068037547548,0.791382000767555,0.017985954562899,5.64646986259056,1.13674267714842,0.85129361738052,0.69618394441984
3,"recruit_mean_50",123,"six_by_two",1,"all_vital_rates",FALSE,NA,TRUE,44,44.7917761758363,1.23012191323743,42.4272509406031,44.839545198871,47.1982455741668,TRUE,0.643656671193247,4.77099463356369,0.791776175836269,0.0179949130871879,5.64646986259056,1.13674267714842,0.84495175741092,0.696530702817002
3,"recruit_mean_80",33,"six_by_two",1,"survival_growth",FALSE,NA,TRUE,44.6,45.2952076857903,0.47825839537746,44.4208525323622,45.2989199929877,46.2549007710968,TRUE,1.45362359032218,1.83404823873467,0.695207685790308,0.0155876162733253,1.91593313449864,0.679800110808806,0.957261088975631,1.02266486094445
3,"recruit_mean_80",3,"six_by_two",1,"weak",FALSE,NA,TRUE,44.6,45.2798001108088,0.470069789455482,44.3031593335024,45.28236532405,46.219092468001,TRUE,1.44616847552843,1.91593313449864,0.679800110808806,0.0152421549508701,1.91593313449864,0.679800110808806,1,1
3,"recruit_mean_80",93,"six_by_two",1,"fecundity",FALSE,NA,TRUE,44.6,45.2247934112122,0.55018974857839,44.1413971348399,45.2521143824952,46.3140962659187,TRUE,1.13559624261733,2.1726991310788,0.624793411212195,0.0140088208791972,1.91593313449864,0.679800110808806,1.13401615743096,0.919084009075601
3,"recruit_mean_80",63,"six_by_two",1,"recruit_size",FALSE,NA,TRUE,44.6,45.207195074195,0.412775216072147,44.4183327928635,45.2057580024315,46.0272438677139,TRUE,1.47100661704679,1.60891107485044,0.607195074195047,0.0136142393317275,1.91593313449864,0.679800110808806,0.839753249150553,0.893196491940292
3,"recruit_mean_80",153,"six_by_two",1,"all_vital_rates_biased",FALSE,NA,TRUE,44.6,45.1596935513705,0.440701538435076,44.3412097696437,45.1581237881175,46.0120510346191,TRUE,1.27000589414304,1.67084126497539,0.559693551370451,0.0125491827661536,1.91593313449864,0.679800110808806,0.872077023404372,0.823320771019799
3,"recruit_mean_80",123,"six_by_two",1,"all_vital_rates",FALSE,NA,TRUE,44.6,45.1528063955958,0.506495797677868,44.1999755371268,45.1611793378982,46.1833150374072,TRUE,1.09143333099756,1.98333950028043,0.552806395595823,0.0123947622330902,1.91593313449864,0.679800110808806,1.03518200325891,0.81318962266439
3,"recruit_mean_110",93,"six_by_two",1,"fecundity",FALSE,NA,TRUE,45.2,45.3639188911462,0.527340884323803,44.3375124756005,45.3855147268326,46.4147541821522,TRUE,0.310840475333873,2.07724170655175,0.163918891146196,0.00362652414040256,2.44924465340155,0.222857544469122,0.848115235718424,0.735532160406209
3,"recruit_mean_110",153,"six_by_two",1,"all_vital_rates_biased",FALSE,NA,TRUE,45.2,45.5280051019733,0.541552461167916,44.4790369484601,45.5521879881217,46.5903183748942,TRUE,0.605675581763459,2.11128142643413,0.328005101973311,0.00725675004365732,2.44924465340155,0.222857544469122,0.862013283769733,1.47181511289943
3,"recruit_mean_110",3,"six_by_two",1,"weak",FALSE,NA,TRUE,45.2,45.4228575444691,0.635796222943857,44.1688572616504,45.3935955254557,46.6181019150519,TRUE,0.350517251325038,2.44924465340155,0.222857544469122,0.00493047664754694,2.44924465340155,0.222857544469122,1,1
3,"recruit_mean_110",123,"six_by_two",1,"all_vital_rates",FALSE,NA,TRUE,45.2,45.5138366153554,0.488841791115798,44.6218965759184,45.4812187745899,46.4912362084997,TRUE,0.642000379384677,1.86933963258134,0.313836615355427,0.00694328795034131,2.44924465340155,0.222857544469122,0.763231076154507,1.40823868495469
3,"recruit_mean_110",63,"six_by_two",1,"recruit_size",FALSE,NA,TRUE,45.2,45.5121749727494,0.589312112916182,44.363639378399,45.4831335411905,46.6801563557749,TRUE,0.529727738336469,2.31651697737593,0.312174972749375,0.00690652594578263,2.44924465340155,0.222857544469122,0.94580873093209,1.40078260977442
3,"recruit_mean_110",33,"six_by_two",1,"survival_growth",FALSE,NA,TRUE,45.2,45.5132493369698,0.666222122844816,44.1985583749022,45.5114457923806,46.773828029377,TRUE,0.470187533899676,2.57526965447477,0.313249336969811,0.00693029506570378,2.44924465340155,0.222857544469122,1.05145463965725,1.40560346617843
3,"recruit_sd.log_recruit_sd",123,"six_by_two",1,"all_vital_rates",FALSE,NA,TRUE,3.5,3.65211919347923,0.261511052763698,3.18738764400702,3.63915694094766,4.19692063920199,TRUE,0.581693170791842,1.00953299519497,0.152119193479228,0.0434626267083509,0.839228828783956,0.154614766910443,1.20292935677363,0.983859410837125
3,"recruit_sd.log_recruit_sd",93,"six_by_two",1,"fecundity",FALSE,NA,TRUE,3.5,3.62348177588103,0.207701551573102,3.25507981579214,3.62852670061672,4.0340322915482,TRUE,0.594515423432292,0.778952475756062,0.123481775881027,0.0352805073945791,0.839228828783956,0.154614766910443,0.928176498518008,0.798641542127414
3,"recruit_sd.log_recruit_sd",63,"six_by_two",1,"recruit_size",FALSE,NA,TRUE,3.5,3.6300826392117,0.213838630434015,3.22636092635283,3.61985506010675,4.08834649190575,TRUE,0.608321513038497,0.861985565552922,0.1300826392117,0.0371664683462,0.839228828783956,0.154614766910443,1.02711624766506,0.841333863582687
3,"recruit_sd.log_recruit_sd",153,"six_by_two",1,"all_vital_rates_biased",FALSE,NA,TRUE,3.5,3.63330868558732,0.216811805910177,3.23816151273688,3.6318249916167,4.07539599931673,TRUE,0.614858978862763,0.837234486579843,0.133308685587323,0.0380881958820923,0.839228828783956,0.154614766910443,0.997623601411544,0.862198923499582
3,"recruit_sd.log_recruit_sd",33,"six_by_two",1,"survival_growth",FALSE,NA,TRUE,3.5,3.6896757556443,0.242239316776064,3.23076904364371,3.68092480913805,4.18877404451563,TRUE,0.783009786225776,0.958005000871919,0.189675755644304,0.0541930730412297,0.839228828783956,0.154614766910443,1.14153013816276,1.22676351964602
3,"recruit_sd.log_recruit_sd",3,"six_by_two",1,"weak",FALSE,NA,TRUE,3.5,3.65461476691044,0.207593340147305,3.26183299242225,3.6513567658327,4.10106182120621,TRUE,0.7447963735288,0.839228828783956,0.154614766910443,0.044175647688698,0.839228828783956,0.154614766910443,1,1
3,"lambda",63,"six_by_two",1,"recruit_size",FALSE,NA,TRUE,1.03119869581319,0.994806700686471,0.0274057066921351,0.942575848146247,0.996553270963103,1.04631656911953,TRUE,-1.32789843865496,0.103740720973279,0.0363919951267221,0.0352909631038892,0.10540100484544,0.0348964499460307,0.984247931273563,1.04285665685204
3,"lambda",33,"six_by_two",1,"survival_growth",FALSE,NA,TRUE,1.03119869581319,0.995310595878992,0.029450060474379,0.935410287386955,0.994878365381377,1.05228994027701,TRUE,-1.21860870083521,0.116879652890056,0.0358880999342012,0.034802313152559,0.10540100484544,0.0348964499460307,1.10890454091447,1.02841693036696
3,"lambda",123,"six_by_two",1,"all_vital_rates",FALSE,NA,TRUE,1.03119869581319,1.00372473545768,0.0283753345199649,0.946770403153971,1.00366469722225,1.05635860990239,TRUE,-0.968233884121633,0.10958820674842,0.0274739603555163,0.0266427415657761,0.10540100484544,0.0348964499460307,1.039726394536,0.787299579126424
3,"lambda",3,"six_by_two",1,"weak",FALSE,NA,TRUE,1.03119869581319,0.996302245867162,0.0275922801290948,0.942927520444793,0.995590255459645,1.04832852529023,TRUE,-1.26471787698451,0.10540100484544,0.0348964499460307,0.0338406653225174,0.10540100484544,0.0348964499460307,1,1
3,"lambda",93,"six_by_two",1,"fecundity",FALSE,NA,TRUE,1.03119869581319,1.00029234856083,0.0270838273924726,0.939967167768106,1.00068389272349,1.05055857910766,TRUE,-1.14113662018673,0.110591411339552,0.030906347252367,0.0299712823317669,0.10540100484544,0.0348964499460307,1.04924437391962,0.885658779049598
3,"lambda",153,"six_by_two",1,"all_vital_rates_biased",FALSE,NA,TRUE,1.03119869581319,0.998260503422024,0.026135653890782,0.942395584755122,0.999842417658016,1.04749777811444,TRUE,-1.26027810625339,0.105102193359315,0.0329381923911689,0.0319416544308119,0.10540100484544,0.0348964499460307,0.997165003440311,0.943883760156396
25,"survival_50",34,"one_by_twelve",2,"survival_growth",FALSE,NA,TRUE,0.354343693774205,0.402120773159186,0.0175488245898539,0.369608883684099,0.401551741906582,0.435708221242865,FALSE,2.72252304650673,0.0660993375587664,0.0477770793849812,0.134832593960105,0.075937628898961,0.0531748038254009,0.870442473871748,0.898490938337205
25,"survival_50",4,"one_by_twelve",2,"weak",FALSE,NA,TRUE,0.354343693774205,0.407518497599605,0.019037142680298,0.371984182328773,0.407313714794712,0.447921811227734,FALSE,2.79321349418853,0.075937628898961,0.0531748038254009,0.150065613582741,0.075937628898961,0.0531748038254009,1,1
25,"survival_50",94,"one_by_twelve",2,"fecundity",FALSE,NA,TRUE,0.354343693774205,0.405644101935024,0.0167488388209162,0.372150667437415,0.406005530361967,0.439930653280616,FALSE,3.0629232694481,0.0677799858432008,0.0513004081608199,0.144775846338357,0.075937628898961,0.0531748038254009,0.892574430173288,0.964750304096363
25,"survival_50",124,"one_by_twelve",2,"all_vital_rates",FALSE,NA,TRUE,0.354343693774205,0.401972213369072,0.0173563638596521,0.369670385054063,0.401639545105136,0.435784400960511,FALSE,2.74415309450778,0.0661140159064482,0.0476285195948674,0.134413340583443,0.075937628898961,0.0531748038254009,0.870635768657148,0.895697137901164
25,"survival_50",154,"one_by_twelve",2,"all_vital_rates_biased",FALSE,NA,TRUE,0.354343693774205,0.405352358120708,0.0309787388230112,0.344797350094195,0.405590248655163,0.465473210800782,TRUE,1.64657007626837,0.120675860706587,0.0510086643465035,0.143952510635077,0.075937628898961,0.0531748038254009,1.58914443940766,0.959263799336057
25,"survival_50",64,"one_by_twelve",2,"recruit_size",FALSE,NA,TRUE,0.354343693774205,0.408476222224961,0.0179628019875905,0.374447495618368,0.408534972261418,0.443237599663667,FALSE,3.0135904458644,0.0687901040452996,0.0541325284507567,0.152768426253554,0.075937628898961,0.0531748038254009,0.905876375687584,1.01801087275283
25,"survival_80",34,"one_by_twelve",2,"survival_growth",FALSE,NA,TRUE,0.589040434058665,0.612103981363899,0.0104095160378379,0.590520004535619,0.612098400828594,0.633490765225843,FALSE,2.21562147763636,0.0429707606902235,0.0230635473052337,0.0391544382553147,0.0451817550313217,0.0269962549933311,0.951064443168146,0.854323953856974
25,"survival_80",94,"one_by_twelve",2,"fecundity",FALSE,NA,TRUE,0.589040434058665,0.614843378204248,0.0104609372382756,0.594157608645289,0.614780964840528,0.634417290544974,FALSE,2.46659965143204,0.0402596818996852,0.0258029441455829,0.0438050474188892,0.0451817550313217,0.0269962549933311,0.891060603373545,0.955797170828213
25,"survival_80",154,"one_by_twelve",2,"all_vital_rates_biased",FALSE,NA,TRUE,0.589040434058665,0.617803627750364,0.0224651820092083,0.572027779067994,0.617844964374446,0.657499404327459,TRUE,1.28034545546565,0.085471625259465,0.0287631936916986,0.0488305929925923,0.0451817550313217,0.0269962549933311,1.89172875644633,1.06545125236089
25,"survival_80",4,"one_by_twelve",2,"weak",FALSE,NA,TRUE,0.589040434058665,0.616036689051996,0.0116121055775664,0.594463559404602,0.615716795183337,0.639645314435924,FALSE,2.32483719795706,0.0451817550313217,0.0269962549933311,0.0458309029947551,0.0451817550313217,0.0269962549933311,1,1
25,"survival_80",64,"one_by_twelve",2,"recruit_size",FALSE,NA,TRUE,0.589040434058665,0.616594499070958,0.0110491460933563,0.595247547008266,0.616588490886079,0.638465206594473,FALSE,2.49377325446539,0.0432176595862076,0.0275540650122926,0.0467778838583913,0.0451817550313217,0.0269962549933311,0.956529013896151,1.02066249630178
25,"survival_80",124,"one_by_twelve",2,"all_vital_rates",FALSE,NA,TRUE,0.589040434058665,0.612285122148563,0.0114212807095324,0.590534918769442,0.612683349054682,0.634236955951855,FALSE,2.03520854456342,0.0437020371824128,0.0232446880898978,0.0394619566771247,0.0451817550313217,0.0269962549933311,0.967249659782293,0.861033802490008
25,"survival_110",154,"one_by_twelve",2,"all_vital_rates_biased",FALSE,NA,TRUE,0.789181706522253,0.792999608646384,0.0198815646332359,0.751953011720719,0.793213102490858,0.827924281638616,TRUE,0.192032276863623,0.0759712699178969,0.00381790212413158,0.00483779856093753,0.0587388173206423,0.000255638658320012,1.29337418394358,14.9347604514192
25,"survival_110",64,"one_by_twelve",2,"recruit_size",FALSE,NA,TRUE,0.789181706522253,0.78905585637641,0.0147822349452488,0.760686764516221,0.789895378546424,0.817545563371809,TRUE,-0.00851360746927394,0.056858798855588,0.000125850145842432,0.000159469162554497,0.0587388173206423,0.000255638658320012,0.967993593490455,0.492297004958034
25,"survival_110",124,"one_by_twelve",2,"all_vital_rates",FALSE,NA,TRUE,0.789181706522253,0.787505452151272,0.0146236744927384,0.754830302063224,0.788244204950341,0.813945113782429,TRUE,-0.114626072387817,0.0591148117192047,0.00167625437098051,0.00212404108854397,0.0587388173206423,0.000255638658320012,1.00640112306841,6.55712395768465
25,"survival_110",34,"one_by_twelve",2,"survival_growth",FALSE,NA,TRUE,0.789181706522253,0.78711685499951,0.0149150253587541,0.756938013166897,0.786980353266553,0.817304311816505,TRUE,-0.138441033325521,0.0603662986496085,0.00206485152274227,0.00261644625778468,0.0587388173206423,0.000255638658320012,1.02770708371744,8.07722719369565
25,"survival_110",4,"one_by_twelve",2,"weak",FALSE,NA,TRUE,0.789181706522253,0.788926067863933,0.0152066359053737,0.759245688516934,0.789102693626408,0.817984505837577,TRUE,-0.0168109935629927,0.0587388173206423,0.000255638658320012,0.000323928768504473,0.0587388173206423,0.000255638658320012,1,1
25,"survival_110",94,"one_by_twelve",2,"fecundity",FALSE,NA,TRUE,0.789181706522253,0.788525773171855,0.0148445340370246,0.759816433501367,0.78871291799158,0.815592787582398,TRUE,-0.0441868602114149,0.055776354081031,0.000655933350397597,0.000831156304025531,0.0587388173206423,0.000255638658320012,0.949565493914528,2.56586134001881
25,"growth_increment_50",154,"one_by_twelve",2,"all_vital_rates_biased",FALSE,NA,TRUE,12,11.2362893313483,1.16351676606533,9.06377838278945,11.2642461099613,13.5466907371564,TRUE,-0.656381318194819,4.48291235436697,0.763710668651731,0.0636425557209776,1.00539462576831,0.733040924038288,4.45885848150541,1.0418390619237
25,"growth_increment_50",124,"one_by_twelve",2,"all_vital_rates",FALSE,NA,TRUE,12,11.479965455281,0.176023303447861,11.1252127841035,11.4752725732112,11.8160469947005,FALSE,-2.95435055775474,0.690834210597027,0.520034544719019,0.0433362120599183,1.00539462576831,0.733040924038288,0.687127415336145,0.709420889974564
25,"growth_increment_50",64,"one_by_twelve",2,"recruit_size",FALSE,NA,TRUE,12,11.2311249514584,0.15027905697797,10.9380977808914,11.2243899717254,11.5334226025541,FALSE,-5.11631536691332,0.595324821662738,0.768875048541629,0.0640729207118024,1.00539462576831,0.733040924038288,0.592130499213481,1.0488842073181
25,"growth_increment_50",34,"one_by_twelve",2,"survival_growth",FALSE,NA,TRUE,12,11.4817059792371,0.123053038357257,11.2432234444115,11.4835662552756,11.7251145909976,FALSE,-4.21195630503805,0.481891146586138,0.518294020762939,0.0431911683969116,1.00539462576831,0.733040924038288,0.479305472930975,0.707046501452717
25,"growth_increment_50",4,"one_by_twelve",2,"weak",FALSE,NA,TRUE,12,11.2669590759617,0.254942962682408,10.7876292425,11.2629473879266,11.7930238682683,FALSE,-2.87531342824891,1.00539462576831,0.733040924038288,0.0610867436698574,1.00539462576831,0.733040924038288,1,1
25,"growth_increment_50",94,"one_by_twelve",2,"fecundity",FALSE,NA,TRUE,12,11.2863083192965,0.141295143204784,10.9925974266132,11.2884290315412,11.5519581106421,FALSE,-5.05107015369347,0.559360684028926,0.71369168070353,0.0594743067252942,1.00539462576831,0.733040924038288,0.556359333631281,0.973604143097271
25,"growth_increment_80",154,"one_by_twelve",2,"all_vital_rates_biased",FALSE,NA,TRUE,8.4,7.87586255657259,0.801380418269817,6.287842807964,7.90478702110248,9.46807253904279,TRUE,-0.654043237740975,3.18022973107879,0.524137443427408,0.0623973146937391,0.655698035224386,0.516378862018614,4.85014375556346,1.0150249787113
25,"growth_increment_80",34,"one_by_twelve",2,"survival_growth",FALSE,NA,TRUE,8.4,8.03752549032495,0.0756724966869452,7.8877356866397,8.03779244287236,8.18457015993579,FALSE,-4.79004295542928,0.296834473296083,0.362474509675048,0.0431517273422676,0.655698035224386,0.516378862018614,0.452699958441241,0.701954584775357
25,"growth_increment_80",124,"one_by_twelve",2,"all_vital_rates",FALSE,NA,TRUE,8.4,8.03627666869768,0.113534299653213,7.79849293842566,8.03957890600308,8.25299714965662,FALSE,-3.20364270897256,0.454504211230953,0.363723331302323,0.0433003965836098,0.655698035224386,0.516378862018614,0.693160855782368,0.704373006053085
25,"growth_increment_80",4,"one_by_twelve",2,"weak",FALSE,NA,TRUE,8.4,7.88362113798139,0.166217958670259,7.56707030994976,7.8800403329225,8.22276834517415,FALSE,-3.10663700931979,0.655698035224386,0.516378862018614,0.061473674049835,0.655698035224386,0.516378862018614,1,1
25,"growth_increment_80",64,"one_by_twelve",2,"recruit_size",FALSE,NA,TRUE,8.4,7.8607020768729,0.097252012831869,7.67694494258067,7.85814999536197,8.05355667673711,FALSE,-5.54536515413261,0.376611734156437,0.539297923127104,0.0642021337056076,0.655698035224386,0.516378862018614,0.574367641695857,1.04438419694194
25,"growth_increment_80",94,"one_by_twelve",2,"fecundity",FALSE,NA,TRUE,8.4,7.89923496881306,0.0888477002264686,7.71955249969813,7.9038366517566,8.06001595701861,FALSE,-5.63621826913372,0.340463457320477,0.500765031186939,0.0596148846651118,0.655698035224386,0.516378862018614,0.519238184393777,0.969762838915136
25,"growth_increment_110",94,"one_by_twelve",2,"fecundity",FALSE,NA,TRUE,4.8,4.51216161832966,0.072631311502149,4.37411783789551,4.5119576572563,4.65819526600152,FALSE,-3.96300680405346,0.28407742810601,0.287838381670343,0.0599663295146548,0.391035176261219,0.299716799998921,0.726475379586417,0.960367859497298
25,"growth_increment_110",64,"one_by_twelve",2,"recruit_size",FALSE,NA,TRUE,4.8,4.49027920228744,0.0774094302477763,4.33915277389617,4.49169585792567,4.64354048989845,FALSE,-4.00107321189672,0.304387716002281,0.309720797712565,0.0645251661901177,0.391035176261219,0.299716799998921,0.778415177152616,1.03337816803623
25,"growth_increment_110",154,"one_by_twelve",2,"all_vital_rates_biased",FALSE,NA,TRUE,4.8,4.51543578179688,0.545486228688438,3.46014405895153,4.52165071834702,5.60977550340172,TRUE,-0.521670764974807,2.14963144445019,0.28456421820312,0.05928421212565,0.391035176261219,0.299716799998921,5.49728406790237,0.949443668837199
25,"growth_increment_110",4,"one_by_twelve",2,"weak",FALSE,NA,TRUE,4.8,4.50028320000108,0.100474337418353,4.31599454179134,4.49818976431377,4.70702971805256,FALSE,-2.98301842739171,0.391035176261219,0.299716799998921,0.0624409999997751,0.391035176261219,0.299716799998921,1,1
25,"growth_increment_110",34,"one_by_twelve",2,"survival_growth",FALSE,NA,TRUE,4.8,4.59334500141285,0.0647855901942027,4.46121849001419,4.59427181428167,4.71419267673785,FALSE,-3.18982968230548,0.252974186723668,0.206654998587147,0.0430531247056555,0.391035176261219,0.299716799998921,0.646934603537244,0.689500884127586
25,"growth_increment_110",124,"one_by_twelve",2,"all_vital_rates",FALSE,NA,TRUE,4.8,4.59258788211437,0.0803690054291701,4.43491691222576,4.5935118992179,4.74234960441783,FALSE,-2.58074760012336,0.307432692192073,0.207412117885632,0.0432108578928399,0.391035176261219,0.299716799998921,0.786202139489114,0.692026999775717
25,"growth_sd.log_growth_sd",154,"one_by_twelve",2,"all_vital_rates_biased",FALSE,NA,TRUE,4.5,6.09134320146152,0.857603658266044,4.65768370142757,5.99749193090163,8.00174387048998,FALSE,1.85556951177074,3.34406016906241,1.59134320146152,0.353631822547006,2.77756402657964,1.66540513700105,1.20395430566559,0.9555291779195
25,"growth_sd.log_growth_sd",124,"one_by_twelve",2,"all_vital_rates",FALSE,NA,TRUE,4.5,5.90264603197375,0.664540853149583,4.76254320896709,5.85086055957589,7.36228737220858,FALSE,2.11069947818245,2.59974416324149,1.40264603197375,0.311699118216389,2.77756402657964,1.66540513700105,0.935979922825716,0.842225114364389
25,"growth_sd.log_growth_sd",34,"one_by_twelve",2,"survival_growth",FALSE,NA,TRUE,4.5,5.95672245099955,0.674780815228973,4.75107608344075,5.89876702292332,7.39407426476278,FALSE,2.15880833912748,2.64299818132202,1.45672245099955,0.323716100222122,2.77756402657964,1.66540513700105,0.951552567656443,0.874695543225426
25,"growth_sd.log_growth_sd",94,"one_by_twelve",2,"fecundity",FALSE,NA,TRUE,4.5,6.12106325516517,0.678976852544255,4.87701816504535,6.08087817920846,7.50741347268637,FALSE,2.387508865863,2.63039530764102,1.62106325516517,0.360236278925592,2.77756402657964,1.66540513700105,0.947015183977652,0.973374717748421
25,"growth_sd.log_growth_sd",64,"one_by_twelve",2,"recruit_size",FALSE,NA,TRUE,4.5,6.18764767382698,0.707245543497494,4.97449504058641,6.14046442287368,7.6647663915106,FALSE,2.38622595694441,2.69027135092419,1.68764767382698,0.375032816405995,2.77756402657964,1.66540513700105,0.96857221838269,1.01335563121054
25,"growth_sd.log_growth_sd",4,"one_by_twelve",2,"weak",FALSE,NA,TRUE,4.5,6.16540513700105,0.714697696004412,4.88777404843881,6.1166650399073,7.66533807501845,FALSE,2.33022317871131,2.77756402657964,1.66540513700105,0.370090030444677,2.77756402657964,1.66540513700105,1,1
25,"recruitment_50",94,"one_by_twelve",2,"fecundity",FALSE,NA,TRUE,0.019387103915861,0.0156577984648417,0.00703680026491196,0.00639972290626569,0.0140646966815064,0.0313016678393121,TRUE,-0.529971764242754,0.0249019449330464,0.00372930545101927,0.0372930545101927,0.0291273031878495,0.00398172530573344,0.854934793394612,0.936605407120702
25,"recruitment_50",154,"one_by_twelve",2,"all_vital_rates_biased",FALSE,NA,TRUE,0.019387103915861,0.0192567347835737,0.00909659289827181,0.00774479139583607,0.0173286930680774,0.0434641533980461,TRUE,-0.0143316441381104,0.03571936200221,0.000130369132287294,0.00130369132287294,0.0291273031878495,0.00398172530573344,1.22631888616143,0.0327418699877589
25,"recruitment_50",34,"one_by_twelve",2,"survival_growth",FALSE,NA,TRUE,0.019387103915861,0.0159963956300616,0.00789882270801055,0.00577833329894348,0.0144157617016213,0.0346667184318369,TRUE,-0.429267551778404,0.0288883851328934,0.00339070828579936,0.0339070828579936,0.0291273031878495,0.00398172530573344,0.991797453632582,0.851567605860943
25,"recruitment_50",64,"one_by_twelve",2,"recruit_size",FALSE,NA,TRUE,0.019387103915861,0.0153656307183003,0.00748541929390761,0.00547383102947122,0.0137632989380366,0.0347563182569111,TRUE,-0.537240873177772,0.0292824872274399,0.00402147319756067,0.0402147319756067,0.0291273031878495,0.00398172530573344,1.00532778604972,1.00998258010667
25,"recruitment_50",124,"one_by_twelve",2,"all_vital_rates",FALSE,NA,TRUE,0.019387103915861,0.0163013987124435,0.00725927439853,0.00660616128357356,0.0148898417052336,0.0334502637721754,TRUE,-0.425070748674602,0.0268441024886019,0.00308570520341752,0.0308570520341752,0.0291273031878495,0.00398172530573344,0.921613041738787,0.774966871515293
25,"recruitment_50",4,"one_by_twelve",2,"weak",FALSE,NA,TRUE,0.019387103915861,0.0154053786101276,0.00774228900090093,0.0054968802168839,0.0138114579881549,0.0346241834047335,TRUE,-0.514282701830183,0.0291273031878495,0.00398172530573344,0.0398172530573344,0.0291273031878495,0.00398172530573344,1,1
25,"recruitment_80",34,"one_by_twelve",2,"survival_growth",FALSE,NA,TRUE,0.183939720585721,0.155221169128742,0.044514419981584,0.0858163868824596,0.150042472390217,0.257779577701224,TRUE,-0.645151649035527,0.171963190818765,0.0287185514569789,0.156130233130344,0.170194694037333,0.0332823667186425,1.01039102183199,0.86287587958379
25,"recruitment_80",4,"one_by_twelve",2,"weak",FALSE,NA,TRUE,0.183939720585721,0.150657353867079,0.0443645372266818,0.082493542097566,0.144862157393193,0.2526882361349,TRUE,-0.750202048735128,0.170194694037333,0.0332823667186425,0.180941705318792,0.170194694037333,0.0332823667186425,1,1
25,"recruitment_80",94,"one_by_twelve",2,"fecundity",FALSE,NA,TRUE,0.183939720585721,0.153344852774733,0.0411533706044052,0.0891197641753538,0.14662817493703,0.243280243018762,TRUE,-0.743435285169899,0.154160478843408,0.0305948678109885,0.166330946429433,0.170194694037333,0.0332823667186425,0.905788983113608,0.919251568544592
25,"recruitment_80",64,"one_by_twelve",2,"recruit_size",FALSE,NA,TRUE,0.183939720585721,0.150433945385909,0.0436572471676574,0.0816637835847939,0.144407450827936,0.252385266746798,TRUE,-0.767473383540189,0.170721483162004,0.0335057751998123,0.182156279748167,0.170194694037333,0.0332823667186425,1.00309521473422,1.00671251786444
25,"recruitment_80",154,"one_by_twelve",2,"all_vital_rates_biased",FALSE,NA,TRUE,0.183939720585721,0.172558387755948,0.0459841858525166,0.104317096774905,0.165779795475267,0.280427026436258,TRUE,-0.247505367742634,0.176109929661354,0.0113813328297727,0.0618753404296312,0.170194694037333,0.0332823667186425,1.03475569939168,0.341962845550815
25,"recruitment_80",124,"one_by_twelve",2,"all_vital_rates",FALSE,NA,TRUE,0.183939720585721,0.157951828122311,0.0412188987264348,0.0932535086065265,0.153283648862742,0.248488823202456,TRUE,-0.630484881119439,0.155235314595929,0.0259878924634105,0.141284831686473,0.170194694037333,0.0332823667186425,0.9121043136743,0.780830662768156
25,"recruitment_110",154,"one_by_twelve",2,"all_vital_rates_biased",FALSE,NA,TRUE,1.74517147873092,1.60394823252135,0.176885535462405,1.29720478445085,1.59609200752707,1.96923787148376,TRUE,-0.798387758729909,0.672033087032908,0.141223246209569,0.0809222749344184,0.735711118161777,0.218694713390009,0.913446963683283,0.645755190056737
25,"recruitment_110",94,"one_by_twelve",2,"fecundity",FALSE,NA,TRUE,1.74517147873092,1.54686562249509,0.177159673406793,1.22740635208598,1.53381791438443,1.9078047724169,TRUE,-1.11936228162085,0.68039842033092,0.198305856235832,0.113631158114066,0.735711118161777,0.218694713390009,0.924817368576596,0.906770233088273
25,"recruitment_110",124,"one_by_twelve",2,"all_vital_rates",FALSE,NA,TRUE,1.74517147873092,1.57627623930012,0.172330726614796,1.26357574516351,1.56474820535291,1.93785659302478,TRUE,-0.98006456972889,0.674280847861268,0.168895239430797,0.0967785925275475,0.735711118161777,0.218694713390009,0.916502185730186,0.772287710172481
25,"recruitment_110",34,"one_by_twelve",2,"survival_growth",FALSE,NA,TRUE,1.74517147873092,1.55736662179931,0.182764728172627,1.24044611289195,1.55619856670034,1.94343691254312,TRUE,-1.02757714143958,0.702990799651178,0.187804856931609,0.107613984769095,0.735711118161777,0.218694713390009,0.95552558918458,0.858753529156817
25,"recruitment_110",64,"one_by_twelve",2,"recruit_size",FALSE,NA,TRUE,1.74517147873092,1.52474354208082,0.183162357456535,1.179193584706,1.51342133431847,1.90852529754624,TRUE,-1.20345653829233,0.729331712840237,0.220427936650105,0.126307322424498,0.735711118161777,0.218694713390009,0.991328926308088,1.00792530936495
25,"recruitment_110",4,"one_by_twelve",2,"weak",FALSE,NA,TRUE,1.74517147873092,1.52647676534091,0.186553145073791,1.18301778904957,1.51784259362346,1.91872890721135,TRUE,-1.17229175259149,0.735711118161777,0.218694713390009,0.125314168868404,0.735711118161777,0.218694713390009,1,1
25,"recruit_mean_50",154,"one_by_twelve",2,"all_vital_rates_biased",FALSE,NA,TRUE,44,45.5337890764746,1.65009414216256,42.3957951658488,45.5922803460118,48.6856532869948,TRUE,0.929516102920336,6.289858121146,1.53378907647462,0.0348588426471504,7.08010509134418,1.78818955386465,0.888384853049103,0.857732936175465
25,"recruit_mean_50",124,"one_by_twelve",2,"all_vital_rates",FALSE,NA,TRUE,44,45.3899300733722,1.75411080402774,41.8679790284832,45.4712274262443,48.7051964095654,TRUE,0.792384420745097,6.8372173810822,1.38993007337224,0.0315893198493691,7.08010509134418,1.78818955386465,0.965694335447235,0.777283409562658
25,"recruit_mean_50",64,"one_by_twelve",2,"recruit_size",FALSE,NA,TRUE,44,45.3401658587423,1.64441790300059,42.0807095083375,45.391657092823,48.4291777648659,TRUE,0.814978878724712,6.3484682565284,1.34016585874226,0.030458314971415,7.08010509134418,1.78818955386465,0.896662997882581,0.749454025075745
25,"recruit_mean_50",94,"one_by_twelve",2,"fecundity",FALSE,NA,TRUE,44,45.7247488987814,1.83656039272017,42.2430991460175,45.7836537095233,49.2907682891869,TRUE,0.93911907586488,7.04766914316943,1.72474889878141,0.0391988386086683,7.08010509134418,1.78818955386465,0.995418719389574,0.964522410420007
25,"recruit_mean_50",34,"one_by_twelve",2,"survival_growth",FALSE,NA,TRUE,44,45.8116798206271,1.83170830825467,42.1604243889463,45.9093577900667,49.3477533775481,TRUE,0.98906567845036,7.18732898860183,1.81167982062707,0.041174541377888,7.08010509134418,1.78818955386465,1.01514439346229,1.01313634044649
25,"recruit_mean_50",4,"one_by_twelve",2,"weak",FALSE,NA,TRUE,44,45.7881895538646,1.82061084219758,42.2711507701373,45.8073644602736,49.3512558614814,TRUE,0.982192082139973,7.08010509134418,1.78818955386465,0.040640671678742,7.08010509134418,1.78818955386465,1,1
25,"recruit_mean_80",64,"one_by_twelve",2,"recruit_size",FALSE,NA,TRUE,44.6,45.4181398344399,1.06833736286293,43.2640120276383,45.4704186480834,47.4539241160127,TRUE,0.765806628954198,4.18991208837434,0.818139834439876,0.0183439424762304,4.55982693982911,1.10954469830553,0.918875243219509,0.7373653676948
25,"recruit_mean_80",34,"one_by_twelve",2,"survival_growth",FALSE,NA,TRUE,44.6,45.7249333092191,1.18118837427069,43.3348975456917,45.7692497787191,47.9804140712127,TRUE,0.952374179870889,4.64551652552095,1.12493330921907,0.0252227199376474,4.55982693982911,1.10954469830553,1.01879228901066,1.01386930236974
25,"recruit_mean_80",94,"one_by_twelve",2,"fecundity",FALSE,NA,TRUE,44.6,45.6646403616737,1.18875277700965,43.3941577911794,45.7200743212171,48.0002835737637,TRUE,0.895594426581947,4.60612578258433,1.06464036167365,0.023870860127212,4.55982693982911,1.10954469830553,1.01015364033902,0.95952904222745
25,"recruit_mean_80",154,"one_by_twelve",2,"all_vital_rates_biased",FALSE,NA,TRUE,44.6,45.5501786039256,1.06460241516351,43.5547057989937,45.586204074548,47.5431033721048,TRUE,0.89251967719763,3.98839757311117,0.950178603925551,0.021304453002815,4.55982693982911,1.10954469830553,0.874681786335656,0.856368026792104
25,"recruit_mean_80",4,"one_by_twelve",2,"weak",FALSE,NA,TRUE,44.6,45.7095446983055,1.17395733047066,43.4560243082769,45.7559726951509,48.015851248106,TRUE,0.945132049953382,4.55982693982911,1.10954469830553,0.0248776838185097,4.55982693982911,1.10954469830553,1,1
25,"recruit_mean_80",124,"one_by_twelve",2,"all_vital_rates",FALSE,NA,TRUE,44.6,45.4588063877206,1.12857539362132,43.149812784296,45.524423765382,47.6134856302247,TRUE,0.76096501179676,4.46367284592873,0.858806387720584,0.0192557486036005,4.55982693982911,1.10954469830553,0.97891277560109,0.77401693598476
25,"recruit_mean_110",34,"one_by_twelve",2,"survival_growth",FALSE,NA,TRUE,45.2,45.6381867978111,0.54820143471434,44.5749146860331,45.6467859926253,46.7000356133537,TRUE,0.799317130644537,2.12512092732059,0.438186797811085,0.00969439818166117,2.1226261677195,0.430899842746399,1.00117531746241,1.01691101815735
25,"recruit_mean_110",154,"one_by_twelve",2,"all_vital_rates_biased",FALSE,NA,TRUE,45.2,45.5665681313764,0.502767999049468,44.572094325934,45.5879030906882,46.5368738377086,TRUE,0.729099966723151,1.96477951177457,0.366568131376432,0.00810991441098302,2.1226261677195,0.430899842746399,0.925636149056567,0.850703794738147
25,"recruit_mean_110",94,"one_by_twelve",2,"fecundity",FALSE,NA,TRUE,45.2,45.6045318245659,0.557165387299792,44.5070597753061,45.6235731274567,46.6900344036507,TRUE,0.726053401354263,2.18297462834457,0.404531824565879,0.0089498191275637,2.1226261677195,0.430899842746399,1.02843103582856,0.938807083306274
25,"recruit_mean_110",4,"one_by_twelve",2,"weak",FALSE,NA,TRUE,45.2,45.6308998427464,0.544092293916751,44.5937952016343,45.6572013459184,46.7164213693538,TRUE,0.791960936708891,2.1226261677195,0.430899842746399,0.009533182361646,2.1226261677195,0.430899842746399,1,1
25,"recruit_mean_110",64,"one_by_twelve",2,"recruit_size",FALSE,NA,TRUE,45.2,45.4961138101375,0.510402382833851,44.4998616174272,45.5214153719111,46.4409025075624,TRUE,0.580157577818121,1.94104089013526,0.296113810137484,0.00655119048976735,2.1226261677195,0.430899842746399,0.914452539808585,0.687198696221754
25,"recruit_mean_110",124,"one_by_twelve",2,"all_vital_rates",FALSE,NA,TRUE,45.2,45.527682702069,0.522402396347785,44.4620729301123,45.5407939641851,46.5536527702619,TRUE,0.627261100561255,2.09157984014964,0.327682702068948,0.00724961730241036,2.1226261677195,0.430899842746399,0.985373624408292,0.760461410197826
25,"recruit_sd.log_recruit_sd",34,"one_by_twelve",2,"survival_growth",FALSE,NA,TRUE,3.5,3.64581035860115,0.167735081908101,3.31841721355998,3.6481674547471,3.97474038504256,TRUE,0.869289578199462,0.656323171482582,0.145810358601145,0.0416601024574701,0.648790161885712,0.130393929215396,1.01161085669822,1.11822965592427
25,"recruit_sd.log_recruit_sd",94,"one_by_twelve",2,"fecundity",FALSE,NA,TRUE,3.5,3.62819680432104,0.167199272729024,3.30579800712571,3.62078584875187,3.95291933864706,TRUE,0.766730633624258,0.647121331521356,0.12819680432104,0.03662765837744,0.648790161885712,0.130393929215396,0.997427781026294,0.98315009826319
25,"recruit_sd.log_recruit_sd",154,"one_by_twelve",2,"all_vital_rates_biased",FALSE,NA,TRUE,3.5,3.63938816187159,0.187640565259775,3.30139675633739,3.63755728083271,4.02349554974777,TRUE,0.742846631689792,0.722098793410384,0.139388161871592,0.0398251891061693,0.648790161885712,0.130393929215396,1.11299282238128,1.06897738806029
25,"recruit_sd.log_recruit_sd",4,"one_by_twelve",2,"weak",FALSE,NA,TRUE,3.5,3.6303939292154,0.165253638818958,3.31379936447007,3.62672456774433,3.96258952635578,TRUE,0.789053301018368,0.648790161885712,0.130393929215396,0.037255408347256,0.648790161885712,0.130393929215396,1,1
25,"recruit_sd.log_recruit_sd",124,"one_by_twelve",2,"all_vital_rates",FALSE,NA,TRUE,3.5,3.65003087281814,0.165630622748991,3.34538551305144,3.64882893838182,3.9761297332966,TRUE,0.905816028027039,0.630744220245151,0.150030872818136,0.0428659636623245,0.648790161885712,0.130393929215396,0.972185241545418,1.15059706936434
25,"recruit_sd.log_recruit_sd",64,"one_by_twelve",2,"recruit_size",FALSE,NA,TRUE,3.5,3.62340868868072,0.169473445872518,3.29976961708851,3.62575966157674,3.9650513537916,TRUE,0.728188938658577,0.665281736703091,0.12340868868072,0.0352596253373487,0.648790161885712,0.130393929215396,1.02541896561663,0.94642971051868
25,"lambda",4,"one_by_twelve",2,"weak",FALSE,NA,TRUE,1.03119869581319,1.0402953086402,0.00623295359186979,1.02774663999112,1.04039745048171,1.05224301219246,TRUE,1.45943856197978,0.0244963722013425,0.00909661282700513,0.00882139675305896,0.0244963722013425,0.00909661282700513,1,1
25,"lambda",124,"one_by_twelve",2,"all_vital_rates",FALSE,NA,TRUE,1.03119869581319,1.0406735251952,0.00649815150542174,1.02668622906105,1.04095423486113,1.05278167124514,TRUE,1.45808071327634,0.0260954421840904,0.00947482938200306,0.00918817044714288,0.0244963722013425,0.00909661282700513,1.0652778284721,1.04157773472288
25,"lambda",154,"one_by_twelve",2,"all_vital_rates_biased",FALSE,NA,TRUE,1.03119869581319,1.04075352668914,0.00680819317040109,1.02696483838551,1.04111791904623,1.05309578127984,TRUE,1.40343122423258,0.026130942894323,0.00955483087594788,0.00926575151301277,0.0244963722013425,0.00909661282700513,1.06672705164445,1.05037238119912
25,"lambda",64,"one_by_twelve",2,"recruit_size",FALSE,NA,TRUE,1.03119869581319,1.04036677926627,0.00620790856447663,1.02784840115631,1.0406982832425,1.05206095136797,TRUE,1.47683931840408,0.0242125502116652,0.00916808345307651,0.00889070505063688,0.0244963722013425,0.00909661282700513,0.988413713371742,1.00785683940062
25,"lambda",34,"one_by_twelve",2,"survival_growth",FALSE,NA,TRUE,1.03119869581319,1.04052331163714,0.00631127876468111,1.0273933269129,1.04048195664487,1.05224052285873,TRUE,1.47745269566143,0.0248471959458272,0.00932461582394883,0.0090425015681343,0.0244963722013425,0.00909661282700513,1.01432145713664,1.02506460385637
25,"lambda",94,"one_by_twelve",2,"fecundity",FALSE,NA,TRUE,1.03119869581319,1.03973774909496,0.00642288391403173,1.02673803093142,1.04003964761175,1.05120746325816,TRUE,1.32947339482662,0.0244694323267367,0.00853905328176507,0.00828070605251422,0.0244963722013425,0.00909661282700513,0.998900250437724,0.938706905983199
26,"survival_50",65,"three_by_four",2,"recruit_size",FALSE,NA,TRUE,0.354343693774205,0.414737117094563,0.0270644610347824,0.364949331525367,0.414364009439385,0.470525645322053,FALSE,2.23146595244378,0.105576313796686,0.0603934233203584,0.170437415372326,0.101132989462405,0.0587859271820531,1.04393545921959,1.02734491425689
26,"survival_50",125,"three_by_four",2,"all_vital_rates",FALSE,NA,TRUE,0.354343693774205,0.412123412435887,0.0246447610742738,0.364863368276928,0.412038589917076,0.461251023885559,FALSE,2.34450309692787,0.0963876556086306,0.0577797186616824,0.163061230316408,0.101132989462405,0.0587859271820531,0.953078279609853,0.982883513646819
26,"survival_50",95,"three_by_four",2,"fecundity",FALSE,NA,TRUE,0.354343693774205,0.412950391305812,0.0261247659287072,0.363202407054359,0.413723007613288,0.465778039543974,FALSE,2.24333866536992,0.102575632489615,0.0586066975316076,0.16539506293275,0.101132989462405,0.0587859271820531,1.0142648114614,0.996951147000022
26,"survival_50",5,"three_by_four",2,"weak",FALSE,NA,TRUE,0.354343693774205,0.413129620956258,0.0256655238079188,0.363882438706231,0.412662912660443,0.465015428168636,FALSE,2.29046278665528,0.101132989462405,0.0587859271820531,0.16590087029886,0.101132989462405,0.0587859271820531,1,1
26,"survival_50",35,"three_by_four",2,"survival_growth",FALSE,NA,TRUE,0.354343693774205,0.410753689736014,0.0256397550794564,0.365420107884997,0.41017553260866,0.46208929868104,FALSE,2.20009886159198,0.0966691907960433,0.0564099959618094,0.159195710133775,0.101132989462405,0.0587859271820531,0.955862091192101,0.959583333390562
26,"survival_50",155,"three_by_four",2,"all_vital_rates_biased",FALSE,NA,TRUE,0.354343693774205,0.413960451983181,0.0257435762030311,0.362080119917243,0.413935501189882,0.461209530390414,FALSE,2.31579162657119,0.0991294104731709,0.0596167582089766,0.168245574159888,0.101132989462405,0.0587859271820531,0.980188670384563,1.01413316191051
26,"survival_80",95,"three_by_four",2,"fecundity",FALSE,NA,TRUE,0.589040434058665,0.638245360342858,0.0272012737568609,0.585550518530897,0.638638449307498,0.689384865786464,TRUE,1.80891993235361,0.103834347255567,0.0492049262841928,0.0835340384787444,0.101359984218959,0.0498653698827579,1.02441163596931,0.98675546576476
26,"survival_80",35,"three_by_four",2,"survival_growth",FALSE,NA,TRUE,0.589040434058665,0.635461038623168,0.0252595476260827,0.584856012051015,0.635477201258095,0.685810320961684,TRUE,1.83774488964204,0.10095430891067,0.0464206045645034,0.0788071614110622,0.101359984218959,0.0498653698827579,0.995997677866518,0.93091868512449
26,"survival_80",125,"three_by_four",2,"all_vital_rates",FALSE,NA,TRUE,0.589040434058665,0.635790395292881,0.0243668307990147,0.585325194298402,0.634921770663325,0.679717940660649,TRUE,1.91859013672414,0.0943927463622474,0.0467499612342156,0.0793663024320663,0.101359984218959,0.0498653698827579,0.931262441382582,0.937523602935922
26,"survival_80",5,"three_by_four",2,"weak",FALSE,NA,TRUE,0.589040434058665,0.638905803941423,0.0262597578756507,0.584868479400095,0.639314060436962,0.686228463619053,TRUE,1.89892725282876,0.101359984218959,0.0498653698827579,0.0846552579407335,0.101359984218959,0.0498653698827579,1,1
26,"survival_80",65,"three_by_four",2,"recruit_size",FALSE,NA,TRUE,0.589040434058665,0.639516648355594,0.0260611863456178,0.58480217665224,0.640494623778042,0.688582833673838,TRUE,1.936834863445,0.103780657021597,0.0504762142969293,0.0856922740415849,0.101359984218959,0.0498653698827579,1.02388193744594,1.01224987231836
26,"survival_80",155,"three_by_four",2,"all_vital_rates_biased",FALSE,NA,TRUE,0.589040434058665,0.640545395874575,0.0257614242403444,0.59234458191154,0.64111054546522,0.690149353815745,FALSE,1.99930568028337,0.0978047719042046,0.0515049618159102,0.0874387543500632,0.101359984218959,0.0498653698827579,0.964924892775495,1.03288037243095
26,"survival_110",125,"three_by_four",2,"all_vital_rates",FALSE,NA,TRUE,0.789181706522253,0.812023401091916,0.0274711788977915,0.753037911790477,0.813010384871392,0.861817473819679,TRUE,0.831478498052355,0.108779562029202,0.0228416945696632,0.0289435175459419,0.116896228598674,0.0261233990817316,0.930565197297021,0.874376818200382
26,"survival_110",35,"three_by_four",2,"survival_growth",FALSE,NA,TRUE,0.789181706522253,0.812444585791788,0.0279892174535794,0.749603782652908,0.813731519558608,0.86365421920005,TRUE,0.831137180170089,0.114050436547143,0.0232628792695354,0.0294772155477979,0.116896228598674,0.0261233990817316,0.975655398932491,0.890499708585145
26,"survival_110",5,"three_by_four",2,"weak",FALSE,NA,TRUE,0.789181706522253,0.815305105603984,0.029412743546034,0.750825792241766,0.81672121038026,0.86772202084044,TRUE,0.888166010112104,0.116896228598674,0.0261233990817316,0.0331018811838043,0.116896228598674,0.0261233990817316,1,1
26,"survival_110",65,"three_by_four",2,"recruit_size",FALSE,NA,TRUE,0.789181706522253,0.81520165826746,0.0287447652680862,0.751089618570008,0.817240452354585,0.86518501106506,TRUE,0.905206617710502,0.114095392495052,0.0260199517452067,0.0329707994117993,0.116896228598674,0.0261233990817316,0.976039978900968,0.996040050676359
26,"survival_110",155,"three_by_four",2,"all_vital_rates_biased",FALSE,NA,TRUE,0.789181706522253,0.81697200804223,0.0287321533127659,0.756392495104447,0.819137727100895,0.867822268891423,TRUE,0.967219589059836,0.111429773786976,0.0277903015199776,0.0352140721082389,0.116896228598674,0.0261233990817316,0.953236687981915,1.06380878816845
26,"survival_110",95,"three_by_four",2,"fecundity",FALSE,NA,TRUE,0.789181706522253,0.81447024700591,0.0307012887660469,0.749518331179584,0.81651065766364,0.869115156881037,TRUE,0.823696382140949,0.119596825701453,0.0252885404836574,0.0320440023820348,0.116896228598674,0.0261233990817316,1.0231025169516,0.968041731649767
26,"growth_increment_50",35,"three_by_four",2,"survival_growth",FALSE,NA,TRUE,12,10.0528180529754,1.12589132130257,7.96003496883656,10.0397454030791,12.1932186652265,TRUE,-1.72945817254535,4.23318369638989,1.94718194702461,0.162265162252051,4.64393161226835,2.07808256028125,0.911551687196827,0.937008944803943
26,"growth_increment_50",125,"three_by_four",2,"all_vital_rates",FALSE,NA,TRUE,12,10.0016404724617,1.14405375955817,7.79703847697825,10.053032752525,12.210019822326,TRUE,-1.74673568513955,4.41298134534771,1.99835952753832,0.166529960628193,4.64393161226835,2.07808256028125,0.950268374686976,0.961636253406531
26,"growth_increment_50",5,"three_by_four",2,"weak",FALSE,NA,TRUE,12,9.92191743971875,1.21727384744066,7.49498010843248,9.89102237162376,12.1389117207008,TRUE,-1.70716109990407,4.64393161226835,2.07808256028125,0.173173546690104,4.64393161226835,2.07808256028125,1,1
26,"growth_increment_50",65,"three_by_four",2,"recruit_size",FALSE,NA,TRUE,12,9.90431735655721,1.22448191610956,7.54163682098668,9.916410408773,12.2221774476612,TRUE,-1.71148517252196,4.68054062667449,2.09568264344279,0.174640220286899,4.64393161226835,2.07808256028125,1.00788319412573,1.00846938591273
26,"growth_increment_50",155,"three_by_four",2,"all_vital_rates_biased",FALSE,NA,TRUE,12,9.85455861673707,1.20349660447169,7.56512234407649,9.86109524523178,12.255502577332,TRUE,-1.7826733995687,4.69038023325555,2.14544138326293,0.178786781938578,4.64393161226835,2.07808256028125,1.01000200366097,1.03241393016289
26,"growth_increment_50",95,"three_by_four",2,"fecundity",FALSE,NA,TRUE,12,9.89643927236859,1.25330734099043,7.32634749918047,9.89341565679048,12.2538930180588,TRUE,-1.67840772876114,4.92754551887837,2.10356072763141,0.175296727302618,4.64393161226835,2.07808256028125,1.06107193866955,1.01226042113876
26,"growth_increment_80",35,"three_by_four",2,"survival_growth",FALSE,NA,TRUE,8.4,7.37114441214281,0.746305521227851,5.92331195658067,7.37487733085228,8.84069428366649,TRUE,-1.3785983871116,2.91738232708582,1.02885558785719,0.122482808078237,3.19284762383237,1.11924888154527,0.913724258342179,0.919237539408328
26,"growth_increment_80",5,"three_by_four",2,"weak",FALSE,NA,TRUE,8.4,7.28075111845473,0.807671655385323,5.64000600316068,7.27502956816646,8.83285362699305,TRUE,-1.38577214401723,3.19284762383237,1.11924888154527,0.133243914469675,3.19284762383237,1.11924888154527,1,1
26,"growth_increment_80",125,"three_by_four",2,"all_vital_rates",FALSE,NA,TRUE,8.4,7.30133192233113,0.751409199680892,5.81974024995253,7.31143565237896,8.78339955191086,TRUE,-1.46214350068572,2.96365930195833,1.09866807766887,0.130793818770104,3.19284762383237,1.11924888154527,0.928218208672626,0.981611950464512
26,"growth_increment_80",155,"three_by_four",2,"all_vital_rates_biased",FALSE,NA,TRUE,8.4,7.2374579732939,0.765555186644146,5.78531805026337,7.22699133195151,8.72078101179615,TRUE,-1.51856070860439,2.93546296153278,1.1625420267061,0.138397860322155,3.19284762383237,1.11924888154527,0.919387113754382,1.03868053466452
26,"growth_increment_80",95,"three_by_four",2,"fecundity",FALSE,NA,TRUE,8.4,7.2465045503259,0.831451792608163,5.57683766061732,7.22863088528508,8.84845904368751,TRUE,-1.38732691411456,3.27162138307019,1.1534954496741,0.137320886865964,3.19284762383237,1.11924888154527,1.02467194445793,1.03059781313478
26,"growth_increment_80",65,"three_by_four",2,"recruit_size",FALSE,NA,TRUE,8.4,7.28010768855398,0.806399041078831,5.69364525830259,7.27014114483338,8.81873122552122,TRUE,-1.38875699795945,3.12508596721863,1.11989231144602,0.133320513267383,3.19284762383237,1.11924888154527,0.978777046512351,1.00057487651885
26,"growth_increment_110",155,"three_by_four",2,"all_vital_rates_biased",FALSE,NA,TRUE,4.8,4.62035732985072,0.560056583794067,3.46248367484681,4.64587873813571,5.69155277505565,TRUE,-0.320758072215311,2.22906910020884,0.179642670149278,0.0374255562810995,2.56818957962511,0.160415202809288,0.86795348672594,1.11986063043444
26,"growth_increment_110",95,"three_by_four",2,"fecundity",FALSE,NA,TRUE,4.8,4.59656982828319,0.632262717472633,3.39600875583208,4.59307563216138,5.90628803413971,TRUE,-0.321749434364861,2.51027927830763,0.20343017171681,0.0423812857743353,2.56818957962511,0.160415202809288,0.977450924270967,1.26814770766248
26,"growth_increment_110",65,"three_by_four",2,"recruit_size",FALSE,NA,TRUE,4.8,4.65589802055079,0.634252996531018,3.39318513236865,4.65235513160848,5.88215371253526,TRUE,-0.227199524854224,2.4889685801666,0.144101979449215,0.0300212457185865,2.56818957962511,0.160415202809288,0.969152978391077,0.898306251063578
26,"growth_increment_110",35,"three_by_four",2,"survival_growth",FALSE,NA,TRUE,4.8,4.68947077131023,0.600959799562971,3.50031794422175,4.67963771309107,5.86846382687921,TRUE,-0.183921168720693,2.36814588265746,0.110529228689775,0.0230269226437032,2.56818957962511,0.160415202809288,0.922107114461209,0.689019661192459
26,"growth_increment_110",125,"three_by_four",2,"all_vital_rates",FALSE,NA,TRUE,4.8,4.60102337220059,0.58766192952961,3.50002949053377,4.6043173212107,5.73786571320446,TRUE,-0.338590297926358,2.2378362226707,0.198976627799409,0.0414534641248769,2.56818957962511,0.160415202809288,0.871367223208405,1.24038510262625
26,"growth_increment_110",5,"three_by_four",2,"weak",FALSE,NA,TRUE,4.8,4.63958479719071,0.637146706180598,3.31269435898544,4.61848905399381,5.88088393861055,TRUE,-0.251771218862456,2.56818957962511,0.160415202809288,0.0334198339186017,2.56818957962511,0.160415202809288,1,1
26,"growth_sd.log_growth_sd",35,"three_by_four",2,"survival_growth",FALSE,NA,TRUE,4.5,4.81539313733372,0.656013099377668,3.59072836496371,4.78328670925262,6.16959577377091,TRUE,0.48077262120668,2.5788674088072,0.31539313733372,0.0700873638519377,2.70850378906656,0.391427031921569,0.952137271957063,0.805752060059347
26,"growth_sd.log_growth_sd",5,"three_by_four",2,"weak",FALSE,NA,TRUE,4.5,4.89142703192157,0.707179901569984,3.62168519602694,4.85345939005467,6.3301889850935,TRUE,0.553504180552326,2.70850378906656,0.391427031921569,0.0869837848714597,2.70850378906656,0.391427031921569,1,1
26,"growth_sd.log_growth_sd",155,"three_by_four",2,"all_vital_rates_biased",FALSE,NA,TRUE,4.5,4.94103235235163,0.685546696739733,3.74503621221729,4.87424366361006,6.43761977711964,TRUE,0.643329410598947,2.69258356490235,0.441032352351628,0.0980071894114728,2.70850378906656,0.391427031921569,0.994122133323767,1.12672941923949
26,"growth_sd.log_growth_sd",65,"three_by_four",2,"recruit_size",FALSE,NA,TRUE,4.5,4.85730041200455,0.71286195312228,3.54690048725229,4.81788945385554,6.410411213242,TRUE,0.501219640688632,2.86351072598971,0.357300412004546,0.0794000915565657,2.70850378906656,0.391427031921569,1.05722972866011,0.912814861688292
26,"growth_sd.log_growth_sd",125,"three_by_four",2,"all_vital_rates",FALSE,NA,TRUE,4.5,4.825437021338,0.703259469259443,3.6194359824671,4.76209382642358,6.31313811527935,TRUE,0.462755263972056,2.69370213281225,0.325437021338002,0.0723193380751115,2.70850378906656,0.391427031921569,0.994535117021413,0.831411718655165
26,"growth_sd.log_growth_sd",95,"three_by_four",2,"fecundity",FALSE,NA,TRUE,4.5,4.83559377113989,0.70995370628215,3.591902163999,4.81593976731474,6.38907643995819,TRUE,0.472698104355726,2.79717427595919,0.335593771139894,0.0745763935866432,2.70850378906656,0.391427031921569,1.03273781164736,0.857359721663624
26,"recruitment_50",35,"three_by_four",2,"survival_growth",FALSE,NA,TRUE,0.019387103915861,0.0364543502457053,0.0235071382981481,0.00974901032395445,0.0311624638239582,0.0975975027031119,TRUE,0.726045259672837,0.0878484923791575,0.0170672463298443,0.170672463298443,0.0823595904799257,0.0169897832975391,1.0666455705674,1.00455938907216
26,"recruitment_50",5,"three_by_four",2,"weak",FALSE,NA,TRUE,0.019387103915861,0.0363768872134001,0.0230703753608804,0.0102072739177368,0.0307413179805628,0.0925668643976625,TRUE,0.736432894210643,0.0823595904799257,0.0169897832975391,0.169897832975391,0.0823595904799257,0.0169897832975391,1,1
26,"recruitment_50",125,"three_by_four",2,"all_vital_rates",FALSE,NA,TRUE,0.019387103915861,0.0301818585488461,0.0172322901042503,0.00927926115468025,0.0263908959842778,0.0728546570872857,TRUE,0.626426004186327,0.0635753959326055,0.0107947546329851,0.107947546329851,0.0823595904799257,0.0169897832975391,0.771924624225777,0.635367411340006
26,"recruitment_50",95,"three_by_four",2,"fecundity",FALSE,NA,TRUE,0.019387103915861,0.0313293353232804,0.0167528475046875,0.0101134340500164,0.0277624698622194,0.0740476520198856,TRUE,0.712847854914092,0.0639342179698692,0.0119422314074194,0.119422314074194,0.0823595904799257,0.0169897832975391,0.776281397191412,0.7029066350216
26,"recruitment_50",65,"three_by_four",2,"recruit_size",FALSE,NA,TRUE,0.019387103915861,0.0354793956056366,0.0209988542702791,0.0094299891921071,0.029884695576615,0.0901925044248729,TRUE,0.766341414757662,0.0807625152327658,0.0160922916897756,0.160922916897756,0.0823595904799257,0.0169897832975391,0.980608509126218,0.947174628890444
26,"recruitment_50",155,"three_by_four",2,"all_vital_rates_biased",FALSE,NA,TRUE,0.019387103915861,0.03823472686957,0.0204863957665468,0.0125619822850281,0.0327199632996199,0.0905620507465989,TRUE,0.920006777594634,0.0780000684615708,0.018847622953709,0.18847622953709,0.0823595904799257,0.0169897832975391,0.947067220794189,1.10935040333558
26,"recruitment_80",65,"three_by_four",2,"recruit_size",FALSE,NA,TRUE,0.183939720585721,0.226782818812306,0.0683366875444344,0.119272831041966,0.21504909484018,0.386356441549558,TRUE,0.626941395114113,0.267083610507592,0.0428430982265849,0.232919230768424,0.271948642238432,0.046159891105636,0.98211047611492,0.928145565346751
26,"recruitment_80",125,"three_by_four",2,"all_vital_rates",FALSE,NA,TRUE,0.183939720585721,0.210699737871319,0.0589123051851635,0.120235932770786,0.202986557957794,0.342218382085462,TRUE,0.454234768126797,0.221982449314676,0.0267600172855978,0.145482537433381,0.271948642238432,0.046159891105636,0.816266069532541,0.579724445717562
26,"recruitment_80",155,"three_by_four",2,"all_vital_rates_biased",FALSE,NA,TRUE,0.183939720585721,0.237857025311653,0.0626928917856974,0.137389857020346,0.229253894827335,0.38279667160911,TRUE,0.860022614848214,0.245406814588764,0.0539173047259316,0.293124859351978,0.271948642238432,0.046159891105636,0.902401323164553,1.1680552842411
26,"recruitment_80",35,"three_by_four",2,"survival_growth",FALSE,NA,TRUE,0.183939720585721,0.230557711600497,0.0708942019986019,0.122361272582088,0.222316651340167,0.397591980097857,TRUE,0.657571278053106,0.275230707515769,0.0466179910147758,0.253441675709464,0.271948642238432,0.046159891105636,1.01206869521511,1.00992419821987
26,"recruitment_80",95,"three_by_four",2,"fecundity",FALSE,NA,TRUE,0.183939720585721,0.215176583517387,0.0587002473594149,0.121547116668127,0.209946314779119,0.345285319466872,TRUE,0.532141930176308,0.223738202798744,0.0312368629316658,0.169821193770426,0.271948642238432,0.046159891105636,0.82272226460532,0.676710065458795
26,"recruitment_80",5,"three_by_four",2,"weak",FALSE,NA,TRUE,0.183939720585721,0.230099611691357,0.0712345873455663,0.125282109328887,0.218209590913593,0.397230751567319,TRUE,0.647998294448027,0.271948642238432,0.046159891105636,0.250951186392197,0.271948642238432,0.046159891105636,1,1
26,"recruitment_110",125,"three_by_four",2,"all_vital_rates",FALSE,NA,TRUE,1.74517147873092,1.57161984446472,0.110095153265749,1.37923983232433,1.56672640547328,1.78850713465042,TRUE,-1.57637851547633,0.409267302326094,0.1735516342662,0.0994467514403833,0.468423387769747,0.16453925390318,0.873712357264426,1.05477343642462
26,"recruitment_110",35,"three_by_four",2,"survival_growth",FALSE,NA,TRUE,1.74517147873092,1.58501605281388,0.11641140669929,1.36552852053176,1.57955956299099,1.81992522211362,TRUE,-1.37577090130651,0.454396701581852,0.16015542591704,0.0917705955368376,0.468423387769747,0.16453925390318,0.970055538314006,0.973356947463011
26,"recruitment_110",155,"three_by_four",2,"all_vital_rates_biased",FALSE,NA,TRUE,1.74517147873092,1.57674037619639,0.111909699075057,1.36277800099222,1.57339361715446,1.80538220172757,TRUE,-1.50506259892245,0.442604200735349,0.168431102534534,0.0965126376331893,0.468423387769747,0.16453925390318,0.944880662006805,1.02365301008138
26,"recruitment_110",95,"three_by_four",2,"fecundity",FALSE,NA,TRUE,1.74517147873092,1.57223884189686,0.119452670786281,1.35549674849589,1.5678893058102,1.81091400317358,TRUE,-1.44770841619326,0.455417254677689,0.172932636834063,0.0990920599732805,0.468423387769747,0.16453925390318,0.972234236309203,1.05101143181202
26,"recruitment_110",5,"three_by_four",2,"weak",FALSE,NA,TRUE,1.74517147873092,1.58063222482774,0.116033435292795,1.35949351909028,1.57996425654952,1.82791690686003,TRUE,-1.4180331168166,0.468423387769747,0.16453925390318,0.0942825710301154,0.468423387769747,0.16453925390318,1,1
26,"recruitment_110",65,"three_by_four",2,"recruit_size",FALSE,NA,TRUE,1.74517147873092,1.56715839177917,0.12265038496138,1.35473597356603,1.56308832672667,1.81668676723655,TRUE,-1.45138628800717,0.461950793670518,0.178013086951747,0.102003206631131,0.468423387769747,0.16453925390318,0.986182171368415,1.08188825905638
26,"recruit_mean_50",155,"three_by_four",2,"all_vital_rates_biased",FALSE,NA,TRUE,44,45.3619662740962,1.6552765065244,42.2291467282893,45.3258253270567,48.6430159088048,TRUE,0.822802878387938,6.41386918051551,1.3619662740962,0.0309537789567319,7.93780202145975,1.95764625643913,0.808015765973465,0.695716230456038
26,"recruit_mean_50",125,"three_by_four",2,"all_vital_rates",FALSE,NA,TRUE,44,45.2744441854445,1.63295884885995,42.2365131214429,45.2572140777517,48.4907994216834,TRUE,0.780450889092663,6.25428630024058,1.27444418544448,0.0289646405782836,7.93780202145975,1.95764625643913,0.787911601137468,0.651008414442882
26,"recruit_mean_50",5,"three_by_four",2,"weak",FALSE,NA,TRUE,44,45.9576462564391,2.04450153103272,42.0315328741813,46.0002022383633,49.969334895641,TRUE,0.957517628001131,7.93780202145975,1.95764625643913,0.0444919603736165,7.93780202145975,1.95764625643913,1,1
26,"recruit_mean_50",35,"three_by_four",2,"survival_growth",FALSE,NA,TRUE,44,45.9128523523398,1.95236519673469,41.8611372118599,45.9096750006604,49.7332819894443,TRUE,0.979761550522956,7.87214477758442,1.91285235233983,0.0434739170986326,7.93780202145975,1.95764625643913,0.991728535972827,0.977118489128485
26,"recruit_mean_50",65,"three_by_four",2,"recruit_size",FALSE,NA,TRUE,44,45.2138322388454,1.69061270078274,41.8583212162029,45.2728737399514,48.4983150069233,TRUE,0.717983627050377,6.63999379072037,1.21383223884543,0.0275870963373961,7.93780202145975,1.95764625643913,0.836502821910806,0.620046770376858
26,"recruit_mean_50",95,"three_by_four",2,"fecundity",FALSE,NA,TRUE,44,46.0471950587316,2.03552226778856,41.8486918683656,46.0860996278512,50.038424699578,TRUE,1.005734543477,8.18973283121237,2.04719505873159,0.0465271604257179,7.93780202145975,1.95764625643913,1.03173810698119,1.04574309684291
26,"recruit_mean_80",35,"three_by_four",2,"survival_growth",FALSE,NA,TRUE,44.6,45.5102014079231,1.06496965454321,43.300600597144,45.5064946659089,47.6137723593532,TRUE,0.854673561861709,4.31317176220915,0.910201407923083,0.020408103316661,4.341918525164,0.925961018063717,0.993379248645906,0.982980266087671
26,"recruit_mean_80",5,"three_by_four",2,"weak",FALSE,NA,TRUE,44.6,45.5259610180637,1.119225984902,43.3851262192798,45.5349220576775,47.7270447444438,TRUE,0.827322659190044,4.341918525164,0.925961018063717,0.0207614578041192,4.341918525164,0.925961018063717,1,1
26,"recruit_mean_80",95,"three_by_four",2,"fecundity",FALSE,NA,TRUE,44.6,45.5847288365218,1.12264656616221,43.2635884346612,45.6320471311848,47.8040569884476,TRUE,0.877149466450632,4.54046855378644,0.984728836521818,0.022079121895108,4.341918525164,0.925961018063717,1.04572863987929,1.06346683857274
26,"recruit_mean_80",65,"three_by_four",2,"recruit_size",FALSE,NA,TRUE,44.6,45.1169477657681,0.927857455591454,43.2355377322423,45.1546096478547,46.8819339300184,TRUE,0.557141361157247,3.64639619777607,0.516947765768123,0.0115907570800028,4.341918525164,0.925961018063717,0.839812211270902,0.558282428399757
26,"recruit_mean_80",125,"three_by_four",2,"all_vital_rates",FALSE,NA,TRUE,44.6,45.1684058781449,0.903856918135025,43.5557526124719,45.152847183486,46.9756477485127,TRUE,0.628867099139661,3.41989513604084,0.568405878144887,0.0127445264158046,4.341918525164,0.925961018063717,0.78764608691308,0.613855083590327
26,"recruit_mean_80",155,"three_by_four",2,"all_vital_rates_biased",FALSE,NA,TRUE,44.6,45.2030533573004,0.894915404752601,43.5272505930386,45.1886616063634,46.92780794969,TRUE,0.673866327585563,3.40055735665134,0.603053357300382,0.0135213757242238,4.341918525164,0.925961018063717,0.783192346181323,0.651272942959771
26,"recruit_mean_110",95,"three_by_four",2,"fecundity",FALSE,NA,TRUE,45.2,45.1222626143121,0.297098958975076,44.5690676702919,45.1189803529399,45.7297559419475,TRUE,-0.261654857210256,1.16068827165561,0.0777373856879393,0.00171985366566237,1.13870979925869,0.105724220311807,1.01930120598876,0.735284549355605
26,"recruit_mean_110",65,"three_by_four",2,"recruit_size",FALSE,NA,TRUE,45.2,45.0200632926909,0.268952577646719,44.4752721602237,45.0164358554264,45.5281306378781,TRUE,-0.669027636334573,1.05285847765435,0.179936707309075,0.00398090060418307,1.13870979925869,0.105724220311807,0.924606496176438,1.70194404629703
26,"recruit_mean_110",125,"three_by_four",2,"all_vital_rates",FALSE,NA,TRUE,45.2,45.0623675708452,0.266250178831165,44.5344068662415,45.0669635837405,45.589549109088,TRUE,-0.516928964175791,1.05514224284647,0.137632429154813,0.0030449652467879,1.13870979925869,0.105724220311807,0.926612068793451,1.30180604547285
26,"recruit_mean_110",155,"three_by_four",2,"all_vital_rates_biased",FALSE,NA,TRUE,45.2,45.0441404405045,0.255544263555299,44.5535282679366,45.0378155434053,45.541779344833,TRUE,-0.609912182441944,0.988251076896418,0.155859559495532,0.00344822034282151,1.13870979925869,0.105724220311807,0.86786912481106,1.4742086442999
26,"recruit_mean_110",5,"three_by_four",2,"weak",FALSE,NA,TRUE,45.2,45.0942757796882,0.286015795387268,44.539517842666,45.0859400538925,45.6782276419247,TRUE,-0.369644691016645,1.13870979925869,0.105724220311807,0.00233903142282758,1.13870979925869,0.105724220311807,1,1
26,"recruit_mean_110",35,"three_by_four",2,"survival_growth",FALSE,NA,TRUE,45.2,45.1075504635063,0.279998264257255,44.5966882763316,45.0932251690654,45.6913592741848,TRUE,-0.330178962855202,1.09467099785322,0.0924495364937172,0.00204534372773711,1.13870979925869,0.105724220311807,0.96132570262051,0.874440466158663
26,"recruit_sd.log_recruit_sd",125,"three_by_four",2,"all_vital_rates",FALSE,NA,TRUE,3.5,3.37625713690916,0.178502990441576,3.04693817281549,3.37295421337707,3.75663583195627,TRUE,-0.693225714508937,0.70969765914078,0.123742863090844,0.0353551037402411,0.728421839278887,0.14316448283334,0.974294867165648,0.864340516878717
26,"recruit_sd.log_recruit_sd",155,"three_by_four",2,"all_vital_rates_biased",FALSE,NA,TRUE,3.5,3.37641606559411,0.191714751817449,3.00184711353862,3.3655484825828,3.79227761190432,TRUE,-0.644624022065692,0.790430498365699,0.12358393440589,0.0353096955445399,0.728421839278887,0.14316448283334,1.08512740247903,0.863230404357728
26,"recruit_sd.log_recruit_sd",95,"three_by_four",2,"fecundity",FALSE,NA,TRUE,3.5,3.36111060084101,0.20160865997192,2.97233853920307,3.35180700524052,3.7823562885775,TRUE,-0.68890591891407,0.810017749374424,0.13888939915899,0.0396826854739972,0.728421839278887,0.14316448283334,1.11201738566256,0.97013865736988
26,"recruit_sd.log_recruit_sd",5,"three_by_four",2,"weak",FALSE,NA,TRUE,3.5,3.35683551716666,0.197396168736621,3.0129021381196,3.34582249025,3.74132397739849,TRUE,-0.725264749309091,0.728421839278887,0.14316448283334,0.040904137952383,0.728421839278887,0.14316448283334,1,1
26,"recruit_sd.log_recruit_sd",65,"three_by_four",2,"recruit_size",FALSE,NA,TRUE,3.5,3.36010582251475,0.179299992538974,3.0351677817414,3.36160096743041,3.70195485139504,TRUE,-0.780224112138983,0.666787069653642,0.139894177485247,0.039969764995785,0.728421839278887,0.14316448283334,0.915385884522269,0.977157006518858
26,"recruit_sd.log_recruit_sd",35,"three_by_four",2,"survival_growth",FALSE,NA,TRUE,3.5,3.35836558084428,0.192210340579465,3.0040014981358,3.35724747327994,3.75010586672354,TRUE,-0.736872005578506,0.746104368587748,0.141634419155718,0.0404669769016337,0.728421839278887,0.14316448283334,1.0242751224021,0.989312547027438
26,"lambda",125,"three_by_four",2,"all_vital_rates",FALSE,NA,TRUE,1.03119869581319,1.03247181384497,0.015650620972891,1.00259892891926,1.0322965018034,1.06229504289156,TRUE,0.0813461672852809,0.0596961139722956,0.00127311803177932,0.00123460011823944,0.0650299030834933,0.000774293900601242,0.917979439330402,1.64423099651274
26,"lambda",5,"three_by_four",2,"weak",FALSE,NA,TRUE,1.03119869581319,1.03197298971379,0.0172723433644208,0.997466314284965,1.03284044469541,1.06249621736846,TRUE,0.0448285379849618,0.0650299030834933,0.000774293900601242,0.000750867804376577,0.0650299030834933,0.000774293900601242,1,1
26,"lambda",35,"three_by_four",2,"survival_growth",FALSE,NA,TRUE,1.03119869581319,1.03136193151588,0.0165164306652761,0.999282730166378,1.03140955257481,1.06426907759856,TRUE,0.00988323118953405,0.0649863474321803,0.000163235702690834,0.000158297041446613,0.0650299030834933,0.000774293900601242,0.999330221186751,0.210818789304786
26,"lambda",95,"three_by_four",2,"fecundity",FALSE,NA,TRUE,1.03119869581319,1.03160999957322,0.0174852765157874,0.996943074119603,1.03201289417795,1.06577913308361,TRUE,0.0235228627728742,0.0688360589640102,0.000411303760026627,0.000398859852806812,0.0650299030834933,0.000774293900601242,1.05852931805281,0.531198501896048
26,"lambda",65,"three_by_four",2,"recruit_size",FALSE,NA,TRUE,1.03119869581319,1.0331960939761,0.0164771492650402,0.999388673006918,1.03376014787014,1.06247595688893,TRUE,0.121222314053069,0.0630872838820142,0.00199739816290601,0.00193696730903144,0.0650299030834933,0.000774293900601242,0.970127293608528,2.57963825022387
26,"lambda",155,"three_by_four",2,"all_vital_rates_biased",FALSE,NA,TRUE,1.03119869581319,1.03144348531378,0.0164406772312037,0.996183274832042,1.03221281675022,1.06206053663836,TRUE,0.0148892589484897,0.065877261806314,0.000244789500583931,0.000237383446641088,0.0650299030834933,0.000774293900601242,1.01303029349025,0.316145458970878
27,"survival_50",6,"six_by_two",2,"weak",FALSE,NA,TRUE,0.354343693774205,0.367657295975596,0.0275876079707015,0.31704332882751,0.365909390221197,0.426277126953492,TRUE,0.48259356938561,0.109233798125982,0.0133136022013917,0.037572567073468,0.109233798125982,0.0133136022013917,1,1
27,"survival_50",36,"six_by_two",2,"survival_growth",FALSE,NA,TRUE,0.354343693774205,0.360197249217476,0.0247766630025836,0.314779672972338,0.358963114919844,0.40996841350288,TRUE,0.236252777166212,0.0951887405305425,0.00585355544327171,0.0165194288655853,0.109233798125982,0.0133136022013917,0.871422052181677,0.43966729324839
27,"survival_50",126,"six_by_two",2,"all_vital_rates",FALSE,NA,TRUE,0.354343693774205,0.363960624505556,0.0265198843401119,0.311002666286876,0.363260026496179,0.416931870714915,TRUE,0.362630945445162,0.105929204428039,0.00961693073135111,0.0271401210189992,0.109233798125982,0.0133136022013917,0.96974751629407,0.722338746935508
27,"survival_50",96,"six_by_two",2,"fecundity",FALSE,NA,TRUE,0.354343693774205,0.370242866114854,0.0269142021291915,0.318423145854334,0.371168197003029,0.422798640912459,TRUE,0.590735414125647,0.104375495058124,0.0158991723406493,0.0448693531731952,0.109233798125982,0.0133136022013917,0.955523810842366,1.19420515200517
27,"survival_50",66,"six_by_two",2,"recruit_size",FALSE,NA,TRUE,0.354343693774205,0.367670056232417,0.0273302445495179,0.314545178861866,0.367456259429954,0.423241607909027,TRUE,0.487604947481069,0.108696429047161,0.0133263624582124,0.0376085780341396,0.109233798125982,0.0133136022013917,0.995080560339013,1.00095843759095
27,"survival_50",156,"six_by_two",2,"all_vital_rates_biased",FALSE,NA,TRUE,0.354343693774205,0.366303950552511,0.0261843840486407,0.317917805896234,0.365046386435962,0.419650391769647,TRUE,0.456770598693059,0.101732585873414,0.0119602567783066,0.033753265511557,0.109233798125982,0.0133136022013917,0.93132883428701,0.89834866607749
27,"survival_80",36,"six_by_two",2,"survival_growth",FALSE,NA,TRUE,0.589040434058665,0.56021888392894,0.0277894345938129,0.505317133290355,0.56047132063246,0.617462555873048,TRUE,-1.03714057342289,0.112145422582693,0.028821550129725,0.0489296633359036,0.116492010275484,0.0308329578554692,0.962687675467936,0.934764360423258
27,"survival_80",96,"six_by_two",2,"fecundity",FALSE,NA,TRUE,0.589040434058665,0.559835122005294,0.0304710864875515,0.500064982680995,0.559587897659754,0.619558675285608,TRUE,-0.958459819452195,0.119493692604613,0.0292053120533708,0.0495811668685246,0.116492010275484,0.0308329578554692,1.02576728070904,0.947210844651102
27,"survival_80",6,"six_by_two",2,"weak",FALSE,NA,TRUE,0.589040434058665,0.558207476203196,0.0304143382308953,0.495734784805859,0.559344401839706,0.612226795081343,TRUE,-1.01376389061619,0.116492010275484,0.0308329578554692,0.052344382613976,0.116492010275484,0.0308329578554692,1,1
27,"survival_80",66,"six_by_two",2,"recruit_size",FALSE,NA,TRUE,0.589040434058665,0.557901803802683,0.0295013746777881,0.499970927036183,0.558320712781784,0.613850128003727,TRUE,-1.05549760294482,0.113879200967544,0.0311386302559824,0.0528633154118604,0.116492010275484,0.0308329578554692,0.977570914075896,1.00991382020324
27,"survival_80",156,"six_by_two",2,"all_vital_rates_biased",FALSE,NA,TRUE,0.589040434058665,0.56487984489056,0.0291880261717926,0.509155692830995,0.56552439587587,0.622868058397006,TRUE,-0.827756869406054,0.113712365566011,0.024160589168105,0.0410168602546201,0.116492010275484,0.0308329578554692,0.976138752323875,0.783596218091005
27,"survival_80",126,"six_by_two",2,"all_vital_rates",FALSE,NA,TRUE,0.589040434058665,0.56291240430082,0.0292132125267249,0.505695941640579,0.563708191144485,0.61875014735526,TRUE,-0.894390842292412,0.113054205714681,0.0261280297578447,0.0443569375667723,0.116492010275484,0.0308329578554692,0.970488924067209,0.847405879134947
27,"survival_110",66,"six_by_two",2,"recruit_size",FALSE,NA,TRUE,0.789181706522253,0.729999790916314,0.0533678274915596,0.609438605187267,0.733526805663418,0.822021834831731,TRUE,-1.10894369112737,0.212583229644465,0.0591819156059387,0.0749914945022486,0.200604300379918,0.0586245054604531,1.0597142196945,1.00950814239041
27,"survival_110",156,"six_by_two",2,"all_vital_rates_biased",FALSE,NA,TRUE,0.789181706522253,0.74253785854515,0.0466841652467403,0.645848380341833,0.748588842704388,0.827278568432857,TRUE,-0.999136382338121,0.181430188091024,0.0466438479771032,0.0591040663913159,0.200604300379918,0.0586245054604531,0.904418239027874,0.795637380831608
27,"survival_110",36,"six_by_two",2,"survival_growth",FALSE,NA,TRUE,0.789181706522253,0.740350271426865,0.0461615856152576,0.640351986958717,0.743915776208494,0.822134584376033,TRUE,-1.05783704013945,0.181782597417316,0.048831435095388,0.0618760352550203,0.200604300379918,0.0586245054604531,0.90617497767019,0.832952614471584
27,"survival_110",126,"six_by_two",2,"all_vital_rates",FALSE,NA,TRUE,0.789181706522253,0.741271428985342,0.0480918439206731,0.633448437246987,0.743601036766433,0.828301721702717,TRUE,-0.996224590929351,0.194853284455729,0.0479102775369108,0.0607088039940012,0.200604300379918,0.0586245054604531,0.971331542178823,0.817239773037064
27,"survival_110",96,"six_by_two",2,"fecundity",FALSE,NA,TRUE,0.789181706522253,0.730958922197946,0.0520472987943908,0.61769585006901,0.733791942347313,0.822961310757131,TRUE,-1.11865141271426,0.205265460688121,0.0582227843243067,0.073776145396073,0.200604300379918,0.0586245054604531,1.02323559514614,0.993147556077597
27,"survival_110",6,"six_by_two",2,"weak",FALSE,NA,TRUE,0.789181706522253,0.7305572010618,0.0526733582514681,0.617442628812373,0.734497335207121,0.818046929192291,TRUE,-1.11298211100522,0.200604300379918,0.0586245054604531,0.0742851804292298,0.200604300379918,0.0586245054604531,1,1
27,"growth_increment_50",126,"six_by_two",2,"all_vital_rates",FALSE,NA,TRUE,12,12.8769268281921,1.3263313555891,10.3333673897673,12.8798615112792,15.3573917305426,TRUE,0.661167229815401,5.02402434077529,0.876926828192149,0.0730772356826791,5.79015010692719,1.080162400046,0.867684645129438,0.811847207563234
27,"growth_increment_50",96,"six_by_two",2,"fecundity",FALSE,NA,TRUE,12,12.9201921118284,1.51184629253602,9.88600484416597,12.9819513213255,15.7237146083174,TRUE,0.608654541385157,5.83770976415146,0.920192111828362,0.0766826759856968,5.79015010692719,1.080162400046,1.00821389020077,0.851901632374143
27,"growth_increment_50",6,"six_by_two",2,"weak",FALSE,NA,TRUE,12,13.080162400046,1.45800423854492,10.2403215493975,13.0529896366284,16.0304716563247,TRUE,0.740849972510369,5.79015010692719,1.080162400046,0.0900135333371669,5.79015010692719,1.080162400046,1,1
27,"growth_increment_50",66,"six_by_two",2,"recruit_size",FALSE,NA,TRUE,12,13.1149300221466,1.44599076090022,10.2790538919794,13.070167841731,15.8021991797484,TRUE,0.771049201899789,5.52314528776897,1.11493002214658,0.092910835178882,5.79015010692719,1.080162400046,0.953886373543445,1.03218740265269
27,"growth_increment_50",36,"six_by_two",2,"survival_growth",FALSE,NA,TRUE,12,13.019706851127,1.31627748854933,10.4411030041317,13.0115086927943,15.611253041113,TRUE,0.774689881121369,5.17015003698126,1.01970685112702,0.0849755709272516,5.79015010692719,1.080162400046,0.892921589510404,0.944031055963058
27,"growth_increment_50",156,"six_by_two",2,"all_vital_rates_biased",FALSE,NA,TRUE,12,12.8202840030867,1.45370283426136,10.0561013576732,12.8724810719658,15.5098931409558,TRUE,0.564272135785949,5.45379178328255,0.820284003086748,0.068357000257229,5.79015010692719,1.080162400046,0.9419085313104,0.759408032580853
27,"growth_increment_80",6,"six_by_two",2,"weak",FALSE,NA,TRUE,8.4,9.30275118863658,1.10029836084048,7.20706794433254,9.29263674911954,11.5068924716405,TRUE,0.820460359449235,4.29982452730799,0.902751188636584,0.107470379599593,4.29982452730799,0.902751188636584,1,1
27,"growth_increment_80",96,"six_by_two",2,"fecundity",FALSE,NA,TRUE,8.4,9.17759826817143,1.1907364741683,6.8376733361022,9.15816494696117,11.5579531521815,TRUE,0.653039765758889,4.72027981607933,0.777598268171429,0.0925712224013606,4.29982452730799,0.902751188636584,1.09778429005673,0.861364989555791
27,"growth_increment_80",156,"six_by_two",2,"all_vital_rates_biased",FALSE,NA,TRUE,8.4,9.11541673962454,1.12316874197031,7.01732392752097,9.07294078738499,11.457539861189,TRUE,0.636962829262438,4.44021593366804,0.715416739624539,0.0851686594791118,4.29982452730799,0.902751188636584,1.03265049665828,0.792484960008777
27,"growth_increment_80",66,"six_by_two",2,"recruit_size",FALSE,NA,TRUE,8.4,9.32076899856507,1.12947888536516,7.1002953226856,9.28877544338764,11.5357477318806,TRUE,0.815215769409784,4.43545240919499,0.920768998565068,0.109615356972032,4.29982452730799,0.902751188636584,1.03154265506084,1.01995877729687
27,"growth_increment_80",36,"six_by_two",2,"survival_growth",FALSE,NA,TRUE,8.4,9.338727654035,0.99097946434146,7.34884706946689,9.32986871335218,11.3686876001703,TRUE,0.947272559940295,4.01984053070342,0.938727654034997,0.111753292147023,4.29982452730799,0.902751188636584,0.93488478545429,1.0398520277251
27,"growth_increment_80",126,"six_by_two",2,"all_vital_rates",FALSE,NA,TRUE,8.4,9.23050593168743,1.03169528065746,7.23680250155947,9.21355466605396,11.2771181934449,TRUE,0.804991500162893,4.04031569188546,0.830505931687428,0.0988697537723129,4.29982452730799,0.902751188636584,0.939646645165541,0.919972127582278
27,"growth_increment_110",96,"six_by_two",2,"fecundity",FALSE,NA,TRUE,4.8,5.43500442451451,1.28822068115442,2.96261117274162,5.4266956692164,7.94320056475125,TRUE,0.492931400499994,4.98058939200963,0.635004424514506,0.132292588440522,4.706161557552,0.725339977227175,1.05831245508715,0.875457639798094
27,"growth_increment_110",6,"six_by_two",2,"weak",FALSE,NA,TRUE,4.8,5.52533997722718,1.22447079285315,3.21584165471174,5.48967159909575,7.92200321226374,TRUE,0.59237017449559,4.706161557552,0.725339977227175,0.151112495255661,4.706161557552,0.725339977227175,1,1
27,"growth_increment_110",66,"six_by_two",2,"recruit_size",FALSE,NA,TRUE,4.8,5.52660797498354,1.28074125400001,3.11385078317595,5.55680365023271,8.06802895829892,TRUE,0.567333934714919,4.95417817512298,0.726607974983544,0.151376661454905,4.706161557552,0.725339977227175,1.0527004044672,1.00174814265886
27,"growth_increment_110",36,"six_by_two",2,"survival_growth",FALSE,NA,TRUE,4.8,5.65774845694298,1.12302867036327,3.34976892218283,5.67778417438295,7.8718873755649,TRUE,0.763781441720024,4.52211845338207,0.857748456942982,0.178697595196455,4.706161557552,0.725339977227175,0.960893160610988,1.18254678340215
27,"growth_increment_110",156,"six_by_two",2,"all_vital_rates_biased",FALSE,NA,TRUE,4.8,5.41054947616233,1.21525673670306,3.14026402769583,5.38205446909318,7.93768314239087,TRUE,0.502403696044279,4.79741911469504,0.610549476162328,0.127197807533818,4.706161557552,0.725339977227175,1.0193910804011,0.841742486738885
27,"growth_increment_110",126,"six_by_two",2,"all_vital_rates",FALSE,NA,TRUE,4.8,5.58408503518269,1.18452723796666,3.21848055735703,5.61422389897633,7.96767256529114,TRUE,0.661939219336686,4.74919200793412,0.784085035182692,0.163351048996394,4.706161557552,0.725339977227175,1.00914342821764,1.08098968731889
27,"growth_sd.log_growth_sd",6,"six_by_two",2,"weak",FALSE,NA,TRUE,4.5,7.25068225480652,1.4663983220638,4.78510294727482,7.12621296432545,10.6890862996002,FALSE,1.87580837581376,5.90398335232537,2.75068225480652,0.611262723290337,5.90398335232537,2.75068225480652,1,1
27,"growth_sd.log_growth_sd",96,"six_by_two",2,"fecundity",FALSE,NA,TRUE,4.5,7.34324007657926,1.42060069490235,4.93627726862428,7.17548451338689,10.5216004516854,FALSE,2.00143508783423,5.58532318306116,2.84324007657926,0.631831128128724,5.90398335232537,2.75068225480652,0.946026241903493,1.0336490416554
27,"growth_sd.log_growth_sd",36,"six_by_two",2,"survival_growth",FALSE,NA,TRUE,4.5,6.71114794786001,1.37409040720568,4.44110221628372,6.57896810284747,9.82661303057553,TRUE,1.60917210124227,5.38551081429181,2.21114794786001,0.491366210635559,5.90398335232537,2.75068225480652,0.9121825880777,0.803854368855681
27,"growth_sd.log_growth_sd",156,"six_by_two",2,"all_vital_rates_biased",FALSE,NA,TRUE,4.5,7.08937723014819,1.39430093428185,4.88554358407885,6.90670021773839,9.93179665850877,FALSE,1.85711503627578,5.04625307442992,2.58937723014819,0.575417162255153,5.90398335232537,2.75068225480652,0.854720071736377,0.941358176002893
27,"growth_sd.log_growth_sd",66,"six_by_two",2,"recruit_size",FALSE,NA,TRUE,4.5,7.39674240826565,1.49242698082396,4.77595927725423,7.30442524595977,10.6589484853259,FALSE,1.94096089489509,5.8829892080717,2.89674240826565,0.643720535170144,5.90398335232537,2.75068225480652,0.996444071231095,1.05309960945286
27,"growth_sd.log_growth_sd",126,"six_by_two",2,"all_vital_rates",FALSE,NA,TRUE,4.5,6.72458372288964,1.36942342777337,4.45024802862854,6.53643948173237,9.82447372575206,TRUE,1.62446740560495,5.37422569712352,2.22458372288964,0.49435193841992,5.90398335232537,2.75068225480652,0.910271146853218,0.808738893415415
27,"recruitment_50",66,"six_by_two",2,"recruit_size",FALSE,NA,TRUE,0.019387103915861,0.120076070074694,0.0345769101572199,0.0636785412875293,0.114362416420805,0.200878616243221,FALSE,2.91202903038484,0.137200074955692,0.100688966158833,1.00688966158833,0.139846621024222,0.103577016395023,0.981075366361039,0.972116881363178
27,"recruitment_50",126,"six_by_two",2,"all_vital_rates",FALSE,NA,TRUE,0.019387103915861,0.111925727983338,0.0318480712918966,0.0620325436250837,0.107743478955266,0.181732572155017,FALSE,2.90562725822025,0.119700028529933,0.0925386240674767,0.925386240674767,0.139846621024222,0.103577016395023,0.855937938673547,0.893428168605974
27,"recruitment_50",36,"six_by_two",2,"survival_growth",FALSE,NA,TRUE,0.019387103915861,0.1232522203901,0.0354711027899236,0.0703404794631267,0.118893578173764,0.206168764496918,FALSE,2.92816146961588,0.135828285033792,0.103865116474239,1.03865116474239,0.139846621024222,0.103577016395023,0.971266120260893,1.00278150587111
27,"recruitment_50",96,"six_by_two",2,"fecundity",FALSE,NA,TRUE,0.019387103915861,0.110709623573563,0.0331103208311313,0.0626681732024124,0.105773695046953,0.192060641846554,FALSE,2.75812850390257,0.129392468644141,0.0913225196577023,0.913225196577023,0.139846621024222,0.103577016395023,0.925245584744803,0.881687104303287
27,"recruitment_50",6,"six_by_two",2,"weak",FALSE,NA,TRUE,0.019387103915861,0.122964120310884,0.0370345716180516,0.0679121022605789,0.117275989801628,0.207758723284801,FALSE,2.79676561303972,0.139846621024222,0.103577016395023,1.03577016395023,0.139846621024222,0.103577016395023,1,1
27,"recruitment_50",156,"six_by_two",2,"all_vital_rates_biased",FALSE,NA,TRUE,0.019387103915861,0.114381945956163,0.0332019752130086,0.0649058681080753,0.109246303791077,0.189635025954626,FALSE,2.86112020236321,0.124729157846551,0.0949948420403015,0.949948420403015,0.139846621024222,0.103577016395023,0.891899689338558,0.917142097219801
27,"recruitment_80",96,"six_by_two",2,"fecundity",FALSE,NA,TRUE,0.183939720585721,0.402533892006899,0.0460333192792934,0.325042749580787,0.400279936890302,0.507249623708636,FALSE,4.7486076355894,0.182206874127849,0.218594171421178,1.1884011279625,0.167572555233663,0.233164020233985,1.08733123913865,0.937512448111906
27,"recruitment_80",36,"six_by_two",2,"survival_growth",FALSE,NA,TRUE,0.183939720585721,0.419862967798145,0.0421452971085833,0.345588149292646,0.419260811864051,0.510861345223911,FALSE,5.59785464566996,0.165273195931265,0.235923247212424,1.28261175161716,0.167572555233663,0.233164020233985,0.986278425490428,1.01183384544352
27,"recruitment_80",126,"six_by_two",2,"all_vital_rates",FALSE,NA,TRUE,0.183939720585721,0.406195018577643,0.0442351249090306,0.32748427618571,0.403472201001136,0.497181810744403,FALSE,5.02440760479344,0.169697534558694,0.222255297991921,1.20830507562038,0.167572555233663,0.233164020233985,1.0126809507802,0.953214384315741
27,"recruitment_80",6,"six_by_two",2,"weak",FALSE,NA,TRUE,0.183939720585721,0.417103740819707,0.0450852449252193,0.34065933772794,0.414108210145834,0.508231892961604,FALSE,5.17162589713604,0.167572555233663,0.233164020233985,1.267611038505,0.167572555233663,0.233164020233985,1,1
27,"recruitment_80",66,"six_by_two",2,"recruit_size",FALSE,NA,TRUE,0.183939720585721,0.414342358592172,0.0440681801134607,0.330582834996953,0.414562822246869,0.501029178656172,FALSE,5.22832205489862,0.170446343659219,0.230402638006451,1.25259860824393,0.167572555233663,0.233164020233985,1.01714951724373,0.98815691106731
27,"recruitment_80",156,"six_by_two",2,"all_vital_rates_biased",FALSE,NA,TRUE,0.183939720585721,0.407646045855704,0.0448958465777348,0.328637507737107,0.404830922155361,0.498385187962753,FALSE,4.9827844293491,0.169747680225646,0.223706325269983,1.21619367778549,0.167572555233663,0.233164020233985,1.01298019827262,0.959437588378724
27,"recruitment_110",96,"six_by_two",2,"fecundity",FALSE,NA,TRUE,1.74517147873092,1.51624145725829,0.16660192935,1.19344178343009,1.51227781062876,1.88055150395896,TRUE,-1.37411386750322,0.687109720528871,0.228930021472626,0.131179098594427,0.731475877350512,0.273900525245186,0.93934706776341,0.835814466831329
27,"recruitment_110",36,"six_by_two",2,"survival_growth",FALSE,NA,TRUE,1.74517147873092,1.48388896331286,0.18497568731249,1.15378560955622,1.47309003222687,1.86931071230564,TRUE,-1.4125235549289,0.715525102749422,0.261282515418056,0.149717388005939,0.731475877350512,0.273900525245186,0.97819371069506,0.953932144468014
27,"recruitment_110",6,"six_by_two",2,"weak",FALSE,NA,TRUE,1.74517147873092,1.47127095348573,0.183714873344866,1.14039001728807,1.46341673702009,1.87186589463858,TRUE,-1.49090011199597,0.731475877350512,0.273900525245186,0.156947628690543,0.731475877350512,0.273900525245186,1,1
27,"recruitment_110",156,"six_by_two",2,"all_vital_rates_biased",FALSE,NA,TRUE,1.74517147873092,1.50355957128678,0.168220678613697,1.19122171525779,1.49274860942824,1.83486716938837,TRUE,-1.43627947191306,0.643645454130585,0.241611907444138,0.138445940922571,0.731475877350512,0.273900525245186,0.879927109096121,0.88211553164367
27,"recruitment_110",66,"six_by_two",2,"recruit_size",FALSE,NA,TRUE,1.74517147873092,1.48176752884453,0.174384755447345,1.16263449384694,1.47490342971657,1.84059940240106,TRUE,-1.51047578219027,0.677964908554118,0.263403949886387,0.150932990308742,0.731475877350512,0.273900525245186,0.926845203713051,0.961677417926079
27,"recruitment_110",126,"six_by_two",2,"all_vital_rates",FALSE,NA,TRUE,1.74517147873092,1.52536562420743,0.174891007641153,1.2032784603207,1.51253678200668,1.90019927511212,TRUE,-1.25681621650037,0.696920814791422,0.21980585452349,0.125950863397866,0.731475877350512,0.273900525245186,0.952759805717378,0.802502493657972
27,"recruit_mean_50",96,"six_by_two",2,"fecundity",FALSE,NA,TRUE,44,45.5707263859369,1.25448481683091,43.1548763155335,45.5243588057476,48.0910024922659,TRUE,1.25208879761883,4.93612617673244,1.57072638593689,0.0356983269531111,4.98293389331195,1.59125866983813,0.99060639422844,0.987096828259019
27,"recruit_mean_50",6,"six_by_two",2,"weak",FALSE,NA,TRUE,44,45.5912586698381,1.27225236500899,43.1007859519425,45.6078898149413,48.0837198452544,TRUE,1.25074137301909,4.98293389331195,1.59125866983813,0.0361649697690485,4.98293389331195,1.59125866983813,1,1
27,"recruit_mean_50",36,"six_by_two",2,"survival_growth",FALSE,NA,TRUE,44,45.6717486348093,1.26182269328408,43.3214516053828,45.6571843400568,47.9924747228012,TRUE,1.32486810049227,4.67102311741837,1.67174863480933,0.0379942871547574,4.98293389331195,1.59125866983813,0.937404191471971,1.05058257748841
27,"recruit_mean_50",126,"six_by_two",2,"all_vital_rates",FALSE,NA,TRUE,44,45.3196921097604,1.11477502139141,43.1633862000724,45.2833403818937,47.5519945499274,TRUE,1.18381923207535,4.38860834985496,1.31969210976035,0.0299930024945535,4.98293389331195,1.59125866983813,0.88072778885253,0.829338519735824
27,"recruit_mean_50",66,"six_by_two",2,"recruit_size",FALSE,NA,TRUE,44,45.2829420553595,1.14291193808792,43.1512748200297,45.2068357928428,47.6143430449213,TRUE,1.12252047826699,4.46306822489159,1.2829420553595,0.0291577739854431,4.98293389331195,1.59125866983813,0.895670767553606,0.806243560319456
27,"recruit_mean_50",156,"six_by_two",2,"all_vital_rates_biased",FALSE,NA,TRUE,44,45.3222815131808,1.11354493036234,43.121057734946,45.3057207218759,47.4572896100125,TRUE,1.1874523219737,4.33623187506648,1.3222815131808,0.0300518525722909,4.98293389331195,1.59125866983813,0.870216616938574,0.830965787174818
27,"recruit_mean_80",96,"six_by_two",2,"fecundity",FALSE,NA,TRUE,44.6,45.4476000446721,0.46869648227847,44.5780849371901,45.446193901809,46.3454123508482,TRUE,1.80841989799376,1.76732741365808,0.847600044672063,0.0190044853065485,1.78300425328834,0.865455795145522,0.991207626341133,0.97936838533682
27,"recruit_mean_80",126,"six_by_two",2,"all_vital_rates",FALSE,NA,TRUE,44.6,45.3622381722917,0.417036504637671,44.5396509144272,45.3570520309912,46.166219963121,TRUE,1.82774928289308,1.62656904869382,0.762238172291738,0.0170905419796354,1.78300425328834,0.865455795145522,0.91226313436661,0.880736112193427
27,"recruit_mean_80",36,"six_by_two",2,"survival_growth",FALSE,NA,TRUE,44.6,45.4898540529418,0.432666067268492,44.627502087561,45.4869706676146,46.3028371816604,FALSE,2.0566763151999,1.67533509409938,0.889854052941793,0.0199518845951075,1.78300425328834,0.865455795145522,0.939613627398596,1.0281912235531
27,"recruit_mean_80",156,"six_by_two",2,"all_vital_rates_biased",FALSE,NA,TRUE,44.6,45.380623722034,0.412516350520252,44.5095013174656,45.3840953974223,46.1849732728862,TRUE,1.89234613621859,1.67547195542053,0.780623722033994,0.0175027740366366,1.78300425328834,0.865455795145522,0.939690386229036,0.901979888993332
27,"recruit_mean_80",6,"six_by_two",2,"weak",FALSE,NA,TRUE,44.6,45.4654557951455,0.450606605155746,44.5642786295033,45.4687465135645,46.3472828827917,TRUE,1.92064604744617,1.78300425328834,0.865455795145522,0.0194048384561776,1.78300425328834,0.865455795145522,1,1
27,"recruit_mean_80",66,"six_by_two",2,"recruit_size",FALSE,NA,TRUE,44.6,45.3676051068268,0.410878915968421,44.5858609956766,45.3406100441185,46.1691110454755,TRUE,1.86820271616408,1.58325004979889,0.767605106826757,0.0172108768346806,1.78300425328834,0.865455795145522,0.887967623677259,0.886937393142868
27,"recruit_mean_110",96,"six_by_two",2,"fecundity",FALSE,NA,TRUE,45.2,45.3244737034074,0.519994461369047,44.3407779959683,45.3296347135365,46.391204642811,TRUE,0.239375056187416,2.05042664684263,0.124473703407361,0.00275384299573807,2.3125022398099,0.139652920453067,0.886670123619509,0.891307557361058
27,"recruit_mean_110",156,"six_by_two",2,"all_vital_rates_biased",FALSE,NA,TRUE,45.2,45.4389659308872,0.496100735954766,44.4723209795609,45.4465014730899,46.345077703014,TRUE,0.481688321681838,1.87275672345309,0.238965930887176,0.00528685687803486,2.3125022398099,0.139652920453067,0.809839960893205,1.71114166543682
27,"recruit_mean_110",6,"six_by_two",2,"weak",FALSE,NA,TRUE,45.2,45.3396529204531,0.583125502023506,44.2493966876563,45.3388827197066,46.5618989274662,TRUE,0.239490332644442,2.3125022398099,0.139652920453067,0.00308966638170501,2.3125022398099,0.139652920453067,1,1
27,"recruit_mean_110",36,"six_by_two",2,"survival_growth",FALSE,NA,TRUE,45.2,45.3079594710743,0.590456829042133,44.1560776047045,45.3064686227287,46.3891474650545,TRUE,0.182840583365626,2.23306986035002,0.107959471074281,0.0023884838733248,2.3125022398099,0.139652920453067,0.96565089620566,0.77305559184896
27,"recruit_mean_110",66,"six_by_two",2,"recruit_size",FALSE,NA,TRUE,45.2,45.452268158294,0.535260443645278,44.3775286707951,45.4535120410094,46.4510130840249,TRUE,0.471299834106853,2.07348441322982,0.25226815829398,0.00558115394455707,2.3125022398099,0.139652920453067,0.896641039967285,1.80639371862445
27,"recruit_mean_110",126,"six_by_two",2,"all_vital_rates",FALSE,NA,TRUE,45.2,45.404784234823,0.481461281187211,44.4475412557835,45.413529205745,46.296410015624,TRUE,0.4253389479587,1.8488687598405,0.204784234823016,0.00453062466422602,2.3125022398099,0.139652920453067,0.799510040687567,1.46637989494705
27,"recruit_sd.log_recruit_sd",156,"six_by_two",2,"all_vital_rates_biased",FALSE,NA,TRUE,3.5,3.58850808778644,0.210758086051966,3.18188358809778,3.59212478113038,3.99439212505795,TRUE,0.419951089158304,0.812508536960177,0.0885080877864426,0.0252880250818407,0.853024469300911,0.0928477198601656,0.952503200319753,0.953260757719643
27,"recruit_sd.log_recruit_sd",6,"six_by_two",2,"weak",FALSE,NA,TRUE,3.5,3.59284771986017,0.228681784826033,3.19434441505492,3.58902411546143,4.04736888435584,TRUE,0.40601274793617,0.853024469300911,0.0928477198601656,0.0265279199600473,0.853024469300911,0.0928477198601656,1,1
27,"recruit_sd.log_recruit_sd",96,"six_by_two",2,"fecundity",FALSE,NA,TRUE,3.5,3.57817419328314,0.226372355118835,3.14854192179207,3.56688354203078,4.03198776935949,TRUE,0.34533454070443,0.883445847567425,0.078174193283143,0.0223354837951837,0.853024469300911,0.0928477198601656,1.03566296086611,0.841961368581567
27,"recruit_sd.log_recruit_sd",66,"six_by_two",2,"recruit_size",FALSE,NA,TRUE,3.5,3.60989087228406,0.213799139470372,3.21162010635709,3.5987499647507,4.07477436319881,TRUE,0.51399118142515,0.86315425684172,0.109890872284057,0.0313973920811592,0.853024469300911,0.0928477198601656,1.01187514298284,1.18356026889577
27,"recruit_sd.log_recruit_sd",36,"six_by_two",2,"survival_growth",FALSE,NA,TRUE,3.5,3.59960146647488,0.214123039481789,3.21370109025219,3.5854800425338,4.03375949846582,TRUE,0.465159969314499,0.820058408213629,0.0996014664748763,0.0284575618499647,0.853024469300911,0.0928477198601656,0.961353909209312,1.07274003739545
27,"recruit_sd.log_recruit_sd",126,"six_by_two",2,"all_vital_rates",FALSE,NA,TRUE,3.5,3.58603602012739,0.201660375679345,3.2040120600408,3.59140112795701,3.97223530771798,TRUE,0.426638202163212,0.768223247677182,0.0860360201273935,0.0245817200363982,0.853024469300911,0.0928477198601656,0.900587586082699,0.92663578876217
27,"lambda",156,"six_by_two",2,"all_vital_rates_biased",FALSE,NA,TRUE,1.03119869581319,0.977220027928209,0.0327143060903327,0.913843246587132,0.976935572472406,1.03767879103526,TRUE,-1.65000192074789,0.123835544448132,0.0539786678849834,0.0523455548422861,0.133625926145472,0.0629482651566765,0.926732917931799,0.857508427764164
27,"lambda",36,"six_by_two",2,"survival_growth",FALSE,NA,TRUE,1.03119869581319,0.975641834138042,0.0319393425485723,0.910547802872996,0.975547363936461,1.03581021940245,TRUE,-1.73944913207471,0.125262416529456,0.055556861675151,0.0538760007171454,0.133625926145472,0.0629482651566765,0.937411026009196,0.882579711082926
27,"lambda",66,"six_by_two",2,"recruit_size",FALSE,NA,TRUE,1.03119869581319,0.970442174123268,0.0340062335549782,0.896113481958876,0.973999969029873,1.0335273343903,TRUE,-1.78662896000227,0.137413852431421,0.060756521689925,0.0589183461311624,0.133625926145472,0.0629482651566765,1.02834724065318,0.965181828898757
27,"lambda",6,"six_by_two",2,"weak",FALSE,NA,TRUE,1.03119869581319,0.968250430656516,0.0338415547953471,0.897580717547675,0.969236834240115,1.03120664369315,TRUE,-1.86008785758659,0.133625926145472,0.0629482651566765,0.0610437788684713,0.133625926145472,0.0629482651566765,1,1
27,"lambda",126,"six_by_two",2,"all_vital_rates",FALSE,NA,TRUE,1.03119869581319,0.979285205102919,0.0324397228243129,0.912430520624223,0.980320214969939,1.03794708722722,TRUE,-1.60030623539624,0.125516566602995,0.0519134907102737,0.050342859160945,0.133625926145472,0.0629482651566765,0.939312977830005,0.824700896538808
27,"lambda",96,"six_by_two",2,"fecundity",FALSE,NA,TRUE,1.03119869581319,0.970235734513606,0.0329583944918662,0.905460995583975,0.970363071238262,1.03312285596083,TRUE,-1.84969450846982,0.127661860376851,0.0609629612995868,0.0591185399546224,0.133625926145472,0.0629482651566765,0.95536745045922,0.968461341195848
49,"survival_50",127,"one_by_twelve",3,"all_vital_rates",FALSE,NA,TRUE,0.354343693774205,0.431013932402069,0.0270046728663902,0.376607131973956,0.430310516811306,0.48264931381925,FALSE,2.83914709899293,0.106042181845293,0.0766702386278648,0.216372521862124,0.113477726079635,0.0799289026303317,0.934475738180345,0.959230467387522
49,"survival_50",37,"one_by_twelve",3,"survival_growth",FALSE,NA,TRUE,0.354343693774205,0.430071617933215,0.0286734666863203,0.371885030035315,0.429991533258168,0.485890903837439,FALSE,2.64104529066723,0.114005873802124,0.07572792415901,0.213713198483689,0.113477726079635,0.0799289026303317,1.00465419726615,0.947441059077828
49,"survival_50",97,"one_by_twelve",3,"fecundity",FALSE,NA,TRUE,0.354343693774205,0.435529877583583,0.0284505329805316,0.384382604501471,0.434919649646597,0.491208891261368,FALSE,2.85359096312653,0.106826286759897,0.0811861838093784,0.229117055660406,0.113477726079635,0.0799289026303317,0.941385507539427,1.01572999425329
49,"survival_50",7,"one_by_twelve",3,"weak",FALSE,NA,TRUE,0.354343693774205,0.434272596404536,0.0295829779016603,0.37698141954645,0.434271856930206,0.490459145626084,FALSE,2.7018545224227,0.113477726079635,0.0799289026303317,0.225568858807641,0.113477726079635,0.0799289026303317,1,1
49,"survival_50",67,"one_by_twelve",3,"recruit_size",FALSE,NA,TRUE,0.354343693774205,0.432593282784053,0.0272857042505646,0.382124522415598,0.432748071493723,0.484637099215816,FALSE,2.86778703936985,0.102512576800218,0.0782495890098481,0.220829636267523,0.113477726079635,0.0799289026303317,0.903371792348729,0.978989907715231
49,"survival_50",157,"one_by_twelve",3,"all_vital_rates_biased",FALSE,NA,TRUE,0.354343693774205,0.434682043877171,0.027902643338136,0.38109661563845,0.434607773778757,0.488412332992404,FALSE,2.87923796786536,0.107315717353954,0.0803383501029668,0.226724368217937,0.113477726079635,0.0799289026303317,0.945698517774705,1.00512264599114
49,"survival_80",157,"one_by_twelve",3,"all_vital_rates_biased",FALSE,NA,TRUE,0.589040434058665,0.577428903051954,0.0181012212681846,0.541250273353562,0.577498012319734,0.611415249370759,TRUE,-0.641477767421158,0.0701649760171971,0.0116115310067114,0.0197126212995337,0.0668714306888283,0.0137356113284797,1.04925190465409,0.845359607885515
49,"survival_80",37,"one_by_twelve",3,"survival_growth",FALSE,NA,TRUE,0.589040434058665,0.575227542542179,0.018125573716049,0.535173104867098,0.575604515925275,0.609119438527925,TRUE,-0.762066444509608,0.0739463336608278,0.0138128915164862,0.0234498189221261,0.0668714306888283,0.0137356113284797,1.10579858841246,1.00562626490794
49,"survival_80",7,"one_by_twelve",3,"weak",FALSE,NA,TRUE,0.589040434058665,0.575304822730185,0.017761566396463,0.54306135564429,0.575354621579434,0.609932786333118,TRUE,-0.773333332313242,0.0668714306888283,0.0137356113284797,0.023318622176473,0.0668714306888283,0.0137356113284797,1,1
49,"survival_80",127,"one_by_twelve",3,"all_vital_rates",FALSE,NA,TRUE,0.589040434058665,0.573563888343236,0.0186238619239967,0.536729057052683,0.573151895174224,0.610287718169646,TRUE,-0.83100625308479,0.073558661116963,0.015476545715429,0.0262741652704399,0.0668714306888283,0.0137356113284797,1.10000130637629,1.12674604320957
49,"survival_80",67,"one_by_twelve",3,"recruit_size",FALSE,NA,TRUE,0.589040434058665,0.574379005145442,0.0180850682729653,0.539566618197231,0.57470011628011,0.611407455983113,TRUE,-0.810692483541212,0.0718408377858815,0.0146614289132226,0.0248903607723514,0.0668714306888283,0.0137356113284797,1.07431285746191,1.06740272148087
49,"survival_80",97,"one_by_twelve",3,"fecundity",FALSE,NA,TRUE,0.589040434058665,0.574092094509907,0.017323106412273,0.540103584596379,0.574338525991447,0.606555447346103,TRUE,-0.862913336269047,0.0664518627497241,0.0149483395487582,0.0253774421659981,0.0668714306888283,0.0137356113284797,0.993725752017233,1.08829080783351
49,"survival_110",97,"one_by_twelve",3,"fecundity",FALSE,NA,TRUE,0.789181706522253,0.701348612447932,0.0307298457922509,0.640841435282857,0.704050995652375,0.7571677425743,FALSE,-2.85823413069223,0.116326307291443,0.0878330940743204,0.111296414182459,0.113427013511395,0.0845639533313227,1.02556087558239,1.03865879744516
49,"survival_110",37,"one_by_twelve",3,"survival_growth",FALSE,NA,TRUE,0.789181706522253,0.707909630919092,0.0305890672954818,0.644741501811548,0.709691444338083,0.765595215378972,FALSE,-2.6568994346279,0.120853713567423,0.0812720756031604,0.102982716060802,0.113427013511395,0.0845639533313227,1.06547558492565,0.961072329302479
49,"survival_110",127,"one_by_twelve",3,"all_vital_rates",FALSE,NA,TRUE,0.789181706522253,0.704307906703159,0.0302066147788671,0.643296569310551,0.704716512208294,0.761095160478887,FALSE,-2.80977529062517,0.117798591168336,0.0848737998190939,0.107546587962757,0.113427013511395,0.0845639533313227,1.03854088652789,1.00366404922624
49,"survival_110",157,"one_by_twelve",3,"all_vital_rates_biased",FALSE,NA,TRUE,0.789181706522253,0.70774054710911,0.0304153288303835,0.644001214125509,0.708927839396555,0.763483731682543,FALSE,-2.67763534194595,0.119482517557034,0.0814411594131426,0.103196968125421,0.113427013511395,0.0845639533313227,1.05338678907411,0.963071807842935
49,"survival_110",7,"one_by_twelve",3,"weak",FALSE,NA,TRUE,0.789181706522253,0.70461775319093,0.02858484811788,0.64761396712696,0.7060986708956,0.761040980638356,FALSE,-2.95834887709015,0.113427013511395,0.0845639533313227,0.107153970539912,0.113427013511395,0.0845639533313227,1,1
49,"survival_110",67,"one_by_twelve",3,"recruit_size",FALSE,NA,TRUE,0.789181706522253,0.704391107966038,0.0294677411190798,0.644801837747169,0.7052409725351,0.761072079222394,FALSE,-2.87740408107884,0.116270241475224,0.0847905985562148,0.107441160705395,0.113427013511395,0.0845639533313227,1.02506658577891,1.00268016354444
49,"growth_increment_50",157,"one_by_twelve",3,"all_vital_rates_biased",FALSE,NA,TRUE,12,12.5403576570595,0.877838682879044,10.8057396956185,12.5277294086382,14.2686006399066,TRUE,0.615554620226278,3.46286094428808,0.540357657059547,0.0450298047549622,3.4456355052018,0.617015661211832,1.00499920524393,0.875760035001822
49,"growth_increment_50",37,"one_by_twelve",3,"survival_growth",FALSE,NA,TRUE,12,12.6874838363981,0.886304028534293,10.8624479774336,12.7050273750649,14.3711804841468,TRUE,0.7756749538135,3.50873250671319,0.687483836398057,0.0572903196998381,3.4456355052018,0.617015661211832,1.01831215211711,1.11420808192749
49,"growth_increment_50",67,"one_by_twelve",3,"recruit_size",FALSE,NA,TRUE,12,12.6439738208499,0.875032139727537,10.8877765547914,12.6785644815609,14.2738854215654,TRUE,0.735943048960926,3.386108866774,0.643973820849887,0.0536644850708239,3.4456355052018,0.617015661211832,0.982724046598099,1.04369120807259
49,"growth_increment_50",97,"one_by_twelve",3,"fecundity",FALSE,NA,TRUE,12,12.5861392956266,0.87643027462968,10.9228399122823,12.5643717747392,14.2620920920061,TRUE,0.668780292732657,3.33925217972385,0.5861392956266,0.0488449413022167,3.4456355052018,0.617015661211832,0.969125194665149,0.949958538289627
49,"growth_increment_50",7,"one_by_twelve",3,"weak",FALSE,NA,TRUE,12,12.6170156612118,0.879401665291499,10.9272926325438,12.6045495476048,14.3729281377456,TRUE,0.701631217638538,3.4456355052018,0.617015661211832,0.0514179717676527,3.4456355052018,0.617015661211832,1,1
49,"growth_increment_50",127,"one_by_twelve",3,"all_vital_rates",FALSE,NA,TRUE,12,12.7094753276029,0.90359729818076,10.8470447739442,12.7401891163917,14.39053535059,TRUE,0.785167606223853,3.54349057664578,0.709475327602929,0.0591229439669108,3.4456355052018,0.617015661211832,1.02839971648082,1.14984978859289
49,"growth_increment_80",157,"one_by_twelve",3,"all_vital_rates_biased",FALSE,NA,TRUE,8.4,9.69451611006375,0.725070337825228,8.23893502383016,9.67713345632117,11.1185324052568,TRUE,1.78536625004756,2.8795973814266,1.29451611006375,0.154109060721875,2.74881656524877,1.36752123483005,1.04757713476817,0.946614997334663
49,"growth_increment_80",67,"one_by_twelve",3,"recruit_size",FALSE,NA,TRUE,8.4,9.81852186380201,0.725342589729815,8.37094681140251,9.80690371012314,11.2144525682916,TRUE,1.95565775936361,2.84350575688909,1.41852186380201,0.16887165045262,2.74881656524877,1.36752123483005,1.03444725735337,1.03729421355442
49,"growth_increment_80",97,"one_by_twelve",3,"fecundity",FALSE,NA,TRUE,8.4,9.76252295176054,0.725663719401607,8.39612390002947,9.76826344657593,11.1001832031985,TRUE,1.87762308536535,2.70405930316901,1.36252295176054,0.162205113304826,2.74881656524877,1.36752123483005,0.983717625015217,0.996345005150772
49,"growth_increment_80",37,"one_by_twelve",3,"survival_growth",FALSE,NA,TRUE,8.4,9.76650337695493,0.706064911464647,8.37949812655041,9.74174618844674,11.1763011200635,TRUE,1.93537924738433,2.7968029935131,1.36650337695493,0.162678973447016,2.74881656524877,1.36752123483005,1.01745712277457,0.999255691356596
49,"growth_increment_80",127,"one_by_twelve",3,"all_vital_rates",FALSE,NA,TRUE,8.4,9.78863960836311,0.758749519522566,8.29918744679151,9.78431227484967,11.3370297853046,TRUE,1.83016868232997,3.03784233851306,1.38863960836311,0.165314239090847,2.74881656524877,1.36752123483005,1.10514552950467,1.01544281214447
49,"growth_increment_80",7,"one_by_twelve",3,"weak",FALSE,NA,TRUE,8.4,9.76752123483005,0.701442447277644,8.34792536339169,9.761099303461,11.0967419286405,TRUE,1.94958437450929,2.74881656524877,1.36752123483005,0.162800147003578,2.74881656524877,1.36752123483005,1,1
49,"growth_increment_110",67,"one_by_twelve",3,"recruit_size",FALSE,NA,TRUE,4.8,6.99306990675414,0.976454536450594,4.98887238031627,6.97129716064273,8.84791203367554,FALSE,2.24595188499603,3.85903965335927,2.19306990675414,0.456889563907112,3.7396770615086,2.1180268084483,1.03191788753078,1.03543066499749
49,"growth_increment_110",157,"one_by_twelve",3,"all_vital_rates_biased",FALSE,NA,TRUE,4.8,6.84867456306793,0.98219963485367,4.88982274120703,6.79413755306236,8.75028973955109,FALSE,2.08580261116992,3.86046699834406,2.04867456306793,0.426807200639152,3.7396770615086,2.1180268084483,1.03229956353149,0.967256200391923
49,"growth_increment_110",37,"one_by_twelve",3,"survival_growth",FALSE,NA,TRUE,4.8,6.8455229175118,0.955277063079685,5.02228558459855,6.834859523702,8.75451508920692,FALSE,2.14128758720251,3.73222950460837,2.0455229175118,0.426150607814958,3.7396770615086,2.1180268084483,0.998008502665405,0.965768190162987
49,"growth_increment_110",97,"one_by_twelve",3,"fecundity",FALSE,NA,TRUE,4.8,6.93890660789451,1.02314707425564,4.89471357434817,6.92386913813068,8.92028563481141,FALSE,2.09051724987887,4.02557206046324,2.13890660789451,0.445605543311355,3.7396770615086,2.1180268084483,1.07644911425569,1.0098581374716
49,"growth_increment_110",7,"one_by_twelve",3,"weak",FALSE,NA,TRUE,4.8,6.9180268084483,0.984081236384302,5.09308197379312,6.94768145212073,8.83275903530172,FALSE,2.15228858161174,3.7396770615086,2.1180268084483,0.441255585093395,3.7396770615086,2.1180268084483,1,1
49,"growth_increment_110",127,"one_by_twelve",3,"all_vital_rates",FALSE,NA,TRUE,4.8,6.86780388912329,0.99957746325607,4.87747742253135,6.84928083178264,8.88655825398055,FALSE,2.06867798158187,4.0090808314492,2.06780388912329,0.430792476900686,3.7396770615086,2.1180268084483,1.07203931395935,0.976287873635651
49,"growth_sd.log_growth_sd",157,"one_by_twelve",3,"all_vital_rates_biased",FALSE,NA,TRUE,4.5,8.03288291887993,0.69311346263172,6.70715794320915,8.01024702473535,9.50294664222045,FALSE,5.0971206149506,2.7957886990113,3.53288291887993,0.78508509308443,2.73857239674082,3.50731759588857,1.02089274774644,1.00728913829227
49,"growth_sd.log_growth_sd",37,"one_by_twelve",3,"survival_growth",FALSE,NA,TRUE,4.5,7.90741979402072,0.651122724700185,6.6624474410624,7.90332518421588,9.16692794739926,FALSE,5.23314525013651,2.50448050633687,3.40741979402072,0.75720439867127,2.73857239674082,3.50731759588857,0.914520466691863,0.971517320819489
49,"growth_sd.log_growth_sd",7,"one_by_twelve",3,"weak",FALSE,NA,TRUE,4.5,8.00731759588857,0.682809272469846,6.69842858502894,7.98359890865178,9.43700098176976,FALSE,5.13659924857488,2.73857239674082,3.50731759588857,0.779403910197461,2.73857239674082,3.50731759588857,1,1
49,"growth_sd.log_growth_sd",67,"one_by_twelve",3,"recruit_size",FALSE,NA,TRUE,4.5,8.03915409226541,0.638489606375191,6.91305240497896,8.00165703234507,9.3022351746981,FALSE,5.54300971688132,2.38918276971914,3.53915409226541,0.786478687170091,2.73857239674082,3.50731759588857,0.87241906497068,1.0090771638172
49,"growth_sd.log_growth_sd",127,"one_by_twelve",3,"all_vital_rates",FALSE,NA,TRUE,4.5,7.96393167396502,0.653093064283313,6.80131873222467,7.96712616486459,9.27764187689847,FALSE,5.30388678643562,2.47632314467381,3.46393167396502,0.769762594214448,2.73857239674082,3.50731759588857,0.904238700288107,0.987629885022555
49,"growth_sd.log_growth_sd",97,"one_by_twelve",3,"fecundity",FALSE,NA,TRUE,4.5,8.11275348197403,0.654203498021432,6.93282708305289,8.12946226894297,9.36845449487911,FALSE,5.52236955763827,2.43562741182622,3.61275348197403,0.802834107105339,2.73857239674082,3.50731759588857,0.889378500537309,1.03006168765813
49,"recruitment_50",37,"one_by_twelve",3,"survival_growth",FALSE,NA,TRUE,0.019387103915861,0.0668578677499098,0.0196225175093217,0.0367205313727419,0.0643040478477462,0.112112737474941,FALSE,2.41919844441457,0.0753922061021992,0.0474707638340488,0.474707638340488,0.0734259803656341,0.0466725387193978,1.02677833822271,1.01710267186129
49,"recruitment_50",7,"one_by_twelve",3,"weak",FALSE,NA,TRUE,0.019387103915861,0.0660596426352588,0.0187601939596907,0.0368093013257555,0.0635931882578913,0.11023528169139,FALSE,2.48784947637968,0.0734259803656341,0.0466725387193978,0.466725387193978,0.0734259803656341,0.0466725387193978,1,1
49,"recruitment_50",127,"one_by_twelve",3,"all_vital_rates",FALSE,NA,TRUE,0.019387103915861,0.0609715404789643,0.0160748184456502,0.0347887798392575,0.0595886202490106,0.0961794035128058,FALSE,2.58693040320813,0.0613906236735483,0.0415844365631033,0.415844365631033,0.0734259803656341,0.0466725387193978,0.836088580197987,0.890982957089931
49,"recruitment_50",157,"one_by_twelve",3,"all_vital_rates_biased",FALSE,NA,TRUE,0.019387103915861,0.0659390779581845,0.018696801081193,0.0369476311691804,0.062468558627814,0.108521768719495,FALSE,2.48983630088197,0.0715741375503142,0.0465519740423235,0.465519740423235,0.0734259803656341,0.0466725387193978,0.974779460810758,0.997416796249308
49,"recruitment_50",97,"one_by_twelve",3,"fecundity",FALSE,NA,TRUE,0.019387103915861,0.0605907042175865,0.01662556083707,0.0347788522240942,0.058026499667738,0.0991315998110143,FALSE,2.47832844290305,0.0643527475869201,0.0412036003017255,0.412036003017255,0.0734259803656341,0.0466725387193978,0.876430212664064,0.882823206799349
49,"recruitment_50",67,"one_by_twelve",3,"recruit_size",FALSE,NA,TRUE,0.019387103915861,0.0666028826121081,0.0189416403558732,0.037637500232518,0.0633709089416578,0.109083636340222,FALSE,2.4926974543473,0.0714461361077043,0.0472157786962471,0.472157786962471,0.0734259803656341,0.0466725387193978,0.973036188988271,1.01163939206554
49,"recruitment_80",97,"one_by_twelve",3,"fecundity",FALSE,NA,TRUE,0.183939720585721,0.370315338517107,0.0570666973234198,0.26893489406489,0.364562198312929,0.496596013468729,FALSE,3.26592612982526,0.227661119403839,0.186375617931386,1.01324291098143,0.240992311635673,0.204869673613097,0.944682084912368,0.909727704664392
49,"recruitment_80",7,"one_by_twelve",3,"weak",FALSE,NA,TRUE,0.183939720585721,0.388809394198819,0.063385224589633,0.28281789723288,0.383024653891378,0.523810208868553,FALSE,3.23213611593963,0.240992311635673,0.204869673613097,1.11378702196964,0.240992311635673,0.204869673613097,1,1
49,"recruitment_80",37,"one_by_twelve",3,"survival_growth",FALSE,NA,TRUE,0.183939720585721,0.3918390960413,0.0637935004050219,0.284387811805352,0.384820505186982,0.543394922926541,FALSE,3.25894290383245,0.259007111121188,0.207899375455579,1.13025818889777,0.240992311635673,0.204869673613097,1.07475259008573,1.01478843495501
49,"recruitment_80",67,"one_by_twelve",3,"recruit_size",FALSE,NA,TRUE,0.183939720585721,0.388606539381926,0.0611138203256893,0.286448034231531,0.384558130376579,0.522980895330578,FALSE,3.34894493103997,0.236532861099048,0.204666818796205,1.11268418884449,0.240992311635673,0.204869673613097,0.981495465534322,0.999009834821742
49,"recruitment_80",127,"one_by_twelve",3,"all_vital_rates",FALSE,NA,TRUE,0.183939720585721,0.374432353451099,0.0562614689937993,0.273159453515232,0.371216261000017,0.490621755938169,FALSE,3.38584534446429,0.217462302422936,0.190492632865377,1.03562532474655,0.240992311635673,0.204869673613097,0.902361992160525,0.929823479999917
49,"recruitment_80",157,"one_by_twelve",3,"all_vital_rates_biased",FALSE,NA,TRUE,0.183939720585721,0.387416562342619,0.0623973726687625,0.283570191623441,0.378249296207769,0.529626417123269,FALSE,3.26098412567879,0.246056225499829,0.203476841756898,1.10621480292002,0.240992311635673,0.204869673613097,1.0210127610702,0.993201376115677
49,"recruitment_110",7,"one_by_twelve",3,"weak",FALSE,NA,TRUE,1.74517147873092,2.33282480289307,0.261055520086505,1.86939858142642,2.31882725934684,2.922107700993,FALSE,2.25106645501087,1.05270911956658,0.587653324162147,0.336730992526583,1.05270911956658,0.587653324162147,1,1
49,"recruitment_110",127,"one_by_twelve",3,"all_vital_rates",FALSE,NA,TRUE,1.74517147873092,2.33905092289974,0.255804952795813,1.85946300518701,2.32320999119167,2.84956032426872,FALSE,2.32161042105726,0.99009731908171,0.593879444168821,0.340298619022062,1.05270911956658,0.587653324162147,0.94052317081603,1.01059488605046
49,"recruitment_110",157,"one_by_twelve",3,"all_vital_rates_biased",FALSE,NA,TRUE,1.74517147873092,2.32014547899745,0.250697745762058,1.83337639087191,2.30104685371372,2.8511769346,FALSE,2.29349489569105,1.01780054372809,0.574974000266532,0.329465618292508,1.05270911956658,0.587653324162147,0.966839295689904,0.978423802990153
49,"recruitment_110",67,"one_by_twelve",3,"recruit_size",FALSE,NA,TRUE,1.74517147873092,2.31144457818121,0.235538895571411,1.89244358399637,2.29312416999777,2.82111355927943,FALSE,2.40415961056676,0.928669975283064,0.566273099450289,0.324479918650791,1.05270911956658,0.587653324162147,0.882171492601314,0.963617623124415
49,"recruitment_110",97,"one_by_twelve",3,"fecundity",FALSE,NA,TRUE,1.74517147873092,2.30647094267902,0.24565257588588,1.83725354713821,2.30350654652217,2.81134029905271,FALSE,2.28493213199139,0.974086751914495,0.561299463948102,0.321629977792369,1.05270911956658,0.587653324162147,0.925314252350684,0.955154069362887
49,"recruitment_110",37,"one_by_twelve",3,"survival_growth",FALSE,NA,TRUE,1.74517147873092,2.3444300071689,0.244025254860007,1.91236157451372,2.32659156648933,2.88508667311171,FALSE,2.45572339953813,0.972725098597987,0.599258528437977,0.343380885913718,1.05270911956658,0.587653324162147,0.924020776982038,1.01974838531268
49,"recruit_mean_50",157,"one_by_twelve",3,"all_vital_rates_biased",FALSE,NA,TRUE,44,43.143868269683,0.808988556415362,41.6140424532755,43.15397320798,44.6845164451761,TRUE,-1.05827421602912,3.07047399190058,0.856131730316996,0.0194575393253863,3.20763275233274,0.932807059205622,0.957239880303501,0.917801513043948
49,"recruit_mean_50",97,"one_by_twelve",3,"fecundity",FALSE,NA,TRUE,44,42.9743120314135,0.831372804763975,41.334784716186,43.0349450901648,44.6072787638785,TRUE,-1.23372807326509,3.27249404769253,1.02568796858645,0.0233110901951467,3.20763275233274,0.932807059205622,1.02022092314421,1.09957140489474
49,"recruit_mean_50",37,"one_by_twelve",3,"survival_growth",FALSE,NA,TRUE,44,43.0920408853417,0.835151780324719,41.5342484413796,43.0866406633759,44.7113065805608,TRUE,-1.08717856567968,3.1770581391812,0.907959114658262,0.0206354344240514,3.20763275233274,0.932807059205622,0.990468169047935,0.973362182133869
49,"recruit_mean_50",127,"one_by_twelve",3,"all_vital_rates",FALSE,NA,TRUE,44,42.9980235052844,0.839224945880409,41.2887406369843,43.016678289937,44.6292598722516,TRUE,-1.19393078057811,3.3405192352673,1.00197649471562,0.0227721930617186,3.20763275233274,0.932807059205622,1.04142820989651,1.07415192115817
49,"recruit_mean_50",7,"one_by_twelve",3,"weak",FALSE,NA,TRUE,44,43.0671929407944,0.82291999136956,41.4806734722588,43.0896610938134,44.6883062245915,TRUE,-1.13353311256077,3.20763275233274,0.932807059205622,0.0212001604364914,3.20763275233274,0.932807059205622,1,1
49,"recruit_mean_50",67,"one_by_twelve",3,"recruit_size",FALSE,NA,TRUE,44,43.0692250565328,0.784553873587783,41.4968844374401,43.1154606403372,44.5716711472631,TRUE,-1.18637479821583,3.07478670982292,0.930774943467156,0.0211539759878899,3.20763275233274,0.932807059205622,0.958584397664223,0.997821504759841
49,"recruit_mean_80",97,"one_by_twelve",3,"fecundity",FALSE,NA,TRUE,44.6,44.0275068864931,0.527780658003383,43.0459552040875,44.0633326083332,45.0424426983957,TRUE,-1.08471787441524,1.99648749430819,0.572493113506908,0.0128361684642805,2.05935573340636,0.498435646404118,0.969471889640856,1.14857979688464
49,"recruit_mean_80",157,"one_by_twelve",3,"all_vital_rates_biased",FALSE,NA,TRUE,44.6,44.1517153145005,0.51602840214046,43.1695010897221,44.1517381747729,45.1713076904925,TRUE,-0.8687209534204,2.00180660077032,0.448284685499466,0.010051226132275,2.05935573340636,0.498435646404118,0.972054787959901,0.89938327792874
49,"recruit_mean_80",37,"one_by_twelve",3,"survival_growth",FALSE,NA,TRUE,44.6,44.1182957591366,0.531753691611406,43.1459991504513,44.1078685962737,45.1664822927738,TRUE,-0.905878508156015,2.02048314232252,0.481704240863394,0.0108005435171165,2.05935573340636,0.498435646404118,0.981123906640676,0.966432164991749
49,"recruit_mean_80",7,"one_by_twelve",3,"weak",FALSE,NA,TRUE,44.6,44.1015643535959,0.528427142849618,43.0916527664269,44.1040136115736,45.1510084998333,TRUE,-0.943243838150012,2.05935573340636,0.498435646404118,0.0111756871391058,2.05935573340636,0.498435646404118,1,1
49,"recruit_mean_80",67,"one_by_twelve",3,"recruit_size",FALSE,NA,TRUE,44.6,44.10182419103,0.502305378670045,43.0964501364028,44.1309234894481,45.0446501870418,TRUE,-0.991778766711589,1.948200050639,0.498175808969975,0.0111698611876676,2.05935573340636,0.498435646404118,0.946024049675239,0.999478694118252
49,"recruit_mean_80",127,"one_by_twelve",3,"all_vital_rates",FALSE,NA,TRUE,44.6,44.0464821868036,0.539918014825366,42.9348651150845,44.0699651273166,45.0535062385466,TRUE,-1.02518863604768,2.1186411234621,0.553517813196386,0.0124107133003674,2.05935573340636,0.498435646404118,1.02878831913012,1.1105100872894
49,"recruit_mean_110",37,"one_by_twelve",3,"survival_growth",FALSE,NA,TRUE,45.2,45.1445506329314,0.28476620264746,44.6084683970666,45.1489686433561,45.6993078560328,TRUE,-0.194718918723704,1.09083945896621,0.0554493670685687,0.00122675590859665,1.12103977124168,0.0640642336026218,0.973060445266792,0.86552767356136
49,"recruit_mean_110",7,"one_by_twelve",3,"weak",FALSE,NA,TRUE,45.2,45.1359357663974,0.289357035016165,44.6044646784714,45.1328257625144,45.7255044497131,TRUE,-0.221402025352668,1.12103977124168,0.0640642336026218,0.00141735030094296,1.12103977124168,0.0640642336026218,1,1
49,"recruit_mean_110",97,"one_by_twelve",3,"fecundity",FALSE,NA,TRUE,45.2,45.0807017415727,0.277861317539346,44.5280133968323,45.0775050574444,45.6108017278042,TRUE,-0.429344607891899,1.08278833097189,0.119298258427257,0.00263934200060303,1.12103977124168,0.0640642336026218,0.965878605513331,1.8621663246179
49,"recruit_mean_110",67,"one_by_twelve",3,"recruit_size",FALSE,NA,TRUE,45.2,45.1344233255273,0.274002060380081,44.6149170699442,45.151503699165,45.6714389676732,TRUE,-0.239329129064791,1.05652189772899,0.0655766744727231,0.00145081138213989,1.12103977124168,0.0640642336026218,0.942448185008437,1.02360819423023
49,"recruit_mean_110",127,"one_by_twelve",3,"all_vital_rates",FALSE,NA,TRUE,45.2,45.0949408683228,0.289386581226484,44.5296094351693,45.0992259907197,45.6501421098781,TRUE,-0.363040785208178,1.12053267470883,0.105059131677173,0.00232431707250383,1.12103977124168,0.0640642336026218,0.999547655180611,1.63990304369884
49,"recruit_mean_110",157,"one_by_twelve",3,"all_vital_rates_biased",FALSE,NA,TRUE,45.2,45.1595623593181,0.277429870165457,44.6323489266766,45.1574004660529,45.683168220462,TRUE,-0.145758063678677,1.05081929378536,0.0404376406819438,0.000894638068184597,1.12103977124168,0.0640642336026218,0.9373612968445,0.631204627105519
49,"recruit_sd.log_recruit_sd",37,"one_by_twelve",3,"survival_growth",FALSE,NA,TRUE,3.5,3.12460251337169,0.227478827605949,2.68956916556849,3.11727257308873,3.5709537096856,TRUE,-1.65025242383696,0.881384544117107,0.375397486628308,0.107256424750945,0.946540572261231,0.389303577198453,0.931164040873102,0.964279571561563
49,"recruit_sd.log_recruit_sd",127,"one_by_twelve",3,"all_vital_rates",FALSE,NA,TRUE,3.5,3.11700816957383,0.212270661253236,2.71145131791476,3.11775552576162,3.52796042509139,TRUE,-1.80426172964744,0.816509107176631,0.38299183042617,0.10942623726462,0.946540572261231,0.389303577198453,0.862624520390117,0.983787082518727
49,"recruit_sd.log_recruit_sd",67,"one_by_twelve",3,"recruit_size",FALSE,NA,TRUE,3.5,3.11849013171539,0.222354895203116,2.68440606540206,3.11622170113415,3.61580347892939,TRUE,-1.71577004381266,0.931397413527327,0.381509868284609,0.109002819509888,0.946540572261231,0.389303577198453,0.984001574599461,0.979980381968412
49,"recruit_sd.log_recruit_sd",157,"one_by_twelve",3,"all_vital_rates_biased",FALSE,NA,TRUE,3.5,3.12583974404355,0.219811306513531,2.71248633901835,3.12271096804278,3.56686472202036,TRUE,-1.70218839918235,0.854378383002013,0.374160255956447,0.106902930273271,0.946540572261231,0.389303577198453,0.902632605553243,0.961101510160834
49,"recruit_sd.log_recruit_sd",7,"one_by_twelve",3,"weak",FALSE,NA,TRUE,3.5,3.11069642280155,0.241486175971177,2.65786703174004,3.102210234812,3.60440760400127,TRUE,-1.61211537527067,0.946540572261231,0.389303577198453,0.111229593485272,0.946540572261231,0.389303577198453,1,1
49,"recruit_sd.log_recruit_sd",97,"one_by_twelve",3,"fecundity",FALSE,NA,TRUE,3.5,3.10610349510398,0.212338434480329,2.7109093436201,3.0912856441695,3.54275169093323,TRUE,-1.85504101440717,0.831842347313132,0.393896504896021,0.11254185854172,0.946540572261231,0.389303577198453,0.878823762753146,1.0117978050205
49,"lambda",97,"one_by_twelve",3,"fecundity",FALSE,NA,TRUE,1.03119869581319,1.06527640147161,0.00733217159768531,1.048215619973,1.06590551071222,1.07777471935633,FALSE,4.64769614355098,0.0295590993833299,0.0340777056584161,0.0330466919680719,0.0289408340431299,0.0349379995768162,1.02136307956013,0.975376554787899
49,"lambda",157,"one_by_twelve",3,"all_vital_rates_biased",FALSE,NA,TRUE,1.03119869581319,1.06640917208895,0.00758532113653478,1.04849571919182,1.06720782799407,1.07930227586523,FALSE,4.64192295118011,0.0308065566734097,0.0352104762757524,0.0341451908528509,0.0289408340431299,0.0349379995768162,1.06446678860393,1.00779886376543
49,"lambda",127,"one_by_twelve",3,"all_vital_rates",FALSE,NA,TRUE,1.03119869581319,1.06646224759964,0.00696424120633865,1.05121226822583,1.06709174744435,1.07860165742274,FALSE,5.06351671943117,0.0273893891969079,0.0352635517864472,0.0341966605753305,0.0289408340431299,0.0349379995768162,0.946392531607422,1.00931799798427
49,"lambda",37,"one_by_twelve",3,"survival_growth",FALSE,NA,TRUE,1.03119869581319,1.06624116019466,0.00749059539691595,1.05002029166071,1.06714300576995,1.07846562308979,FALSE,4.67819479288564,0.0284453314290778,0.0350424643814653,0.0339822621224624,0.0289408340431299,0.0349379995768162,0.982878772142032,1.00299000532127
49,"lambda",67,"one_by_twelve",3,"recruit_size",FALSE,NA,TRUE,1.03119869581319,1.06628937102906,0.00711069938688711,1.05054139478682,1.06657010608547,1.07905983005987,FALSE,4.93491192731071,0.0285184352730452,0.0350906752158702,0.0340290143483919,0.0289408340431299,0.0349379995768162,0.985404747857123,1.00436990213817
49,"lambda",7,"one_by_twelve",3,"weak",FALSE,NA,TRUE,1.03119869581319,1.06613669539001,0.00726643284470573,1.05022212962696,1.06656208160024,1.07916296367009,FALSE,4.80813630614804,0.0289408340431299,0.0349379995768162,0.0338809578781172,0.0289408340431299,0.0349379995768162,1,1
50,"survival_50",98,"three_by_four",3,"fecundity",FALSE,NA,TRUE,0.354343693774205,0.365609299772776,0.0303674898516305,0.306459274107679,0.364219623309639,0.428731712044399,TRUE,0.370975871025646,0.12227243793672,0.0112656059985711,0.0317928784863595,0.115327540422939,0.00590800786156154,1.06021889904451,1.90683666348296
50,"survival_50",38,"three_by_four",3,"survival_growth",FALSE,NA,TRUE,0.354343693774205,0.357354576305539,0.0292250055418104,0.300992154273755,0.355791371889712,0.418352924604558,TRUE,0.103024190261553,0.117360770330802,0.00301088253133441,0.00849706819744621,0.115327540422939,0.00590800786156154,1.01763004656482,0.509627373877362
50,"survival_50",8,"three_by_four",3,"weak",FALSE,NA,TRUE,0.354343693774205,0.360251701635766,0.0286127663235856,0.303164325881513,0.359274066004811,0.418491866304452,TRUE,0.206481533268999,0.115327540422939,0.00590800786156154,0.0166731000589677,0.115327540422939,0.00590800786156154,1,1
50,"survival_50",158,"three_by_four",3,"all_vital_rates_biased",FALSE,NA,TRUE,0.354343693774205,0.363544239617292,0.0288052181492017,0.308712396663432,0.364334985950181,0.420483326887589,TRUE,0.319405525604149,0.111770930224158,0.00920054584308794,0.0259650333976332,0.115327540422939,0.00590800786156154,0.969160790339074,1.5573008802084
50,"survival_50",128,"three_by_four",3,"all_vital_rates",FALSE,NA,TRUE,0.354343693774205,0.36224222862677,0.0273211243870687,0.310314149857009,0.361471043068246,0.414723320048723,TRUE,0.289099919193084,0.104409170191713,0.00789853485256575,0.0222906037029655,0.115327540422939,0.00590800786156154,0.905327294840546,1.33692016626364
50,"survival_50",68,"three_by_four",3,"recruit_size",FALSE,NA,TRUE,0.354343693774205,0.360680975768244,0.0279251315090311,0.30706156785178,0.360785794363206,0.414843304366834,TRUE,0.226938304372519,0.107781736515054,0.0063372819940391,0.017884562658754,0.115327540422939,0.00590800786156154,0.934570668201079,1.0726597090824
50,"survival_80",98,"three_by_four",3,"fecundity",FALSE,NA,TRUE,0.589040434058665,0.622698512893186,0.0294522188104502,0.562959272916901,0.622802516422197,0.679116827408886,TRUE,1.14280282416545,0.116157554491985,0.0336580788345213,0.0571405236183993,0.110937037346336,0.0322647449028769,1.04705837897357,1.04318440873587
50,"survival_80",38,"three_by_four",3,"survival_growth",FALSE,NA,TRUE,0.589040434058665,0.618711272169866,0.0269020715518292,0.566450407131549,0.618183492881338,0.672123784765104,TRUE,1.10292019906488,0.105673377633555,0.0296708381112011,0.0503714794360722,0.110937037346336,0.0322647449028769,0.952552728658613,0.919605538507
50,"survival_80",128,"three_by_four",3,"all_vital_rates",FALSE,NA,TRUE,0.589040434058665,0.617943869949309,0.0273869336807362,0.564616337217432,0.61852015306618,0.675732426310058,TRUE,1.05537320196508,0.111116089092626,0.0289034358906438,0.0490686788536578,0.110937037346336,0.0322647449028769,1.00161399430319,0.895820995258098
50,"survival_80",8,"three_by_four",3,"weak",FALSE,NA,TRUE,0.589040434058665,0.621305178961542,0.0290561842519188,0.56744240439158,0.62144808887694,0.678379441737916,TRUE,1.11042608427658,0.110937037346336,0.0322647449028769,0.0547750935883351,0.110937037346336,0.0322647449028769,1,1
50,"survival_80",68,"three_by_four",3,"recruit_size",FALSE,NA,TRUE,0.589040434058665,0.619936134098625,0.0287178065455267,0.561713908046343,0.6203663475127,0.674644873348443,TRUE,1.07583773819844,0.1129309653021,0.0308957000399599,0.0524508985352317,0.110937037346336,0.0322647449028769,1.01797351005092,0.957568396494747
50,"survival_80",158,"three_by_four",3,"all_vital_rates_biased",FALSE,NA,TRUE,0.589040434058665,0.622172795801493,0.02861066650936,0.566035964592711,0.621803866406946,0.676679548897554,TRUE,1.15804228929754,0.110643584304842,0.0331323617428277,0.0562480261576202,0.110937037346336,0.0322647449028769,0.997354778453496,1.02689055322032
50,"survival_110",128,"three_by_four",3,"all_vital_rates",FALSE,NA,TRUE,0.789181706522253,0.820281353131288,0.0308371420775144,0.757660766735571,0.821898966247058,0.876091232807519,TRUE,1.00851260894608,0.118430466071948,0.0310996466090349,0.0394074600969706,0.12769229025947,0.0363295264264311,0.927467632002667,0.856043270258781
50,"survival_110",68,"three_by_four",3,"recruit_size",FALSE,NA,TRUE,0.789181706522253,0.823529503807045,0.0324106527937442,0.756246367576927,0.826391293815853,0.878271912363503,TRUE,1.05976875885146,0.122025544786576,0.034347797284792,0.0435233064843267,0.12769229025947,0.0363295264264311,0.955621866744036,0.945451280636642
50,"survival_110",8,"three_by_four",3,"weak",FALSE,NA,TRUE,0.789181706522253,0.825511232948684,0.0323705724834637,0.756121177210203,0.829078787909702,0.883813467469672,TRUE,1.1223010172276,0.12769229025947,0.0363295264264311,0.0460344254386321,0.12769229025947,0.0363295264264311,1,1
50,"survival_110",158,"three_by_four",3,"all_vital_rates_biased",FALSE,NA,TRUE,0.789181706522253,0.824539166134301,0.0319537434675188,0.755613327511828,0.826506531362006,0.880940200204836,TRUE,1.10652010610241,0.125326872693008,0.0353574596120482,0.044802685262258,0.12769229025947,0.0363295264264311,0.981475643034867,0.973243063975762
50,"survival_110",98,"three_by_four",3,"fecundity",FALSE,NA,TRUE,0.789181706522253,0.823881361229941,0.0328630948945078,0.751663831066558,0.82747908806392,0.880940260138492,TRUE,1.05588517512047,0.129276429071934,0.034699654707688,0.043969157446137,0.12769229025947,0.0363295264264311,1.01240590805635,0.955136444675555
50,"survival_110",38,"three_by_four",3,"survival_growth",FALSE,NA,TRUE,0.789181706522253,0.824432332575465,0.0298474879984088,0.76231724165069,0.826500974941589,0.876016599604843,TRUE,1.18102488407369,0.113699357954153,0.0352506260532117,0.0446673126884217,0.12769229025947,0.0363295264264311,0.890416780238778,0.970302382680265
50,"growth_increment_50",158,"three_by_four",3,"all_vital_rates_biased",FALSE,NA,TRUE,12,10.8785912374941,1.46229749628653,8.05412628085976,10.8662081062928,13.697628497619,TRUE,-0.766881407753006,5.64350221675928,1.12140876250591,0.093450730208826,6.25040140266792,1.04663408341369,0.902902366294493,1.07144300025883
50,"growth_increment_50",68,"three_by_four",3,"recruit_size",FALSE,NA,TRUE,12,11.0337948562154,1.53486568190164,8.12499901775227,11.047393646508,13.8024819191538,TRUE,-0.62950468902759,5.67748290140149,0.966205143784611,0.0805170953153843,6.25040140266792,1.04663408341369,0.908338926677271,0.923154671815432
50,"growth_increment_50",98,"three_by_four",3,"fecundity",FALSE,NA,TRUE,12,10.7796410899379,1.56881103109451,7.47762989116893,10.8349798728075,13.7519685267047,TRUE,-0.777887767152386,6.27433863553573,1.22035891006214,0.101696575838512,6.25040140266792,1.04663408341369,1.00382971129784,1.16598430091425
50,"growth_increment_50",38,"three_by_four",3,"survival_growth",FALSE,NA,TRUE,12,11.2075074183288,1.40248596682257,8.37545300854833,11.263393452884,13.7984871006638,TRUE,-0.565062753153028,5.42303409211544,0.792492581671246,0.0660410484726038,6.25040140266792,1.04663408341369,0.867629731716218,0.757182088974649
50,"growth_increment_50",128,"three_by_four",3,"all_vital_rates",FALSE,NA,TRUE,12,11.1211048788141,1.44541199344825,8.49220931957519,11.0160369666647,13.9389835747644,TRUE,-0.608058550205548,5.44677425518921,0.878895121185856,0.0732412600988213,6.25040140266792,1.04663408341369,0.871427913871949,0.839734855871749
50,"growth_increment_50",8,"three_by_four",3,"weak",FALSE,NA,TRUE,12,10.9533659165863,1.57839659942631,7.94345152598661,10.9148599976059,14.1938529286545,TRUE,-0.663099555456534,6.25040140266792,1.04663408341369,0.0872195069511409,6.25040140266792,1.04663408341369,1,1
50,"growth_increment_80",38,"three_by_four",3,"survival_growth",FALSE,NA,TRUE,8.4,8.57962978729438,0.907340231448053,6.72017528422046,8.59656088500316,10.3035061797059,TRUE,0.197974013571183,3.58333089548548,0.179629787294378,0.0213844984874259,3.84076590717143,0.0103771397939774,0.932973001242989,17.3101443037927
50,"growth_increment_80",8,"three_by_four",3,"weak",FALSE,NA,TRUE,8.4,8.41037713979398,1.00859975001566,6.46928697579632,8.4173673444133,10.3100528829677,TRUE,0.0102886598909193,3.84076590717143,0.0103771397939774,0.00123537378499731,3.84076590717143,0.0103771397939774,1,1
50,"growth_increment_80",158,"three_by_four",3,"all_vital_rates_biased",FALSE,NA,TRUE,8.4,8.35327811199386,0.960410918560912,6.55888281606664,8.35899164795716,10.1907791216076,TRUE,-0.0486478101229332,3.63189630554091,0.0467218880061431,0.00556212952454084,3.84076590717143,0.0103771397939774,0.945617721392361,4.50238591112161
50,"growth_increment_80",98,"three_by_four",3,"fecundity",FALSE,NA,TRUE,8.4,8.2818267194345,1.04952899697611,6.10600769975991,8.32374199798792,10.2840087431026,TRUE,-0.11259648938331,4.17800104334271,0.118173280565497,0.0140682476863687,3.84076590717143,0.0103771397939774,1.0878041370711,11.3878470283383
50,"growth_increment_80",128,"three_by_four",3,"all_vital_rates",FALSE,NA,TRUE,8.4,8.52275510463355,0.940561366490906,6.80673694584894,8.50293234277339,10.2586769584626,TRUE,0.130512594932037,3.45194001261368,0.122755104633551,0.0146137029325656,3.84076590717143,0.0103771397939774,0.898763448761159,11.8293775617049
50,"growth_increment_80",68,"three_by_four",3,"recruit_size",FALSE,NA,TRUE,8.4,8.46972944836944,0.969730124795856,6.6397929891043,8.47343895702914,10.2857704095193,TRUE,0.0719060350776675,3.64597742041496,0.0697294483694417,0.00830112480588592,3.84076590717143,0.0103771397939774,0.949283947143782,6.71952481645385
50,"growth_increment_110",38,"three_by_four",3,"survival_growth",FALSE,NA,TRUE,4.8,5.95175215626,0.748780955767014,4.42108529980077,5.94107425817595,7.40906991713304,TRUE,1.53816967083545,2.98798461733227,1.15175215626,0.2399483658875,3.07602306361372,1.06738836300164,0.971379133231196,1.07903758011856
50,"growth_increment_110",8,"three_by_four",3,"weak",FALSE,NA,TRUE,4.8,5.86738836300164,0.782703043996009,4.34249042822397,5.8446662863664,7.41851349183769,TRUE,1.36372072549022,3.07602306361372,1.06738836300164,0.222372575625342,3.07602306361372,1.06738836300164,1,1
50,"growth_increment_110",98,"three_by_four",3,"fecundity",FALSE,NA,TRUE,4.8,5.78401234893116,0.834091916741069,4.13857459099969,5.81319264578163,7.33460758876013,TRUE,1.17974090047037,3.19603299776044,0.984012348931164,0.205002572693992,3.07602306361372,1.06738836300164,1.0390146405488,0.921887836741997
50,"growth_increment_110",128,"three_by_four",3,"all_vital_rates",FALSE,NA,TRUE,4.8,5.92440533045296,0.780774305262926,4.40080387490464,5.94293372744681,7.50054696678271,TRUE,1.44011569396398,3.09974309187807,1.12440533045296,0.234251110511033,3.07602306361372,1.06738836300164,1.00771126476421,1.05341726538125
50,"growth_increment_110",68,"three_by_four",3,"recruit_size",FALSE,NA,TRUE,4.8,5.90566404052349,0.746892873958758,4.35946078862308,5.9589778874119,7.31152884396617,TRUE,1.48035157259319,2.95206805534309,1.10566404052349,0.230346675109061,3.07602306361372,1.06738836300164,0.959702835217037,1.03585918569902
50,"growth_increment_110",158,"three_by_four",3,"all_vital_rates_biased",FALSE,NA,TRUE,4.8,5.82796498649363,0.819376786672325,4.33052955776497,5.7776012920745,7.43949121577624,TRUE,1.25456933026921,3.10896165801127,1.02796498649363,0.214159372186174,3.07602306361372,1.06738836300164,1.01070817536682,0.963065573998631
50,"growth_sd.log_growth_sd",38,"three_by_four",3,"survival_growth",FALSE,NA,TRUE,4.5,5.54301358805789,0.875135694007136,4.08496105844007,5.44313979902622,7.69964422178991,TRUE,1.19183070145621,3.61468316334984,1.04301358805789,0.231780797346198,3.71885615176802,1.22085270805067,0.971987895157317,0.854332042825436
50,"growth_sd.log_growth_sd",8,"three_by_four",3,"weak",FALSE,NA,TRUE,4.5,5.72085270805067,0.931483019242636,4.06190446649649,5.65830716382601,7.78076061826451,TRUE,1.31065481906832,3.71885615176802,1.22085270805067,0.271300601789037,3.71885615176802,1.22085270805067,1,1
50,"growth_sd.log_growth_sd",98,"three_by_four",3,"fecundity",FALSE,NA,TRUE,4.5,5.76310809029675,0.945251228044652,4.08930425559902,5.67291871469623,7.8313913752997,TRUE,1.33626707146376,3.74208711970068,1.26310809029675,0.280690686732611,3.71885615176802,1.22085270805067,1.00624680465837,1.03461136791313
50,"growth_sd.log_growth_sd",68,"three_by_four",3,"recruit_size",FALSE,NA,TRUE,4.5,5.72214321622587,0.912553924548188,4.19019512693735,5.65503957086014,7.71781229731638,TRUE,1.33925588762435,3.52761717037902,1.22214321622587,0.271587381383526,3.71885615176802,1.22085270805067,0.948575859462033,1.00105705476729
50,"growth_sd.log_growth_sd",158,"three_by_four",3,"all_vital_rates_biased",FALSE,NA,TRUE,4.5,5.69871592819787,0.869943651270159,4.19967028246477,5.64875797903411,7.6696128128041,TRUE,1.3779236464887,3.46994253033933,1.19871592819787,0.266381317377304,3.71885615176802,1.22085270805067,0.933067155256772,0.981867771839452
50,"growth_sd.log_growth_sd",128,"three_by_four",3,"all_vital_rates",FALSE,NA,TRUE,4.5,5.60430442698822,0.87745925079707,4.05240387006196,5.56007015856561,7.38015265728115,TRUE,1.25852502664379,3.32774878721919,1.10430442698822,0.24540098377516,3.71885615176802,1.22085270805067,0.894831273760645,0.904535346242925
50,"recruitment_50",98,"three_by_four",3,"fecundity",FALSE,NA,TRUE,0.019387103915861,0.0754811566961795,0.0241663001313624,0.0397276399889298,0.0714887540798827,0.133455140667123,FALSE,2.3211684236066,0.0937275006781937,0.0560940527803185,0.560940527803185,0.0945132635152784,0.0628106570922261,0.991686216221307,0.893065848649769
50,"recruitment_50",158,"three_by_four",3,"all_vital_rates_biased",FALSE,NA,TRUE,0.019387103915861,0.0802849655829954,0.0230851935647975,0.0436230714399687,0.0765414806397731,0.130927491582867,FALSE,2.63796192551737,0.0873044201428981,0.0608978616671344,0.608978616671344,0.0945132635152784,0.0628106570922261,0.923726648469661,0.969546642024727
50,"recruitment_50",128,"three_by_four",3,"all_vital_rates",FALSE,NA,TRUE,0.019387103915861,0.075509784180114,0.0226440303696871,0.0401030499666973,0.0721696471722129,0.128276901693783,FALSE,2.47847575488959,0.0881738517270858,0.056122680264253,0.56122680264253,0.0945132635152784,0.0628106570922261,0.932925691565313,0.893521622960368
50,"recruitment_50",38,"three_by_four",3,"survival_growth",FALSE,NA,TRUE,0.019387103915861,0.084902001775703,0.0262243407938755,0.044870268158148,0.0810039738524753,0.14089285994433,FALSE,2.49824765376533,0.0960225917861824,0.065514897859842,0.65514897859842,0.0945132635152784,0.0628106570922261,1.01596948634262,1.04305385252769
50,"recruitment_50",8,"three_by_four",3,"weak",FALSE,NA,TRUE,0.019387103915861,0.0821977610080871,0.0246517859643046,0.0457623948440712,0.0784744186527247,0.14027565835935,FALSE,2.54791507532862,0.0945132635152784,0.0628106570922261,0.628106570922261,0.0945132635152784,0.0628106570922261,1,1
50,"recruitment_50",68,"three_by_four",3,"recruit_size",FALSE,NA,TRUE,0.019387103915861,0.0837657474599428,0.0253974353611793,0.0466113857342984,0.0806263542556564,0.14053208899496,FALSE,2.53484820922062,0.0939207032606615,0.0643786435440818,0.643786435440818,0.0945132635152784,0.0628106570922261,0.993730401082583,1.02496370081837
50,"recruitment_80",38,"three_by_four",3,"survival_growth",FALSE,NA,TRUE,0.183939720585721,0.390672316630507,0.0556692330128189,0.290722819392811,0.388283133368663,0.506788711327029,FALSE,3.71358800645199,0.216065891934218,0.206732596044785,1.12391491835741,0.209293574172487,0.201247969505739,1.03235798226729,1.02725307764603
50,"recruitment_80",8,"three_by_four",3,"weak",FALSE,NA,TRUE,0.183939720585721,0.38518769009146,0.053204193284067,0.291513341431652,0.383182103635585,0.50080691560414,FALSE,3.78255842413095,0.209293574172487,0.201247969505739,1.09409739704346,0.209293574172487,0.201247969505739,1,1
50,"recruitment_80",98,"three_by_four",3,"fecundity",FALSE,NA,TRUE,0.183939720585721,0.368756730446,0.0559710873513229,0.27536765986368,0.362785273124059,0.487278043737294,FALSE,3.30200856560474,0.211910383873614,0.184817009860279,1.00476943898667,0.209293574172487,0.201247969505739,1.01250305802016,0.91835465626901
50,"recruitment_80",68,"three_by_four",3,"recruit_size",FALSE,NA,TRUE,0.183939720585721,0.388133524117391,0.0541247807386893,0.293867319606041,0.386268063955306,0.501164329228097,FALSE,3.77264906656165,0.207297009622056,0.20419380353167,1.11011261124815,0.209293574172487,0.201247969505739,0.990460459389042,1.01463783228803
50,"recruitment_80",158,"three_by_four",3,"all_vital_rates_biased",FALSE,NA,TRUE,0.183939720585721,0.380791375929553,0.0517442812056652,0.289021012816352,0.376748068304089,0.4862630917926,FALSE,3.80431712948947,0.197242078976249,0.196851655343832,1.07019655524644,0.209293574172487,0.201247969505739,0.942418226436773,0.97815474028034
50,"recruitment_80",128,"three_by_four",3,"all_vital_rates",FALSE,NA,TRUE,0.183939720585721,0.370747315298737,0.0522638313093395,0.276999001997809,0.367089859205935,0.484056823608928,FALSE,3.57431879816346,0.207057821611119,0.186807594713016,1.01559138025307,0.209293574172487,0.201247969505739,0.989317624441131,0.928245860923772
50,"recruitment_110",8,"three_by_four",3,"weak",FALSE,NA,TRUE,1.74517147873092,1.85613822472122,0.167086083183111,1.55872642943425,1.84858503821857,2.18681369096066,TRUE,0.664129195420145,0.628087261526412,0.110966745990303,0.0635850100363761,0.628087261526412,0.110966745990303,1,1
50,"recruitment_110",98,"three_by_four",3,"fecundity",FALSE,NA,TRUE,1.74517147873092,1.85606527658908,0.161238738267504,1.5526632510602,1.84820466792709,2.16100746095666,TRUE,0.687761508491725,0.608344209896459,0.110893797858161,0.063543210056815,0.628087261526412,0.110966745990303,0.968566387444361,0.999342612676521
50,"recruitment_110",38,"three_by_four",3,"survival_growth",FALSE,NA,TRUE,1.74517147873092,1.85078739047883,0.162876785437283,1.54177242639954,1.84002253602288,2.18226480964763,TRUE,0.648440546418908,0.640492383248096,0.105615911747907,0.0605189306810756,0.628087261526412,0.110966745990303,1.01975063415796,0.951779840035466
50,"recruitment_110",68,"three_by_four",3,"recruit_size",FALSE,NA,TRUE,1.74517147873092,1.84920075982056,0.161740905573784,1.56302257408677,1.8415260997895,2.18729589984163,TRUE,0.643184732523859,0.62427332575486,0.104029281089641,0.0596097760921986,0.628087261526412,0.110966745990303,0.993927697622329,0.937481586589302
50,"recruitment_110",158,"three_by_four",3,"all_vital_rates_biased",FALSE,NA,TRUE,1.74517147873092,1.85293367148272,0.157081018520751,1.5705376024283,1.83998540965729,2.17882634023489,TRUE,0.686029373673615,0.608288737806587,0.107762192751804,0.0617487702871286,0.628087261526412,0.110966745990303,0.96847806836313,0.971121499419485
50,"recruitment_110",128,"three_by_four",3,"all_vital_rates",FALSE,NA,TRUE,1.74517147873092,1.87111443324407,0.162694011039231,1.56321915851832,1.86972132907404,2.20385147022824,TRUE,0.774109346181009,0.640632311709916,0.125942954513145,0.0721665211975217,0.628087261526412,0.110966745990303,1.01997341922365,1.13496122995398
50,"recruit_mean_50",98,"three_by_four",3,"fecundity",FALSE,NA,TRUE,44,42.4261871842812,1.32914590902808,39.7832481624964,42.468374823488,45.0138301286958,TRUE,-1.18407829044864,5.23058196619944,1.57381281571877,0.0357684730845176,4.82250958409643,1.28100607982296,1.08461826254296,1.22857560202703
50,"recruit_mean_50",38,"three_by_four",3,"survival_growth",FALSE,NA,TRUE,44,42.6818351882221,1.25176276959423,40.2975311983904,42.6675764637149,45.1137564498991,TRUE,-1.05304682628101,4.81622525150875,1.31816481177793,0.029958291176771,4.82250958409643,1.28100607982296,0.998696875044395,1.02900745948068
50,"recruit_mean_50",68,"three_by_four",3,"recruit_size",FALSE,NA,TRUE,44,42.7457616932067,1.19514603090076,40.2085685277838,42.7919242739906,45.0251045885524,TRUE,-1.04944356117557,4.81653606076856,1.25423830679333,0.0285054160634848,4.82250958409643,1.28100607982296,0.998761324736902,0.97910410149394
50,"recruit_mean_50",8,"three_by_four",3,"weak",FALSE,NA,TRUE,44,42.718993920177,1.24445207312044,40.2326437866595,42.7835751079142,45.0551533707559,TRUE,-1.02937357532047,4.82250958409643,1.28100607982296,0.0291137745414309,4.82250958409643,1.28100607982296,1,1
50,"recruit_mean_50",158,"three_by_four",3,"all_vital_rates_biased",FALSE,NA,TRUE,44,42.8426109808075,1.12224251350458,40.6691114569337,42.8258168458892,45.0269813264856,TRUE,-1.03131810216149,4.35786986955193,1.15738901919249,0.0263042958907383,4.82250958409643,1.28100607982296,0.90365188364233,0.903500020353099
50,"recruit_mean_50",128,"three_by_four",3,"all_vital_rates",FALSE,NA,TRUE,44,42.6479932539007,1.22660937753361,40.3649036976651,42.6511553191773,45.1840567676346,TRUE,-1.10223089017779,4.8191530699695,1.35200674609931,0.0307274260477115,4.82250958409643,1.28100607982296,0.999303990159397,1.0554257059312
50,"recruit_mean_80",158,"three_by_four",3,"all_vital_rates_biased",FALSE,NA,TRUE,44.6,44.3644554461338,0.61285150653417,43.2023175282733,44.3503162330839,45.6000499391724,TRUE,-0.384341967597171,2.39773241089908,0.235544553866234,0.00528126802390659,2.58993360916376,0.286425721295316,0.925789140854952,0.82235824632306
50,"recruit_mean_80",38,"three_by_four",3,"survival_growth",FALSE,NA,TRUE,44.6,44.3063169783684,0.67830908154241,42.9912481905562,44.297923992845,45.5676188372007,TRUE,-0.432963422756757,2.57637064664454,0.293683021631594,0.00658482111281601,2.58993360916376,0.286425721295316,0.994763200697026,1.02533746027926
50,"recruit_mean_80",128,"three_by_four",3,"all_vital_rates",FALSE,NA,TRUE,44.6,44.2462470843388,0.663638957528576,42.9928449379306,44.2477076972452,45.5029400693873,TRUE,-0.533050255184886,2.51009513145672,0.353752915661239,0.00793167972334617,2.58993360916376,0.286425721295316,0.969173542740806,1.23505987542406
50,"recruit_mean_80",68,"three_by_four",3,"recruit_size",FALSE,NA,TRUE,44.6,44.3380584463332,0.63859085802929,43.0528842639209,44.3734840203489,45.5561237714315,TRUE,-0.410186820517874,2.50323950751066,0.261941553666816,0.00587312900598241,2.58993360916376,0.286425721295316,0.966526515835637,0.914518264917778
50,"recruit_mean_80",98,"three_by_four",3,"fecundity",FALSE,NA,TRUE,44.6,44.1312646514223,0.727977012537776,42.7169593427926,44.1784002914593,45.4964318266105,TRUE,-0.643887568569855,2.77947248381791,0.468735348577695,0.0105097611788721,2.58993360916376,0.286425721295316,1.0731829086211,1.63649879786603
50,"recruit_mean_80",8,"three_by_four",3,"weak",FALSE,NA,TRUE,44.6,44.3135742787047,0.666418498238388,42.9633129966487,44.3613764209764,45.5532466058125,TRUE,-0.429798575598448,2.58993360916376,0.286425721295316,0.00642210137433445,2.58993360916376,0.286425721295316,1,1
50,"recruit_mean_110",128,"three_by_four",3,"all_vital_rates",FALSE,NA,TRUE,45.2,45.8445009147768,0.33336896589021,45.2220141520659,45.8297831556601,46.5315649133185,FALSE,1.93329607948278,1.30955076125262,0.644500914776771,0.0142588697959463,1.29330484473587,0.70815463723234,1.01256155235393,0.910113244891899
50,"recruit_mean_110",68,"three_by_four",3,"recruit_size",FALSE,NA,TRUE,45.2,45.9303551994598,0.330109547150327,45.2736427741239,45.9525717354501,46.5344407297069,FALSE,2.21246312251376,1.26079795558294,0.730355199459815,0.0161583008730048,1.29330484473587,0.70815463723234,0.97486525370624,1.03134987905218
50,"recruit_mean_110",8,"three_by_four",3,"weak",FALSE,NA,TRUE,45.2,45.9081546372323,0.330990017922638,45.2913618772782,45.8850735170518,46.5846667220141,FALSE,2.13950451338945,1.29330484473587,0.70815463723234,0.0156671379918659,1.29330484473587,0.70815463723234,1,1
50,"recruit_mean_110",158,"three_by_four",3,"all_vital_rates_biased",FALSE,NA,TRUE,45.2,45.88629991146,0.335627835492785,45.2246998129294,45.8988647039998,46.5214246036506,FALSE,2.04482417393172,1.29672479072119,0.686299911460026,0.0151836263597351,1.29330484473587,0.70815463723234,1.0026443463807,0.969138483851876
50,"recruit_mean_110",98,"three_by_four",3,"fecundity",FALSE,NA,TRUE,45.2,45.8363421185634,0.32629999128557,45.2249824330159,45.8280143728482,46.4403005754565,FALSE,1.9501751013118,1.21531814244055,0.636342118563377,0.014078365454942,1.29330484473587,0.70815463723234,0.939699675128607,0.898592037821533
50,"recruit_mean_110",38,"three_by_four",3,"survival_growth",FALSE,NA,TRUE,45.2,45.9307987685146,0.345189221941922,45.2917725467536,45.9081972805669,46.6304834498471,FALSE,2.11709613760069,1.33871090309353,0.730798768514632,0.0161681143476688,1.29330484473587,0.70815463723234,1.03510855042605,1.03197625220784
50,"recruit_sd.log_recruit_sd",8,"three_by_four",3,"weak",FALSE,NA,TRUE,3.5,3.51425019563892,0.34151210344921,2.88327427775235,3.49717726278816,4.25084155365223,TRUE,0.0417267660355053,1.36756727589987,0.0142501956389185,0.00407148446826243,1.36756727589987,0.0142501956389185,1,1
50,"recruit_sd.log_recruit_sd",98,"three_by_four",3,"fecundity",FALSE,NA,TRUE,3.5,3.45962352663823,0.357648250628411,2.84746345083463,3.42917196159225,4.23308681830778,TRUE,-0.1128943683936,1.38562336747315,0.0403764733617704,0.0115361352462201,1.36756727589987,0.0142501956389185,1.01320307372915,2.83339782729009
50,"recruit_sd.log_recruit_sd",158,"three_by_four",3,"all_vital_rates_biased",FALSE,NA,TRUE,3.5,3.54043611508255,0.318479320176937,2.92851666529402,3.52361668259867,4.21390409228205,TRUE,0.126966218905786,1.28538742698803,0.0404361150825507,0.0115531757378716,1.36756727589987,0.0142501956389185,0.939908002801714,2.83758315374396
50,"recruit_sd.log_recruit_sd",38,"three_by_four",3,"survival_growth",FALSE,NA,TRUE,3.5,3.51083120101709,0.355936827083701,2.88706185845504,3.49786185353679,4.27727628444404,TRUE,0.0304301218444586,1.390214425989,0.010831201017087,0.00309462886202486,1.36756727589987,0.0142501956389185,1.01656017256937,0.760073846811343
50,"recruit_sd.log_recruit_sd",128,"three_by_four",3,"all_vital_rates",FALSE,NA,TRUE,3.5,3.51351846737231,0.318496432808881,2.95060066073507,3.48898517644415,4.15795560381906,TRUE,0.042444642952798,1.20735494308399,0.0135184673723128,0.00386241924923222,1.36756727589987,0.0142501956389185,0.882848664457502,0.948651352925478
50,"recruit_sd.log_recruit_sd",68,"three_by_four",3,"recruit_size",FALSE,NA,TRUE,3.5,3.50911465755818,0.319660152576661,2.90322811211828,3.50007459757688,4.16475708997239,TRUE,0.0285135869601308,1.26152897785411,0.0091146575581833,0.00260418787376666,1.36756727589987,0.0142501956389185,0.92246209754033,0.639616310480005
50,"lambda",98,"three_by_four",3,"fecundity",FALSE,NA,TRUE,1.03119869581319,1.06945201294898,0.0162629163207429,1.03501980028282,1.0692423632616,1.10097003821448,FALSE,2.35218065329404,0.065950237931657,0.0382533171357915,0.0370959712139912,0.0632143119429875,0.0385709116249549,1.0432801671738,0.991765958444242
50,"lambda",38,"three_by_four",3,"survival_growth",FALSE,NA,TRUE,1.03119869581319,1.07082910800704,0.0164547986894515,1.0372255451132,1.07121678042558,1.1042950021662,FALSE,2.40844102330165,0.0670694570530077,0.0396304121938451,0.0384314025558314,0.0632143119429875,0.0385709116249549,1.06098532106933,1.02746890141442
50,"lambda",8,"three_by_four",3,"weak",FALSE,NA,TRUE,1.03119869581319,1.06976960743815,0.0164398631672833,1.03745926925317,1.0697694971573,1.10067358119616,FALSE,2.34618203524432,0.0632143119429875,0.0385709116249549,0.0374039569498662,0.0632143119429875,0.0385709116249549,1,1
50,"lambda",158,"three_by_four",3,"all_vital_rates_biased",FALSE,NA,TRUE,1.03119869581319,1.06840110849221,0.0165275953047483,1.03572601516238,1.06822266996363,1.10057237147436,FALSE,2.25092713084101,0.0648463563119834,0.0372024126790185,0.0360768616466112,0.0632143119429875,0.0385709116249549,1.02581764032278,0.964519922182732
50,"lambda",128,"three_by_four",3,"all_vital_rates",FALSE,NA,TRUE,1.03119869581319,1.07144067147825,0.0169774980894771,1.03848764221515,1.07183320740724,1.10204843479947,FALSE,2.37031248379291,0.063560792584318,0.0402419756650578,0.039024463305128,0.0632143119429875,0.0385709116249549,1.00548104741918,1.04332446316933
50,"lambda",68,"three_by_four",3,"recruit_size",FALSE,NA,TRUE,1.03119869581319,1.06919992608837,0.0153269529415935,1.03844313297409,1.06983149124077,1.09873222401878,FALSE,2.47937280292998,0.0602890910446949,0.0380012302751747,0.036851511187383,0.0632143119429875,0.0385709116249549,0.953725338323213,0.985230285575837
51,"survival_50",159,"six_by_two",3,"all_vital_rates_biased",FALSE,NA,TRUE,0.354343693774205,0.364069290915744,0.0256832701667913,0.316930957149927,0.362429521727238,0.418743739298157,TRUE,0.378674408608405,0.101812782148231,0.00972559714153959,0.0274467905381631,0.103507791877842,0.0101775719481689,0.983624327223483,0.955591096881348
51,"survival_50",99,"six_by_two",3,"fecundity",FALSE,NA,TRUE,0.354343693774205,0.364085210041125,0.0259549001354377,0.314280092052863,0.362918980571209,0.417087802006184,TRUE,0.375324744695133,0.10280770995332,0.00974151626692082,0.0274917162011872,0.103507791877842,0.0101775719481689,0.993236432621923,0.957155234719165
51,"survival_50",129,"six_by_two",3,"all_vital_rates",FALSE,NA,TRUE,0.354343693774205,0.362910379550736,0.0254847894637574,0.314946689293959,0.363620635970975,0.415624720978128,TRUE,0.336148971868654,0.10067803168417,0.00856668577653114,0.0241762049869865,0.103507791877842,0.0101775719481689,0.972661379956669,0.841721956883084
51,"survival_50",39,"six_by_two",3,"survival_growth",FALSE,NA,TRUE,0.354343693774205,0.362406512038906,0.0247728839834846,0.315380214695944,0.362022605906441,0.412376752336292,TRUE,0.325469504078599,0.0969965376403479,0.0080628182647014,0.0227542310089458,0.103507791877842,0.0101775719481689,0.937094066839153,0.792214322410366
51,"survival_50",9,"six_by_two",3,"weak",FALSE,NA,TRUE,0.354343693774205,0.364521265722373,0.0266176796855477,0.314183081528904,0.364596695901516,0.417690873406746,TRUE,0.382361350365748,0.103507791877842,0.0101775719481689,0.0287223171372546,0.103507791877842,0.0101775719481689,1,1
51,"survival_50",69,"six_by_two",3,"recruit_size",FALSE,NA,TRUE,0.354343693774205,0.365805333679259,0.0260998745442974,0.31606808701266,0.365169676967485,0.418552592312143,TRUE,0.439145402235622,0.102484505299483,0.0114616399050548,0.0323461094593612,0.103507791877842,0.0101775719481689,0.990113917418247,1.12616643374522
51,"survival_80",69,"six_by_two",3,"recruit_size",FALSE,NA,TRUE,0.589040434058665,0.607705138643534,0.0365952910251628,0.539818222484372,0.608384666706163,0.679513241235758,TRUE,0.510030226895459,0.139695018751387,0.0186647045848691,0.0316866271068418,0.141044934236731,0.0165586632233422,0.990429181362316,1.12718667763942
51,"survival_80",159,"six_by_two",3,"all_vital_rates_biased",FALSE,NA,TRUE,0.589040434058665,0.606331972289332,0.0359395833173228,0.538887154800712,0.607403814763593,0.674104898491062,TRUE,0.481127955157255,0.13521774369035,0.0172915382306673,0.0293554350955561,0.141044934236731,0.0165586632233422,0.958685573658393,1.04425930991168
51,"survival_80",9,"six_by_two",3,"weak",FALSE,NA,TRUE,0.589040434058665,0.605599097282007,0.0356387989608092,0.531315738373721,0.605142962484679,0.672360672610452,TRUE,0.464624614357831,0.141044934236731,0.0165586632233422,0.0281112505456511,0.141044934236731,0.0165586632233422,1,1
51,"survival_80",99,"six_by_two",3,"fecundity",FALSE,NA,TRUE,0.589040434058665,0.606905277133217,0.0363818040973235,0.534093631142721,0.608098705798943,0.674385321280523,TRUE,0.491037855812815,0.140291690137802,0.0178648430745516,0.0303287211566403,0.141044934236731,0.0165586632233422,0.994659545179665,1.07888196248645
51,"survival_80",39,"six_by_two",3,"survival_growth",FALSE,NA,TRUE,0.589040434058665,0.603141379816304,0.0342779572113472,0.534175012806888,0.605465538884743,0.667678675263377,TRUE,0.411370656387029,0.133503662456489,0.0141009457576384,0.0239388417879545,0.141044934236731,0.0165586632233422,0.946532842026187,0.851575128224166
51,"survival_80",129,"six_by_two",3,"all_vital_rates",FALSE,NA,TRUE,0.589040434058665,0.604007172300498,0.0358934982852983,0.5361492495668,0.604871200863313,0.676061890765555,TRUE,0.41697630369907,0.139912641198755,0.0149667382418326,0.0254086771916611,0.141044934236731,0.0165586632233422,0.991972111270052,0.903861503791832
51,"survival_110",9,"six_by_two",3,"weak",FALSE,NA,TRUE,0.789181706522253,0.801307451832803,0.0466713924634145,0.703787999256286,0.806511151128741,0.878453194599271,TRUE,0.259811089203206,0.174665195342985,0.01212574531055,0.0153649599456448,0.174665195342985,0.01212574531055,1,1
51,"survival_110",39,"six_by_two",3,"survival_growth",FALSE,NA,TRUE,0.789181706522253,0.799799009587677,0.0442460563411084,0.708098146444645,0.806858574990317,0.876136328972541,TRUE,0.239960438136482,0.168038182527897,0.0106173030654239,0.0134535595258688,0.174665195342985,0.01212574531055,0.962058767334416,0.875600038884726
51,"survival_110",99,"six_by_two",3,"fecundity",FALSE,NA,TRUE,0.789181706522253,0.803155733821238,0.0473615006779631,0.694816468843443,0.807249241966112,0.878683476547634,TRUE,0.295050348889956,0.183867007704191,0.0139740272989849,0.0177069833011783,0.174665195342985,0.01212574531055,1.05268257561638,1.15242625843599
51,"survival_110",69,"six_by_two",3,"recruit_size",FALSE,NA,TRUE,0.789181706522253,0.803105357236625,0.046665566663694,0.700237651880598,0.807439198375843,0.885141714056681,TRUE,0.298370976928573,0.184904062176083,0.0139236507143718,0.0176431493524226,0.174665195342985,0.01212574531055,1.05861996039333,1.14827174394448
51,"survival_110",159,"six_by_two",3,"all_vital_rates_biased",FALSE,NA,TRUE,0.789181706522253,0.802814942979931,0.0446174149292893,0.708905883578861,0.804980591969994,0.879791318323356,TRUE,0.305558636224982,0.170885434744495,0.0136332364576778,0.0172751551955714,0.174665195342985,0.01212574531055,0.978359966958116,1.12432152486464
51,"survival_110",129,"six_by_two",3,"all_vital_rates",FALSE,NA,TRUE,0.789181706522253,0.80023393750217,0.0467384384870048,0.701236369922151,0.80435857616101,0.884478988581412,TRUE,0.236469838053966,0.18324261865926,0.0110522309799173,0.0140046720401338,0.174665195342985,0.01212574531055,1.04910779906342,0.911468177572662
51,"growth_increment_50",39,"six_by_two",3,"survival_growth",FALSE,NA,TRUE,12,10.6987659166428,1.59343728776636,7.59864267540723,10.678303241247,13.6851988116699,TRUE,-0.816620831800197,6.08655613626271,1.30123408335722,0.108436173613101,6.46789482133754,1.49432102264965,0.941041297731559,0.87078617220411
51,"growth_increment_50",99,"six_by_two",3,"fecundity",FALSE,NA,TRUE,12,10.4173022123973,1.71178186720019,7.00303494203131,10.4018251683397,13.6285734942849,TRUE,-0.924590812608267,6.62553855225357,1.58269778760272,0.131891482300227,6.46789482133754,1.49432102264965,1.02437326754232,1.05914175308621
51,"growth_increment_50",159,"six_by_two",3,"all_vital_rates_biased",FALSE,NA,TRUE,12,10.5565997135943,1.69797253331282,7.38395625982801,10.5299171291952,13.9364097693921,TRUE,-0.850072812184782,6.55245350956411,1.44340028640574,0.120283357200479,6.46789482133754,1.49432102264965,1.01307360285879,0.965923830641417
51,"growth_increment_50",129,"six_by_two",3,"all_vital_rates",FALSE,NA,TRUE,12,10.57769296389,1.61177168311877,7.33428514704291,10.495767541332,13.5980115495025,TRUE,-0.882449450506447,6.26372640245954,1.42230703611001,0.118525586342501,6.46789482133754,1.49432102264965,0.96843355921552,0.951808222297544
51,"growth_increment_50",9,"six_by_two",3,"weak",FALSE,NA,TRUE,12,10.5056789773504,1.68850903056006,7.22170467176585,10.5113690614018,13.6895994931034,TRUE,-0.884994391859425,6.46789482133754,1.49432102264965,0.12452675188747,6.46789482133754,1.49432102264965,1,1
51,"growth_increment_50",69,"six_by_two",3,"recruit_size",FALSE,NA,TRUE,12,10.4201091963334,1.70863405164481,6.89818527922948,10.4626641902209,13.5700545421759,TRUE,-0.924651362382537,6.67186926294642,1.57989080366656,0.131657566972214,6.46789482133754,1.49432102264965,1.03153644999544,1.05726331873803
51,"growth_increment_80",99,"six_by_two",3,"fecundity",FALSE,NA,TRUE,8.4,7.91729353998205,1.178305005234,5.68781223141872,7.91874715500658,10.2080256311355,TRUE,-0.409661724149333,4.52021339971679,0.482706460017948,0.0574650547640415,4.42122259262618,0.398523054614445,1.02238991704596,1.21123848276468
51,"growth_increment_80",159,"six_by_two",3,"all_vital_rates_biased",FALSE,NA,TRUE,8.4,8.03457078546144,1.13615334963754,5.80464951442539,8.04509163655017,10.288943572994,TRUE,-0.321637228508937,4.48429405856857,0.365429214538562,0.0435034779212574,4.42122259262618,0.398523054614445,1.01426561649431,0.916958781448916
51,"growth_increment_80",39,"six_by_two",3,"survival_growth",FALSE,NA,TRUE,8.4,8.15045577492039,1.06706986517347,6.07947640728107,8.1398469203737,10.1011445191449,TRUE,-0.233859312519374,4.02166811186379,0.249544225079608,0.0297076458428105,4.42122259262618,0.398523054614445,0.909628055952492,0.626172619601725
51,"growth_increment_80",129,"six_by_two",3,"all_vital_rates",FALSE,NA,TRUE,8.4,8.08099863154984,1.07517603182241,5.82321955117319,8.12832510382633,10.0567870631222,TRUE,-0.296696874752181,4.23356751194904,0.319001368450159,0.0379763533869237,4.42122259262618,0.398523054614445,0.957555839647135,0.800459006716136
51,"growth_increment_80",69,"six_by_two",3,"recruit_size",FALSE,NA,TRUE,8.4,7.95164709161916,1.17156922447364,5.63810992964031,7.93330806852362,10.1216008490831,TRUE,-0.382694337658347,4.48349091944274,0.448352908380842,0.0533753462358145,4.42122259262618,0.398523054614445,1.01408396105648,1.12503631393322
51,"growth_increment_80",9,"six_by_two",3,"weak",FALSE,NA,TRUE,8.4,8.00147694538555,1.15152800794492,5.73322503037902,7.96830171632761,10.1544476230052,TRUE,-0.346081946652493,4.42122259262618,0.398523054614445,0.047443220787434,4.42122259262618,0.398523054614445,1,1
51,"growth_increment_110",129,"six_by_two",3,"all_vital_rates",FALSE,NA,TRUE,4.8,5.58430429920966,0.888157395664778,3.82031591986258,5.62409655270217,7.27594640070314,TRUE,0.883069040507862,3.45563048084056,0.784304299209657,0.163396729002012,3.78697855238882,0.697274913420763,0.912503314459162,1.12481359090052
51,"growth_increment_110",69,"six_by_two",3,"recruit_size",FALSE,NA,TRUE,4.8,5.48318498690487,0.97423931473515,3.65325883018297,5.48870009335833,7.30832391990612,TRUE,0.701249658653528,3.65506508972315,0.683184986904871,0.142330205605182,3.78697855238882,0.697274913420763,0.965166567267072,0.979792867569596
51,"growth_increment_110",99,"six_by_two",3,"fecundity",FALSE,NA,TRUE,4.8,5.4172848675668,1.00899222361757,3.42107625043355,5.41822997994984,7.41583889681375,TRUE,0.611783572873959,3.9947626463802,0.6172848675668,0.128601014076417,3.78697855238882,0.697274913420763,1.05486804087134,0.885281910600311
51,"growth_increment_110",9,"six_by_two",3,"weak",FALSE,NA,TRUE,4.8,5.49727491342076,0.969769433924819,3.61792949605289,5.52675568482319,7.40490804844172,TRUE,0.719011023680933,3.78697855238882,0.697274913420763,0.145265606962659,3.78697855238882,0.697274913420763,1,1
51,"growth_increment_110",39,"six_by_two",3,"survival_growth",FALSE,NA,TRUE,4.8,5.60214563319797,0.901443100907477,3.82847093845493,5.56145791975719,7.33338477171173,TRUE,0.88984610608307,3.50491383325679,0.802145633197966,0.16711367358291,3.78697855238882,0.697274913420763,0.925517212408266,1.1504008214819
51,"growth_increment_110",159,"six_by_two",3,"all_vital_rates_biased",FALSE,NA,TRUE,4.8,5.51254185732862,0.931512733193337,3.66198343259114,5.5181167328152,7.39427988652324,TRUE,0.764929809264059,3.7322964539321,0.712541857328621,0.148446220276796,3.78697855238882,0.697274913420763,0.985560494283171,1.02189515729594
51,"growth_sd.log_growth_sd",9,"six_by_two",3,"weak",FALSE,NA,TRUE,4.5,6.43300792302361,1.09112677755907,4.58748357422166,6.34785440640896,8.92965401798097,FALSE,1.77157041947764,4.34217044375931,1.93300792302361,0.42955731622747,4.34217044375931,1.93300792302361,1,1
51,"growth_sd.log_growth_sd",39,"six_by_two",3,"survival_growth",FALSE,NA,TRUE,4.5,6.16614689930468,1.0019218278253,4.46082494024304,6.10279176771165,8.34962612780898,TRUE,1.66295099381266,3.88880118756594,1.66614689930468,0.370254866512152,4.34217044375931,1.93300792302361,0.89558925379243,0.861945199220132
51,"growth_sd.log_growth_sd",99,"six_by_two",3,"fecundity",FALSE,NA,TRUE,4.5,6.43516888683853,1.1242508253095,4.4524730213056,6.33992933442366,8.75375037689373,TRUE,1.72129638980322,4.30127735558813,1.93516888683853,0.430037530408563,4.34217044375931,1.93300792302361,0.990582339246964,1.00111792806909
51,"growth_sd.log_growth_sd",129,"six_by_two",3,"all_vital_rates",FALSE,NA,TRUE,4.5,6.16847748302706,0.971904389479503,4.45819212411391,6.13838105850848,8.213690901021,TRUE,1.71670948406828,3.75549877690709,1.66847748302706,0.370772774006013,4.34217044375931,1.93300792302361,0.864889765509919,0.863150876493679
51,"growth_sd.log_growth_sd",159,"six_by_two",3,"all_vital_rates_biased",FALSE,NA,TRUE,4.5,6.33085702484375,1.0250094893229,4.54521098733093,6.25594320349146,8.58652473052495,FALSE,1.786185439174,4.04131374319402,1.83085702484375,0.406857116631944,4.34217044375931,1.93300792302361,0.930712830262643,0.947154433790379
51,"growth_sd.log_growth_sd",69,"six_by_two",3,"recruit_size",FALSE,NA,TRUE,4.5,6.44590546701683,1.14296546644274,4.57755918859604,6.29822083393159,9.04967636637299,FALSE,1.70250591478769,4.47211717777695,1.94590546701683,0.432423437114852,4.34217044375931,1.93300792302361,1.02992667738421,1.00667226649182
51,"recruitment_50",99,"six_by_two",3,"fecundity",FALSE,NA,TRUE,0.019387103915861,0.032003382426517,0.0146272801151588,0.012236413081915,0.0293022470228615,0.0696171240400638,TRUE,0.862517051107896,0.0573807109581488,0.012616278510656,0.12616278510656,0.0661346918654243,0.0163608310423609,0.867634056191134,0.771126997032749
51,"recruitment_50",69,"six_by_two",3,"recruit_size",FALSE,NA,TRUE,0.019387103915861,0.0359806579233601,0.0176266855087791,0.0130596264665835,0.0323133074548358,0.0837244760434895,TRUE,0.941388215001316,0.070664849576906,0.0165935540074991,0.165935540074991,0.0661346918654243,0.0163608310423609,1.06849896149361,1.01422439755876
51,"recruitment_50",9,"six_by_two",3,"weak",FALSE,NA,TRUE,0.019387103915861,0.0357479349582219,0.0173955481216977,0.0131012065902761,0.0320348085259365,0.0792358984557004,TRUE,0.940518282488256,0.0661346918654243,0.0163608310423609,0.163608310423609,0.0661346918654243,0.0163608310423609,1,1
51,"recruitment_50",39,"six_by_two",3,"survival_growth",FALSE,NA,TRUE,0.019387103915861,0.0364615975081863,0.0168571688702131,0.0144886226724641,0.0323555174512277,0.0802169728963237,TRUE,1.01289212463762,0.0657283502238596,0.0170744935923253,0.170744935923253,0.0661346918654243,0.0163608310423609,0.993855847360845,1.04362018947061
51,"recruitment_50",159,"six_by_two",3,"all_vital_rates_biased",FALSE,NA,TRUE,0.019387103915861,0.037715174597616,0.0164421658841652,0.0155023252235343,0.0344944927683496,0.0776138459104922,TRUE,1.11469929271338,0.0621115206869579,0.018328070681755,0.18328070681755,0.0661346918654243,0.0163608310423609,0.939167008040907,1.12024081382544
51,"recruitment_50",129,"six_by_two",3,"all_vital_rates",FALSE,NA,TRUE,0.019387103915861,0.0331913981345215,0.0164312987696755,0.012204136687625,0.0296450581930909,0.0751149497704721,TRUE,0.840121916846694,0.0629108130828471,0.0138042942186605,0.138042942186605,0.0661346918654243,0.0163608310423609,0.951252834304613,0.843740405540457
51,"recruitment_80",69,"six_by_two",3,"recruit_size",FALSE,NA,TRUE,0.183939720585721,0.23396131750993,0.0548224140367079,0.146360589976551,0.228928975169401,0.358231260688405,TRUE,0.912429665915766,0.211870670711855,0.0500215969242092,0.271945595899162,0.213956383149091,0.0493230114564935,0.990251693328619,1.01416347962314
51,"recruitment_80",39,"six_by_two",3,"survival_growth",FALSE,NA,TRUE,0.183939720585721,0.237181344487654,0.0519596081578903,0.154014009509081,0.230908157934027,0.356179747457828,TRUE,1.02467331432037,0.202165737948747,0.053241623901933,0.28945147754055,0.213956383149091,0.0493230114564935,0.944892295210804,1.07944795602953
51,"recruitment_80",99,"six_by_two",3,"fecundity",FALSE,NA,TRUE,0.183939720585721,0.222401499836396,0.0493745377494708,0.139957446791769,0.21817048592142,0.331854545377169,TRUE,0.778980037156642,0.1918970985854,0.0384617792506748,0.209099911254625,0.213956383149091,0.0493230114564935,0.896898217108485,0.779793814588977
51,"recruitment_80",159,"six_by_two",3,"all_vital_rates_biased",FALSE,NA,TRUE,0.183939720585721,0.241031760489456,0.0496917803972285,0.157726178180533,0.235606678176626,0.354911662155368,TRUE,1.14892321119007,0.197185483974835,0.0570920399037353,0.310384509239965,0.213956383149091,0.0493230114564935,0.921615336138069,1.15751326242711
51,"recruitment_80",129,"six_by_two",3,"all_vital_rates",FALSE,NA,TRUE,0.183939720585721,0.226232292023967,0.0526957359968068,0.140099189943405,0.218868000010325,0.349061140534414,TRUE,0.802580524557224,0.20896195059101,0.0422925714382462,0.229926256838781,0.213956383149091,0.0493230114564935,0.976656772354385,0.857461257724528
51,"recruitment_80",9,"six_by_two",3,"weak",FALSE,NA,TRUE,0.183939720585721,0.233262732042215,0.0536966479287381,0.144518350109115,0.226470986560618,0.358474733258206,TRUE,0.918549171299316,0.213956383149091,0.0493230114564935,0.268147691534127,0.213956383149091,0.0493230114564935,1,1
51,"recruitment_110",39,"six_by_two",3,"survival_growth",FALSE,NA,TRUE,1.74517147873092,1.62578481510713,0.133767480256551,1.37739286959582,1.61807499674022,1.89331070272842,TRUE,-0.89249392598874,0.515917833132601,0.11938666362379,0.0684097036186997,0.524215366098398,0.13485290935931,0.984171518993132,0.885310255381214
51,"recruitment_110",159,"six_by_two",3,"all_vital_rates_biased",FALSE,NA,TRUE,1.74517147873092,1.61493655016229,0.139153605563718,1.36989647015156,1.6071151571818,1.88872859343089,TRUE,-0.935907683031566,0.518832123279332,0.130234928568628,0.0746258635073121,0.524215366098398,0.13485290935931,0.98973085650058,0.965755423352584
51,"recruitment_110",69,"six_by_two",3,"recruit_size",FALSE,NA,TRUE,1.74517147873092,1.6133973058566,0.140074845071894,1.3694803306658,1.60356897136836,1.90003952574411,TRUE,-0.940741164530216,0.530559195078313,0.131774172874323,0.0755078652615549,0.524215366098398,0.13485290935931,1.01210157006104,0.97716966953391
51,"recruitment_110",129,"six_by_two",3,"all_vital_rates",FALSE,NA,TRUE,1.74517147873092,1.63323472150292,0.141366643633386,1.38358338200797,1.62246019290315,1.92745114073431,TRUE,-0.791818737086916,0.543867758726337,0.111936757228004,0.0641408357815952,0.524215366098398,0.13485290935931,1.03748915788983,0.830065571145767
51,"recruitment_110",9,"six_by_two",3,"weak",FALSE,NA,TRUE,1.74517147873092,1.61031856937161,0.139670975315906,1.35096557442047,1.60721607992181,1.87518094051887,TRUE,-0.965504171888974,0.524215366098398,0.13485290935931,0.0772720108039893,0.524215366098398,0.13485290935931,1,1
51,"recruitment_110",99,"six_by_two",3,"fecundity",FALSE,NA,TRUE,1.74517147873092,1.62825167452931,0.141409572139046,1.37112670397745,1.6234453456025,1.93160228501096,TRUE,-0.826816759523504,0.560475581033509,0.116919804201611,0.0669961695034317,0.524215366098398,0.13485290935931,1.06917045413031,0.867017291336916
51,"recruit_mean_50",159,"six_by_two",3,"all_vital_rates_biased",FALSE,NA,TRUE,44,43.453336353231,1.63889651531299,40.4698721733635,43.4037063993197,46.6731281252691,TRUE,-0.333555927211565,6.20325595190558,0.546663646769026,0.0124241737902051,7.81768550075476,0.782752470407431,0.79349008748263,0.698386357675093
51,"recruit_mean_50",39,"six_by_two",3,"survival_growth",FALSE,NA,TRUE,44,43.0817865836331,2.02176786272045,39.3308701969705,43.0078807929945,47.0468157358991,TRUE,-0.454163622489966,7.71594553892863,0.918213416366918,0.0208684867356118,7.81768550075476,0.782752470407431,0.986985922903102,1.17305719378819
51,"recruit_mean_50",129,"six_by_two",3,"all_vital_rates",FALSE,NA,TRUE,44,43.2826485009247,1.68643303246581,39.9445276587098,43.2615787403859,46.4328062297413,TRUE,-0.425366133884608,6.48827857103155,0.717351499075278,0.0163034431608018,7.81768550075476,0.782752470407431,0.829948783486512,0.916447441809911
51,"recruit_mean_50",69,"six_by_two",3,"recruit_size",FALSE,NA,TRUE,44,43.3258695582954,1.7040303715791,39.8622978481373,43.3400932316324,46.5307680068384,TRUE,-0.39560940517738,6.66847015870118,0.674130441704598,0.0153211464023772,7.81768550075476,0.782752470407431,0.852998007921574,0.861230679161838
51,"recruit_mean_50",99,"six_by_two",3,"fecundity",FALSE,NA,TRUE,44,43.2001851947583,2.10797326596262,38.9298549796676,43.2124132460694,47.2367349239694,TRUE,-0.379423599984047,8.3068799443018,0.799814805241667,0.0181776092100379,7.81768550075476,0.782752470407431,1.06257535475171,1.02179786775423
51,"recruit_mean_50",9,"six_by_two",3,"weak",FALSE,NA,TRUE,44,43.2172475295926,1.96082381894159,39.4168579529696,43.1956536397667,47.2345434537244,TRUE,-0.399195717048125,7.81768550075476,0.782752470407431,0.0177898288728962,7.81768550075476,0.782752470407431,1,1
51,"recruit_mean_80",39,"six_by_two",3,"survival_growth",FALSE,NA,TRUE,44.6,44.296124515011,0.984576404032693,42.4017476471991,44.2882983334391,46.2636262639035,TRUE,-0.308635758224874,3.86187861670444,0.30387548498895,0.00681335168136659,3.85411313347977,0.246196223240695,1.00201485606564,1.23428166764307
51,"recruit_mean_80",159,"six_by_two",3,"all_vital_rates_biased",FALSE,NA,TRUE,44.6,44.4742793999666,0.796313295829942,43.0655148321016,44.4418436072399,45.982685037032,TRUE,-0.157878313336984,2.91717020493041,0.125720600033446,0.0028188475343822,3.85411313347977,0.246196223240695,0.756897917601234,0.510652025358387
51,"recruit_mean_80",69,"six_by_two",3,"recruit_size",FALSE,NA,TRUE,44.6,44.4036227049662,0.834539838293455,42.7260688025025,44.4318119312816,46.0028664351021,TRUE,-0.235312067828179,3.27679763259962,0.196377295033827,0.00440307836398715,3.85411313347977,0.246196223240695,0.850207951638694,0.797645440896296
51,"recruit_mean_80",99,"six_by_two",3,"fecundity",FALSE,NA,TRUE,44.6,44.3279280116569,1.04013288909381,42.2481808890591,44.3267159053312,46.2992340732878,TRUE,-0.261574257670259,4.05105318422869,0.272071988343136,0.00610026879693129,3.85411313347977,0.246196223240695,1.05109866885799,1.10510220165784
51,"recruit_mean_80",129,"six_by_two",3,"all_vital_rates",FALSE,NA,TRUE,44.6,44.37502507455,0.833902572945591,42.8082046762474,44.3558514417042,45.9341250977081,TRUE,-0.2697856233437,3.12592042146079,0.224974925450041,0.00504428083968703,3.85411313347977,0.246196223240695,0.811060888251219,0.913803317080514
51,"recruit_mean_80",9,"six_by_two",3,"weak",FALSE,NA,TRUE,44.6,44.3538037767593,0.96489629446423,42.5487870807326,44.3587014266947,46.4029002142124,TRUE,-0.255153040438815,3.85411313347977,0.246196223240695,0.0055200946914954,3.85411313347977,0.246196223240695,1,1
51,"recruit_mean_110",99,"six_by_two",3,"fecundity",FALSE,NA,TRUE,45.2,45.4556708285554,0.280711701924456,44.9133076649459,45.4573966163477,46.000569200271,TRUE,0.910795049877138,1.08726153532514,0.255670828555381,0.0056564342600748,1.17468505402226,0.290360023925892,0.925577057103286,0.880530401873211
51,"recruit_mean_110",159,"six_by_two",3,"all_vital_rates_biased",FALSE,NA,TRUE,45.2,45.4952224467021,0.29380360038769,44.9258090747976,45.5090798189174,46.0229873537346,TRUE,1.00482923392537,1.09717827893702,0.295222446702077,0.00653147005978046,1.17468505402226,0.290360023925892,0.934019101698915,1.01674618534067
51,"recruit_mean_110",9,"six_by_two",3,"weak",FALSE,NA,TRUE,45.2,45.4903600239259,0.304108877888851,44.91275563375,45.4877528406569,46.0874406877722,TRUE,0.95478969881312,1.17468505402226,0.290360023925892,0.00642389433464363,1.17468505402226,0.290360023925892,1,1
51,"recruit_mean_110",39,"six_by_two",3,"survival_growth",FALSE,NA,TRUE,45.2,45.510462446389,0.313137289995641,44.8764010499583,45.512773173482,46.1282064367988,TRUE,0.991457920560443,1.25180538684052,0.31046244638901,0.00686863819444713,1.17468505402226,0.290360023925892,1.06565192308712,1.06923274833539
51,"recruit_mean_110",129,"six_by_two",3,"all_vital_rates",FALSE,NA,TRUE,45.2,45.4674016481753,0.281276331527679,44.9439903901764,45.4628156620166,46.0270974008303,TRUE,0.95067241073208,1.08310701065395,0.267401648175294,0.00591596566759501,1.17468505402226,0.290360023925892,0.92204034344803,0.920931347779275
51,"recruit_mean_110",69,"six_by_two",3,"recruit_size",FALSE,NA,TRUE,45.2,45.4813758516369,0.284262267483762,44.9028599450644,45.4679152376987,46.0345453092743,TRUE,0.989845940960077,1.13168536420991,0.281375851636909,0.00622512946099356,1.17468505402226,0.290360023925892,0.963394707657922,0.969058508235707
51,"recruit_sd.log_recruit_sd",69,"six_by_two",3,"recruit_size",FALSE,NA,TRUE,3.5,3.2905862858986,0.269286659418787,2.80044831292034,3.27812638614731,3.84160355210729,TRUE,-0.777660930375774,1.04115523918695,0.209413714101398,0.0598324897432566,1.15483316970264,0.211061153829352,0.901563330965835,0.992194491037009
51,"recruit_sd.log_recruit_sd",99,"six_by_two",3,"fecundity",FALSE,NA,TRUE,3.5,3.28394859910811,0.283548879274295,2.77841973214014,3.28474653434373,3.86421661883193,TRUE,-0.761954698762511,1.08579688669179,0.216051400891893,0.0617289716833981,1.15483316970264,0.211061153829352,0.940219691621233,1.02364360741899
51,"recruit_sd.log_recruit_sd",39,"six_by_two",3,"survival_growth",FALSE,NA,TRUE,3.5,3.29878294977664,0.289449397564181,2.77785609797909,3.28439445072404,3.90973594722612,TRUE,-0.695171770667577,1.13187984924703,0.201217050223355,0.0574905857781016,1.15483316970264,0.211061153829352,0.980124124368959,0.953358998435325
51,"recruit_sd.log_recruit_sd",159,"six_by_two",3,"all_vital_rates_biased",FALSE,NA,TRUE,3.5,3.32044826570871,0.263605738893106,2.84955543309277,3.30493789405507,3.85771207553806,TRUE,-0.681137425327836,1.00815664244528,0.179551734291292,0.0513004955117977,1.15483316970264,0.211061153829352,0.872988990006991,0.850709526758597
51,"recruit_sd.log_recruit_sd",129,"six_by_two",3,"all_vital_rates",FALSE,NA,TRUE,3.5,3.30053087389652,0.246842244824528,2.83587573487802,3.28247497529924,3.7792303861652,TRUE,-0.808083422856888,0.943354651287188,0.199469126103483,0.0569911788867094,1.15483316970264,0.211061153829352,0.816875264788325,0.94507739811163
51,"recruit_sd.log_recruit_sd",9,"six_by_two",3,"weak",FALSE,NA,TRUE,3.5,3.28893884617065,0.289203672006517,2.74295302495589,3.27147064119892,3.89778619465853,TRUE,-0.729801085736547,1.15483316970264,0.211061153829352,0.0603031868083864,1.15483316970264,0.211061153829352,1,1
51,"lambda",9,"six_by_two",3,"weak",FALSE,NA,TRUE,1.03119869581319,1.04923159821423,0.0309826270445019,0.984587822994682,1.05013751856551,1.10989936698161,TRUE,0.582032710626527,0.125311543986929,0.0180329024010422,0.0174873207988511,0.125311543986929,0.0180329024010422,1,1
51,"lambda",99,"six_by_two",3,"fecundity",FALSE,NA,TRUE,1.03119869581319,1.05176458467917,0.0335634720490413,0.982048171544692,1.05292661288006,1.11918125603333,TRUE,0.612746167497974,0.137133084488637,0.0205658888659754,0.0199436723004749,0.125311543986929,0.0180329024010422,1.09433720250819,1.14046471325586
51,"lambda",159,"six_by_two",3,"all_vital_rates_biased",FALSE,NA,TRUE,1.03119869581319,1.04814184672799,0.0307281648150399,0.98222765422253,1.04849415425223,1.10790729979332,TRUE,0.551388311563012,0.12567964557079,0.0169431509147948,0.0164305395105583,0.125311543986929,0.0180329024010422,1.00293749140861,0.939568713787062
51,"lambda",69,"six_by_two",3,"recruit_size",FALSE,NA,TRUE,1.03119869581319,1.05008061863444,0.0314505430776761,0.983808811265073,1.0504922733026,1.11286137091601,TRUE,0.600368736864406,0.129052559650937,0.018881922821244,0.018310654287973,0.125311543986929,0.0180329024010422,1.02985371933809,1.04708173988413
51,"lambda",129,"six_by_two",3,"all_vital_rates",FALSE,NA,TRUE,1.03119869581319,1.05295079046444,0.0322829575112818,0.986781808970493,1.05372598204197,1.11736500611144,TRUE,0.673794978159899,0.130583197140943,0.0217520946512511,0.021093989683625,0.125311543986929,0.0180329024010422,1.04206837603537,1.20624479451483
51,"lambda",39,"six_by_two",3,"survival_growth",FALSE,NA,TRUE,1.03119869581319,1.05119065701736,0.0317336516910244,0.984024116211731,1.05157496111277,1.11071319524407,TRUE,0.629992457181487,0.126689079032342,0.0199919612041699,0.0193871086972278,0.125311543986929,0.0180329024010422,1.01099288223243,1.1086380195245
73,"survival_50",70,"one_by_twelve",4,"recruit_size",FALSE,NA,TRUE,0.354343693774205,0.365851570965153,0.0224255431302417,0.322743307427873,0.366153497645051,0.409764177127487,TRUE,0.513159352445292,0.087020869699614,0.0115078771909488,0.0324765965731618,0.0881365150303884,0.00955308094312729,0.987341848830876,1.20462469222852
73,"survival_50",40,"one_by_twelve",4,"survival_growth",FALSE,NA,TRUE,0.354343693774205,0.363751416579637,0.0211353258970558,0.322992155492326,0.363845315170545,0.405453878302632,TRUE,0.445118416969521,0.0824617228103057,0.0094077228054324,0.0265497113980733,0.0881365150303884,0.00955308094312729,0.935613607843172,0.984784161407167
73,"survival_50",160,"one_by_twelve",4,"all_vital_rates_biased",FALSE,NA,TRUE,0.354343693774205,0.366611073421899,0.0231007590531429,0.323005058569526,0.367229093458504,0.414582273633511,TRUE,0.531037946392748,0.0915772150639856,0.0122673796476947,0.0346200027352871,0.0881365150303884,0.00955308094312729,1.0390383036181,1.2841280965509
73,"survival_50",100,"one_by_twelve",4,"fecundity",FALSE,NA,TRUE,0.354343693774205,0.36433322274972,0.0213539884336294,0.322529370315919,0.363667966316904,0.409913335636193,TRUE,0.467806237067334,0.0873839653202743,0.00998952897551553,0.0281916375288481,0.0881365150303884,0.00955308094312729,0.991461544515861,1.04568662560137
73,"survival_50",130,"one_by_twelve",4,"all_vital_rates",FALSE,NA,TRUE,0.354343693774205,0.364802717423972,0.0217011757310195,0.322843194162384,0.365203456065135,0.406960437294028,TRUE,0.481956543710074,0.0841172431316443,0.0104590236497671,0.0295166072757366,0.0881365150303884,0.00955308094312729,0.954397199646953,1.09483251654971
73,"survival_50",10,"one_by_twelve",4,"weak",FALSE,NA,TRUE,0.354343693774205,0.363896774717332,0.0221727501737616,0.319752897265787,0.363835215778128,0.407889412296175,TRUE,0.43084781401777,0.0881365150303884,0.00955308094312729,0.0269599293312518,0.0881365150303884,0.00955308094312729,1,1
73,"survival_80",40,"one_by_twelve",4,"survival_growth",FALSE,NA,TRUE,0.589040434058665,0.621280846456369,0.0193007289941952,0.580065960010129,0.622058291635861,0.656759323710444,TRUE,1.67042459419022,0.0766933637003151,0.0322404123977039,0.0547337848703489,0.0800303092435007,0.0326686337075935,0.958303977896266,0.986891973697998
73,"survival_80",130,"one_by_twelve",4,"all_vital_rates",FALSE,NA,TRUE,0.589040434058665,0.619773068621226,0.0198571902411995,0.578016285066076,0.620572693193559,0.656380212880744,TRUE,1.54768293949248,0.0783639278146676,0.030732634562561,0.0521740661346522,0.0800303092435007,0.0326686337075935,0.979178120832159,0.940738288525899
73,"survival_80",100,"one_by_twelve",4,"fecundity",FALSE,NA,TRUE,0.589040434058665,0.620004050560667,0.0189921171005878,0.58320344967534,0.620320804181505,0.65611462361854,TRUE,1.63034043745674,0.0729111739431999,0.0309636165020021,0.0525661987049912,0.0800303092435007,0.0326686337075935,0.911044510915982,0.947808738472122
73,"survival_80",70,"one_by_twelve",4,"recruit_size",FALSE,NA,TRUE,0.589040434058665,0.623185560511767,0.0205202739112922,0.582406672865377,0.62472476116654,0.661324069073613,TRUE,1.66397030569422,0.0789173962082362,0.034145126453102,0.0579673728301329,0.0800303092435007,0.0326686337075935,0.986093855618146,1.04519603601191
73,"survival_80",160,"one_by_twelve",4,"all_vital_rates_biased",FALSE,NA,TRUE,0.589040434058665,0.623219821724957,0.020652732121319,0.582653807395572,0.623423248483447,0.660573636505024,TRUE,1.65495719721314,0.0779198291094516,0.0341793876662919,0.058025537280668,0.0800303092435007,0.0326686337075935,0.973628989391659,1.04624478550957
73,"survival_80",10,"one_by_twelve",4,"weak",FALSE,NA,TRUE,0.589040434058665,0.621709067766259,0.0200496201424338,0.579094992831293,0.622423149285488,0.659125302074794,TRUE,1.62938915927152,0.0800303092435007,0.0326686337075935,0.0554607660504676,0.0800303092435007,0.0326686337075935,1,1
73,"survival_110",40,"one_by_twelve",4,"survival_growth",FALSE,NA,TRUE,0.789181706522253,0.824486857079577,0.0176231041678964,0.788525654417838,0.825318269533581,0.856983882895702,TRUE,2.00334459928113,0.0684582284778638,0.0353051505573239,0.0447364026124044,0.0698229941873256,0.0357255438497923,0.980453921729561,0.988232697191791
73,"survival_110",100,"one_by_twelve",4,"fecundity",FALSE,NA,TRUE,0.789181706522253,0.822585151185022,0.0172195568403912,0.784741856626568,0.823317918076582,0.854199198553243,TRUE,1.93985507132308,0.0694573419266756,0.0334034446627689,0.0423266839394572,0.0698229941873256,0.0357255438497923,0.994763154102658,0.935001712030287
73,"survival_110",130,"one_by_twelve",4,"all_vital_rates",FALSE,NA,TRUE,0.789181706522253,0.821930804227434,0.0186581847122085,0.78092007635619,0.822619458802114,0.854658279471342,TRUE,1.75521350068704,0.0737382031151522,0.032749097705181,0.0414975378097636,0.0698229941873256,0.0357255438497923,1.05607334622922,0.916685770911542
73,"survival_110",160,"one_by_twelve",4,"all_vital_rates_biased",FALSE,NA,TRUE,0.789181706522253,0.825098605866209,0.0182568667660438,0.787895305104601,0.826423200227678,0.858638016769856,TRUE,1.96730905714658,0.0707427116652548,0.0359168993439564,0.0455115710958812,0.0698229941873256,0.0357255438497923,1.01317212887579,1.00535626539287
73,"survival_110",10,"one_by_twelve",4,"weak",FALSE,NA,TRUE,0.789181706522253,0.824907250372045,0.0182514793450136,0.789188421298343,0.825872057201689,0.859011415485668,FALSE,1.95740537928246,0.0698229941873256,0.0357255438497923,0.0452690977940008,0.0698229941873256,0.0357255438497923,1,1
73,"survival_110",70,"one_by_twelve",4,"recruit_size",FALSE,NA,TRUE,0.789181706522253,0.825543280346367,0.017914689076888,0.789125738000577,0.825850001557439,0.858271191565847,TRUE,2.02970722338823,0.0691454535652694,0.0363615738241138,0.046075033827572,0.0698229941873256,0.0357255438497923,0.990296310979754,1.01780322720896
73,"growth_increment_50",100,"one_by_twelve",4,"fecundity",FALSE,NA,TRUE,12,11.3773086298616,0.833481159832454,9.76311042434573,11.3735990186244,13.0430190739544,TRUE,-0.74709711526487,3.2799086496087,0.622691370138444,0.051890947511537,3.2993779035032,0.689473177041425,0.994099113692363,0.903140819502876
73,"growth_increment_50",160,"one_by_twelve",4,"all_vital_rates_biased",FALSE,NA,TRUE,12,11.2798644827058,0.909877924363726,9.57990694646942,11.2739662983104,13.0145700142565,TRUE,-0.791463885441337,3.43466306778706,0.720135517294214,0.0600112931078511,3.2993779035032,0.689473177041425,1.04100323401579,1.04447212926305
73,"growth_increment_50",10,"one_by_twelve",4,"weak",FALSE,NA,TRUE,12,11.3105268229586,0.850259866934847,9.75874180725841,11.296787559318,13.0581197107616,TRUE,-0.810897002027095,3.2993779035032,0.689473177041425,0.0574560980867854,3.2993779035032,0.689473177041425,1,1
73,"growth_increment_50",130,"one_by_twelve",4,"all_vital_rates",FALSE,NA,TRUE,12,11.3676961807246,0.850185701276984,9.70490427680895,11.3495112153055,12.9840778881755,TRUE,-0.743724363189924,3.27917361136659,0.632303819275403,0.0526919849396169,3.2993779035032,0.689473177041425,0.993876332833786,0.917082549880564
73,"growth_increment_50",40,"one_by_twelve",4,"survival_growth",FALSE,NA,TRUE,12,11.3838574841224,0.850420022531766,9.78849390214721,11.3502611565692,13.0886504505911,TRUE,-0.724515532975465,3.30015654844394,0.616142515877609,0.0513452096564674,3.2993779035032,0.689473177041425,1.0002359975012,0.893642474275095
73,"growth_increment_50",70,"one_by_twelve",4,"recruit_size",FALSE,NA,TRUE,12,11.3201739338964,0.885285159345969,9.55413663287557,11.3128731711405,13.1163009824763,TRUE,-0.767917612677247,3.56216434960073,0.679826066103553,0.0566521721752961,3.2993779035032,0.689473177041425,1.079647271026,0.986007996744314
73,"growth_increment_80",10,"one_by_twelve",4,"weak",FALSE,NA,TRUE,8.4,8.09855242004364,0.587250046355612,6.9986366159108,8.09828992967365,9.26354585646945,TRUE,-0.513320657575255,2.26490924055866,0.301447579956362,0.0358866166614716,2.26490924055866,0.301447579956362,1,1
73,"growth_increment_80",100,"one_by_twelve",4,"fecundity",FALSE,NA,TRUE,8.4,8.10734302402501,0.568699944933231,7.0455096075449,8.11784351844774,9.22565437403729,TRUE,-0.514607006000948,2.18014476649239,0.292656975974994,0.0348401161874993,2.26490924055866,0.301447579956362,0.962574891501894,0.970838697784073
73,"growth_increment_80",40,"one_by_twelve",4,"survival_growth",FALSE,NA,TRUE,8.4,8.14963349010368,0.585507687213444,7.03653175700819,8.11467403019837,9.32864066248822,TRUE,-0.427605845941787,2.29210890548003,0.250366509896324,0.0298055368924195,2.26490924055866,0.301447579956362,1.01200916329639,0.830547420326173
73,"growth_increment_80",130,"one_by_twelve",4,"all_vital_rates",FALSE,NA,TRUE,8.4,8.10994032444149,0.585586860679092,6.97024920634693,8.08852880114818,9.253733096084,TRUE,-0.495331598154597,2.28348388973707,0.290059675558508,0.0345309137569653,2.26490924055866,0.301447579956362,1.00820105673366,0.962222604674743
73,"growth_increment_80",160,"one_by_twelve",4,"all_vital_rates_biased",FALSE,NA,TRUE,8.4,8.05873878354586,0.620975311869308,6.85780442411302,8.07344473856557,9.29494786022065,TRUE,-0.549556818010768,2.43714343610763,0.341261216454141,0.0406263352921597,2.26490924055866,0.301447579956362,1.07604463457727,1.13207482542584
73,"growth_increment_80",70,"one_by_twelve",4,"recruit_size",FALSE,NA,TRUE,8.4,8.11166666418615,0.614870919817375,6.89228338056382,8.13172367902577,9.36316108981623,TRUE,-0.468933115099166,2.47087770925241,0.288333335813851,0.0343253971206966,2.26490924055866,0.301447579956362,1.09093895022608,0.956495772351502
73,"growth_increment_110",40,"one_by_twelve",4,"survival_growth",FALSE,NA,TRUE,4.8,4.91540949608493,0.411856045642095,4.17268115835915,4.90042512049577,5.72401910917481,TRUE,0.280218045373128,1.55133795081566,0.115409496084934,0.0240436450176945,1.64267707714971,0.0865780171287254,0.944396176458164,1.33301154164043
73,"growth_increment_110",100,"one_by_twelve",4,"fecundity",FALSE,NA,TRUE,4.8,4.83737741818846,0.400438370601219,4.09229669858164,4.84599634188086,5.63538388401038,TRUE,0.0933412503210823,1.54308718542874,0.0373774181884547,0.00778696212259474,1.64267707714971,0.0865780171287254,0.939373420919847,0.431719499106586
73,"growth_increment_110",10,"one_by_twelve",4,"weak",FALSE,NA,TRUE,4.8,4.88657801712873,0.415627028614516,4.09362898866345,4.89000909829885,5.73630606581316,TRUE,0.208306994415958,1.64267707714971,0.0865780171287254,0.0180370869018178,1.64267707714971,0.0865780171287254,1,1
73,"growth_increment_110",160,"one_by_twelve",4,"all_vital_rates_biased",FALSE,NA,TRUE,4.8,4.83761308438593,0.429228122488915,3.90950933405983,4.83923176128626,5.64803269546837,TRUE,0.0876295899901049,1.73852336140854,0.0376130843859261,0.00783605924706795,1.64267707714971,0.0865780171287254,1.0583476117078,0.4344415087493
73,"growth_increment_110",130,"one_by_twelve",4,"all_vital_rates",FALSE,NA,TRUE,4.8,4.85218446815839,0.411857580567139,4.08090430079651,4.84163194831435,5.64918397087726,TRUE,0.126705129687139,1.56827967008075,0.0521844681583907,0.0108717641996647,1.64267707714971,0.0865780171287254,0.954709657726491,0.602745014139122
73,"growth_increment_110",70,"one_by_twelve",4,"recruit_size",FALSE,NA,TRUE,4.8,4.90315939447587,0.423992000071228,4.1010159575049,4.90048377716547,5.72620471023937,TRUE,0.243305049289934,1.62518875273447,0.103159394475868,0.0214915405158058,1.64267707714971,0.0865780171287254,0.989353766081897,1.19151948608951
73,"growth_sd.log_growth_sd",10,"one_by_twelve",4,"weak",FALSE,NA,TRUE,4.5,4.22961184721813,0.731585649124607,2.98842763006441,4.16855536155895,5.77182965233608,TRUE,-0.369591931041029,2.78340202227167,0.270388152781869,0.0600862561737486,2.78340202227167,0.270388152781869,1,1
73,"growth_sd.log_growth_sd",100,"one_by_twelve",4,"fecundity",FALSE,NA,TRUE,4.5,4.26279951333654,0.713960652850387,3.08045594087693,4.19623724505224,5.86187987817109,TRUE,-0.33223187540724,2.78142393729416,0.237200486663461,0.0527112192585469,2.78340202227167,0.270388152781869,0.99928932832495,0.877259170651678
73,"growth_sd.log_growth_sd",160,"one_by_twelve",4,"all_vital_rates_biased",FALSE,NA,TRUE,4.5,4.38744739941232,0.699555508507519,3.20305297711755,4.34790037543287,5.86435678436333,TRUE,-0.160891593617511,2.66130380724577,0.112552600587683,0.025011689019485,2.78340202227167,0.270388152781869,0.956133460402446,0.416263062673766
73,"growth_sd.log_growth_sd",40,"one_by_twelve",4,"survival_growth",FALSE,NA,TRUE,4.5,4.22396441661254,0.669343613008282,3.07711936002684,4.16896827426515,5.69620792716367,TRUE,-0.412397426408313,2.61908856713683,0.276035583387458,0.0613412407527684,2.78340202227167,0.270388152781869,0.940966682563256,1.02088638332518
73,"growth_sd.log_growth_sd",130,"one_by_twelve",4,"all_vital_rates",FALSE,NA,TRUE,4.5,4.25318858637009,0.673435539116313,3.02967559628672,4.18817362984623,5.67136762852314,TRUE,-0.366495973695977,2.64169203223642,0.246811413629908,0.0548469808066463,2.78340202227167,0.270388152781869,0.949087487577671,0.912804096964335
73,"growth_sd.log_growth_sd",70,"one_by_twelve",4,"recruit_size",FALSE,NA,TRUE,4.5,4.17506098131406,0.705180837425714,2.95803200838559,4.11520907970252,5.69324650404335,TRUE,-0.460788214087242,2.73521449565776,0.32493901868594,0.0722086708190979,2.78340202227167,0.270388152781869,0.98268754343486,1.20175020740676
73,"recruitment_50",10,"one_by_twelve",4,"weak",FALSE,NA,TRUE,0.019387103915861,0.133857259230361,0.045972406000731,0.067501813278921,0.127077889484354,0.238156919704779,FALSE,2.48997529763135,0.170655106425858,0.1144701553145,1.144701553145,0.170655106425858,0.1144701553145,1,1
73,"recruitment_50",160,"one_by_twelve",4,"all_vital_rates_biased",FALSE,NA,TRUE,0.019387103915861,0.127475112992642,0.0427724254781131,0.0608745412842282,0.122280634258385,0.228404906191788,FALSE,2.52704886076873,0.16753036490756,0.108088009076781,1.08088009076781,0.170655106425858,0.1144701553145,0.981689727405514,0.944246199193282
73,"recruitment_50",70,"one_by_twelve",4,"recruit_size",FALSE,NA,TRUE,0.019387103915861,0.136936251231365,0.044602604942535,0.0706843984422996,0.131221210259361,0.247058180428919,FALSE,2.6354771759845,0.176373781986619,0.117549147315504,1.17549147315504,0.170655106425858,0.1144701553145,1.03351013444913,1.02689777079926
73,"recruitment_50",130,"one_by_twelve",4,"all_vital_rates",FALSE,NA,TRUE,0.019387103915861,0.116154340911691,0.0445234259941347,0.0535355426166562,0.107530649068683,0.229639470270329,FALSE,2.17340051523837,0.176103927653673,0.0967672369958298,0.967672369958298,0.170655106425858,0.1144701553145,1.03192884960745,0.845349049540187
73,"recruitment_50",40,"one_by_twelve",4,"survival_growth",FALSE,NA,TRUE,0.019387103915861,0.135689586691049,0.0467737535138216,0.0671057008994889,0.128303918608754,0.241858716910397,FALSE,2.48649026511889,0.174753016010908,0.116302482775188,1.16302482775188,0.170655106425858,0.1144701553145,1.02401281550183,1.01600703218803
73,"recruitment_50",100,"one_by_twelve",4,"fecundity",FALSE,NA,TRUE,0.019387103915861,0.11418809884667,0.0417850914488482,0.055525691976179,0.106761699489701,0.210312417070547,FALSE,2.26877557625692,0.154786725094368,0.0948009949308087,0.948009949308087,0.170655106425858,0.1144701553145,0.907014904717285,0.828172152561066
73,"recruitment_80",40,"one_by_twelve",4,"survival_growth",FALSE,NA,TRUE,0.183939720585721,0.542799704430301,0.0830016079711642,0.394765291617398,0.532951352803089,0.72221643558702,FALSE,4.32353050279764,0.327451143969622,0.35885998384458,1.95096514609166,0.308191373802888,0.356289048971119,1.06249289176748,1.00721586835432
73,"recruitment_80",100,"one_by_twelve",4,"fecundity",FALSE,NA,TRUE,0.183939720585721,0.500458597733918,0.0868538409074384,0.359258182534914,0.491863665009268,0.686154976072702,FALSE,3.64427034937368,0.326896793537788,0.316518877148197,1.72077502423241,0.308191373802888,0.356289048971119,1.06069417032699,0.88837666513251
73,"recruitment_80",10,"one_by_twelve",4,"weak",FALSE,NA,TRUE,0.183939720585721,0.54022876955684,0.0819501574598564,0.402428858542355,0.537842090718417,0.710620232345242,FALSE,4.34763104812397,0.308191373802888,0.356289048971119,1.9369880949943,0.308191373802888,0.356289048971119,1,1
73,"recruitment_80",130,"one_by_twelve",4,"all_vital_rates",FALSE,NA,TRUE,0.183939720585721,0.504010600634951,0.0915952346890391,0.357065492985008,0.493014072865977,0.715143208941328,FALSE,3.49440537093282,0.35807771595632,0.32007088004923,1.74008571411343,0.308191373802888,0.356289048971119,1.16186806768102,0.898346106829612
73,"recruitment_80",70,"one_by_twelve",4,"recruit_size",FALSE,NA,TRUE,0.183939720585721,0.545007145940943,0.0808233964926711,0.400183226259233,0.542399747095273,0.715903612543707,FALSE,4.46736268238817,0.315720386284474,0.361067425355222,1.96296604238318,0.308191373802888,0.356289048971119,1.02442966650456,1.01341151628966
73,"recruitment_80",160,"one_by_twelve",4,"all_vital_rates_biased",FALSE,NA,TRUE,0.183939720585721,0.526394549490473,0.0825167856590041,0.375075355053467,0.52451670935991,0.705728085321858,FALSE,4.15012322850198,0.330652730268391,0.342454828904752,1.86177747695968,0.308191373802888,0.356289048971119,1.07288119777119,0.96117135762012
73,"recruitment_110",40,"one_by_twelve",4,"survival_growth",FALSE,NA,TRUE,1.74517147873092,2.24435557077837,0.15836421340864,1.95536355615613,2.24016888030999,2.55289944305684,FALSE,3.15212686820454,0.597535886900709,0.49918409204745,0.286037273775786,0.655058027833211,0.509976925221937,0.912187716983222,0.97883662448102
73,"recruitment_110",10,"one_by_twelve",4,"weak",FALSE,NA,TRUE,1.74517147873092,2.25514840395286,0.166452004457045,1.94320799861509,2.24611405155556,2.5982660264483,FALSE,3.06380765365635,0.655058027833211,0.509976925221937,0.292221670728191,0.655058027833211,0.509976925221937,1,1
73,"recruitment_110",130,"one_by_twelve",4,"all_vital_rates",FALSE,NA,TRUE,1.74517147873092,2.27430271307345,0.152077954586686,2.00286361937993,2.26928506881519,2.58836866378468,FALSE,3.47934212937428,0.585505044404758,0.529131234342525,0.303197273615374,0.655058027833211,0.509976925221937,0.893821645605169,1.0375591682158
73,"recruitment_110",100,"one_by_twelve",4,"fecundity",FALSE,NA,TRUE,1.74517147873092,2.2709850564167,0.154037061286473,1.99236318578714,2.27075648445436,2.59334357317646,FALSE,3.41355238339615,0.600980387389324,0.525813577685778,0.301296224522387,0.655058027833211,0.509976925221937,0.917446030510054,1.03105366474561
73,"recruitment_110",160,"one_by_twelve",4,"all_vital_rates_biased",FALSE,NA,TRUE,1.74517147873092,2.24525141765442,0.165048958886798,1.95251482592399,2.23404290462983,2.56119251180166,FALSE,3.02988847852404,0.608677685877669,0.500079938923498,0.286550602630266,0.655058027833211,0.509976925221937,0.929196590248717,0.980593266461749
73,"recruitment_110",70,"one_by_twelve",4,"recruit_size",FALSE,NA,TRUE,1.74517147873092,2.23740384478734,0.163576995043769,1.93044922184419,2.23282954743467,2.56639825057391,FALSE,3.00917843566392,0.635949028729716,0.492232366056415,0.282053868090008,0.655058027833211,0.509976925221937,0.970828539928435,0.965205172454029
73,"recruit_mean_50",40,"one_by_twelve",4,"survival_growth",FALSE,NA,TRUE,44,43.8277715598012,1.05462636208199,41.7041995256716,43.8489884670844,45.8161214204038,TRUE,-0.163307543212565,4.11192189473221,0.172228440198815,0.00391428273179124,4.0094587570409,0.143362706541737,1.02555535395179,1.20134757743761
73,"recruit_mean_50",130,"one_by_twelve",4,"all_vital_rates",FALSE,NA,TRUE,44,43.8052852347707,1.09070509082474,41.6438598819977,43.7819162778875,45.9009101639412,TRUE,-0.17852191840607,4.25705028194349,0.1947147652293,0.00442533557339318,4.0094587570409,0.143362706541737,1.06175185727196,1.35819677185442
73,"recruit_mean_50",100,"one_by_twelve",4,"fecundity",FALSE,NA,TRUE,44,43.8229066675079,1.1558864429263,41.640134428717,43.8262459714149,46.0427131704267,TRUE,-0.153209974540211,4.40257874170972,0.177093332492113,0.00402484846572984,4.0094587570409,0.143362706541737,1.098048142777,1.23528173235594
73,"recruit_mean_50",10,"one_by_twelve",4,"weak",FALSE,NA,TRUE,44,43.8566372934583,1.05600505008014,41.8037304038185,43.8742126304547,45.8131891608594,TRUE,-0.135759489531661,4.0094587570409,0.143362706541737,0.00325824333049402,4.0094587570409,0.143362706541737,1,1
73,"recruit_mean_50",70,"one_by_twelve",4,"recruit_size",FALSE,NA,TRUE,44,43.8350924762486,0.968682243546307,41.9854584763542,43.8444401268236,45.8854036499856,TRUE,-0.170239028174676,3.89994517363139,0.164907523751388,0.00374789826707701,4.0094587570409,0.143362706541737,0.972686192814129,1.15028188103703
73,"recruit_mean_50",160,"one_by_twelve",4,"all_vital_rates_biased",FALSE,NA,TRUE,44,43.8961096302507,1.00493277320151,41.9090988448212,43.8965154298478,45.8593890699381,TRUE,-0.103380417595845,3.95029022511691,0.103890369749323,0.00236114476703006,4.0094587570409,0.143362706541737,0.985242763298141,0.724668027379053
73,"recruit_mean_80",10,"one_by_twelve",4,"weak",FALSE,NA,TRUE,44.6,44.6254569021807,0.583551117774968,43.5234024003507,44.6199240722951,45.7610108668092,TRUE,0.043624116903039,2.2376084664585,0.0254569021807143,0.000570782560105701,2.2376084664585,0.0254569021807143,1,1
73,"recruit_mean_80",130,"one_by_twelve",4,"all_vital_rates",FALSE,NA,TRUE,44.6,44.558732547681,0.617522250705591,43.3814995893533,44.5485530840978,45.7207615403549,TRUE,-0.0668274742681654,2.33926195100167,0.0412674523190475,0.000925279199978643,2.2376084664585,0.0254569021807143,1.04542952266535,1.62107125313586
73,"recruit_mean_80",100,"one_by_twelve",4,"fecundity",FALSE,NA,TRUE,44.6,44.5751127477466,0.6492459954114,43.3268951788817,44.5811119116039,45.7615451629916,TRUE,-0.0383325464142582,2.43464998410989,0.0248872522533787,0.000558010140210285,2.2376084664585,0.0254569021807143,1.08805897930984,0.977622967504385
73,"recruit_mean_80",160,"one_by_twelve",4,"all_vital_rates_biased",FALSE,NA,TRUE,44.6,44.6324448880112,0.563141597652425,43.5376464859452,44.6348706421554,45.6723068352809,TRUE,0.0576140852432562,2.13466034933567,0.0324448880111703,0.000727463856752697,2.2376084664585,0.0254569021807143,0.953991898642673,1.27450259976055
73,"recruit_mean_80",70,"one_by_twelve",4,"recruit_size",FALSE,NA,TRUE,44.6,44.6151015027111,0.540412987733554,43.5732140709477,44.6093500997958,45.7562413302055,TRUE,0.0279443741246916,2.18302725925784,0.0151015027110688,0.000338598715494816,2.2376084664585,0.0254569021807143,0.975607346853201,0.593218397268677
73,"recruit_mean_80",40,"one_by_twelve",4,"survival_growth",FALSE,NA,TRUE,44.6,44.6073233024627,0.581843546279094,43.4341525720944,44.6072709348342,45.6823600351807,TRUE,0.0125863774025044,2.24820746308632,0.0073233024626802,0.000164199606786552,2.2376084664585,0.0254569021807143,1.00473675211132,0.287674533637019
73,"recruit_mean_110",160,"one_by_twelve",4,"all_vital_rates_biased",FALSE,NA,TRUE,45.2,45.3687801457717,0.24636319332172,44.8708239549794,45.3800567635848,45.8345071111299,TRUE,0.685086694550736,0.963683156150516,0.168780145771741,0.0037340740214987,0.949066415593613,0.194276510903137,1.01540117774346,0.868762492115643
73,"recruit_mean_110",70,"one_by_twelve",4,"recruit_size",FALSE,NA,TRUE,45.2,45.3951105291735,0.252451430923304,44.8831913643421,45.3971154458823,45.8720118049696,TRUE,0.772863629490584,0.988820440627521,0.195110529173476,0.00431660462773178,0.949066415593613,0.194276510903137,1.04188750584862,1.00429294445562
73,"recruit_mean_110",40,"one_by_twelve",4,"survival_growth",FALSE,NA,TRUE,45.2,45.3868750451241,0.24641915984067,44.9381245038257,45.3703649652566,45.872008696641,TRUE,0.75836247978835,0.933884192815256,0.186875045124133,0.00413440365318877,0.949066415593613,0.194276510903137,0.984002992278616,0.961902415559158
73,"recruit_mean_110",130,"one_by_twelve",4,"all_vital_rates",FALSE,NA,TRUE,45.2,45.3121798605912,0.251222137301712,44.8059869200791,45.3121362936599,45.7718411379481,TRUE,0.446536526581883,0.965854217868966,0.112179860591183,0.00248185532281379,0.949066415593613,0.194276510903137,1.01768875391598,0.577423694041502
73,"recruit_mean_110",10,"one_by_twelve",4,"weak",FALSE,NA,TRUE,45.2,45.3942765109031,0.247219816827039,44.9049555821595,45.3921491595661,45.8540219977531,TRUE,0.785845218221553,0.949066415593613,0.194276510903137,0.0042981528960871,0.949066415593613,0.194276510903137,1,1
73,"recruit_mean_110",100,"one_by_twelve",4,"fecundity",FALSE,NA,TRUE,45.2,45.3273188279853,0.252410628621028,44.8614924884087,45.3222399161207,45.8177700432053,TRUE,0.504411516586473,0.956277554796685,0.127318827985277,0.00281678822976278,0.949066415593613,0.194276510903137,1.00759813969243,0.655348541073792
73,"recruit_sd.log_recruit_sd",40,"one_by_twelve",4,"survival_growth",FALSE,NA,TRUE,3.5,3.41410933697811,0.221693556055916,3.01074733262191,3.40604987995366,3.89030298384496,TRUE,-0.387429677929945,0.87955565122305,0.0858906630218876,0.024540189434825,0.854169384386238,0.0926952960321419,1.02972041295422,0.926591388112135
73,"recruit_sd.log_recruit_sd",10,"one_by_twelve",4,"weak",FALSE,NA,TRUE,3.5,3.40730470396786,0.222735680655664,2.97726089143945,3.40473916866303,3.83143027582569,TRUE,-0.416167251512087,0.854169384386238,0.0926952960321419,0.0264843702948977,0.854169384386238,0.0926952960321419,1,1
73,"recruit_sd.log_recruit_sd",100,"one_by_twelve",4,"fecundity",FALSE,NA,TRUE,3.5,3.42351566723786,0.208933657405965,3.0384799139495,3.41324435697847,3.86252469700099,TRUE,-0.3660699463731,0.824044783051493,0.0764843327621372,0.0218526665034678,0.854169384386238,0.0926952960321419,0.964732286259135,0.825115577985925
73,"recruit_sd.log_recruit_sd",160,"one_by_twelve",4,"all_vital_rates_biased",FALSE,NA,TRUE,3.5,3.41949697945219,0.205936036705108,3.03611750094022,3.40714311582246,3.84243514996493,TRUE,-0.390912740848225,0.806317649024706,0.0805030205478143,0.0230008630136612,0.854169384386238,0.0926952960321419,0.943978634406435,0.868469318226246
73,"recruit_sd.log_recruit_sd",70,"one_by_twelve",4,"recruit_size",FALSE,NA,TRUE,3.5,3.40803816585912,0.220864107373905,2.98677218959204,3.39863399814284,3.85029261887462,TRUE,-0.416372923759823,0.863520429282576,0.0919618341408763,0.0262748097545361,0.854169384386238,0.0926952960321419,1.01094752992471,0.992087388220744
73,"recruit_sd.log_recruit_sd",130,"one_by_twelve",4,"all_vital_rates",FALSE,NA,TRUE,3.5,3.41739496083017,0.20778373749647,3.0053982856937,3.41171505489609,3.82552755820291,TRUE,-0.397552956574545,0.820129272509216,0.082605039169831,0.0236014397628088,0.854169384386238,0.0926952960321419,0.960148288501957,0.891145966470487
73,"lambda",10,"one_by_twelve",4,"weak",FALSE,NA,TRUE,1.03119869581319,1.04485359550321,0.00579371054609581,1.0341196811964,1.04483931382166,1.05623539679307,FALSE,2.35684878997345,0.0221157155966751,0.0136548996900223,0.0132417736227393,0.0221157155966751,0.0136548996900223,1,1
73,"lambda",100,"one_by_twelve",4,"fecundity",FALSE,NA,TRUE,1.03119869581319,1.04468457820217,0.00598121205061922,1.03242266967369,1.04474445959549,1.05688805937889,FALSE,2.25470728588923,0.0244653897051947,0.0134858823889796,0.0130778699039614,0.0221157155966751,0.0136548996900223,1.10624454353504,0.98762222316681
73,"lambda",70,"one_by_twelve",4,"recruit_size",FALSE,NA,TRUE,1.03119869581319,1.04539274735547,0.00570229254462636,1.03391107220329,1.04577550816416,1.05660252308947,FALSE,2.48918332954543,0.0226914508861755,0.0141940515422752,0.013764613551108,0.0221157155966751,0.0136548996900223,1.02603285826243,1.03948413130027
73,"lambda",40,"one_by_twelve",4,"survival_growth",FALSE,NA,TRUE,1.03119869581319,1.04520714717735,0.00582860663461006,1.03386902645758,1.04534779548351,1.05676019842213,FALSE,2.40339625614319,0.0228911719645488,0.0140084513641532,0.0135846286666473,0.0221157155966751,0.0136548996900223,1.03506358926004,1.02589192759792
73,"lambda",130,"one_by_twelve",4,"all_vital_rates",FALSE,NA,TRUE,1.03119869581319,1.0446055930806,0.00586765125073194,1.03209947877481,1.04477740420929,1.05530372266182,FALSE,2.28488311498332,0.0232042438870061,0.0134068972674082,0.0130012744603363,0.0221157155966751,0.0136548996900223,1.04921967302268,0.981837843686589
73,"lambda",160,"one_by_twelve",4,"all_vital_rates_biased",FALSE,NA,TRUE,1.03119869581319,1.04489859947845,0.00583228664688132,1.03322027516596,1.044925716543,1.05656490052216,FALSE,2.34897639549109,0.0233446253561953,0.0136999036652621,0.0132854160123413,0.0221157155966751,0.0136548996900223,1.05556726184817,1.00329581148609
74,"survival_50",11,"three_by_four",4,"weak",FALSE,NA,TRUE,0.354343693774205,0.359613592886054,0.0209085341909953,0.320704549911799,0.358749178061371,0.404082867605349,TRUE,0.252045364046575,0.0833783176935504,0.00526989911184966,0.0148722813597122,0.0833783176935504,0.00526989911184966,1,1
74,"survival_50",101,"three_by_four",4,"fecundity",FALSE,NA,TRUE,0.354343693774205,0.358578787634068,0.0198516380559173,0.318387519660107,0.358301663332992,0.394227051888699,TRUE,0.213337249446823,0.0758395322285924,0.00423509385986326,0.0119519380033385,0.0833783176935504,0.00526989911184966,0.909583382424839,0.803638508058041
74,"survival_50",71,"three_by_four",4,"recruit_size",FALSE,NA,TRUE,0.354343693774205,0.359827916820571,0.0199088794795958,0.321302894163738,0.359127141782766,0.399929267718153,TRUE,0.275466183417682,0.0786263735544148,0.00548422304636687,0.0154771289646868,0.0833783176935504,0.00526989911184966,0.943007435618923,1.04066945684696
74,"survival_50",131,"three_by_four",4,"all_vital_rates",FALSE,NA,TRUE,0.354343693774205,0.360062366766079,0.0193616399254388,0.321321542512637,0.361311851343254,0.396754341385378,TRUE,0.295360982535426,0.0754327988727406,0.00571867299187473,0.0161387745636551,0.0833783176935504,0.00526989911184966,0.904705215449264,1.08515796422288
74,"survival_50",161,"three_by_four",4,"all_vital_rates_biased",FALSE,NA,TRUE,0.354343693774205,0.361941314232736,0.0201913262934742,0.321915861593453,0.360719508620767,0.400968305436562,TRUE,0.376281396680053,0.0790524438431088,0.00759762045853113,0.0214413875342523,0.0833783176935504,0.00526989911184966,0.948117520596411,1.44170131102652
74,"survival_50",41,"three_by_four",4,"survival_growth",FALSE,NA,TRUE,0.354343693774205,0.35764700467945,0.0200557654284168,0.318218766474346,0.357333174876151,0.398595424997087,TRUE,0.164706299394851,0.0803766585227412,0.00330331090524572,0.00932233580922892,0.0833783176935504,0.00526989911184966,0.96399952345115,0.626826213393352
74,"survival_80",131,"three_by_four",4,"all_vital_rates",FALSE,NA,TRUE,0.589040434058665,0.5667223338399,0.0176349508924406,0.533231676903016,0.56596532363235,0.600092460470275,TRUE,-1.26556066727311,0.0668607835672586,0.0223181002187656,0.037888910384279,0.0724590827378694,0.0231242514437654,0.922738475853145,0.965138278012576
74,"survival_80",101,"three_by_four",4,"fecundity",FALSE,NA,TRUE,0.589040434058665,0.566397034241646,0.0183860013269553,0.531391549677415,0.566610567197794,0.601171315407905,TRUE,-1.23155652033059,0.0697797657304897,0.0226433998170187,0.0384411638111137,0.0724590827378694,0.0231242514437654,0.963023034433482,0.979205743030598
74,"survival_80",161,"three_by_four",4,"all_vital_rates_biased",FALSE,NA,TRUE,0.589040434058665,0.570240926485686,0.0191871446178232,0.53089890179561,0.571028710607614,0.60916254907956,TRUE,-0.979797043668311,0.0782636472839505,0.0187995075729795,0.0319154789484404,0.0724590827378694,0.0231242514437654,1.08010817038742,0.812977994928702
74,"survival_80",71,"three_by_four",4,"recruit_size",FALSE,NA,TRUE,0.589040434058665,0.565431478536133,0.019092947235517,0.526737374867903,0.56513560916278,0.603144592012938,TRUE,-1.23652756336197,0.0764072171450348,0.0236089555225326,0.0400803648738675,0.0724590827378694,0.0231242514437654,1.05448777790147,1.02096085488198
74,"survival_80",11,"three_by_four",4,"weak",FALSE,NA,TRUE,0.589040434058665,0.5659161826149,0.0188280979890074,0.528124109663814,0.56617687459127,0.600583192401683,TRUE,-1.22817777224583,0.0724590827378694,0.0231242514437654,0.0392574942341944,0.0724590827378694,0.0231242514437654,1,1
74,"survival_80",41,"three_by_four",4,"survival_growth",FALSE,NA,TRUE,0.589040434058665,0.566049272733025,0.0181897293686049,0.532094078217961,0.565911516237915,0.603690694888845,TRUE,-1.26396390291121,0.0715966166708846,0.0229911613256405,0.0390315502914197,0.0724590827378694,0.0231242514437654,0.988097198661693,0.994244565345237
74,"survival_110",131,"three_by_four",4,"all_vital_rates",FALSE,NA,TRUE,0.789181706522253,0.751833870355286,0.0271220601812912,0.694376751898473,0.753451984927318,0.804636358584762,TRUE,-1.37702799556241,0.11025960668629,0.0373478361669665,0.0473247616592002,0.108780551219679,0.0382054032943463,1.01359669030932,0.977553773722191
74,"survival_110",161,"three_by_four",4,"all_vital_rates_biased",FALSE,NA,TRUE,0.789181706522253,0.755536072926257,0.028719579261637,0.698070928765053,0.757219325486202,0.809160919415027,TRUE,-1.17152251046165,0.111089990649974,0.0336456335959954,0.042633570086494,0.108780551219679,0.0382054032943463,1.02123026041329,0.880651182681647
74,"survival_110",11,"three_by_four",4,"weak",FALSE,NA,TRUE,0.789181706522253,0.750976303227907,0.0278454586918777,0.691546552650386,0.752666417510192,0.800327103870065,TRUE,-1.37205149741313,0.108780551219679,0.0382054032943463,0.0484114152401086,0.108780551219679,0.0382054032943463,1,1
74,"survival_110",41,"three_by_four",4,"survival_growth",FALSE,NA,TRUE,0.789181706522253,0.752737447622603,0.0276963688371307,0.699606180730832,0.754014528234507,0.806014715699186,TRUE,-1.31584970990101,0.106408534968354,0.0364442588996498,0.0461798070057293,0.108780551219679,0.0382054032943463,0.97819448215026,0.953903263862231
74,"survival_110",101,"three_by_four",4,"fecundity",FALSE,NA,TRUE,0.789181706522253,0.752461302946302,0.0284968554472923,0.69705438088836,0.753686920928488,0.803133036301145,TRUE,-1.28857738861289,0.106078655412784,0.0367204035759511,0.0465297196735207,0.108780551219679,0.0382054032943463,0.975161958855692,0.961131159722243
74,"survival_110",71,"three_by_four",4,"recruit_size",FALSE,NA,TRUE,0.789181706522253,0.749993384097166,0.0286563586277135,0.691494393759764,0.751180122797334,0.803374176152885,TRUE,-1.36752624205323,0.111879782393121,0.0391883224250869,0.0496569067696475,0.108780551219679,0.0382054032943463,1.02849067355049,1.02572722824486
74,"growth_increment_50",11,"three_by_four",4,"weak",FALSE,NA,TRUE,12,13.1330443821063,1.0182429601756,11.1808500261549,13.1787977568174,15.1923867298736,TRUE,1.11274462620484,4.01153670371875,1.13304438210631,0.0944203651755258,4.01153670371875,1.13304438210631,1,1
74,"growth_increment_50",41,"three_by_four",4,"survival_growth",FALSE,NA,TRUE,12,13.1274887669262,0.967169164686482,11.25143324801,13.1820142011452,15.0169318013319,TRUE,1.16576169722249,3.76549855332191,1.12748876692617,0.0939573972438478,4.01153670371875,1.13304438210631,0.938667356534777,0.995096736484578
74,"growth_increment_50",101,"three_by_four",4,"fecundity",FALSE,NA,TRUE,12,13.1043725884904,0.981869840643006,11.1959663755378,13.0598746365859,15.1315280673063,TRUE,1.12476475269596,3.93556169176857,1.10437258849045,0.0920310490408707,4.01153670371875,1.13304438210631,0.981060870793044,0.974694906864496
74,"growth_increment_50",71,"three_by_four",4,"recruit_size",FALSE,NA,TRUE,12,13.1005804949798,1.01834501481405,11.1340319173618,13.0864798961532,15.1205002791436,TRUE,1.08075404599571,3.98646836178184,1.10058049497984,0.0917150412483202,4.01153670371875,1.13304438210631,0.993750937910235,0.971348088707596
74,"growth_increment_50",161,"three_by_four",4,"all_vital_rates_biased",FALSE,NA,TRUE,12,12.9818336966774,1.03047886124369,10.9637292330973,12.9971311575757,14.9658357164141,TRUE,0.952793631780492,4.0021064833168,0.981833696677404,0.081819474723117,4.01153670371875,1.13304438210631,0.997649224948333,0.866544781637055
74,"growth_increment_50",131,"three_by_four",4,"all_vital_rates",FALSE,NA,TRUE,12,13.109534943077,0.954836292093797,11.3744043095202,13.1076876476524,15.0032152965752,TRUE,1.16201588928298,3.62881098705502,1.10953494307703,0.0924612452564195,4.01153670371875,1.13304438210631,0.904593739274793,0.979251087247287
74,"growth_increment_80",71,"three_by_four",4,"recruit_size",FALSE,NA,TRUE,8.4,9.48292281679048,0.745162055495523,7.9829936712895,9.48867210529609,10.9371111430206,TRUE,1.45327155187787,2.95411747173114,1.08292281679048,0.128919382951248,2.85686344412313,1.09079663372413,1.03404223880846,0.992781590362297
74,"growth_increment_80",101,"three_by_four",4,"fecundity",FALSE,NA,TRUE,8.4,9.45824559962895,0.717499289776945,8.12031809507496,9.4325299968911,10.9741624050813,TRUE,1.47490821901431,2.85384431000634,1.05824559962895,0.125981619003446,2.85686344412313,1.09079663372413,0.99894319970981,0.970158475843427
74,"growth_increment_80",131,"three_by_four",4,"all_vital_rates",FALSE,NA,TRUE,8.4,9.49167822447103,0.699584410252369,8.1659957568901,9.50045455588513,10.8515415699582,TRUE,1.56046676923119,2.68554581306809,1.09167822447102,0.129961693389408,2.85686344412313,1.09079663372413,0.940032964681089,1.00080820816607
74,"growth_increment_80",161,"three_by_four",4,"all_vital_rates_biased",FALSE,NA,TRUE,8.4,9.40108902847146,0.754752595995026,7.92466104485721,9.40974711687117,10.8620582501565,TRUE,1.32638037124162,2.93739720529927,1.00108902847146,0.119177265294221,2.85686344412313,1.09079663372413,1.02818957319847,0.917759550699749
74,"growth_increment_80",41,"three_by_four",4,"survival_growth",FALSE,NA,TRUE,8.4,9.48522325886789,0.717697063606861,8.06385613932845,9.51564558934469,10.8373780689816,TRUE,1.51209098364425,2.77352192965319,1.08522325886789,0.12919324510332,2.85686344412313,1.09079663372413,0.970827617035255,0.994890546336567
74,"growth_increment_80",11,"three_by_four",4,"weak",FALSE,NA,TRUE,8.4,9.49079663372413,0.72426164861603,8.10741958122448,9.49399835496744,10.9642830253476,TRUE,1.50608089743327,2.85686344412313,1.09079663372413,0.129856742110016,2.85686344412313,1.09079663372413,1,1
74,"growth_increment_110",101,"three_by_four",4,"fecundity",FALSE,NA,TRUE,4.8,5.8121186107674,0.648920563907293,4.57492174139553,5.77172011152399,7.09621157297968,TRUE,1.55969569630096,2.52128983158414,1.0121186107674,0.210858043909874,2.52163209800124,1.04854888534196,0.999864267901186,0.965256484381569
74,"growth_increment_110",161,"three_by_four",4,"all_vital_rates_biased",FALSE,NA,TRUE,4.8,5.82034436026548,0.683005983785825,4.45500917670981,5.84624732947794,7.12088546486765,TRUE,1.49390251987227,2.66587628815784,1.02034436026548,0.212571741721976,2.52163209800124,1.04854888534196,1.05720271020937,0.973101373268562
74,"growth_increment_110",71,"three_by_four",4,"recruit_size",FALSE,NA,TRUE,4.8,5.86526513860112,0.672607543142939,4.567228326434,5.86403555926806,7.14223551122875,TRUE,1.58378410926434,2.57500718479474,1.06526513860112,0.221930237208566,2.52163209800124,1.04854888534196,1.02116688109888,1.01594227364393
74,"growth_increment_110",11,"three_by_four",4,"weak",FALSE,NA,TRUE,4.8,5.84854888534196,0.63870545403232,4.60877603080335,5.86655102217754,7.1304081288046,TRUE,1.64167830213785,2.52163209800124,1.04854888534196,0.218447684446242,2.52163209800124,1.04854888534196,1,1
74,"growth_increment_110",131,"three_by_four",4,"all_vital_rates",FALSE,NA,TRUE,4.8,5.87382150586502,0.664836929494461,4.66989577921232,5.86473919059878,7.10387268109911,TRUE,1.61516525064507,2.43397690188679,1.07382150586502,0.223712813721879,2.52163209800124,1.04854888534196,0.965238705446394,1.02410247235618
74,"growth_increment_110",41,"three_by_four",4,"survival_growth",FALSE,NA,TRUE,4.8,5.84295775080961,0.668504251312529,4.5530339173311,5.83538751775968,7.14688077744593,TRUE,1.56013630244219,2.59384686011482,1.04295775080961,0.217282864752003,2.52163209800124,1.04854888534196,1.02863810393706,0.994667740712419
74,"growth_sd.log_growth_sd",161,"three_by_four",4,"all_vital_rates_biased",FALSE,NA,TRUE,4.5,5.10369754559615,0.745685594663537,3.77520232572974,5.07562344739441,6.67586086838563,TRUE,0.809587244163596,2.90065854265589,0.603697545596146,0.134155010132477,3.09074014505365,0.53343187482854,0.938499649444176,1.13172379470235
74,"growth_sd.log_growth_sd",71,"three_by_four",4,"recruit_size",FALSE,NA,TRUE,4.5,5.06149361902581,0.812768283045085,3.74062816415441,4.99450177694891,6.89281986632035,TRUE,0.69084095767387,3.15219170216594,0.561493619025814,0.124776359783514,3.09074014505365,0.53343187482854,1.01988247287972,1.05260605059698
74,"growth_sd.log_growth_sd",131,"three_by_four",4,"all_vital_rates",FALSE,NA,TRUE,4.5,4.94152395364565,0.748337061313397,3.60462103945714,4.87124176246208,6.70063948044551,TRUE,0.590006798368026,3.09601844098838,0.441523953645654,0.0981164341434787,3.09074014505365,0.53343187482854,1.0017077773242,0.827704482015764
74,"growth_sd.log_growth_sd",11,"three_by_four",4,"weak",FALSE,NA,TRUE,4.5,5.03343187482854,0.786778359892694,3.66952206104995,4.95662946112114,6.7602622061036,TRUE,0.677995102586823,3.09074014505365,0.53343187482854,0.118540416628564,3.09074014505365,0.53343187482854,1,1
74,"growth_sd.log_growth_sd",41,"three_by_four",4,"survival_growth",FALSE,NA,TRUE,4.5,4.95215458829197,0.740049692960967,3.62691042638986,4.90734198905116,6.47709612448235,TRUE,0.610978685070293,2.85018569809249,0.452154588291966,0.100478797398215,3.09074014505365,0.53343187482854,0.922169307133072,0.847633239834611
74,"growth_sd.log_growth_sd",101,"three_by_four",4,"fecundity",FALSE,NA,TRUE,4.5,4.99186127784032,0.810211743951063,3.60024644547756,4.87121893760995,6.81465403228552,TRUE,0.607077447978869,3.21440758680796,0.49186127784032,0.109302506186738,3.09074014505365,0.53343187482854,1.04001224171247,0.922069529494124
74,"recruitment_50",11,"three_by_four",4,"weak",FALSE,NA,TRUE,0.019387103915861,0.0255866800473926,0.0126464998535564,0.00875744085171737,0.0231638322133154,0.0583216036083502,TRUE,0.490220709549778,0.0495641627566329,0.00619957613153158,0.0619957613153158,0.0495641627566329,0.00619957613153158,1,1
74,"recruitment_50",101,"three_by_four",4,"fecundity",FALSE,NA,TRUE,0.019387103915861,0.02439536949759,0.0118534297807878,0.0102952900871855,0.0214162061949852,0.0549655960762227,TRUE,0.42251615560641,0.0446703059890372,0.00500826558172897,0.0500826558172897,0.0495641627566329,0.00619957613153158,0.901262192370218,0.807839999940721
74,"recruitment_50",71,"three_by_four",4,"recruit_size",FALSE,NA,TRUE,0.019387103915861,0.0253769135360639,0.0125568310994494,0.0092500927902359,0.0229732735436048,0.0555274656466256,TRUE,0.477016022017339,0.0462773728563897,0.00598980962020294,0.0598980962020294,0.0495641627566329,0.00619957613153158,0.933686161180977,0.966164378519081
74,"recruitment_50",41,"three_by_four",4,"survival_growth",FALSE,NA,TRUE,0.019387103915861,0.0256588664943083,0.0129786033559359,0.00896759659381505,0.0231856009791321,0.0589298950513822,TRUE,0.483238635656346,0.0499622984575671,0.00627176257844732,0.0627176257844732,0.0495641627566329,0.00619957613153158,1.0080327333055,1.01164377134569
74,"recruitment_50",161,"three_by_four",4,"all_vital_rates_biased",FALSE,NA,TRUE,0.019387103915861,0.0279720549549162,0.0127374458920639,0.0107273541714804,0.0253595552270522,0.0587560525138994,TRUE,0.673993131103624,0.048028698342419,0.00858495103905516,0.0858495103905516,0.0495641627566329,0.00619957613153158,0.969020672824573,1.38476419305367
74,"recruitment_50",131,"three_by_four",4,"all_vital_rates",FALSE,NA,TRUE,0.019387103915861,0.0239328616622779,0.0109964207762066,0.00942487499779655,0.0216270845925475,0.0552517119646994,TRUE,0.413385213146147,0.0458268369669028,0.00454575774641689,0.0454575774641689,0.0495641627566329,0.00619957613153158,0.92459620859368,0.733236861677812
74,"recruitment_80",71,"three_by_four",4,"recruit_size",FALSE,NA,TRUE,0.183939720585721,0.19780421220506,0.0477540880384191,0.12349316282121,0.191640228486827,0.302807401150546,TRUE,0.290330989216771,0.179314238329336,0.013864491619339,0.0753751912593437,0.188353160555013,0.0151289872272994,0.952010774870767,0.916419018076853
74,"recruitment_80",41,"three_by_four",4,"survival_growth",FALSE,NA,TRUE,0.183939720585721,0.199139188128385,0.0485934568047312,0.119526225362731,0.193446810706848,0.309910204772116,TRUE,0.312788357571307,0.190383979409385,0.0151994675426641,0.0826328728469538,0.188353160555013,0.0151289872272994,1.01078197386435,1.00465862746169
74,"recruitment_80",101,"three_by_four",4,"fecundity",FALSE,NA,TRUE,0.183939720585721,0.194795512272565,0.0442109041070165,0.128239146380738,0.186135535584076,0.298254190242854,TRUE,0.245545570852086,0.170015043862115,0.0108557916868442,0.0590182025517707,0.188353160555013,0.0151289872272994,0.902639718713178,0.717549134237851
74,"recruitment_80",11,"three_by_four",4,"weak",FALSE,NA,TRUE,0.183939720585721,0.199068707813021,0.047830899382432,0.120251550405132,0.19315289458646,0.308604710960146,TRUE,0.316301541945419,0.188353160555013,0.0151289872272994,0.082249702125914,0.188353160555013,0.0151289872272994,1,1
74,"recruitment_80",161,"three_by_four",4,"all_vital_rates_biased",FALSE,NA,TRUE,0.183939720585721,0.207765391527704,0.0448421912784371,0.132928614158051,0.202534632664265,0.305320739081704,TRUE,0.531322628594193,0.172392124923653,0.0238256709419828,0.129529776744873,0.188353160555013,0.0151289872272994,0.915260059431293,1.57483581577693
74,"recruitment_80",131,"three_by_four",4,"all_vital_rates",FALSE,NA,TRUE,0.183939720585721,0.192763782359995,0.0431795262940011,0.122029944856629,0.188517155842168,0.297894087211779,TRUE,0.204357540057112,0.17586414235515,0.00882406177427345,0.0479725735484152,0.188353160555013,0.0151289872272994,0.933693609583919,0.583255286140431
74,"recruitment_110",161,"three_by_four",4,"all_vital_rates_biased",FALSE,NA,TRUE,1.74517147873092,1.6237558107416,0.118791842419301,1.39985140194378,1.62156087862039,1.87065383625963,TRUE,-1.02208759049935,0.470802434315851,0.121415667989321,0.0695723425858495,0.496432332848438,0.104869309890626,0.948371818601082,1.15778074744606
74,"recruitment_110",41,"three_by_four",4,"survival_growth",FALSE,NA,TRUE,1.74517147873092,1.64078790337423,0.116965716766514,1.42253015619979,1.63883775956317,1.87107590317675,TRUE,-0.892428809418272,0.448545746976966,0.104383575356695,0.0598127901062205,0.496432332848438,0.104869309890626,0.903538543517687,0.995368191757553
74,"recruitment_110",131,"three_by_four",4,"all_vital_rates",FALSE,NA,TRUE,1.74517147873092,1.63114787341345,0.116639531699012,1.42719897859547,1.62409378582265,1.88772904647869,TRUE,-0.977572557576005,0.460530067883214,0.114023605317471,0.0653366197574969,0.496432332848438,0.104869309890626,0.927679438687597,1.08729241602135
74,"recruitment_110",101,"three_by_four",4,"fecundity",FALSE,NA,TRUE,1.74517147873092,1.64132463080258,0.115574982204411,1.43068768408641,1.63507064946379,1.86868357637516,TRUE,-0.89852359003329,0.43799589228875,0.103846847928341,0.0595052401405609,0.496432332848438,0.104869309890626,0.88228719869153,0.990250131679599
74,"recruitment_110",71,"three_by_four",4,"recruit_size",FALSE,NA,TRUE,1.74517147873092,1.63300954503952,0.116842691368105,1.41111758471382,1.62589718090946,1.89177121950512,TRUE,-0.959939662276683,0.480653634791301,0.112161933691398,0.0642698640554002,0.496432332848438,0.104869309890626,0.968215813086545,1.0695401143421
74,"recruitment_110",11,"three_by_four",4,"weak",FALSE,NA,TRUE,1.74517147873092,1.64030216884029,0.122630384649883,1.41842410826786,1.63245842184164,1.9148564411163,TRUE,-0.855165791007136,0.496432332848438,0.104869309890626,0.0600911206541643,0.496432332848438,0.104869309890626,1,1
74,"recruit_mean_50",101,"three_by_four",4,"fecundity",FALSE,NA,TRUE,44,45.2805102587458,1.47006514735063,42.4817380853479,45.2819110780901,48.0662926255197,TRUE,0.871056810681877,5.58455454017185,1.28051025874583,0.029102505880587,5.41885719994005,1.33293506243229,1.03057791230107,0.960669649134444
74,"recruit_mean_50",71,"three_by_four",4,"recruit_size",FALSE,NA,TRUE,44,44.9543823711045,1.2602632262931,42.5224782177119,44.9323029189619,47.4016531837786,TRUE,0.757288121396438,4.87917496606675,0.954382371104515,0.0216905084341935,5.41885719994005,1.33293506243229,0.900406632992788,0.716000649996402
74,"recruit_mean_50",11,"three_by_four",4,"weak",FALSE,NA,TRUE,44,45.3329350624323,1.43209631938784,42.7079188969609,45.3255707444957,48.1267760969009,TRUE,0.930757969549186,5.41885719994005,1.33293506243229,0.030293978691643,5.41885719994005,1.33293506243229,1,1
74,"recruit_mean_50",41,"three_by_four",4,"survival_growth",FALSE,NA,TRUE,44,45.4322702636981,1.37843835128238,42.8293251987648,45.3982453184468,48.2196506102783,TRUE,1.03905282551495,5.39032541151344,1.43227026369813,0.0325515969022302,5.41885719994005,1.33293506243229,0.994734722216535,1.07452366140371
74,"recruit_mean_50",161,"three_by_four",4,"all_vital_rates_biased",FALSE,NA,TRUE,44,44.9756041962128,1.26544347950785,42.5997050023075,44.9755998591618,47.4257973071993,TRUE,0.770958333589285,4.82609230489173,0.9756041962128,0.0221728226412,5.41885719994005,1.33293506243229,0.890610718611504,0.731921774518072
74,"recruit_mean_50",131,"three_by_four",4,"all_vital_rates",FALSE,NA,TRUE,44,44.957868345951,1.35267540994738,42.2125533284679,44.9705553000169,47.4827762670311,TRUE,0.708128749075366,5.27022293856325,0.957868345951049,0.0217697351352511,5.41885719994005,1.33293506243229,0.972570921156874,0.718615912318463
74,"recruit_mean_80",71,"three_by_four",4,"recruit_size",FALSE,NA,TRUE,44.6,44.9473247474961,0.687508995499003,43.5913441671668,44.9377409468874,46.2979210853189,TRUE,0.505193022593164,2.70657691815215,0.347324747496131,0.00778755039228994,3.00877339808803,0.552577033470641,0.899561568801454,0.628554439395797
74,"recruit_mean_80",11,"three_by_four",4,"weak",FALSE,NA,TRUE,44.6,45.1525770334706,0.771277548181406,43.7008488449516,45.1438397021861,46.7096222430396,TRUE,0.716443820740745,3.00877339808803,0.552577033470641,0.0123896195845435,3.00877339808803,0.552577033470641,1,1
74,"recruit_mean_80",101,"three_by_four",4,"fecundity",FALSE,NA,TRUE,44.6,45.1208967174797,0.787742091353425,43.6125159422619,45.098391165823,46.6268630889907,TRUE,0.661252868416274,3.01434714672881,0.520896717479687,0.0116792985981993,3.00877339808803,0.552577033470641,1.00185249864424,0.942668055181419
74,"recruit_mean_80",161,"three_by_four",4,"all_vital_rates_biased",FALSE,NA,TRUE,44.6,44.9543467297177,0.683712928686517,43.722836408405,44.9712046607759,46.3156804576402,TRUE,0.51826828900022,2.59284404923519,0.35434672971769,0.00794499393985853,3.00877339808803,0.552577033470641,0.861761158511588,0.641262137682596
74,"recruit_mean_80",41,"three_by_four",4,"survival_growth",FALSE,NA,TRUE,44.6,45.1982093750794,0.742203773857109,43.7926108640703,45.1688468620101,46.6709258483455,TRUE,0.805990748296193,2.87831498427519,0.59820937507935,0.0134127662573845,3.00877339808803,0.552577033470641,0.95664066496475,1.08258095947655
74,"recruit_mean_80",131,"three_by_four",4,"all_vital_rates",FALSE,NA,TRUE,44.6,44.9481461694407,0.730350355231819,43.4488092519128,44.9626741949968,46.2581932295786,TRUE,0.476683781895655,2.80938397766574,0.348146169440739,0.00780596792468024,3.00877339808803,0.552577033470641,0.933730662286167,0.63004096868466
74,"recruit_mean_110",71,"three_by_four",4,"recruit_size",FALSE,NA,TRUE,45.2,44.9402671238879,0.229096389746646,44.4891777178283,44.9412931370752,45.4064304044707,TRUE,-1.13372749522297,0.917252686642399,0.259732876112089,0.00574630256885153,0.85369913821517,0.227780995491031,1.07444490170167,1.14027456747293
74,"recruit_mean_110",11,"three_by_four",4,"weak",FALSE,NA,TRUE,45.2,44.972219004509,0.223419309501946,44.5378426978033,44.97782243536,45.3915418360184,TRUE,-1.01952242175848,0.85369913821517,0.227780995491031,0.00503940255511131,0.85369913821517,0.227780995491031,1,1
74,"recruit_mean_110",101,"three_by_four",4,"fecundity",FALSE,NA,TRUE,45.2,44.9612831762136,0.229479139662087,44.5161441478395,44.9606017608967,45.4222469311194,TRUE,-1.04025500591441,0.906102783279835,0.238716823786419,0.00528134565899157,0.85369913821517,0.227780995491031,1.06138420752565,1.04801027527258
74,"recruit_mean_110",161,"three_by_four",4,"all_vital_rates_biased",FALSE,NA,TRUE,45.2,44.9330892632227,0.226029357501112,44.4877511159813,44.9270643477732,45.3655435453662,TRUE,-1.18086756396655,0.877792429384932,0.266910736777263,0.00590510479595713,0.85369913821517,0.227780995491031,1.02822222735299,1.17178668133344
74,"recruit_mean_110",131,"three_by_four",4,"all_vital_rates",FALSE,NA,TRUE,45.2,44.9384239929304,0.222109564402553,44.4939524763527,44.9444078874498,45.3585494266821,TRUE,-1.17768907328767,0.86459695032935,0.261576007069571,0.00578707980242415,0.85369913821517,0.227780995491031,1.01276540132975,1.14836624761292
74,"recruit_mean_110",41,"three_by_four",4,"survival_growth",FALSE,NA,TRUE,45.2,44.9641484864606,0.222439052661828,44.5201414866458,44.9743905792873,45.3714060860287,TRUE,-1.06029723970278,0.851264599382908,0.235851513539437,0.00521795383936808,0.85369913821517,0.227780995491031,0.99714824728844,1.03543104213329
74,"recruit_sd.log_recruit_sd",11,"three_by_four",4,"weak",FALSE,NA,TRUE,3.5,3.30965949845799,0.179485153788221,2.99425658326979,3.30440786354538,3.68025314160695,TRUE,-1.06048047721317,0.68599655833716,0.190340501542012,0.0543830004405748,0.68599655833716,0.190340501542012,1,1
74,"recruit_sd.log_recruit_sd",101,"three_by_four",4,"fecundity",FALSE,NA,TRUE,3.5,3.28960124001808,0.177315317783924,2.95069297692541,3.28468613397803,3.62982419696653,TRUE,-1.18657971917752,0.679131220041114,0.210398759981921,0.060113931423406,0.68599655833716,0.190340501542012,0.989992168018034,1.10538092669406
74,"recruit_sd.log_recruit_sd",161,"three_by_four",4,"all_vital_rates_biased",FALSE,NA,TRUE,3.5,3.30147950772232,0.170217986349584,2.99167199311879,3.29795246464668,3.64676437027088,TRUE,-1.16627212279417,0.655092377152095,0.198520492277679,0.0567201406507654,0.68599655833716,0.190340501542012,0.954949947183444,1.04297556573298
74,"recruit_sd.log_recruit_sd",41,"three_by_four",4,"survival_growth",FALSE,NA,TRUE,3.5,3.29901208489265,0.180174926838685,2.96329498863398,3.29777848464265,3.65783773822996,TRUE,-1.11551545286488,0.69454274959598,0.200987915107352,0.0574251186021006,0.68599655833716,0.190340501542012,1.01245806725261,1.05593877014656
74,"recruit_sd.log_recruit_sd",131,"three_by_four",4,"all_vital_rates",FALSE,NA,TRUE,3.5,3.30385362471943,0.175220423781615,2.95844384249254,3.29751921219372,3.65825155486236,TRUE,-1.11942644040765,0.699807712369816,0.196146375280573,0.0560418215087353,0.68599655833716,0.190340501542012,1.0201329786058,1.03050256614607
74,"recruit_sd.log_recruit_sd",71,"three_by_four",4,"recruit_size",FALSE,NA,TRUE,3.5,3.30413116507263,0.179830741021778,2.98633853867896,3.28946850649188,3.67185114489716,TRUE,-1.08918438424077,0.685512606218201,0.195868834927367,0.0559625242649619,0.68599655833716,0.190340501542012,0.999294526899477,1.02904444057133
74,"lambda",11,"three_by_four",4,"weak",FALSE,NA,TRUE,1.03119869581319,1.0275362823811,0.0174546012509859,0.993546731829428,1.02740818057254,1.06252964630143,TRUE,-0.209825098804972,0.068982914472,0.00366241343208951,0.0035516078976432,0.068982914472,0.00366241343208951,1,1
74,"lambda",131,"three_by_four",4,"all_vital_rates",FALSE,NA,TRUE,1.03119869581319,1.03038011947646,0.016691638316579,0.998994570950282,1.02963491397592,1.0623357557594,TRUE,-0.0490411019704624,0.0633411848091175,0.000818576336737431,0.000793810484886145,0.068982914472,0.00366241343208951,0.918215550820596,0.22350735434869
74,"lambda",161,"three_by_four",4,"all_vital_rates_biased",FALSE,NA,TRUE,1.03119869581319,1.02755456030798,0.0171545614437168,0.994708969494718,1.02765555043734,1.06182705536502,TRUE,-0.212429534684671,0.067118085870298,0.00364413550520837,0.00353388296552745,0.068982914472,0.00366241343208951,0.972966804664959,0.995009321798301
74,"lambda",71,"three_by_four",4,"recruit_size",FALSE,NA,TRUE,1.03119869581319,1.02773627491659,0.0173994769261079,0.996155132901784,1.02753740201539,1.06314824165924,TRUE,-0.198995688853551,0.0669931087574509,0.00346242089660231,0.00335766609350867,0.068982914472,0.00366241343208951,0.971155093550639,0.945393238858593
74,"lambda",41,"three_by_four",4,"survival_growth",FALSE,NA,TRUE,1.03119869581319,1.0277878289882,0.0163354751281124,0.996616136498158,1.02795205787001,1.06057650769575,TRUE,-0.208801200959255,0.0639603711975965,0.00341086682498992,0.00330767177929773,0.068982914472,0.00366241343208951,0.927191489184729,0.931316709114386
74,"lambda",101,"three_by_four",4,"fecundity",FALSE,NA,TRUE,1.03119869581319,1.02831670053686,0.0167852588547427,0.995342221781418,1.02857835864873,1.06115093563033,TRUE,-0.171697994131417,0.0658087138489123,0.00288199527633592,0.00279480112614302,0.068982914472,0.00366241343208951,0.95398569852574,0.786911507882841
75,"survival_50",72,"six_by_two",4,"recruit_size",FALSE,NA,TRUE,0.354343693774205,0.369514896236611,0.0266690806582695,0.319208838122438,0.368692158579134,0.422295889189279,TRUE,0.568868595689734,0.103087051066841,0.015171202462406,0.0428149356936867,0.104259118355129,0.0154554479540445,0.988758131597701,0.981608718654826
75,"survival_50",132,"six_by_two",4,"all_vital_rates",FALSE,NA,TRUE,0.354343693774205,0.374640458071737,0.0272415663513529,0.324535340364707,0.374116016769164,0.433605446913454,TRUE,0.745065978796929,0.109070106548746,0.0202967642975322,0.0572798801111604,0.104259118355129,0.0154554479540445,1.04614453171597,1.31324335327471
75,"survival_50",102,"six_by_two",4,"fecundity",FALSE,NA,TRUE,0.354343693774205,0.378716497228504,0.0289612723416825,0.32346287286015,0.37776830407498,0.43466673759572,TRUE,0.841565355511726,0.11120386473557,0.0243728034542999,0.0687829468466026,0.104259118355129,0.0154554479540445,1.06661044606944,1.57697166246947
75,"survival_50",12,"six_by_two",4,"weak",FALSE,NA,TRUE,0.354343693774205,0.369799141728249,0.0261300593241587,0.318061074506059,0.370178071106295,0.422320192861188,TRUE,0.591481548599284,0.104259118355129,0.0154554479540445,0.0436171102395661,0.104259118355129,0.0154554479540445,1,1
75,"survival_50",42,"six_by_two",4,"survival_growth",FALSE,NA,TRUE,0.354343693774205,0.365204092633675,0.0256051760979269,0.317091450709736,0.363719164816851,0.418129613954682,TRUE,0.424148571286332,0.101038163244946,0.0108603988594707,0.0306493358010518,0.104259118355129,0.0154554479540445,0.969106250263773,0.702690655862136
75,"survival_50",162,"six_by_two",4,"all_vital_rates_biased",FALSE,NA,TRUE,0.354343693774205,0.374701606022323,0.0268343622521165,0.322022345702081,0.373762657049208,0.427093290875699,TRUE,0.758650869241825,0.105070945173618,0.0203579122481182,0.0574524468921147,0.104259118355129,0.0154554479540445,1.00778662654448,1.3171997543294
75,"survival_80",102,"six_by_two",4,"fecundity",FALSE,NA,TRUE,0.589040434058665,0.596663115688442,0.0367855779317479,0.521872165941247,0.59735062217003,0.661629800916203,TRUE,0.207219297843299,0.139757634974956,0.00762268162977675,0.0129408461440485,0.144233934559929,0.00039265355076501,0.968965003980307,19.4132502174638
75,"survival_80",42,"six_by_two",4,"survival_growth",FALSE,NA,TRUE,0.589040434058665,0.58952090066425,0.0330355662631099,0.52755919755289,0.58869523940658,0.658149340238054,TRUE,0.0145439191735995,0.130590142685164,0.000480466605584762,0.000815676781768957,0.144233934559929,0.00039265355076501,0.905405119007581,1.22364003750549
75,"survival_80",162,"six_by_two",4,"all_vital_rates_biased",FALSE,NA,TRUE,0.589040434058665,0.600184215805758,0.034286812419864,0.532104819683658,0.601492210652595,0.66586161097957,TRUE,0.325016557696599,0.133756791295911,0.0111437817470932,0.0189185344549426,0.144233934559929,0.00039265355076501,0.927360067545936,28.3806977560286
75,"survival_80",12,"six_by_two",4,"weak",FALSE,NA,TRUE,0.589040434058665,0.58943308760943,0.0374936856015523,0.514991795780045,0.589419851933783,0.659225730339974,TRUE,0.0104725247589091,0.144233934559929,0.00039265355076501,0.000666598637481487,0.144233934559929,0.00039265355076501,1,1
75,"survival_80",72,"six_by_two",4,"recruit_size",FALSE,NA,TRUE,0.589040434058665,0.590281045175664,0.0357042796275752,0.521307957631309,0.59071017324953,0.659284727054492,TRUE,0.0347468463147788,0.137976769423183,0.00124061111699925,0.00210615612319016,0.144233934559929,0.00039265355076501,0.956617940460151,3.15955659787656
75,"survival_80",132,"six_by_two",4,"all_vital_rates",FALSE,NA,TRUE,0.589040434058665,0.592271064198177,0.0344076830861546,0.524831553702001,0.592507789397929,0.660977020659863,TRUE,0.0938926963324479,0.136145466957861,0.00323063013951141,0.00548456430614008,0.144233934559929,0.00039265355076501,0.943921188680419,8.22768604337629
75,"survival_110",42,"six_by_two",4,"survival_growth",FALSE,NA,TRUE,0.789181706522253,0.778997778839778,0.0475611288007399,0.683469250384587,0.779797829636041,0.868751888729985,TRUE,-0.214122918006022,0.185282638345397,0.0101839276824747,0.0129044142791309,0.217188354952942,0.0144593039221719,0.853096559369135,0.704316593474368
75,"survival_110",102,"six_by_two",4,"fecundity",FALSE,NA,TRUE,0.789181706522253,0.778696868995164,0.0537809554843567,0.654464164076795,0.785238307941809,0.866749756008195,TRUE,-0.194954467295371,0.2122855919314,0.0104848375270888,0.0132857077659506,0.217188354952942,0.0144593039221719,0.97742621595617,0.725127404716309
75,"survival_110",162,"six_by_two",4,"all_vital_rates_biased",FALSE,NA,TRUE,0.789181706522253,0.786848850714221,0.049348322134305,0.670828909657597,0.791250589044923,0.868890296063767,TRUE,-0.0472732548369768,0.19806138640617,0.00233285580803222,0.00295604394875369,0.217188354952942,0.0144593039221719,0.911933728901273,0.161339426890047
75,"survival_110",72,"six_by_two",4,"recruit_size",FALSE,NA,TRUE,0.789181706522253,0.776311016502202,0.0533983418248536,0.660302767449169,0.781117555601091,0.864637350484555,TRUE,-0.241031642185935,0.204334583035385,0.0128706900200504,0.0163089056850654,0.217188354952942,0.0144593039221719,0.940817398242452,0.890132062326629
75,"survival_110",12,"six_by_two",4,"weak",FALSE,NA,TRUE,0.789181706522253,0.774722402600081,0.0547240141379914,0.64845853116936,0.780766341642823,0.865646886122302,TRUE,-0.264222282482997,0.217188354952942,0.0144593039221719,0.0183218944416373,0.217188354952942,0.0144593039221719,1,1
75,"survival_110",132,"six_by_two",4,"all_vital_rates",FALSE,NA,TRUE,0.789181706522253,0.775963623376424,0.0490095213539769,0.671391194695325,0.777745882708274,0.863194114789324,TRUE,-0.269704391731545,0.191802920093999,0.0132180831458285,0.0167490997783991,0.217188354952942,0.0144593039221719,0.883117882335619,0.914157639743634
75,"growth_increment_50",42,"six_by_two",4,"survival_growth",FALSE,NA,TRUE,12,13.1811175501482,1.47287489845554,10.2891920047321,13.1798641737017,16.0158493373686,TRUE,0.801913014735138,5.72665733263653,1.18111755014819,0.0984264625123495,6.78394561084389,1.11001797232543,0.844148473637919,1.06405263661976
75,"growth_increment_50",162,"six_by_two",4,"all_vital_rates_biased",FALSE,NA,TRUE,12,12.6078675756351,1.58025768368983,9.4815620942785,12.6011323277916,15.9430994960978,TRUE,0.384663578547366,6.46153740181926,0.607867575635103,0.0506556313029252,6.78394561084389,1.11001797232543,0.9524748240155,0.547619579853874
75,"growth_increment_50",12,"six_by_two",4,"weak",FALSE,NA,TRUE,12,13.1100179723254,1.72016436443789,9.74842583898605,13.0534427508971,16.5323714498299,TRUE,0.645297621130619,6.78394561084389,1.11001797232543,0.0925014976937861,6.78394561084389,1.11001797232543,1,1
75,"growth_increment_50",72,"six_by_two",4,"recruit_size",FALSE,NA,TRUE,12,13.0357000985224,1.63125091068433,9.90275810845127,13.0065056208072,16.0812943252347,TRUE,0.63491158333694,6.17853621678346,1.03570009852241,0.0863083415435345,6.78394561084389,1.11001797232543,0.910758512996816,0.933048044575956
75,"growth_increment_50",132,"six_by_two",4,"all_vital_rates",FALSE,NA,TRUE,12,12.8538148815724,1.56040360681595,9.77887067060959,12.8699001689915,15.7888993709307,TRUE,0.547175665220769,6.01002870032113,0.853814881572402,0.0711512401310335,6.78394561084389,1.11001797232543,0.885919352111892,0.769190141835003
75,"growth_increment_50",102,"six_by_two",4,"fecundity",FALSE,NA,TRUE,12,12.7371148194213,1.80428350726256,9.30297873413774,12.7488411035169,16.2032021599973,TRUE,0.408536029096446,6.90022342585952,0.737114819421256,0.0614262349517714,6.78394561084389,1.11001797232543,1.01714014552678,0.664056652954039
75,"growth_increment_80",162,"six_by_two",4,"all_vital_rates_biased",FALSE,NA,TRUE,8.4,9.08997119886947,1.20670684019698,6.63731283799562,9.19185699311498,11.5399168255752,TRUE,0.571780299809055,4.90260398757961,0.689971198869465,0.082139428436841,5.16113167387855,0.958712896118543,0.949908721064529,0.719684904274148
75,"growth_increment_80",132,"six_by_two",4,"all_vital_rates",FALSE,NA,TRUE,8.4,9.28946613344111,1.18633738795891,6.91264686861187,9.27522911686017,11.4963605272223,TRUE,0.749758156886075,4.58371365861043,0.889466133441113,0.105888825409656,5.16113167387855,0.958712896118543,0.88812182060951,0.927771115880694
75,"growth_increment_80",72,"six_by_two",4,"recruit_size",FALSE,NA,TRUE,8.4,9.36614139377139,1.24748504756716,6.91138270360702,9.37301606435841,11.8473043913534,TRUE,0.774471321845147,4.93592168774639,0.966141393771391,0.115016832591832,5.16113167387855,0.958712896118543,0.956364223902289,1.00774840693488
75,"growth_increment_80",102,"six_by_two",4,"fecundity",FALSE,NA,TRUE,8.4,9.18697008232101,1.35291785272503,6.38823328071457,9.22779264446016,11.8397744696939,TRUE,0.581683566918647,5.45154118897936,0.786970082321012,0.0936869145620253,5.16113167387855,0.958712896118543,1.05626857314465,0.820861058098988
75,"growth_increment_80",42,"six_by_two",4,"survival_growth",FALSE,NA,TRUE,8.4,9.47377432371409,1.09605325555218,7.35110749776348,9.47018438799167,11.5990652202647,TRUE,0.979673495128784,4.2479577225012,1.07377432371409,0.12783027663263,5.16113167387855,0.958712896118543,0.823067108324497,1.12001656393837
75,"growth_increment_80",12,"six_by_two",4,"weak",FALSE,NA,TRUE,8.4,9.35871289611854,1.31987419437019,6.81796440580542,9.3418871172488,11.979096079684,TRUE,0.72636687663707,5.16113167387855,0.958712896118543,0.11413248763316,5.16113167387855,0.958712896118543,1,1
75,"growth_increment_110",162,"six_by_two",4,"all_vital_rates_biased",FALSE,NA,TRUE,4.8,5.57207482210383,1.23783553908133,3.11693950148732,5.65553563776181,7.84386657123766,TRUE,0.623729726387427,4.72692706975033,0.772074822103832,0.160848921271632,5.47606682496457,0.807407819911693,0.863197477467036,0.956238970026665
75,"growth_increment_110",102,"six_by_two",4,"fecundity",FALSE,NA,TRUE,4.8,5.63682534522077,1.29386836827687,3.21266971436741,5.6769818210032,8.21082948532161,TRUE,0.64676234904423,4.9981597709542,0.836825345220772,0.174338613587661,5.47606682496457,0.807407819911693,0.912728045641871,1.03643453108034
75,"growth_increment_110",132,"six_by_two",4,"all_vital_rates",FALSE,NA,TRUE,4.8,5.7251173853098,1.21589184873937,3.36622654063182,5.72046085420429,8.06934303980263,TRUE,0.76085499402678,4.70311649917081,0.9251173853098,0.192732788606208,5.47606682496457,0.807407819911693,0.858849362051247,1.14578700192795
75,"growth_increment_110",42,"six_by_two",4,"survival_growth",FALSE,NA,TRUE,4.8,5.76643109727996,1.13715237767155,3.6129438728473,5.77049825555476,8.09604685103635,TRUE,0.849869477702572,4.48310297818905,0.966431097279958,0.201339811933325,5.47606682496457,0.807407819911693,0.818672072764207,1.19695533464818
75,"growth_increment_110",72,"six_by_two",4,"recruit_size",FALSE,NA,TRUE,4.8,5.69658268902036,1.24715268209623,3.43773963101683,5.71611617194131,8.1917511488206,TRUE,0.718903709137982,4.75401151780377,0.89658268902036,0.186788060212575,5.47606682496457,0.807407819911693,0.868143444877433,1.11044588237753
75,"growth_increment_110",12,"six_by_two",4,"weak",FALSE,NA,TRUE,4.8,5.60740781991169,1.34381111820151,2.80514020283278,5.60803530639711,8.28120702779734,TRUE,0.600834305488025,5.47606682496457,0.807407819911693,0.168209962481603,5.47606682496457,0.807407819911693,1,1
75,"growth_sd.log_growth_sd",42,"six_by_two",4,"survival_growth",FALSE,NA,TRUE,4.5,6.41607336909716,1.08195232215315,4.65602194169658,6.33629278973813,8.88324168977483,FALSE,1.77094066888646,4.22721974807824,1.91607336909716,0.425794082021591,4.63565109479209,2.29397983387675,0.911893423736593,0.835261644763049
75,"growth_sd.log_growth_sd",12,"six_by_two",4,"weak",FALSE,NA,TRUE,4.5,6.79397983387675,1.20187922931152,4.71084409306033,6.72502410858115,9.34649518785242,FALSE,1.90866085204818,4.63565109479209,2.29397983387675,0.509773296417055,4.63565109479209,2.29397983387675,1,1
75,"growth_sd.log_growth_sd",102,"six_by_two",4,"fecundity",FALSE,NA,TRUE,4.5,6.87303819514318,1.33500223293051,4.59610514260409,6.76472807679777,9.7366773538395,FALSE,1.77755372733276,5.14057221123541,2.37303819514318,0.527341821142929,4.63565109479209,2.29397983387675,1.10892129414368,1.03446340726231
75,"growth_sd.log_growth_sd",72,"six_by_two",4,"recruit_size",FALSE,NA,TRUE,4.5,6.69523499553196,1.21875805071004,4.61205029839425,6.58965163593584,9.3344146247296,FALSE,1.80120655962275,4.72236432633536,2.19523499553196,0.487829999007102,4.63565109479209,2.29397983387675,1.01870572866036,0.956954792327919
75,"growth_sd.log_growth_sd",162,"six_by_two",4,"all_vital_rates_biased",FALSE,NA,TRUE,4.5,6.66033341362887,1.12668737763113,4.78044219565488,6.55095226510051,9.20286908620865,FALSE,1.91742044556405,4.42242689055378,2.16033341362887,0.480074091917527,4.63565109479209,2.29397983387675,0.95400339674445,0.94174036830044
75,"growth_sd.log_growth_sd",132,"six_by_two",4,"all_vital_rates",FALSE,NA,TRUE,4.5,6.52889935732845,1.1355096425501,4.67614096787007,6.42141523944261,9.3426970029596,FALSE,1.78677422128445,4.66655603508953,2.02889935732845,0.450866523850766,4.63565109479209,2.29397983387675,1.00666679602616,0.884445158307985
75,"recruitment_50",162,"six_by_two",4,"all_vital_rates_biased",FALSE,NA,TRUE,0.019387103915861,0.311501674573385,0.181543763850746,0.0878908771857133,0.266749708632094,0.772443960956288,FALSE,1.60905868899844,0.684553083770575,0.292114570657524,2.92114570657524,0.459959771098542,0.403803071311893,1.48828903479021,0.723408491442349
75,"recruitment_50",42,"six_by_two",4,"survival_growth",FALSE,NA,TRUE,0.019387103915861,0.431187697022146,0.11841869438426,0.244155770572295,0.423297939797614,0.716102875444201,FALSE,3.47749648184788,0.471947104871907,0.411800593106285,4.11800593106285,0.459959771098542,0.403803071311893,1.02606170044988,1.01980550016227
75,"recruitment_50",102,"six_by_two",4,"fecundity",FALSE,NA,TRUE,0.019387103915861,0.321027154827734,0.32114038222201,0.0426902816808339,0.233322020135254,1.17977992780552,FALSE,0.939277859809433,1.13708964612468,0.301640050911873,3.01640050911873,0.459959771098542,0.403803071311893,2.47215021306955,0.746997911461871
75,"recruitment_50",132,"six_by_two",4,"all_vital_rates",FALSE,NA,TRUE,0.019387103915861,0.305366269491373,0.273586978127144,0.0510420575477598,0.226572773987658,1.02494421612716,FALSE,1.04529523858628,0.973902158579397,0.285979165575512,2.85979165575512,0.459959771098542,0.403803071311893,2.1173637778221,0.70821443890065
75,"recruitment_50",12,"six_by_two",4,"weak",FALSE,NA,TRUE,0.019387103915861,0.423190175227754,0.114440242148678,0.23922530792819,0.412718107633854,0.699185079026732,FALSE,3.52850591479248,0.459959771098542,0.403803071311893,4.03803071311893,0.459959771098542,0.403803071311893,1,1
75,"recruitment_50",72,"six_by_two",4,"recruit_size",FALSE,NA,TRUE,0.019387103915861,0.416595870543977,0.114160647826802,0.240226446042488,0.398980633351567,0.675291348805436,FALSE,3.47938430789863,0.435064902762948,0.397208766628116,3.97208766628116,0.459959771098542,0.403803071311893,0.945875987640971,0.983669503398395
75,"recruitment_80",162,"six_by_two",4,"all_vital_rates_biased",FALSE,NA,TRUE,0.183939720585721,0.44867948494771,0.0845605502887007,0.302772959273716,0.442270110203852,0.641088978864709,FALSE,3.13077154131723,0.338316019590993,0.264739764361989,1.43927458147145,0.697466553608602,0.175938856144757,0.48506414800909,1.50472596084272
75,"recruitment_80",102,"six_by_two",4,"fecundity",FALSE,NA,TRUE,0.183939720585721,0.453717524500497,0.038717246062701,0.385551817926789,0.451215916775724,0.533410807301895,FALSE,6.96789754823682,0.147858989375106,0.269777803914776,1.46666420420624,0.697466553608602,0.175938856144757,0.211994379673265,1.53336113367027
75,"recruitment_80",72,"six_by_two",4,"recruit_size",FALSE,NA,TRUE,0.183939720585721,0.362802843175944,0.179320486535213,0.130443348290885,0.32856126047256,0.798891128274724,TRUE,0.997449460717918,0.668447779983839,0.178863122590223,0.972400751836892,0.697466553608602,0.175938856144757,0.958394028395163,1.01662092450493
75,"recruitment_80",132,"six_by_two",4,"all_vital_rates",FALSE,NA,TRUE,0.183939720585721,0.458935851729342,0.0430370837417958,0.380697483056303,0.457830707383386,0.544104466801279,FALSE,6.38974826439173,0.163406983744977,0.274996131143621,1.49503397236849,0.697466553608602,0.175938856144757,0.234286479974602,1.56302102428904
75,"recruitment_80",42,"six_by_two",4,"survival_growth",FALSE,NA,TRUE,0.183939720585721,0.35765534489691,0.217105838456199,0.120817921283877,0.308630561566087,0.800209750556405,TRUE,0.800142573532105,0.679391829272528,0.173715624311189,0.944416049769045,0.697466553608602,0.175938856144757,0.974085174059519,0.987363610959597
75,"recruitment_80",12,"six_by_two",4,"weak",FALSE,NA,TRUE,0.183939720585721,0.359878576730478,0.187994523513499,0.118555549401589,0.315219662384525,0.816022103010191,TRUE,0.935872241683273,0.697466553608602,0.175938856144757,0.956502791156328,0.697466553608602,0.175938856144757,1,1
75,"recruitment_110",42,"six_by_two",4,"survival_growth",FALSE,NA,TRUE,1.74517147873092,0.66382391947758,4.53764790698087,0.0204083838015403,0.22130186864138,2.40320631339118,TRUE,-0.238305743728983,2.38279792958964,1.08134755925334,0.619622525598281,2.70862298239136,1.21320389039113,0.879708230004732,0.891315604753557
75,"recruitment_110",132,"six_by_two",4,"all_vital_rates",FALSE,NA,TRUE,1.74517147873092,1.38705060532193,1.36156174113115,0.162457449810519,0.946931668616637,5.0858152060688,TRUE,-0.263022133033401,4.92335775625828,0.358120873408986,0.205206696174871,2.70862298239136,1.21320389039113,1.81766077754816,0.295186057550087
75,"recruitment_110",162,"six_by_two",4,"all_vital_rates_biased",FALSE,NA,TRUE,1.74517147873092,1.07466421371433,1.12750014700042,0.122433500362183,0.748597976528924,4.35322148685529,TRUE,-0.594684858179747,4.2307879864931,0.670507265016588,0.384207095513718,2.70862298239136,1.21320389039113,1.56197005415566,0.552674839181746
75,"recruitment_110",12,"six_by_two",4,"weak",FALSE,NA,TRUE,1.74517147873092,0.531967588339788,0.91395630132105,0.022011541574984,0.238943314957001,2.73063452396634,TRUE,-1.32742001848179,2.70862298239136,1.21320389039113,0.695177468333008,2.70862298239136,1.21320389039113,1,1
75,"recruitment_110",102,"six_by_two",4,"fecundity",FALSE,NA,TRUE,1.74517147873092,1.36739699715709,1.52477720715339,0.145923942229492,0.871165187099957,6.0639508684018,TRUE,-0.247757167277638,5.91802692617231,0.377774481573832,0.216468402204549,2.70862298239136,1.21320389039113,2.18488396674072,0.311385814508094
75,"recruitment_110",72,"six_by_two",4,"recruit_size",FALSE,NA,TRUE,1.74517147873092,0.536331496343892,0.931186480732735,0.0264077123281459,0.267015693881347,2.68589324548843,TRUE,-1.29817174905269,2.65948553316028,1.20883998238703,0.692676907180543,2.70862298239136,1.21320389039113,0.981858881966772,0.996402988781468
75,"recruit_mean_50",72,"six_by_two",4,"recruit_size",FALSE,NA,TRUE,44,44.9656675678318,0.620709386893156,43.7351564047908,44.9612978536333,46.1887994960574,TRUE,1.55574829094373,2.45364309126661,0.965667567831758,0.0219469901779945,3.10850453766862,1.03333760228269,0.789332317689598,0.934513140428213
75,"recruit_mean_50",102,"six_by_two",4,"fecundity",FALSE,NA,TRUE,44,44.1467818225385,2.11790935242943,40.1853134406682,44.200042068576,48.1569177447931,TRUE,0.0693050542366898,7.97160430412494,0.146781822538514,0.00333595051223897,3.10850453766862,1.03333760228269,2.56444994933276,0.142046338209571
75,"recruit_mean_50",162,"six_by_two",4,"all_vital_rates_biased",FALSE,NA,TRUE,44,44.3575570970321,1.11344302380893,42.1771451799904,44.4086750197793,46.3824356632699,TRUE,0.321127430309793,4.2052904832795,0.357557097032128,0.00812629765982109,3.10850453766862,1.03333760228269,1.35283395353621,0.34602156762927
75,"recruit_mean_50",42,"six_by_two",4,"survival_growth",FALSE,NA,TRUE,44,45.0862038247022,0.797563620634181,43.5315423969576,45.0902258801895,46.5694921434953,TRUE,1.36190241956937,3.03794974653766,1.0862038247022,0.0246864505614135,3.10850453766862,1.03333760228269,0.977302657829194,1.05116064904898
75,"recruit_mean_50",132,"six_by_two",4,"all_vital_rates",FALSE,NA,TRUE,44,44.2172014586863,1.50711943537789,41.2749361437384,44.2194104813794,47.1612917775742,TRUE,0.144116951575133,5.88635563383578,0.217201458686297,0.00493639678832493,3.10850453766862,1.03333760228269,1.89362941649445,0.210194091656482
75,"recruit_mean_50",12,"six_by_two",4,"weak",FALSE,NA,TRUE,44,45.0333376022827,0.792969055560391,43.4389245434239,45.0672598935362,46.5474290810926,TRUE,1.30312474999725,3.10850453766862,1.03333760228269,0.0234849455064248,3.10850453766862,1.03333760228269,1,1
75,"recruit_mean_80",72,"six_by_two",4,"recruit_size",FALSE,NA,TRUE,44.6,45.4446192415323,0.893835166879073,43.7751977731278,45.4048010472375,47.2440267083097,TRUE,0.944938477282559,3.46882893518195,0.844619241532314,0.018937651155433,5.42361592869661,0.740537610015082,0.639578646568282,1.14054874473575
75,"recruit_mean_80",162,"six_by_two",4,"all_vital_rates_biased",FALSE,NA,TRUE,44.6,45.3237763062195,0.609912755373388,44.1162976630159,45.3178345759314,46.4704024686951,TRUE,1.18668825966175,2.35410480567924,0.723776306219548,0.0162281683008867,5.42361592869661,0.740537610015082,0.434047107433172,0.977366033042951
75,"recruit_mean_80",132,"six_by_two",4,"all_vital_rates",FALSE,NA,TRUE,44.6,45.1748483227671,0.669786135589579,43.7761787344099,45.1899685171468,46.4632352574199,TRUE,0.858256527303441,2.68705652301001,0.574848322767103,0.012888975846796,5.42361592869661,0.740537610015082,0.495436358019503,0.776258106263361
75,"recruit_mean_80",102,"six_by_two",4,"fecundity",FALSE,NA,TRUE,44.6,45.1974366430234,0.750889682854085,43.6995883237931,45.196341319502,46.7117589423116,TRUE,0.795638369610521,3.01217061851854,0.597436643023386,0.0133954404265333,5.42361592869661,0.740537610015082,0.555380517005454,0.806760703229129
75,"recruit_mean_80",42,"six_by_two",4,"survival_growth",FALSE,NA,TRUE,44.6,45.322818969714,1.3371617104078,42.7859555461298,45.2856923554097,47.8876729802536,TRUE,0.540562120563251,5.10171743412374,0.722818969714027,0.0162067033568167,5.42361592869661,0.740537610015082,0.94064872977644,0.976073274251804
75,"recruit_mean_80",12,"six_by_two",4,"weak",FALSE,NA,TRUE,44.6,45.3405376100151,1.33971909042029,42.5223245357121,45.338652411139,47.9459404644088,TRUE,0.55275588390904,5.42361592869661,0.740537610015082,0.0166039822873337,5.42361592869661,0.740537610015082,1,1
75,"recruit_mean_110",72,"six_by_two",4,"recruit_size",FALSE,NA,TRUE,45.2,45.9235709152329,2.18296501614545,41.6591099014632,45.8794409172695,50.2728478421046,TRUE,0.331462442082787,8.61373794064135,0.723570915232862,0.0160082060892226,13.6697022061141,0.447737617747421,0.630133547224507,1.61606013556146
75,"recruit_mean_110",162,"six_by_two",4,"all_vital_rates_biased",FALSE,NA,TRUE,45.2,46.2899955154071,1.43053559251138,43.6076249993696,46.2585713430491,49.2257750232952,TRUE,0.761949245522482,5.61815002392567,1.0899955154071,0.0241149450311306,13.6697022061141,0.447737617747421,0.410992861381634,2.43445150061524
75,"recruit_mean_110",132,"six_by_two",4,"all_vital_rates",FALSE,NA,TRUE,45.2,46.1324951868478,1.21321642976146,43.7136302415896,46.1760492961074,48.4126765841333,TRUE,0.768614044429908,4.69904634254369,0.932495186847767,0.0206304244877825,13.6697022061141,0.447737617747421,0.343756306588883,2.08268224488077
75,"recruit_mean_110",42,"six_by_two",4,"survival_growth",FALSE,NA,TRUE,45.2,45.559434114726,3.34428665843805,39.3708065109324,45.4285267319104,51.8980162772158,TRUE,0.107477065047379,12.5272097662834,0.359434114726028,0.00795208218420416,13.6697022061141,0.447737617747421,0.916421556036556,0.802778458808866
75,"recruit_mean_110",102,"six_by_two",4,"fecundity",FALSE,NA,TRUE,45.2,46.2480914635084,1.59437792857401,43.0532688104979,46.2016037807976,49.2749472351053,TRUE,0.657367017395776,6.2216784246074,1.04809146350835,0.0231878642369104,13.6697022061141,0.447737617747421,0.455143669612978,2.34086085681458
75,"recruit_mean_110",12,"six_by_two",4,"weak",FALSE,NA,TRUE,45.2,45.6477376177474,3.35766520750691,38.6018920583808,45.607714331792,52.2715942644949,TRUE,0.133347903997811,13.6697022061141,0.447737617747421,0.00990569950768631,13.6697022061141,0.447737617747421,1,1
75,"recruit_sd.log_recruit_sd",42,"six_by_two",4,"survival_growth",FALSE,NA,TRUE,3.5,3.72388734377812,0.231539639814725,3.28966727593994,3.72680973175855,4.21374100111199,TRUE,0.966950384639417,0.924073725172049,0.22388734377812,0.0639678125080343,0.99368438250947,0.204486765404208,0.929946914168436,1.09487449388503
75,"recruit_sd.log_recruit_sd",102,"six_by_two",4,"fecundity",FALSE,NA,TRUE,3.5,3.58205510106911,0.510484107389273,2.63361256371605,3.5559652839845,4.69558455470172,TRUE,0.160739775991779,2.06197199098567,0.0820551010691148,0.0234443145911757,0.99368438250947,0.204486765404208,2.07507738601901,0.401273407141616
75,"recruit_sd.log_recruit_sd",162,"six_by_two",4,"all_vital_rates_biased",FALSE,NA,TRUE,3.5,3.60173043457832,0.324508742863433,2.98156537280895,3.59957564401488,4.25518009574808,TRUE,0.313490581734911,1.27361472293912,0.101730434578323,0.0290658384509493,0.99368438250947,0.204486765404208,1.28170950993787,0.497491533876202
75,"recruit_sd.log_recruit_sd",12,"six_by_two",4,"weak",FALSE,NA,TRUE,3.5,3.70448676540421,0.250874582893215,3.24311236094824,3.69433307059251,4.23679674345771,TRUE,0.815095586989968,0.99368438250947,0.204486765404208,0.058424790115488,0.99368438250947,0.204486765404208,1,1
75,"recruit_sd.log_recruit_sd",72,"six_by_two",4,"recruit_size",FALSE,NA,TRUE,3.5,3.67382661754954,0.249198009292355,3.20634947488743,3.66405978142294,4.1792231490008,TRUE,0.697544165955243,0.97287367411337,0.173826617549543,0.049664747871298,0.99368438250947,0.204486765404208,0.979057023776963,0.850062923172268
75,"recruit_sd.log_recruit_sd",132,"six_by_two",4,"all_vital_rates",FALSE,NA,TRUE,3.5,3.57744419376697,0.351621774360639,2.9487240082288,3.55029358363126,4.28976311782111,TRUE,0.220248572227332,1.34103910959231,0.0774441937669716,0.022126912504849,0.99368438250947,0.204486765404208,1.34956242967775,0.378724723890507
75,"lambda",102,"six_by_two",4,"fecundity",FALSE,NA,TRUE,1.03119869581319,1.05380621881052,0.230986660640685,0.9162904873172,0.998713242384949,1.51113627780534,TRUE,0.097873716753246,0.594845790488141,0.0226075229973246,0.021923537228193,0.313909395900292,0.0721096226181651,1.8949601326272,0.313516035398437
75,"lambda",12,"six_by_two",4,"weak",FALSE,NA,TRUE,1.03119869581319,0.959089073195028,0.0815347500201823,0.858716796006024,0.944191764067436,1.17262619190632,TRUE,-0.884403553090134,0.313909395900292,0.0721096226181651,0.069927961420956,0.313909395900292,0.0721096226181651,1,1
75,"lambda",42,"six_by_two",4,"survival_growth",FALSE,NA,TRUE,1.03119869581319,0.964222292509577,0.0922666376948454,0.874758584706904,0.946280723685818,1.17361567171142,TRUE,-0.725900552755887,0.298857087004519,0.0669764033036154,0.0649500465579997,0.313909395900292,0.0721096226181651,0.952048874317371,0.928813671072291
75,"lambda",72,"six_by_two",4,"recruit_size",FALSE,NA,TRUE,1.03119869581319,0.9578639990242,0.0706406339873607,0.86693421280927,0.948017618773603,1.12849001994278,TRUE,-1.03813757959921,0.261555807133508,0.0733346967889926,0.071115971234973,0.313909395900292,0.0721096226181651,0.83322070173582,1.01698905258892
75,"lambda",162,"six_by_two",4,"all_vital_rates_biased",FALSE,NA,TRUE,1.03119869581319,1.00238988694973,0.0950979713578374,0.907583162037468,0.979672149843977,1.22699211806245,TRUE,-0.302938206274264,0.319408956024987,0.0288088088634646,0.0279372045178415,0.313909395900292,0.0721096226181651,1.01751957793083,0.399514070625678
75,"lambda",132,"six_by_two",4,"all_vital_rates",FALSE,NA,TRUE,1.03119869581319,1.0421744784003,0.177626748595992,0.918447153418065,0.999556396816472,1.40129635411584,TRUE,0.0617912711562823,0.482849200697772,0.0109757825871037,0.0106437126343031,0.313909395900292,0.0721096226181651,1.53818014689545,0.15220968004815
97,"survival_50",13,"one_by_twelve",5,"weak",FALSE,NA,TRUE,0.354343693774205,0.374333026150365,0.0243858869766624,0.328746004270793,0.374560757277328,0.422003128644607,TRUE,0.819709055294595,0.0932571243738134,0.0199893323761607,0.0564122707060179,0.0932571243738134,0.0199893323761607,1,1
97,"survival_50",73,"one_by_twelve",5,"recruit_size",FALSE,NA,TRUE,0.354343693774205,0.375860701297611,0.0238973375857841,0.330903636452068,0.374677404426248,0.424779930166422,TRUE,0.900393503927655,0.0938762937143539,0.0215170075234062,0.0607235514599486,0.0932571243738134,0.0199893323761607,1.00663937843567,1.07642452076425
97,"survival_50",163,"one_by_twelve",5,"all_vital_rates_biased",FALSE,NA,TRUE,0.354343693774205,0.371741032924653,0.0130042487510749,0.346432887404746,0.372083724538635,0.397135911923074,TRUE,1.33781962214548,0.0507030245183289,0.0173973391504488,0.0490973578932515,0.0932571243738134,0.0199893323761607,0.543690628022048,0.870331175802394
97,"survival_50",43,"one_by_twelve",5,"survival_growth",FALSE,NA,TRUE,0.354343693774205,0.37116945795057,0.0248161293943756,0.327343482986611,0.370531220398589,0.424781789977478,TRUE,0.678017264859169,0.0974383069908674,0.0168257641763658,0.047484305413059,0.0932571243738134,0.0199893323761607,1.0448349940568,0.841737175596328
97,"survival_50",133,"one_by_twelve",5,"all_vital_rates",FALSE,NA,TRUE,0.354343693774205,0.368995913641295,0.0134773516022848,0.346109475561027,0.368388222832032,0.395470483400922,TRUE,1.08717352633335,0.0493610078398947,0.0146522198670904,0.0413503051543712,0.0932571243738134,0.0199893323761607,0.529300127698933,0.733001962815159
97,"survival_50",103,"one_by_twelve",5,"fecundity",FALSE,NA,TRUE,0.354343693774205,0.371204992966425,0.013460357600961,0.346357412464249,0.37118559653494,0.397050905086718,TRUE,1.25266353926711,0.0506934926224691,0.0168612991922207,0.0475845894493753,0.0932571243738134,0.0199893323761607,0.543588417108687,0.843514874580276
97,"survival_80",163,"one_by_twelve",5,"all_vital_rates_biased",FALSE,NA,TRUE,0.589040434058665,0.561859021119934,0.00967401707091935,0.541631268160405,0.561898369654629,0.580833845865194,FALSE,-2.80973381992886,0.0392025777047899,0.0271814129387312,0.0461452412552448,0.0799064004263746,0.032182540651397,0.490606227981836,0.844601215086208
97,"survival_80",133,"one_by_twelve",5,"all_vital_rates",FALSE,NA,TRUE,0.589040434058665,0.555494969301451,0.0095076832772679,0.536894120742094,0.555192130035925,0.574863725292615,FALSE,-3.52824802624825,0.0379696045505207,0.033545464757214,0.0569493413653723,0.0799064004263746,0.032182540651397,0.475176010281,1.04234979831394
97,"survival_80",13,"one_by_twelve",5,"weak",FALSE,NA,TRUE,0.589040434058665,0.556857893407268,0.0212914321503482,0.515669659544352,0.556054686821506,0.595576059970727,TRUE,-1.51152540722212,0.0799064004263746,0.032182540651397,0.0546355373766953,0.0799064004263746,0.032182540651397,1,1
97,"survival_80",103,"one_by_twelve",5,"fecundity",FALSE,NA,TRUE,0.589040434058665,0.557034540753878,0.00974440531435397,0.537643197335549,0.557286833635758,0.575563090153697,FALSE,-3.28454043856741,0.0379198928181477,0.0320058933047868,0.0543356473582918,0.0799064004263746,0.032182540651397,0.474553885743944,0.994511081380314
97,"survival_80",73,"one_by_twelve",5,"recruit_size",FALSE,NA,TRUE,0.589040434058665,0.557151859664334,0.0203026352024031,0.517026711707507,0.557696754199087,0.595166429960955,TRUE,-1.57066184150109,0.0781397182534477,0.0318885743943312,0.054136477821411,0.0799064004263746,0.032182540651397,0.977890604964057,0.990865660351367
97,"survival_80",43,"one_by_twelve",5,"survival_growth",FALSE,NA,TRUE,0.589040434058665,0.554782089769848,0.020014694745415,0.517690593374124,0.554502049091337,0.592231348056537,TRUE,-1.71165959434204,0.0745407546824134,0.0342583442888169,0.0581595800695152,0.0799064004263746,0.032182540651397,0.932850864069329,1.06450092489294
97,"survival_110",133,"one_by_twelve",5,"all_vital_rates",FALSE,NA,TRUE,0.789181706522253,0.727489414595468,0.0131650663157319,0.700820178584514,0.727527115270228,0.753043097399626,FALSE,-4.68606009626129,0.0522229188151124,0.0616922919267847,0.0781724809596117,0.0900407427523215,0.0641271214129118,0.579992092677023,0.962031205635299
97,"survival_110",103,"one_by_twelve",5,"fecundity",FALSE,NA,TRUE,0.789181706522253,0.728098732807764,0.0126657418868858,0.701733357332321,0.728650173201258,0.751534936352176,FALSE,-4.82269212968364,0.0498015790198552,0.0610829737144887,0.0774003923426807,0.0900407427523215,0.0641271214129118,0.55310049092827,0.952529481577351
97,"survival_110",43,"one_by_twelve",5,"survival_growth",FALSE,NA,TRUE,0.789181706522253,0.724469877858704,0.021714060591392,0.681307003145309,0.724163730802164,0.76471816814088,FALSE,-2.98018090127292,0.0834111649955704,0.0647118286635493,0.0819986425543489,0.0900407427523215,0.0641271214129118,0.926371356409316,1.00911794008143
97,"survival_110",163,"one_by_twelve",5,"all_vital_rates_biased",FALSE,NA,TRUE,0.789181706522253,0.7353046464279,0.013080755676275,0.708030355312337,0.735526227496022,0.757859211425715,FALSE,-4.11880333428068,0.0498288561133785,0.0538770600943524,0.0682695248116896,0.0900407427523215,0.0641271214129118,0.553403432604333,0.84016027707591
97,"survival_110",13,"one_by_twelve",5,"weak",FALSE,NA,TRUE,0.789181706522253,0.725054585109341,0.0231957194107107,0.679368587463606,0.725362998724405,0.769409330215927,FALSE,-2.7646101540313,0.0900407427523215,0.0641271214129118,0.0812577393557507,0.0900407427523215,0.0641271214129118,1,1
97,"survival_110",73,"one_by_twelve",5,"recruit_size",FALSE,NA,TRUE,0.789181706522253,0.724275914589675,0.0218062564478218,0.67755983818371,0.725519744695197,0.765318126549685,FALSE,-2.97647567742244,0.0877582883659743,0.064905791932578,0.0822444202598198,0.0900407427523215,0.0641271214129118,0.974650871188106,1.01214260834589
97,"growth_increment_50",43,"one_by_twelve",5,"survival_growth",FALSE,NA,TRUE,12,12.3275893206088,0.985712857096289,10.3882478110587,12.3018469946363,14.2124556947025,TRUE,0.332337473586225,3.82420788364381,0.32758932060884,0.0272991100507367,4.12660171149429,0.191866844855706,0.926720859197973,1.70737847310307
97,"growth_increment_50",13,"one_by_twelve",5,"weak",FALSE,NA,TRUE,12,12.1918668448557,1.0544111117484,10.1442050327073,12.2162562014453,14.2708067442016,TRUE,0.181965879074962,4.12660171149429,0.191866844855706,0.0159889037379755,4.12660171149429,0.191866844855706,1,1
97,"growth_increment_50",103,"one_by_twelve",5,"fecundity",FALSE,NA,TRUE,12,12.2707885339324,0.114170862716484,12.0511303552771,12.2732549546524,12.4862747215607,FALSE,2.37178319835322,0.435144366283618,0.270788533932448,0.0225657111610373,4.12660171149429,0.191866844855706,0.105448598315549,1.41133573200776
97,"growth_increment_50",73,"one_by_twelve",5,"recruit_size",FALSE,NA,TRUE,12,12.1320270834178,0.998454630052085,10.1262167815771,12.1361640588559,14.0361892583636,TRUE,0.132231429895725,3.90997247678646,0.132027083417794,0.0110022569514829,4.12660171149429,0.191866844855706,0.947504205674992,0.688118280764378
97,"growth_increment_50",163,"one_by_twelve",5,"all_vital_rates_biased",FALSE,NA,TRUE,12,12.1945356234884,0.107866740868337,11.9692191379646,12.1965588437832,12.4118996188613,TRUE,1.80348105377369,0.442680480896749,0.194535623488362,0.0162113019573635,4.12660171149429,0.191866844855706,0.107274826078732,1.0139095352022
97,"growth_increment_50",133,"one_by_twelve",5,"all_vital_rates",FALSE,NA,TRUE,12,12.3920784654258,0.0969821734009126,12.1974641852857,12.3940282727269,12.5783492056983,FALSE,4.04278901654452,0.380885020412556,0.392078465425826,0.0326732054521521,4.12660171149429,0.191866844855706,0.0922999230460343,2.04349253629875
97,"growth_increment_80",43,"one_by_twelve",5,"survival_growth",FALSE,NA,TRUE,8.4,8.53305556787375,0.736649024726153,7.11034266208302,8.54675435743933,9.92204678069982,TRUE,0.180622743542234,2.81170411861681,0.133055567873749,0.0158399485563986,3.14032349341918,0.00929530968431358,0.895354929041221,14.3142694963986
97,"growth_increment_80",13,"one_by_twelve",5,"weak",FALSE,NA,TRUE,8.4,8.40929530968431,0.817882800688386,6.8844620970735,8.43650753030458,10.0247855904927,TRUE,0.0113650876097285,3.14032349341918,0.00929530968431358,0.00110658448622781,3.14032349341918,0.00929530968431358,1,1
97,"growth_increment_80",73,"one_by_twelve",5,"recruit_size",FALSE,NA,TRUE,8.4,8.40020819987502,0.757283889789218,6.97577339642147,8.37680479407876,9.96408793709278,TRUE,0.000274929755966017,2.98831454067131,0.000208199875016746,2.47856994067554e-05,3.14032349341918,0.00929530968431358,0.951594492393405,0.0223983796223698
97,"growth_increment_80",133,"one_by_twelve",5,"all_vital_rates",FALSE,NA,TRUE,8.4,8.67457152963261,0.0620202344939615,8.55469946817615,8.67686240314205,8.79425546641356,FALSE,4.4271282086066,0.23955599823741,0.274571529632613,0.0326870868610254,3.14032349341918,0.00929530968431358,0.07628386016263,29.5387178004376
97,"growth_increment_80",163,"one_by_twelve",5,"all_vital_rates_biased",FALSE,NA,TRUE,8.4,8.53608962292481,0.0682826558628758,8.4008438613854,8.53781642632862,8.66957417898618,FALSE,1.99303353399296,0.268730317600776,0.136089622924812,0.0162011455862872,3.14032349341918,0.00929530968431358,0.0855740875626104,14.6406765935375
97,"growth_increment_80",103,"one_by_twelve",5,"fecundity",FALSE,NA,TRUE,8.4,8.58767329588899,0.0730390222321827,8.45309595535048,8.58786667575857,8.72541768443522,FALSE,2.56949354130722,0.272321729084734,0.187673295888988,0.0223420590344034,3.14032349341918,0.00929530968431358,0.0867177313596537,20.19010686709
97,"growth_increment_110",43,"one_by_twelve",5,"survival_growth",FALSE,NA,TRUE,4.8,4.73852181513864,0.676695530357446,3.35071331915591,4.75691654818259,6.02730871777016,TRUE,-0.0908505850908841,2.67659539861425,0.0614781848613601,0.01280795517945,2.94301261301212,0.173276225487087,0.909474661025937,0.354798730688773
97,"growth_increment_110",133,"one_by_twelve",5,"all_vital_rates",FALSE,NA,TRUE,4.8,4.9570645938394,0.0531129805118678,4.85641966532621,4.95720013654582,5.06649094745646,FALSE,2.95717906104519,0.210071282130256,0.157064593839396,0.0327217903832076,2.94301261301212,0.173276225487087,0.0713796744198294,0.906440530995414
97,"growth_increment_110",103,"one_by_twelve",5,"fecundity",FALSE,NA,TRUE,4.8,4.90455805784553,0.0597281371362703,4.77937514659832,4.90612086922977,5.01689849144584,TRUE,1.75056619641384,0.237523344847518,0.104558057845525,0.0217829287178177,2.94301261301212,0.173276225487087,0.0807075524574179,0.603418371744926
97,"growth_increment_110",13,"one_by_twelve",5,"weak",FALSE,NA,TRUE,4.8,4.62672377451291,0.75171577790536,3.12447861859695,4.61235656695071,6.06749123160907,TRUE,-0.230507634108622,2.94301261301212,0.173276225487087,0.0360992136431432,2.94301261301212,0.173276225487087,1,1
97,"growth_increment_110",163,"one_by_twelve",5,"all_vital_rates_biased",FALSE,NA,TRUE,4.8,4.87764362236124,0.0563957464419949,4.75955035385484,4.87897830751351,4.98182679659,TRUE,1.37676380329678,0.222276442735159,0.0776436223612418,0.016175754658592,2.94301261301212,0.173276225487087,0.0755268399980328,0.44809160716066
97,"growth_increment_110",73,"one_by_twelve",5,"recruit_size",FALSE,NA,TRUE,4.8,4.66838931633225,0.696681590408512,3.33218412665863,4.6484174690521,6.04041884855651,TRUE,-0.188910810160179,2.70823472189788,0.131610683667754,0.027418892430782,2.94301261301212,0.173276225487087,0.920225319430777,0.759542651034729
97,"growth_sd.log_growth_sd",133,"one_by_twelve",5,"all_vital_rates",FALSE,NA,TRUE,4.5,5.78762085884644,0.730021244273005,4.54370537021038,5.78113232371198,7.28247380974971,FALSE,1.76381286017056,2.73876843953933,1.28762085884644,0.286137968632542,3.66231998932971,1.76712436107338,0.747823359924536,0.728653221703262
97,"growth_sd.log_growth_sd",103,"one_by_twelve",5,"fecundity",FALSE,NA,TRUE,4.5,5.97906301331926,0.705206341561589,4.69343759689926,5.91002464597977,7.37637713542921,FALSE,2.0973478628171,2.68293953852995,1.47906301331926,0.328680669626503,3.66231998932971,1.76712436107338,0.732579224739178,0.836988638660865
97,"growth_sd.log_growth_sd",163,"one_by_twelve",5,"all_vital_rates_biased",FALSE,NA,TRUE,4.5,5.92080055055559,0.707448707303194,4.67319895042521,5.86383413733637,7.30462466311395,FALSE,2.00834425999831,2.63142571268874,1.42080055055559,0.31573345567902,3.66231998932971,1.76712436107338,0.718513324984023,0.804018427821668
97,"growth_sd.log_growth_sd",73,"one_by_twelve",5,"recruit_size",FALSE,NA,TRUE,4.5,6.25891392118946,0.891947902267272,4.71911804337752,6.19710367339863,8.17821228555743,FALSE,1.97199176848605,3.4590942421799,1.75891392118946,0.390869760264325,3.66231998932971,1.76712436107338,0.944509014028837,0.995353784903438
97,"growth_sd.log_growth_sd",43,"one_by_twelve",5,"survival_growth",FALSE,NA,TRUE,4.5,5.99386933898855,0.889853493232101,4.4634920434564,5.89648983192885,7.98023748910879,TRUE,1.67878122674167,3.5167454456524,1.49386933898855,0.331970964219678,3.66231998932971,1.76712436107338,0.960250730656675,0.845367407012117
97,"growth_sd.log_growth_sd",13,"one_by_twelve",5,"weak",FALSE,NA,TRUE,4.5,6.26712436107338,0.94325817642524,4.62379441181995,6.18749021095625,8.28611440114966,FALSE,1.87342596675963,3.66231998932971,1.76712436107338,0.392694302460752,3.66231998932971,1.76712436107338,1,1
97,"recruitment_50",163,"one_by_twelve",5,"all_vital_rates_biased",FALSE,NA,TRUE,0.019387103915861,0.00558332633168486,0.00260044950991569,0.00210646736688414,0.00504443449160938,0.0118826627897193,FALSE,-5.30822749357039,0.00977619542283519,0.0138037775841761,0.138037775841761,0.00713295779014726,0.0168946030806111,1.37056684063644,0.817052494119727
97,"recruitment_50",43,"one_by_twelve",5,"survival_growth",FALSE,NA,TRUE,0.019387103915861,0.00271305396994564,0.00231609249202322,0.000498406617961826,0.0021171753702233,0.00828121999018777,FALSE,-7.19921592222327,0.00778281337222594,0.0166740499459154,0.166740499459154,0.00713295779014726,0.0168946030806111,1.09110604621498,0.986945349728348
97,"recruitment_50",133,"one_by_twelve",5,"all_vital_rates",FALSE,NA,TRUE,0.019387103915861,0.00432864617557759,0.00213045510859318,0.00145998670816772,0.00385806641244819,0.00947583647551158,FALSE,-7.06818823806481,0.00801584976734386,0.0150584577402834,0.150584577402834,0.00713295779014726,0.0168946030806111,1.12377641970854,0.891317639629253
97,"recruitment_50",13,"one_by_twelve",5,"weak",FALSE,NA,TRUE,0.019387103915861,0.00249250083524988,0.00208085186248915,0.000458760641206088,0.00194931630737441,0.00759171843135335,FALSE,-8.11908016383323,0.00713295779014726,0.0168946030806111,0.168946030806111,0.00713295779014726,0.0168946030806111,1,1
97,"recruitment_50",103,"one_by_twelve",5,"fecundity",FALSE,NA,TRUE,0.019387103915861,0.00423243903005783,0.00204983713430841,0.00153118984334435,0.00380069242418249,0.00916124679973806,FALSE,-7.39310681427194,0.00763005695639371,0.0151546648858032,0.151546648858032,0.00713295779014726,0.0168946030806111,1.06969046794769,0.897012188655396
97,"recruitment_50",73,"one_by_twelve",5,"recruit_size",FALSE,NA,TRUE,0.019387103915861,0.00241981601328561,0.00183267885581078,0.000470630867453575,0.00195262906000657,0.00705855882034415,FALSE,-9.25818937059164,0.00658792795289058,0.0169672879025754,0.169672879025754,0.00713295779014726,0.0168946030806111,0.923589925344921,1.0043022509388
97,"recruitment_80",43,"one_by_twelve",5,"survival_growth",FALSE,NA,TRUE,0.183939720585721,0.051088859028254,0.0243802907954063,0.0188030701876307,0.0467461568408708,0.109067946975705,FALSE,-5.44910898201832,0.0902648767880748,0.132850861557467,0.722252165733582,0.0821773541641927,0.135658082380105,1.09841546623323,0.979306645255592
97,"recruitment_80",13,"one_by_twelve",5,"weak",FALSE,NA,TRUE,0.183939720585721,0.0482816382056165,0.0224465657291059,0.018353078204686,0.0439237955226411,0.100530432368879,FALSE,-6.04360079030711,0.0821773541641927,0.135658082380105,0.737513800434878,0.0821773541641927,0.135658082380105,1,1
97,"recruitment_80",73,"one_by_twelve",5,"recruit_size",FALSE,NA,TRUE,0.183939720585721,0.0473988652061337,0.0209333037409335,0.0183914579593977,0.0442642931382868,0.0978171751075701,FALSE,-6.52266154780873,0.0794257171481724,0.136540855379587,0.742313052041174,0.0821773541641927,0.135658082380105,0.966515872359161,1.00650733803688
97,"recruitment_80",163,"one_by_twelve",5,"all_vital_rates_biased",FALSE,NA,TRUE,0.183939720585721,0.0830752368584566,0.024278487090717,0.0445450147911296,0.0795184473492617,0.13992081436863,FALSE,-4.15447978081924,0.0953757995775,0.100864483727265,0.548356186505453,0.0821773541641927,0.135658082380105,1.1606092766985,0.74351989912882
97,"recruitment_80",103,"one_by_twelve",5,"fecundity",FALSE,NA,TRUE,0.183939720585721,0.069851277129775,0.0210924996128747,0.0379879157705348,0.0674045409134015,0.11861527987338,FALSE,-5.40895794950294,0.0806273641028449,0.114088443455946,0.620249085366951,0.0821773541641927,0.135658082380105,0.98113847693063,0.840999971798791
97,"recruitment_80",133,"one_by_twelve",5,"all_vital_rates",FALSE,NA,TRUE,0.183939720585721,0.0712053295788118,0.0218575334767357,0.0364093717131221,0.0678249099327962,0.120543414242342,FALSE,-5.15769041950225,0.0841340425292199,0.112734391006909,0.612887693032957,0.0821773541641927,0.135658082380105,1.02381055443958,0.831018609647122
97,"recruitment_110",73,"one_by_twelve",5,"recruit_size",FALSE,NA,TRUE,1.74517147873092,0.999840054365274,0.185255459591947,0.688624856102615,0.982377821068317,1.39460595521323,FALSE,-4.02326293652749,0.705981099110619,0.745331424365646,0.427082056662791,0.761028180421851,0.729750164495018,0.927667486267436,1.02135149894952
97,"recruitment_110",133,"one_by_twelve",5,"all_vital_rates",FALSE,NA,TRUE,1.74517147873092,1.20825967920263,0.171528418970039,0.903398491050799,1.19776657066591,1.56785038784009,FALSE,-3.13016235299219,0.664451896789296,0.536911799528285,0.307655612111381,0.761028180421851,0.729750164495018,0.873097624875046,0.735747418295993
97,"recruitment_110",43,"one_by_twelve",5,"survival_growth",FALSE,NA,TRUE,1.74517147873092,1.04608634807173,0.20543142229049,0.695807063115388,1.02949198569488,1.51105908804835,FALSE,-3.40300973855232,0.815252024932964,0.699085130659191,0.400582486694982,0.761028180421851,0.729750164495018,1.07125077087297,0.957978722955073
97,"recruitment_110",103,"one_by_twelve",5,"fecundity",FALSE,NA,TRUE,1.74517147873092,1.18840895589107,0.166955429705621,0.896933523428212,1.18202620828791,1.55877598665048,FALSE,-3.33479733975438,0.661842463222269,0.556762522839853,0.319030267011198,0.761028180421851,0.729750164495018,0.869668798408226,0.762949499607347
97,"recruitment_110",13,"one_by_twelve",5,"weak",FALSE,NA,TRUE,1.74517147873092,1.0154213142359,0.193012051534212,0.688484253352474,0.994372444603847,1.44951243377432,FALSE,-3.78085284672324,0.761028180421851,0.729750164495018,0.418153845274671,0.761028180421851,0.729750164495018,1,1
97,"recruitment_110",163,"one_by_twelve",5,"all_vital_rates_biased",FALSE,NA,TRUE,1.74517147873092,1.27165217277579,0.174836461776695,0.95802769356802,1.25855761131433,1.64925183472678,FALSE,-2.70835557493675,0.691224141158762,0.473519305955128,0.271331105124104,0.761028180421851,0.729750164495018,0.90827666956512,0.648878656002496
97,"recruit_mean_50",133,"one_by_twelve",5,"all_vital_rates",FALSE,NA,TRUE,44,44.82490506083,1.65031249532504,41.4713735301875,44.8529896859817,47.8219122004539,TRUE,0.499847794382415,6.35053867026647,0.824905060829963,0.0187478422915901,7.50456432872136,1.03776796690094,0.846223497073879,0.794883911567783
97,"recruit_mean_50",13,"one_by_twelve",5,"weak",FALSE,NA,TRUE,44,45.0377679669009,1.92898254432958,41.4164228389932,45.0131880884975,48.9209871677146,TRUE,0.537987225416606,7.50456432872136,1.03776796690094,0.0235856356113849,7.50456432872136,1.03776796690094,1,1
97,"recruit_mean_50",43,"one_by_twelve",5,"survival_growth",FALSE,NA,TRUE,44,45.0305455467204,1.87793435096039,41.3730579720323,44.901109973451,48.8179816020871,TRUE,0.548765480642801,7.44492363005482,1.0305455467204,0.023421489698191,7.50456432872136,1.03776796690094,0.992052743363357,0.993040428678772
97,"recruit_mean_50",103,"one_by_twelve",5,"fecundity",FALSE,NA,TRUE,44,44.8796394000552,1.86228650856173,41.353001664957,44.8819095479862,48.7748772083427,TRUE,0.4723437537732,7.42187554338577,0.879639400055233,0.0199918045467098,7.50456432872136,1.03776796690094,0.988981534208571,0.847626278812671
97,"recruit_mean_50",73,"one_by_twelve",5,"recruit_size",FALSE,NA,TRUE,44,44.766175056381,1.70764888657561,41.4481655335853,44.8472284389763,48.0697241530888,TRUE,0.448672477348334,6.62155861950348,0.766175056381002,0.0174130694632046,7.50456432872136,1.03776796690094,0.882337512140652,0.738291295181343
97,"recruit_mean_50",163,"one_by_twelve",5,"all_vital_rates_biased",FALSE,NA,TRUE,44,44.8801403905566,1.69534476402069,41.4030021148333,44.9264387847044,47.9016266014956,TRUE,0.5191512719037,6.49862448666229,0.880140390556619,0.0200031906944686,7.50456432872136,1.03776796690094,0.865956263682203,0.84810903653633
97,"recruit_mean_80",133,"one_by_twelve",5,"all_vital_rates",FALSE,NA,TRUE,44.6,45.1064108820183,1.10610427540567,42.9623630481324,45.1440084428399,47.1725587632431,TRUE,0.457832858328408,4.21019571511076,0.506410882018251,0.0113545040811267,5.07966756546818,0.638270317308205,0.828832922794371,0.793411299704413
97,"recruit_mean_80",43,"one_by_twelve",5,"survival_growth",FALSE,NA,TRUE,44.6,45.2388007076483,1.27025740088955,42.7339619165353,45.1705643178537,47.8623915233339,TRUE,0.502890758361974,5.12842960679856,0.638800707648258,0.0143228858217098,5.07966756546818,0.638270317308205,1.00959945522063,1.00083098073915
97,"recruit_mean_80",103,"one_by_twelve",5,"fecundity",FALSE,NA,TRUE,44.6,45.1365451641795,1.25125173292324,42.7922704632535,45.1155047213987,47.7675637103566,TRUE,0.428806730142101,4.97529324710312,0.536545164179451,0.0120301606318262,5.07966756546818,0.638270317308205,0.979452529713834,0.840623713228962
97,"recruit_mean_80",13,"one_by_twelve",5,"weak",FALSE,NA,TRUE,44.6,45.2382703173082,1.30519161322365,42.8111799960856,45.2157043541041,47.8908475615538,TRUE,0.489024225134086,5.07966756546818,0.638270317308205,0.0143109936616189,5.07966756546818,0.638270317308205,1,1
97,"recruit_mean_80",163,"one_by_twelve",5,"all_vital_rates_biased",FALSE,NA,TRUE,44.6,45.1382568922999,1.13355043009549,42.774421743152,45.1623969855848,47.2308537114944,TRUE,0.47484159328889,4.4564319683424,0.538256892299849,0.0120685401860953,5.07966756546818,0.638270317308205,0.877307798375909,0.843305536390685
97,"recruit_mean_80",73,"one_by_twelve",5,"recruit_size",FALSE,NA,TRUE,44.6,45.0492254072458,1.15452973520716,42.7672636124307,45.0778952255732,47.2492925953639,TRUE,0.389098170057246,4.48202898293322,0.449225407245784,0.0100723185481117,5.07966756546818,0.638270317308205,0.882346910534514,0.70381685480897
97,"recruit_mean_110",133,"one_by_twelve",5,"all_vital_rates",FALSE,NA,TRUE,45.2,45.3879167032068,0.5704483508314,44.3125115698952,45.4113055687867,46.4520055744565,TRUE,0.329419311902438,2.13949400456132,0.18791670320676,0.00415744918599026,2.64794759536021,0.238772667715544,0.807982003990632,0.787010946456526
97,"recruit_mean_110",43,"one_by_twelve",5,"survival_growth",FALSE,NA,TRUE,45.2,45.4470558685761,0.670573941154266,44.0683458718217,45.4281810019498,46.823160200961,TRUE,0.368424499393517,2.75481432913936,0.247055868576098,0.00546583780035614,2.64794759536021,0.238772667715544,1.04035832656447,1.03469074136417
97,"recruit_mean_110",13,"one_by_twelve",5,"weak",FALSE,NA,TRUE,45.2,45.4387726677155,0.689277873730424,44.173168133535,45.4507104437515,46.8211157288952,TRUE,0.346409883177141,2.64794759536021,0.238772667715544,0.00528258114414921,2.64794759536021,0.238772667715544,1,1
97,"recruit_mean_110",103,"one_by_twelve",5,"fecundity",FALSE,NA,TRUE,45.2,45.3934509283036,0.647720759485024,44.1311901996185,45.3837876930106,46.7064041237016,TRUE,0.298664085519456,2.5752139240831,0.193450928303562,0.0042798877943266,2.64794759536021,0.238772667715544,0.972532057883412,0.810188746284919
97,"recruit_mean_110",73,"one_by_twelve",5,"recruit_size",FALSE,NA,TRUE,45.2,45.3322757581105,0.609796702128956,44.1683813846972,45.3241683616293,46.548764708008,TRUE,0.216917798421543,2.38038332331072,0.132275758110531,0.00292645482545422,2.64794759536021,0.238772667715544,0.898954090889741,0.553981992059971
97,"recruit_mean_110",163,"one_by_twelve",5,"all_vital_rates_biased",FALSE,NA,TRUE,45.2,45.3963733940431,0.580091666447942,44.1936790616698,45.4238644329266,46.4692496106593,TRUE,0.338521315511301,2.27557054898955,0.1963733940431,0.00434454411599778,2.64794759536021,0.238772667715544,0.859371444124064,0.822428278420227
97,"recruit_sd.log_recruit_sd",103,"one_by_twelve",5,"fecundity",FALSE,NA,TRUE,3.5,3.51621996454664,0.13081187782621,3.27072550061564,3.51558720189493,3.78288954392179,TRUE,0.123994585324943,0.51216404330615,0.0162199645466381,0.00463427558475374,0.568720695402287,0.0116878489706522,0.900554608697453,1.38776301673352
97,"recruit_sd.log_recruit_sd",133,"one_by_twelve",5,"all_vital_rates",FALSE,NA,TRUE,3.5,3.52584800261819,0.128120852699597,3.2718640609071,3.52724846572425,3.77603327818417,TRUE,0.201747038624517,0.50416921727708,0.0258480026181918,0.00738514360519764,0.568720695402287,0.0116878489706522,0.886497047413499,2.21152777410926
97,"recruit_sd.log_recruit_sd",73,"one_by_twelve",5,"recruit_size",FALSE,NA,TRUE,3.5,3.50671792618391,0.14689780504829,3.22165058662017,3.50820615896507,3.80747123567656,TRUE,0.0457319711598379,0.585820649056388,0.00671792618391187,0.00191940748111768,0.568720695402287,0.0116878489706522,1.03006740178851,0.574778661221611
97,"recruit_sd.log_recruit_sd",13,"one_by_twelve",5,"weak",FALSE,NA,TRUE,3.5,3.51168784897065,0.147949273827792,3.24261578072,3.50573209676525,3.81133647612228,TRUE,0.078999028979733,0.568720695402287,0.0116878489706522,0.00333938542018635,0.568720695402287,0.0116878489706522,1,1
97,"recruit_sd.log_recruit_sd",43,"one_by_twelve",5,"survival_growth",FALSE,NA,TRUE,3.5,3.52655737853081,0.142760165072832,3.23501485029779,3.52611348992707,3.80790104860695,TRUE,0.186027933753519,0.572886198309158,0.0265573785308102,0.00758782243737434,0.568720695402287,0.0116878489706522,1.00732433853831,2.27222122714751
97,"recruit_sd.log_recruit_sd",163,"one_by_twelve",5,"all_vital_rates_biased",FALSE,NA,TRUE,3.5,3.50580834429145,0.1332528699,3.2515231437913,3.50093365600906,3.79389660315789,TRUE,0.0435888870221393,0.54237345936659,0.00580834429144694,0.00165952694041341,0.568720695402287,0.0116878489706522,0.953672802398969,0.496955796231752
97,"lambda",73,"one_by_twelve",5,"recruit_size",FALSE,NA,TRUE,1.03119869581319,1.00572539256547,0.00767145614302316,0.989548502754238,1.00560578670543,1.02191154733981,FALSE,-3.32053038860046,0.0323630445855694,0.0254733032477241,0.0247026139105385,0.0305002701326031,0.0250703043399869,1.06107403130751,1.01607475131821
97,"lambda",133,"one_by_twelve",5,"all_vital_rates",FALSE,NA,TRUE,1.03119869581319,1.00910192095407,0.00654222121224757,0.995253509346916,1.0093943427382,1.02068215391604,FALSE,-3.37756461333853,0.0254286445691292,0.0220967748591201,0.021428241665584,0.0305002701326031,0.0250703043399869,0.833718667361813,0.881392366022296
97,"lambda",13,"one_by_twelve",5,"weak",FALSE,NA,TRUE,1.03119869581319,1.00612839147321,0.00773578763659474,0.990803387081661,1.00671247436387,1.02130365721426,FALSE,-3.24082117008873,0.0305002701326031,0.0250703043399869,0.0243118076484927,0.0305002701326031,0.0250703043399869,1,1
97,"lambda",163,"one_by_twelve",5,"all_vital_rates_biased",FALSE,NA,TRUE,1.03119869581319,1.01079232151241,0.00654305316011028,0.997416792817691,1.01096674670117,1.02282861433288,FALSE,-3.11878473266666,0.0254118215151926,0.0204063743007783,0.0197889838143036,0.0305002701326031,0.0250703043399869,0.833167096708063,0.813965958451901
97,"lambda",103,"one_by_twelve",5,"fecundity",FALSE,NA,TRUE,1.03119869581319,1.00848694087437,0.00652827829800748,0.995336908045581,1.00901836772931,1.02044584543062,FALSE,-3.47898081271317,0.0251089373850392,0.0227117549388198,0.0220246156546092,0.0305002701326031,0.0250703043399869,0.823236557442784,0.905922585973349
97,"lambda",43,"one_by_twelve",5,"survival_growth",FALSE,NA,TRUE,1.03119869581319,1.00682616467115,0.00770819636048607,0.992218968418862,1.00668770332431,1.0214425150322,FALSE,-3.16189806307724,0.0292235466133403,0.02437253114204,0.0236351454292909,0.0305002701326031,0.0250703043399869,0.958140583223945,0.972167342347177
98,"survival_50",14,"three_by_four",5,"weak",FALSE,NA,TRUE,0.354343693774205,0.417812829818616,0.026444810389986,0.36685554528724,0.417648590615702,0.470064628315345,FALSE,2.40006016713379,0.103209083028105,0.0634691360444113,0.179117442075476,0.103209083028105,0.0634691360444113,1,1
98,"survival_50",44,"three_by_four",5,"survival_growth",FALSE,NA,TRUE,0.354343693774205,0.41464784013348,0.0247809063819305,0.364802555141794,0.414852560038718,0.461492727860591,FALSE,2.43349236020067,0.0966901727187972,0.060304146359276,0.170185465182013,0.103209083028105,0.0634691360444113,0.936837823590271,0.950133405267708
98,"survival_50",134,"three_by_four",5,"all_vital_rates",FALSE,NA,TRUE,0.354343693774205,0.418747420840801,0.0267153175459137,0.366723570100873,0.418842091446625,0.469178834255029,FALSE,2.41074158882486,0.102455264154155,0.0644037270665966,0.181754968969861,0.103209083028105,0.0634691360444113,0.992696196382793,1.0147251259499
98,"survival_50",104,"three_by_four",5,"fecundity",FALSE,NA,TRUE,0.354343693774205,0.418434084289056,0.0278375645286298,0.364726542554186,0.418895243590831,0.472357909372746,FALSE,2.30229876787307,0.10763136681856,0.0640903905148514,0.180870695996332,0.103209083028105,0.0634691360444113,1.04284781591607,1.00978829253332
98,"survival_50",74,"three_by_four",5,"recruit_size",FALSE,NA,TRUE,0.354343693774205,0.418875001752736,0.0273804776529336,0.364993329691479,0.418610545824577,0.476031012991035,FALSE,2.35683645831566,0.111037683299556,0.064531307978531,0.182115017460002,0.103209083028105,0.0634691360444113,1.07585185374934,1.01673525118376
98,"survival_50",164,"three_by_four",5,"all_vital_rates_biased",FALSE,NA,TRUE,0.354343693774205,0.418054643657287,0.0266756947077505,0.366453828097337,0.418443448721568,0.468973966041845,FALSE,2.38835204035271,0.102520137944507,0.0637109498830821,0.179799869455783,0.103209083028105,0.0634691360444113,0.993324763059761,1.00380994375757
98,"survival_80",14,"three_by_four",5,"weak",FALSE,NA,TRUE,0.589040434058665,0.607607802109605,0.0239963311610739,0.560999999078311,0.606944793254094,0.656607775564799,TRUE,0.773758618611614,0.0956077764864877,0.0185673680509394,0.0315213811775274,0.0956077764864877,0.0185673680509394,1,1
98,"survival_80",44,"three_by_four",5,"survival_growth",FALSE,NA,TRUE,0.589040434058665,0.606930317869989,0.0233804706835964,0.561722274233532,0.607140645196498,0.650901025804855,TRUE,0.765163544114406,0.0891787515713224,0.0178898838113236,0.0303712322226455,0.0956077764864877,0.0185673680509394,0.932756255281453,0.963512101566732
98,"survival_80",104,"three_by_four",5,"fecundity",FALSE,NA,TRUE,0.589040434058665,0.608984600318182,0.0241376730103529,0.56249664288497,0.608837033237473,0.653691871192246,TRUE,0.82626714890712,0.0911952283072758,0.0199441662595167,0.0338587389020061,0.0956077764864877,0.0185673680509394,0.953847392530507,1.07415150089124
98,"survival_80",74,"three_by_four",5,"recruit_size",FALSE,NA,TRUE,0.589040434058665,0.607031697002112,0.0236806694233778,0.563214114360302,0.607304738653746,0.651180822876915,TRUE,0.759744693943715,0.087966708516613,0.0179912629434464,0.030543341175208,0.0956077764864877,0.0185673680509394,0.920079011868302,0.96897217172017
98,"survival_80",134,"three_by_four",5,"all_vital_rates",FALSE,NA,TRUE,0.589040434058665,0.608162620298536,0.0236671759848443,0.562359111847284,0.608315178934919,0.655952943044664,TRUE,0.807962312534289,0.09359383119738,0.0191221862398708,0.0324632828821499,0.0956077764864877,0.0185673680509394,0.978935340166683,1.02988135892009
98,"survival_80",164,"three_by_four",5,"all_vital_rates_biased",FALSE,NA,TRUE,0.589040434058665,0.611437097327883,0.0234386472348034,0.562803785023766,0.611208611892912,0.659637151979779,TRUE,0.955544193521606,0.0968333669560132,0.0223966632692176,0.0380222850151354,0.0956077764864877,0.0185673680509394,1.01281894124688,1.2062379120063
98,"survival_110",14,"three_by_four",5,"weak",FALSE,NA,TRUE,0.789181706522253,0.768163163410196,0.0365629776081022,0.695394150522669,0.769138326216577,0.835787792609915,TRUE,-0.574858627143073,0.140393642087246,0.0210185431120565,0.026633337973178,0.140393642087246,0.0210185431120565,1,1
98,"survival_110",44,"three_by_four",5,"survival_growth",FALSE,NA,TRUE,0.789181706522253,0.769484990469504,0.0364788744509174,0.690744377095813,0.772834040185575,0.83103394513882,TRUE,-0.539948568842243,0.140289568043006,0.0196967160527487,0.0249584042432353,0.140393642087246,0.0210185431120565,0.999258698309323,0.937111385301029
98,"survival_110",134,"three_by_four",5,"all_vital_rates",FALSE,NA,TRUE,0.789181706522253,0.768425947304378,0.0357776882712148,0.693645236613433,0.769419815348218,0.832733729846778,TRUE,-0.580131367363208,0.139088493233345,0.0207557592178744,0.0263003552240718,0.140393642087246,0.0210185431120565,0.99070364701352,0.987497520985107
98,"survival_110",104,"three_by_four",5,"fecundity",FALSE,NA,TRUE,0.789181706522253,0.769726893891887,0.0370984421015045,0.688595972041363,0.772930632212525,0.837968789732158,TRUE,-0.524410501582137,0.149372817690795,0.0194548126303659,0.0246518798770677,0.140393642087246,0.0210185431120565,1.06395713844342,0.925602337262201
98,"survival_110",74,"three_by_four",5,"recruit_size",FALSE,NA,TRUE,0.789181706522253,0.766595508456787,0.0362699727738679,0.698108226050586,0.766799059857908,0.831589618437784,TRUE,-0.622724428448938,0.133481392387198,0.0225861980654655,0.0286197689059441,0.140393642087246,0.0210185431120565,0.950765222717479,1.07458437747332
98,"survival_110",164,"three_by_four",5,"all_vital_rates_biased",FALSE,NA,TRUE,0.789181706522253,0.773649242235249,0.0362379463191582,0.696279649526095,0.774492927865412,0.835532786429331,TRUE,-0.428624297585866,0.139253136903236,0.0155324642870035,0.019681733824586,0.140393642087246,0.0210185431120565,0.991876375831169,0.738988625624288
98,"growth_increment_50",104,"three_by_four",5,"fecundity",FALSE,NA,TRUE,12,12.381274427872,1.31320717930809,9.7519686513324,12.3850769604352,14.8854266863987,TRUE,0.290338366923138,5.13345803506626,0.38127442787205,0.0317728689893375,5.28704450828955,0.378356836825136,0.970950410388548,1.00771121534739
98,"growth_increment_50",74,"three_by_four",5,"recruit_size",FALSE,NA,TRUE,12,12.4434545956849,1.31179536845829,9.94931355364904,12.4865512439776,14.7745684412543,TRUE,0.338051655271555,4.82525488760526,0.443454595684884,0.036954549640407,5.28704450828955,0.378356836825136,0.912656377308675,1.17205387222812
98,"growth_increment_50",164,"three_by_four",5,"all_vital_rates_biased",FALSE,NA,TRUE,12,12.2203348548959,1.27474637721513,9.7313178565189,12.2536971996276,14.7351350736817,TRUE,0.172846033402514,5.00381721716284,0.22033485489586,0.0183612379079883,5.28704450828955,0.378356836825136,0.946429940076609,0.582346698806164
98,"growth_increment_50",44,"three_by_four",5,"survival_growth",FALSE,NA,TRUE,12,12.4584005188145,1.20169055167658,10.2886442189078,12.4313171343994,14.738159182661,TRUE,0.381463029874844,4.4495149637532,0.458400518814523,0.0382000432345436,5.28704450828955,0.378356836825136,0.841588331018741,1.21155606083677
98,"growth_increment_50",134,"three_by_four",5,"all_vital_rates",FALSE,NA,TRUE,12,12.4119960647151,1.27710858829068,9.93490357543863,12.4424327300606,14.9013206608287,TRUE,0.322600653141419,4.96641708539004,0.41199606471509,0.0343330053929242,5.28704450828955,0.378356836825136,0.939356019720129,1.08890873539442
98,"growth_increment_50",14,"three_by_four",5,"weak",FALSE,NA,TRUE,12,12.3783568368251,1.33695526756395,9.54296732341951,12.3957460766876,14.8300118317091,TRUE,0.282998875134047,5.28704450828955,0.378356836825136,0.0315297364020946,5.28704450828955,0.378356836825136,1,1
98,"growth_increment_80",134,"three_by_four",5,"all_vital_rates",FALSE,NA,TRUE,8.4,9.60033408123541,0.93824734874107,7.76152427264308,9.62309606580547,11.4393017643025,TRUE,1.27933650209191,3.67777749165945,1.20033408123541,0.142896914432786,3.7952284876232,1.17151295108306,0.969052984201933,1.02460163169831
98,"growth_increment_80",14,"three_by_four",5,"weak",FALSE,NA,TRUE,8.4,9.57151295108306,0.975745003746169,7.51368038715808,9.59908508739606,11.3089088747813,TRUE,1.2006343323156,3.7952284876232,1.17151295108306,0.139465827509888,3.7952284876232,1.17151295108306,1,1
98,"growth_increment_80",104,"three_by_four",5,"fecundity",FALSE,NA,TRUE,8.4,9.54304318262793,0.975413772565804,7.51901730389722,9.53210496891266,11.4105982196862,TRUE,1.17185466801559,3.89158091578893,1.14304318262793,0.136076569360468,3.7952284876232,1.17151295108306,1.02538778059871,0.975698289610196
98,"growth_increment_80",74,"three_by_four",5,"recruit_size",FALSE,NA,TRUE,8.4,9.63444749759633,0.949611231372028,7.76479101980002,9.64951002536545,11.4555712953501,TRUE,1.2999503973987,3.69078027555003,1.23444749759633,0.146958035428135,3.7952284876232,1.17151295108306,0.972479071440946,1.05372074329617
98,"growth_increment_80",44,"three_by_four",5,"survival_growth",FALSE,NA,TRUE,8.4,9.65003206188256,0.907908998685594,7.94135715427092,9.60732272855051,11.4530459595074,TRUE,1.37682528060882,3.51168880523647,1.25003206188256,0.148813340700305,3.7952284876232,1.17151295108306,0.925290484272188,1.06702368140866
98,"growth_increment_80",164,"three_by_four",5,"all_vital_rates_biased",FALSE,NA,TRUE,8.4,9.44253547022545,0.9541499199689,7.60006055448474,9.39952271344419,11.2933559769351,TRUE,1.09263277018294,3.69329542245034,1.04253547022545,0.12411136550303,3.7952284876232,1.17151295108306,0.973141784347035,0.889905202722372
98,"growth_increment_110",14,"three_by_four",5,"weak",FALSE,NA,TRUE,4.8,6.76466906534099,0.928310316982409,4.97824334509199,6.76818713242172,8.55018339273724,FALSE,2.11639257842937,3.57194004764525,1.96466906534099,0.409306055279372,3.57194004764525,1.96466906534099,1,1
98,"growth_increment_110",134,"three_by_four",5,"all_vital_rates",FALSE,NA,TRUE,4.8,6.78867209775575,0.872140720065459,5.07611800347394,6.76116203292128,8.44937521144723,FALSE,2.2802192948937,3.37325720797329,1.98867209775575,0.414306687032447,3.57194004764525,1.96466906534099,0.944376770880311,1.01221734125009
98,"growth_increment_110",164,"three_by_four",5,"all_vital_rates_biased",FALSE,NA,TRUE,4.8,6.66473608555504,0.919498242548698,4.89889754983177,6.62483139425116,8.53095186488995,FALSE,2.02799309369673,3.63205431505819,1.86473608555504,0.388486684490633,3.57194004764525,1.96466906534099,1.01682958465458,0.949134955322053
98,"growth_increment_110",104,"three_by_four",5,"fecundity",FALSE,NA,TRUE,4.8,6.70481193738382,0.907087482475856,4.82191833939158,6.71102907910148,8.45392143489175,FALSE,2.09992087222361,3.63200309550017,1.90481193738382,0.396835820288295,3.57194004764525,1.96466906534099,1.01681524523193,0.969533226224651
98,"growth_increment_110",74,"three_by_four",5,"recruit_size",FALSE,NA,TRUE,4.8,6.82544039950778,0.92173808332318,5.02164157631044,6.81175928672066,8.63835515903295,FALSE,2.19741425048359,3.61671358272251,2.02544039950778,0.421966749897455,3.57194004764525,1.96466906534099,1.01253479467181,1.03093209703297
98,"growth_increment_110",44,"three_by_four",5,"survival_growth",FALSE,NA,TRUE,4.8,6.8416636049506,0.876254153654409,5.03170910152684,6.84011227628036,8.52108757043164,FALSE,2.32999021623562,3.4893784689048,2.04166360495059,0.425346584364707,3.57194004764525,1.96466906534099,0.976886068176067,1.03918957190698
98,"growth_sd.log_growth_sd",134,"three_by_four",5,"all_vital_rates",FALSE,NA,TRUE,4.5,6.19023944703248,0.872264255105455,4.68260085161204,6.1585396456174,8.15094354876005,FALSE,1.93776076130522,3.46834269714801,1.69023944703248,0.375608766007218,3.66799733409779,1.85652145926623,0.945568489078825,0.910433563046735
98,"growth_sd.log_growth_sd",104,"three_by_four",5,"fecundity",FALSE,NA,TRUE,4.5,6.43503769251287,0.9534826720353,4.87185625182991,6.39400930947945,8.48291449824777,FALSE,2.02944190730006,3.61105824641787,1.93503769251287,0.430008376113972,3.66799733409779,1.85652145926623,0.984476791422224,1.04229212264407
98,"growth_sd.log_growth_sd",14,"three_by_four",5,"weak",FALSE,NA,TRUE,4.5,6.35652145926623,0.9456434367257,4.64439325220981,6.32102700529784,8.3123905863076,FALSE,1.96323623383297,3.66799733409779,1.85652145926623,0.412560324281385,3.66799733409779,1.85652145926623,1,1
98,"growth_sd.log_growth_sd",74,"three_by_four",5,"recruit_size",FALSE,NA,TRUE,4.5,6.31848210111721,0.944090527021104,4.75159287247831,6.20392492588837,8.34459728297709,FALSE,1.92617344319202,3.59300441049878,1.81848210111721,0.404107133581602,3.66799733409779,1.85652145926623,0.97955480422467,0.979510412896568
98,"growth_sd.log_growth_sd",44,"three_by_four",5,"survival_growth",FALSE,NA,TRUE,4.5,6.12107683402917,0.875198949436907,4.66355389156302,6.04824831129319,8.04601575256214,FALSE,1.85223809406096,3.38246186099912,1.62107683402917,0.360239296450926,3.66799733409779,1.85652145926623,0.922154939851148,0.87317969094194
98,"growth_sd.log_growth_sd",164,"three_by_four",5,"all_vital_rates_biased",FALSE,NA,TRUE,4.5,6.34812024010824,0.894605825471347,4.80751220151958,6.29364845132749,8.28508534956623,FALSE,2.06584865366208,3.47757314804665,1.84812024010824,0.41069338669072,3.66799733409779,1.85652145926623,0.948084971523573,0.995474752464582
98,"recruitment_50",14,"three_by_four",5,"weak",FALSE,NA,TRUE,0.019387103915861,0.0774863691497908,0.0221684439898156,0.0410560926340484,0.0746423704460859,0.130440439019656,FALSE,2.62080934776574,0.0893843463856075,0.0580992652339298,0.580992652339298,0.0893843463856075,0.0580992652339298,1,1
98,"recruitment_50",164,"three_by_four",5,"all_vital_rates_biased",FALSE,NA,TRUE,0.019387103915861,0.0776461106903248,0.0214189574054056,0.0435819823300813,0.0750782517692151,0.127161162659848,FALSE,2.71997397780718,0.0835791803297667,0.0582590067744638,0.582590067744638,0.0893843463856075,0.0580992652339298,0.93505388481785,1.00274945887682
98,"recruitment_50",104,"three_by_four",5,"fecundity",FALSE,NA,TRUE,0.019387103915861,0.0725015444971012,0.0217920296891528,0.0378096886221139,0.0696201013057584,0.120994025007089,FALSE,2.4373333433773,0.083184336384975,0.0531144405812402,0.531144405812402,0.0893843463856075,0.0580992652339298,0.930636512417001,0.914201588735782
98,"recruitment_50",74,"three_by_four",5,"recruit_size",FALSE,NA,TRUE,0.019387103915861,0.0774092698374142,0.0228266455284338,0.0420518735812319,0.0747029054993102,0.132009431454172,FALSE,2.54186125811953,0.0899575578729406,0.0580221659215532,0.580221659215532,0.0893843463856075,0.0580992652339298,1.00641288447599,0.998672972677603
98,"recruitment_50",44,"three_by_four",5,"survival_growth",FALSE,NA,TRUE,0.019387103915861,0.0799716321327561,0.0233028645346418,0.0433702061324702,0.0767676213785002,0.134060975431327,FALSE,2.59987471183342,0.0906907692988565,0.0605845282168951,0.605845282168951,0.0893843463856075,0.0580992652339298,1.01461579086357,1.04277615169415
98,"recruitment_50",134,"three_by_four",5,"all_vital_rates",FALSE,NA,TRUE,0.019387103915861,0.072164570364142,0.0225450593601587,0.0382375481516608,0.0676441445329549,0.127612238002657,FALSE,2.34097704535427,0.0893746898509963,0.052777466448281,0.52777466448281,0.0893843463856075,0.0580992652339298,0.99989196615513,0.908401616367759
98,"recruitment_80",44,"three_by_four",5,"survival_growth",FALSE,NA,TRUE,0.183939720585721,0.300631483336036,0.0395491550822313,0.229891300173124,0.297343152963614,0.386355062951378,FALSE,2.95055008147928,0.156463762778254,0.116691762750314,0.634402196430068,0.156004076200843,0.111701288183085,1.00294663183556,1.0446769652204
98,"recruitment_80",74,"three_by_four",5,"recruit_size",FALSE,NA,TRUE,0.183939720585721,0.295732380984572,0.0397120206347782,0.224871041605793,0.293214237690017,0.391133831151675,FALSE,2.81508366010837,0.166262789545882,0.111792660398851,0.607767914634578,0.156004076200843,0.111701288183085,1.0657592647248,1.00081800503156
98,"recruitment_80",134,"three_by_four",5,"all_vital_rates",FALSE,NA,TRUE,0.183939720585721,0.286149732977704,0.0403122186196557,0.215682067334379,0.281613506178134,0.370537955723399,FALSE,2.53545986531604,0.15485588838902,0.102210012391983,0.555671238743403,0.156004076200843,0.111701288183085,0.992640014031781,0.915029844816608
98,"recruitment_80",164,"three_by_four",5,"all_vital_rates_biased",FALSE,NA,TRUE,0.183939720585721,0.295777614593845,0.0375178343959877,0.225488561049886,0.294630161245408,0.373214521109929,FALSE,2.98092615974883,0.147725960060043,0.111837894008124,0.608013830030826,0.156004076200843,0.111701288183085,0.946936539464887,1.00122295657697
98,"recruitment_80",104,"three_by_four",5,"fecundity",FALSE,NA,TRUE,0.183939720585721,0.286712126732704,0.0406574683726585,0.213229633645066,0.284728261157367,0.367798243435199,FALSE,2.52776206341701,0.154568609790133,0.102772406146983,0.558728728192713,0.156004076200843,0.111701288183085,0.990798532668713,0.920064645794714
98,"recruitment_80",14,"three_by_four",5,"weak",FALSE,NA,TRUE,0.183939720585721,0.295641008768806,0.0385023362251597,0.225395059191422,0.293393460803002,0.381399135392264,FALSE,2.90115611504354,0.156004076200843,0.111701288183085,0.607271163767092,0.156004076200843,0.111701288183085,1,1
98,"recruitment_110",134,"three_by_four",5,"all_vital_rates",FALSE,NA,TRUE,1.74517147873092,1.16829887883329,0.10195116963828,0.986234215053909,1.16351940781308,1.3858282111794,FALSE,-5.6583225277784,0.399593996125495,0.576872599897635,0.330553534095764,0.405072376302746,0.586375066599415,0.986475552277213,0.983794558733734
98,"recruitment_110",104,"three_by_four",5,"fecundity",FALSE,NA,TRUE,1.74517147873092,1.16529316222367,0.10053822029859,0.990196313027093,1.1619505937669,1.37985890619212,FALSE,-5.76774001752827,0.389662593165026,0.579878316507249,0.332275838549077,0.405072376302746,0.586375066599415,0.961957951123769,0.988920487138305
98,"recruitment_110",44,"three_by_four",5,"survival_growth",FALSE,NA,TRUE,1.74517147873092,1.16137095616051,0.101801171556178,0.97642209606517,1.15871692812956,1.36870435952715,FALSE,-5.73471320266924,0.392282263461981,0.583800522570413,0.334523300251818,0.405072376302746,0.586375066599415,0.968425117117326,0.995609390344763
98,"recruitment_110",14,"three_by_four",5,"weak",FALSE,NA,TRUE,1.74517147873092,1.15879641213151,0.103459073234104,0.954243615689188,1.15816141492494,1.35931599199193,FALSE,-5.66770074648343,0.405072376302746,0.586375066599415,0.335998538679892,0.405072376302746,0.586375066599415,1,1
98,"recruitment_110",74,"three_by_four",5,"recruit_size",FALSE,NA,TRUE,1.74517147873092,1.16082710391647,0.107766553345571,0.956906306411446,1.15481989119289,1.37989905228643,FALSE,-5.42231663418482,0.422992745874983,0.584344374814454,0.33483493280522,0.405072376302746,0.586375066599415,1.04423992012441,0.996536872216042
98,"recruitment_110",164,"three_by_four",5,"all_vital_rates_biased",FALSE,NA,TRUE,1.74517147873092,1.15603596001278,0.106931498592965,0.974572823657569,1.14805953795982,1.3813411765631,FALSE,-5.50946658814432,0.406768352905535,0.589135518718142,0.337580304226928,0.405072376302746,0.586375066599415,1.00418684833132,1.00470765603104
98,"recruit_mean_50",134,"three_by_four",5,"all_vital_rates",FALSE,NA,TRUE,44,44.5801622196112,1.14893615184041,42.3965099237125,44.5544164712926,46.7963233967357,TRUE,0.504956014032559,4.3998134730232,0.580162219611239,0.0131855049911645,4.73424202481562,0.805573270354515,0.929359641936463,0.720185538623846
98,"recruit_mean_50",104,"three_by_four",5,"fecundity",FALSE,NA,TRUE,44,44.7181552874945,1.18817848141369,42.2529224023448,44.6951912806512,46.9448566584567,TRUE,0.604417012030115,4.6919342561119,0.71815528749454,0.0163217110794214,4.73424202481562,0.805573270354515,0.991063454618088,0.891483511088316
98,"recruit_mean_50",44,"three_by_four",5,"survival_growth",FALSE,NA,TRUE,44,44.7613120355351,1.16588828458306,42.5213722247524,44.7744541346129,46.9475821390636,TRUE,0.652988837440211,4.42620991431117,0.761312035535056,0.0173025462621604,4.73424202481562,0.805573270354515,0.934935284489084,0.945056227101502
98,"recruit_mean_50",14,"three_by_four",5,"weak",FALSE,NA,TRUE,44,44.8055732703545,1.19926834455492,42.4819143222189,44.7728830532897,47.2161563470345,TRUE,0.671720615333582,4.73424202481562,0.805573270354515,0.0183084834171481,4.73424202481562,0.805573270354515,1,1
98,"recruit_mean_50",164,"three_by_four",5,"all_vital_rates_biased",FALSE,NA,TRUE,44,44.6411159404696,1.0587244867964,42.6400857173978,44.6654442255476,46.7124157746266,TRUE,0.605555031989094,4.07233005722882,0.641115940469632,0.0145708168288553,4.73424202481562,0.805573270354515,0.860186284495546,0.79585056265272
98,"recruit_mean_50",74,"three_by_four",5,"recruit_size",FALSE,NA,TRUE,44,44.5869315446634,1.07132076667179,42.5197339385945,44.5687014529297,46.6643693416267,TRUE,0.547857899260891,4.14463540303214,0.586931544663372,0.0133393532878039,4.73424202481562,0.805573270354515,0.8754591297418,0.728588653897462
98,"recruit_mean_80",104,"three_by_four",5,"fecundity",FALSE,NA,TRUE,44.6,45.0919185900717,0.58872706639914,43.9192155132939,45.0697650929337,46.2260243008157,TRUE,0.835563061641561,2.30680878752172,0.49191859007172,0.0110295647998143,2.30560176338378,0.519879197613704,1.00052351804944,0.946217106454102
98,"recruit_mean_80",44,"three_by_four",5,"survival_growth",FALSE,NA,TRUE,44.6,45.1063188739626,0.555478176927127,44.0426698020464,45.0999510679355,46.1655292903188,TRUE,0.911500928377645,2.12285948827235,0.506318873962599,0.0113524411202376,2.30560176338378,0.519879197613704,0.920739878840471,0.973916394975315
98,"recruit_mean_80",14,"three_by_four",5,"weak",FALSE,NA,TRUE,44.6,45.1198791976137,0.583257099323026,43.9504333639622,45.1228613359873,46.256035127346,TRUE,0.891337967796906,2.30560176338378,0.519879197613704,0.0116564842514284,2.30560176338378,0.519879197613704,1,1
98,"recruit_mean_80",164,"three_by_four",5,"all_vital_rates_biased",FALSE,NA,TRUE,44.6,45.0525988426625,0.52479578423421,44.093055187914,45.0498764049755,46.0566372669268,TRUE,0.862428503161336,1.96358207901276,0.452598842662489,0.0101479561135087,2.30560176338378,0.519879197613704,0.851657085884139,0.87058463723873
98,"recruit_mean_80",134,"three_by_four",5,"all_vital_rates",FALSE,NA,TRUE,44.6,45.0240252604077,0.57173445575693,43.9613317516936,45.0409229261011,46.1540773580316,TRUE,0.741647203764113,2.19274560633801,0.424025260407724,0.0095072928342539,2.30560176338378,0.519879197613704,0.951051322549246,0.81562267225548
98,"recruit_mean_80",74,"three_by_four",5,"recruit_size",FALSE,NA,TRUE,44.6,45.0255642361464,0.52498429186983,44.0099459189367,45.0124657809585,46.1066467515311,TRUE,0.810622799075938,2.09670083259434,0.425564236146421,0.0095417990167359,2.30560176338378,0.519879197613704,0.90939418328565,0.818582928687668
98,"recruit_mean_110",134,"three_by_four",5,"all_vital_rates",FALSE,NA,TRUE,45.2,45.4678883012043,0.310909977994634,44.8534807753035,45.460419329572,46.0525124919505,TRUE,0.861626580568845,1.19903171664692,0.267888301204252,0.0059267323275277,1.20660757564337,0.234185124872845,0.993721356347024,1.14391681089782
98,"recruit_mean_110",74,"three_by_four",5,"recruit_size",FALSE,NA,TRUE,45.2,45.4641969276294,0.314938596457075,44.8247361080195,45.4730711025424,46.1109191897381,TRUE,0.838883930396304,1.28618308171857,0.264196927629406,0.00584506477056209,1.20660757564337,0.234185124872845,1.06594978158725,1.12815418047093
98,"recruit_mean_110",164,"three_by_four",5,"all_vital_rates_biased",FALSE,NA,TRUE,45.2,45.4640817448553,0.328545246120711,44.8044075702964,45.467544464909,46.1103148418573,TRUE,0.803791100231679,1.3059072715609,0.264081744855254,0.00584251647909854,1.20660757564337,0.234185124872845,1.08229659577977,1.12766233550761
98,"recruit_mean_110",44,"three_by_four",5,"survival_growth",FALSE,NA,TRUE,45.2,45.4513257123902,0.336564559056453,44.7878735388879,45.4534493366409,46.0990583237995,TRUE,0.746738495267475,1.31118478491161,0.251325712390177,0.00556030337146409,1.20660757564337,0.234185124872845,1.08667043981759,1.07319246910596
98,"recruit_mean_110",104,"three_by_four",5,"fecundity",FALSE,NA,TRUE,45.2,45.4656818926489,0.313821512082745,44.8520609992891,45.4644654616046,46.0972895563721,TRUE,0.846601913570645,1.24522855708301,0.265681892648885,0.00587791797895764,1.20660757564337,0.234185124872845,1.03200790565155,1.13449516826973
98,"recruit_mean_110",14,"three_by_four",5,"weak",FALSE,NA,TRUE,45.2,45.4341851248728,0.325514104977624,44.8363006561361,45.4405022403345,46.0429082317795,TRUE,0.719431573906583,1.20660757564337,0.234185124872845,0.00518108683347001,1.20660757564337,0.234185124872845,1,1
98,"recruit_sd.log_recruit_sd",164,"three_by_four",5,"all_vital_rates_biased",FALSE,NA,TRUE,3.5,3.42081167334775,0.239129024767095,2.96410792758973,3.41687104075626,3.9076927809985,TRUE,-0.331153136802949,0.943584853408768,0.0791883266522535,0.0226252361863581,0.972401395694372,0.0809983529183556,0.970365589340781,0.977653542314292
98,"recruit_sd.log_recruit_sd",104,"three_by_four",5,"fecundity",FALSE,NA,TRUE,3.5,3.42395716025485,0.24112360566633,2.94595861191581,3.42676867571886,3.89281965501435,TRUE,-0.315368706995768,0.946861043098546,0.0760428397451478,0.0217265256414708,0.972401395694372,0.0809983529183556,0.97373476353601,0.938819580958606
98,"recruit_sd.log_recruit_sd",44,"three_by_four",5,"survival_growth",FALSE,NA,TRUE,3.5,3.42514123898236,0.242276386890414,2.98908191128458,3.41164734671516,3.95224064992782,TRUE,-0.308980837870508,0.963158738643234,0.0748587610176394,0.0213882174336113,0.972401395694372,0.0809983529183556,0.990495018731911,0.924201027804792
98,"recruit_sd.log_recruit_sd",14,"three_by_four",5,"weak",FALSE,NA,TRUE,3.5,3.41900164708164,0.250605150919787,2.96573911144119,3.40666488116916,3.93814050713556,TRUE,-0.323211045826752,0.972401395694372,0.0809983529183556,0.0231423865481016,0.972401395694372,0.0809983529183556,1,1
98,"recruit_sd.log_recruit_sd",134,"three_by_four",5,"all_vital_rates",FALSE,NA,TRUE,3.5,3.42987848390857,0.242865241088785,3.00494162658996,3.41516966861652,3.96815407499249,TRUE,-0.288726026734268,0.963212448402527,0.070121516091425,0.0200347188832643,0.972401395694372,0.0809983529183556,0.990550252876505,0.865715333274812
98,"recruit_sd.log_recruit_sd",74,"three_by_four",5,"recruit_size",FALSE,NA,TRUE,3.5,3.40388180817834,0.240190665527189,2.98415911061994,3.38399240774702,3.8666208698469,TRUE,-0.4001745513744,0.882461759226951,0.0961181918216614,0.0274623405204747,0.972401395694372,0.0809983529183556,0.907507705289545,1.18666847359904
98,"lambda",104,"three_by_four",5,"fecundity",FALSE,NA,TRUE,1.03119869581319,1.0236956491149,0.017958798016961,0.988601880367346,1.02502120387602,1.05736009797326,TRUE,-0.417792253758111,0.0687582176059147,0.00750304669829283,0.00727604362646716,0.0705188226171611,0.0108680744925076,0.975033545003941,0.690374978885671
98,"lambda",14,"three_by_four",5,"weak",FALSE,NA,TRUE,1.03119869581319,1.02033062132069,0.017715446214807,0.982800471821077,1.02113410933425,1.05331929443824,TRUE,-0.613480143865853,0.0705188226171611,0.0108680744925076,0.010539263225054,0.0705188226171611,0.0108680744925076,1,1
98,"lambda",164,"three_by_four",5,"all_vital_rates_biased",FALSE,NA,TRUE,1.03119869581319,1.02229200091365,0.0176738399378957,0.984240886376942,1.02302636045393,1.05353120355485,TRUE,-0.503947921382046,0.0692903171779058,0.00890669489954155,0.00863722475183875,0.0705188226171611,0.0108680744925076,0.98257904211015,0.81952832635457
98,"lambda",74,"three_by_four",5,"recruit_size",FALSE,NA,TRUE,1.03119869581319,1.02152293721272,0.0179340334471841,0.984495243742861,1.02141753737535,1.05448546206293,TRUE,-0.539519379673573,0.0699902183200691,0.00967575860046987,0.00938302059511399,0.0705188226171611,0.0108680744925076,0.992504068027883,0.890291891828704
98,"lambda",44,"three_by_four",5,"survival_growth",FALSE,NA,TRUE,1.03119869581319,1.0222666554203,0.0184338228565856,0.98362664014323,1.0233217127923,1.05539291016798,TRUE,-0.484546285509358,0.0717662700247451,0.00893204039289608,0.00866180342271706,0.0705188226171611,0.0108680744925076,1.01768956657652,0.821860431583699
98,"lambda",134,"three_by_four",5,"all_vital_rates",FALSE,NA,TRUE,1.03119869581319,1.024755000667,0.0187037590997599,0.985951353487507,1.02502731649997,1.05955389504969,TRUE,-0.344513373585964,0.0736025415621817,0.00644369514619747,0.00624874252882568,0.0705188226171611,0.0108680744925076,1.04372901915509,0.592901267896142
99,"survival_50",15,"six_by_two",5,"weak",FALSE,NA,TRUE,0.354343693774205,0.399668787008764,0.0299424168896865,0.3411919253187,0.400538039317477,0.456728458803101,TRUE,1.51374197352023,0.115536533484401,0.0453250932345594,0.127912797746703,0.115536533484401,0.0453250932345594,1,1
99,"survival_50",105,"six_by_two",5,"fecundity",FALSE,NA,TRUE,0.354343693774205,0.397529971415537,0.0305521446173313,0.335370517480868,0.396793264413067,0.456834889907058,TRUE,1.41352687944643,0.12146437242619,0.0431862776413323,0.121876806050488,0.115536533484401,0.0453250932345594,1.05130705209006,0.952811666990764
99,"survival_50",45,"six_by_two",5,"survival_growth",FALSE,NA,TRUE,0.354343693774205,0.396134415789142,0.0307503493610368,0.337364426228197,0.395587386796359,0.457631928936214,TRUE,1.35903242998238,0.120267502708017,0.0417907220149371,0.117938382280247,0.115536533484401,0.0453250932345594,1.04094782040743,0.922021755116271
99,"survival_50",75,"six_by_two",5,"recruit_size",FALSE,NA,TRUE,0.354343693774205,0.399891100417055,0.0309502599147162,0.340409488712917,0.399389401101847,0.462756326309961,TRUE,1.47163244406855,0.122346837597043,0.0455474066428506,0.12854019259582,0.115536533484401,0.0453250932345594,1.05894502723298,1.00490486378353
99,"survival_50",135,"six_by_two",5,"all_vital_rates",FALSE,NA,TRUE,0.354343693774205,0.393139183712501,0.0295855533794245,0.338638735044622,0.391408302372275,0.45445595913142,TRUE,1.3112984381518,0.115817224086798,0.0387954899382962,0.109485481525226,0.115536533484401,0.0453250932345594,1.00242945321217,0.855938447551069
99,"survival_50",165,"six_by_two",5,"all_vital_rates_biased",FALSE,NA,TRUE,0.354343693774205,0.395689553141888,0.030340925658731,0.338722032324873,0.396079467207043,0.455023091948683,TRUE,1.36270922755403,0.116301059623811,0.0413458593676836,0.116682927039842,0.115536533484401,0.0453250932345594,1.00661718087217,0.912206824456312
99,"survival_80",45,"six_by_two",5,"survival_growth",FALSE,NA,TRUE,0.589040434058665,0.621686762330239,0.0337158367308561,0.561531959371415,0.62199588656513,0.688909823971362,TRUE,0.968278750789441,0.127377864599946,0.0326463282715741,0.0554228986397947,0.13819709475649,0.036678144500048,0.921711594765376,0.890075785363988
99,"survival_80",135,"six_by_two",5,"all_vital_rates",FALSE,NA,TRUE,0.589040434058665,0.619377968795285,0.0340138538199373,0.549308364955505,0.621322194064742,0.685829832875793,TRUE,0.891917008205549,0.136521467920288,0.0303375347366194,0.0515033145137163,0.13819709475649,0.036678144500048,0.987875093617891,0.827128393492742
99,"survival_80",75,"six_by_two",5,"recruit_size",FALSE,NA,TRUE,0.589040434058665,0.627136016258544,0.0356934242146639,0.553567896058644,0.629799708429273,0.689729733502483,TRUE,1.06729973484101,0.136161837443839,0.0380955821998784,0.0646739680286265,0.13819709475649,0.036678144500048,0.985272792338817,1.03864529460667
99,"survival_80",165,"six_by_two",5,"all_vital_rates_biased",FALSE,NA,TRUE,0.589040434058665,0.62337493836897,0.0342118179599975,0.552647951400687,0.623461616832242,0.687471577266931,TRUE,1.00358608099841,0.134823625866245,0.0343345043103047,0.0582888751349881,0.13819709475649,0.036678144500048,0.975589436983535,0.936102542217198
99,"survival_80",15,"six_by_two",5,"weak",FALSE,NA,TRUE,0.589040434058665,0.625718578558713,0.0360602017723427,0.554255159310061,0.625835810916679,0.692452254066551,TRUE,1.01713641902523,0.13819709475649,0.036678144500048,0.0622676176019439,0.13819709475649,0.036678144500048,1,1
99,"survival_80",105,"six_by_two",5,"fecundity",FALSE,NA,TRUE,0.589040434058665,0.625534194863469,0.036377890900535,0.549879067844776,0.627041953928614,0.692264731556037,TRUE,1.00318517378002,0.142385663711261,0.0364937608048039,0.0619545937676145,0.13819709475649,0.036678144500048,1.03030866142412,0.994972927399753
99,"survival_110",165,"six_by_two",5,"all_vital_rates_biased",FALSE,NA,TRUE,0.789181706522253,0.804473574009923,0.0437576770634796,0.709700515309106,0.806972752599742,0.880905309848977,TRUE,0.349467076725441,0.171204794539871,0.0152918674876701,0.0193768651266106,0.182424771839311,0.015221235388619,0.938495319542877,1.00464036572905
99,"survival_110",15,"six_by_two",5,"weak",FALSE,NA,TRUE,0.789181706522253,0.804402941910872,0.0477796742468429,0.702729298629151,0.809477531947556,0.885154070468462,TRUE,0.318571351281758,0.182424771839311,0.015221235388619,0.019287364700451,0.182424771839311,0.015221235388619,1,1
99,"survival_110",45,"six_by_two",5,"survival_growth",FALSE,NA,TRUE,0.789181706522253,0.802115595606857,0.042683277856986,0.716505692040849,0.805493156909008,0.876108219607725,TRUE,0.303020052207331,0.159602527566876,0.0129338890846039,0.0163889874508124,0.182424771839311,0.015221235388619,0.874895037322354,0.849726632194038
99,"survival_110",135,"six_by_two",5,"all_vital_rates",FALSE,NA,TRUE,0.789181706522253,0.800858223212303,0.0444324593510386,0.693443605281597,0.804295476342871,0.875165851564708,TRUE,0.262792491358631,0.181722246283112,0.0116765166900505,0.0147957265019565,0.182424771839311,0.015221235388619,0.99614895746276,0.767120170730765
99,"survival_110",75,"six_by_two",5,"recruit_size",FALSE,NA,TRUE,0.789181706522253,0.806252875051318,0.0475183512654239,0.704045964702106,0.811064667311491,0.88044582884121,TRUE,0.359254226513673,0.176399864139104,0.0170711685290649,0.0216314802889865,0.182424771839311,0.015221235388619,0.966973193171846,1.12153633349821
99,"survival_110",105,"six_by_two",5,"fecundity",FALSE,NA,TRUE,0.789181706522253,0.80571608391889,0.0469997335675523,0.696041076310933,0.810590281910485,0.882365800266867,TRUE,0.351797258017917,0.186324723955934,0.0165343773966375,0.0209512932953056,0.182424771839311,0.015221235388619,1.02137841301541,1.08627039622555
99,"growth_increment_50",165,"six_by_two",5,"all_vital_rates_biased",FALSE,NA,TRUE,12,9.41643403570959,1.5645334234067,6.39844498477567,9.44294159902668,12.343327185986,TRUE,-1.65133318703081,5.94488220121028,2.58356596429041,0.215297163690868,6.18711992586282,2.84162572200712,0.960848063791367,0.909185873523684
99,"growth_increment_50",45,"six_by_two",5,"survival_growth",FALSE,NA,TRUE,12,9.40782310537861,1.57941171254696,6.49083719691529,9.4404205466327,12.4422452756574,TRUE,-1.6412293729551,5.95140807874214,2.59217689462139,0.216014741218449,6.18711992586282,2.84162572200712,0.961902815858574,0.912216156598716
99,"growth_increment_50",15,"six_by_two",5,"weak",FALSE,NA,TRUE,12,9.15837427799288,1.55970021591806,6.11223318155964,9.20241113379579,12.2993531074225,TRUE,-1.82190506419499,6.18711992586282,2.84162572200712,0.236802143500593,6.18711992586282,2.84162572200712,1,1
99,"growth_increment_50",135,"six_by_two",5,"all_vital_rates",FALSE,NA,TRUE,12,9.64550766877215,1.61773738504578,6.39979475598709,9.6988948346833,12.789989736194,TRUE,-1.45542308225832,6.39019498020691,2.35449233122785,0.196207694268988,6.18711992586282,2.84162572200712,1.03282222694524,0.828572289796422
99,"growth_increment_50",75,"six_by_two",5,"recruit_size",FALSE,NA,TRUE,12,9.14962149402617,1.5557628534918,6.11999147597483,9.08292585079506,12.1603826296758,TRUE,-1.83214202574407,6.04039115370096,2.85037850597383,0.237531542164486,6.18711992586282,2.84162572200712,0.976284802311893,1.00308020296231
99,"growth_increment_50",105,"six_by_two",5,"fecundity",FALSE,NA,TRUE,12,9.20999286404925,1.62167122941225,6.23206269933468,9.21747430408678,12.4719779803697,TRUE,-1.72045176935275,6.23991528103502,2.79000713595075,0.232500594662562,6.18711992586282,2.84162572200712,1.00853310680976,0.981834839945102
99,"growth_increment_80",105,"six_by_two",5,"fecundity",FALSE,NA,TRUE,8.4,6.38593036788923,1.14480196438255,4.20357850631603,6.37275146860152,8.81846706855264,TRUE,-1.75931706511096,4.61488856223661,2.01406963211077,0.239770194298901,4.1854784273041,2.03041790019814,1.10259523311152,0.991948323502378
99,"growth_increment_80",45,"six_by_two",5,"survival_growth",FALSE,NA,TRUE,8.4,6.54812844564876,1.10179420272698,4.45012453426824,6.53635132282167,8.66403323894592,TRUE,-1.6807780888371,4.21390870467767,1.85187155435124,0.220460899327528,4.1854784273041,2.03041790019814,1.00679259918964,0.912064237697333
99,"growth_increment_80",165,"six_by_two",5,"all_vital_rates_biased",FALSE,NA,TRUE,8.4,6.57271077534739,1.12781274233546,4.27231494612522,6.59999740353939,8.78961942008642,TRUE,-1.62020622401258,4.5173044739612,1.82728922465261,0.217534431506263,4.1854784273041,2.03041790019814,1.07928031464513,0.899957208057654
99,"growth_increment_80",75,"six_by_two",5,"recruit_size",FALSE,NA,TRUE,8.4,6.32192778727872,1.09977497563396,4.12520667806144,6.31025506953801,8.41627938656266,TRUE,-1.88954309632604,4.29107270850122,2.07807221272128,0.247389549133486,4.1854784273041,2.03041790019814,1.02522872427397,1.02347019917352
99,"growth_increment_80",15,"six_by_two",5,"weak",FALSE,NA,TRUE,8.4,6.36958209980186,1.0751008915209,4.23735485005271,6.35647973057826,8.42283327735682,TRUE,-1.88858358895582,4.1854784273041,2.03041790019814,0.241716416690255,4.1854784273041,2.03041790019814,1,1
99,"growth_increment_80",135,"six_by_two",5,"all_vital_rates",FALSE,NA,TRUE,8.4,6.74097924772152,1.15683699607557,4.49483736797834,6.71093793406071,9.0413928196717,TRUE,-1.43410070555014,4.54655545169337,1.65902075227848,0.197502470509343,4.1854784273041,2.03041790019814,1.08626899664176,0.817083395549546
99,"growth_increment_110",75,"six_by_two",5,"recruit_size",FALSE,NA,TRUE,4.8,3.49485113364378,1.05949165445222,1.39694053022323,3.54177377273181,5.42967079215267,TRUE,-1.23186328167069,4.03273026192944,1.30514886635622,0.271906013824213,3.8513018768344,1.21921007838915,1.04710832619648,1.07048726834724
99,"growth_increment_110",45,"six_by_two",5,"survival_growth",FALSE,NA,TRUE,4.8,3.68843378591892,1.03103180132397,1.78294274405917,3.64731638211539,5.8183551244354,TRUE,-1.07811050314229,4.03541238037622,1.11156621408108,0.231576294600225,3.8513018768344,1.21921007838915,1.04780474484466,0.911710158719904
99,"growth_increment_110",135,"six_by_two",5,"all_vital_rates",FALSE,NA,TRUE,4.8,3.83645082667091,1.09150204813587,1.84317071369724,3.86206868621211,6.00926517466158,TRUE,-0.882773582490934,4.16609446096434,0.963549173329095,0.200739411110228,3.8513018768344,1.21921007838915,1.08173666832596,0.790306109183544
99,"growth_increment_110",105,"six_by_two",5,"fecundity",FALSE,NA,TRUE,4.8,3.5618678717292,1.08470431692113,1.38699269369134,3.59719068075916,5.67538869138023,TRUE,-1.1414466679594,4.28839599768888,1.23813212827081,0.257944193389751,3.8513018768344,1.21921007838915,1.11349256299113,1.01551992574295
99,"growth_increment_110",15,"six_by_two",5,"weak",FALSE,NA,TRUE,4.8,3.58078992161085,1.0038860958492,1.73534394760401,3.57558487997902,5.5866458244384,TRUE,-1.21449045208442,3.8513018768344,1.21921007838915,0.254002099664407,3.8513018768344,1.21921007838915,1,1
99,"growth_increment_110",165,"six_by_two",5,"all_vital_rates_biased",FALSE,NA,TRUE,4.8,3.72903002995602,1.07894606942624,1.67728627313905,3.71128796614256,6.0328451981093,TRUE,-0.992607508745551,4.35555892497025,1.07096997004398,0.223118743759163,3.8513018768344,1.21921007838915,1.13093158216679,0.878412989711314
99,"growth_sd.log_growth_sd",75,"six_by_two",5,"recruit_size",FALSE,NA,TRUE,4.5,7.43817062880378,0.901389601989747,5.84616994808802,7.38063934830811,9.35215740681454,FALSE,3.25960120054413,3.50598745872652,2.93817062880378,0.65292680640084,3.25066069571465,2.8540126945757,1.07854611320968,1.02948758230404
99,"growth_sd.log_growth_sd",165,"six_by_two",5,"all_vital_rates_biased",FALSE,NA,TRUE,4.5,7.24851090867968,0.875619139309604,5.73428302250518,7.22142009336621,9.1162225575747,FALSE,3.13893425267838,3.38193953506952,2.74851090867968,0.610780201928817,3.25066069571465,2.8540126945757,1.04038527906894,0.96303387644472
99,"growth_sd.log_growth_sd",105,"six_by_two",5,"fecundity",FALSE,NA,TRUE,4.5,7.38715260212612,0.899095178800126,5.91049589416298,7.30766553136323,9.31005906815466,FALSE,3.21117571332005,3.39956317399167,2.88715260212612,0.641589467139137,3.25066069571465,2.8540126945757,1.04580683504536,1.01161168890853
99,"growth_sd.log_growth_sd",45,"six_by_two",5,"survival_growth",FALSE,NA,TRUE,4.5,7.17592807813062,0.884319759840226,5.57718571824135,7.13526497087256,9.11604408656359,FALSE,3.02597340877478,3.53885836832224,2.67592807813062,0.594650684029027,3.25066069571465,2.8540126945757,1.08865818354635,0.937602023710848
99,"growth_sd.log_growth_sd",135,"six_by_two",5,"all_vital_rates",FALSE,NA,TRUE,4.5,7.09029152141241,0.964911782544743,5.44704121278425,6.99392659855143,9.09371379270289,FALSE,2.68448532629697,3.64667257991864,2.59029152141241,0.575620338091647,3.25066069571465,2.8540126945757,1.12182504459049,0.907596355943156
99,"growth_sd.log_growth_sd",15,"six_by_two",5,"weak",FALSE,NA,TRUE,4.5,7.3540126945757,0.859661068982913,5.82060805952387,7.32678400687983,9.07126875523852,FALSE,3.31992781521717,3.25066069571465,2.8540126945757,0.634225043239044,3.25066069571465,2.8540126945757,1,1
99,"recruitment_50",165,"six_by_two",5,"all_vital_rates_biased",FALSE,NA,TRUE,0.019387103915861,0.0100657028784801,0.00488492335398882,0.00354852760793079,0.0089508599605201,0.0219949407759364,TRUE,-1.90819801292675,0.0184464131680056,0.00932140103738095,0.0932140103738095,0.0171445808613446,0.0123028021305868,1.07593258284875,0.757664874915481
99,"recruitment_50",45,"six_by_two",5,"survival_growth",FALSE,NA,TRUE,0.019387103915861,0.00679423245773977,0.00353386418941904,0.00221028131079308,0.00606631269007681,0.0157323867362416,FALSE,-3.56348483787983,0.0135221054254485,0.0125928714581212,0.125928714581212,0.0171445808613446,0.0123028021305868,0.788710178149436,1.02357750083725
99,"recruitment_50",15,"six_by_two",5,"weak",FALSE,NA,TRUE,0.019387103915861,0.00708430178527423,0.0042266743350813,0.00197349149118119,0.00620396493607708,0.0191180723525257,FALSE,-2.9107523209143,0.0171445808613446,0.0123028021305868,0.123028021305868,0.0171445808613446,0.0123028021305868,1,1
99,"recruitment_50",75,"six_by_two",5,"recruit_size",FALSE,NA,TRUE,0.019387103915861,0.00685969770232476,0.00369773941255129,0.00201443258993586,0.00611049029798351,0.0168525862083672,FALSE,-3.38785533967437,0.0148381536184314,0.0125274062135362,0.125274062135362,0.0171445808613446,0.0123028021305868,0.865471937659704,1.01825633547264
99,"recruitment_50",105,"six_by_two",5,"fecundity",FALSE,NA,TRUE,0.019387103915861,0.00818678494539844,0.00400908780068316,0.0030243106006964,0.00740166112549393,0.0181501516303332,FALSE,-2.79373252153619,0.0151258410296367,0.0112003189704626,0.112003189704626,0.0171445808613446,0.0123028021305868,0.882252016072355,0.91038763783876
99,"recruitment_50",135,"six_by_two",5,"all_vital_rates",FALSE,NA,TRUE,0.019387103915861,0.00842934981283003,0.00415526232550061,0.00296715044432773,0.00745391136796315,0.0185839861544916,FALSE,-2.63707877978819,0.0156168357101638,0.010957754103031,0.10957754103031,0.0171445808613446,0.0123028021305868,0.910890492830578,0.89067140857189
99,"recruitment_80",45,"six_by_two",5,"survival_growth",FALSE,NA,TRUE,0.183939720585721,0.0959106918444969,0.0289619998146728,0.0495660882999389,0.0921087669929649,0.163917140887789,FALSE,-3.03946651835232,0.11435105258785,0.0880290287412243,0.478575418408338,0.13302024463634,0.086477122725415,0.859651498164587,1.01794585627851
99,"recruitment_80",15,"six_by_two",5,"weak",FALSE,NA,TRUE,0.183939720585721,0.0974625978603061,0.0330205643936951,0.0482481181813136,0.0929453493419413,0.181268362817654,FALSE,-2.61888687589867,0.13302024463634,0.086477122725415,0.470138382563837,0.13302024463634,0.086477122725415,1,1
99,"recruitment_80",135,"six_by_two",5,"all_vital_rates",FALSE,NA,TRUE,0.183939720585721,0.10961578021256,0.0311515725998144,0.0605974792076119,0.104802008727957,0.18105339329049,FALSE,-2.38588084550197,0.120455914082878,0.0743239403731614,0.404066833071676,0.13302024463634,0.086477122725415,0.905545726608672,0.859463613390066
99,"recruitment_80",165,"six_by_two",5,"all_vital_rates_biased",FALSE,NA,TRUE,0.183939720585721,0.121120083508415,0.0338005346425574,0.0681453319047879,0.116269533863167,0.194932053513146,TRUE,-1.85853974623857,0.126786721608358,0.0628196370773066,0.341522955875269,0.13302024463634,0.086477122725415,0.95313853883652,0.726430703259792
99,"recruitment_80",105,"six_by_two",5,"fecundity",FALSE,NA,TRUE,0.183939720585721,0.107175165386844,0.0305949423588735,0.0608314509211396,0.103130437777158,0.177871697268344,FALSE,-2.50906029821668,0.117040246347205,0.0767645551988772,0.417335390933699,0.13302024463634,0.086477122725415,0.879867922865255,0.887686277937606
99,"recruitment_80",75,"six_by_two",5,"recruit_size",FALSE,NA,TRUE,0.183939720585721,0.0959416298667726,0.0304554392208624,0.0466663188357269,0.0927332456313377,0.16990072321708,FALSE,-2.88940474904295,0.123234404381353,0.0879980907189486,0.478407221880817,0.13302024463634,0.086477122725415,0.926433451676921,1.01758809666185
99,"recruitment_110",15,"six_by_two",5,"weak",FALSE,NA,TRUE,1.74517147873092,1.40646609439186,0.185644597946874,1.09846580820411,1.38999945128181,1.8240075321899,TRUE,-1.824482845636,0.725541723985793,0.338705384339062,0.194081434671031,0.725541723985793,0.338705384339062,1,1
99,"recruitment_110",105,"six_by_two",5,"fecundity",FALSE,NA,TRUE,1.74517147873092,1.45614465709308,0.168846057340275,1.1778119026313,1.44117813667969,1.83448044477305,TRUE,-1.71177714298278,0.656668542141752,0.289026821637842,0.165615141640993,0.725541723985793,0.338705384339062,0.905073437450731,0.853328098700997
99,"recruitment_110",135,"six_by_two",5,"all_vital_rates",FALSE,NA,TRUE,1.74517147873092,1.47920173056746,0.16456073642162,1.1747443180927,1.46769370075588,1.82835356377617,TRUE,-1.61624062912566,0.653609245683473,0.265969748163461,0.152403217337056,0.725541723985793,0.338705384339062,0.900856868841179,0.785253971331057
99,"recruitment_110",45,"six_by_two",5,"survival_growth",FALSE,NA,TRUE,1.74517147873092,1.41009491232195,0.169837808299122,1.1034832862605,1.39569980062129,1.76907763112809,TRUE,-1.97292092829429,0.66559434486759,0.335076566408972,0.192002087183225,0.725541723985793,0.338705384339062,0.917375697170274,0.989286211268324
99,"recruitment_110",75,"six_by_two",5,"recruit_size",FALSE,NA,TRUE,1.74517147873092,1.4011377025496,0.180384289376531,1.05884146228857,1.39427413641751,1.77214123170789,TRUE,-1.90722693960995,0.713299769419313,0.344033776181316,0.197134654315744,0.725541723985793,0.338705384339062,0.983127152909652,1.01573164197744
99,"recruitment_110",165,"six_by_two",5,"all_vital_rates_biased",FALSE,NA,TRUE,1.74517147873092,1.51364200886745,0.161799943631759,1.22567798315408,1.50286961365478,1.8502105434426,TRUE,-1.43096137530435,0.624532560288526,0.231529469863468,0.132668607460761,0.725541723985793,0.338705384339062,0.860781040761695,0.683571860882184
99,"recruit_mean_50",15,"six_by_two",5,"weak",FALSE,NA,TRUE,44,42.2540387169286,2.17463889894898,38.0015039598998,42.3396185053657,46.4527910804797,TRUE,-0.80287411575101,8.45128712057995,1.74596128307142,0.0396809382516231,8.45128712057995,1.74596128307142,1,1
99,"recruit_mean_50",135,"six_by_two",5,"all_vital_rates",FALSE,NA,TRUE,44,42.5760678180516,1.91135635169884,38.932865052208,42.5187794787268,46.4288359929804,TRUE,-0.744985193725276,7.49597094077241,1.42393218194839,0.0323620950442817,8.45128712057995,1.74596128307142,0.886962048954505,0.815557707810953
99,"recruit_mean_50",105,"six_by_two",5,"fecundity",FALSE,NA,TRUE,44,42.2922322545365,2.36281855006885,37.4061587126122,42.2588549576905,46.7056410842924,TRUE,-0.722767199120622,9.29948237168024,1.70776774546351,0.0388129033059889,8.45128712057995,1.74596128307142,1.10036284875884,0.97812463656656
99,"recruit_mean_50",75,"six_by_two",5,"recruit_size",FALSE,NA,TRUE,44,42.6528911110684,1.96332941069362,39.006636711266,42.6131268274911,46.4824030063645,TRUE,-0.686134930590004,7.47576629509853,1.34710888893158,0.0306161111120813,8.45128712057995,1.74596128307142,0.884571330785118,0.771557137029869
99,"recruit_mean_50",165,"six_by_two",5,"all_vital_rates_biased",FALSE,NA,TRUE,44,42.8558832519982,2.00648915555955,39.1388708073642,42.9647043888465,46.5637618235368,TRUE,-0.570208288857056,7.42489101617255,1.14411674800185,0.0260026533636784,8.45128712057995,1.74596128307142,0.87855150466868,0.655293309820233
99,"recruit_mean_50",45,"six_by_two",5,"survival_growth",FALSE,NA,TRUE,44,42.2220312017062,2.20269860860734,37.9847773499575,42.3035560796059,46.6381910721737,TRUE,-0.807177519133183,8.65341372221615,1.77796879829378,0.0404083817794042,8.45128712057995,1.74596128307142,1.02391666485262,1.01833231672014
99,"recruit_mean_80",165,"six_by_two",5,"all_vital_rates_biased",FALSE,NA,TRUE,44.6,43.917436636365,1.19339443762942,41.6757208349733,43.9523902077526,46.1234920712959,TRUE,-0.57195118572102,4.44777123632259,0.682563363635019,0.015304111292265,5.26137546848054,1.06978589412753,0.845362826311858,0.638037356242848
99,"recruit_mean_80",105,"six_by_two",5,"fecundity",FALSE,NA,TRUE,44.6,43.5688250990035,1.41519290955766,40.6277449045379,43.566367629572,46.2019657183797,TRUE,-0.728646175395821,5.57422081384178,1.03117490099648,0.0231205134752573,5.26137546848054,1.06978589412753,1.05946075265592,0.963907737666946
99,"recruit_mean_80",135,"six_by_two",5,"all_vital_rates",FALSE,NA,TRUE,44.6,43.7389532701292,1.15027957847546,41.5008151748662,43.7041699187255,46.0204488724718,TRUE,-0.748554304521378,4.51963369760565,0.861046729870843,0.0193059804903776,5.26137546848054,1.06978589412753,0.859021319554465,0.80487762513739
99,"recruit_mean_80",45,"six_by_two",5,"survival_growth",FALSE,NA,TRUE,44.6,43.5044242637561,1.3319135148894,40.938810347495,43.5622890512601,46.2047961220115,TRUE,-0.822557714143208,5.26598577451652,1.09557573624387,0.0245644783911182,5.26137546848054,1.06978589412753,1.00087625490019,1.02410748006486
99,"recruit_mean_80",75,"six_by_two",5,"recruit_size",FALSE,NA,TRUE,44.6,43.758416382465,1.1953102313588,41.4755012075849,43.7509796089974,46.0697928779222,TRUE,-0.704071290829935,4.59429167033726,0.841583617535015,0.018869587837108,5.26137546848054,1.06978589412753,0.873211139912063,0.78668416003127
99,"recruit_mean_80",15,"six_by_two",5,"weak",FALSE,NA,TRUE,44.6,43.5302141058725,1.31748351545769,40.8881307747706,43.581259796687,46.1495062432511,TRUE,-0.811991862953889,5.26137546848054,1.06978589412753,0.0239862308100342,5.26137546848054,1.06978589412753,1,1
99,"recruit_mean_110",105,"six_by_two",5,"fecundity",FALSE,NA,TRUE,45.2,44.8454179434706,0.503999025233802,43.8601428305991,44.8526741053198,45.7887626728144,TRUE,-0.703537187130398,1.92861984221533,0.354582056529452,0.00784473576392593,1.97094422596929,0.393610505183602,0.978525833863643,0.900845002508393
99,"recruit_mean_110",45,"six_by_two",5,"survival_growth",FALSE,NA,TRUE,45.2,44.7868173258059,0.495887472911064,43.8139703343864,44.7808506145653,45.8191812684534,TRUE,-0.833218616652228,2.00521093406695,0.413182674194125,0.00914120960606472,1.97094422596929,0.393610505183602,1.0173859349474,1.04972471200024
99,"recruit_mean_110",15,"six_by_two",5,"weak",FALSE,NA,TRUE,45.2,44.8063894948164,0.495705020393974,43.8190595352168,44.8247620758861,45.7900037611861,TRUE,-0.794041797016239,1.97094422596929,0.393610505183602,0.00870819701733633,1.97094422596929,0.393610505183602,1,1
99,"recruit_mean_110",135,"six_by_two",5,"all_vital_rates",FALSE,NA,TRUE,45.2,44.9018387222068,0.432286576230504,44.0718911330626,44.8871208147398,45.736741600937,TRUE,-0.689730595831042,1.66485046787436,0.298161277793227,0.00659648844675281,1.97094422596929,0.393610505183602,0.844696894989812,0.757503353865384
99,"recruit_mean_110",75,"six_by_two",5,"recruit_size",FALSE,NA,TRUE,45.2,44.8639416538616,0.466314023133455,43.9497049009282,44.8640981831111,45.7921457121844,TRUE,-0.720669612035625,1.84244081125622,0.336058346138358,0.00743491916235306,1.97094422596929,0.393610505183602,0.934801090249081,0.853783986231774
99,"recruit_mean_110",165,"six_by_two",5,"all_vital_rates_biased",FALSE,NA,TRUE,45.2,44.9789900207317,0.426617632929705,44.1391892862136,44.9842358154647,45.7739014063385,TRUE,-0.518051674870052,1.6347121201249,0.221009979268331,0.00488960131124626,1.97094422596929,0.393610505183602,0.829405570480295,0.561494107392381
99,"recruit_sd.log_recruit_sd",105,"six_by_two",5,"fecundity",FALSE,NA,TRUE,3.5,3.46108381578094,0.331078619283674,2.84062177709073,3.44545460506913,4.12591450920372,TRUE,-0.117543634509712,1.28529273211299,0.0389161842190604,0.0111189097768744,1.11695713164858,0.0486539447742262,1.15070909679045,0.799856710481484
99,"recruit_sd.log_recruit_sd",45,"six_by_two",5,"survival_growth",FALSE,NA,TRUE,3.5,3.47965904916067,0.299531570322195,2.92026187491687,3.45530274856961,4.11258547789137,TRUE,-0.0679092050879672,1.1923236029745,0.0203409508393309,0.00581170023980881,1.11695713164858,0.0486539447742262,1.06747481097567,0.418074031483387
99,"recruit_sd.log_recruit_sd",15,"six_by_two",5,"weak",FALSE,NA,TRUE,3.5,3.45134605522577,0.292968321283378,2.9352757713404,3.43037681258767,4.05223290298898,TRUE,-0.166072374518489,1.11695713164858,0.0486539447742262,0.0139011270783504,1.11695713164858,0.0486539447742262,1,1
99,"recruit_sd.log_recruit_sd",75,"six_by_two",5,"recruit_size",FALSE,NA,TRUE,3.5,3.47010419109114,0.282925177948902,2.93893724738453,3.4683861613667,4.07494861251914,TRUE,-0.105666837874228,1.1360113651346,0.0298958089088637,0.00854165968824676,1.11695713164858,0.0486539447742262,1.01705905530851,0.614458068047559
99,"recruit_sd.log_recruit_sd",135,"six_by_two",5,"all_vital_rates",FALSE,NA,TRUE,3.5,3.52365248516786,0.279504032937862,3.03667652991183,3.51406507961833,4.12188160293737,TRUE,0.0846230550566513,1.08520507302553,0.0236524851678568,0.00675785290510194,1.11695713164858,0.0486539447742262,0.97157271508157,0.486137049680427
99,"recruit_sd.log_recruit_sd",165,"six_by_two",5,"all_vital_rates_biased",FALSE,NA,TRUE,3.5,3.51981711951418,0.290270453127077,2.96398148193799,3.50661394901533,4.07803484417867,TRUE,0.0682712253372322,1.11405336224068,0.0198171195141792,0.00566203414690834,1.11695713164858,0.0486539447742262,0.997400285717671,0.407307559667331
99,"lambda",45,"six_by_two",5,"survival_growth",FALSE,NA,TRUE,1.03119869581319,1.03984105740222,0.0292864523831984,0.986827459344335,1.04019505741266,1.09624691305622,TRUE,0.295097592427752,0.109419453711881,0.00864236158903187,0.00838088878905785,0.123435523682382,0.00699351122718173,0.886450273370523,1.23576860153474
99,"lambda",15,"six_by_two",5,"weak",FALSE,NA,TRUE,1.03119869581319,1.03819220704037,0.0310490290049835,0.973343841394209,1.03989732226396,1.09677936507659,TRUE,0.225240899677064,0.123435523682382,0.00699351122718173,0.00678192404196818,0.123435523682382,0.00699351122718173,1,1
99,"lambda",135,"six_by_two",5,"all_vital_rates",FALSE,NA,TRUE,1.03119869581319,1.04081755582252,0.0305178160316631,0.980069789863344,1.0409457209198,1.09527408330678,TRUE,0.315188347663819,0.115204293443438,0.00961886000932832,0.00932784345866825,0.123435523682382,0.00699351122718173,0.933315548122731,1.37539780760523
99,"lambda",75,"six_by_two",5,"recruit_size",FALSE,NA,TRUE,1.03119869581319,1.0379663505577,0.0303618650272066,0.97711603826226,1.03903976396353,1.09490706341971,TRUE,0.222899836305927,0.11779102515745,0.00676765474450702,0.0065629007988321,0.123435523682382,0.00699351122718173,0.954271684872048,0.967704851634918
99,"lambda",105,"six_by_two",5,"fecundity",FALSE,NA,TRUE,1.03119869581319,1.03665703087037,0.0312011517195585,0.969365101665492,1.03671070301263,1.09821611355792,TRUE,0.174940178690639,0.128851011892432,0.0054583350571733,0.00529319429837808,0.123435523682382,0.00699351122718173,1.04387301198629,0.780485635878921
99,"lambda",165,"six_by_two",5,"all_vital_rates_biased",FALSE,NA,TRUE,1.03119869581319,1.03700222032425,0.0291439026853893,0.982606396492008,1.03727763464192,1.09690657740644,TRUE,0.199133402746635,0.114300180914433,0.00580352451105837,0.00562794011922384,0.123435523682382,0.00699351122718173,0.92599097492019,0.829844168763435
