"task_id","scenario_id","design","replicate","prior_regime","failed","error","positive_definite","quantity","truth","posterior_mean","posterior_sd","q025","median","q975","covers_truth","standardized_bias","interval_width","absolute_error"
1,1,"one_by_twelve",1,"weak",FALSE,NA,TRUE,"survival_at_80",0.36,0.407278751782637,0.0575363286979696,0.297949749264961,0.4068173887887,0.517955148705418,TRUE,0.821719995914599,0.220005399440457,0.0472787517826366
1,1,"one_by_twelve",1,"weak",FALSE,NA,TRUE,"survival_slope_20",0.64,0.613726158547547,0.0360282431813461,0.544863663452726,0.613802856844248,0.683884689720003,TRUE,-0.729256803341912,0.139021026267276,0.0262738414524535
1,1,"one_by_twelve",1,"weak",FALSE,NA,TRUE,"growth_increment_80",8.4,8.49353682536638,0.408892245444972,7.71384592934276,8.4971831174369,9.2872802051463,TRUE,0.228756662441926,1.57343427580355,0.0935368253663764
1,1,"one_by_twelve",1,"weak",FALSE,NA,TRUE,"growth_slope_20",-2.4,-2.58126164928369,0.156368269630074,-2.86714177764299,-2.57856499859494,-2.27319474669454,TRUE,-1.15919712939526,0.59394703094845,0.181261649283685
1,1,"one_by_twelve",1,"weak",FALSE,NA,TRUE,"log_growth_sd",1.50407739677627,1.48075729441445,0.124494363388306,1.24776406213441,1.4820488844688,1.72604600147799,TRUE,-0.187318539788721,0.478281939343582,0.0233201023618239
1,1,"one_by_twelve",1,"weak",FALSE,NA,TRUE,"log_recruitment_at_80",-1.69314718055995,-2.68161113852577,0.28740084489884,-3.22066186894167,-2.66662535969028,-2.1197537625464,FALSE,-3.43932168436647,1.10090810639527,0.988463957965828
1,1,"one_by_twelve",1,"weak",FALSE,NA,TRUE,"recruitment_slope_20",1.5,1.84146754070663,0.145099252123179,1.5586592392666,1.83730335830333,2.10847220560401,FALSE,2.3533377030555,0.549812966337409,0.341467540706633
1,1,"one_by_twelve",1,"weak",FALSE,NA,TRUE,"recruit_mean_80",44.6,47.2396644652128,0.931457340267836,45.3863312052266,47.2185123694433,49.1661839032583,FALSE,2.83390806116126,3.77985269803177,2.63966446521285
1,1,"one_by_twelve",1,"weak",FALSE,NA,TRUE,"recruit_mean_slope_20",0.4,-0.610066737031152,0.335493638545419,-1.30574729112055,-0.597162542921785,0.0559602256723492,FALSE,-3.01068819489527,1.3617075167929,1.01006673703115
1,1,"one_by_twelve",1,"weak",FALSE,NA,TRUE,"log_recruit_sd",1.25276296849537,1.15370713057091,0.0429823783123622,1.07112523917921,1.15399094099771,1.23368558182247,FALSE,-2.304568565392,0.162560342643261,0.0990558379244566
1,1,"one_by_twelve",1,"weak",FALSE,NA,TRUE,"log_process_precision",NA,4.82020108497156,0.934551437085667,2.83365935444459,4.81625952815968,6.59237346958876,NA,NA,3.75871411514417,NA
2,2,"three_by_four",1,"weak",FALSE,NA,TRUE,"survival_at_80",0.36,0.302763630062261,0.10331118583882,0.106128286607951,0.300779923425613,0.504617363358337,TRUE,-0.554019097477354,0.398489076750386,0.0572363699377385
2,2,"three_by_four",1,"weak",FALSE,NA,TRUE,"survival_slope_20",0.64,0.713036025675288,0.0761669106977645,0.56620795428006,0.713177164973354,0.865531592878999,TRUE,0.958894420243717,0.299323638598939,0.0730360256752879
2,2,"three_by_four",1,"weak",FALSE,NA,TRUE,"growth_increment_80",8.4,9.27211742002898,0.772658005041024,7.80113053777913,9.26293269877575,10.7840737333443,TRUE,1.12872372296548,2.98294319556522,0.872117420028983
2,2,"three_by_four",1,"weak",FALSE,NA,TRUE,"growth_slope_20",-2.4,-3.13068293692843,0.319239523271265,-3.76600397340082,-3.12979980405559,-2.53317449245303,FALSE,-2.28882354365488,1.23282948094779,0.730682936928431
2,2,"three_by_four",1,"weak",FALSE,NA,TRUE,"log_growth_sd",1.50407739677627,1.36473048747191,0.179722893862626,0.996096136340811,1.36661036381963,1.72317585996945,TRUE,-0.775343120230825,0.72707972362864,0.139346909304362
2,2,"three_by_four",1,"weak",FALSE,NA,TRUE,"log_recruitment_at_80",-1.69314718055995,-1.31423665993905,0.49363875270778,-2.24234996569603,-1.3286936005425,-0.344724735954461,TRUE,0.767586658345692,1.89762522974157,0.3789105206209
2,2,"three_by_four",1,"weak",FALSE,NA,TRUE,"recruitment_slope_20",1.5,1.30661745014106,0.292245891303654,0.754934021461677,1.31622876525093,1.85664426615368,TRUE,-0.661711783170986,1.10171024469201,0.193382549858935
2,2,"three_by_four",1,"weak",FALSE,NA,TRUE,"recruit_mean_80",44.6,45.1697345775199,1.57343055886673,42.2173478190511,45.0489721575608,48.4772868639688,TRUE,0.362097058754384,6.25993904491774,0.56973457751991
2,2,"three_by_four",1,"weak",FALSE,NA,TRUE,"recruit_mean_slope_20",0.4,0.382873772641044,0.874512474276475,-1.42875843797406,0.43176986141242,2.04975946198135,TRUE,-0.0195837427855158,3.4785178999554,0.0171262273589555
2,2,"three_by_four",1,"weak",FALSE,NA,TRUE,"log_recruit_sd",1.25276296849537,1.30471422417556,0.0833715409864347,1.13738334820649,1.30355600758293,1.47385696738605,TRUE,0.62312936843339,0.336473619179567,0.0519512556801955
2,2,"three_by_four",1,"weak",FALSE,NA,TRUE,"log_process_precision",NA,1.84900786629902,0.193926235361444,1.50252137675434,1.84560551915058,2.2375190775264,NA,NA,0.734997700772057,NA
3,3,"six_by_two",1,"weak",FALSE,NA,TRUE,"survival_at_80",0.36,0.485005575052414,0.102297659102653,0.295107281481531,0.484870826583802,0.683152205513356,TRUE,1.22197884241881,0.388044924031825,0.125005575052414
3,3,"six_by_two",1,"weak",FALSE,NA,TRUE,"survival_slope_20",0.64,0.651147923575704,0.0976971900108146,0.457192790786972,0.646365032801001,0.847911285966797,TRUE,0.114106900868588,0.390718495179825,0.0111479235757036
3,3,"six_by_two",1,"weak",FALSE,NA,TRUE,"growth_increment_80",8.4,8.26594573672948,0.17289414631941,7.93127059403633,8.27190267236446,8.61889421932505,TRUE,-0.775354551465648,0.687623625288717,0.134054263270523
3,3,"six_by_two",1,"weak",FALSE,NA,TRUE,"growth_slope_20",-2.4,-3.00825159121084,0.102698140784772,-3.21519754753294,-3.00802286248475,-2.79730221657443,FALSE,-5.92271278294684,0.41789533095851,0.608251591210845
3,3,"six_by_two",1,"weak",FALSE,NA,TRUE,"log_growth_sd",1.50407739677627,1.93168683732689,0.145010057574369,1.65212459417478,1.92785759863428,2.21615580215719,FALSE,2.94882608629624,0.564031207982412,0.427609440550618
3,3,"six_by_two",1,"weak",FALSE,NA,TRUE,"log_recruitment_at_80",-1.69314718055995,-0.87579857802412,0.116294764704419,-1.09587945889816,-0.877104879619938,-0.656033380281515,FALSE,7.02824933360706,0.439846078616642,0.817348602535826
3,3,"six_by_two",1,"weak",FALSE,NA,TRUE,"recruitment_slope_20",1.5,0.784797507967723,0.177538414283462,0.434602732503688,0.78954400899452,1.13509768714966,FALSE,-4.02843798576666,0.700494954645971,0.715202492032277
3,3,"six_by_two",1,"weak",FALSE,NA,TRUE,"recruit_mean_80",44.6,45.2798001108088,0.470069789455482,44.3031593335024,45.28236532405,46.219092468001,TRUE,1.44616847552843,1.91593313449864,0.679800110808806
3,3,"six_by_two",1,"weak",FALSE,NA,TRUE,"recruit_mean_slope_20",0.4,0.0953716224402417,0.647909070323138,-1.10921249531783,0.0789046067478812,1.42501988124629,TRUE,-0.470171497071075,2.53423237656411,0.304628377559758
3,3,"six_by_two",1,"weak",FALSE,NA,TRUE,"log_recruit_sd",1.25276296849537,1.2943845294318,0.0566899002396337,1.18228930462198,1.29509881470828,1.41124592093968,TRUE,0.734197110252349,0.228956616317703,0.041621560936433
3,3,"six_by_two",1,"weak",FALSE,NA,TRUE,"log_process_precision",NA,4.5401468895623,1.04869351276723,2.52436736222304,4.57931954457884,6.68085982500502,NA,NA,4.15649246278198,NA
4,25,"one_by_twelve",2,"weak",FALSE,NA,TRUE,"survival_at_80",0.36,0.473041476881241,0.0491817289621268,0.382448685613261,0.471407316473559,0.573825042584091,FALSE,2.29844454976951,0.19137635697083,0.113041476881241
4,25,"one_by_twelve",2,"weak",FALSE,NA,TRUE,"survival_slope_20",0.64,0.565226318493271,0.0465809497602019,0.474132011541528,0.565666029452119,0.663110439606962,TRUE,-1.60524166835719,0.188978428065434,0.0747736815067291
4,25,"one_by_twelve",2,"weak",FALSE,NA,TRUE,"growth_increment_80",8.4,7.88362113798139,0.166217958670259,7.56707030994976,7.8800403329225,8.22276834517415,FALSE,-3.10663700931979,0.655698035224386,0.516378862018614
4,25,"one_by_twelve",2,"weak",FALSE,NA,TRUE,"growth_slope_20",-2.4,-2.2555586253202,0.0663897367100342,-2.38608673342494,-2.25790548834478,-2.12442203516997,FALSE,2.17565819413722,0.261664698254974,0.144441374679798
4,25,"one_by_twelve",2,"weak",FALSE,NA,TRUE,"log_growth_sd",1.50407739677627,1.81230217923594,0.115304940897108,1.58673694971093,1.81101701815578,2.03670860207826,FALSE,2.6731272750463,0.449971652367327,0.308224782459662
4,25,"one_by_twelve",2,"weak",FALSE,NA,TRUE,"log_recruitment_at_80",-1.69314718055995,-1.93439075809666,0.28910402862,-2.49503621509536,-1.93197315950674,-1.37559922817921,TRUE,-0.834452493409574,1.11943698691615,0.241243577536712
4,25,"one_by_twelve",2,"weak",FALSE,NA,TRUE,"recruitment_slope_20",1.5,1.56657398712403,0.124890992178332,1.3131132740434,1.56546995575927,1.8111305694554,TRUE,0.533056755838443,0.498017295411993,0.0665739871240261
4,25,"one_by_twelve",2,"weak",FALSE,NA,TRUE,"recruit_mean_80",44.6,45.7095446983055,1.17395733047066,43.4560243082769,45.7559726951509,48.015851248106,TRUE,0.945132049953382,4.55982693982911,1.10954469830553
4,25,"one_by_twelve",2,"weak",FALSE,NA,TRUE,"recruit_mean_slope_20",0.4,-0.0524299037060732,0.435713625496626,-0.886290937559177,-0.0533800512299478,0.78269584895124,TRUE,-1.03836528681056,1.66898678651042,0.452429903706073
4,25,"one_by_twelve",2,"weak",FALSE,NA,TRUE,"log_recruit_sd",1.25276296849537,1.28830594672009,0.0455487237327121,1.1980953749899,1.28832991797639,1.37689771986784,TRUE,0.780328740565633,0.178802344877934,0.0355429782247192
4,25,"one_by_twelve",2,"weak",FALSE,NA,TRUE,"log_process_precision",NA,3.68004786495467,0.491392115549351,2.72069660208031,3.686783113998,4.63911763319514,NA,NA,1.91842103111484,NA
5,26,"three_by_four",2,"weak",FALSE,NA,TRUE,"survival_at_80",0.36,0.57241437344615,0.114046282113492,0.342791625763374,0.572388214855172,0.782545504486176,TRUE,1.86252782212372,0.439753878722803,0.21241437344615
5,26,"three_by_four",2,"weak",FALSE,NA,TRUE,"survival_slope_20",0.64,0.616282548501029,0.0722332364904216,0.470354835116598,0.614231249896187,0.757616812121664,TRUE,-0.328345407894279,0.287261977005066,0.0237174514989714
5,26,"three_by_four",2,"weak",FALSE,NA,TRUE,"growth_increment_80",8.4,7.28075111845473,0.807671655385323,5.64000600316068,7.27502956816646,8.83285362699305,TRUE,-1.38577214401723,3.19284762383237,1.11924888154527
5,26,"three_by_four",2,"weak",FALSE,NA,TRUE,"growth_slope_20",-2.4,-1.76077754750934,0.359952015022383,-2.43747471917565,-1.74806543181004,-1.07515194976649,TRUE,1.77585463009814,1.36232276940917,0.639222452490655
5,26,"three_by_four",2,"weak",FALSE,NA,TRUE,"log_growth_sd",1.50407739677627,1.57703624797082,0.145111472351354,1.28693770712101,1.57969171916283,1.84533009076785,TRUE,0.502777967946551,0.558392383646848,0.072958851194546
5,26,"three_by_four",2,"weak",FALSE,NA,TRUE,"log_recruitment_at_80",-1.69314718055995,-1.51501348196173,0.302593095514069,-2.07718721415315,-1.52229932990881,-0.923240012059091,TRUE,0.588690559166891,1.15394720209405,0.178133698598218
5,26,"three_by_four",2,"weak",FALSE,NA,TRUE,"recruitment_slope_20",1.5,1.31342680317225,0.191801338914123,0.940929951265721,1.3080638844786,1.66928493365916,TRUE,-0.972741889519768,0.728354982393444,0.186573196827746
5,26,"three_by_four",2,"weak",FALSE,NA,TRUE,"recruit_mean_80",44.6,45.5259610180637,1.119225984902,43.3851262192798,45.5349220576775,47.7270447444438,TRUE,0.827322659190044,4.341918525164,0.925961018063717
5,26,"three_by_four",2,"weak",FALSE,NA,TRUE,"recruit_mean_slope_20",0.4,-0.287790158916971,0.624759142042654,-1.4940656029379,-0.293210551084613,0.927212070152987,TRUE,-1.10088850667833,2.42127767309089,0.687790158916971
5,26,"three_by_four",2,"weak",FALSE,NA,TRUE,"log_recruit_sd",1.25276296849537,1.20928097558414,0.0585943563016647,1.10290377315993,1.20771254764389,1.31943954744563,TRUE,-0.74208500025786,0.216535774285698,0.04348199291123
5,26,"three_by_four",2,"weak",FALSE,NA,TRUE,"log_process_precision",NA,5.79561064109127,1.22913959244794,3.50415490134872,5.78436250496342,8.31349853087553,NA,NA,4.80934362952681,NA
6,27,"six_by_two",2,"weak",FALSE,NA,TRUE,"survival_at_80",0.36,0.234754119394791,0.123674379324891,-0.0170612753838661,0.238501774731049,0.456682183729244,TRUE,-1.01270676504621,0.47374345911311,0.125245880605209
6,27,"six_by_two",2,"weak",FALSE,NA,TRUE,"survival_slope_20",0.64,0.519256864792325,0.110787772212668,0.282045062855297,0.517282652985924,0.721639025532156,TRUE,-1.08985976336718,0.439593962676859,0.120743135207675
6,27,"six_by_two",2,"weak",FALSE,NA,TRUE,"growth_increment_80",8.4,9.30275118863658,1.10029836084048,7.20706794433254,9.29263674911954,11.5068924716405,TRUE,0.820460359449235,4.29982452730799,0.902751188636584
6,27,"six_by_two",2,"weak",FALSE,NA,TRUE,"growth_slope_20",-2.4,-2.51827414093961,0.517213069446641,-3.56413809609877,-2.5247655224143,-1.54702494483501,TRUE,-0.228675855129008,2.01711315126376,0.11827414093961
6,27,"six_by_two",2,"weak",FALSE,NA,TRUE,"log_growth_sd",1.50407739677627,1.96118981549296,0.19949818719466,1.5655075392553,1.96377988643989,2.36922136778701,FALSE,2.29131113993861,0.803713828531715,0.457112418716682
6,27,"six_by_two",2,"weak",FALSE,NA,TRUE,"log_recruitment_at_80",-1.69314718055995,-0.880220151406718,0.10775756612115,-1.0768723146795,-0.88162796349297,-0.676817453506303,FALSE,7.54403665947008,0.400054861173202,0.812927029153227
6,27,"six_by_two",2,"weak",FALSE,NA,TRUE,"recruitment_slope_20",1.5,0.839067459825836,0.131685644642063,0.578717866256794,0.839267945989038,1.09424795963565,FALSE,-5.01901738773924,0.515530093378855,0.660932540174164
6,27,"six_by_two",2,"weak",FALSE,NA,TRUE,"recruit_mean_80",44.6,45.4654557951455,0.450606605155746,44.5642786295033,45.4687465135645,46.3472828827917,TRUE,1.92064604744617,1.78300425328834,0.865455795145522
6,27,"six_by_two",2,"weak",FALSE,NA,TRUE,"recruit_mean_slope_20",0.4,-0.0838685831283609,0.587380022011337,-1.24123939716888,-0.102379891629887,1.07494727536797,TRUE,-0.823774328366622,2.31618667253685,0.483868583128361
6,27,"six_by_two",2,"weak",FALSE,NA,TRUE,"log_recruit_sd",1.25276296849537,1.27692735049589,0.0635571808035783,1.16138187560115,1.2778803301554,1.39806699381143,TRUE,0.380199085217462,0.23668511821028,0.0241643820005213
6,27,"six_by_two",2,"weak",FALSE,NA,TRUE,"log_process_precision",NA,4.71179938390196,1.20423790258419,2.40615001962129,4.75676431606533,7.03100176751667,NA,NA,4.62485174789538,NA
7,49,"one_by_twelve",3,"weak",FALSE,NA,TRUE,"survival_at_80",0.36,0.30393038744122,0.0728324536803226,0.172673185861396,0.303732166986763,0.447029755091466,TRUE,-0.769843795252068,0.274356569230071,0.05606961255878
7,49,"one_by_twelve",3,"weak",FALSE,NA,TRUE,"survival_slope_20",0.64,0.379559353543325,0.071577664743475,0.241932722282527,0.379976010657998,0.524974275105154,FALSE,-3.63857423108256,0.283041552822628,0.260440646456675
7,49,"one_by_twelve",3,"weak",FALSE,NA,TRUE,"growth_increment_80",8.4,9.76752123483005,0.701442447277644,8.34792536339169,9.761099303461,11.0967419286405,TRUE,1.94958437450929,2.74881656524877,1.36752123483005
7,49,"one_by_twelve",3,"weak",FALSE,NA,TRUE,"growth_slope_20",-2.4,-1.89966295092118,0.41034407108491,-2.68898574444605,-1.90031161241826,-1.07717022878641,TRUE,1.21931102295685,1.61181551565964,0.500337049078818
7,49,"one_by_twelve",3,"weak",FALSE,NA,TRUE,"log_growth_sd",1.50407739677627,2.07672314780961,0.0853776535401732,1.90187287552414,2.07738930068126,2.24463823680257,FALSE,6.70720882208228,0.342765361278431,0.572645751033334
7,49,"one_by_twelve",3,"weak",FALSE,NA,TRUE,"log_recruitment_at_80",-1.69314718055995,-0.957713747624707,0.161432299920931,-1.26295206119476,-0.959655922394731,-0.646625857979488,FALSE,4.55567710610239,0.616326203215268,0.735433432935238
7,49,"one_by_twelve",3,"weak",FALSE,NA,TRUE,"recruitment_slope_20",1.5,1.19908512117739,0.0929076204425693,1.02308798746467,1.19609673873418,1.38721058937569,FALSE,-3.23886111159865,0.364122601911023,0.300914878822605
7,49,"one_by_twelve",3,"weak",FALSE,NA,TRUE,"recruit_mean_80",44.6,44.1015643535959,0.528427142849618,43.0916527664269,44.1040136115736,45.1510084998333,TRUE,-0.943243838150012,2.05935573340636,0.498435646404118
7,49,"one_by_twelve",3,"weak",FALSE,NA,TRUE,"recruit_mean_slope_20",0.4,0.689580941867688,0.212108104150586,0.292456978789961,0.681209973842491,1.10596167697199,TRUE,1.36525166271865,0.813504698182024,0.289580941867688
7,49,"one_by_twelve",3,"weak",FALSE,NA,TRUE,"log_recruit_sd",1.25276296849537,1.13182904744584,0.0778442112920526,0.977523933358374,1.13211481332511,1.2821574290628,TRUE,-1.55353775241953,0.304633495704422,0.120933921049526
7,49,"one_by_twelve",3,"weak",FALSE,NA,TRUE,"log_process_precision",NA,3.61886494098469,0.498921354524499,2.5907926054001,3.61857646236,4.59889201669699,NA,NA,2.00809941129689,NA
8,50,"three_by_four",3,"weak",FALSE,NA,TRUE,"survival_at_80",0.36,0.496966251355685,0.124143111164176,0.271423783510275,0.495699168852427,0.746334338878056,TRUE,1.10329320790544,0.47491055536778,0.136966251355685
8,50,"three_by_four",3,"weak",FALSE,NA,TRUE,"survival_slope_20",0.64,0.715604029600644,0.0881592996103911,0.543350679074397,0.719049819018593,0.894126937333399,TRUE,0.857584281349398,0.350776258259002,0.0756040296006435
8,50,"three_by_four",3,"weak",FALSE,NA,TRUE,"growth_increment_80",8.4,8.41037713979398,1.00859975001566,6.46928697579632,8.4173673444133,10.3100528829677,TRUE,0.0102886598909193,3.84076590717143,0.0103771397939774
8,50,"three_by_four",3,"weak",FALSE,NA,TRUE,"growth_slope_20",-2.4,-1.69532585119489,0.487490847480548,-2.66505461771131,-1.70361776629307,-0.735620950017383,TRUE,1.44551257207598,1.92943366769393,0.704674148805107
8,50,"three_by_four",3,"weak",FALSE,NA,TRUE,"log_growth_sd",1.50407739677627,1.73087817713805,0.163298853098733,1.40165066180891,1.73312456035454,2.05165405587474,TRUE,1.38886940145652,0.650003394065832,0.226800780361774
8,50,"three_by_four",3,"weak",FALSE,NA,TRUE,"log_recruitment_at_80",-1.69314718055995,-0.963442281902847,0.137290615100562,-1.23267031693979,-0.959244977693664,-0.691534768325326,FALSE,5.315038454177,0.541135548614466,0.729704898657098
8,50,"three_by_four",3,"weak",FALSE,NA,TRUE,"recruitment_slope_20",1.5,1.05193912403541,0.111216101753928,0.837495630997542,1.0507134377057,1.25195531867904,FALSE,-4.02874106265609,0.4144596876815,0.448060875964587
8,50,"three_by_four",3,"weak",FALSE,NA,TRUE,"recruit_mean_80",44.6,44.3135742787047,0.666418498238388,42.9633129966487,44.3613764209764,45.5532466058125,TRUE,-0.429798575598448,2.58993360916376,0.286425721295316
8,50,"three_by_four",3,"weak",FALSE,NA,TRUE,"recruit_mean_slope_20",0.4,1.06305357235173,0.41365259838274,0.265965173171086,1.04623334076422,1.85929746373178,TRUE,1.60292374553932,1.59333229056069,0.663053572351734
8,50,"three_by_four",3,"weak",FALSE,NA,TRUE,"log_recruit_sd",1.25276296849537,1.25211956623544,0.0971387759848124,1.05892654413629,1.25195610710559,1.44711673866939,TRUE,-0.00662353682559751,0.388190194533095,0.000643402259928871
8,50,"three_by_four",3,"weak",FALSE,NA,TRUE,"log_process_precision",NA,4.88947598568421,1.24532928493618,2.50579446387723,4.9126324333643,7.33626185391935,NA,NA,4.83046739004212,NA
9,51,"six_by_two",3,"weak",FALSE,NA,TRUE,"survival_at_80",0.36,0.431212887173756,0.149962229767627,0.125427133109829,0.426940975379497,0.718881589054645,TRUE,0.474872154702578,0.593454455944816,0.0712128871737562
9,51,"six_by_two",3,"weak",FALSE,NA,TRUE,"survival_slope_20",0.64,0.659190568536878,0.10980898854285,0.450585293891368,0.662230953508206,0.870835406076633,TRUE,0.174763184612969,0.420250112185264,0.0191905685368775
9,51,"six_by_two",3,"weak",FALSE,NA,TRUE,"growth_increment_80",8.4,8.00147694538555,1.15152800794492,5.73322503037902,7.96830171632761,10.1544476230052,TRUE,-0.346081946652493,4.42122259262618,0.398523054614445
9,51,"six_by_two",3,"weak",FALSE,NA,TRUE,"growth_slope_20",-2.4,-1.66946802130987,0.50320793031521,-2.62798301916904,-1.67910766326213,-0.623902085459967,TRUE,1.45174973342039,2.00408093370907,0.730531978690133
9,51,"six_by_two",3,"weak",FALSE,NA,TRUE,"log_growth_sd",1.50407739677627,1.84721022655964,0.169020800594798,1.52333151015339,1.84811679857564,2.18937765013827,FALSE,2.03012190556339,0.666046139984886,0.343132829783362
9,51,"six_by_two",3,"weak",FALSE,NA,TRUE,"log_recruitment_at_80",-1.69314718055995,-1.4809838491648,0.224599455823546,-1.93434996467974,-1.48513844558658,-1.02589758356228,TRUE,0.944629765985867,0.908452381117461,0.212163331395149
9,51,"six_by_two",3,"weak",FALSE,NA,TRUE,"recruitment_slope_20",1.5,1.30244608089593,0.156962612873996,0.982683506397104,1.30170280751829,1.61042237952443,TRUE,-1.25860493455636,0.627738873127323,0.19755391910407
9,51,"six_by_two",3,"weak",FALSE,NA,TRUE,"recruit_mean_80",44.6,44.3538037767593,0.96489629446423,42.5487870807326,44.3587014266947,46.4029002142124,TRUE,-0.255153040438815,3.85411313347977,0.246196223240695
9,51,"six_by_two",3,"weak",FALSE,NA,TRUE,"recruit_mean_slope_20",0.4,0.757704164777756,0.679094583560902,-0.653593556353557,0.782231842321225,2.02146005179857,TRUE,0.526736883840388,2.67505360815213,0.357704164777756
9,51,"six_by_two",3,"weak",FALSE,NA,TRUE,"log_recruit_sd",1.25276296849537,1.18670921685021,0.0879253059808774,1.00903507295947,1.1852396188104,1.36040853486182,TRUE,-0.751248470599802,0.351373461902342,0.0660537516451538
9,51,"six_by_two",3,"weak",FALSE,NA,TRUE,"log_process_precision",NA,3.45371501962633,0.496923278621029,2.46177940368486,3.47173317877546,4.41269415716482,NA,NA,1.95091475347996,NA
10,73,"one_by_twelve",4,"weak",FALSE,NA,TRUE,"survival_at_80",0.36,0.497683371458671,0.0852403270703837,0.319059356367793,0.499846039736083,0.659398704153642,TRUE,1.61523748430698,0.340339347785849,0.137683371458671
10,73,"one_by_twelve",4,"weak",FALSE,NA,TRUE,"survival_slope_20",0.64,0.704949630690046,0.0485050272160316,0.614271864902325,0.703434740513309,0.803808256544741,TRUE,1.33902884747953,0.189536391642416,0.0649496306900462
10,73,"one_by_twelve",4,"weak",FALSE,NA,TRUE,"growth_increment_80",8.4,8.09855242004364,0.587250046355612,6.9986366159108,8.09828992967365,9.26354585646945,TRUE,-0.513320657575255,2.26490924055866,0.301447579956362
10,73,"one_by_twelve",4,"weak",FALSE,NA,TRUE,"growth_slope_20",-2.4,-2.14131626860995,0.213937911213957,-2.56603525554776,-2.13528892935542,-1.74078700394736,TRUE,1.20915330023646,0.825248251600391,0.25868373139005
10,73,"one_by_twelve",4,"weak",FALSE,NA,TRUE,"log_growth_sd",1.50407739677627,1.42726917037652,0.172642783474325,1.09474732540187,1.42756943437335,1.75298912676637,TRUE,-0.444896826001258,0.658241801364498,0.0768082263997494
10,73,"one_by_twelve",4,"weak",FALSE,NA,TRUE,"log_recruitment_at_80",-1.69314718055995,-0.626990632820462,0.149614743855193,-0.910237019761834,-0.620190281524743,-0.341617145880832,FALSE,7.12601258584101,0.568619873881002,1.06615654773948
10,73,"one_by_twelve",4,"weak",FALSE,NA,TRUE,"recruitment_slope_20",1.5,0.958335085907435,0.121488994480108,0.715442614326829,0.960977552213915,1.20023249946944,FALSE,-4.45855129849852,0.484789885142606,0.541664914092565
10,73,"one_by_twelve",4,"weak",FALSE,NA,TRUE,"recruit_mean_80",44.6,44.6254569021807,0.583551117774968,43.5234024003507,44.6199240722951,45.7610108668092,TRUE,0.043624116903039,2.2376084664585,0.0254569021807143
10,73,"one_by_twelve",4,"weak",FALSE,NA,TRUE,"recruit_mean_slope_20",0.4,0.512546405814939,0.331729638750171,-0.113531264984062,0.511643097749512,1.15070227895815,TRUE,0.339271480953497,1.26423354394222,0.112546405814939
10,73,"one_by_twelve",4,"weak",FALSE,NA,TRUE,"log_recruit_sd",1.25276296849537,1.22376891327579,0.0658363299988568,1.09100362550946,1.22516833180113,1.34323812951598,TRUE,-0.440395982280278,0.252234504006519,0.0289940552195751
10,73,"one_by_twelve",4,"weak",FALSE,NA,TRUE,"log_process_precision",NA,5.8209204026384,1.13409288757641,3.80609723586141,5.80439962119984,8.20241684676102,NA,NA,4.39631961089961,NA
11,74,"three_by_four",4,"weak",FALSE,NA,TRUE,"survival_at_80",0.36,0.265591424117027,0.0767075269481521,0.112615310503285,0.266269622981642,0.407895668425069,TRUE,-1.23076026094265,0.295280357921784,0.0944085758829728
11,74,"three_by_four",4,"weak",FALSE,NA,TRUE,"survival_slope_20",0.64,0.562522595443738,0.0644877923395304,0.436529877113119,0.564211003157986,0.690811415080417,TRUE,-1.20142746007401,0.254281537967298,0.0774774045562621
11,74,"three_by_four",4,"weak",FALSE,NA,TRUE,"growth_increment_80",8.4,9.49079663372413,0.72426164861603,8.10741958122448,9.49399835496744,10.9642830253476,TRUE,1.50608089743327,2.85686344412313,1.09079663372413
11,74,"three_by_four",4,"weak",FALSE,NA,TRUE,"growth_slope_20",-2.4,-2.42816516558811,0.29651813197164,-3.00415075526777,-2.43827180684633,-1.84776741800862,TRUE,-0.0949863180400874,1.15638333725915,0.0281651655881108
11,74,"three_by_four",4,"weak",FALSE,NA,TRUE,"log_growth_sd",1.50407739677627,1.60411232256755,0.154733619182625,1.3000612829982,1.60072595923555,1.91106161937994,TRUE,0.64649767981716,0.61100033638174,0.100034925791279
11,74,"three_by_four",4,"weak",FALSE,NA,TRUE,"log_recruitment_at_80",-1.69314718055995,-1.64236549394649,0.238329929092375,-2.11816997719587,-1.64427382674039,-1.17569443280559,TRUE,0.213073057197853,0.942475544390286,0.0507816866134598
11,74,"three_by_four",4,"weak",FALSE,NA,TRUE,"recruitment_slope_20",1.5,1.42298271371544,0.16059696787765,1.10902019533269,1.41742502847704,1.75759252161397,TRUE,-0.479568744680394,0.64857232628128,0.0770172862845622
11,74,"three_by_four",4,"weak",FALSE,NA,TRUE,"recruit_mean_80",44.6,45.1525770334706,0.771277548181406,43.7008488449516,45.1438397021861,46.7096222430396,TRUE,0.716443820740745,3.00877339808803,0.552577033470641
11,74,"three_by_four",4,"weak",FALSE,NA,TRUE,"recruit_mean_slope_20",0.4,-0.120238685974427,0.449957514835221,-0.990543064129157,-0.109988326991304,0.703626248100002,TRUE,-1.15619512692202,1.69416931222916,0.520238685974427
11,74,"three_by_four",4,"weak",FALSE,NA,TRUE,"log_recruit_sd",1.25276296849537,1.19538558167661,0.0540019944431258,1.09669598125765,1.19525729323225,1.30298137752532,TRUE,-1.06250495764904,0.206285396267671,0.057377386818757
11,74,"three_by_four",4,"weak",FALSE,NA,TRUE,"log_process_precision",NA,4.04736538968369,0.870531512704489,2.36095595661599,4.051407105798,5.80968262540707,NA,NA,3.44872666879108,NA
12,75,"six_by_two",4,"weak",FALSE,NA,TRUE,"survival_at_80",0.36,0.363797867998438,0.155904808110903,0.0599851633253746,0.361567607312141,0.659845731304306,TRUE,0.0243601723670799,0.599860567978931,0.00379786799843812
12,75,"six_by_two",4,"weak",FALSE,NA,TRUE,"survival_slope_20",0.64,0.59901314316145,0.119804295806391,0.350572081418806,0.599129338241492,0.822133874987156,TRUE,-0.34211508496145,0.47156179356835,0.0409868568385502
12,75,"six_by_two",4,"weak",FALSE,NA,TRUE,"growth_increment_80",8.4,9.35871289611854,1.31987419437019,6.81796440580542,9.3418871172488,11.979096079684,TRUE,0.72636687663707,5.16113167387855,0.958712896118543
12,75,"six_by_two",4,"weak",FALSE,NA,TRUE,"growth_slope_20",-2.4,-2.50087005080458,0.533470395753713,-3.58262323280432,-2.51442666174893,-1.48355687901553,TRUE,-0.189082752496629,2.09906635378879,0.100870050804578
12,75,"six_by_two",4,"weak",FALSE,NA,TRUE,"log_growth_sd",1.50407739677627,1.90045494645209,0.177229516251376,1.54986689650042,1.90583550099992,2.23500119893605,FALSE,2.23652108328057,0.685134302435624,0.396377549675818
12,75,"six_by_two",4,"weak",FALSE,NA,TRUE,"log_recruitment_at_80",-1.69314718055995,-1.14581492528738,0.500290945261441,-2.13237638468783,-1.15448555165619,-0.203313893186995,TRUE,1.09402790607481,1.92906249150084,0.547332255272561
12,75,"six_by_two",4,"weak",FALSE,NA,TRUE,"recruitment_slope_20",1.5,-0.166982521070261,0.503671052321458,-1.1516644812141,-0.176854372962907,0.810777487918999,FALSE,-3.30966513439082,1.96244196913309,1.66698252107026
12,75,"six_by_two",4,"weak",FALSE,NA,TRUE,"recruit_mean_80",44.6,45.3405376100151,1.33971909042029,42.5223245357121,45.338652411139,47.9459404644088,TRUE,0.55275588390904,5.42361592869661,0.740537610015082
12,75,"six_by_two",4,"weak",FALSE,NA,TRUE,"recruit_mean_slope_20",0.4,0.204800005154898,1.35916813499251,-2.56973892793962,0.194880931158825,2.83540552682877,TRUE,-0.143617253685967,5.40514445476839,0.195199994845102
12,75,"six_by_two",4,"weak",FALSE,NA,TRUE,"log_recruit_sd",1.25276296849537,1.30726288811405,0.0675663811538731,1.17653346388025,1.30680004081438,1.44380747135577,TRUE,0.806612973611315,0.267274007475516,0.0544999196186811
12,75,"six_by_two",4,"weak",FALSE,NA,TRUE,"log_process_precision",NA,3.23303323126945,0.510508282806062,2.26296884426322,3.22761391355188,4.22318817492201,NA,NA,1.9602193306588,NA
13,97,"one_by_twelve",5,"weak",FALSE,NA,TRUE,"survival_at_80",0.36,0.228844654902327,0.0864526391213755,0.0626991702812987,0.225165260697022,0.38706544531586,TRUE,-1.51707740134499,0.324366275034561,0.131155345097672
13,97,"one_by_twelve",5,"weak",FALSE,NA,TRUE,"survival_slope_20",0.64,0.495927663309995,0.0462286889355933,0.412853490217765,0.494473097526432,0.586066785178129,FALSE,-3.11651357646612,0.173213294960364,0.144072336690005
13,97,"one_by_twelve",5,"weak",FALSE,NA,TRUE,"growth_increment_80",8.4,8.40929530968431,0.817882800688386,6.8844620970735,8.43650753030458,10.0247855904927,TRUE,0.0113650876097285,3.14032349341918,0.00929530968431358
13,97,"one_by_twelve",5,"weak",FALSE,NA,TRUE,"growth_slope_20",-2.4,-2.52171435678092,0.274467100641957,-3.05208424077421,-2.52896075143728,-1.96937038514632,TRUE,-0.443456999021902,1.0827138556279,0.121714356780925
13,97,"one_by_twelve",5,"weak",FALSE,NA,TRUE,"log_growth_sd",1.50407739677627,1.82412354490825,0.149785874553625,1.53121515469565,1.82252945485191,2.11458115011898,FALSE,2.13669112047941,0.583365995423335,0.320046148131973
13,97,"one_by_twelve",5,"weak",FALSE,NA,TRUE,"log_recruitment_at_80",-1.69314718055995,-3.12725032189453,0.439106274422028,-3.99796098111749,-3.1252992607829,-2.29730098527144,FALSE,-3.26595911940046,1.70065999584604,1.43410314133458
13,97,"one_by_twelve",5,"weak",FALSE,NA,TRUE,"recruitment_slope_20",1.5,2.08327738730608,0.189251652452708,1.70824353270939,2.08107157300191,2.45012104530493,FALSE,3.08202004974218,0.741877512595533,0.583277387306084
13,97,"one_by_twelve",5,"weak",FALSE,NA,TRUE,"recruit_mean_80",44.6,45.2382703173082,1.30519161322365,42.8111799960856,45.2157043541041,47.8908475615538,TRUE,0.489024225134086,5.07966756546818,0.638270317308205
13,97,"one_by_twelve",5,"weak",FALSE,NA,TRUE,"recruit_mean_slope_20",0.4,0.133668233604871,0.418735490384463,-0.727752042380318,0.146430758009128,0.920244632270386,TRUE,-0.636038197169759,1.6479966746507,0.266331766395129
13,97,"one_by_twelve",5,"weak",FALSE,NA,TRUE,"log_recruit_sd",1.25276296849537,1.25521161487212,0.0420965093844552,1.17638034195217,1.25439936988975,1.33797990839342,TRUE,0.0581674445829072,0.161599566441257,0.00244864637675413
13,97,"one_by_twelve",5,"weak",FALSE,NA,TRUE,"log_process_precision",NA,4.56057154607994,0.81412765187943,3.03459290975727,4.51933950519289,6.14012309685643,NA,NA,3.10553018709916,NA
14,98,"three_by_four",5,"weak",FALSE,NA,TRUE,"survival_at_80",0.36,0.438376585022563,0.10107531638142,0.245221488736312,0.434487759633292,0.648213545771257,TRUE,0.775427550746418,0.402992057034945,0.0783765850225635
14,98,"three_by_four",5,"weak",FALSE,NA,TRUE,"survival_slope_20",0.64,0.514070939715127,0.0878066976582564,0.343896695184512,0.51447958233634,0.688250670038314,TRUE,-1.43416235484666,0.344353974853802,0.125929060284873
14,98,"three_by_four",5,"weak",FALSE,NA,TRUE,"growth_increment_80",8.4,9.57151295108306,0.975745003746169,7.51368038715808,9.59908508739606,11.3089088747813,TRUE,1.2006343323156,3.7952284876232,1.17151295108306
14,98,"three_by_four",5,"weak",FALSE,NA,TRUE,"growth_slope_20",-2.4,-1.87122925716139,0.406899607441374,-2.65067868157908,-1.86808115144586,-1.04053932913764,TRUE,1.29951155805624,1.61013935244144,0.528770742838612
14,98,"three_by_four",5,"weak",FALSE,NA,TRUE,"log_growth_sd",1.50407739677627,1.83838893899026,0.149557154531187,1.53566059980302,1.84388168329018,2.11774723118823,FALSE,2.23534302495885,0.582086631385206,0.334311542213983
14,98,"three_by_four",5,"weak",FALSE,NA,TRUE,"log_recruitment_at_80",-1.69314718055995,-1.22708278784274,0.1305362576135,-1.48990152712522,-1.22624070125189,-0.963908856571317,FALSE,3.57038267557167,0.525992670553901,0.466064392717202
14,98,"three_by_four",5,"weak",FALSE,NA,TRUE,"recruitment_slope_20",1.5,0.913643625133987,0.109950489494843,0.701770732308192,0.913578030390399,1.13938597100597,FALSE,-5.33291281885119,0.437615238697775,0.586356374866013
14,98,"three_by_four",5,"weak",FALSE,NA,TRUE,"recruit_mean_80",44.6,45.1198791976137,0.583257099323026,43.9504333639622,45.1228613359873,46.256035127346,TRUE,0.891337967796906,2.30560176338378,0.519879197613704
14,98,"three_by_four",5,"weak",FALSE,NA,TRUE,"recruit_mean_slope_20",0.4,0.209537284839452,0.438133999535265,-0.687332559421738,0.211827311260751,1.05449741053782,TRUE,-0.434713387599626,1.74182996995956,0.190462715160548
14,98,"three_by_four",5,"weak",FALSE,NA,TRUE,"log_recruit_sd",1.25276296849537,1.22666772546421,0.0733067099499922,1.08712626601811,1.22573371304243,1.37070864336961,TRUE,-0.355973457940738,0.283582377351501,0.0260952430311574
14,98,"three_by_four",5,"weak",FALSE,NA,TRUE,"log_process_precision",NA,5.29461822254446,1.28540689241856,2.87028497959793,5.32137796444832,7.87675274306438,NA,NA,5.00646776346646,NA
15,99,"six_by_two",5,"weak",FALSE,NA,TRUE,"survival_at_80",0.36,0.516873148398941,0.154619507889156,0.217878497381118,0.514393345053058,0.81160899241484,TRUE,1.01457539569587,0.593730495033722,0.156873148398941
15,99,"six_by_two",5,"weak",FALSE,NA,TRUE,"survival_slope_20",0.64,0.616859108899179,0.116993943037381,0.391301190020334,0.616028173527489,0.846048089839793,TRUE,-0.197795633688721,0.454746899819459,0.0231408911008208
15,99,"six_by_two",5,"weak",FALSE,NA,TRUE,"growth_increment_80",8.4,6.36958209980186,1.0751008915209,4.23735485005271,6.35647973057826,8.42283327735682,TRUE,-1.88858358895582,4.1854784273041,2.03041790019814
15,99,"six_by_two",5,"weak",FALSE,NA,TRUE,"growth_slope_20",-2.4,-1.85919478546068,0.50083667843056,-2.86041681415779,-1.86090214498215,-0.844262030208479,TRUE,1.07980353242899,2.01615478394931,0.540805214539323
15,99,"six_by_two",5,"weak",FALSE,NA,TRUE,"log_growth_sd",1.50407739677627,1.98842534152707,0.117046482397722,1.76140471052978,1.99153667416494,2.20511210031657,FALSE,4.13808202372954,0.443707389786794,0.484347944750791
15,99,"six_by_two",5,"weak",FALSE,NA,TRUE,"log_recruitment_at_80",-1.69314718055995,-2.38113405229468,0.323777895530264,-3.03139881173739,-2.37574362159201,-1.70777855599175,FALSE,-2.12487288734764,1.32362025574564,0.687986871734734
15,99,"six_by_two",5,"weak",FALSE,NA,TRUE,"recruitment_slope_20",1.5,1.80913563112577,0.144139516245344,1.50532559562264,1.8054159977312,2.11431941332914,FALSE,2.14469729868927,0.608993817706505,0.309135631125767
15,99,"six_by_two",5,"weak",FALSE,NA,TRUE,"recruit_mean_80",44.6,43.5302141058725,1.31748351545769,40.8881307747706,43.581259796687,46.1495062432511,TRUE,-0.811991862953889,5.26137546848054,1.06978589412753
15,99,"six_by_two",5,"weak",FALSE,NA,TRUE,"recruit_mean_slope_20",0.4,0.850783592629242,0.57797581284655,-0.267373732388785,0.833338144443881,1.95639715176192,TRUE,0.779935046778372,2.2237708841507,0.450783592629242
15,99,"six_by_two",5,"weak",FALSE,NA,TRUE,"log_recruit_sd",1.25276296849537,1.23518734521708,0.0845783749314334,1.0768013202772,1.23267011303375,1.39926793170093,TRUE,-0.2078028017509,0.322466611423731,0.01757562327829
15,99,"six_by_two",5,"weak",FALSE,NA,TRUE,"log_process_precision",NA,5.34351971132853,1.20829917190277,2.93812099216759,5.31772658792649,7.57794560661766,NA,NA,4.63982461445007,NA
31,1,"one_by_twelve",1,"survival_growth",FALSE,NA,TRUE,"survival_at_80",0.36,0.402521192842871,0.0546078027753591,0.293691317314084,0.403078789953928,0.514911112920063,TRUE,0.778665148235156,0.221219795605979,0.0425211928428711
31,1,"one_by_twelve",1,"survival_growth",FALSE,NA,TRUE,"survival_slope_20",0.64,0.616751003476832,0.0361122798549805,0.544358346872726,0.616368260713516,0.685377711094399,TRUE,-0.643797528611638,0.141019364221673,0.0232489965231683
31,1,"one_by_twelve",1,"survival_growth",FALSE,NA,TRUE,"growth_increment_80",8.4,8.51797138666776,0.399520556686756,7.74575436064622,8.51369896389841,9.29194602499802,TRUE,0.295282394593411,1.5461916643518,0.117971386667758
31,1,"one_by_twelve",1,"survival_growth",FALSE,NA,TRUE,"growth_slope_20",-2.4,-2.59213545145888,0.15819560256421,-2.87010957907226,-2.5972258113398,-2.28705593918342,TRUE,-1.2145435672328,0.583053639888838,0.192135451458879
31,1,"one_by_twelve",1,"survival_growth",FALSE,NA,TRUE,"log_growth_sd",1.50407739677627,1.48453891939949,0.121011600453519,1.2603820651343,1.47908493637913,1.72988481420774,TRUE,-0.161459540271822,0.46950274907344,0.0195384773767826
31,1,"one_by_twelve",1,"survival_growth",FALSE,NA,TRUE,"log_recruitment_at_80",-1.69314718055995,-2.66954954394182,0.263778888667503,-3.18305530543201,-2.67093925295946,-2.14294420757576,FALSE,-3.70159404459638,1.04011109785625,0.976402363381879
31,1,"one_by_twelve",1,"survival_growth",FALSE,NA,TRUE,"recruitment_slope_20",1.5,1.83666242810327,0.132071216046131,1.57603511490215,1.83334092521784,2.09258877205732,FALSE,2.54909766247383,0.516553657155167,0.336662428103268
31,1,"one_by_twelve",1,"survival_growth",FALSE,NA,TRUE,"recruit_mean_80",44.6,47.2376701000094,0.942104291317056,45.4658151648414,47.1583694897924,49.1413615015253,FALSE,2.79976444680236,3.67554633668388,2.63767010000942
31,1,"one_by_twelve",1,"survival_growth",FALSE,NA,TRUE,"recruit_mean_slope_20",0.4,-0.601957492739981,0.342026439800085,-1.29653372602002,-0.586094693811092,0.0562562734160448,FALSE,-2.92947379543414,1.35278999943606,1.00195749273998
31,1,"one_by_twelve",1,"survival_growth",FALSE,NA,TRUE,"log_recruit_sd",1.25276296849537,1.16302845215135,0.0441614695691129,1.07782552744231,1.16404212328266,1.24906079158987,FALSE,-2.03196399982975,0.17123526414756,0.0897345163440146
31,1,"one_by_twelve",1,"survival_growth",FALSE,NA,TRUE,"log_process_precision",NA,4.86981531104387,0.973158996861377,3.00575609535842,4.86806705306787,6.76356671257964,NA,NA,3.75781061722122,NA
32,2,"three_by_four",1,"survival_growth",FALSE,NA,TRUE,"survival_at_80",0.36,0.310047317792331,0.0937244954662589,0.131705702114033,0.307865456554779,0.489181148117033,TRUE,-0.5329736048102,0.357475446003001,0.0499526822076692
32,2,"three_by_four",1,"survival_growth",FALSE,NA,TRUE,"survival_slope_20",0.64,0.70956904754441,0.077630194496523,0.549115905078321,0.70989819511583,0.863149783281954,TRUE,0.89615964504026,0.314033878203633,0.0695690475444104
32,2,"three_by_four",1,"survival_growth",FALSE,NA,TRUE,"growth_increment_80",8.4,9.25581258043619,0.745480499178963,7.86663044411802,9.2552966288138,10.6777297097369,TRUE,1.14800129765801,2.8110992656189,0.855812580436192
32,2,"three_by_four",1,"survival_growth",FALSE,NA,TRUE,"growth_slope_20",-2.4,-3.14340916879432,0.305894431740593,-3.74215900387911,-3.14365228101702,-2.55302630573462,FALSE,-2.43028016091758,1.18913269814449,0.74340916879432
32,2,"three_by_four",1,"survival_growth",FALSE,NA,TRUE,"log_growth_sd",1.50407739677627,1.37105074583515,0.165842955901363,1.03956175858283,1.36678774941436,1.70773469117018,TRUE,-0.802124215756511,0.668172932587346,0.133026650941123
32,2,"three_by_four",1,"survival_growth",FALSE,NA,TRUE,"log_recruitment_at_80",-1.69314718055995,-1.32792362280747,0.494893893453016,-2.22838866266071,-1.35276432098453,-0.372106604998025,TRUE,0.737983560888589,1.85628205766269,0.365223557752474
32,2,"three_by_four",1,"survival_growth",FALSE,NA,TRUE,"recruitment_slope_20",1.5,1.3136918456767,0.297127610971016,0.763128516418555,1.3237056586477,1.84801925511573,TRUE,-0.627030768747623,1.08489073869717,0.186308154323301
32,2,"three_by_four",1,"survival_growth",FALSE,NA,TRUE,"recruit_mean_80",44.6,45.1608662547927,1.62393787460598,41.931395982205,45.1942843536387,48.1832699526707,TRUE,0.345374206466355,6.25187397046569,0.5608662547927
32,2,"three_by_four",1,"survival_growth",FALSE,NA,TRUE,"recruit_mean_slope_20",0.4,0.384137420692738,0.881878677944168,-1.27748710396702,0.36771884188054,2.05110140919859,TRUE,-0.0179872580027004,3.32858851316561,0.0158625793072621
32,2,"three_by_four",1,"survival_growth",FALSE,NA,TRUE,"log_recruit_sd",1.25276296849537,1.30128535473228,0.0793072721831036,1.15328190407729,1.30150911607215,1.4562699650755,TRUE,0.611827703831283,0.302988060998211,0.0485223862369109
32,2,"three_by_four",1,"survival_growth",FALSE,NA,TRUE,"log_process_precision",NA,1.84625468577948,0.211093145115061,1.43922410774008,1.85152836456445,2.24731358732997,NA,NA,0.808089479589885,NA
33,3,"six_by_two",1,"survival_growth",FALSE,NA,TRUE,"survival_at_80",0.36,0.459396464572097,0.152733463547826,0.166403698903462,0.459489114796332,0.760280729625067,TRUE,0.650783805089134,0.593877030721605,0.0993964645720971
33,3,"six_by_two",1,"survival_growth",FALSE,NA,TRUE,"survival_slope_20",0.64,0.651706980139477,0.109447359461104,0.439161964131835,0.651341551504274,0.876185875655722,TRUE,0.106964482259959,0.437023911523887,0.0117069801394766
33,3,"six_by_two",1,"survival_growth",FALSE,NA,TRUE,"growth_increment_80",8.4,8.5203812132009,1.36202123550287,5.74079829192692,8.53219946505839,11.138257476619,TRUE,0.0883842410551339,5.39745918469213,0.120381213200897
33,3,"six_by_two",1,"survival_growth",FALSE,NA,TRUE,"growth_slope_20",-2.4,-3.05383255674963,0.482636360107875,-3.99212873366466,-3.05682654970628,-2.04509477686672,TRUE,-1.354710524925,1.94703395679793,0.653832556749632
33,3,"six_by_two",1,"survival_growth",FALSE,NA,TRUE,"log_growth_sd",1.50407739677627,1.87090157114562,0.178583231706577,1.52769367301112,1.87171473310897,2.22779370460178,FALSE,2.0540796068248,0.700100031590663,0.366824174369348
33,3,"six_by_two",1,"survival_growth",FALSE,NA,TRUE,"log_recruitment_at_80",-1.69314718055995,-0.859488048442616,0.116382955760826,-1.07732499390403,-0.857847626312838,-0.628465797575238,FALSE,7.16306891045582,0.448859196328789,0.83365913211733
33,3,"six_by_two",1,"survival_growth",FALSE,NA,TRUE,"recruitment_slope_20",1.5,0.773495251254755,0.1658531739136,0.449835795965556,0.772697549239923,1.08645222525626,FALSE,-4.38040907871751,0.636616429290705,0.726504748745245
33,3,"six_by_two",1,"survival_growth",FALSE,NA,TRUE,"recruit_mean_80",44.6,45.2952076857903,0.47825839537746,44.4208525323622,45.2989199929877,46.2549007710968,TRUE,1.45362359032218,1.83404823873467,0.695207685790308
33,3,"six_by_two",1,"survival_growth",FALSE,NA,TRUE,"recruit_mean_slope_20",0.4,0.145361100786347,0.651471506543472,-1.11982863618466,0.149684485342667,1.39229029226331,TRUE,-0.390867285301082,2.51211892844797,0.254638899213653
33,3,"six_by_two",1,"survival_growth",FALSE,NA,TRUE,"log_recruit_sd",1.25276296849537,1.30339349831219,0.0655192400124198,1.17272019296759,1.30316402615275,1.43240799426585,TRUE,0.772758197549687,0.259687801298262,0.0506305298168228
33,3,"six_by_two",1,"survival_growth",FALSE,NA,TRUE,"log_process_precision",NA,4.50570523110394,1.05223074971269,2.36666410963708,4.52194507259845,6.53768339659592,NA,NA,4.17101928695884,NA
34,25,"one_by_twelve",2,"survival_growth",FALSE,NA,TRUE,"survival_at_80",0.36,0.456380286160608,0.0438660285571808,0.366115462726167,0.456141358218313,0.54722172568293,FALSE,2.19715094643167,0.181106262956763,0.0963802861606083
34,25,"one_by_twelve",2,"survival_growth",FALSE,NA,TRUE,"survival_slope_20",0.64,0.569024256587667,0.0458562914974871,0.481541764437107,0.569495398460053,0.660469466841642,TRUE,-1.5477863798956,0.178927702404535,0.070975743412333
34,25,"one_by_twelve",2,"survival_growth",FALSE,NA,TRUE,"growth_increment_80",8.4,8.03752549032495,0.0756724966869452,7.8877356866397,8.03779244287236,8.18457015993579,FALSE,-4.79004295542928,0.296834473296083,0.362474509675048
34,25,"one_by_twelve",2,"survival_growth",FALSE,NA,TRUE,"growth_slope_20",-2.4,-2.2961203259414,0.0418637192064716,-2.37968749799502,-2.29682375757845,-2.21934424801956,FALSE,2.4813770975833,0.160343249975462,0.103879674058597
34,25,"one_by_twelve",2,"survival_growth",FALSE,NA,TRUE,"log_growth_sd",1.50407739677627,1.77817519012682,0.112599290605648,1.55837111977179,1.77474334984083,2.00067887763612,FALSE,2.43427637844104,0.442307757864332,0.274097793350547
34,25,"one_by_twelve",2,"survival_growth",FALSE,NA,TRUE,"log_recruitment_at_80",-1.69314718055995,-1.90181874689263,0.279189153173934,-2.45554626305784,-1.89683709720289,-1.3556506210858,TRUE,-0.747420033910429,1.09989564197204,0.208671566332685
34,25,"one_by_twelve",2,"survival_growth",FALSE,NA,TRUE,"recruitment_slope_20",1.5,1.55864037264946,0.121060201634632,1.32422660189769,1.55751349326714,1.79998740422241,TRUE,0.484390178255629,0.475760802324726,0.0586403726494615
34,25,"one_by_twelve",2,"survival_growth",FALSE,NA,TRUE,"recruit_mean_80",44.6,45.7249333092191,1.18118837427069,43.3348975456917,45.7692497787191,47.9804140712127,TRUE,0.952374179870889,4.64551652552095,1.12493330921907
34,25,"one_by_twelve",2,"survival_growth",FALSE,NA,TRUE,"recruit_mean_slope_20",0.4,-0.057831007605302,0.43849950931877,-0.888264395577994,-0.077196043003389,0.826326495911859,TRUE,-1.04408556423829,1.71459089148985,0.457831007605302
34,25,"one_by_twelve",2,"survival_growth",FALSE,NA,TRUE,"log_recruit_sd",1.25276296849537,1.29251926324134,0.0460968636303922,1.19948792581824,1.29422496697842,1.37995941683079,TRUE,0.862451186804012,0.18047149101255,0.0397562947459744
34,25,"one_by_twelve",2,"survival_growth",FALSE,NA,TRUE,"log_process_precision",NA,3.66397510352391,0.467481489615757,2.71427242966756,3.66537521527152,4.58244378666103,NA,NA,1.86817135699347,NA
35,26,"three_by_four",2,"survival_growth",FALSE,NA,TRUE,"survival_at_80",0.36,0.557325385178785,0.109290760821141,0.342740289509433,0.555787118644283,0.780604221862107,TRUE,1.80550838603563,0.437863932352674,0.197325385178785
35,26,"three_by_four",2,"survival_growth",FALSE,NA,TRUE,"survival_slope_20",0.64,0.612785700317399,0.0688276556636898,0.479331681435203,0.61075424044574,0.740887096611345,TRUE,-0.39539774266869,0.261555415176142,0.0272142996826008
35,26,"three_by_four",2,"survival_growth",FALSE,NA,TRUE,"growth_increment_80",8.4,7.37114441214281,0.746305521227851,5.92331195658067,7.37487733085228,8.84069428366649,TRUE,-1.3785983871116,2.91738232708582,1.02885558785719
35,26,"three_by_four",2,"survival_growth",FALSE,NA,TRUE,"growth_slope_20",-2.4,-1.78778242722172,0.338243858791211,-2.49508662575061,-1.78286447455286,-1.14099259491735,TRUE,1.80998873110712,1.35409403083326,0.61221757277828
35,26,"three_by_four",2,"survival_growth",FALSE,NA,TRUE,"log_growth_sd",1.50407739677627,1.56248879789955,0.13723929402685,1.27835506589451,1.56512787859805,1.81963316509632,TRUE,0.425617178647466,0.54127809920181,0.0584114011232781
35,26,"three_by_four",2,"survival_growth",FALSE,NA,TRUE,"log_recruitment_at_80",-1.69314718055995,-1.51243918001134,0.301348678178024,-2.10078693986489,-1.50365272563395,-0.92232934066796,TRUE,0.599664155294066,1.17845759919693,0.180708000548608
35,26,"three_by_four",2,"survival_growth",FALSE,NA,TRUE,"recruitment_slope_20",1.5,1.31357063542047,0.192487086746328,0.934088668031604,1.31227386272528,1.69830295902906,TRUE,-0.968529202300328,0.76421429099746,0.186429364579535
35,26,"three_by_four",2,"survival_growth",FALSE,NA,TRUE,"recruit_mean_80",44.6,45.5102014079231,1.06496965454321,43.300600597144,45.5064946659089,47.6137723593532,TRUE,0.854673561861709,4.31317176220915,0.910201407923083
35,26,"three_by_four",2,"survival_growth",FALSE,NA,TRUE,"recruit_mean_slope_20",0.4,-0.268433962944488,0.600334750916734,-1.40696238883642,-0.265007121996326,0.955733945307107,TRUE,-1.11343539903989,2.36269633414352,0.668433962944488
35,26,"three_by_four",2,"survival_growth",FALSE,NA,TRUE,"log_recruit_sd",1.25276296849537,1.20982141930901,0.0571810431555062,1.09994523251079,1.2111214338094,1.32178381745237,TRUE,-0.750975267617516,0.221838584941587,0.042941549186355
35,26,"three_by_four",2,"survival_growth",FALSE,NA,TRUE,"log_process_precision",NA,5.75536281182778,1.22895146176591,3.32327834656676,5.75059636975262,8.3370399312991,NA,NA,5.01376158473234,NA
36,27,"six_by_two",2,"survival_growth",FALSE,NA,TRUE,"survival_at_80",0.36,0.242816185523081,0.113140781764879,0.0212693351964764,0.243075104217023,0.478791888000616,TRUE,-1.03573453045819,0.457522552804139,0.117183814476919
36,27,"six_by_two",2,"survival_growth",FALSE,NA,TRUE,"survival_slope_20",0.64,0.545949585441716,0.099618421472234,0.35324083074946,0.549762210628685,0.737937090855614,TRUE,-0.944106653853154,0.384696260106154,0.094050414558284
36,27,"six_by_two",2,"survival_growth",FALSE,NA,TRUE,"growth_increment_80",8.4,9.338727654035,0.99097946434146,7.34884706946689,9.32986871335218,11.3686876001703,TRUE,0.947272559940295,4.01984053070342,0.938727654034997
36,27,"six_by_two",2,"survival_growth",FALSE,NA,TRUE,"growth_slope_20",-2.4,-2.45398613139468,0.478353477816625,-3.3965106234978,-2.48577031787973,-1.5536494914545,TRUE,-0.112858239561867,1.84286113204331,0.053986131394681
36,27,"six_by_two",2,"survival_growth",FALSE,NA,TRUE,"log_growth_sd",1.50407739677627,1.88333762834332,0.202154182917651,1.49090247960989,1.8838775606429,2.28509421411347,TRUE,1.87609391056498,0.794191734503585,0.379260231567044
36,27,"six_by_two",2,"survival_growth",FALSE,NA,TRUE,"log_recruitment_at_80",-1.69314718055995,-0.87283625110097,0.100152944166037,-1.06250759712828,-0.869262231672455,-0.67165706900695,FALSE,8.19058227683283,0.39085052812133,0.820310929458975
36,27,"six_by_two",2,"survival_growth",FALSE,NA,TRUE,"recruitment_slope_20",1.5,0.839854020437427,0.127417042008043,0.592785516640535,0.842938337418228,1.08017226505662,FALSE,-5.18098653962556,0.487386748416089,0.660145979562573
36,27,"six_by_two",2,"survival_growth",FALSE,NA,TRUE,"recruit_mean_80",44.6,45.4898540529418,0.432666067268492,44.627502087561,45.4869706676146,46.3028371816604,FALSE,2.0566763151999,1.67533509409938,0.889854052941793
36,27,"six_by_two",2,"survival_growth",FALSE,NA,TRUE,"recruit_mean_slope_20",0.4,-0.121263054578312,0.589997349281807,-1.21565018429711,-0.117020924578716,0.984096410297463,TRUE,-0.883500672016299,2.19974659459457,0.521263054578312
36,27,"six_by_two",2,"survival_growth",FALSE,NA,TRUE,"log_recruit_sd",1.25276296849537,1.27906147601605,0.0593734489826231,1.16742287638261,1.27689236685394,1.39469869735735,TRUE,0.442933802420312,0.227275820974733,0.0262985075206816
36,27,"six_by_two",2,"survival_growth",FALSE,NA,TRUE,"log_process_precision",NA,4.69044361572784,1.12099716593617,2.47872794642629,4.7220672141442,6.93126466324978,NA,NA,4.45253671682349,NA
37,49,"one_by_twelve",3,"survival_growth",FALSE,NA,TRUE,"survival_at_80",0.36,0.303621931055359,0.0742356620927999,0.14092518750253,0.304755058892521,0.443612331787927,TRUE,-0.759447243484727,0.302687144285397,0.0563780689446405
37,49,"one_by_twelve",3,"survival_growth",FALSE,NA,TRUE,"survival_slope_20",0.64,0.390760755174277,0.0740076254009658,0.251123444076967,0.394273767377772,0.549740883634372,FALSE,-3.36775086993226,0.298617439557405,0.249239244825723
37,49,"one_by_twelve",3,"survival_growth",FALSE,NA,TRUE,"growth_increment_80",8.4,9.76650337695493,0.706064911464647,8.37949812655041,9.74174618844674,11.1763011200635,TRUE,1.93537924738433,2.7968029935131,1.36650337695493
37,49,"one_by_twelve",3,"survival_growth",FALSE,NA,TRUE,"growth_slope_20",-2.4,-1.94732030629542,0.394696445903292,-2.73488990767213,-1.93229676187309,-1.1989235467562,TRUE,1.14690592834853,1.53596636091593,0.45267969370458
37,49,"one_by_twelve",3,"survival_growth",FALSE,NA,TRUE,"log_growth_sd",1.50407739677627,2.06440726761738,0.082570846440349,1.89648686656994,2.06728357887533,2.21560203788579,FALSE,6.78604973785637,0.319115171315841,0.560329870841109
37,49,"one_by_twelve",3,"survival_growth",FALSE,NA,TRUE,"log_recruitment_at_80",-1.69314718055995,-0.949778565663008,0.159973252618785,-1.25741650866187,-0.954978273718476,-0.609918925197525,FALSE,4.64683065905011,0.647497583464349,0.743368614896937
37,49,"one_by_twelve",3,"survival_growth",FALSE,NA,TRUE,"recruitment_slope_20",1.5,1.19763307058546,0.0960931116646842,1.00988199198325,1.19750695263129,1.38181424216201,FALSE,-3.14660358246741,0.371932250178765,0.302366929414537
37,49,"one_by_twelve",3,"survival_growth",FALSE,NA,TRUE,"recruit_mean_80",44.6,44.1182957591366,0.531753691611406,43.1459991504513,44.1078685962737,45.1664822927738,TRUE,-0.905878508156015,2.02048314232252,0.481704240863394
37,49,"one_by_twelve",3,"survival_growth",FALSE,NA,TRUE,"recruit_mean_slope_20",0.4,0.68416991586322,0.217585900924509,0.260712814493733,0.684923103621641,1.10264053100849,TRUE,1.30601254334862,0.841927716514755,0.28416991586322
37,49,"one_by_twelve",3,"survival_growth",FALSE,NA,TRUE,"log_recruit_sd",1.25276296849537,1.13664865734994,0.073083922717183,0.98938096019518,1.13695841090589,1.27283267991564,TRUE,-1.58878049820558,0.283451719720457,0.116114311145424
37,49,"one_by_twelve",3,"survival_growth",FALSE,NA,TRUE,"log_process_precision",NA,3.58915811926248,0.491097582479628,2.6608710180095,3.585701568497,4.57715270499837,NA,NA,1.91628168698888,NA
38,50,"three_by_four",3,"survival_growth",FALSE,NA,TRUE,"survival_at_80",0.36,0.485659091924377,0.114697768037511,0.267383346702238,0.481845182117135,0.717806422912985,TRUE,1.09556701995527,0.450423076210746,0.125659091924377
38,50,"three_by_four",3,"survival_growth",FALSE,NA,TRUE,"survival_slope_20",0.64,0.71654526506797,0.085403556192189,0.546129055140159,0.71999147390096,0.883542754017676,TRUE,0.896277256835946,0.337413698877517,0.0765452650679698
38,50,"three_by_four",3,"survival_growth",FALSE,NA,TRUE,"growth_increment_80",8.4,8.57962978729438,0.907340231448053,6.72017528422046,8.59656088500316,10.3035061797059,TRUE,0.197974013571183,3.58333089548548,0.179629787294378
38,50,"three_by_four",3,"survival_growth",FALSE,NA,TRUE,"growth_slope_20",-2.4,-1.75191842068958,0.442494749660046,-2.5902475976871,-1.76793457579942,-0.858424297704043,TRUE,1.46460851752098,1.73182329998306,0.648081579310415
38,50,"three_by_four",3,"survival_growth",FALSE,NA,TRUE,"log_growth_sd",1.50407739677627,1.70046076390177,0.154850323723092,1.40731215453387,1.69435606329838,2.04117408519743,TRUE,1.2682141206025,0.633861930663555,0.196383367125494
38,50,"three_by_four",3,"survival_growth",FALSE,NA,TRUE,"log_recruitment_at_80",-1.69314718055995,-0.949985093690027,0.142469900812768,-1.2353850079497,-0.946020480302216,-0.679661118912808,FALSE,5.21627433324721,0.555723889036895,0.743162086869919
38,50,"three_by_four",3,"survival_growth",FALSE,NA,TRUE,"recruitment_slope_20",1.5,1.04115463949984,0.114006406205095,0.830467791928191,1.03592097874189,1.27754767268821,FALSE,-4.02473313363377,0.447079880760016,0.458845360500157
38,50,"three_by_four",3,"survival_growth",FALSE,NA,TRUE,"recruit_mean_80",44.6,44.3063169783684,0.67830908154241,42.9912481905562,44.297923992845,45.5676188372007,TRUE,-0.432963422756757,2.57637064664454,0.293683021631594
38,50,"three_by_four",3,"survival_growth",FALSE,NA,TRUE,"recruit_mean_slope_20",0.4,1.08298786009753,0.412542040977178,0.259662793947622,1.09796378016374,1.89678985446323,TRUE,1.65555941518047,1.63712706051561,0.682987860097535
38,50,"three_by_four",3,"survival_growth",FALSE,NA,TRUE,"log_recruit_sd",1.25276296849537,1.25075542031928,0.100969147097052,1.06023932472455,1.2521518809446,1.45331631708472,TRUE,-0.0198827882953004,0.393076992360166,0.00200754817608773
38,50,"three_by_four",3,"survival_growth",FALSE,NA,TRUE,"log_process_precision",NA,4.87246897742785,1.27605737334073,2.33047138415111,4.92887970435823,7.29495817869429,NA,NA,4.96448679454317,NA
39,51,"six_by_two",3,"survival_growth",FALSE,NA,TRUE,"survival_at_80",0.36,0.420659977877559,0.143625457791426,0.136913611561856,0.428291159170655,0.697704804297348,TRUE,0.422348369226091,0.560791192735492,0.0606599778775595
39,51,"six_by_two",3,"survival_growth",FALSE,NA,TRUE,"survival_slope_20",0.64,0.658115321442813,0.10257189547988,0.458761365839022,0.657649877418018,0.862192391121656,TRUE,0.176610965002269,0.403431025282634,0.0181153214428135
39,51,"six_by_two",3,"survival_growth",FALSE,NA,TRUE,"growth_increment_80",8.4,8.15045577492039,1.06706986517347,6.07947640728107,8.1398469203737,10.1011445191449,TRUE,-0.233859312519374,4.02166811186379,0.249544225079608
39,51,"six_by_two",3,"survival_growth",FALSE,NA,TRUE,"growth_slope_20",-2.4,-1.69887342781494,0.488618428700362,-2.60380263364737,-1.7021289196403,-0.74935754099535,TRUE,1.43491634986001,1.85444509265202,0.701126572185058
39,51,"six_by_two",3,"survival_growth",FALSE,NA,TRUE,"log_growth_sd",1.50407739677627,1.80605596644453,0.161368631365943,1.49533368386832,1.8087463314738,2.12221560210816,TRUE,1.87135856028579,0.626881918239843,0.301978569668259
39,51,"six_by_two",3,"survival_growth",FALSE,NA,TRUE,"log_recruitment_at_80",-1.69314718055995,-1.46187830719237,0.21336642020464,-1.87071180794875,-1.46573523253175,-1.03232029342984,TRUE,1.08390473602061,0.838391514518908,0.231268873367573
39,51,"six_by_two",3,"survival_growth",FALSE,NA,TRUE,"recruitment_slope_20",1.5,1.29633290016097,0.151419754093196,0.995821910229124,1.30294065796072,1.58042689325073,TRUE,-1.34504973316541,0.584604983021605,0.203667099839025
39,51,"six_by_two",3,"survival_growth",FALSE,NA,TRUE,"recruit_mean_80",44.6,44.296124515011,0.984576404032693,42.4017476471991,44.2882983334391,46.2636262639035,TRUE,-0.308635758224874,3.86187861670444,0.30387548498895
39,51,"six_by_two",3,"survival_growth",FALSE,NA,TRUE,"recruit_mean_slope_20",0.4,0.809558620918648,0.706606736823429,-0.568598153511068,0.824167869442915,2.16343056717606,TRUE,0.579613241107537,2.73202872068713,0.409558620918648
39,51,"six_by_two",3,"survival_growth",FALSE,NA,TRUE,"log_recruit_sd",1.25276296849537,1.18972668391304,0.087513993345685,1.02167943821662,1.18918227759966,1.36346983867567,TRUE,-0.720299487801123,0.34179040045905,0.0630362845823278
39,51,"six_by_two",3,"survival_growth",FALSE,NA,TRUE,"log_process_precision",NA,3.44332124611753,0.504711845260435,2.44517622793812,3.43636505325416,4.44582123403194,NA,NA,2.00064500609382,NA
40,73,"one_by_twelve",4,"survival_growth",FALSE,NA,TRUE,"survival_at_80",0.36,0.495794542130086,0.08200088846422,0.323044180596059,0.498293834316794,0.648885744273495,TRUE,1.65601305880166,0.325841563677436,0.135794542130087
40,73,"one_by_twelve",4,"survival_growth",FALSE,NA,TRUE,"survival_slope_20",0.64,0.704037773207632,0.046650917502683,0.612529215797495,0.703776152111165,0.795238902512252,TRUE,1.37270125939,0.182709686714757,0.0640377732076317
40,73,"one_by_twelve",4,"survival_growth",FALSE,NA,TRUE,"growth_increment_80",8.4,8.14963349010368,0.585507687213444,7.03653175700819,8.11467403019837,9.32864066248822,TRUE,-0.427605845941787,2.29210890548003,0.250366509896324
40,73,"one_by_twelve",4,"survival_growth",FALSE,NA,TRUE,"growth_slope_20",-2.4,-2.15614932934582,0.214580269095428,-2.59018994059381,-2.15281964086655,-1.75466245345051,TRUE,1.13640770273119,0.835527487143291,0.243850670654176
40,73,"one_by_twelve",4,"survival_growth",FALSE,NA,TRUE,"log_growth_sd",1.50407739677627,1.42836696020205,0.157669742076093,1.1239938738565,1.42766858846532,1.73980066574212,TRUE,-0.480183677459726,0.615806791885616,0.0757104365742247
40,73,"one_by_twelve",4,"survival_growth",FALSE,NA,TRUE,"log_recruitment_at_80",-1.69314718055995,-0.622330552107993,0.149845886800849,-0.929463890471954,-0.629325136278347,-0.325430413427221,FALSE,7.14611959869882,0.604033477044733,1.07081662845195
40,73,"one_by_twelve",4,"survival_growth",FALSE,NA,TRUE,"recruitment_slope_20",1.5,0.952181739945844,0.119676047573489,0.730489803820939,0.95453145108741,1.18477100124049,FALSE,-4.5775096283804,0.454281197419553,0.547818260054156
40,73,"one_by_twelve",4,"survival_growth",FALSE,NA,TRUE,"recruit_mean_80",44.6,44.6073233024627,0.581843546279094,43.4341525720944,44.6072709348342,45.6823600351807,TRUE,0.0125863774025044,2.24820746308632,0.0073233024626802
40,73,"one_by_twelve",4,"survival_growth",FALSE,NA,TRUE,"recruit_mean_slope_20",0.4,0.519701161774302,0.331955599856235,-0.105896735720797,0.5133348862408,1.17630617957503,TRUE,0.360593892153475,1.28220291529583,0.119701161774302
40,73,"one_by_twelve",4,"survival_growth",FALSE,NA,TRUE,"log_recruit_sd",1.25276296849537,1.22582302666071,0.0646880947540649,1.10218832312485,1.22555322677379,1.35848702571498,TRUE,-0.416459039906534,0.256298702590126,0.0269399418346608
40,73,"one_by_twelve",4,"survival_growth",FALSE,NA,TRUE,"log_process_precision",NA,5.80243601465779,1.16207915894312,3.5317532559098,5.80288084785088,8.07553742817416,NA,NA,4.54378417226437,NA
41,74,"three_by_four",4,"survival_growth",FALSE,NA,TRUE,"survival_at_80",0.36,0.266117499574794,0.0742001605494791,0.128553058604011,0.265189342788009,0.420867002141435,TRUE,-1.26526007127171,0.292313943537424,0.0938825004252062
41,74,"three_by_four",4,"survival_growth",FALSE,NA,TRUE,"survival_slope_20",0.64,0.568526958596502,0.0650420699796465,0.444416892025347,0.568436925859146,0.690864785468437,TRUE,-1.09887402762341,0.246447893443091,0.071473041403498
41,74,"three_by_four",4,"survival_growth",FALSE,NA,TRUE,"growth_increment_80",8.4,9.48522325886789,0.717697063606861,8.06385613932845,9.51564558934469,10.8373780689816,TRUE,1.51209098364425,2.77352192965319,1.08522325886789
41,74,"three_by_four",4,"survival_growth",FALSE,NA,TRUE,"growth_slope_20",-2.4,-2.42817700537219,0.279736374675018,-2.99287360450654,-2.41933835925069,-1.91205919052606,TRUE,-0.100726998428168,1.08081441398048,0.0281770053721919
41,74,"three_by_four",4,"survival_growth",FALSE,NA,TRUE,"log_growth_sd",1.50407739677627,1.58870316432541,0.149477147955819,1.28838115559653,1.59073229992594,1.86827202258553,TRUE,0.566145184775305,0.579890866989004,0.0846257675491326
41,74,"three_by_four",4,"survival_growth",FALSE,NA,TRUE,"log_recruitment_at_80",-1.69314718055995,-1.64289795248799,0.242107664903088,-2.12421978135157,-1.64275287523698,-1.17147282946476,TRUE,0.207549100488301,0.952746951886812,0.0502492280719591
41,74,"three_by_four",4,"survival_growth",FALSE,NA,TRUE,"recruitment_slope_20",1.5,1.42368818450384,0.163602154862105,1.09821091770046,1.42340744297402,1.73167823722338,TRUE,-0.466447496125447,0.633467319522922,0.0763118154961566
41,74,"three_by_four",4,"survival_growth",FALSE,NA,TRUE,"recruit_mean_80",44.6,45.1982093750794,0.742203773857109,43.7926108640703,45.1688468620101,46.6709258483455,TRUE,0.805990748296193,2.87831498427519,0.59820937507935
41,74,"three_by_four",4,"survival_growth",FALSE,NA,TRUE,"recruit_mean_slope_20",0.4,-0.15604059241255,0.434060553015796,-1.02386107648547,-0.129466837806705,0.657667789660931,TRUE,-1.28102078972451,1.6815288661464,0.55604059241255
41,74,"three_by_four",4,"survival_growth",FALSE,NA,TRUE,"log_recruit_sd",1.25276296849537,1.19213732678245,0.0545334803876006,1.08630181123961,1.19324905317904,1.29687217968411,TRUE,-1.11171414848296,0.210570368444501,0.0606256417129134
41,74,"three_by_four",4,"survival_growth",FALSE,NA,TRUE,"log_process_precision",NA,4.09961045844155,0.884521836118372,2.47074939733452,4.05392638735156,5.8058779152399,NA,NA,3.33512851790538,NA
42,75,"six_by_two",4,"survival_growth",FALSE,NA,TRUE,"survival_at_80",0.36,0.363709724060328,0.137483865915106,0.110348630258875,0.358574181262027,0.655058205289448,TRUE,0.02698297749802,0.544709575030573,0.0037097240603281
42,75,"six_by_two",4,"survival_growth",FALSE,NA,TRUE,"survival_slope_20",0.64,0.612128949527025,0.110164354050937,0.407365915563019,0.608180798586124,0.839525389414489,TRUE,-0.252995179003979,0.43215947385147,0.0278710504729746
42,75,"six_by_two",4,"survival_growth",FALSE,NA,TRUE,"growth_increment_80",8.4,9.47377432371409,1.09605325555218,7.35110749776348,9.47018438799167,11.5990652202647,TRUE,0.979673495128784,4.2479577225012,1.07377432371409
42,75,"six_by_two",4,"survival_growth",FALSE,NA,TRUE,"growth_slope_20",-2.4,-2.47156215095608,0.48529727854433,-3.42879911836793,-2.4724090757863,-1.48019637049935,TRUE,-0.147460441506563,1.94860274786858,0.0715621509560807
42,75,"six_by_two",4,"survival_growth",FALSE,NA,TRUE,"log_growth_sd",1.50407739677627,1.84494676959492,0.166168095126126,1.5381614051694,1.8462938639198,2.18416534698555,FALSE,2.05135271340698,0.646003941816148,0.340869372818648
42,75,"six_by_two",4,"survival_growth",FALSE,NA,TRUE,"log_recruitment_at_80",-1.69314718055995,-1.15772244763187,0.500755214539644,-2.11347076877676,-1.17561071238401,-0.222881697708468,TRUE,1.0692344630306,1.89058907106829,0.535424732928071
42,75,"six_by_two",4,"survival_growth",FALSE,NA,TRUE,"recruitment_slope_20",1.5,-0.186344128725366,0.510231405006908,-1.17257541497318,-0.224925860313365,0.766711992085135,FALSE,-3.30505749386895,1.93928740705831,1.68634412872537
42,75,"six_by_two",4,"survival_growth",FALSE,NA,TRUE,"recruit_mean_80",44.6,45.322818969714,1.3371617104078,42.7859555461298,45.2856923554097,47.8876729802536,TRUE,0.540562120563251,5.10171743412374,0.722818969714027
42,75,"six_by_two",4,"survival_growth",FALSE,NA,TRUE,"recruit_mean_slope_20",0.4,0.157743430007925,1.35354334193252,-2.31882038622901,0.133909123175275,2.73744043476024,TRUE,-0.178979543903037,5.05626082098925,0.242256569992075
42,75,"six_by_two",4,"survival_growth",FALSE,NA,TRUE,"log_recruit_sd",1.25276296849537,1.31284508287931,0.0620245171169276,1.19078640591847,1.31555256648087,1.43835084260995,TRUE,0.968683307452009,0.24756443669148,0.0600821143839392
42,75,"six_by_two",4,"survival_growth",FALSE,NA,TRUE,"log_process_precision",NA,3.24396151047621,0.525512941818763,2.28183582880153,3.22206216791885,4.27922309147122,NA,NA,1.99738726266969,NA
43,97,"one_by_twelve",5,"survival_growth",FALSE,NA,TRUE,"survival_at_80",0.36,0.220377842082357,0.0812251005696969,0.0707919366046483,0.218877855670566,0.373197365461161,TRUE,-1.7189533400188,0.302405428856513,0.139622157917643
43,97,"one_by_twelve",5,"survival_growth",FALSE,NA,TRUE,"survival_slope_20",0.64,0.49934669554246,0.0471135687810413,0.40425968464306,0.500896938697889,0.590551946988102,FALSE,-2.98540968338062,0.186292262345042,0.14065330445754
43,97,"one_by_twelve",5,"survival_growth",FALSE,NA,TRUE,"growth_increment_80",8.4,8.53305556787375,0.736649024726153,7.11034266208302,8.54675435743933,9.92204678069982,TRUE,0.180622743542234,2.81170411861681,0.133055567873749
43,97,"one_by_twelve",5,"survival_growth",FALSE,NA,TRUE,"growth_slope_20",-2.4,-2.52968916849007,0.276583564302681,-3.04321189059682,-2.53583574754953,-1.97054034250555,TRUE,-0.468896873236255,1.07267154809127,0.129689168490066
43,97,"one_by_twelve",5,"survival_growth",FALSE,NA,TRUE,"log_growth_sd",1.50407739677627,1.78002326956526,0.146007562835799,1.49593062305552,1.77435721804288,2.07696816492858,TRUE,1.88994232510621,0.581037541873059,0.275945872788982
43,97,"one_by_twelve",5,"survival_growth",FALSE,NA,TRUE,"log_recruitment_at_80",-1.69314718055995,-3.0768073177029,0.454387325753855,-3.9737365550622,-3.0630232629112,-2.21578432556725,FALSE,-3.04511164532898,1.75795222949494,1.38366013714296
43,97,"one_by_twelve",5,"survival_growth",FALSE,NA,TRUE,"recruitment_slope_20",1.5,2.06864890026791,0.193735604744888,1.69974600666801,2.06108949702361,2.43332517798504,FALSE,2.93518014418005,0.733579171317028,0.568648900267911
43,97,"one_by_twelve",5,"survival_growth",FALSE,NA,TRUE,"recruit_mean_80",44.6,45.2388007076483,1.27025740088955,42.7339619165353,45.1705643178537,47.8623915233339,TRUE,0.502890758361974,5.12842960679856,0.638800707648258
43,97,"one_by_twelve",5,"survival_growth",FALSE,NA,TRUE,"recruit_mean_slope_20",0.4,0.138836773951901,0.408030257059669,-0.671784110257628,0.162852750201242,0.934441056316668,TRUE,-0.640058479805108,1.6062251665743,0.261163226048099
43,97,"one_by_twelve",5,"survival_growth",FALSE,NA,TRUE,"log_recruit_sd",1.25276296849537,1.25950261690462,0.0405324060607494,1.17403351836599,1.26019626663315,1.33707802380963,TRUE,0.166278024530445,0.163044505443646,0.00673964840924723
43,97,"one_by_twelve",5,"survival_growth",FALSE,NA,TRUE,"log_process_precision",NA,4.45039066578868,0.796096523811238,2.87892234622651,4.45553963099572,6.0249922682078,NA,NA,3.1460699219813,NA
44,98,"three_by_four",5,"survival_growth",FALSE,NA,TRUE,"survival_at_80",0.36,0.435453599155598,0.0982073183950672,0.24815477129187,0.435308799175697,0.623002121541525,TRUE,0.768309331612784,0.374847350249656,0.075453599155598
44,98,"three_by_four",5,"survival_growth",FALSE,NA,TRUE,"survival_slope_20",0.64,0.520755711132678,0.085803118551303,0.351882688310162,0.523730184584373,0.679199533582425,TRUE,-1.38974306389603,0.327316845272263,0.119244288867322
44,98,"three_by_four",5,"survival_growth",FALSE,NA,TRUE,"growth_increment_80",8.4,9.65003206188256,0.907908998685594,7.94135715427092,9.60732272855051,11.4530459595074,TRUE,1.37682528060882,3.51168880523647,1.25003206188256
44,98,"three_by_four",5,"survival_growth",FALSE,NA,TRUE,"growth_slope_20",-2.4,-1.87224563795464,0.353799699766476,-2.5851192761789,-1.87321362281678,-1.20895148588372,TRUE,1.49167555086592,1.37616779029518,0.527754362045357
44,98,"three_by_four",5,"survival_growth",FALSE,NA,TRUE,"log_growth_sd",1.50407739677627,1.80175380133828,0.140928936510613,1.5397777750884,1.79976869043707,2.0851770118942,FALSE,2.11224473789729,0.545399236805797,0.297676404562005
44,98,"three_by_four",5,"survival_growth",FALSE,NA,TRUE,"log_recruitment_at_80",-1.69314718055995,-1.21039147398657,0.130430220022942,-1.47014872099321,-1.21286847141985,-0.95099848105061,FALSE,3.70125655303242,0.519150239942603,0.482755706573373
44,98,"three_by_four",5,"survival_growth",FALSE,NA,TRUE,"recruitment_slope_20",1.5,0.904101871561854,0.110084726638236,0.689499326059202,0.904461048594769,1.12179881385884,FALSE,-5.41308632573895,0.432299487799636,0.595898128438146
44,98,"three_by_four",5,"survival_growth",FALSE,NA,TRUE,"recruit_mean_80",44.6,45.1063188739626,0.555478176927127,44.0426698020464,45.0999510679355,46.1655292903188,TRUE,0.911500928377645,2.12285948827235,0.506318873962599
44,98,"three_by_four",5,"survival_growth",FALSE,NA,TRUE,"recruit_mean_slope_20",0.4,0.2300045589517,0.436006927686127,-0.611959680522348,0.233578563747303,1.11936486976387,TRUE,-0.389891605508334,1.73132455028622,0.1699954410483
44,98,"three_by_four",5,"survival_growth",FALSE,NA,TRUE,"log_recruit_sd",1.25276296849537,1.22865919898584,0.0704592777925241,1.09496628353408,1.22719526658101,1.37428262189439,TRUE,-0.342095040776624,0.279316338360319,0.024103769509525
44,98,"three_by_four",5,"survival_growth",FALSE,NA,TRUE,"log_process_precision",NA,5.27894386075389,1.29176416743022,2.73751642351378,5.23948751493318,7.84105830574091,NA,NA,5.10354188222713,NA
45,99,"six_by_two",5,"survival_growth",FALSE,NA,TRUE,"survival_at_80",0.36,0.499271611001418,0.144396615136781,0.247381766042827,0.498028404099977,0.795027596547166,TRUE,0.964507449634409,0.547645830504339,0.139271611001418
45,99,"six_by_two",5,"survival_growth",FALSE,NA,TRUE,"survival_slope_20",0.64,0.615072000710922,0.105170314286067,0.417468654959023,0.614759434667079,0.825165354119551,TRUE,-0.237025052728024,0.407696699160528,0.024927999289078
45,99,"six_by_two",5,"survival_growth",FALSE,NA,TRUE,"growth_increment_80",8.4,6.54812844564876,1.10179420272698,4.45012453426824,6.53635132282167,8.66403323894592,TRUE,-1.6807780888371,4.21390870467767,1.85187155435124
45,99,"six_by_two",5,"survival_growth",FALSE,NA,TRUE,"growth_slope_20",-2.4,-1.90646310648657,0.501036038345953,-2.8686590957876,-1.88788187224389,-0.966960848211886,TRUE,0.985032723679363,1.90169824757572,0.493536893513431
45,99,"six_by_two",5,"survival_growth",FALSE,NA,TRUE,"log_growth_sd",1.50407739677627,1.96322367793554,0.122549014591983,1.71868427144397,1.96504937589014,2.21003594553108,FALSE,3.74663380760713,0.491351674087107,0.459146281159261
45,99,"six_by_two",5,"survival_growth",FALSE,NA,TRUE,"log_recruitment_at_80",-1.69314718055995,-2.38886574085374,0.300049898677858,-3.00444840945263,-2.38478526075234,-1.80839424302919,FALSE,-2.31867620472265,1.19605416642344,0.69571856029379
45,99,"six_by_two",5,"survival_growth",FALSE,NA,TRUE,"recruitment_slope_20",1.5,1.81688313495085,0.136157427199617,1.56133515302025,1.81285779991702,2.0857873094824,FALSE,2.32732904453513,0.524452156462153,0.316883134950847
45,99,"six_by_two",5,"survival_growth",FALSE,NA,TRUE,"recruit_mean_80",44.6,43.5044242637561,1.3319135148894,40.938810347495,43.5622890512601,46.2047961220115,TRUE,-0.822557714143208,5.26598577451652,1.09557573624387
45,99,"six_by_two",5,"survival_growth",FALSE,NA,TRUE,"recruit_mean_slope_20",0.4,0.854928708033252,0.586855712696577,-0.312363841091973,0.832977646716634,1.99358972431881,TRUE,0.775196863881369,2.30595356541079,0.454928708033252
45,99,"six_by_two",5,"survival_growth",FALSE,NA,TRUE,"log_recruit_sd",1.25276296849537,1.24325320205783,0.0858110814133642,1.07167324018856,1.23991001141259,1.41405189606206,TRUE,-0.11082212554493,0.342378655873506,0.00950976643753809
45,99,"six_by_two",5,"survival_growth",FALSE,NA,TRUE,"log_process_precision",NA,5.35695371119155,1.1825683262701,3.06142886146636,5.30125267311115,7.82055132112404,NA,NA,4.75912245965768,NA
61,1,"one_by_twelve",1,"recruit_size",FALSE,NA,TRUE,"survival_at_80",0.36,0.404727654611633,0.0569538435082387,0.296949696062878,0.404863004196785,0.521065192265437,TRUE,0.785331627446051,0.224115496202559,0.0447276546116328
61,1,"one_by_twelve",1,"recruit_size",FALSE,NA,TRUE,"survival_slope_20",0.64,0.615235298628881,0.038166287092322,0.540606919033185,0.614458718200311,0.686393427926739,TRUE,-0.648863257544916,0.145786508893555,0.0247647013711185
61,1,"one_by_twelve",1,"recruit_size",FALSE,NA,TRUE,"growth_increment_80",8.4,8.47893487587024,0.42228184514702,7.64878494145267,8.47093223963193,9.28224977937458,TRUE,0.186924625762111,1.6334648379219,0.0789348758702406
61,1,"one_by_twelve",1,"recruit_size",FALSE,NA,TRUE,"growth_slope_20",-2.4,-2.57904401516823,0.1676895816545,-2.88899477295792,-2.57415543272621,-2.25036960689768,TRUE,-1.06771102534637,0.63862516606024,0.17904401516823
61,1,"one_by_twelve",1,"recruit_size",FALSE,NA,TRUE,"log_growth_sd",1.50407739677627,1.48529453902321,0.127526693105044,1.24007340255485,1.48493352355422,1.72620856162269,TRUE,-0.147285696003986,0.486135159067842,0.0187828577530631
61,1,"one_by_twelve",1,"recruit_size",FALSE,NA,TRUE,"log_recruitment_at_80",-1.69314718055995,-2.67833675359113,0.279549207214182,-3.21612753270243,-2.69169874896426,-2.1388795212135,FALSE,-3.5242080735946,1.07724801148893,0.985189573031188
61,1,"one_by_twelve",1,"recruit_size",FALSE,NA,TRUE,"recruitment_slope_20",1.5,1.84197253994432,0.14098713772592,1.55069089924194,1.84835198000594,2.11825085738084,FALSE,2.42555842653614,0.567559958138902,0.341972539944317
61,1,"one_by_twelve",1,"recruit_size",FALSE,NA,TRUE,"recruit_mean_80",44.6,46.9261575863812,0.888645700626572,45.2327635593474,46.9209257721595,48.7396619503572,FALSE,2.6176434373576,3.50689839100986,2.32615758638119
61,1,"one_by_twelve",1,"recruit_size",FALSE,NA,TRUE,"recruit_mean_slope_20",0.4,-0.491158736903055,0.321493182868699,-1.14699743520635,-0.48121120137356,0.139315930766167,FALSE,-2.77193665181701,1.28631336597252,0.891158736903055
61,1,"one_by_twelve",1,"recruit_size",FALSE,NA,TRUE,"log_recruit_sd",1.25276296849537,1.15954376957542,0.0429808231219334,1.07717858648132,1.15905916148976,1.24631544026642,FALSE,-2.16885559998445,0.169136853785104,0.0932191989199465
61,1,"one_by_twelve",1,"recruit_size",FALSE,NA,TRUE,"log_process_precision",NA,4.7853092299183,0.922240143420756,2.99889088578205,4.80703436144046,6.57706409998344,NA,NA,3.57817321420139,NA
62,2,"three_by_four",1,"recruit_size",FALSE,NA,TRUE,"survival_at_80",0.36,0.293080884657844,0.103639138478774,0.0796765704066984,0.290510515040011,0.482004247638687,TRUE,-0.645693473762919,0.402327677231988,0.0669191153421559
62,2,"three_by_four",1,"recruit_size",FALSE,NA,TRUE,"survival_slope_20",0.64,0.702427271791622,0.0807532067785582,0.548717330161718,0.701571766178888,0.858114698965561,TRUE,0.773062448935435,0.309397368803843,0.0624272717916218
62,2,"three_by_four",1,"recruit_size",FALSE,NA,TRUE,"growth_increment_80",8.4,9.32772138025785,0.792588384178287,7.89195105945144,9.32541746770577,10.9104905410136,TRUE,1.17049580687415,3.01853948156217,0.927721380257847
62,2,"three_by_four",1,"recruit_size",FALSE,NA,TRUE,"growth_slope_20",-2.4,-3.16581315038734,0.320015063156276,-3.78994486405668,-3.16156050498772,-2.58592685951765,FALSE,-2.39305344827897,1.20401800453902,0.765813150387339
62,2,"three_by_four",1,"recruit_size",FALSE,NA,TRUE,"log_growth_sd",1.50407739677627,1.35357307185986,0.185362954918659,0.992374599746921,1.35765742296615,1.69349166793908,TRUE,-0.811943923652158,0.701117068192164,0.150504324916414
62,2,"three_by_four",1,"recruit_size",FALSE,NA,TRUE,"log_recruitment_at_80",-1.69314718055995,-1.32014497887608,0.490301385891905,-2.30189722488209,-1.30300133974877,-0.450127360445068,TRUE,0.760761059252029,1.85176986443703,0.373002201683864
62,2,"three_by_four",1,"recruit_size",FALSE,NA,TRUE,"recruitment_slope_20",1.5,1.31344289229977,0.291060326237948,0.782262267374698,1.31513725267508,1.90303004956644,TRUE,-0.640956842560933,1.12076778219174,0.186557107700231
62,2,"three_by_four",1,"recruit_size",FALSE,NA,TRUE,"recruit_mean_80",44.6,45.0272030047766,1.2376780052462,42.6297089512352,45.0287117412601,47.5172970553766,TRUE,0.345164899889796,4.88758810414141,0.427203004776608
62,2,"three_by_four",1,"recruit_size",FALSE,NA,TRUE,"recruit_mean_slope_20",0.4,0.454930646549723,0.65677284708233,-0.882087301032913,0.459703983603042,1.79080637300839,TRUE,0.0836372069791698,2.6728936740413,0.0549306465497234
62,2,"three_by_four",1,"recruit_size",FALSE,NA,TRUE,"log_recruit_sd",1.25276296849537,1.3012612910217,0.081028751763038,1.14118621718357,1.29920263145556,1.45096970298185,TRUE,0.598532267511168,0.309783485798274,0.0484983225263307
62,2,"three_by_four",1,"recruit_size",FALSE,NA,TRUE,"log_process_precision",NA,1.83684054917038,0.200790886521858,1.45624032018349,1.84327966980413,2.23176687470315,NA,NA,0.775526554519659,NA
63,3,"six_by_two",1,"recruit_size",FALSE,NA,TRUE,"survival_at_80",0.36,0.483093487678302,0.103761426929511,0.277432722927323,0.478003643833798,0.682273006630131,TRUE,1.18631259535322,0.404840283702807,0.123093487678302
63,3,"six_by_two",1,"recruit_size",FALSE,NA,TRUE,"survival_slope_20",0.64,0.648011005795487,0.100252243049308,0.463730963921332,0.647340086773244,0.848075675824951,TRUE,0.0799084943321133,0.384344711903619,0.0080110057954873
63,3,"six_by_two",1,"recruit_size",FALSE,NA,TRUE,"growth_increment_80",8.4,8.23008492774444,0.188499220527,7.86988467285967,8.23195902690244,8.59230520837063,TRUE,-0.901409946314472,0.722420535510969,0.169915072255563
63,3,"six_by_two",1,"recruit_size",FALSE,NA,TRUE,"growth_slope_20",-2.4,-2.9915722133465,0.106723985248871,-3.20483257790236,-2.99320426811817,-2.78267881255874,FALSE,-5.54301089831869,0.422153765343616,0.591572213346498
63,3,"six_by_two",1,"recruit_size",FALSE,NA,TRUE,"log_growth_sd",1.50407739677627,1.93141999001578,0.15477605997252,1.61935764562352,1.93122567918842,2.21619668511178,FALSE,2.7610380656762,0.596839039488259,0.42734259323951
63,3,"six_by_two",1,"recruit_size",FALSE,NA,TRUE,"log_recruitment_at_80",-1.69314718055995,-0.876594816975496,0.110165509875944,-1.08509219123747,-0.881476015058938,-0.664692630808744,FALSE,7.41205087240062,0.420399560428728,0.81655236358445
63,3,"six_by_two",1,"recruit_size",FALSE,NA,TRUE,"recruitment_slope_20",1.5,0.781540154636323,0.169528429975951,0.46725831562354,0.788962366602762,1.09743287589145,FALSE,-4.23799032094851,0.630174560267914,0.718459845363677
63,3,"six_by_two",1,"recruit_size",FALSE,NA,TRUE,"recruit_mean_80",44.6,45.207195074195,0.412775216072147,44.4183327928635,45.2057580024315,46.0272438677139,TRUE,1.47100661704679,1.60891107485044,0.607195074195047
63,3,"six_by_two",1,"recruit_size",FALSE,NA,TRUE,"recruit_mean_slope_20",0.4,0.203319932369531,0.571868363624284,-0.944066363715537,0.219879434228417,1.33629962154643,TRUE,-0.343925420850326,2.28036598526197,0.196680067630469
63,3,"six_by_two",1,"recruit_size",FALSE,NA,TRUE,"log_recruit_sd",1.25276296849537,1.28753024435764,0.0587374619165823,1.17135485372014,1.28643397837286,1.40814060718842,TRUE,0.591909740867771,0.236785753468286,0.0347672758622748
63,3,"six_by_two",1,"recruit_size",FALSE,NA,TRUE,"log_process_precision",NA,4.54542977301569,0.997671390864575,2.67953890380483,4.4841627249806,6.45906643736456,NA,NA,3.77952753355973,NA
64,25,"one_by_twelve",2,"recruit_size",FALSE,NA,TRUE,"survival_at_80",0.36,0.47537328970777,0.0467694187090575,0.38570171136812,0.475093001447011,0.568708898982616,FALSE,2.4668531893775,0.183007187614495,0.11537328970777
64,25,"one_by_twelve",2,"recruit_size",FALSE,NA,TRUE,"survival_slope_20",0.64,0.564099896069702,0.0449160367122127,0.47642988408253,0.564802858583801,0.648451240867072,TRUE,-1.68982193189946,0.172021356784542,0.0759001039302981
64,25,"one_by_twelve",2,"recruit_size",FALSE,NA,TRUE,"growth_increment_80",8.4,7.8607020768729,0.097252012831869,7.67694494258067,7.85814999536197,8.05355667673711,FALSE,-5.54536515413261,0.376611734156437,0.539297923127104
64,25,"one_by_twelve",2,"recruit_size",FALSE,NA,TRUE,"growth_slope_20",-2.4,-2.24694858305698,0.0463323905366265,-2.33824507701966,-2.24630014046035,-2.15208802578634,FALSE,3.30333520827144,0.186157051233321,0.153051416943021
64,25,"one_by_twelve",2,"recruit_size",FALSE,NA,TRUE,"log_growth_sd",1.50407739677627,1.81611486878493,0.113371908378582,1.60432386436546,1.8149003750459,2.03663400217197,FALSE,2.75233500495262,0.432310137806516,0.312037472008654
64,25,"one_by_twelve",2,"recruit_size",FALSE,NA,TRUE,"log_recruitment_at_80",-1.69314718055995,-1.93551968464925,0.288958682751331,-2.50514466526086,-1.93511654397706,-1.37679925800049,TRUE,-0.838779100809658,1.12834540726037,0.242372504089305
64,25,"one_by_twelve",2,"recruit_size",FALSE,NA,TRUE,"recruitment_slope_20",1.5,1.56674572495265,0.125541335364395,1.32024455914532,1.56807638010845,1.81888278288124,TRUE,0.531663334302693,0.498638223735921,0.0667457249526466
64,25,"one_by_twelve",2,"recruit_size",FALSE,NA,TRUE,"recruit_mean_80",44.6,45.4181398344399,1.06833736286293,43.2640120276383,45.4704186480834,47.4539241160127,TRUE,0.765806628954198,4.18991208837434,0.818139834439876
64,25,"one_by_twelve",2,"recruit_size",FALSE,NA,TRUE,"recruit_mean_slope_20",0.4,0.0519826504650695,0.389281786066339,-0.67516166673913,0.0520778030032607,0.830407037765225,TRUE,-0.893998542936256,1.50556870450436,0.34801734953493
64,25,"one_by_twelve",2,"recruit_size",FALSE,NA,TRUE,"log_recruit_sd",1.25276296849537,1.28631849907981,0.0469220356856662,1.1938526498823,1.28806382582555,1.37751880395954,TRUE,0.715133733950253,0.183666154077234,0.0335555305844375
64,25,"one_by_twelve",2,"recruit_size",FALSE,NA,TRUE,"log_process_precision",NA,3.68120697531072,0.456098492309496,2.77441005425944,3.6827736225906,4.57031616092945,NA,NA,1.79590610667,NA
65,26,"three_by_four",2,"recruit_size",FALSE,NA,TRUE,"survival_at_80",0.36,0.575040768102943,0.1132166340881,0.342518573836048,0.577511602509652,0.793502247117863,TRUE,1.89937432635216,0.450983673281814,0.215040768102943
65,26,"three_by_four",2,"recruit_size",FALSE,NA,TRUE,"survival_slope_20",0.64,0.613671023737672,0.0717589626419695,0.477156685432606,0.613272421137007,0.753674514364442,TRUE,-0.366908540661218,0.276517828931836,0.0263289762623279
65,26,"three_by_four",2,"recruit_size",FALSE,NA,TRUE,"growth_increment_80",8.4,7.28010768855398,0.806399041078831,5.69364525830259,7.27014114483338,8.81873122552122,TRUE,-1.38875699795945,3.12508596721863,1.11989231144602
65,26,"three_by_four",2,"recruit_size",FALSE,NA,TRUE,"growth_slope_20",-2.4,-1.74947311200214,0.365475033219994,-2.46777893346545,-1.75421713089563,-1.05213044273474,TRUE,1.7799489126971,1.41564849073071,0.650526887997864
65,26,"three_by_four",2,"recruit_size",FALSE,NA,TRUE,"log_growth_sd",1.50407739677627,1.56978625811425,0.146558505616757,1.26607408243707,1.57233595928296,1.85792342057067,TRUE,0.448345601379167,0.5918493381336,0.0657088613379768
65,26,"three_by_four",2,"recruit_size",FALSE,NA,TRUE,"log_recruitment_at_80",-1.69314718055995,-1.52838017050055,0.300324407132889,-2.12634173333481,-1.53688913605657,-0.950994911913615,TRUE,0.548630101803525,1.17534682142119,0.1647670100594
65,26,"three_by_four",2,"recruit_size",FALSE,NA,TRUE,"recruitment_slope_20",1.5,1.31639196817101,0.190574397564824,0.9607016890517,1.31823400233401,1.69845517199532,TRUE,-0.96344542695741,0.737753482943621,0.183608031828993
65,26,"three_by_four",2,"recruit_size",FALSE,NA,TRUE,"recruit_mean_80",44.6,45.1169477657681,0.927857455591454,43.2355377322423,45.1546096478547,46.8819339300184,TRUE,0.557141361157247,3.64639619777607,0.516947765768123
65,26,"three_by_four",2,"recruit_size",FALSE,NA,TRUE,"recruit_mean_slope_20",0.4,-0.0645896487181614,0.51825945395835,-1.04693433240994,-0.0743150381152112,0.975334725577187,TRUE,-0.896442207025321,2.02226905798713,0.464589648718161
65,26,"three_by_four",2,"recruit_size",FALSE,NA,TRUE,"log_recruit_sd",1.25276296849537,1.210548569258,0.0534341154235854,1.11026669272145,1.21241733726795,1.30886090000653,TRUE,-0.790027099779263,0.19859420728508,0.0422143992373656
65,26,"three_by_four",2,"recruit_size",FALSE,NA,TRUE,"log_process_precision",NA,5.74728518923878,1.18408575243673,3.47488446249318,5.77945422930705,7.94127834983228,NA,NA,4.4663938873391,NA
66,27,"six_by_two",2,"recruit_size",FALSE,NA,TRUE,"survival_at_80",0.36,0.233462835502195,0.119947932379461,-0.000116292093462825,0.23434953879352,0.463525288557148,TRUE,-1.05493410338662,0.463641580650611,0.126537164497805
66,27,"six_by_two",2,"recruit_size",FALSE,NA,TRUE,"survival_slope_20",0.64,0.518345964220156,0.113599539695997,0.290978345486393,0.519196784114755,0.732332067287669,TRUE,-1.07090254155433,0.441353721801276,0.121654035779844
66,27,"six_by_two",2,"recruit_size",FALSE,NA,TRUE,"growth_increment_80",8.4,9.32076899856507,1.12947888536516,7.1002953226856,9.28877544338764,11.5357477318806,TRUE,0.815215769409784,4.43545240919499,0.920768998565068
66,27,"six_by_two",2,"recruit_size",FALSE,NA,TRUE,"growth_slope_20",-2.4,-2.52944068238768,0.512020471668608,-3.553749449948,-2.53975446426819,-1.55538001211617,TRUE,-0.252803724753129,1.99836943783183,0.129440682387678
66,27,"six_by_two",2,"recruit_size",FALSE,NA,TRUE,"log_growth_sd",1.50407739677627,1.98073714121561,0.202544997382088,1.56359484498418,1.9884803262119,2.36639977256551,FALSE,2.3533523444183,0.802804927581333,0.476659744439335
66,27,"six_by_two",2,"recruit_size",FALSE,NA,TRUE,"log_recruitment_at_80",-1.69314718055995,-0.886718516186747,0.10660144677309,-1.10689801748471,-0.880530755508855,-0.691090981488665,FALSE,7.56489418093687,0.415807035996046,0.806428664373198
66,27,"six_by_two",2,"recruit_size",FALSE,NA,TRUE,"recruitment_slope_20",1.5,0.848704648878666,0.12635778356877,0.601891219488774,0.84798916268953,1.10120704020578,FALSE,-5.15437460777293,0.499315820717003,0.651295351121334
66,27,"six_by_two",2,"recruit_size",FALSE,NA,TRUE,"recruit_mean_80",44.6,45.3676051068268,0.410878915968421,44.5858609956766,45.3406100441185,46.1691110454755,TRUE,1.86820271616408,1.58325004979889,0.767605106826757
66,27,"six_by_two",2,"recruit_size",FALSE,NA,TRUE,"recruit_mean_slope_20",0.4,0.0564420343114919,0.528122139404313,-1.01626774313585,0.084727349333385,1.03252898166058,TRUE,-0.650527482290401,2.04879672479644,0.343557965688508
66,27,"six_by_two",2,"recruit_size",FALSE,NA,TRUE,"log_recruit_sd",1.25276296849537,1.28193055921388,0.059134155277791,1.1667755108766,1.28058654494381,1.40481534501026,TRUE,0.493244396262966,0.238039834133658,0.0291675907185145
66,27,"six_by_two",2,"recruit_size",FALSE,NA,TRUE,"log_process_precision",NA,4.83315930836531,1.12888690441128,2.69951576236516,4.79230482186961,7.11576433890387,NA,NA,4.4162485765387,NA
67,49,"one_by_twelve",3,"recruit_size",FALSE,NA,TRUE,"survival_at_80",0.36,0.300148001246631,0.0740848237191689,0.158598078218984,0.30105383965289,0.453232259442689,TRUE,-0.807884742767944,0.294634181223705,0.0598519987533692
67,49,"one_by_twelve",3,"recruit_size",FALSE,NA,TRUE,"survival_slope_20",0.64,0.381506910739768,0.069364595587613,0.252339464762005,0.382648047833168,0.516106589245973,FALSE,-3.72658540095912,0.263767124483968,0.258493089260232
67,49,"one_by_twelve",3,"recruit_size",FALSE,NA,TRUE,"growth_increment_80",8.4,9.81852186380201,0.725342589729815,8.37094681140251,9.80690371012314,11.2144525682916,TRUE,1.95565775936361,2.84350575688909,1.41852186380201
67,49,"one_by_twelve",3,"recruit_size",FALSE,NA,TRUE,"growth_slope_20",-2.4,-1.88363463803192,0.384967808858867,-2.65586779059174,-1.88950932168382,-1.08504687745698,TRUE,1.34132088472205,1.57082091313476,0.516365361968084
67,49,"one_by_twelve",3,"recruit_size",FALSE,NA,TRUE,"log_growth_sd",1.50407739677627,2.08120136254826,0.0789744283273205,1.93341127579068,2.07964861422689,2.23025470444485,FALSE,7.30773211019666,0.296843428654166,0.577123965771985
67,49,"one_by_twelve",3,"recruit_size",FALSE,NA,TRUE,"log_recruitment_at_80",-1.69314718055995,-0.957390936917652,0.156282541557099,-1.25019831066897,-0.955660443185734,-0.648210384218382,FALSE,4.70785947241252,0.601987926450589,0.735756243642294
67,49,"one_by_twelve",3,"recruit_size",FALSE,NA,TRUE,"recruitment_slope_20",1.5,1.19343041383855,0.0921580073773727,1.009536148582,1.19590844160419,1.36636053016816,FALSE,-3.32656483018447,0.356824381586161,0.306569586161449
67,49,"one_by_twelve",3,"recruit_size",FALSE,NA,TRUE,"recruit_mean_80",44.6,44.10182419103,0.502305378670045,43.0964501364028,44.1309234894481,45.0446501870418,TRUE,-0.991778766711589,1.948200050639,0.498175808969975
67,49,"one_by_twelve",3,"recruit_size",FALSE,NA,TRUE,"recruit_mean_slope_20",0.4,0.688399422998126,0.203295364090123,0.29149855244137,0.68436182354963,1.09811072716381,TRUE,1.41862272309503,0.806612174722442,0.288399422998125
67,49,"one_by_twelve",3,"recruit_size",FALSE,NA,TRUE,"log_recruit_sd",1.25276296849537,1.13481267711397,0.0713043493561423,0.987459493757489,1.1366212684532,1.28531385616293,TRUE,-1.65418088021912,0.297854362405442,0.117950291381395
67,49,"one_by_twelve",3,"recruit_size",FALSE,NA,TRUE,"log_process_precision",NA,3.6662789886081,0.523652732237469,2.65248058722966,3.65597153640868,4.72576748432481,NA,NA,2.07328689709515,NA
68,50,"three_by_four",3,"recruit_size",FALSE,NA,TRUE,"survival_at_80",0.36,0.491061198857666,0.122259736215702,0.248120794390413,0.491103471559267,0.72926917383661,TRUE,1.071989871027,0.481148379446197,0.131061198857666
68,50,"three_by_four",3,"recruit_size",FALSE,NA,TRUE,"survival_slope_20",0.64,0.710351130671526,0.0884169727234492,0.543706749700169,0.70894382696888,0.879046216778906,TRUE,0.795674501224675,0.335339467078737,0.0703511306715261
68,50,"three_by_four",3,"recruit_size",FALSE,NA,TRUE,"growth_increment_80",8.4,8.46972944836944,0.969730124795856,6.6397929891043,8.47343895702914,10.2857704095193,TRUE,0.0719060350776675,3.64597742041496,0.0697294483694417
68,50,"three_by_four",3,"recruit_size",FALSE,NA,TRUE,"growth_slope_20",-2.4,-1.70937693856397,0.479098365399142,-2.56841720564848,-1.71872117894385,-0.799593679137964,TRUE,1.4415057769205,1.76882352651052,0.690623061436031
68,50,"three_by_four",3,"recruit_size",FALSE,NA,TRUE,"log_growth_sd",1.50407739677627,1.73185192000649,0.15797942661397,1.43274730216321,1.73254710647991,2.04353093582252,TRUE,1.441798645002,0.61078363365931,0.227774523230215
68,50,"three_by_four",3,"recruit_size",FALSE,NA,TRUE,"log_recruitment_at_80",-1.69314718055995,-0.956022429159975,0.138786004074612,-1.22462693448003,-0.951223717023225,-0.690821230383786,FALSE,5.31123261538454,0.533805704096241,0.73712475139997
68,50,"three_by_four",3,"recruit_size",FALSE,NA,TRUE,"recruitment_slope_20",1.5,1.04465602523826,0.110909032602971,0.829228232032722,1.04663837191115,1.25991077833609,FALSE,-4.10556258651869,0.430682546303372,0.45534397476174
68,50,"three_by_four",3,"recruit_size",FALSE,NA,TRUE,"recruit_mean_80",44.6,44.3380584463332,0.63859085802929,43.0528842639209,44.3734840203489,45.5561237714315,TRUE,-0.410186820517874,2.50323950751066,0.261941553666816
68,50,"three_by_four",3,"recruit_size",FALSE,NA,TRUE,"recruit_mean_slope_20",0.4,1.06153116875105,0.40048575515809,0.280684595095934,1.04365965961873,1.88409698977613,TRUE,1.65182196927307,1.60341239468019,0.661531168751048
68,50,"three_by_four",3,"recruit_size",FALSE,NA,TRUE,"log_recruit_sd",1.25276296849537,1.25122155175407,0.091154714129791,1.06582324606641,1.25278428179522,1.42665755064841,TRUE,-0.0169098960598456,0.360834304582003,0.00154141674129971
68,50,"three_by_four",3,"recruit_size",FALSE,NA,TRUE,"log_process_precision",NA,4.91157854808203,1.37371019843044,2.37241660634393,4.83175717946188,7.69704928008011,NA,NA,5.32463267373618,NA
69,51,"six_by_two",3,"recruit_size",FALSE,NA,TRUE,"survival_at_80",0.36,0.440248313487513,0.154499180022393,0.159610879367004,0.440527299853544,0.751535816787036,TRUE,0.519409316449981,0.591924937420032,0.0802483134875135
69,51,"six_by_two",3,"recruit_size",FALSE,NA,TRUE,"survival_slope_20",0.64,0.661457231064709,0.109675793238817,0.435942883425209,0.662920352004867,0.876002037767096,TRUE,0.195642360370134,0.440059154341887,0.021457231064709
69,51,"six_by_two",3,"recruit_size",FALSE,NA,TRUE,"growth_increment_80",8.4,7.95164709161916,1.17156922447364,5.63810992964031,7.93330806852362,10.1216008490831,TRUE,-0.382694337658347,4.48349091944274,0.448352908380842
69,51,"six_by_two",3,"recruit_size",FALSE,NA,TRUE,"growth_slope_20",-2.4,-1.64564140314286,0.49964958150649,-2.63459548338211,-1.63141033139186,-0.684311237867171,TRUE,1.50977530008667,1.95028424551494,0.754358596857141
69,51,"six_by_two",3,"recruit_size",FALSE,NA,TRUE,"log_growth_sd",1.50407739677627,1.84808259561824,0.174974115431403,1.52116542203288,1.84026696644894,2.20272899014063,FALSE,1.96603479316818,0.681563568107755,0.344005198841964
69,51,"six_by_two",3,"recruit_size",FALSE,NA,TRUE,"log_recruitment_at_80",-1.69314718055995,-1.47949588518302,0.23239085606753,-1.92168196380506,-1.4743443812029,-1.02657672884162,TRUE,0.919361884509087,0.895105234963445,0.213651295376924
69,51,"six_by_two",3,"recruit_size",FALSE,NA,TRUE,"recruitment_slope_20",1.5,1.30272946843538,0.162430177533791,0.981754449982235,1.30097544694891,1.61788127577616,TRUE,-1.21449434187548,0.636126825793927,0.197270531564619
69,51,"six_by_two",3,"recruit_size",FALSE,NA,TRUE,"recruit_mean_80",44.6,44.4036227049662,0.834539838293455,42.7260688025025,44.4318119312816,46.0028664351021,TRUE,-0.235312067828179,3.27679763259962,0.196377295033827
69,51,"six_by_two",3,"recruit_size",FALSE,NA,TRUE,"recruit_mean_slope_20",0.4,0.718502097780515,0.594719553063323,-0.440934738501254,0.739043559705713,1.90611753602038,TRUE,0.535550069171178,2.34705227452164,0.318502097780515
69,51,"six_by_two",3,"recruit_size",FALSE,NA,TRUE,"log_recruit_sd",1.25276296849537,1.1877447058059,0.0814728805757884,1.02977951605125,1.18727203537794,1.34588986953377,TRUE,-0.798035643639619,0.316110353482522,0.0650182626894731
69,51,"six_by_two",3,"recruit_size",FALSE,NA,TRUE,"log_process_precision",NA,3.41868033834436,0.511227383603724,2.45721727978955,3.42514820906225,4.41212978872203,NA,NA,1.95491250893248,NA
70,73,"one_by_twelve",4,"recruit_size",FALSE,NA,TRUE,"survival_at_80",0.36,0.504025508430561,0.0874233762795657,0.33266095428896,0.509651450973442,0.669200299614786,TRUE,1.64744848071288,0.336539345325826,0.144025508430561
70,73,"one_by_twelve",4,"recruit_size",FALSE,NA,TRUE,"survival_slope_20",0.64,0.70355859233874,0.0459447850226031,0.620803835081177,0.702998535953145,0.800470915396834,TRUE,1.38336902234871,0.179667080315658,0.0635585923387403
70,73,"one_by_twelve",4,"recruit_size",FALSE,NA,TRUE,"growth_increment_80",8.4,8.11166666418615,0.614870919817375,6.89228338056382,8.13172367902577,9.36316108981623,TRUE,-0.468933115099166,2.47087770925241,0.288333335813851
70,73,"one_by_twelve",4,"recruit_size",FALSE,NA,TRUE,"growth_slope_20",-2.4,-2.13900484647352,0.214665907559988,-2.5554158642211,-2.13093857068608,-1.72174255079942,TRUE,1.21582023197392,0.833673313421678,0.260995153526477
70,73,"one_by_twelve",4,"recruit_size",FALSE,NA,TRUE,"log_growth_sd",1.50407739677627,1.41503143925013,0.16819721197959,1.08452399771367,1.41468964186805,1.7392805788193,TRUE,-0.52941399252771,0.654756581105632,0.0890459575261446
70,73,"one_by_twelve",4,"recruit_size",FALSE,NA,TRUE,"log_recruitment_at_80",-1.69314718055995,-0.617814270059093,0.147461195601216,-0.915832820899304,-0.611752049012967,-0.334209800552908,FALSE,7.29231107964776,0.581623020346396,1.07533291050085
70,73,"one_by_twelve",4,"recruit_size",FALSE,NA,TRUE,"recruitment_slope_20",1.5,0.946976482007516,0.11720252329647,0.709221780521653,0.947725184632479,1.16249610910207,FALSE,-4.71852911044913,0.453274328580418,0.553023517992484
70,73,"one_by_twelve",4,"recruit_size",FALSE,NA,TRUE,"recruit_mean_80",44.6,44.6151015027111,0.540412987733554,43.5732140709477,44.6093500997958,45.7562413302055,TRUE,0.0279443741246916,2.18302725925784,0.0151015027110688
70,73,"one_by_twelve",4,"recruit_size",FALSE,NA,TRUE,"recruit_mean_slope_20",0.4,0.52000601764161,0.304771178031767,-0.0911772696249553,0.51877862788123,1.15071281771442,TRUE,0.393757764158071,1.24189008733937,0.12000601764161
70,73,"one_by_twelve",4,"recruit_size",FALSE,NA,TRUE,"log_recruit_sd",1.25276296849537,1.22405067840411,0.0645780506732378,1.09419326811026,1.22337357829151,1.34814914665052,TRUE,-0.444613762600864,0.253955878540265,0.0287122900912575
70,73,"one_by_twelve",4,"recruit_size",FALSE,NA,TRUE,"log_process_precision",NA,5.84147746498333,1.14279529253541,3.69027748614727,5.86196291042567,8.11598819521665,NA,NA,4.42571070906938,NA
71,74,"three_by_four",4,"recruit_size",FALSE,NA,TRUE,"survival_at_80",0.36,0.263632007084025,0.0778307361441505,0.107051617605944,0.262031484163777,0.418584971555774,TRUE,-1.23817398742692,0.31153335394983,0.0963679929159753
71,74,"three_by_four",4,"recruit_size",FALSE,NA,TRUE,"survival_slope_20",0.64,0.560525425120149,0.0647553492601382,0.426598935037992,0.561210109013412,0.68447858988229,TRUE,-1.22730516919278,0.257879654844298,0.0794745748798513
71,74,"three_by_four",4,"recruit_size",FALSE,NA,TRUE,"growth_increment_80",8.4,9.48292281679048,0.745162055495523,7.9829936712895,9.48867210529609,10.9371111430206,TRUE,1.45327155187787,2.95411747173114,1.08292281679048
71,74,"three_by_four",4,"recruit_size",FALSE,NA,TRUE,"growth_slope_20",-2.4,-2.41177178545958,0.290170255918363,-2.96368923572458,-2.40598565112934,-1.8454375294607,TRUE,-0.0405685462912747,1.11825170626388,0.0117717854595751
71,74,"three_by_four",4,"recruit_size",FALSE,NA,TRUE,"log_growth_sd",1.50407739677627,1.60901753568897,0.15882971581805,1.31925318859315,1.60833766180159,1.93048011422098,TRUE,0.660708472417812,0.611226925627833,0.104940138912699
71,74,"three_by_four",4,"recruit_size",FALSE,NA,TRUE,"log_recruitment_at_80",-1.69314718055995,-1.64877830162657,0.237824607310889,-2.09156955123731,-1.65213547497686,-1.19465838094993,TRUE,0.186561346342831,0.896911170287376,0.0443688789333745
71,74,"three_by_four",4,"recruit_size",FALSE,NA,TRUE,"recruitment_slope_20",1.5,1.42444127363169,0.160388278825817,1.10729496977178,1.41929040112834,1.73423459672093,TRUE,-0.47109880423601,0.626939626949146,0.0755587263683142
71,74,"three_by_four",4,"recruit_size",FALSE,NA,TRUE,"recruit_mean_80",44.6,44.9473247474961,0.687508995499003,43.5913441671668,44.9377409468874,46.2979210853189,TRUE,0.505193022593164,2.70657691815215,0.347324747496131
71,74,"three_by_four",4,"recruit_size",FALSE,NA,TRUE,"recruit_mean_slope_20",0.4,-0.00470508240557564,0.393110478550394,-0.772370303472438,-0.00268144590684296,0.755891282636044,TRUE,-1.02949451741387,1.52826158610848,0.404705082405576
71,74,"three_by_four",4,"recruit_size",FALSE,NA,TRUE,"log_recruit_sd",1.25276296849537,1.19369908700504,0.0543108402252701,1.09404783344335,1.19072598481988,1.30069592473575,TRUE,-1.08751551707442,0.206648091292392,0.0590638814903308
71,74,"three_by_four",4,"recruit_size",FALSE,NA,TRUE,"log_process_precision",NA,4.10112039333638,0.887815367689017,2.37799004556133,4.06505634355082,5.88502782944057,NA,NA,3.50703778387924,NA
72,75,"six_by_two",4,"recruit_size",FALSE,NA,TRUE,"survival_at_80",0.36,0.367100145225279,0.148331713687195,0.0852834839394715,0.36690197021254,0.660108357090734,TRUE,0.0478666702405389,0.574824873151262,0.00710014522527902
72,75,"six_by_two",4,"recruit_size",FALSE,NA,TRUE,"survival_slope_20",0.64,0.60207192921557,0.119883149441213,0.360906560278061,0.602426396987994,0.827512195493922,TRUE,-0.316375328486254,0.466605635215861,0.0379280707844304
72,75,"six_by_two",4,"recruit_size",FALSE,NA,TRUE,"growth_increment_80",8.4,9.36614139377139,1.24748504756716,6.91138270360702,9.37301606435841,11.8473043913534,TRUE,0.774471321845147,4.93592168774639,0.966141393771391
72,75,"six_by_two",4,"recruit_size",FALSE,NA,TRUE,"growth_slope_20",-2.4,-2.44637246983401,0.495295973974938,-3.43874782014411,-2.43730845834669,-1.44428588170987,TRUE,-0.0936257758403652,1.99446193843424,0.0463724698340129
72,75,"six_by_two",4,"recruit_size",FALSE,NA,TRUE,"log_growth_sd",1.50407739677627,1.88493195434018,0.181966933460884,1.52867249350089,1.88550048367432,2.23370806710007,FALSE,2.09298772211146,0.705035573599178,0.380854557563902
72,75,"six_by_two",4,"recruit_size",FALSE,NA,TRUE,"log_recruitment_at_80",-1.69314718055995,-1.1251750077134,0.47419573071304,-2.03681626082684,-1.11303200277363,-0.224530896055694,TRUE,1.19775893383202,1.81228536477114,0.567972172846546
72,75,"six_by_two",4,"recruit_size",FALSE,NA,TRUE,"recruitment_slope_20",1.5,-0.142104216185197,0.488808212839988,-1.08497396528137,-0.130612650230013,0.804272060323151,FALSE,-3.35940389921955,1.88924602560452,1.6421042161852
72,75,"six_by_two",4,"recruit_size",FALSE,NA,TRUE,"recruit_mean_80",44.6,45.4446192415323,0.893835166879073,43.7751977731278,45.4048010472375,47.2440267083097,TRUE,0.944938477282559,3.46882893518195,0.844619241532314
72,75,"six_by_two",4,"recruit_size",FALSE,NA,TRUE,"recruit_mean_slope_20",0.4,0.31930111580036,0.888536098634241,-1.4716748762102,0.313644030979162,2.04496886098917,TRUE,-0.0908222910961987,3.51664373719937,0.0806988841996398
72,75,"six_by_two",4,"recruit_size",FALSE,NA,TRUE,"log_recruit_sd",1.25276296849537,1.298936497319,0.0678682331710105,1.16513304806378,1.29857175970245,1.43012537739043,TRUE,0.680340811396734,0.264992329326649,0.046173528823628
72,75,"six_by_two",4,"recruit_size",FALSE,NA,TRUE,"log_process_precision",NA,3.23502728843986,0.510775613561503,2.2315889582589,3.25323111199075,4.21841089829021,NA,NA,1.9868219400313,NA
73,97,"one_by_twelve",5,"recruit_size",FALSE,NA,TRUE,"survival_at_80",0.36,0.229991861877401,0.0823825984959885,0.068133198682794,0.231819640589719,0.385365036184974,TRUE,-1.57810193531258,0.31723183750218,0.130008138122599
73,97,"one_by_twelve",5,"recruit_size",FALSE,NA,TRUE,"survival_slope_20",0.64,0.49229134703361,0.0441235576655648,0.406274145794938,0.491238628995506,0.57948355522823,FALSE,-3.34761430811971,0.173209409433292,0.14770865296639
73,97,"one_by_twelve",5,"recruit_size",FALSE,NA,TRUE,"growth_increment_80",8.4,8.40020819987502,0.757283889789218,6.97577339642147,8.37680479407876,9.96408793709278,TRUE,0.000274929755966017,2.98831454067131,0.000208199875016746
73,97,"one_by_twelve",5,"recruit_size",FALSE,NA,TRUE,"growth_slope_20",-2.4,-2.48787925569517,0.272975011969147,-3.02656585016056,-2.49176675463292,-1.94273969185164,TRUE,-0.32193150230581,1.08382615830892,0.087879255695174
73,97,"one_by_twelve",5,"recruit_size",FALSE,NA,TRUE,"log_growth_sd",1.50407739677627,1.82398665341208,0.14152189421748,1.5516219202895,1.8240820295251,2.10147269488273,FALSE,2.2604930382305,0.549850774593233,0.319909256635807
73,97,"one_by_twelve",5,"recruit_size",FALSE,NA,TRUE,"log_recruitment_at_80",-1.69314718055995,-3.1402608634921,0.429340944184396,-3.99586933303055,-3.11757695919725,-2.32465575074307,FALSE,-3.37054665420086,1.67121358228748,1.44711368293215
73,97,"one_by_twelve",5,"recruit_size",FALSE,NA,TRUE,"recruitment_slope_20",1.5,2.0821791681113,0.185628116377007,1.73780497267357,2.0816894441978,2.45951683090848,FALSE,3.136266097367,0.721711858234915,0.582179168111302
73,97,"one_by_twelve",5,"recruit_size",FALSE,NA,TRUE,"recruit_mean_80",44.6,45.0492254072458,1.15452973520716,42.7672636124307,45.0778952255732,47.2492925953639,TRUE,0.389098170057246,4.48202898293322,0.449225407245784
73,97,"one_by_twelve",5,"recruit_size",FALSE,NA,TRUE,"recruit_mean_slope_20",0.4,0.188700233909851,0.371794124272266,-0.541958483482867,0.179055957654788,0.93492875295373,TRUE,-0.568324651455259,1.4768872364366,0.211299766090149
73,97,"one_by_twelve",5,"recruit_size",FALSE,NA,TRUE,"log_recruit_sd",1.25276296849537,1.2538024320826,0.04196550235607,1.16989382872655,1.25510484077104,1.33696524856866,TRUE,0.0247694779966823,0.16707141984211,0.0010394635872284
73,97,"one_by_twelve",5,"recruit_size",FALSE,NA,TRUE,"log_process_precision",NA,4.57287360475788,0.822143155725702,2.94856273643321,4.58706301105857,6.24785628462544,NA,NA,3.29929354819223,NA
74,98,"three_by_four",5,"recruit_size",FALSE,NA,TRUE,"survival_at_80",0.36,0.435910480154348,0.0995114866617247,0.254216766417464,0.435996812130895,0.624233696720699,TRUE,0.762831334360376,0.370016930303234,0.0759104801543482
74,98,"three_by_four",5,"recruit_size",FALSE,NA,TRUE,"survival_slope_20",0.64,0.509555934033039,0.087820035752171,0.339634927743349,0.506331670322623,0.679010919568179,TRUE,-1.48535655730175,0.339375991824831,0.130444065966961
74,98,"three_by_four",5,"recruit_size",FALSE,NA,TRUE,"growth_increment_80",8.4,9.63444749759633,0.949611231372028,7.76479101980002,9.64951002536545,11.4555712953501,TRUE,1.2999503973987,3.69078027555003,1.23444749759633
74,98,"three_by_four",5,"recruit_size",FALSE,NA,TRUE,"growth_slope_20",-2.4,-1.87267139872569,0.412818281642206,-2.63008403321824,-1.86878407238551,-1.03963297140581,TRUE,1.27738674551082,1.59045106181243,0.527328601274306
74,98,"three_by_four",5,"recruit_size",FALSE,NA,TRUE,"log_growth_sd",1.50407739677627,1.83249675073877,0.148084630695443,1.55847989969419,1.82518214229497,2.12161375639615,FALSE,2.21778149710847,0.563133856701965,0.328419353962496
74,98,"three_by_four",5,"recruit_size",FALSE,NA,TRUE,"log_recruitment_at_80",-1.69314718055995,-1.22713471877472,0.132687705910325,-1.4922285161184,-1.22685175986215,-0.938706818262019,FALSE,3.51209977283183,0.553521697856379,0.46601246178523
74,98,"three_by_four",5,"recruit_size",FALSE,NA,TRUE,"recruitment_slope_20",1.5,0.914623495784073,0.109150617820275,0.709918796709276,0.91635310619811,1.13457608130684,FALSE,-5.36301594902372,0.424657284597567,0.585376504215927
74,98,"three_by_four",5,"recruit_size",FALSE,NA,TRUE,"recruit_mean_80",44.6,45.0255642361464,0.52498429186983,44.0099459189367,45.0124657809585,46.1066467515311,TRUE,0.810622799075938,2.09670083259434,0.425564236146421
74,98,"three_by_four",5,"recruit_size",FALSE,NA,TRUE,"recruit_mean_slope_20",0.4,0.292421794322028,0.393191356076696,-0.492589695611992,0.29594014057785,1.0678913581991,TRUE,-0.273602672122293,1.56048105381109,0.107578205677972
74,98,"three_by_four",5,"recruit_size",FALSE,NA,TRUE,"log_recruit_sd",1.25276296849537,1.22243139292596,0.0705826003567125,1.09331798965301,1.21905619310843,1.3523806537669,TRUE,-0.429731625303092,0.259062664113887,0.0303315755694087
74,98,"three_by_four",5,"recruit_size",FALSE,NA,TRUE,"log_process_precision",NA,5.30119316848565,1.29881611461075,2.79701036201815,5.30057195346604,7.89423311889713,NA,NA,5.09722275687898,NA
75,99,"six_by_two",5,"recruit_size",FALSE,NA,TRUE,"survival_at_80",0.36,0.5228508888427,0.152801104036971,0.215097106216608,0.531357658226315,0.798856088055661,TRUE,1.065770367754,0.583758981839053,0.1628508888427
75,99,"six_by_two",5,"recruit_size",FALSE,NA,TRUE,"survival_slope_20",0.64,0.620282972485847,0.116297073991703,0.385376342219345,0.622498445470541,0.847763620546336,TRUE,-0.169540185641814,0.462387278326991,0.0197170275141532
75,99,"six_by_two",5,"recruit_size",FALSE,NA,TRUE,"growth_increment_80",8.4,6.32192778727872,1.09977497563396,4.12520667806144,6.31025506953801,8.41627938656266,TRUE,-1.88954309632604,4.29107270850122,2.07807221272128
75,99,"six_by_two",5,"recruit_size",FALSE,NA,TRUE,"growth_slope_20",-2.4,-1.88512913783164,0.500784639294833,-2.87776845766995,-1.87874191956433,-0.971058625018598,TRUE,1.02812830460088,1.90670983265135,0.514870862168362
75,99,"six_by_two",5,"recruit_size",FALSE,NA,TRUE,"log_growth_sd",1.50407739677627,1.99932466813864,0.121011470826871,1.76578657537335,1.99886023994972,2.23560702730169,FALSE,4.09256467984684,0.469820451928347,0.495247271362368
75,99,"six_by_two",5,"recruit_size",FALSE,NA,TRUE,"log_recruitment_at_80",-1.69314718055995,-2.39387458384807,0.319062401350171,-3.06473276922971,-2.37802823390687,-1.77254100818185,FALSE,-2.19620801549436,1.29219176104786,0.700727403288126
75,99,"six_by_two",5,"recruit_size",FALSE,NA,TRUE,"recruitment_slope_20",1.5,1.81524489839973,0.141753930807389,1.54772943716338,1.81175287210888,2.1040981738348,FALSE,2.22388823085317,0.556368736671422,0.315244898399727
75,99,"six_by_two",5,"recruit_size",FALSE,NA,TRUE,"recruit_mean_80",44.6,43.758416382465,1.1953102313588,41.4755012075849,43.7509796089974,46.0697928779222,TRUE,-0.704071290829935,4.59429167033726,0.841583617535015
75,99,"six_by_two",5,"recruit_size",FALSE,NA,TRUE,"recruit_mean_slope_20",0.4,0.737016847597749,0.519525006281578,-0.28016658689419,0.761092404661404,1.7511689430017,TRUE,0.648701878683177,2.03133552989589,0.337016847597749
75,99,"six_by_two",5,"recruit_size",FALSE,NA,TRUE,"log_recruit_sd",1.25276296849537,1.24086945081159,0.0815077066887796,1.07804789422853,1.24368939587425,1.40485812055041,TRUE,-0.145918934134503,0.326810226321878,0.0118935176837744
75,99,"six_by_two",5,"recruit_size",FALSE,NA,TRUE,"log_process_precision",NA,5.28683072422761,1.20098289658582,2.9699873998303,5.33447887140251,7.63592039231683,NA,NA,4.66593299248653,NA
91,1,"one_by_twelve",1,"fecundity",FALSE,NA,TRUE,"survival_at_80",0.36,0.407510090451314,0.0545359432421601,0.299517929594264,0.405700566516107,0.516516086974027,TRUE,0.87117023428662,0.216998157379762,0.0475100904513144
91,1,"one_by_twelve",1,"fecundity",FALSE,NA,TRUE,"survival_slope_20",0.64,0.619561860665439,0.0386464351766831,0.543785848624939,0.619272595257433,0.694712248079821,TRUE,-0.528849277847299,0.150926399454882,0.0204381393345613
91,1,"one_by_twelve",1,"fecundity",FALSE,NA,TRUE,"growth_increment_80",8.4,8.52769057340769,0.416400439226458,7.7173023796241,8.54296265060468,9.29579900764528,TRUE,0.306653311040929,1.57849662802119,0.127690573407691
91,1,"one_by_twelve",1,"fecundity",FALSE,NA,TRUE,"growth_slope_20",-2.4,-2.56194164843004,0.169167999400414,-2.90191833858708,-2.5691000378306,-2.23845920281877,TRUE,-0.957282990896677,0.663459135768313,0.161941648430036
91,1,"one_by_twelve",1,"fecundity",FALSE,NA,TRUE,"log_growth_sd",1.50407739677627,1.477406755104,0.123183502309486,1.24401980617043,1.47777748120695,1.7163179257632,TRUE,-0.216511474119879,0.472298119592777,0.0266706416722764
91,1,"one_by_twelve",1,"fecundity",FALSE,NA,TRUE,"log_recruitment_at_80",-1.69314718055995,-2.54545978639129,0.240092324851837,-3.01040639620213,-2.54368784794316,-2.05539761893871,FALSE,-3.54993691013371,0.955008777263425,0.852312605831348
91,1,"one_by_twelve",1,"fecundity",FALSE,NA,TRUE,"recruitment_slope_20",1.5,1.77644065772238,0.120751134088981,1.51789814899166,1.77659563017071,2.01055112413004,FALSE,2.28934212343436,0.492652975138388,0.276440657722375
91,1,"one_by_twelve",1,"fecundity",FALSE,NA,TRUE,"recruit_mean_80",44.6,47.2887703474741,0.964608476725565,45.4806665122337,47.3168274935875,49.12837608221,FALSE,2.78742143817909,3.64770956997623,2.68877034747412
91,1,"one_by_twelve",1,"fecundity",FALSE,NA,TRUE,"recruit_mean_slope_20",0.4,-0.630149754413275,0.349407836832408,-1.31622119138527,-0.636402448864214,0.0204967485326263,FALSE,-2.94827318056802,1.33671793991789,1.03014975441327
91,1,"one_by_twelve",1,"fecundity",FALSE,NA,TRUE,"log_recruit_sd",1.25276296849537,1.15858168153284,0.0443743068315538,1.07228786004965,1.15682176676643,1.24575535449536,FALSE,-2.12242835296661,0.173467494445714,0.0941812869625296
91,1,"one_by_twelve",1,"fecundity",FALSE,NA,TRUE,"log_process_precision",NA,4.80620684600773,0.935538584577355,2.820429495817,4.80967248606514,6.56332339070981,NA,NA,3.74289389489281,NA
92,2,"three_by_four",1,"fecundity",FALSE,NA,TRUE,"survival_at_80",0.36,0.295649206692974,0.104223575919454,0.0869569988138296,0.29639248532326,0.504262032942945,TRUE,-0.617430295778352,0.417305034129116,0.0643507933070258
92,2,"three_by_four",1,"fecundity",FALSE,NA,TRUE,"survival_slope_20",0.64,0.700388328728573,0.0766515478353156,0.541461497726267,0.700197748421974,0.850826714415619,TRUE,0.787829214594805,0.309365216689352,0.0603883287285728
92,2,"three_by_four",1,"fecundity",FALSE,NA,TRUE,"growth_increment_80",8.4,9.27359154903103,0.767885501984825,7.85985295485635,9.2626258430616,10.8381007257193,TRUE,1.13765860505633,2.97824777086299,0.873591549031033
92,2,"three_by_four",1,"fecundity",FALSE,NA,TRUE,"growth_slope_20",-2.4,-3.15209471578121,0.325940889972651,-3.74803014999519,-3.16146134346561,-2.53229065704298,FALSE,-2.30745739156665,1.2157394929522,0.752094715781205
92,2,"three_by_four",1,"fecundity",FALSE,NA,TRUE,"log_growth_sd",1.50407739677627,1.35700629330067,0.184518512034524,1.02392076403435,1.35838801519418,1.72915026162489,TRUE,-0.797053378839786,0.705229497590541,0.147071103475607
92,2,"three_by_four",1,"fecundity",FALSE,NA,TRUE,"log_recruitment_at_80",-1.69314718055995,-1.53562583632177,0.418469860890645,-2.33404465514812,-1.51863007301682,-0.707243143407661,TRUE,0.37642219657806,1.62680151174046,0.157521344238172
92,2,"three_by_four",1,"fecundity",FALSE,NA,TRUE,"recruitment_slope_20",1.5,1.4376386715182,0.237183076092848,0.957606995686593,1.43635987792721,1.89446799580809,TRUE,-0.262924865926727,0.936861000121493,0.062361328481801
92,2,"three_by_four",1,"fecundity",FALSE,NA,TRUE,"recruit_mean_80",44.6,44.8847484826191,1.71006050938923,41.5890318917943,44.8882916052111,48.2517686595443,TRUE,0.166513688290975,6.66273676774993,0.284748482619143
92,2,"three_by_four",1,"fecundity",FALSE,NA,TRUE,"recruit_mean_slope_20",0.4,0.500946249513027,0.882817342143442,-1.19836271098177,0.484457350207057,2.21898122779069,TRUE,0.114345566963981,3.41734393877246,0.100946249513027
92,2,"three_by_four",1,"fecundity",FALSE,NA,TRUE,"log_recruit_sd",1.25276296849537,1.29600105192988,0.0838853948434254,1.13175738993437,1.29980043820648,1.46781597949454,TRUE,0.515442330756363,0.336058589560163,0.043238083434513
92,2,"three_by_four",1,"fecundity",FALSE,NA,TRUE,"log_process_precision",NA,1.84516569191992,0.204686275541368,1.42258195651558,1.84742659451577,2.23805959286085,NA,NA,0.815477636345264,NA
93,3,"six_by_two",1,"fecundity",FALSE,NA,TRUE,"survival_at_80",0.36,0.500027100776441,0.102511472383364,0.301124266471848,0.49778609484293,0.692836801119053,TRUE,1.36596516975953,0.391712534647205,0.140027100776441
93,3,"six_by_two",1,"fecundity",FALSE,NA,TRUE,"survival_slope_20",0.64,0.6464823988979,0.100436085727765,0.462766340887172,0.642381383807778,0.839902296653076,TRUE,0.0645425282250664,0.377135955765904,0.00648239889789948
93,3,"six_by_two",1,"fecundity",FALSE,NA,TRUE,"growth_increment_80",8.4,8.06750371451006,0.261494824716097,7.57058675283384,8.06808168377065,8.54474744964328,TRUE,-1.27152147600215,0.974160696809433,0.332496285489936
93,3,"six_by_two",1,"fecundity",FALSE,NA,TRUE,"growth_slope_20",-2.4,-2.93359579211142,0.132468139447967,-3.18840094712983,-2.93531612555359,-2.67082930363343,FALSE,-4.02810664009525,0.517571643496399,0.533595792111421
93,3,"six_by_two",1,"fecundity",FALSE,NA,TRUE,"log_growth_sd",1.50407739677627,1.9667857488494,0.140768559757242,1.69521530690274,1.96453145712949,2.23702483401735,FALSE,3.28701489076168,0.541809527114614,0.462708352073129
93,3,"six_by_two",1,"fecundity",FALSE,NA,TRUE,"log_recruitment_at_80",-1.69314718055995,-0.945176054818304,0.129967361482376,-1.18813133094464,-0.943318719522562,-0.689639936555357,FALSE,5.75506894354449,0.49849139438928,0.747971125741641
93,3,"six_by_two",1,"fecundity",FALSE,NA,TRUE,"recruitment_slope_20",1.5,0.865155823198794,0.157373623482323,0.557070301554339,0.867649495700127,1.16477303047928,FALSE,-4.03399351653432,0.607702728924936,0.634844176801206
93,3,"six_by_two",1,"fecundity",FALSE,NA,TRUE,"recruit_mean_80",44.6,45.2247934112122,0.55018974857839,44.1413971348399,45.2521143824952,46.3140962659187,TRUE,1.13559624261733,2.1726991310788,0.624793411212195
93,3,"six_by_two",1,"fecundity",FALSE,NA,TRUE,"recruit_mean_slope_20",0.4,0.0927503199559973,0.641721460555327,-1.1552989550978,0.101808885836636,1.40021348479548,TRUE,-0.478789784867282,2.55551243989328,0.307249680044003
93,3,"six_by_two",1,"fecundity",FALSE,NA,TRUE,"log_recruit_sd",1.25276296849537,1.28580078584595,0.0571819522547624,1.1802166527216,1.28882669730473,1.39476633474842,TRUE,0.577766516319435,0.214549682026825,0.0330378173505783
93,3,"six_by_two",1,"fecundity",FALSE,NA,TRUE,"log_process_precision",NA,4.50793144676843,1.04367263520977,2.5291700382735,4.54563306050189,6.43753384533163,NA,NA,3.90836380705814,NA
94,25,"one_by_twelve",2,"fecundity",FALSE,NA,TRUE,"survival_at_80",0.36,0.467940868981515,0.0441771920395888,0.3811797330091,0.467453955672848,0.551214412568396,FALSE,2.44336192496765,0.170034679559296,0.107940868981515
94,25,"one_by_twelve",2,"fecundity",FALSE,NA,TRUE,"survival_slope_20",0.64,0.56693292294544,0.0443540431886497,0.481924015489497,0.566940804547643,0.649931204126983,TRUE,-1.64736001053581,0.168007188637486,0.0730670770545597
94,25,"one_by_twelve",2,"fecundity",FALSE,NA,TRUE,"growth_increment_80",8.4,7.89923496881306,0.0888477002264686,7.71955249969813,7.9038366517566,8.06001595701861,FALSE,-5.63621826913372,0.340463457320477,0.500765031186939
94,25,"one_by_twelve",2,"fecundity",FALSE,NA,TRUE,"growth_slope_20",-2.4,-2.25804890032228,0.0458301143905226,-2.34619881148559,-2.2581786839401,-2.17122127726392,FALSE,3.0973324322987,0.174977534221675,0.141951099677725
94,25,"one_by_twelve",2,"fecundity",FALSE,NA,TRUE,"log_growth_sd",1.50407739677627,1.80559007375504,0.111109331213778,1.58453396730816,1.80514912277339,2.01589083839459,FALSE,2.71365756309559,0.431356871086432,0.301512676978761
94,25,"one_by_twelve",2,"fecundity",FALSE,NA,TRUE,"log_recruitment_at_80",-1.69314718055995,-1.90997053670127,0.264272215408174,-2.41777443245946,-1.91985549742401,-1.41354145228629,TRUE,-0.820454605136749,1.00423298017317,0.216823356141327
94,25,"one_by_twelve",2,"fecundity",FALSE,NA,TRUE,"recruitment_slope_20",1.5,1.55979387839932,0.114541411469914,1.34516916154342,1.55986690813252,1.78284061631945,TRUE,0.522028475395812,0.437671454776035,0.0597938783993237
94,25,"one_by_twelve",2,"fecundity",FALSE,NA,TRUE,"recruit_mean_80",44.6,45.6646403616737,1.18875277700965,43.3941577911794,45.7200743212171,48.0002835737637,TRUE,0.895594426581947,4.60612578258433,1.06464036167365
94,25,"one_by_twelve",2,"fecundity",FALSE,NA,TRUE,"recruit_mean_slope_20",0.4,-0.0400723580718355,0.436430219754439,-0.915018612686376,-0.0395021989228828,0.800108613744768,TRUE,-1.00834529359458,1.71512722643114,0.440072358071835
94,25,"one_by_twelve",2,"fecundity",FALSE,NA,TRUE,"log_recruit_sd",1.25276296849537,1.28767507155343,0.0461034761811289,1.19567788553386,1.28669108114618,1.37445437354952,TRUE,0.757255329747829,0.178776488015653,0.0349121030580619
94,25,"one_by_twelve",2,"fecundity",FALSE,NA,TRUE,"log_process_precision",NA,3.70188608214832,0.498343590189666,2.70213675094392,3.71105008931663,4.65656067670154,NA,NA,1.95442392575762,NA
95,26,"three_by_four",2,"fecundity",FALSE,NA,TRUE,"survival_at_80",0.36,0.5696828727993,0.118212792362467,0.345601565964297,0.56945951855726,0.797245099404331,TRUE,1.77377480566034,0.451643533440034,0.209682872799301
95,26,"three_by_four",2,"fecundity",FALSE,NA,TRUE,"survival_slope_20",0.64,0.61498594881422,0.0743082976289976,0.476361114014637,0.61545525052906,0.759730903432567,TRUE,-0.336625275829478,0.28336978941793,0.0250140511857803
95,26,"three_by_four",2,"fecundity",FALSE,NA,TRUE,"growth_increment_80",8.4,7.2465045503259,0.831451792608163,5.57683766061732,7.22863088528508,8.84845904368751,TRUE,-1.38732691411456,3.27162138307019,1.1534954496741
95,26,"three_by_four",2,"fecundity",FALSE,NA,TRUE,"growth_slope_20",-2.4,-1.76662314802847,0.361451170214897,-2.47223911496194,-1.77728269288537,-1.04230134847832,TRUE,1.75231650680495,1.42993776648363,0.633376851971529
95,26,"three_by_four",2,"fecundity",FALSE,NA,TRUE,"log_growth_sd",1.50407739677627,1.565402929417,0.145564909687772,1.27868188558792,1.5719311624866,1.85458970258914,TRUE,0.421293378825081,0.575907817001222,0.0613255326407292
95,26,"three_by_four",2,"fecundity",FALSE,NA,TRUE,"log_recruitment_at_80",-1.69314718055995,-1.57305077785554,0.2727600040415,-2.10745354770958,-1.56090348197463,-1.06338419896416,TRUE,0.440300633981985,1.04406934874541,0.120096402704401
95,26,"three_by_four",2,"fecundity",FALSE,NA,TRUE,"recruitment_slope_20",1.5,1.34845372515661,0.168482713405373,1.02588624402596,1.3460475485534,1.6776313308066,TRUE,-0.89947669870895,0.651745086780644,0.151546274843391
95,26,"three_by_four",2,"fecundity",FALSE,NA,TRUE,"recruit_mean_80",44.6,45.5847288365218,1.12264656616221,43.2635884346612,45.6320471311848,47.8040569884476,TRUE,0.877149466450632,4.54046855378644,0.984728836521818
95,26,"three_by_four",2,"fecundity",FALSE,NA,TRUE,"recruit_mean_slope_20",0.4,-0.308310814806524,0.616612262294828,-1.49965102347627,-0.328164695323766,0.967237354139917,TRUE,-1.14871347541877,2.46688837761619,0.708310814806524
95,26,"three_by_four",2,"fecundity",FALSE,NA,TRUE,"log_recruit_sd",1.25276296849537,1.21047613389497,0.0599744029909705,1.08934902479718,1.2094996035955,1.33034717199784,TRUE,-0.705081376245945,0.240998147200667,0.0422868346004024
95,26,"three_by_four",2,"fecundity",FALSE,NA,TRUE,"log_process_precision",NA,5.68555833662056,1.18053163962514,3.43049150063376,5.65554965402684,8.01265351602724,NA,NA,4.58216201539348,NA
96,27,"six_by_two",2,"fecundity",FALSE,NA,TRUE,"survival_at_80",0.36,0.241416081918551,0.124128683975298,0.000259930723893893,0.239489735328712,0.487675477871995,TRUE,-0.955330502859816,0.487415547148101,0.118583918081449
96,27,"six_by_two",2,"fecundity",FALSE,NA,TRUE,"survival_slope_20",0.64,0.516231861129816,0.109645687031979,0.296738277893474,0.515942092721091,0.724569086198387,TRUE,-1.12880079664316,0.427830808304913,0.123768138870184
96,27,"six_by_two",2,"fecundity",FALSE,NA,TRUE,"growth_increment_80",8.4,9.17759826817143,1.1907364741683,6.8376733361022,9.15816494696117,11.5579531521815,TRUE,0.653039765758889,4.72027981607933,0.777598268171429
96,27,"six_by_two",2,"fecundity",FALSE,NA,TRUE,"growth_slope_20",-2.4,-2.49506256243794,0.496540259927382,-3.45571814692239,-2.50975467509987,-1.44613709645732,TRUE,-0.191449858369682,2.00958105046507,0.0950625624379424
96,27,"six_by_two",2,"fecundity",FALSE,NA,TRUE,"log_growth_sd",1.50407739677627,1.97529699387305,0.19295648680252,1.59661145766115,1.97067028708874,2.35343012634614,FALSE,2.4421029057139,0.756818668684993,0.47121959709678
96,27,"six_by_two",2,"fecundity",FALSE,NA,TRUE,"log_recruitment_at_80",-1.69314718055995,-0.91644006808163,0.113640596346763,-1.12379856830593,-0.915591162671711,-0.678752073595618,FALSE,6.83476800938522,0.445046494710312,0.776707112478315
96,27,"six_by_two",2,"fecundity",FALSE,NA,TRUE,"recruitment_slope_20",1.5,0.884391026042019,0.12482670513504,0.61603522460683,0.887881331480939,1.11411497502006,FALSE,-4.9317089103009,0.498079750413233,0.615608973957981
96,27,"six_by_two",2,"fecundity",FALSE,NA,TRUE,"recruit_mean_80",44.6,45.4476000446721,0.46869648227847,44.5780849371901,45.446193901809,46.3454123508482,TRUE,1.80841989799376,1.76732741365808,0.847600044672063
96,27,"six_by_two",2,"fecundity",FALSE,NA,TRUE,"recruit_mean_slope_20",0.4,-0.0820842275098247,0.558723467779373,-1.1960220028694,-0.0735425705825811,1.0457756341452,TRUE,-0.862831535295719,2.2417976370146,0.482084227509825
96,27,"six_by_two",2,"fecundity",FALSE,NA,TRUE,"log_recruit_sd",1.25276296849537,1.27285317128985,0.0633127046643579,1.14693946314647,1.27169225711987,1.39425914173029,TRUE,0.317317083529849,0.247319678583823,0.0200902027944807
96,27,"six_by_two",2,"fecundity",FALSE,NA,TRUE,"log_process_precision",NA,4.71259584589542,1.22739511180619,2.3566009947797,4.72425245546676,7.24694442438271,NA,NA,4.89034342960301,NA
97,49,"one_by_twelve",3,"fecundity",FALSE,NA,TRUE,"survival_at_80",0.36,0.298938278247689,0.0709319901588028,0.160759666202501,0.299574620837228,0.43285605162275,TRUE,-0.860848844302915,0.272096385420249,0.0610617217523111
97,49,"one_by_twelve",3,"fecundity",FALSE,NA,TRUE,"survival_slope_20",0.64,0.37274222526395,0.0745722616816895,0.229547721073598,0.377680678948625,0.520722651226454,FALSE,-3.58387648046448,0.291174930152856,0.26725777473605
97,49,"one_by_twelve",3,"fecundity",FALSE,NA,TRUE,"growth_increment_80",8.4,9.76252295176054,0.725663719401607,8.39612390002947,9.76826344657593,11.1001832031985,TRUE,1.87762308536535,2.70405930316901,1.36252295176054
97,49,"one_by_twelve",3,"fecundity",FALSE,NA,TRUE,"growth_slope_20",-2.4,-1.8824108959107,0.411443068704874,-2.6525841479245,-1.87312483740851,-1.08997888425282,TRUE,1.25798474554099,1.56260526367168,0.517589104089305
97,49,"one_by_twelve",3,"fecundity",FALSE,NA,TRUE,"log_growth_sd",1.50407739677627,2.09018828705378,0.0807442011999455,1.93626752673619,2.09549477904501,2.23734786824634,FALSE,7.25886047006805,0.301080341510151,0.586110890277506
97,49,"one_by_twelve",3,"fecundity",FALSE,NA,TRUE,"log_recruitment_at_80",-1.69314718055995,-1.0051721674783,0.153644638619252,-1.3132859751323,-1.00905812319884,-0.699978539611569,FALSE,4.47770269932113,0.613307435520726,0.687975013081643
97,49,"one_by_twelve",3,"fecundity",FALSE,NA,TRUE,"recruitment_slope_20",1.5,1.223456013236,0.0919776933154345,1.05666558197417,1.22548755165513,1.40517019577277,FALSE,-3.00664190191854,0.348504613798599,0.276543986763998
97,49,"one_by_twelve",3,"fecundity",FALSE,NA,TRUE,"recruit_mean_80",44.6,44.0275068864931,0.527780658003383,43.0459552040875,44.0633326083332,45.0424426983957,TRUE,-1.08471787441524,1.99648749430819,0.572493113506908
97,49,"one_by_twelve",3,"fecundity",FALSE,NA,TRUE,"recruit_mean_slope_20",0.4,0.702129903386386,0.216683489788346,0.281523026720934,0.687535170444021,1.13627781303139,TRUE,1.39433744435953,0.854754786310459,0.302129903386386
97,49,"one_by_twelve",3,"fecundity",FALSE,NA,TRUE,"log_recruit_sd",1.25276296849537,1.13103726376235,0.068355109057145,0.997284031134515,1.12858706756626,1.2649037268702,TRUE,-1.78078429560047,0.267619695735684,0.121725704733021
97,49,"one_by_twelve",3,"fecundity",FALSE,NA,TRUE,"log_process_precision",NA,3.64364973138983,0.524714990631222,2.66176100817071,3.61546105367196,4.74805197367073,NA,NA,2.08629096550002,NA
98,50,"three_by_four",3,"fecundity",FALSE,NA,TRUE,"survival_at_80",0.36,0.502953518091832,0.125834088959623,0.253180923329241,0.501460606148114,0.749716980858224,TRUE,1.13604762647189,0.496536057528984,0.142953518091832
98,50,"three_by_four",3,"fecundity",FALSE,NA,TRUE,"survival_slope_20",0.64,0.704244392181778,0.0904648951130658,0.529297067924951,0.702808912796192,0.872092316088796,TRUE,0.710158256431772,0.342795248163845,0.0642443921817779
98,50,"three_by_four",3,"fecundity",FALSE,NA,TRUE,"growth_increment_80",8.4,8.2818267194345,1.04952899697611,6.10600769975991,8.32374199798792,10.2840087431026,TRUE,-0.11259648938331,4.17800104334271,0.118173280565497
98,50,"three_by_four",3,"fecundity",FALSE,NA,TRUE,"growth_slope_20",-2.4,-1.66520958033557,0.460399620105372,-2.53234363927403,-1.67227343525947,-0.767064661479456,TRUE,1.59598398342784,1.76527897779457,0.734790419664435
98,50,"three_by_four",3,"fecundity",FALSE,NA,TRUE,"log_growth_sd",1.50407739677627,1.73808380610151,0.164279852807097,1.40837483833973,1.73570371903877,2.05814009902791,TRUE,1.42443766126342,0.649765260688179,0.23400640932524
98,50,"three_by_four",3,"fecundity",FALSE,NA,TRUE,"log_recruitment_at_80",-1.69314718055995,-1.00894015126622,0.1504128758393,-1.28964813051389,-1.01394432182119,-0.718920433616468,FALSE,4.54885943424639,0.570727696897417,0.684207029293728
98,50,"three_by_four",3,"fecundity",FALSE,NA,TRUE,"recruitment_slope_20",1.5,1.08243694754835,0.115245869052312,0.846365987314326,1.08348729125584,1.30763044461287,FALSE,-3.62323661477278,0.461264457298547,0.417563052451646
98,50,"three_by_four",3,"fecundity",FALSE,NA,TRUE,"recruit_mean_80",44.6,44.1312646514223,0.727977012537776,42.7169593427926,44.1784002914593,45.4964318266105,TRUE,-0.643887568569855,2.77947248381791,0.468735348577695
98,50,"three_by_four",3,"fecundity",FALSE,NA,TRUE,"recruit_mean_slope_20",0.4,1.13671831142738,0.42510115664972,0.290016036968205,1.138063028535,1.97628156700565,TRUE,1.73304235922,1.68626553003744,0.73671831142738
98,50,"three_by_four",3,"fecundity",FALSE,NA,TRUE,"log_recruit_sd",1.25276296849537,1.23588266349071,0.102631952483925,1.04642762356439,1.23231878844996,1.44293147120181,TRUE,-0.164474168093999,0.396503847637427,0.0168803050046564
98,50,"three_by_four",3,"fecundity",FALSE,NA,TRUE,"log_process_precision",NA,4.92777108822375,1.28701378878968,2.28659580484313,4.90002290248766,7.49720835942988,NA,NA,5.21061255458675,NA
99,51,"six_by_two",3,"fecundity",FALSE,NA,TRUE,"survival_at_80",0.36,0.436813859792107,0.153217242454178,0.13658648694219,0.439327228474464,0.728087276463525,TRUE,0.501339526555436,0.591500789521335,0.0768138597921071
99,51,"six_by_two",3,"fecundity",FALSE,NA,TRUE,"survival_slope_20",0.64,0.664127482852877,0.111080317021185,0.441985732591914,0.663551862839079,0.85680640169808,TRUE,0.217207544053695,0.414820669106166,0.0241274828528774
99,51,"six_by_two",3,"fecundity",FALSE,NA,TRUE,"growth_increment_80",8.4,7.91729353998205,1.178305005234,5.68781223141872,7.91874715500658,10.2080256311355,TRUE,-0.409661724149333,4.52021339971679,0.482706460017948
99,51,"six_by_two",3,"fecundity",FALSE,NA,TRUE,"growth_slope_20",-2.4,-1.66667244827683,0.510219364038022,-2.65055809176477,-1.63935144328242,-0.720731216348598,TRUE,1.43727894982152,1.92982687541617,0.733327551723173
99,51,"six_by_two",3,"fecundity",FALSE,NA,TRUE,"log_growth_sd",1.50407739677627,1.84666178903469,0.174246122056716,1.49345967335888,1.84686722310582,2.16948173784587,TRUE,1.96609478715921,0.676022064486992,0.342584392258418
99,51,"six_by_two",3,"fecundity",FALSE,NA,TRUE,"log_recruitment_at_80",-1.69314718055995,-1.52764317155213,0.221687330546476,-1.9664174738297,-1.5224785392459,-1.1030585339688,TRUE,0.746565031929608,0.863358939860904,0.165504009007819
99,51,"six_by_two",3,"fecundity",FALSE,NA,TRUE,"recruitment_slope_20",1.5,1.34093887876195,0.153399239564419,1.05023685474877,1.33916744767579,1.63690044290108,TRUE,-1.0369094507229,0.586663588152311,0.159061121238052
99,51,"six_by_two",3,"fecundity",FALSE,NA,TRUE,"recruit_mean_80",44.6,44.3279280116569,1.04013288909381,42.2481808890591,44.3267159053312,46.2992340732878,TRUE,-0.261574257670259,4.05105318422869,0.272071988343136
99,51,"six_by_two",3,"fecundity",FALSE,NA,TRUE,"recruit_mean_slope_20",0.4,0.751828544599035,0.72397014911776,-0.599374365507748,0.740400344372281,2.21216894490122,TRUE,0.485971065281874,2.81154331040897,0.351828544599035
99,51,"six_by_two",3,"fecundity",FALSE,NA,TRUE,"log_recruit_sd",1.25276296849537,1.18531980608436,0.0864971271878896,1.02188232420672,1.18928938546901,1.35175897220186,TRUE,-0.779715634537831,0.329876647995141,0.0674431624110048
99,51,"six_by_two",3,"fecundity",FALSE,NA,TRUE,"log_process_precision",NA,3.46421572947484,0.531693434694479,2.43008362899372,3.43880055999922,4.48294144501117,NA,NA,2.05285781601745,NA
100,73,"one_by_twelve",4,"fecundity",FALSE,NA,TRUE,"survival_at_80",0.36,0.490343833037365,0.08069875217455,0.335937882025573,0.490910129717242,0.646027124488994,TRUE,1.61519019222793,0.310089242463421,0.130343833037365
100,73,"one_by_twelve",4,"fecundity",FALSE,NA,TRUE,"survival_slope_20",0.64,0.698732128754376,0.0457902271129197,0.607165595685492,0.697469031245594,0.788036143413552,TRUE,1.28263458072705,0.18087054772806,0.0587321287543764
100,73,"one_by_twelve",4,"fecundity",FALSE,NA,TRUE,"growth_increment_80",8.4,8.10734302402501,0.568699944933231,7.0455096075449,8.11784351844774,9.22565437403729,TRUE,-0.514607006000948,2.18014476649239,0.292656975974994
100,73,"one_by_twelve",4,"fecundity",FALSE,NA,TRUE,"growth_slope_20",-2.4,-2.1799770705577,0.215098157289122,-2.58644190248311,-2.17061103968083,-1.76349783734165,TRUE,1.02289546416969,0.822944065141461,0.220022929442301
100,73,"one_by_twelve",4,"fecundity",FALSE,NA,TRUE,"log_growth_sd",1.50407739677627,1.43618716179891,0.165598128125869,1.12507761108063,1.43418815373523,1.76847032853709,TRUE,-0.409969821191248,0.643392717456456,0.0678902349773678
100,73,"one_by_twelve",4,"fecundity",FALSE,NA,TRUE,"log_recruitment_at_80",-1.69314718055995,-0.706932985269774,0.171187175043522,-1.02371404571633,-0.709553862955889,-0.376651887200577,FALSE,5.76102850601654,0.647062158515755,0.986214195290172
100,73,"one_by_twelve",4,"fecundity",FALSE,NA,TRUE,"recruitment_slope_20",1.5,1.01656510333886,0.12358485858349,0.776526796245781,1.01792993125412,1.25611683401593,FALSE,-3.91176477605911,0.479590037770152,0.483434896661142
100,73,"one_by_twelve",4,"fecundity",FALSE,NA,TRUE,"recruit_mean_80",44.6,44.5751127477466,0.6492459954114,43.3268951788817,44.5811119116039,45.7615451629916,TRUE,-0.0383325464142582,2.43464998410989,0.0248872522533787
100,73,"one_by_twelve",4,"fecundity",FALSE,NA,TRUE,"recruit_mean_slope_20",0.4,0.501470720159123,0.351739761523962,-0.210042157564637,0.511054095545539,1.19653171640606,TRUE,0.28848237037373,1.40657387397069,0.101470720159123
100,73,"one_by_twelve",4,"fecundity",FALSE,NA,TRUE,"log_recruit_sd",1.25276296849537,1.22880728280198,0.061072925500738,1.11135735735169,1.22766324971017,1.35132101207154,TRUE,-0.392247227342999,0.23996365471985,0.02395568569339
100,73,"one_by_twelve",4,"fecundity",FALSE,NA,TRUE,"log_process_precision",NA,5.75285825680316,1.11206911836349,3.47183900555538,5.77819645971036,7.88016934946443,NA,NA,4.40833034390905,NA
101,74,"three_by_four",4,"fecundity",FALSE,NA,TRUE,"survival_at_80",0.36,0.26753837483725,0.0749572584457458,0.12573157224498,0.268035539328794,0.410347982382931,TRUE,-1.23352463897374,0.284616410137952,0.09246162516275
101,74,"three_by_four",4,"fecundity",FALSE,NA,TRUE,"survival_slope_20",0.64,0.566759694331628,0.0662429769828027,0.437297847860879,0.566230044205129,0.691729429485635,TRUE,-1.10563125336872,0.254431581624756,0.0732403056683716
101,74,"three_by_four",4,"fecundity",FALSE,NA,TRUE,"growth_increment_80",8.4,9.45824559962895,0.717499289776945,8.12031809507496,9.4325299968911,10.9741624050813,TRUE,1.47490821901431,2.85384431000634,1.05824559962895
101,74,"three_by_four",4,"fecundity",FALSE,NA,TRUE,"growth_slope_20",-2.4,-2.43075132590769,0.281091452324779,-2.98459385040419,-2.43618900014391,-1.88419668714774,TRUE,-0.109399719035766,1.10039716325646,0.0307513259076861
101,74,"three_by_four",4,"fecundity",FALSE,NA,TRUE,"log_growth_sd",1.50407739677627,1.59508113040981,0.158906925495952,1.28100229987233,1.58334417782682,1.91907529666585,TRUE,0.572685761489096,0.638072996793519,0.0910037336335405
101,74,"three_by_four",4,"fecundity",FALSE,NA,TRUE,"log_recruitment_at_80",-1.69314718055995,-1.66001668259258,0.218047512960837,-2.05385843003653,-1.68128020093805,-1.20981001272989,TRUE,0.151941645733492,0.844048417306642,0.0331304979673646
101,74,"three_by_four",4,"fecundity",FALSE,NA,TRUE,"recruitment_slope_20",1.5,1.43536258810077,0.15032653167934,1.13687465150635,1.44405345355085,1.6947747148754,TRUE,-0.429980065242965,0.557900063369052,0.0646374118992314
101,74,"three_by_four",4,"fecundity",FALSE,NA,TRUE,"recruit_mean_80",44.6,45.1208967174797,0.787742091353425,43.6125159422619,45.098391165823,46.6268630889907,TRUE,0.661252868416274,3.01434714672881,0.520896717479687
101,74,"three_by_four",4,"fecundity",FALSE,NA,TRUE,"recruit_mean_slope_20",0.4,-0.10640902751075,0.464919827739832,-1.03998725392771,-0.106473784851254,0.805051960658622,TRUE,-1.08923947161517,1.84503921458633,0.50640902751075
101,74,"three_by_four",4,"fecundity",FALSE,NA,TRUE,"log_recruit_sd",1.25276296849537,1.18931687327448,0.0538809161094117,1.08203996921424,1.18927110210325,1.28918421581688,TRUE,-1.1775244335499,0.207144246602642,0.0634460952208846
101,74,"three_by_four",4,"fecundity",FALSE,NA,TRUE,"log_process_precision",NA,4.06139997498521,0.922463018485814,2.21018499888713,4.04880066659255,5.8196810126959,NA,NA,3.60949601380877,NA
102,75,"six_by_two",4,"fecundity",FALSE,NA,TRUE,"survival_at_80",0.36,0.393783758005242,0.153301473521303,0.0875445444052805,0.394438094964447,0.670565626953325,TRUE,0.220374646304669,0.583021082548045,0.0337837580052418
102,75,"six_by_two",4,"fecundity",FALSE,NA,TRUE,"survival_slope_20",0.64,0.593751810316566,0.119863684542053,0.361757768752085,0.599027735455867,0.831026010524904,TRUE,-0.385839880194975,0.469268241772819,0.046248189683434
102,75,"six_by_two",4,"fecundity",FALSE,NA,TRUE,"growth_increment_80",8.4,9.18697008232101,1.35291785272503,6.38823328071457,9.22779264446016,11.8397744696939,TRUE,0.581683566918647,5.45154118897936,0.786970082321012
102,75,"six_by_two",4,"fecundity",FALSE,NA,TRUE,"growth_slope_20",-2.4,-2.36676315806683,0.53098669089053,-3.42371086602118,-2.33675619789016,-1.32467594458872,TRUE,0.062594491544466,2.09903492143245,0.0332368419331712
102,75,"six_by_two",4,"fecundity",FALSE,NA,TRUE,"log_growth_sd",1.50407739677627,1.90913914716823,0.192178425241004,1.52520922700201,1.91172204750734,2.27589987074756,FALSE,2.10773789973552,0.750690643745553,0.405061750391952
102,75,"six_by_two",4,"fecundity",FALSE,NA,TRUE,"log_recruitment_at_80",-1.69314718055995,-0.793897440144839,0.0850592491454254,-0.953079731446122,-0.795809307214771,-0.628463489254223,FALSE,10.5720394836505,0.324616242191898,0.899249740415106
102,75,"six_by_two",4,"fecundity",FALSE,NA,TRUE,"recruitment_slope_20",1.5,0.45469771719572,0.580059730738273,-0.679042889834473,0.4378510864719,1.65088561568794,TRUE,-1.8020597318036,2.32992850552241,1.04530228280428
102,75,"six_by_two",4,"fecundity",FALSE,NA,TRUE,"recruit_mean_80",44.6,45.1974366430234,0.750889682854085,43.6995883237931,45.196341319502,46.7117589423116,TRUE,0.795638369610521,3.01217061851854,0.597436643023386
102,75,"six_by_two",4,"fecundity",FALSE,NA,TRUE,"recruit_mean_slope_20",0.4,0.700436546989965,1.14502890527305,-1.46469072806075,0.698048226939039,2.89113897332295,TRUE,0.262383373560619,4.3558297013837,0.300436546989965
102,75,"six_by_two",4,"fecundity",FALSE,NA,TRUE,"log_recruit_sd",1.25276296849537,1.26580466436165,0.142749421705427,0.968356493475838,1.26862630732433,1.54662260051109,TRUE,0.091360761469105,0.578266107035251,0.0130416958662822
102,75,"six_by_two",4,"fecundity",FALSE,NA,TRUE,"log_process_precision",NA,3.19785899503824,0.500602962704661,2.19887007268482,3.18379354665531,4.18698810710352,NA,NA,1.9881180344187,NA
103,97,"one_by_twelve",5,"fecundity",FALSE,NA,TRUE,"survival_at_80",0.36,0.22922420679686,0.0395045786762795,0.150858245057707,0.230157988686823,0.304585476581043,FALSE,-3.31039584739741,0.153727231523336,0.13077579320314
103,97,"one_by_twelve",5,"fecundity",FALSE,NA,TRUE,"survival_slope_20",0.64,0.504467851853039,0.0308708784125696,0.44025469016008,0.503677018253145,0.566077684278735,FALSE,-4.39029127502172,0.125822994118655,0.135532148146961
103,97,"one_by_twelve",5,"fecundity",FALSE,NA,TRUE,"growth_increment_80",8.4,8.58767329588899,0.0730390222321827,8.45309595535048,8.58786667575857,8.72541768443522,FALSE,2.56949354130722,0.272321729084734,0.187673295888988
103,97,"one_by_twelve",5,"fecundity",FALSE,NA,TRUE,"growth_slope_20",-2.4,-2.45541015869564,0.0363105088000359,-2.52369934834079,-2.45617869959476,-2.38532270925058,TRUE,-1.52600887530353,0.138376639090213,0.0554101586956417
103,97,"one_by_twelve",5,"fecundity",FALSE,NA,TRUE,"log_growth_sd",1.50407739677627,1.78137930188485,0.117330308025408,1.54616520915299,1.77664993268709,1.99828261418181,FALSE,2.36342944781607,0.452117405028817,0.277301905108579
103,97,"one_by_twelve",5,"fecundity",FALSE,NA,TRUE,"log_recruitment_at_80",-1.69314718055995,-2.7060238723613,0.300812656771135,-3.27049142361776,-2.69704289150088,-2.13187033919454,FALSE,-3.36713455701426,1.13862108442322,1.01287669180136
103,97,"one_by_twelve",5,"fecundity",FALSE,NA,TRUE,"recruitment_slope_20",1.5,1.91255553689084,0.118662416428037,1.6987167944787,1.9094070741854,2.1569222952666,FALSE,3.476716127225,0.458205500787901,0.412555536890844
103,97,"one_by_twelve",5,"fecundity",FALSE,NA,TRUE,"recruit_mean_80",44.6,45.1365451641795,1.25125173292324,42.7922704632535,45.1155047213987,47.7675637103566,TRUE,0.428806730142101,4.97529324710312,0.536545164179451
103,97,"one_by_twelve",5,"fecundity",FALSE,NA,TRUE,"recruit_mean_slope_20",0.4,0.171270509416113,0.409984125424948,-0.703286515025542,0.17794415433348,0.959637491170291,TRUE,-0.557898407278109,1.66292400619583,0.228729490583887
103,97,"one_by_twelve",5,"fecundity",FALSE,NA,TRUE,"log_recruit_sd",1.25276296849537,1.25669537776782,0.037209564504094,1.18501180932509,1.25720656553864,1.33048814400442,TRUE,0.105682754551453,0.145476334679331,0.00393240927245264
103,97,"one_by_twelve",5,"fecundity",FALSE,NA,TRUE,"log_process_precision",NA,4.44868660648602,0.762283188227201,3.06259826704013,4.44780235703726,5.95459098002578,NA,NA,2.89199271298565,NA
104,98,"three_by_four",5,"fecundity",FALSE,NA,TRUE,"survival_at_80",0.36,0.444160898463044,0.10154595823349,0.251300951724219,0.442426366867299,0.63530717584201,TRUE,0.828796142427733,0.384006224117792,0.084160898463044
104,98,"three_by_four",5,"fecundity",FALSE,NA,TRUE,"survival_slope_20",0.64,0.51630204781765,0.090526517327331,0.339276552399318,0.515459322768946,0.699292139510154,TRUE,-1.36642782506562,0.360015587110836,0.12369795218235
104,98,"three_by_four",5,"fecundity",FALSE,NA,TRUE,"growth_increment_80",8.4,9.54304318262793,0.975413772565804,7.51901730389722,9.53210496891266,11.4105982196862,TRUE,1.17185466801559,3.89158091578893,1.14304318262793
104,98,"three_by_four",5,"fecundity",FALSE,NA,TRUE,"growth_slope_20",-2.4,-1.89215416349608,0.378434418574614,-2.6478366283992,-1.89973258598012,-1.16167726439018,TRUE,1.34196524305781,1.48615936400901,0.507845836503922
104,98,"three_by_four",5,"fecundity",FALSE,NA,TRUE,"log_growth_sd",1.50407739677627,1.8509775650645,0.146751713304253,1.58347494376828,1.85536149757795,2.13805337345707,FALSE,2.36385770549074,0.554578429688783,0.346900168288226
104,98,"three_by_four",5,"fecundity",FALSE,NA,TRUE,"log_recruitment_at_80",-1.69314718055995,-1.2592890264037,0.141926752572239,-1.54538596732942,-1.25622011041701,-1.00022074576558,FALSE,3.05691595342756,0.545165221563847,0.433858154156243
104,98,"three_by_four",5,"fecundity",FALSE,NA,TRUE,"recruitment_slope_20",1.5,0.939041418220884,0.111099050057339,0.721208277004294,0.933571800608912,1.15934523133005,FALSE,-5.04917532138756,0.438136954325756,0.560958581779116
104,98,"three_by_four",5,"fecundity",FALSE,NA,TRUE,"recruit_mean_80",44.6,45.0919185900717,0.58872706639914,43.9192155132939,45.0697650929337,46.2260243008157,TRUE,0.835563061641561,2.30680878752172,0.49191859007172
104,98,"three_by_four",5,"fecundity",FALSE,NA,TRUE,"recruit_mean_slope_20",0.4,0.249175535051463,0.426107166415669,-0.584749888325343,0.262110181581786,1.11128704043309,TRUE,-0.353958996318328,1.69603692875843,0.150824464948537
104,98,"three_by_four",5,"fecundity",FALSE,NA,TRUE,"log_recruit_sd",1.25276296849537,1.22831019048617,0.0706807999083502,1.0804340506566,1.23161773618393,1.35913373087768,TRUE,-0.345960685800161,0.27869968022108,0.0244527780091968
104,98,"three_by_four",5,"fecundity",FALSE,NA,TRUE,"log_process_precision",NA,5.18589652080355,1.22417430528693,2.89378558462481,5.09107296220342,7.63120488505798,NA,NA,4.73741930043317,NA
105,99,"six_by_two",5,"fecundity",FALSE,NA,TRUE,"survival_at_80",0.36,0.516107905118259,0.155832172887628,0.200182097078069,0.519547514318977,0.810728584144614,TRUE,1.00176941786488,0.610546487066545,0.15610790511826
105,99,"six_by_two",5,"fecundity",FALSE,NA,TRUE,"survival_slope_20",0.64,0.622371013589623,0.113812525982848,0.393728088541634,0.623954283223847,0.841021296488116,TRUE,-0.154894957810129,0.447293207946482,0.0176289864103775
105,99,"six_by_two",5,"fecundity",FALSE,NA,TRUE,"growth_increment_80",8.4,6.38593036788923,1.14480196438255,4.20357850631603,6.37275146860152,8.81846706855264,TRUE,-1.75931706511096,4.61488856223661,2.01406963211077
105,99,"six_by_two",5,"fecundity",FALSE,NA,TRUE,"growth_slope_20",-2.4,-1.88270833077336,0.513215994412246,-2.93185371477344,-1.86871972073526,-0.867218419255558,TRUE,1.0079414415349,2.06463529551788,0.517291669226644
105,99,"six_by_two",5,"fecundity",FALSE,NA,TRUE,"log_growth_sd",1.50407739677627,1.99242060316396,0.120978693352064,1.77672938890814,1.98892386303252,2.23109543461538,FALSE,4.03660506537746,0.454366045707239,0.488343206387688
105,99,"six_by_two",5,"fecundity",FALSE,NA,TRUE,"log_recruitment_at_80",-1.69314718055995,-2.27255775763072,0.280806782769034,-2.79964843830379,-2.27176070600891,-1.7266930845055,FALSE,-2.06337813979139,1.07295535379829,0.579410577070774
105,99,"six_by_two",5,"fecundity",FALSE,NA,TRUE,"recruitment_slope_20",1.5,1.76117330597217,0.129385288419919,1.49902319334283,1.75806516079922,2.00817731173267,TRUE,2.01857034259208,0.509154118389842,0.261173305972171
105,99,"six_by_two",5,"fecundity",FALSE,NA,TRUE,"recruit_mean_80",44.6,43.5688250990035,1.41519290955766,40.6277449045379,43.566367629572,46.2019657183797,TRUE,-0.728646175395821,5.57422081384178,1.03117490099648
105,99,"six_by_two",5,"fecundity",FALSE,NA,TRUE,"recruit_mean_slope_20",0.4,0.85106189631137,0.637945413105668,-0.377852648884178,0.863232983903842,2.17570644778647,TRUE,0.70705406300438,2.55355909667064,0.45106189631137
105,99,"six_by_two",5,"fecundity",FALSE,NA,TRUE,"log_recruit_sd",1.25276296849537,1.23700126608187,0.0959503511763645,1.04402295236116,1.23705585658866,1.41728766555503,TRUE,-0.164269356185291,0.373264713193869,0.015761702413494
105,99,"six_by_two",5,"fecundity",FALSE,NA,TRUE,"log_process_precision",NA,5.3309591241655,1.20562427433336,2.94756724408078,5.32707743747437,7.58936558254893,NA,NA,4.64179833846815,NA
121,1,"one_by_twelve",1,"all_vital_rates",FALSE,NA,TRUE,"survival_at_80",0.36,0.4124184807977,0.0554754422480851,0.302573063193194,0.412294310013625,0.519485696013228,TRUE,0.944895230637115,0.216912632820034,0.0524184807977003
121,1,"one_by_twelve",1,"all_vital_rates",FALSE,NA,TRUE,"survival_slope_20",0.64,0.619253966042861,0.0378531138463305,0.54798874183509,0.61816049698065,0.695075877588576,TRUE,-0.548066773089273,0.147087135753486,0.0207460339571393
121,1,"one_by_twelve",1,"all_vital_rates",FALSE,NA,TRUE,"growth_increment_80",8.4,8.49413690039192,0.394076787571877,7.73461474435397,8.49831713468581,9.2634538663474,TRUE,0.238879587331065,1.52883912199343,0.0941369003919217
121,1,"one_by_twelve",1,"all_vital_rates",FALSE,NA,TRUE,"growth_slope_20",-2.4,-2.54867559445183,0.159362728030129,-2.87513392545188,-2.54935547080894,-2.24504996571896,TRUE,-0.932938311797256,0.63008395973292,0.148675594451834
121,1,"one_by_twelve",1,"all_vital_rates",FALSE,NA,TRUE,"log_growth_sd",1.50407739677627,1.47805898330472,0.11923376921331,1.25314018217559,1.48163099534505,1.73099863855957,TRUE,-0.218213461196584,0.477858456383975,0.0260184134715511
121,1,"one_by_twelve",1,"all_vital_rates",FALSE,NA,TRUE,"log_recruitment_at_80",-1.69314718055995,-2.54231884182208,0.243600426464199,-3.00027208272178,-2.53943923012779,-2.05687528943566,FALSE,-3.48592025715084,0.943396793286122,0.849171661262137
121,1,"one_by_twelve",1,"all_vital_rates",FALSE,NA,TRUE,"recruitment_slope_20",1.5,1.77415728158063,0.123539794573173,1.53267819786094,1.77273134833189,2.00809789472725,FALSE,2.21918194479627,0.475419696866311,0.274157281580626
121,1,"one_by_twelve",1,"all_vital_rates",FALSE,NA,TRUE,"recruit_mean_80",44.6,46.9051314658116,0.844393962572238,45.2586393204147,46.9530831998178,48.5432465655779,FALSE,2.72992414440009,3.28460724516317,2.30513146581162
121,1,"one_by_twelve",1,"all_vital_rates",FALSE,NA,TRUE,"recruit_mean_slope_20",0.4,-0.486111500097523,0.310187865553908,-1.08121073913055,-0.494204140347375,0.116861787367084,FALSE,-2.85669298673298,1.19807252649764,0.886111500097523
121,1,"one_by_twelve",1,"all_vital_rates",FALSE,NA,TRUE,"log_recruit_sd",1.25276296849537,1.16091855060321,0.0425540495168219,1.08139844336384,1.16065654284216,1.24280766943699,FALSE,-2.158300301264,0.161409226073156,0.09184441789216
121,1,"one_by_twelve",1,"all_vital_rates",FALSE,NA,TRUE,"log_process_precision",NA,4.84849778804468,0.880186358286864,3.20371896134458,4.85133083418739,6.5877533418003,NA,NA,3.38403438045572,NA
122,2,"three_by_four",1,"all_vital_rates",FALSE,NA,TRUE,"survival_at_80",0.36,0.303430379775085,0.099817904472836,0.108931330141892,0.301684084996137,0.494144774425695,TRUE,-0.566728188932369,0.385213444283803,0.0565696202249145
122,2,"three_by_four",1,"all_vital_rates",FALSE,NA,TRUE,"survival_slope_20",0.64,0.700548224314159,0.072847878229369,0.5573210729331,0.703788236739631,0.848877980599645,TRUE,0.83115975078254,0.291556907666545,0.0605482243141592
122,2,"three_by_four",1,"all_vital_rates",FALSE,NA,TRUE,"growth_increment_80",8.4,9.21597312003173,0.780485015155276,7.69611128317651,9.22114288216089,10.7692798639073,TRUE,1.04546929689534,3.07316858073074,0.815973120031734
122,2,"three_by_four",1,"all_vital_rates",FALSE,NA,TRUE,"growth_slope_20",-2.4,-3.13776749370795,0.329893781081133,-3.78016731570496,-3.12555760061144,-2.48157919734818,FALSE,-2.2363789074475,1.29858811835678,0.737767493707947
122,2,"three_by_four",1,"all_vital_rates",FALSE,NA,TRUE,"log_growth_sd",1.50407739677627,1.36794492828292,0.16845865339873,1.02395040150801,1.3669663354984,1.69772673559087,TRUE,-0.808106118307488,0.673776334082854,0.136132468493354
122,2,"three_by_four",1,"all_vital_rates",FALSE,NA,TRUE,"log_recruitment_at_80",-1.69314718055995,-1.54989595083554,0.403470581408221,-2.34671223638181,-1.5473537869373,-0.728448851777021,TRUE,0.355047520997481,1.61826338460478,0.143251229724401
122,2,"three_by_four",1,"all_vital_rates",FALSE,NA,TRUE,"recruitment_slope_20",1.5,1.44171870730709,0.226535072507163,0.99982734313373,1.45593913666424,1.87785611792906,TRUE,-0.257272712997101,0.878028774795332,0.0582812926929128
122,2,"three_by_four",1,"all_vital_rates",FALSE,NA,TRUE,"recruit_mean_80",44.6,44.8301151678611,1.3117318846941,42.1610745464972,44.8256590739144,47.3297823390198,TRUE,0.17542850833024,5.16870779252253,0.230115167861101
122,2,"three_by_four",1,"all_vital_rates",FALSE,NA,TRUE,"recruit_mean_slope_20",0.4,0.524990945564575,0.668085357625536,-0.797709775583268,0.512713284089896,1.90315114107466,TRUE,0.187088287653556,2.70086091665793,0.124990945564575
122,2,"three_by_four",1,"all_vital_rates",FALSE,NA,TRUE,"log_recruit_sd",1.25276296849537,1.29881517106718,0.0812727924440625,1.13715570263076,1.30252007593531,1.45021509637058,TRUE,0.566637384872793,0.313059393739813,0.0460522025718129
122,2,"three_by_four",1,"all_vital_rates",FALSE,NA,TRUE,"log_process_precision",NA,1.85074984709141,0.194470459464372,1.45314420810738,1.85127374467041,2.21009992254169,NA,NA,0.756955714434313,NA
123,3,"six_by_two",1,"all_vital_rates",FALSE,NA,TRUE,"survival_at_80",0.36,0.48178515757653,0.157245132281738,0.171374878176194,0.488413341036845,0.771708577284167,TRUE,0.77449238529258,0.600333699107973,0.12178515757653
123,3,"six_by_two",1,"all_vital_rates",FALSE,NA,TRUE,"survival_slope_20",0.64,0.650177998622578,0.111923311395423,0.431006973723846,0.651982932533845,0.854314834285528,TRUE,0.0909372542295455,0.423307860561682,0.0101779986225782
123,3,"six_by_two",1,"all_vital_rates",FALSE,NA,TRUE,"growth_increment_80",8.4,8.36031564297362,1.39016936497004,5.73748343829413,8.36031950207355,11.167635278072,TRUE,-0.028546418894241,5.43015183977786,0.0396843570263758
123,3,"six_by_two",1,"all_vital_rates",FALSE,NA,TRUE,"growth_slope_20",-2.4,-2.96532243171643,0.487932921725506,-3.92991053393541,-2.96705864812338,-1.98791747214167,TRUE,-1.15860686283936,1.94199306179374,0.565322431716433
123,3,"six_by_two",1,"all_vital_rates",FALSE,NA,TRUE,"log_growth_sd",1.50407739677627,1.89425700694145,0.175740106662379,1.54402868917029,1.89694542883609,2.2394519788351,FALSE,2.22020811057527,0.695423289664815,0.390179610165176
123,3,"six_by_two",1,"all_vital_rates",FALSE,NA,TRUE,"log_recruitment_at_80",-1.69314718055995,-0.929681853828222,0.143634274455871,-1.21013253745238,-0.936737421416697,-0.64340311883596,FALSE,5.31534224420986,0.566729418616418,0.763465326731723
123,3,"six_by_two",1,"all_vital_rates",FALSE,NA,TRUE,"recruitment_slope_20",1.5,0.86381607655661,0.161698498736177,0.543328003705466,0.867741492526813,1.17218844723797,FALSE,-3.93438361157188,0.6288604435325,0.63618392344339
123,3,"six_by_two",1,"all_vital_rates",FALSE,NA,TRUE,"recruit_mean_80",44.6,45.1528063955958,0.506495797677868,44.1999755371268,45.1611793378982,46.1833150374072,TRUE,1.09143333099756,1.98333950028043,0.552806395595823
123,3,"six_by_two",1,"all_vital_rates",FALSE,NA,TRUE,"recruit_mean_slope_20",0.4,0.240686813173054,0.524741255188905,-0.802437056158751,0.20785514071799,1.28385868236933,TRUE,-0.303603319257973,2.08629573852808,0.159313186826946
123,3,"six_by_two",1,"all_vital_rates",FALSE,NA,TRUE,"log_recruit_sd",1.25276296849537,1.29275973962703,0.0713897333715265,1.15920151922545,1.29175204519323,1.43435059776776,TRUE,0.560259427269575,0.275149078542314,0.0399967711316591
123,3,"six_by_two",1,"all_vital_rates",FALSE,NA,TRUE,"log_process_precision",NA,4.49729802429174,1.04842466016295,2.43902327858613,4.45584739177079,6.54720333027879,NA,NA,4.10818005169267,NA
124,25,"one_by_twelve",2,"all_vital_rates",FALSE,NA,TRUE,"survival_at_80",0.36,0.45718718399954,0.048127846633366,0.366177161449668,0.45860566509524,0.550436934553053,FALSE,2.01935450675581,0.184259773103385,0.0971871839995403
124,25,"one_by_twelve",2,"all_vital_rates",FALSE,NA,TRUE,"survival_slope_20",0.64,0.569968645655733,0.0427363190007831,0.479354156589819,0.570287404898589,0.651427562331999,TRUE,-1.63868475296114,0.172073405742179,0.0700313543442667
124,25,"one_by_twelve",2,"all_vital_rates",FALSE,NA,TRUE,"growth_increment_80",8.4,8.03627666869768,0.113534299653213,7.79849293842566,8.03957890600308,8.25299714965662,FALSE,-3.20364270897256,0.454504211230953,0.363723331302323
124,25,"one_by_twelve",2,"all_vital_rates",FALSE,NA,TRUE,"growth_slope_20",-2.4,-2.29579252438887,0.0509101736064617,-2.39764077728458,-2.2947974578539,-2.1982517160511,FALSE,2.04688902490608,0.199389061233486,0.10420747561113
124,25,"one_by_twelve",2,"all_vital_rates",FALSE,NA,TRUE,"log_growth_sd",1.50407739677627,1.76915380358878,0.111647818384332,1.56078179527285,1.76658875451965,1.99637003158489,FALSE,2.37421931434449,0.435588236312042,0.265076406812507
124,25,"one_by_twelve",2,"all_vital_rates",FALSE,NA,TRUE,"log_recruitment_at_80",-1.69314718055995,-1.87833808164283,0.256561955255877,-2.37243378694703,-1.87546519196374,-1.39235766714806,TRUE,-0.721817468603993,0.980076119798974,0.185190901082888
124,25,"one_by_twelve",2,"all_vital_rates",FALSE,NA,TRUE,"recruitment_slope_20",1.5,1.55164127697985,0.114257976061261,1.33193116322833,1.5506923215905,1.77485319141223,TRUE,0.45197087118153,0.442922028183897,0.0516412769798467
124,25,"one_by_twelve",2,"all_vital_rates",FALSE,NA,TRUE,"recruit_mean_80",44.6,45.4588063877206,1.12857539362132,43.149812784296,45.524423765382,47.6134856302247,TRUE,0.76096501179676,4.46367284592873,0.858806387720584
124,25,"one_by_twelve",2,"all_vital_rates",FALSE,NA,TRUE,"recruit_mean_slope_20",0.4,0.0459175428988997,0.422280617162915,-0.76728413092326,0.0232779102030258,0.918445718959995,TRUE,-0.8385003779714,1.68572984988325,0.3540824571011
124,25,"one_by_twelve",2,"all_vital_rates",FALSE,NA,TRUE,"log_recruit_sd",1.25276296849537,1.29370776902732,0.0453734014679603,1.20758193747199,1.29440627728509,1.38030891573635,TRUE,0.902396540864625,0.172726978264357,0.0409448005319493
124,25,"one_by_twelve",2,"all_vital_rates",FALSE,NA,TRUE,"log_process_precision",NA,3.67497048325539,0.468320879427939,2.73886019721239,3.68725295779853,4.56953277926418,NA,NA,1.83067258205179,NA
125,26,"three_by_four",2,"all_vital_rates",FALSE,NA,TRUE,"survival_at_80",0.36,0.558642191072907,0.105451441555958,0.344672998240429,0.553390140028895,0.752475892475771,TRUE,1.88373139467703,0.407802894235342,0.198642191072907
125,26,"three_by_four",2,"all_vital_rates",FALSE,NA,TRUE,"survival_slope_20",0.64,0.609829445949531,0.0682776776043358,0.482784752307414,0.608943260531597,0.746208308183506,TRUE,-0.441880203150797,0.263423555876092,0.0301705540504685
125,26,"three_by_four",2,"all_vital_rates",FALSE,NA,TRUE,"growth_increment_80",8.4,7.30133192233113,0.751409199680892,5.81974024995253,7.31143565237896,8.78339955191086,TRUE,-1.46214350068572,2.96365930195833,1.09866807766887
125,26,"three_by_four",2,"all_vital_rates",FALSE,NA,TRUE,"growth_slope_20",-2.4,-1.80020570008703,0.341556560290119,-2.51733933961005,-1.80404316419968,-1.11042800178263,TRUE,1.75606142480034,1.40691133782743,0.59979429991297
125,26,"three_by_four",2,"all_vital_rates",FALSE,NA,TRUE,"log_growth_sd",1.50407739677627,1.5633955256393,0.145070084405505,1.28631816998411,1.5606874428277,1.84263234772243,TRUE,0.408892909286618,0.556314177738318,0.0593181288630222
125,26,"three_by_four",2,"all_vital_rates",FALSE,NA,TRUE,"log_recruitment_at_80",-1.69314718055995,-1.59467429964966,0.272912897991308,-2.11829937760584,-1.59461566211552,-1.07230680772371,TRUE,0.360821645422627,1.04599256988213,0.0984728809102813
125,26,"three_by_four",2,"all_vital_rates",FALSE,NA,TRUE,"recruitment_slope_20",1.5,1.36289291972658,0.169985186931538,1.02654122486217,1.36002278079798,1.69670901795576,TRUE,-0.806582519032315,0.670167793093597,0.137107080273419
125,26,"three_by_four",2,"all_vital_rates",FALSE,NA,TRUE,"recruit_mean_80",44.6,45.1684058781449,0.903856918135025,43.5557526124719,45.152847183486,46.9756477485127,TRUE,0.628867099139661,3.41989513604084,0.568405878144887
125,26,"three_by_four",2,"all_vital_rates",FALSE,NA,TRUE,"recruit_mean_slope_20",0.4,-0.0706922048664402,0.495205704256448,-1.03817046134685,-0.0554693562850747,0.868131704758434,TRUE,-0.950498350121361,1.90630216610529,0.47069220486644
125,26,"three_by_four",2,"all_vital_rates",FALSE,NA,TRUE,"log_recruit_sd",1.25276296849537,1.21537381981053,0.0528341471405922,1.1141372086049,1.21578894527,1.32352382928967,TRUE,-0.707670147212743,0.209386620684768,0.0373891486848426
125,26,"three_by_four",2,"all_vital_rates",FALSE,NA,TRUE,"log_process_precision",NA,5.70864243561265,1.20829509629125,3.41424910279536,5.67574705935844,8.22780355588941,NA,NA,4.81355445309405,NA
126,27,"six_by_two",2,"all_vital_rates",FALSE,NA,TRUE,"survival_at_80",0.36,0.25386831530432,0.119072905927391,0.0227847528188801,0.256225420211876,0.484246610671599,TRUE,-0.891316827023584,0.461461857852719,0.10613168469568
126,27,"six_by_two",2,"all_vital_rates",FALSE,NA,TRUE,"survival_slope_20",0.64,0.542593955766006,0.104093336213889,0.343655560925761,0.53615084499057,0.751951431525496,TRUE,-0.935756771536709,0.408295870599735,0.0974060442339942
126,27,"six_by_two",2,"all_vital_rates",FALSE,NA,TRUE,"growth_increment_80",8.4,9.23050593168743,1.03169528065746,7.23680250155947,9.21355466605396,11.2771181934449,TRUE,0.804991500162893,4.04031569188546,0.830505931687428
126,27,"six_by_two",2,"all_vital_rates",FALSE,NA,TRUE,"growth_slope_20",-2.4,-2.43094726433649,0.479228393251292,-3.34039803491738,-2.44240472271226,-1.47443302793556,TRUE,-0.0645772762471932,1.86596500698182,0.0309472643364872
126,27,"six_by_two",2,"all_vital_rates",FALSE,NA,TRUE,"log_growth_sd",1.50407739677627,1.88549793383314,0.201319988889236,1.49295963717812,1.8773925931771,2.28487616905678,TRUE,1.89459844082703,0.791916531878656,0.381420537056863
126,27,"six_by_two",2,"all_vital_rates",FALSE,NA,TRUE,"log_recruitment_at_80",-1.69314718055995,-0.906838903389377,0.108959935903877,-1.1163152409476,-0.907647688352853,-0.698799530162937,FALSE,7.21648990197862,0.417515710784659,0.786308277170568
126,27,"six_by_two",2,"all_vital_rates",FALSE,NA,TRUE,"recruitment_slope_20",1.5,0.881709389255822,0.123630072140481,0.649533075808826,0.87876823320401,1.12217136126341,FALSE,-5.00113443306589,0.472638285454589,0.618290610744178
126,27,"six_by_two",2,"all_vital_rates",FALSE,NA,TRUE,"recruit_mean_80",44.6,45.3622381722917,0.417036504637671,44.5396509144272,45.3570520309912,46.166219963121,TRUE,1.82774928289308,1.62656904869382,0.762238172291738
126,27,"six_by_two",2,"all_vital_rates",FALSE,NA,TRUE,"recruit_mean_slope_20",0.4,0.028364041687537,0.500375286093643,-0.990768225695718,0.0228375756254167,1.0044542448948,TRUE,-0.742714455811299,1.99522247059052,0.371635958312463
126,27,"six_by_two",2,"all_vital_rates",FALSE,NA,TRUE,"log_recruit_sd",1.25276296849537,1.27546850826005,0.0562511561134719,1.16440376911134,1.27854240615496,1.37932892481468,TRUE,0.403645744078193,0.214925155703336,0.0227055397646809
126,27,"six_by_two",2,"all_vital_rates",FALSE,NA,TRUE,"log_process_precision",NA,4.75410699853461,1.17217656686076,2.31246857267969,4.78404124383485,7.02104780226465,NA,NA,4.70857922958496,NA
127,49,"one_by_twelve",3,"all_vital_rates",FALSE,NA,TRUE,"survival_at_80",0.36,0.296834894243621,0.0762688865972172,0.147181345451404,0.294722546279869,0.448521789358234,TRUE,-0.828189692737483,0.30134044390683,0.0631651057563792
127,49,"one_by_twelve",3,"all_vital_rates",FALSE,NA,TRUE,"survival_slope_20",0.64,0.383587815164303,0.0695661158070848,0.245903812620088,0.38273858556111,0.52131388609105,FALSE,-3.68587755491134,0.275410073470962,0.256412184835697
127,49,"one_by_twelve",3,"all_vital_rates",FALSE,NA,TRUE,"growth_increment_80",8.4,9.78863960836311,0.758749519522566,8.29918744679151,9.78431227484967,11.3370297853046,TRUE,1.83016868232997,3.03784233851306,1.38863960836311
127,49,"one_by_twelve",3,"all_vital_rates",FALSE,NA,TRUE,"growth_slope_20",-2.4,-1.94722381282654,0.384199460806366,-2.64053574259496,-1.93731000242881,-1.20850884393355,TRUE,1.17849251069525,1.43202689866141,0.452776187173457
127,49,"one_by_twelve",3,"all_vital_rates",FALSE,NA,TRUE,"log_growth_sd",1.50407739677627,2.07158141619242,0.0817855000985026,1.91711646566104,2.07532384333591,2.2276073903589,FALSE,6.93893194677103,0.310490924697856,0.567504019416145
127,49,"one_by_twelve",3,"all_vital_rates",FALSE,NA,TRUE,"log_recruitment_at_80",-1.69314718055995,-0.993546777450974,0.150113118162468,-1.29769957638164,-0.99097060458154,-0.712081944903305,FALSE,4.66048811504795,0.58561763147833,0.699600403108972
127,49,"one_by_twelve",3,"all_vital_rates",FALSE,NA,TRUE,"recruitment_slope_20",1.5,1.22489896081642,0.0874335214952421,1.05926686643658,1.22030037383539,1.39524626838389,FALSE,-3.14640236923952,0.335979401947316,0.275101039183584
127,49,"one_by_twelve",3,"all_vital_rates",FALSE,NA,TRUE,"recruit_mean_80",44.6,44.0464821868036,0.539918014825366,42.9348651150845,44.0699651273166,45.0535062385466,TRUE,-1.02518863604768,2.1186411234621,0.553517813196386
127,49,"one_by_twelve",3,"all_vital_rates",FALSE,NA,TRUE,"recruit_mean_slope_20",0.4,0.698972454346157,0.213447978422014,0.295116294024996,0.695864206071449,1.1477084451952,TRUE,1.40068065556963,0.852592151170205,0.298972454346157
127,49,"one_by_twelve",3,"all_vital_rates",FALSE,NA,TRUE,"log_recruit_sd",1.25276296849537,1.13454847187267,0.0683384136926526,0.997483890677904,1.13711335117723,1.2607199180452,TRUE,-1.72983963535291,0.263236027367297,0.118214496622695
127,49,"one_by_twelve",3,"all_vital_rates",FALSE,NA,TRUE,"log_process_precision",NA,3.63149764878702,0.4924789376333,2.67062890775165,3.63535707182267,4.5995308554517,NA,NA,1.92890194770005,NA
128,50,"three_by_four",3,"all_vital_rates",FALSE,NA,TRUE,"survival_at_80",0.36,0.482440246991108,0.116589864754503,0.259918836396289,0.4832717519832,0.734228158950259,TRUE,1.05017916650752,0.47430932255397,0.122440246991109
128,50,"three_by_four",3,"all_vital_rates",FALSE,NA,TRUE,"survival_slope_20",0.64,0.700015287521037,0.0839005596976659,0.543966027634525,0.695138536107201,0.868196784560983,TRUE,0.715314507284584,0.324230756926458,0.0600152875210367
128,50,"three_by_four",3,"all_vital_rates",FALSE,NA,TRUE,"growth_increment_80",8.4,8.52275510463355,0.940561366490906,6.80673694584894,8.50293234277339,10.2586769584626,TRUE,0.130512594932037,3.45194001261368,0.122755104633551
128,50,"three_by_four",3,"all_vital_rates",FALSE,NA,TRUE,"growth_slope_20",-2.4,-1.73223318278706,0.454487007097593,-2.63092718958866,-1.71437895314218,-0.842670882943139,TRUE,1.46927592380996,1.78825630664552,0.667766817212939
128,50,"three_by_four",3,"all_vital_rates",FALSE,NA,TRUE,"log_growth_sd",1.50407739677627,1.71138286253262,0.15621642298323,1.39930874844003,1.71561063985104,1.99879432101303,TRUE,1.3270401523571,0.599485572573004,0.207305465756348
128,50,"three_by_four",3,"all_vital_rates",FALSE,NA,TRUE,"log_recruitment_at_80",-1.69314718055995,-1.00206036767634,0.140264658350916,-1.2837414061238,-1.00214861460402,-0.725553158915105,FALSE,4.92702025591243,0.558188247208692,0.691086812883602
128,50,"three_by_four",3,"all_vital_rates",FALSE,NA,TRUE,"recruitment_slope_20",1.5,1.08320303326671,0.111159017800283,0.882427257357453,1.08360836169666,1.30781393591376,FALSE,-3.74955604125738,0.425386678556309,0.416796966733287
128,50,"three_by_four",3,"all_vital_rates",FALSE,NA,TRUE,"recruit_mean_80",44.6,44.2462470843388,0.663638957528576,42.9928449379306,44.2477076972452,45.5029400693873,TRUE,-0.533050255184886,2.51009513145672,0.353752915661239
128,50,"three_by_four",3,"all_vital_rates",FALSE,NA,TRUE,"recruit_mean_slope_20",0.4,1.06550255362537,0.404110023679712,0.242952061190076,1.07433063845945,1.82025889021803,TRUE,1.6468350563678,1.57730682902795,0.665502553625371
128,50,"three_by_four",3,"all_vital_rates",FALSE,NA,TRUE,"log_recruit_sd",1.25276296849537,1.25254518871878,0.0902319874890913,1.08200875069268,1.24961091340161,1.42502349905725,TRUE,-0.00241355402505228,0.343014748364569,0.000217779776592764
128,50,"three_by_four",3,"all_vital_rates",FALSE,NA,TRUE,"log_process_precision",NA,4.97262290943532,1.21947448679841,2.57093997213618,4.95792389628743,7.2945518745406,NA,NA,4.72361190240441,NA
129,51,"six_by_two",3,"all_vital_rates",FALSE,NA,TRUE,"survival_at_80",0.36,0.424560402123648,0.150979974132786,0.144849733443083,0.425803758762468,0.73573219604183,TRUE,0.427609042155931,0.590882462598748,0.0645604021236477
129,51,"six_by_two",3,"all_vital_rates",FALSE,NA,TRUE,"survival_slope_20",0.64,0.659326572365461,0.109454191989091,0.442028713284495,0.659589619181929,0.867594044927423,TRUE,0.176572244646299,0.425565331642928,0.0193265723654608
129,51,"six_by_two",3,"all_vital_rates",FALSE,NA,TRUE,"growth_increment_80",8.4,8.08099863154984,1.07517603182241,5.82321955117319,8.12832510382633,10.0567870631222,TRUE,-0.296696874752181,4.23356751194904,0.319001368450159
129,51,"six_by_two",3,"all_vital_rates",FALSE,NA,TRUE,"growth_slope_20",-2.4,-1.66446288822678,0.488677243897986,-2.61429730311016,-1.65822244794298,-0.674656704248795,TRUE,1.50515932746557,1.93964059886136,0.73553711177322
129,51,"six_by_two",3,"all_vital_rates",FALSE,NA,TRUE,"log_growth_sd",1.50407739677627,1.80713565325497,0.157293128256551,1.49474332564402,1.81456103112893,2.10580216820034,TRUE,1.92671008478131,0.611058842556315,0.303058256478698
129,51,"six_by_two",3,"all_vital_rates",FALSE,NA,TRUE,"log_recruitment_at_80",-1.69314718055995,-1.51202074801831,0.226375052376477,-1.96540494869758,-1.51928657173772,-1.05250837836808,TRUE,0.800116579279296,0.912896570329496,0.181126432541638
129,51,"six_by_two",3,"all_vital_rates",FALSE,NA,TRUE,"recruitment_slope_20",1.5,1.33257898069924,0.158163736750283,1.01880535927734,1.33486701406925,1.63528115582185,TRUE,-1.05852974101827,0.616475796544508,0.167421019300758
129,51,"six_by_two",3,"all_vital_rates",FALSE,NA,TRUE,"recruit_mean_80",44.6,44.37502507455,0.833902572945591,42.8082046762474,44.3558514417042,45.9341250977081,TRUE,-0.2697856233437,3.12592042146079,0.224974925450041
129,51,"six_by_two",3,"all_vital_rates",FALSE,NA,TRUE,"recruit_mean_slope_20",0.4,0.72825104908354,0.583549625679666,-0.35161751714831,0.730453974989762,1.87634349015169,TRUE,0.562507513737538,2.2279610073,0.32825104908354
129,51,"six_by_two",3,"all_vital_rates",FALSE,NA,TRUE,"log_recruit_sd",1.25276296849537,1.19129771542657,0.0746842490817959,1.04235077908334,1.18859768465973,1.32952038491404,TRUE,-0.823001554202911,0.287169605830698,0.0614652530687954
129,51,"six_by_two",3,"all_vital_rates",FALSE,NA,TRUE,"log_process_precision",NA,3.48491879291822,0.524291855136719,2.43830899954119,3.47791170305292,4.49583729051805,NA,NA,2.05752829097686,NA
130,73,"one_by_twelve",4,"all_vital_rates",FALSE,NA,TRUE,"survival_at_80",0.36,0.489426712769315,0.084264270060451,0.314635362424661,0.491979721825283,0.647204455452439,TRUE,1.53596195251515,0.332569093027778,0.129426712769315
130,73,"one_by_twelve",4,"all_vital_rates",FALSE,NA,TRUE,"survival_slope_20",0.64,0.696794758272398,0.0484959830937229,0.599762193346257,0.698307400198351,0.793384533278998,TRUE,1.17112293945329,0.193622339932741,0.0567947582723977
130,73,"one_by_twelve",4,"all_vital_rates",FALSE,NA,TRUE,"growth_increment_80",8.4,8.10994032444149,0.585586860679092,6.97024920634693,8.08852880114818,9.253733096084,TRUE,-0.495331598154597,2.28348388973707,0.290059675558508
130,73,"one_by_twelve",4,"all_vital_rates",FALSE,NA,TRUE,"growth_slope_20",-2.4,-2.17183723752207,0.214278349881884,-2.58601621875713,-2.17035852690822,-1.76216201817126,TRUE,1.0647961523117,0.82385420058587,0.22816276247793
130,73,"one_by_twelve",4,"all_vital_rates",FALSE,NA,TRUE,"log_growth_sd",1.50407739677627,1.43520799743562,0.158217019581492,1.10845551968919,1.4322644878,1.73543029146472,TRUE,-0.435284393062273,0.626974771775534,0.0688693993406515
130,73,"one_by_twelve",4,"all_vital_rates",FALSE,NA,TRUE,"log_recruitment_at_80",-1.69314718055995,-0.701395664583167,0.18029677529254,-1.02983608090827,-0.707217594062589,-0.335272522977035,FALSE,5.50066141985963,0.694563557931237,0.991751515976778
130,73,"one_by_twelve",4,"all_vital_rates",FALSE,NA,TRUE,"recruitment_slope_20",1.5,1.01390130521064,0.132354562700988,0.755416527725713,1.01395439653492,1.2724108949231,FALSE,-3.67270069780323,0.51699436719739,0.486098694789359
130,73,"one_by_twelve",4,"all_vital_rates",FALSE,NA,TRUE,"recruit_mean_80",44.6,44.558732547681,0.617522250705591,43.3814995893533,44.5485530840978,45.7207615403549,TRUE,-0.0668274742681654,2.33926195100167,0.0412674523190475
130,73,"one_by_twelve",4,"all_vital_rates",FALSE,NA,TRUE,"recruit_mean_slope_20",0.4,0.502298208606828,0.330011008970729,-0.131935368166255,0.496970232106398,1.14691322077198,TRUE,0.309984230301546,1.27884858893824,0.102298208606828
130,73,"one_by_twelve",4,"all_vital_rates",FALSE,NA,TRUE,"log_recruit_sd",1.25276296849537,1.22703214856922,0.0608372769965366,1.10041009922306,1.22721509994112,1.34169638014153,TRUE,-0.422944963950453,0.241286280918466,0.0257308199261439
130,73,"one_by_twelve",4,"all_vital_rates",FALSE,NA,TRUE,"log_process_precision",NA,5.76732114902603,1.15592073900754,3.28293291528211,5.80071276431276,7.85989062199316,NA,NA,4.57695770671105,NA
131,74,"three_by_four",4,"all_vital_rates",FALSE,NA,TRUE,"survival_at_80",0.36,0.268832886430987,0.0718901908335062,0.133122957459366,0.265408380551272,0.405850379462367,TRUE,-1.26814399171858,0.272727422003001,0.0911671135690132
131,74,"three_by_four",4,"all_vital_rates",FALSE,NA,TRUE,"survival_slope_20",0.64,0.563284772503225,0.0634079983377302,0.438714437333351,0.563152368967514,0.698728561312797,TRUE,-1.20986672829768,0.260014123979446,0.0767152274967746
131,74,"three_by_four",4,"all_vital_rates",FALSE,NA,TRUE,"growth_increment_80",8.4,9.49167822447103,0.699584410252369,8.1659957568901,9.50045455588513,10.8515415699582,TRUE,1.56046676923119,2.68554581306809,1.09167822447102
131,74,"three_by_four",4,"all_vital_rates",FALSE,NA,TRUE,"growth_slope_20",-2.4,-2.41190447907067,0.288630403181317,-2.98299589246858,-2.40220481036282,-1.8871383848271,TRUE,-0.0412447162165065,1.09585750764147,0.0119044790706693
131,74,"three_by_four",4,"all_vital_rates",FALSE,NA,TRUE,"log_growth_sd",1.50407739677627,1.58649275250663,0.149201787022725,1.28221661641026,1.58334888615533,1.90220259869405,TRUE,0.552375124822081,0.619985982283793,0.0824153557303551
131,74,"three_by_four",4,"all_vital_rates",FALSE,NA,TRUE,"log_recruitment_at_80",-1.69314718055995,-1.67076599227408,0.221419870471744,-2.10348881731084,-1.66856626684098,-1.21101770847555,TRUE,0.101080306108852,0.892471108835286,0.0223811882858662
131,74,"three_by_four",4,"all_vital_rates",FALSE,NA,TRUE,"recruitment_slope_20",1.5,1.43833714395919,0.148081709573283,1.12701747042794,1.43875118293747,1.71912526973249,TRUE,-0.416411022120827,0.592107799304557,0.0616628560408103
131,74,"three_by_four",4,"all_vital_rates",FALSE,NA,TRUE,"recruit_mean_80",44.6,44.9481461694407,0.730350355231819,43.4488092519128,44.9626741949968,46.2581932295786,TRUE,0.476683781895655,2.80938397766574,0.348146169440739
131,74,"three_by_four",4,"all_vital_rates",FALSE,NA,TRUE,"recruit_mean_slope_20",0.4,-0.00648145100686969,0.424850337177937,-0.796097924438703,-0.00896385998660349,0.831181362779971,TRUE,-0.956763865851956,1.62727928721867,0.40648145100687
131,74,"three_by_four",4,"all_vital_rates",FALSE,NA,TRUE,"log_recruit_sd",1.25276296849537,1.19368587118527,0.0530310591512096,1.08466339398965,1.19317043043645,1.29698530689374,TRUE,-1.11400937970425,0.212321912904095,0.0590770973100982
131,74,"three_by_four",4,"all_vital_rates",FALSE,NA,TRUE,"log_process_precision",NA,4.08958761258227,0.852217211778003,2.35610085008686,4.05731984738147,5.75962195888687,NA,NA,3.40352110880001,NA
132,75,"six_by_two",4,"all_vital_rates",FALSE,NA,TRUE,"survival_at_80",0.36,0.37525740681856,0.143257623304336,0.0994079999339104,0.374342208286362,0.667651187159791,TRUE,0.106503280360499,0.568243187225881,0.0152574068185604
132,75,"six_by_two",4,"all_vital_rates",FALSE,NA,TRUE,"survival_slope_20",0.64,0.592859454641928,0.109771338220938,0.374933637260878,0.591638397156582,0.806870332163481,TRUE,-0.429443114405617,0.431936694902603,0.0471405453580721
132,75,"six_by_two",4,"all_vital_rates",FALSE,NA,TRUE,"growth_increment_80",8.4,9.28946613344111,1.18633738795891,6.91264686861187,9.27522911686017,11.4963605272223,TRUE,0.749758156886075,4.58371365861043,0.889466133441113
132,75,"six_by_two",4,"all_vital_rates",FALSE,NA,TRUE,"growth_slope_20",-2.4,-2.3762324987542,0.494066933804793,-3.3584230571556,-2.37392248351623,-1.43831077719698,TRUE,0.0481058326708245,1.92011227995862,0.0237675012458007
132,75,"six_by_two",4,"all_vital_rates",FALSE,NA,TRUE,"log_growth_sd",1.50407739677627,1.86160018504562,0.170567983643839,1.5424731527208,1.85963853568782,2.23459496826781,FALSE,2.09607208006801,0.692121815547013,0.357522788269348
132,75,"six_by_two",4,"all_vital_rates",FALSE,NA,TRUE,"log_recruitment_at_80",-1.69314718055995,-0.783251792302059,0.09410881422507,-0.96575048200768,-0.781255817030773,-0.608614161692075,FALSE,9.66854588223572,0.357136320315605,0.909895388257887
132,75,"six_by_two",4,"all_vital_rates",FALSE,NA,TRUE,"recruitment_slope_20",1.5,0.473157945410095,0.565117868923118,-0.608184723849116,0.475200718199996,1.52055598020928,TRUE,-1.81704049908499,2.1287407040584,1.02684205458991
132,75,"six_by_two",4,"all_vital_rates",FALSE,NA,TRUE,"recruit_mean_80",44.6,45.1748483227671,0.669786135589579,43.7761787344099,45.1899685171468,46.4632352574199,TRUE,0.858256527303441,2.68705652301001,0.574848322767103
132,75,"six_by_two",4,"all_vital_rates",FALSE,NA,TRUE,"recruit_mean_slope_20",0.4,0.638431242720514,0.79527439891746,-0.935487612723698,0.670033032803043,2.16809163791267,TRUE,0.299810031663374,3.10357925063637,0.238431242720514
132,75,"six_by_two",4,"all_vital_rates",FALSE,NA,TRUE,"log_recruit_sd",1.25276296849537,1.26983452623361,0.098249192585114,1.08137253718906,1.26703026351785,1.45623146966677,TRUE,0.173757740792105,0.374858932477714,0.0170715577382379
132,75,"six_by_two",4,"all_vital_rates",FALSE,NA,TRUE,"log_process_precision",NA,3.19959484910315,0.487804938591583,2.27976722263779,3.22287111750827,4.09226205867432,NA,NA,1.81249483603653,NA
133,97,"one_by_twelve",5,"all_vital_rates",FALSE,NA,TRUE,"survival_at_80",0.36,0.222980725208619,0.0385239840955019,0.147845199142376,0.221671798055475,0.301723252342421,FALSE,-3.55672649152037,0.153878053200045,0.137019274791381
133,97,"one_by_twelve",5,"all_vital_rates",FALSE,NA,TRUE,"survival_slope_20",0.64,0.506628799309603,0.0326369248338273,0.444664900390988,0.506135271939192,0.570029746288187,FALSE,-4.08651248147501,0.125364845897198,0.133371200690397
133,97,"one_by_twelve",5,"all_vital_rates",FALSE,NA,TRUE,"growth_increment_80",8.4,8.67457152963261,0.0620202344939615,8.55469946817615,8.67686240314205,8.79425546641356,FALSE,4.4271282086066,0.23955599823741,0.274571529632613
133,97,"one_by_twelve",5,"all_vital_rates",FALSE,NA,TRUE,"growth_slope_20",-2.4,-2.47833795719547,0.0317403062473736,-2.54448100076734,-2.47968768641277,-2.41324616470535,FALSE,-2.4680907797465,0.131234836061987,0.078337957195473
133,97,"one_by_twelve",5,"all_vital_rates",FALSE,NA,TRUE,"log_growth_sd",1.50407739677627,1.74781326623545,0.125933856448946,1.51374281568232,1.75459956429636,1.98547002731583,FALSE,1.93542766283816,0.471727211633507,0.24373586945918
133,97,"one_by_twelve",5,"all_vital_rates",FALSE,NA,TRUE,"log_recruitment_at_80",-1.69314718055995,-2.68829318377404,0.305541240096671,-3.31292925363697,-2.6908257485104,-2.11574562867786,FALSE,-3.25699405716637,1.19718362495912,0.995146003214099
133,97,"one_by_twelve",5,"all_vital_rates",FALSE,NA,TRUE,"recruitment_slope_20",1.5,1.91162805414038,0.119891110846405,1.68710545086531,1.9109755465643,2.15331629488274,FALSE,3.43334923860806,0.46621084401743,0.411628054140381
133,97,"one_by_twelve",5,"all_vital_rates",FALSE,NA,TRUE,"recruit_mean_80",44.6,45.1064108820183,1.10610427540567,42.9623630481324,45.1440084428399,47.1725587632431,TRUE,0.457832858328408,4.21019571511076,0.506410882018251
133,97,"one_by_twelve",5,"all_vital_rates",FALSE,NA,TRUE,"recruit_mean_slope_20",0.4,0.187670547458915,0.365759276346502,-0.496747835593581,0.183180919973788,0.918172399578348,TRUE,-0.580516930867761,1.41492023517193,0.212329452541085
133,97,"one_by_twelve",5,"all_vital_rates",FALSE,NA,TRUE,"log_recruit_sd",1.25276296849537,1.25946041738954,0.0363911242809348,1.18535987158436,1.26051809549893,1.32867406127322,TRUE,0.184040724943555,0.143314189688858,0.00669744889417423
133,97,"one_by_twelve",5,"all_vital_rates",FALSE,NA,TRUE,"log_process_precision",NA,4.3821955344466,0.752044222687684,2.90664292225313,4.376478143948,5.83995075122509,NA,NA,2.93330782897195,NA
134,98,"three_by_four",5,"all_vital_rates",FALSE,NA,TRUE,"survival_at_80",0.36,0.440664932628522,0.0995778181049968,0.25074195910828,0.440235650317083,0.645310716700316,TRUE,0.810069292173755,0.394568757592036,0.0806649326285217
134,98,"three_by_four",5,"all_vital_rates",FALSE,NA,TRUE,"survival_slope_20",0.64,0.51305204955657,0.0855698555255324,0.344582051206828,0.515193784492944,0.682760481775848,TRUE,-1.48355924716446,0.33817843056902,0.12694795044343
134,98,"three_by_four",5,"all_vital_rates",FALSE,NA,TRUE,"growth_increment_80",8.4,9.60033408123541,0.93824734874107,7.76152427264308,9.62309606580547,11.4393017643025,TRUE,1.27933650209191,3.67777749165945,1.20033408123541
134,98,"three_by_four",5,"all_vital_rates",FALSE,NA,TRUE,"growth_slope_20",-2.4,-1.87444132231978,0.374468395652891,-2.54733925402987,-1.86829488876807,-1.14520298825197,TRUE,1.4034793958083,1.40213626577789,0.525558677680224
134,98,"three_by_four",5,"all_vital_rates",FALSE,NA,TRUE,"log_growth_sd",1.50407739677627,1.81313065904154,0.140418551174222,1.54385354791982,1.81783963632182,2.09813345622823,FALSE,2.20094324917093,0.554279908308415,0.309053262265266
134,98,"three_by_four",5,"all_vital_rates",FALSE,NA,TRUE,"log_recruitment_at_80",-1.69314718055995,-1.26091005946861,0.138700165074739,-1.53394991358013,-1.2672196961801,-0.992799497824317,FALSE,3.11634179280483,0.54115041575581,0.432237121091337
134,98,"three_by_four",5,"all_vital_rates",FALSE,NA,TRUE,"recruitment_slope_20",1.5,0.941771232204446,0.112718207077026,0.719632631478198,0.950144324077293,1.15486513988835,FALSE,-4.95242767137069,0.435232508410157,0.558228767795554
134,98,"three_by_four",5,"all_vital_rates",FALSE,NA,TRUE,"recruit_mean_80",44.6,45.0240252604077,0.57173445575693,43.9613317516936,45.0409229261011,46.1540773580316,TRUE,0.741647203764113,2.19274560633801,0.424025260407724
134,98,"three_by_four",5,"all_vital_rates",FALSE,NA,TRUE,"recruit_mean_slope_20",0.4,0.295908693864343,0.411760102655019,-0.491442221634285,0.295126869911723,1.05909897291116,TRUE,-0.252795998117542,1.55054119454544,0.104091306135657
134,98,"three_by_four",5,"all_vital_rates",FALSE,NA,TRUE,"log_recruit_sd",1.25276296849537,1.23005099312267,0.0702105859278692,1.10025812958736,1.22822716748793,1.37830101560786,TRUE,-0.323483632454417,0.278042886020492,0.0227119753727001
134,98,"three_by_four",5,"all_vital_rates",FALSE,NA,TRUE,"log_process_precision",NA,5.30232652656462,1.25494941886635,2.97619325806824,5.25049931094228,7.88518400941619,NA,NA,4.90899075134795,NA
135,99,"six_by_two",5,"all_vital_rates",FALSE,NA,TRUE,"survival_at_80",0.36,0.489383661545547,0.144800690540543,0.197876603619554,0.495164064583353,0.78069476737351,TRUE,0.893529313034046,0.582818163753957,0.129383661545547
135,99,"six_by_two",5,"all_vital_rates",FALSE,NA,TRUE,"survival_slope_20",0.64,0.616749995802144,0.105757878292212,0.392802296641442,0.616959270110619,0.817198257748311,TRUE,-0.219841817681095,0.42439596110687,0.0232500041978558
135,99,"six_by_two",5,"all_vital_rates",FALSE,NA,TRUE,"growth_increment_80",8.4,6.74097924772152,1.15683699607557,4.49483736797834,6.71093793406071,9.0413928196717,TRUE,-1.43410070555014,4.54655545169337,1.65902075227848
135,99,"six_by_two",5,"all_vital_rates",FALSE,NA,TRUE,"growth_slope_20",-2.4,-1.93635228070042,0.501532606025719,-2.93724964355186,-1.95188369152092,-0.932602184647526,TRUE,0.9244617672491,2.00464745890434,0.463647719299583
135,99,"six_by_two",5,"all_vital_rates",FALSE,NA,TRUE,"log_growth_sd",1.50407739677627,1.94956576164688,0.135417290971821,1.69507214165585,1.94504208603918,2.20758326207125,FALSE,3.28974506633209,0.512511120415395,0.445488364870605
135,99,"six_by_two",5,"all_vital_rates",FALSE,NA,TRUE,"log_recruitment_at_80",-1.69314718055995,-2.24941553852828,0.277971293404336,-2.8035064173126,-2.2556825398533,-1.70896478119836,FALSE,-2.00117195972172,1.09454163611424,0.556268357968336
135,99,"six_by_two",5,"all_vital_rates",FALSE,NA,TRUE,"recruitment_slope_20",1.5,1.75650259776364,0.12796322507509,1.50817494117421,1.75566616127216,2.01003214011479,FALSE,2.00450244680156,0.501857198940576,0.256502597763636
135,99,"six_by_two",5,"all_vital_rates",FALSE,NA,TRUE,"recruit_mean_80",44.6,43.7389532701292,1.15027957847546,41.5008151748662,43.7041699187255,46.0204488724718,TRUE,-0.748554304521378,4.51963369760565,0.861046729870843
135,99,"six_by_two",5,"all_vital_rates",FALSE,NA,TRUE,"recruit_mean_slope_20",0.4,0.775256968051722,0.515076816245934,-0.252969696701459,0.777217758136729,1.7491893535489,TRUE,0.728545638661685,2.00215905025036,0.375256968051722
135,99,"six_by_two",5,"all_vital_rates",FALSE,NA,TRUE,"log_recruit_sd",1.25276296849537,1.25636587421181,0.0792016671962171,1.11076365460492,1.25677350789128,1.41630970259353,TRUE,0.0454902762023232,0.30554604798861,0.0036029057164404
135,99,"six_by_two",5,"all_vital_rates",FALSE,NA,TRUE,"log_process_precision",NA,5.22592152179304,1.17822139953696,2.84698786730545,5.16854943468504,7.66222109851711,NA,NA,4.81523323121167,NA
151,1,"one_by_twelve",1,"all_vital_rates_biased",FALSE,NA,TRUE,"survival_at_80",0.36,0.41904651166291,0.0573518313878141,0.313220930037807,0.42149853796356,0.531052045008982,TRUE,1.02954884323809,0.217831114971174,0.05904651166291
151,1,"one_by_twelve",1,"all_vital_rates_biased",FALSE,NA,TRUE,"survival_slope_20",0.64,0.623403783451687,0.0364080570311784,0.547382909129415,0.625523092248535,0.689242842235021,TRUE,-0.455839116437911,0.141859933105607,0.0165962165483134
151,1,"one_by_twelve",1,"all_vital_rates_biased",FALSE,NA,TRUE,"growth_increment_80",8.4,8.47255954815892,0.410549196641209,7.65686866568447,8.4806117406948,9.27702864494613,TRUE,0.176737766758648,1.62015997926166,0.0725595481589245
151,1,"one_by_twelve",1,"all_vital_rates_biased",FALSE,NA,TRUE,"growth_slope_20",-2.4,-2.52941262515044,0.157403028093211,-2.83017048499515,-2.53496043484618,-2.22886871463946,TRUE,-0.822173669199064,0.601301770355687,0.129412625150438
151,1,"one_by_twelve",1,"all_vital_rates_biased",FALSE,NA,TRUE,"log_growth_sd",1.50407739677627,1.49123107211865,0.120771568154846,1.25006477516577,1.48779034056664,1.72453553200811,TRUE,-0.106368782436904,0.474470756842335,0.0128463246576265
151,1,"one_by_twelve",1,"all_vital_rates_biased",FALSE,NA,TRUE,"log_recruitment_at_80",-1.69314718055995,-2.45960830171988,0.234364281950931,-2.91648272149237,-2.45156189232191,-1.99219460838149,FALSE,-3.27038367271516,0.924288113110882,0.766461121159939
151,1,"one_by_twelve",1,"all_vital_rates_biased",FALSE,NA,TRUE,"recruitment_slope_20",1.5,1.73249892874892,0.118258907752915,1.51678753040831,1.73135389936628,1.95098614565068,FALSE,1.96601620264151,0.434198615242367,0.232498928748918
151,1,"one_by_twelve",1,"all_vital_rates_biased",FALSE,NA,TRUE,"recruit_mean_80",44.6,46.938016825407,0.859065033128294,45.3363226748387,46.9534299124743,48.565795323882,FALSE,2.72158304115005,3.22947264904332,2.33801682540697
151,1,"one_by_twelve",1,"all_vital_rates_biased",FALSE,NA,TRUE,"recruit_mean_slope_20",0.4,-0.501499710918714,0.31315825120363,-1.09962599881131,-0.527135842190456,0.0944224331993446,FALSE,-2.87873529582498,1.19404843201066,0.901499710918714
151,1,"one_by_twelve",1,"all_vital_rates_biased",FALSE,NA,TRUE,"log_recruit_sd",1.25276296849537,1.15953108654727,0.0445427751320143,1.07050363277255,1.15912301184096,1.25017200033822,FALSE,-2.09308651451959,0.179668367565673,0.0932318819480977
151,1,"one_by_twelve",1,"all_vital_rates_biased",FALSE,NA,TRUE,"log_process_precision",NA,4.85040437479914,0.922969248011835,3.0917020523597,4.86596882832251,6.64477147441725,NA,NA,3.55306942205755,NA
152,2,"three_by_four",1,"all_vital_rates_biased",FALSE,NA,TRUE,"survival_at_80",0.36,0.316243810902533,0.105374706680903,0.103064510806569,0.31651081292379,0.516220045753621,TRUE,-0.41524375702387,0.413155534947052,0.0437561890974665
152,2,"three_by_four",1,"all_vital_rates_biased",FALSE,NA,TRUE,"survival_slope_20",0.64,0.708850963172172,0.0795223067663438,0.549779498377906,0.709937466072686,0.864902404434821,TRUE,0.865806915969793,0.315122906056915,0.0688509631721719
152,2,"three_by_four",1,"all_vital_rates_biased",FALSE,NA,TRUE,"growth_increment_80",8.4,9.16303835254247,0.799813729935095,7.65187008370069,9.158638423038,10.6546481941466,TRUE,0.954020072404099,3.00277811044588,0.763038352542472
152,2,"three_by_four",1,"all_vital_rates_biased",FALSE,NA,TRUE,"growth_slope_20",-2.4,-3.11441078327336,0.319322292288118,-3.75336991050886,-3.11968454897179,-2.47835622394796,FALSE,-2.2372718739873,1.2750136865609,0.71441078327336
152,2,"three_by_four",1,"all_vital_rates_biased",FALSE,NA,TRUE,"log_growth_sd",1.50407739677627,1.39758745804617,0.1781571379594,1.0645647427591,1.38836208262532,1.75379173890822,TRUE,-0.597730407828904,0.689226996149124,0.106489938730102
152,2,"three_by_four",1,"all_vital_rates_biased",FALSE,NA,TRUE,"log_recruitment_at_80",-1.69314718055995,-1.25525063509073,0.353225534919847,-1.96959054234332,-1.24823460236914,-0.550583417690873,TRUE,1.23970806801546,1.41900712465245,0.43789654546921
152,2,"three_by_four",1,"all_vital_rates_biased",FALSE,NA,TRUE,"recruitment_slope_20",1.5,1.26645003882094,0.218989277336811,0.832871342933254,1.26208635780212,1.7000472716165,TRUE,-1.06649039633048,0.867175928683246,0.23354996117906
152,2,"three_by_four",1,"all_vital_rates_biased",FALSE,NA,TRUE,"recruit_mean_80",44.6,45.1698778651859,1.15902679168967,42.8349565956728,45.192770347889,47.4812670442102,TRUE,0.491686533281199,4.64631044853741,0.569877865185923
152,2,"three_by_four",1,"all_vital_rates_biased",FALSE,NA,TRUE,"recruit_mean_slope_20",0.4,0.393266186712428,0.641906971577466,-0.85486686584126,0.403574239166201,1.71824134719187,TRUE,-0.0104903258349479,2.57310821303313,0.00673381328757228
152,2,"three_by_four",1,"all_vital_rates_biased",FALSE,NA,TRUE,"log_recruit_sd",1.25276296849537,1.30261205670141,0.074999742975244,1.15925685282585,1.30407281494518,1.44929205508453,TRUE,0.664656787190506,0.290035202258683,0.0498490882060394
152,2,"three_by_four",1,"all_vital_rates_biased",FALSE,NA,TRUE,"log_process_precision",NA,1.85195375649053,0.201108899229448,1.45611962582087,1.84520096594908,2.2563230252628,NA,NA,0.800203399441927,NA
153,3,"six_by_two",1,"all_vital_rates_biased",FALSE,NA,TRUE,"survival_at_80",0.36,0.499989068266813,0.0965441888001358,0.30106147649786,0.497881640587962,0.692449397702638,TRUE,1.4499999430998,0.391387921204779,0.139989068266813
153,3,"six_by_two",1,"all_vital_rates_biased",FALSE,NA,TRUE,"survival_slope_20",0.64,0.650034834020914,0.0933713235855157,0.467731125447346,0.649855919772525,0.830079657827325,TRUE,0.107472333427118,0.362348532379979,0.0100348340209139
153,3,"six_by_two",1,"all_vital_rates_biased",FALSE,NA,TRUE,"growth_increment_80",8.4,8.08797013894746,0.184362760089118,7.7291618409065,8.08461990268925,8.4326149290296,TRUE,-1.69247770483428,0.7034530881231,0.312029861052544
153,3,"six_by_two",1,"all_vital_rates_biased",FALSE,NA,TRUE,"growth_slope_20",-2.4,-2.93981373289841,0.103266519715204,-3.12451414073357,-2.94335937204307,-2.73976964885797,FALSE,-5.22738380636002,0.384744491875597,0.539813732898414
153,3,"six_by_two",1,"all_vital_rates_biased",FALSE,NA,TRUE,"log_growth_sd",1.50407739677627,1.93688031661065,0.138592270852491,1.6872848590511,1.93018256994169,2.2283244445692,FALSE,3.12285033770043,0.541039585518091,0.432802919834371
153,3,"six_by_two",1,"all_vital_rates_biased",FALSE,NA,TRUE,"log_recruitment_at_80",-1.69314718055995,-0.905320393625893,0.12046226050214,-1.13043757346292,-0.901273889356133,-0.675521832493504,FALSE,6.54002991185822,0.454915740969418,0.787826786934053
153,3,"six_by_two",1,"all_vital_rates_biased",FALSE,NA,TRUE,"recruitment_slope_20",1.5,0.817203672923164,0.164387912330621,0.515838383400086,0.81216471153191,1.1576456547304,FALSE,-4.15356772524478,0.641807271330312,0.682796327076836
153,3,"six_by_two",1,"all_vital_rates_biased",FALSE,NA,TRUE,"recruit_mean_80",44.6,45.1596935513705,0.440701538435076,44.3412097696437,45.1581237881175,46.0120510346191,TRUE,1.27000589414304,1.67084126497539,0.559693551370451
153,3,"six_by_two",1,"all_vital_rates_biased",FALSE,NA,TRUE,"recruit_mean_slope_20",0.4,0.245541033735261,0.561584921638245,-0.813937445168877,0.253996655618926,1.36281098864601,TRUE,-0.275041156400984,2.17674843381489,0.154458966264739
153,3,"six_by_two",1,"all_vital_rates_biased",FALSE,NA,TRUE,"log_recruit_sd",1.25276296849537,1.28836994162934,0.0595864671619188,1.17500573045385,1.28973527394284,1.4049679102895,TRUE,0.597568119573428,0.229962179835653,0.0356069731339717
153,3,"six_by_two",1,"all_vital_rates_biased",FALSE,NA,TRUE,"log_process_precision",NA,4.42512396432522,1.04992939451275,2.333932083941,4.40717727075728,6.44620434023228,NA,NA,4.11227225629128,NA
154,25,"one_by_twelve",2,"all_vital_rates_biased",FALSE,NA,TRUE,"survival_at_80",0.36,0.481291690253129,0.0951736364096428,0.290129271612781,0.480411180765259,0.652170472310638,TRUE,1.27442530125748,0.362041200697857,0.121291690253129
154,25,"one_by_twelve",2,"all_vital_rates_biased",FALSE,NA,TRUE,"survival_slope_20",0.64,0.577395850335646,0.0542422925885217,0.472621958826537,0.576602480019007,0.690262832429008,TRUE,-1.1541575157832,0.217640873602471,0.0626041496643539
154,25,"one_by_twelve",2,"all_vital_rates_biased",FALSE,NA,TRUE,"growth_increment_80",8.4,7.87586255657259,0.801380418269817,6.287842807964,7.90478702110248,9.46807253904279,TRUE,-0.654043237740975,3.18022973107879,0.524137443427408
154,25,"one_by_twelve",2,"all_vital_rates_biased",FALSE,NA,TRUE,"growth_slope_20",-2.4,-2.24028451651713,0.285542501616071,-2.81922485117503,-2.22934819663738,-1.73161312352194,TRUE,0.559340492497373,1.08761172765309,0.159715483482865
154,25,"one_by_twelve",2,"all_vital_rates_biased",FALSE,NA,TRUE,"log_growth_sd",1.50407739677627,1.79713978350582,0.139292818944864,1.53851797081875,1.79134135809913,2.07965927930514,FALSE,2.10393033143759,0.541141308486389,0.293062386729545
154,25,"one_by_twelve",2,"all_vital_rates_biased",FALSE,NA,TRUE,"log_recruitment_at_80",-1.69314718055995,-1.79062164833032,0.258245246120648,-2.26032280369701,-1.79709491371363,-1.27144192260002,TRUE,-0.37744922407919,0.988880881096987,0.097474467770378
154,25,"one_by_twelve",2,"all_vital_rates_biased",FALSE,NA,TRUE,"recruitment_slope_20",1.5,1.50471331397476,0.126178805527411,1.25237579577334,1.50472199023928,1.74121927988376,TRUE,0.0373542446773318,0.488843484110417,0.00471331397476438
154,25,"one_by_twelve",2,"all_vital_rates_biased",FALSE,NA,TRUE,"recruit_mean_80",44.6,45.5501786039256,1.06460241516351,43.5547057989937,45.586204074548,47.5431033721048,TRUE,0.89251967719763,3.98839757311117,0.950178603925551
154,25,"one_by_twelve",2,"all_vital_rates_biased",FALSE,NA,TRUE,"recruit_mean_slope_20",0.4,0.0109263516339144,0.396885019488141,-0.762594550312358,0.00563786501510485,0.778359104867326,TRUE,-0.980318301930041,1.54095365517968,0.389073648366086
154,25,"one_by_twelve",2,"all_vital_rates_biased",FALSE,NA,TRUE,"log_recruit_sd",1.25276296849537,1.29049137191717,0.0514791759514022,1.19434563841445,1.29131237925496,1.39215106258453,TRUE,0.732886700778258,0.197805424170082,0.0377284034218066
154,25,"one_by_twelve",2,"all_vital_rates_biased",FALSE,NA,TRUE,"log_process_precision",NA,3.64450932960775,0.461816736477842,2.70873069728519,3.64931031652213,4.50684795811955,NA,NA,1.79811726083436,NA
155,26,"three_by_four",2,"all_vital_rates_biased",FALSE,NA,TRUE,"survival_at_80",0.36,0.57949506834969,0.112200422678795,0.373666276485021,0.580187486562313,0.800817636217187,FALSE,1.95627666196996,0.427151359732166,0.219495068349691
155,26,"three_by_four",2,"all_vital_rates_biased",FALSE,NA,TRUE,"survival_slope_20",0.64,0.618725608544968,0.0715642031389001,0.475310705783545,0.619836569169349,0.755493244052866,TRUE,-0.297276997743413,0.28018253826932,0.021274391455032
155,26,"three_by_four",2,"all_vital_rates_biased",FALSE,NA,TRUE,"growth_increment_80",8.4,7.2374579732939,0.765555186644146,5.78531805026337,7.22699133195151,8.72078101179615,TRUE,-1.51856070860439,2.93546296153278,1.1625420267061
155,26,"three_by_four",2,"all_vital_rates_biased",FALSE,NA,TRUE,"growth_slope_20",-2.4,-1.74473376229545,0.362067509490964,-2.45516318793421,-1.75303655539597,-1.00803144631806,TRUE,1.8097902201327,1.44713174161615,0.655266237704551
155,26,"three_by_four",2,"all_vital_rates_biased",FALSE,NA,TRUE,"log_growth_sd",1.50407739677627,1.58813645544457,0.137149466548034,1.32043127966768,1.58396489275225,1.86215843430671,TRUE,0.612901098225238,0.541727154639031,0.0840590586682954
155,26,"three_by_four",2,"all_vital_rates_biased",FALSE,NA,TRUE,"log_recruitment_at_80",-1.69314718055995,-1.46968741101687,0.25920777780506,-1.98493309944532,-1.47292518815416,-0.960251314578578,TRUE,0.862087439795623,1.02468178486674,0.223459769543077
155,26,"three_by_four",2,"all_vital_rates_biased",FALSE,NA,TRUE,"recruitment_slope_20",1.5,1.28168931907365,0.168267477304317,0.956578214323227,1.28931630389472,1.60969808850588,TRUE,-1.29740270920879,0.653119874182658,0.218310680926349
155,26,"three_by_four",2,"all_vital_rates_biased",FALSE,NA,TRUE,"recruit_mean_80",44.6,45.2030533573004,0.894915404752601,43.5272505930386,45.1886616063634,46.92780794969,TRUE,0.673866327585563,3.40055735665134,0.603053357300382
155,26,"three_by_four",2,"all_vital_rates_biased",FALSE,NA,TRUE,"recruit_mean_slope_20",0.4,-0.105941944530587,0.517149456231112,-1.11116232146822,-0.0976950806397794,0.866489747412806,TRUE,-0.978328292594169,1.97765206888103,0.505941944530587
155,26,"three_by_four",2,"all_vital_rates_biased",FALSE,NA,TRUE,"log_recruit_sd",1.25276296849537,1.21520960238487,0.05667571454373,1.09922780206569,1.2135909458402,1.33296679120208,TRUE,-0.66260066437319,0.233738989136385,0.0375533661105008
155,26,"three_by_four",2,"all_vital_rates_biased",FALSE,NA,TRUE,"log_process_precision",NA,5.72107904970971,1.16123568475974,3.51710538452751,5.67374330619626,7.96445252564961,NA,NA,4.4473471411221,NA
156,27,"six_by_two",2,"all_vital_rates_biased",FALSE,NA,TRUE,"survival_at_80",0.36,0.261914707937106,0.119222688627845,0.0366268654872548,0.263613638881183,0.501739641883858,TRUE,-0.822706593784914,0.465112776396603,0.0980852920628935
156,27,"six_by_two",2,"all_vital_rates_biased",FALSE,NA,TRUE,"survival_slope_20",0.64,0.541138013547492,0.0995886502589883,0.351969269468756,0.542610836122415,0.72782431470107,TRUE,-0.992703347172693,0.375855045232314,0.0988619864525083
156,27,"six_by_two",2,"all_vital_rates_biased",FALSE,NA,TRUE,"growth_increment_80",8.4,9.11541673962454,1.12316874197031,7.01732392752097,9.07294078738499,11.457539861189,TRUE,0.636962829262438,4.44021593366804,0.715416739624539
156,27,"six_by_two",2,"all_vital_rates_biased",FALSE,NA,TRUE,"growth_slope_20",-2.4,-2.46991150897481,0.486959916343427,-3.34525924057886,-2.50206506072761,-1.42384910326126,TRUE,-0.143567276542534,1.9214101373176,0.0699115089748061
156,27,"six_by_two",2,"all_vital_rates_biased",FALSE,NA,TRUE,"log_growth_sd",1.50407739677627,1.93999571345463,0.192153434390761,1.58628054739008,1.93249197288364,2.29574137817616,FALSE,2.26859498015463,0.70946083078608,0.435918316678353
156,27,"six_by_two",2,"all_vital_rates_biased",FALSE,NA,TRUE,"log_recruitment_at_80",-1.69314718055995,-0.903378080620372,0.109794145919228,-1.11279996885961,-0.904285832552528,-0.696382063338018,FALSE,7.19318041346738,0.416417905521592,0.789769099939573
156,27,"six_by_two",2,"all_vital_rates_biased",FALSE,NA,TRUE,"recruitment_slope_20",1.5,0.869968814945217,0.123215155254402,0.628825253456827,0.871871185175364,1.10373612260707,FALSE,-5.11326048937697,0.474910869150245,0.630031185054783
156,27,"six_by_two",2,"all_vital_rates_biased",FALSE,NA,TRUE,"recruit_mean_80",44.6,45.380623722034,0.412516350520252,44.5095013174656,45.3840953974223,46.1849732728862,TRUE,1.89234613621859,1.67547195542053,0.780623722033994
156,27,"six_by_two",2,"all_vital_rates_biased",FALSE,NA,TRUE,"recruit_mean_slope_20",0.4,0.0388948059021108,0.504591974494118,-0.896211503414709,0.03282329834035,1.06641284242843,TRUE,-0.715638005261415,1.96262434584313,0.361105194097889
156,27,"six_by_two",2,"all_vital_rates_biased",FALSE,NA,TRUE,"log_recruit_sd",1.25276296849537,1.27601292436477,0.0587849883405627,1.15747332476793,1.27874388745199,1.38489140254989,TRUE,0.395508386166635,0.227418077781952,0.0232499558694004
156,27,"six_by_two",2,"all_vital_rates_biased",FALSE,NA,TRUE,"log_process_precision",NA,4.75165315705337,1.17231773818885,2.42997715396688,4.78839978933402,7.14866945968901,NA,NA,4.71869230572213,NA
157,49,"one_by_twelve",3,"all_vital_rates_biased",FALSE,NA,TRUE,"survival_at_80",0.36,0.3126562179787,0.0743136195990542,0.165376981314147,0.312510850382013,0.453265061360467,TRUE,-0.637080824171055,0.28788808004632,0.0473437820212997
157,49,"one_by_twelve",3,"all_vital_rates_biased",FALSE,NA,TRUE,"survival_slope_20",0.64,0.384181124983564,0.0725766556352865,0.24035462110169,0.382081919071735,0.52383618810397,FALSE,-3.52480935883821,0.283481567002279,0.255818875016436
157,49,"one_by_twelve",3,"all_vital_rates_biased",FALSE,NA,TRUE,"growth_increment_80",8.4,9.69451611006375,0.725070337825228,8.23893502383016,9.67713345632117,11.1185324052568,TRUE,1.78536625004756,2.8795973814266,1.29451611006375
157,49,"one_by_twelve",3,"all_vital_rates_biased",FALSE,NA,TRUE,"growth_slope_20",-2.4,-1.89722769799721,0.389832695247452,-2.65067600801812,-1.89756833123875,-1.12642951919708,TRUE,1.28971301825685,1.52424648882104,0.502772302002795
157,49,"one_by_twelve",3,"all_vital_rates_biased",FALSE,NA,TRUE,"log_growth_sd",1.50407739677627,2.07981982847084,0.0864474600421909,1.90317530557574,2.08072156893903,2.25160190865432,FALSE,6.66002715884969,0.348426603078574,0.575742431694565
157,49,"one_by_twelve",3,"all_vital_rates_biased",FALSE,NA,TRUE,"log_recruitment_at_80",-1.69314718055995,-0.960908486607741,0.158750524238478,-1.2602958312088,-0.972201789512564,-0.635583618959505,FALSE,4.61251197414769,0.624712212249295,0.732238693952204
157,49,"one_by_twelve",3,"all_vital_rates_biased",FALSE,NA,TRUE,"recruitment_slope_20",1.5,1.19782819676362,0.0923782571850448,1.01604784664961,1.1976316818031,1.36878505414238,FALSE,-3.27102732227447,0.352737207492768,0.302171803236379
157,49,"one_by_twelve",3,"all_vital_rates_biased",FALSE,NA,TRUE,"recruit_mean_80",44.6,44.1517153145005,0.51602840214046,43.1695010897221,44.1517381747729,45.1713076904925,TRUE,-0.8687209534204,2.00180660077032,0.448284685499466
157,49,"one_by_twelve",3,"all_vital_rates_biased",FALSE,NA,TRUE,"recruit_mean_slope_20",0.4,0.671898029878356,0.210216393080907,0.275952566331063,0.672945079007954,1.08674569758708,TRUE,1.29341972761234,0.810793131256018,0.271898029878356
157,49,"one_by_twelve",3,"all_vital_rates_biased",FALSE,NA,TRUE,"log_recruit_sd",1.25276296849537,1.13723577757374,0.0703170726057809,0.997865680244584,1.13870152439875,1.27168695995128,TRUE,-1.64294653688593,0.273821279706698,0.115527190921624
157,49,"one_by_twelve",3,"all_vital_rates_biased",FALSE,NA,TRUE,"log_process_precision",NA,3.63653641607665,0.502349430900906,2.67385255177927,3.62882532302845,4.60769047957092,NA,NA,1.93383792779165,NA
158,50,"three_by_four",3,"all_vital_rates_biased",FALSE,NA,TRUE,"survival_at_80",0.36,0.500582596638111,0.121972599584678,0.265695954927001,0.497211791120889,0.738554010574546,TRUE,1.15257522686899,0.472858055647544,0.140582596638111
158,50,"three_by_four",3,"all_vital_rates_biased",FALSE,NA,TRUE,"survival_slope_20",0.64,0.70848445764097,0.088582531637509,0.538682959061373,0.70482293058919,0.882815018561678,TRUE,0.773114703034425,0.344132059500306,0.0684844576409703
158,50,"three_by_four",3,"all_vital_rates_biased",FALSE,NA,TRUE,"growth_increment_80",8.4,8.35327811199386,0.960410918560912,6.55888281606664,8.35899164795716,10.1907791216076,TRUE,-0.0486478101229332,3.63189630554091,0.0467218880061431
158,50,"three_by_four",3,"all_vital_rates_biased",FALSE,NA,TRUE,"growth_slope_20",-2.4,-1.68354208366682,0.463060836224283,-2.62055315285736,-1.67835726597352,-0.774071376851331,TRUE,1.54722200688586,1.84648177600603,0.716457916333179
158,50,"three_by_four",3,"all_vital_rates_biased",FALSE,NA,TRUE,"log_growth_sd",1.50407739677627,1.72877762481078,0.151503796492111,1.43500599891688,1.73143567853818,2.03726607146404,TRUE,1.48313265566391,0.602260072547158,0.224700228034509
158,50,"three_by_four",3,"all_vital_rates_biased",FALSE,NA,TRUE,"log_recruitment_at_80",-1.69314718055995,-0.974742485070534,0.136334047183015,-1.24125593519313,-0.976178808373229,-0.721005467973802,FALSE,5.26944450292027,0.520250467219323,0.718404695489412
158,50,"three_by_four",3,"all_vital_rates_biased",FALSE,NA,TRUE,"recruitment_slope_20",1.5,1.05861708077398,0.107217597625269,0.851745330126098,1.06011902723637,1.27777736005449,FALSE,-4.11670219256992,0.42603202992839,0.441382919226023
158,50,"three_by_four",3,"all_vital_rates_biased",FALSE,NA,TRUE,"recruit_mean_80",44.6,44.3644554461338,0.61285150653417,43.2023175282733,44.3503162330839,45.6000499391724,TRUE,-0.384341967597171,2.39773241089908,0.235544553866234
158,50,"three_by_four",3,"all_vital_rates_biased",FALSE,NA,TRUE,"recruit_mean_slope_20",0.4,1.01456297688419,0.371453710276631,0.313061025014913,1.0139773646726,1.73329358438005,TRUE,1.65448065231738,1.42023255936513,0.614562976884191
158,50,"three_by_four",3,"all_vital_rates_biased",FALSE,NA,TRUE,"log_recruit_sd",1.25276296849537,1.26023354482436,0.0896375935485308,1.07449603697194,1.25948792858275,1.43838955546057,TRUE,0.083342000083334,0.363893518488633,0.00747057632899151
158,50,"three_by_four",3,"all_vital_rates_biased",FALSE,NA,TRUE,"log_process_precision",NA,4.76361172469525,1.27457060948735,2.40871476089678,4.76034006123562,7.45207302822392,NA,NA,5.04335826732714,NA
159,51,"six_by_two",3,"all_vital_rates_biased",FALSE,NA,TRUE,"survival_at_80",0.36,0.434348316025526,0.15139375020093,0.155863393241088,0.43641228290807,0.726810180925765,TRUE,0.491092372880983,0.570946787684677,0.0743483160255258
159,51,"six_by_two",3,"all_vital_rates_biased",FALSE,NA,TRUE,"survival_slope_20",0.64,0.662508921329602,0.102553563236125,0.466735534736289,0.66148621303675,0.85986866950014,TRUE,0.219484536853935,0.393133134763852,0.0225089213296016
159,51,"six_by_two",3,"all_vital_rates_biased",FALSE,NA,TRUE,"growth_increment_80",8.4,8.03457078546144,1.13615334963754,5.80464951442539,8.04509163655017,10.288943572994,TRUE,-0.321637228508937,4.48429405856857,0.365429214538562
159,51,"six_by_two",3,"all_vital_rates_biased",FALSE,NA,TRUE,"growth_slope_20",-2.4,-1.68135261875521,0.509714043623346,-2.67667234329849,-1.68668675107057,-0.710119824503341,TRUE,1.40990304315773,1.96655251879514,0.718647381244789
159,51,"six_by_two",3,"all_vital_rates_biased",FALSE,NA,TRUE,"log_growth_sd",1.50407739677627,1.83245859812474,0.161345777972909,1.51407412220061,1.83353191765335,2.15019397607228,FALSE,2.03526367701798,0.636119853871663,0.328381201348469
159,51,"six_by_two",3,"all_vital_rates_biased",FALSE,NA,TRUE,"log_recruitment_at_80",-1.69314718055995,-1.44333770695294,0.202073214871804,-1.84689479914486,-1.44559167808658,-1.03588635970422,TRUE,1.23623249011746,0.811008439440637,0.24980947360701
159,51,"six_by_two",3,"all_vital_rates_biased",FALSE,NA,TRUE,"recruitment_slope_20",1.5,1.27928585276517,0.144177800494206,1.00063619440648,1.27941630812623,1.56714190380619,TRUE,-1.53084695756401,0.566505709399709,0.220714147234826
159,51,"six_by_two",3,"all_vital_rates_biased",FALSE,NA,TRUE,"recruit_mean_80",44.6,44.4742793999666,0.796313295829942,43.0655148321016,44.4418436072399,45.982685037032,TRUE,-0.157878313336984,2.91717020493041,0.125720600033446
159,51,"six_by_two",3,"all_vital_rates_biased",FALSE,NA,TRUE,"recruit_mean_slope_20",0.4,0.680628697823743,0.578133512698835,-0.479082955948001,0.673203589908661,1.80313543968302,TRUE,0.485404654218565,2.28221839563102,0.280628697823743
159,51,"six_by_two",3,"all_vital_rates_biased",FALSE,NA,TRUE,"log_recruit_sd",1.25276296849537,1.19697398242159,0.0790329388038859,1.04716299327398,1.19541767730789,1.35007427960852,TRUE,-0.705895376258487,0.30291128633454,0.055788986073783
159,51,"six_by_two",3,"all_vital_rates_biased",FALSE,NA,TRUE,"log_process_precision",NA,3.43098472410876,0.525027729911818,2.40047403691559,3.43814069255888,4.49150671016321,NA,NA,2.09103267324762,NA
160,73,"one_by_twelve",4,"all_vital_rates_biased",FALSE,NA,TRUE,"survival_at_80",0.36,0.504193196864493,0.08813475414205,0.333677125164402,0.504103780214726,0.665851624452137,TRUE,1.63605377093458,0.332174499287735,0.144193196864493
160,73,"one_by_twelve",4,"all_vital_rates_biased",FALSE,NA,TRUE,"survival_slope_20",0.64,0.701532163531258,0.0482973623876609,0.603906279129677,0.700543000818893,0.796788853148405,TRUE,1.27402741038666,0.192882574018728,0.0615321635312577
160,73,"one_by_twelve",4,"all_vital_rates_biased",FALSE,NA,TRUE,"growth_increment_80",8.4,8.05873878354586,0.620975311869308,6.85780442411302,8.07344473856557,9.29494786022065,TRUE,-0.549556818010768,2.43714343610763,0.341261216454141
160,73,"one_by_twelve",4,"all_vital_rates_biased",FALSE,NA,TRUE,"growth_slope_20",-2.4,-2.14741713277329,0.231369806191748,-2.59084372224253,-2.13923637667328,-1.71662368211647,TRUE,1.09168465576437,0.874220040126058,0.252582867226708
160,73,"one_by_twelve",4,"all_vital_rates_biased",FALSE,NA,TRUE,"log_growth_sd",1.50407739677627,1.46612328208736,0.159266812148008,1.16410440704448,1.46969304528596,1.76889273584903,TRUE,-0.238305232440043,0.604788328804552,0.0379541146889157
160,73,"one_by_twelve",4,"all_vital_rates_biased",FALSE,NA,TRUE,"log_recruitment_at_80",-1.69314718055995,-0.65399603678612,0.157469394887997,-0.980628367859445,-0.645277999124922,-0.348525461666036,FALSE,6.59906735853618,0.632102906193409,1.03915114377383
160,73,"one_by_twelve",4,"all_vital_rates_biased",FALSE,NA,TRUE,"recruitment_slope_20",1.5,0.973421714607239,0.120936341055687,0.742568897129606,0.969061567383659,1.22953009700831,FALSE,-4.35417741926133,0.4869611998787,0.526578285392761
160,73,"one_by_twelve",4,"all_vital_rates_biased",FALSE,NA,TRUE,"recruit_mean_80",44.6,44.6324448880112,0.563141597652425,43.5376464859452,44.6348706421554,45.6723068352809,TRUE,0.0576140852432562,2.13466034933567,0.0324448880111703
160,73,"one_by_twelve",4,"all_vital_rates_biased",FALSE,NA,TRUE,"recruit_mean_slope_20",0.4,0.490890171840366,0.31138678472818,-0.1326212005453,0.486670155552294,1.11135325592965,TRUE,0.291888340475678,1.24397445647495,0.0908901718403656
160,73,"one_by_twelve",4,"all_vital_rates_biased",FALSE,NA,TRUE,"log_recruit_sd",1.25276296849537,1.22768629515502,0.060149714704998,1.11057956098232,1.22587414052618,1.34610631284151,TRUE,-0.416904277324304,0.235526751859188,0.0250766733403502
160,73,"one_by_twelve",4,"all_vital_rates_biased",FALSE,NA,TRUE,"log_process_precision",NA,5.78954338663223,1.1858665646001,3.60867879900176,5.78486156045073,8.10433491711468,NA,NA,4.49565611811292,NA
161,74,"three_by_four",4,"all_vital_rates_biased",FALSE,NA,TRUE,"survival_at_80",0.36,0.28326684802218,0.0784378893451645,0.123753304619028,0.286049498213845,0.443793403772674,TRUE,-0.978266404392361,0.320040099153645,0.07673315197782
161,74,"three_by_four",4,"all_vital_rates_biased",FALSE,NA,TRUE,"survival_slope_20",0.64,0.567516735791569,0.0661746297211644,0.443292744880969,0.568240166193309,0.69702208365593,TRUE,-1.09533312863024,0.253729338774961,0.0724832642084308
161,74,"three_by_four",4,"all_vital_rates_biased",FALSE,NA,TRUE,"growth_increment_80",8.4,9.40108902847146,0.754752595995026,7.92466104485721,9.40974711687117,10.8620582501565,TRUE,1.32638037124162,2.93739720529927,1.00108902847146
161,74,"three_by_four",4,"all_vital_rates_biased",FALSE,NA,TRUE,"growth_slope_20",-2.4,-2.38716311213731,0.294044930442376,-2.92177113909663,-2.39493131654554,-1.8148992176137,TRUE,0.043656212142048,1.10687192148293,0.0128368878626861
161,74,"three_by_four",4,"all_vital_rates_biased",FALSE,NA,TRUE,"log_growth_sd",1.50407739677627,1.6192958658415,0.146604703513665,1.32845339998683,1.62444932789091,1.89849776425993,TRUE,0.785912500102593,0.570044364273107,0.115218469065224
161,74,"three_by_four",4,"all_vital_rates_biased",FALSE,NA,TRUE,"log_recruitment_at_80",-1.69314718055995,-1.59392627797124,0.212261509431846,-2.01794303196624,-1.59684449948501,-1.18639273542189,TRUE,0.467446513756967,0.831550296544353,0.0992209025887081
161,74,"three_by_four",4,"all_vital_rates_biased",FALSE,NA,TRUE,"recruitment_slope_20",1.5,1.3839968539414,0.149868366348835,1.0897749190256,1.38748060800727,1.6729996789467,TRUE,-0.774033566153592,0.583224759921098,0.116003146058602
161,74,"three_by_four",4,"all_vital_rates_biased",FALSE,NA,TRUE,"recruit_mean_80",44.6,44.9543467297177,0.683712928686517,43.722836408405,44.9712046607759,46.3156804576402,TRUE,0.51826828900022,2.59284404923519,0.35434672971769
161,74,"three_by_four",4,"all_vital_rates_biased",FALSE,NA,TRUE,"recruit_mean_slope_20",0.4,-0.0141716443300039,0.399307659880091,-0.804571636166428,-0.0115557186908087,0.777344616493077,TRUE,-1.03722439097306,1.5819162526595,0.414171644330004
161,74,"three_by_four",4,"all_vital_rates_biased",FALSE,NA,TRUE,"log_recruit_sd",1.25276296849537,1.19304305123949,0.0515788190126617,1.09583242607813,1.19330181056953,1.29384029776578,TRUE,-1.15783801178578,0.198007871687646,0.0597199172558789
161,74,"three_by_four",4,"all_vital_rates_biased",FALSE,NA,TRUE,"log_process_precision",NA,4.0706952934115,0.861469001321568,2.36284602324042,4.0606905167115,5.73237664571014,NA,NA,3.36953062246972,NA
162,75,"six_by_two",4,"all_vital_rates_biased",FALSE,NA,TRUE,"survival_at_80",0.36,0.408266456297729,0.143411759381649,0.128596225644008,0.411686540782004,0.689526693032173,TRUE,0.33655856748317,0.560930467388166,0.0482664562977288
162,75,"six_by_two",4,"all_vital_rates_biased",FALSE,NA,TRUE,"survival_slope_20",0.64,0.614668522004592,0.113405059621012,0.38114100043304,0.61318574152464,0.827839714805003,TRUE,-0.223371673892354,0.446698714371963,0.0253314779954077
162,75,"six_by_two",4,"all_vital_rates_biased",FALSE,NA,TRUE,"growth_increment_80",8.4,9.08997119886947,1.20670684019698,6.63731283799562,9.19185699311498,11.5399168255752,TRUE,0.571780299809055,4.90260398757961,0.689971198869465
162,75,"six_by_two",4,"all_vital_rates_biased",FALSE,NA,TRUE,"growth_slope_20",-2.4,-2.34526425117709,0.498256598845123,-3.33428284793059,-2.34979028755847,-1.41259521197933,TRUE,0.109854538705113,1.92168763595126,0.0547357488229094
162,75,"six_by_two",4,"all_vital_rates_biased",FALSE,NA,TRUE,"log_growth_sd",1.50407739677627,1.88211391752952,0.167607997582811,1.56453305165128,1.87961042242319,2.21951474849632,FALSE,2.25548020503296,0.654981696845034,0.378036520753241
162,75,"six_by_two",4,"all_vital_rates_biased",FALSE,NA,TRUE,"log_recruitment_at_80",-1.69314718055995,-0.81886566960122,0.186666758996371,-1.19477231059752,-0.815834631114664,-0.444587019537237,FALSE,4.68364863492232,0.750185291060287,0.874281510958726
162,75,"six_by_two",4,"all_vital_rates_biased",FALSE,NA,TRUE,"recruitment_slope_20",1.5,0.330250743718256,0.477075601147518,-0.593714428504592,0.338284968326139,1.29405088463065,FALSE,-2.45191590906792,1.88776531313524,1.16974925628174
162,75,"six_by_two",4,"all_vital_rates_biased",FALSE,NA,TRUE,"recruit_mean_80",44.6,45.3237763062195,0.609912755373388,44.1162976630159,45.3178345759314,46.4704024686951,TRUE,1.18668825966175,2.35410480567924,0.723776306219548
162,75,"six_by_two",4,"all_vital_rates_biased",FALSE,NA,TRUE,"recruit_mean_slope_20",0.4,0.644146139458295,0.751620517485955,-0.731085944428687,0.635802194024467,2.16388267142209,TRUE,0.324826336932529,2.89496861585077,0.244146139458295
162,75,"six_by_two",4,"all_vital_rates_biased",FALSE,NA,TRUE,"log_recruit_sd",1.25276296849537,1.27735689219029,0.0902446539474544,1.09244845514495,1.28081595933434,1.44813703223269,TRUE,0.272524993106398,0.355688577087734,0.0245939236949193
162,75,"six_by_two",4,"all_vital_rates_biased",FALSE,NA,TRUE,"log_process_precision",NA,3.21820462776105,0.50228618950208,2.19029976462947,3.22537060761589,4.19468629759308,NA,NA,2.00438653296361,NA
163,97,"one_by_twelve",5,"all_vital_rates_biased",FALSE,NA,TRUE,"survival_at_80",0.36,0.2488052417922,0.0393048038570833,0.16691150285934,0.248870080604408,0.326197348208484,FALSE,-2.82903735156946,0.159285845349144,0.1111947582078
163,97,"one_by_twelve",5,"all_vital_rates_biased",FALSE,NA,TRUE,"survival_slope_20",0.64,0.515973253552984,0.0317479386574967,0.454935660321634,0.516009615809604,0.577484818457199,FALSE,-3.90660785208899,0.122549158135565,0.124026746447016
163,97,"one_by_twelve",5,"all_vital_rates_biased",FALSE,NA,TRUE,"growth_increment_80",8.4,8.53608962292481,0.0682826558628758,8.4008438613854,8.53781642632862,8.66957417898618,FALSE,1.99303353399296,0.268730317600776,0.136089622924812
163,97,"one_by_twelve",5,"all_vital_rates_biased",FALSE,NA,TRUE,"growth_slope_20",-2.4,-2.43896400037571,0.034930635452218,-2.50632935878613,-2.43891839235102,-2.36493736825209,TRUE,-1.11546783707973,0.141391990534034,0.0389640003757061
163,97,"one_by_twelve",5,"all_vital_rates_biased",FALSE,NA,TRUE,"log_growth_sd",1.50407739677627,1.77136587131639,0.119408498024937,1.54184358198447,1.76880367276317,1.98850766264757,FALSE,2.23843762346206,0.446664080663101,0.267288474540115
163,97,"one_by_twelve",5,"all_vital_rates_biased",FALSE,NA,TRUE,"log_recruitment_at_80",-1.69314718055995,-2.53042191129277,0.293785244337673,-3.11125533752889,-2.53176625795212,-1.96667868519718,FALSE,-2.84995501602004,1.1445766523317,0.837274730732824
163,97,"one_by_twelve",5,"all_vital_rates_biased",FALSE,NA,TRUE,"recruitment_slope_20",1.5,1.84082340562664,0.114697999074835,1.62583217354655,1.84171656524281,2.06018480997829,FALSE,2.97148519046327,0.434352636431742,0.340823405626642
163,97,"one_by_twelve",5,"all_vital_rates_biased",FALSE,NA,TRUE,"recruit_mean_80",44.6,45.1382568922999,1.13355043009549,42.774421743152,45.1623969855848,47.2308537114944,TRUE,0.47484159328889,4.4564319683424,0.538256892299849
163,97,"one_by_twelve",5,"all_vital_rates_biased",FALSE,NA,TRUE,"recruit_mean_slope_20",0.4,0.172077667828837,0.377367211446002,-0.533314287785054,0.163262555015492,0.969881701519107,TRUE,-0.603980222070186,1.50319598930416,0.227922332171163
163,97,"one_by_twelve",5,"all_vital_rates_biased",FALSE,NA,TRUE,"log_recruit_sd",1.25276296849537,1.25370151698644,0.0379431111030112,1.17912354590016,1.2530296856961,1.33339357605761,TRUE,0.0247356756941188,0.154270030157446,0.000938548491070001
163,97,"one_by_twelve",5,"all_vital_rates_biased",FALSE,NA,TRUE,"log_process_precision",NA,4.36302229906993,0.757886006102022,2.80040278630846,4.34562041467433,5.90839487619762,NA,NA,3.10799208988915,NA
164,98,"three_by_four",5,"all_vital_rates_biased",FALSE,NA,TRUE,"survival_at_80",0.36,0.454449224200528,0.0989433543801388,0.252548952653917,0.452395406794954,0.661677688429082,TRUE,0.954578756625292,0.409128735775164,0.0944492242005285
164,98,"three_by_four",5,"all_vital_rates_biased",FALSE,NA,TRUE,"survival_slope_20",0.64,0.524137642551037,0.08864088498833,0.345711037446551,0.524292507848371,0.686629615627787,TRUE,-1.30709838314697,0.340918578181236,0.115862357448963
164,98,"three_by_four",5,"all_vital_rates_biased",FALSE,NA,TRUE,"growth_increment_80",8.4,9.44253547022545,0.9541499199689,7.60006055448474,9.39952271344419,11.2933559769351,TRUE,1.09263277018294,3.69329542245034,1.04253547022545
164,98,"three_by_four",5,"all_vital_rates_biased",FALSE,NA,TRUE,"growth_slope_20",-2.4,-1.85186625644694,0.379956490117232,-2.57957988466198,-1.84704639122245,-1.10276455274217,TRUE,1.44262239969619,1.47681533191981,0.548133743553062
164,98,"three_by_four",5,"all_vital_rates_biased",FALSE,NA,TRUE,"log_growth_sd",1.50407739677627,1.83837662608599,0.139801873199005,1.57017963865494,1.83954090243051,2.11445578004977,FALSE,2.39123569420164,0.544276141394827,0.334299229309712
164,98,"three_by_four",5,"all_vital_rates_biased",FALSE,NA,TRUE,"log_recruitment_at_80",-1.69314718055995,-1.22624645603442,0.127903304327012,-1.489485858254,-1.22203441047559,-0.985601982652068,FALSE,3.65041956485971,0.503883875601929,0.466900724525528
164,98,"three_by_four",5,"all_vital_rates_biased",FALSE,NA,TRUE,"recruitment_slope_20",1.5,0.911344377776758,0.107801213235471,0.704216533462079,0.909719289469187,1.12609592367373,FALSE,-5.46056583739402,0.421879390211655,0.588655622223242
164,98,"three_by_four",5,"all_vital_rates_biased",FALSE,NA,TRUE,"recruit_mean_80",44.6,45.0525988426625,0.52479578423421,44.093055187914,45.0498764049755,46.0566372669268,TRUE,0.862428503161336,1.96358207901276,0.452598842662489
164,98,"three_by_four",5,"all_vital_rates_biased",FALSE,NA,TRUE,"recruit_mean_slope_20",0.4,0.274321934795201,0.38816327818496,-0.438815888465012,0.283165999709553,0.999032358665837,TRUE,-0.323776287629437,1.43784824713085,0.125678065204799
164,98,"three_by_four",5,"all_vital_rates_biased",FALSE,NA,TRUE,"log_recruit_sd",1.25276296849537,1.22743529926068,0.0699932849608632,1.08657608649356,1.22872522958105,1.36294710006383,TRUE,-0.361858558986804,0.276371013570271,0.0253276692346907
164,98,"three_by_four",5,"all_vital_rates_biased",FALSE,NA,TRUE,"log_process_precision",NA,5.37242517191285,1.22710449759955,2.97005392834881,5.36529792999212,7.71902388677933,NA,NA,4.74896995843052,NA
165,99,"six_by_two",5,"all_vital_rates_biased",FALSE,NA,TRUE,"survival_at_80",0.36,0.506528530545754,0.146402523179937,0.211375317490918,0.504267214231593,0.788325201592927,TRUE,1.00086069121679,0.576949884102009,0.146528530545754
165,99,"six_by_two",5,"all_vital_rates_biased",FALSE,NA,TRUE,"survival_slope_20",0.64,0.621110155178592,0.107821821258042,0.403528389788213,0.618026299592761,0.835174519182624,TRUE,-0.175195007847254,0.431646129394411,0.0188898448214079
165,99,"six_by_two",5,"all_vital_rates_biased",FALSE,NA,TRUE,"growth_increment_80",8.4,6.57271077534739,1.12781274233546,4.27231494612522,6.59999740353939,8.78961942008642,TRUE,-1.62020622401258,4.5173044739612,1.82728922465261
165,99,"six_by_two",5,"all_vital_rates_biased",FALSE,NA,TRUE,"growth_slope_20",-2.4,-1.89581550690813,0.487233736335969,-2.89923197108581,-1.87805811478649,-0.941805496364817,TRUE,1.03478978463884,1.957426474721,0.504184493091873
165,99,"six_by_two",5,"all_vital_rates_biased",FALSE,NA,TRUE,"log_growth_sd",1.50407739677627,1.9735905325909,0.119998680768269,1.74646261020387,1.97705156153131,2.2100554836856,FALSE,3.91265247924937,0.463592873481735,0.469513135814623
165,99,"six_by_two",5,"all_vital_rates_biased",FALSE,NA,TRUE,"log_recruitment_at_80",-1.69314718055995,-2.14854654313581,0.274431510089005,-2.68611290758045,-2.15184424017831,-1.6351042787028,TRUE,-1.6594281116923,1.05100862887765,0.455399362575864
165,99,"six_by_two",5,"all_vital_rates_biased",FALSE,NA,TRUE,"recruitment_slope_20",1.5,1.7049334896392,0.130605654029969,1.45644162815781,1.70933079856012,1.96501823517113,TRUE,1.5691012089888,0.508576607013322,0.204933489639197
165,99,"six_by_two",5,"all_vital_rates_biased",FALSE,NA,TRUE,"recruit_mean_80",44.6,43.917436636365,1.19339443762942,41.6757208349733,43.9523902077526,46.1234920712959,TRUE,-0.57195118572102,4.44777123632259,0.682563363635019
165,99,"six_by_two",5,"all_vital_rates_biased",FALSE,NA,TRUE,"recruit_mean_slope_20",0.4,0.707702256244536,0.549670763796114,-0.322575045490724,0.677314662665408,1.77054766348926,TRUE,0.559793746568392,2.09312270897999,0.307702256244536
165,99,"six_by_two",5,"all_vital_rates_biased",FALSE,NA,TRUE,"log_recruit_sd",1.25276296849537,1.2550015269002,0.0827355376968318,1.08653345608843,1.25465087109403,1.4056149915964,TRUE,0.0270567940591272,0.319081535507979,0.00223855840483433
165,99,"six_by_two",5,"all_vital_rates_biased",FALSE,NA,TRUE,"log_process_precision",NA,5.26250865699002,1.2140053837888,2.78759625604663,5.29968978350234,7.6800104389877,NA,NA,4.89241418294107,NA
