"quantity","truth","posterior_mean","posterior_sd","q025","median","q975","covers_truth","standardized_bias","scenario","replicate","method","group"
"survival_50",0.354343693774205,0.347991080739979,0.0232212930767983,0.300992609357047,0.349435461640893,0.392279807233772,TRUE,-0.273568444841362,"standard",1,"recursive_poisson","survival"
"survival_80",0.589040434058665,0.590042518003663,0.0265765248301868,0.540729538501496,0.589883017849631,0.641019282539693,TRUE,0.0377056049051153,"standard",1,"recursive_poisson","survival"
"survival_110",0.789181706522253,0.793865672706105,0.0324768068142825,0.727250946235632,0.796197980137244,0.854773176695099,TRUE,0.144224960619953,"standard",1,"recursive_poisson","survival"
"growth_increment_50",12,12.6223103356348,1.50537591292036,9.80710678301045,12.6306648277098,15.5731473314851,TRUE,0.4133919842171,"standard",1,"recursive_poisson","growth"
"growth_increment_80",8.4,8.45627744357287,1.03385988186365,6.34714348039902,8.49593032352274,10.4563611884106,TRUE,0.0544343044547058,"standard",1,"recursive_poisson","growth"
"growth_increment_110",4.8,4.29024455151098,0.806511168822958,2.66043458041081,4.25738539502065,5.92854890932621,TRUE,-0.632050079644864,"standard",1,"recursive_poisson","growth"
"growth_sd.log_growth_sd",4.5,6.34884549165631,0.80033587929543,4.99441444822857,6.28050652102811,7.88532112552435,FALSE,2.31008697658779,"standard",1,"recursive_poisson","growth"
"recruitment_50",0.019387103915861,0.0970045253295821,0.0369691347070872,0.0470487891572386,0.0903688864897564,0.18815474051138,FALSE,2.09951955945675,"standard",1,"recursive_poisson","recruitment"
"recruitment_80",0.183939720585721,0.404660686622485,0.0673642276483613,0.296349068862417,0.396611185754532,0.554416368705864,FALSE,3.27653079003472,"standard",1,"recursive_poisson","recruitment"
"recruitment_110",1.74517147873092,1.7635072182858,0.151962076608823,1.50612817958153,1.74891363484682,2.10399299905363,TRUE,0.120659969671772,"standard",1,"recursive_poisson","recruitment"
"recruit_mean_50",44,45.3094706942807,1.65085067111468,41.9445480354169,45.2285537451055,48.3574954129116,TRUE,0.793209656810785,"standard",1,"recursive_poisson","recruit_size"
"recruit_mean_80",44.6,45.3994180088479,0.752231499857192,43.9544964952753,45.362599253023,46.7811322135837,TRUE,1.0627287065214,"standard",1,"recursive_poisson","recruit_size"
"recruit_mean_110",45.2,45.4893653234151,0.297999304744885,44.9283806670659,45.49309836458,46.0984913730955,TRUE,0.971026840692847,"standard",1,"recursive_poisson","recruit_size"
"recruit_sd.log_recruit_sd",3.5,3.81474346442962,0.181394051980024,3.47745554148136,3.80151854886473,4.17667806337252,TRUE,1.73513663206708,"standard",1,"recursive_poisson","recruit_size"
"lambda",1.03119869581319,1.00238370845946,0.0157142543773745,0.972423071963645,1.00341437309077,1.0336721673133,TRUE,-1.83368467009265,"standard",1,"recursive_poisson","lambda"
"survival_50",0.354343693774205,0.34198159599117,0.0240992864879619,0.289779440990926,0.342575593706209,0.386996833260458,TRUE,-0.512965302487685,"standard",1,"recursive_gamma_poisson","survival"
"survival_80",0.589040434058665,0.588099522272518,0.0300510100003446,0.524511495559488,0.588884259382756,0.641763248552225,TRUE,-0.0313104879382187,"standard",1,"recursive_gamma_poisson","survival"
"survival_110",0.789181706522253,0.795169483505149,0.0368200196684967,0.711854398935183,0.796961792197631,0.855590785111694,TRUE,0.162622862149625,"standard",1,"recursive_gamma_poisson","survival"
"growth_increment_50",12,12.4386628138034,1.61934314344632,9.52919928885643,12.4491222816066,15.3096231173598,TRUE,0.270889351388375,"standard",1,"recursive_gamma_poisson","growth"
"growth_increment_80",8.4,8.23328130401706,1.14118974191725,6.19280206366863,8.25033650699749,10.4246029524565,TRUE,-0.146092003686295,"standard",1,"recursive_gamma_poisson","growth"
"growth_increment_110",4.8,4.02789979423075,0.892935528890353,2.40140062627814,4.01879052550919,5.86568857108815,TRUE,-0.864676318489355,"standard",1,"recursive_gamma_poisson","growth"
"growth_sd.log_growth_sd",4.5,6.48271533539929,0.893412323623779,4.89924329850847,6.47577493172922,8.39256746904551,FALSE,2.21926123355583,"standard",1,"recursive_gamma_poisson","growth"
"recruitment_50",0.019387103915861,0.114232296714072,0.0561984235887111,0.0437907395351497,0.101553700837771,0.253563224476969,FALSE,1.68768422211158,"standard",1,"recursive_gamma_poisson","recruitment"
"recruitment_80",0.183939720585721,0.438722506827315,0.0912123801363409,0.289800229648471,0.423384899374841,0.633616567444542,FALSE,2.79329172049621,"standard",1,"recursive_gamma_poisson","recruitment"
"recruitment_110",1.74517147873092,1.80618705281756,0.188945658306444,1.48243780323692,1.78948067068247,2.16416440683452,TRUE,0.322926573881252,"standard",1,"recursive_gamma_poisson","recruitment"
"recruit_mean_50",44,45.3661258273533,1.83737620838887,41.7948563780303,45.4259649144518,49.0163493718211,TRUE,0.743519928643925,"standard",1,"recursive_gamma_poisson","recruit_size"
"recruit_mean_80",44.6,45.4124458713148,0.836678603343779,43.7622946989844,45.4133564541287,47.0409480288079,TRUE,0.97103698847782,"standard",1,"recursive_gamma_poisson","recruit_size"
"recruit_mean_110",45.2,45.4587659152762,0.35107318349947,44.8276684365641,45.447431228142,46.2065110749557,TRUE,0.737071150513055,"standard",1,"recursive_gamma_poisson","recruit_size"
"recruit_sd.log_recruit_sd",3.5,3.76340903095272,0.19415800449967,3.41788555560994,3.75400252521604,4.16059997211378,TRUE,1.35667355889606,"standard",1,"recursive_gamma_poisson","recruit_size"
"lambda",1.03119869581319,0.99656572126374,0.0190592142111037,0.959630236190572,0.997111308308754,1.03631686586858,TRUE,-1.81712499612264,"standard",1,"recursive_gamma_poisson","lambda"
"survival_50",0.354343693774205,0.383807891684403,0.0326843996770939,0.32562551768149,0.383882774581726,0.447682403830982,TRUE,0.901475878440204,"standard",1,"one_step_poisson","survival"
"survival_80",0.589040434058665,0.606661790151999,0.0447982288333589,0.517015802677243,0.608872580589133,0.689427924530454,TRUE,0.393349392425366,"standard",1,"one_step_poisson","survival"
"survival_110",0.789181706522253,0.788174785016725,0.0579670453911512,0.667308264411321,0.793225622095669,0.891564225700798,TRUE,-0.0173705852822636,"standard",1,"one_step_poisson","survival"
"growth_increment_50",12,10.6645619305634,1.75310370234262,7.2385899931201,10.7803618660054,13.9332376500092,TRUE,-0.76175645950211,"standard",1,"one_step_poisson","growth"
"growth_increment_80",8.4,7.29582007851775,1.26713817908477,4.95739612770793,7.30996456018675,9.45503787936683,TRUE,-0.871396616176285,"standard",1,"one_step_poisson","growth"
"growth_increment_110",4.8,3.92723295291211,1.30080719143584,1.45730919906813,3.93823552808859,6.30675255190546,TRUE,-0.670942667625112,"standard",1,"one_step_poisson","growth"
"growth_sd.log_growth_sd",4.5,7.27391794792069,0.797976853433357,5.82973650936308,7.28496932647955,9.0640123387785,FALSE,3.47618848339485,"standard",1,"one_step_poisson","growth"
"recruitment_50",0.019387103915861,0.0272167360376888,0.0154930420438165,0.00909764254383687,0.0226989775798078,0.0688994920570525,TRUE,0.505364414534247,"standard",1,"one_step_poisson","recruitment"
"recruitment_80",0.183939720585721,0.214279835743704,0.064583532379082,0.120117358447297,0.200901564572125,0.372027493234725,TRUE,0.469780980388274,"standard",1,"one_step_poisson","recruitment"
"recruitment_110",1.74517147873092,1.78616695792039,0.146818610954664,1.5147947082973,1.78387477207709,2.10129909939084,TRUE,0.279225357895054,"standard",1,"one_step_poisson","recruitment"
"recruit_mean_50",44,44.3524451520592,2.08286011686316,40.5777831650768,44.3486727658795,48.3917359689795,TRUE,0.169212108487618,"standard",1,"one_step_poisson","recruit_size"
"recruit_mean_80",44.6,44.8136278000283,1.15270612910622,42.6196178322131,44.8502790799576,47.0933096574725,TRUE,0.185327200605678,"standard",1,"one_step_poisson","recruit_size"
"recruit_mean_110",45.2,45.2748104479973,0.301537671790838,44.6556191544787,45.2764622194954,45.9049631385108,TRUE,0.248096523240317,"standard",1,"one_step_poisson","recruit_size"
"recruit_sd.log_recruit_sd",3.5,3.7204184771893,0.208674800298835,3.33585944364707,3.71769665414705,4.15358441380801,TRUE,1.05627740807056,"standard",1,"one_step_poisson","recruit_size"
"lambda",1.03119869581319,1.02092073853889,0.0524036057504954,0.91916819652346,1.02103120829752,1.12058850967535,TRUE,-0.196130726638131,"standard",1,"one_step_poisson","lambda"
"survival_50",0.354343693774205,0.387419027350566,0.0338265294224321,0.324652818774367,0.387043879233551,0.450325828234746,TRUE,0.977792701205317,"standard",1,"one_step_gamma_poisson","survival"
"survival_80",0.589040434058665,0.607947722580807,0.0478571345649959,0.516565063889679,0.607886584384132,0.701529149257002,TRUE,0.395077739066536,"standard",1,"one_step_gamma_poisson","survival"
"survival_110",0.789181706522253,0.786555472213928,0.0628785460366665,0.654430874733947,0.791087954518055,0.900990638439044,TRUE,-0.0417667785574022,"standard",1,"one_step_gamma_poisson","survival"
"growth_increment_50",12,10.8143183542178,1.68730116792077,7.3476945824172,10.7421554910956,14.0255784523936,TRUE,-0.702708958142483,"standard",1,"one_step_gamma_poisson","growth"
"growth_increment_80",8.4,7.40661895868437,1.22297423619023,5.04054608091662,7.41184529905433,9.80103936901118,TRUE,-0.812266531803795,"standard",1,"one_step_gamma_poisson","growth"
"growth_increment_110",4.8,3.99891956315092,1.26856895955313,1.71637268164344,3.95939707066327,6.37568425833674,TRUE,-0.631483555400307,"standard",1,"one_step_gamma_poisson","growth"
"growth_sd.log_growth_sd",4.5,7.29922522737843,0.857577649112278,5.80623509721124,7.26894003422366,9.32268696432223,FALSE,3.26410702316699,"standard",1,"one_step_gamma_poisson","growth"
"recruitment_50",0.019387103915861,0.0277560830669078,0.0222952399183053,0.0054785317930968,0.0216271821954996,0.0917635091508202,TRUE,0.375370670228828,"standard",1,"one_step_gamma_poisson","recruitment"
"recruitment_80",0.183939720585721,0.213040659613696,0.0878466540763382,0.0927184370275195,0.196863372414045,0.429245343233847,TRUE,0.331269748790735,"standard",1,"one_step_gamma_poisson","recruitment"
"recruitment_110",1.74517147873092,1.8207264023113,0.19327735495197,1.5077299377482,1.811310618527,2.19933694001258,TRUE,0.390914515563173,"standard",1,"one_step_gamma_poisson","recruitment"
"recruit_mean_50",44,44.4140387509453,2.38822436503812,39.9953831680079,44.462238714365,49.263477929882,TRUE,0.173366772823565,"standard",1,"one_step_gamma_poisson","recruit_size"
"recruit_mean_80",44.6,44.8161852934763,1.30567949278013,42.3524071794274,44.8259312887454,47.5021097370319,TRUE,0.165573017476118,"standard",1,"one_step_gamma_poisson","recruit_size"
"recruit_mean_110",45.2,45.2183318360073,0.332814462440852,44.5671419968222,45.228200946085,45.8700233390103,TRUE,0.0550812481912269,"standard",1,"one_step_gamma_poisson","recruit_size"
"recruit_sd.log_recruit_sd",3.5,3.63575811166467,0.231004711259851,3.21521216937253,3.62333353314635,4.09065829667442,TRUE,0.587685467210907,"standard",1,"one_step_gamma_poisson","recruit_size"
"lambda",1.03119869581319,1.02876050622686,0.0581914081756356,0.914261852129739,1.03025763018135,1.14027024156865,TRUE,-0.0418994773072566,"standard",1,"one_step_gamma_poisson","lambda"
"survival_50",0.354343693774205,0.385709438128005,0.0356357933697126,0.316872863944504,0.384788066184123,0.456930363720796,TRUE,0.88017527850127,"standard",1,"one_step_shared_gamma_poisson","survival"
"survival_80",0.589040434058665,0.616358610152006,0.0531598605621205,0.508779115718486,0.617370442672018,0.714725587989009,TRUE,0.513887278944574,"standard",1,"one_step_shared_gamma_poisson","survival"
"survival_110",0.789181706522253,0.798829206092124,0.0650308571666219,0.655241606965074,0.811022638395425,0.900604283093327,TRUE,0.148352643502025,"standard",1,"one_step_shared_gamma_poisson","survival"
"growth_increment_50",12,10.8238464636704,0.530882535713658,9.76295282035925,10.8435867218754,11.7638861470033,FALSE,-2.21546850236555,"standard",1,"one_step_shared_gamma_poisson","growth"
"growth_increment_80",8.4,7.4067350058973,0.330557972828116,6.76567555727179,7.4228817268149,7.98391929925876,FALSE,-3.00481330280659,"standard",1,"one_step_shared_gamma_poisson","growth"
"growth_increment_110",4.8,3.98962354812416,0.264412577755188,3.40191648978636,4.00565836168534,4.47382171557117,FALSE,-3.0648180913169,"standard",1,"one_step_shared_gamma_poisson","growth"
"growth_sd.log_growth_sd",4.5,7.27133115089371,0.780192934531937,5.86019303401032,7.23993367701279,8.78781038621282,FALSE,3.55211003359871,"standard",1,"one_step_shared_gamma_poisson","growth"
"recruitment_50",0.019387103915861,0.0229064372896984,0.0193494532753239,0.00551513622321106,0.0181988605155777,0.0609337634608129,TRUE,0.181882832747818,"standard",1,"one_step_shared_gamma_poisson","recruitment"
"recruitment_80",0.183939720585721,0.193398531994,0.0773703004162604,0.0931790254038788,0.179674935414071,0.374274369072725,TRUE,0.12225377641536,"standard",1,"one_step_shared_gamma_poisson","recruitment"
"recruitment_110",1.74517147873092,1.78736102615887,0.185563585281408,1.48881368507464,1.76805566153791,2.17415264920664,TRUE,0.227358979747945,"standard",1,"one_step_shared_gamma_poisson","recruitment"
"recruit_mean_50",44,44.0733017594229,1.97646700802021,40.0160293823397,44.0129332414786,48.3519049860025,TRUE,0.0370872668885618,"standard",1,"one_step_shared_gamma_poisson","recruit_size"
"recruit_mean_80",44.6,44.651637887215,1.1073655225044,42.4238116292805,44.6300653229453,47.0046378611247,TRUE,0.0466312939726175,"standard",1,"one_step_shared_gamma_poisson","recruit_size"
"recruit_mean_110",45.2,45.2299740150072,0.310939450040139,44.6133653645153,45.215851525424,45.8440861816486,TRUE,0.0963982376741113,"standard",1,"one_step_shared_gamma_poisson","recruit_size"
"recruit_sd.log_recruit_sd",3.5,3.71910009381283,0.178895865091539,3.3581423484132,3.72932240369893,4.07233777300702,TRUE,1.22473537161252,"standard",1,"one_step_shared_gamma_poisson","recruit_size"
"lambda",1.03119869581319,1.03944335292389,0.0641166473976952,0.894394625449776,1.0493196380744,1.13984833599874,TRUE,0.128588400132006,"standard",1,"one_step_shared_gamma_poisson","lambda"
"survival_50",0.354343693774205,0.359513019360545,0.0107056893944663,0.339875940473834,0.359439415231046,0.381570558811418,TRUE,0.482857796062404,"dense_profiles",1,"recursive_poisson","survival"
"survival_80",0.589040434058665,0.577752140830042,0.0107971442620117,0.555477611879555,0.57774245950003,0.597880219271532,TRUE,-1.04548878432048,"dense_profiles",1,"recursive_poisson","survival"
"survival_110",0.789181706522253,0.769089070031769,0.0153498315665044,0.738087167268906,0.769432757471118,0.796842499176172,TRUE,-1.30898090988366,"dense_profiles",1,"recursive_poisson","survival"
"growth_increment_50",12,12.4495052534479,0.513598875655839,11.4924034184635,12.4914945059751,13.452467211802,TRUE,0.87520684867918,"dense_profiles",1,"recursive_poisson","growth"
"growth_increment_80",8.4,8.92344927223588,0.362635876801632,8.2593614238836,8.91664791831994,9.56954585009697,TRUE,1.44345693772108,"dense_profiles",1,"recursive_poisson","growth"
"growth_increment_110",4.8,5.39739329102385,0.353650270515278,4.65811743399276,5.40741196021151,6.03684423668229,TRUE,1.68922051198613,"dense_profiles",1,"recursive_poisson","growth"
"growth_sd.log_growth_sd",4.5,4.5519278177549,0.490380945192432,3.64884580815219,4.5311948699458,5.62443519695826,TRUE,0.105892813054813,"dense_profiles",1,"recursive_poisson","growth"
"recruitment_50",0.019387103915861,0.021750513231492,0.00662835010942023,0.0120822230577008,0.0209599578105576,0.0372864125090407,TRUE,0.35656072425506,"dense_profiles",1,"recursive_poisson","recruitment"
"recruitment_80",0.183939720585721,0.192026067764945,0.0302116877546221,0.142107676328497,0.190886636136509,0.261436156176833,TRUE,0.26765625425831,"dense_profiles",1,"recursive_poisson","recruitment"
"recruitment_110",1.74517147873092,1.73064924133341,0.0645946281290205,1.61691523470556,1.72899277296678,1.8547187463442,TRUE,-0.224821131696891,"dense_profiles",1,"recursive_poisson","recruitment"
"recruit_mean_50",44,45.0378245534176,1.02410060078978,42.9935244111468,45.0481982338735,47.0479654283881,TRUE,1.01340098093613,"dense_profiles",1,"recursive_poisson","recruit_size"
"recruit_mean_80",44.6,45.1521588324741,0.577994742197018,44.0235749307427,45.1575046412258,46.2648193503432,TRUE,0.955300787642537,"dense_profiles",1,"recursive_poisson","recruit_size"
"recruit_mean_110",45.2,45.2664931115305,0.166209015125136,44.9656476891794,45.2555173110377,45.5923085221882,TRUE,0.400057189920695,"dense_profiles",1,"recursive_poisson","recruit_size"
"recruit_sd.log_recruit_sd",3.5,3.60348550639926,0.0935584599234714,3.42144072755174,3.60398032185785,3.78977546732666,TRUE,1.10610527881614,"dense_profiles",1,"recursive_poisson","recruit_size"
"lambda",1.03119869581319,1.0344240389843,0.00851825028461431,1.01631877026606,1.03470405044741,1.05062621990629,TRUE,0.378639164539313,"dense_profiles",1,"recursive_poisson","lambda"
"survival_50",0.354343693774205,0.357027261156785,0.0119031376498717,0.33289059081701,0.357635264537632,0.380904692932352,TRUE,0.225450420008328,"dense_profiles",1,"recursive_gamma_poisson","survival"
"survival_80",0.589040434058665,0.576468694194337,0.0120258615362454,0.553676885271397,0.575629087070762,0.598686899975134,TRUE,-1.045392035027,"dense_profiles",1,"recursive_gamma_poisson","survival"
"survival_110",0.789181706522253,0.769078073044094,0.0172238692359483,0.732232141631177,0.769212814231581,0.799785022758815,TRUE,-1.16719612781317,"dense_profiles",1,"recursive_gamma_poisson","survival"
"growth_increment_50",12,12.4713543851378,0.545987936020466,11.4352426806751,12.4914378478313,13.5643468678646,TRUE,0.863305494574403,"dense_profiles",1,"recursive_gamma_poisson","growth"
"growth_increment_80",8.4,8.91968891446072,0.415644421639885,8.09065944380169,8.93340220498452,9.7545270259496,TRUE,1.2503209171203,"dense_profiles",1,"recursive_gamma_poisson","growth"
"growth_increment_110",4.8,5.36802344378363,0.391531314532935,4.60334088130016,5.34991437697692,6.16085381192635,TRUE,1.45077398077656,"dense_profiles",1,"recursive_gamma_poisson","growth"
"growth_sd.log_growth_sd",4.5,4.4457143086348,0.511166315760193,3.52121033463727,4.41551876548071,5.46527014672976,TRUE,-0.106199664749954,"dense_profiles",1,"recursive_gamma_poisson","growth"
"recruitment_50",0.019387103915861,0.0237827545617279,0.00872276714838583,0.0116995856013452,0.0222112006369373,0.0441471054257556,TRUE,0.50392846342119,"dense_profiles",1,"recursive_gamma_poisson","recruitment"
"recruitment_80",0.183939720585721,0.2015069877603,0.0381781948403821,0.13910172030455,0.198002695985656,0.283271357710499,TRUE,0.460138758472603,"dense_profiles",1,"recursive_gamma_poisson","recruitment"
"recruitment_110",1.74517147873092,1.75728244698084,0.0803894004826131,1.60710365213951,1.75799078646937,1.9298165279219,TRUE,0.150653794868678,"dense_profiles",1,"recursive_gamma_poisson","recruitment"
"recruit_mean_50",44,44.9328376562978,1.22046894766943,42.5627772815793,44.8766204089476,47.3560542977766,TRUE,0.764327235100186,"dense_profiles",1,"recursive_gamma_poisson","recruit_size"
"recruit_mean_80",44.6,45.0966161116356,0.679291188280883,43.7788617211869,45.0919644772053,46.3923429477205,TRUE,0.731079867077961,"dense_profiles",1,"recursive_gamma_poisson","recruit_size"
"recruit_mean_110",45.2,45.2603945669734,0.184538703557092,44.8816737404072,45.2665593091069,45.5905505045961,TRUE,0.327273172560952,"dense_profiles",1,"recursive_gamma_poisson","recruit_size"
"recruit_sd.log_recruit_sd",3.5,3.61563132426135,0.115577448269139,3.41339376641343,3.60559182730655,3.85428267997206,TRUE,1.00046614623373,"dense_profiles",1,"recursive_gamma_poisson","recruit_size"
"lambda",1.03119869581319,1.0317440694872,0.0101296087227666,1.01187292989874,1.03194780264888,1.05203082640401,TRUE,0.0538395597437931,"dense_profiles",1,"recursive_gamma_poisson","lambda"
"survival_50",0.354343693774205,0.376232131838188,0.0160450760567409,0.34470713865585,0.375432960205324,0.410597397936278,TRUE,1.36418412643098,"dense_profiles",1,"one_step_poisson","survival"
"survival_80",0.589040434058665,0.576840052513598,0.0197071896742683,0.54055865778838,0.576174640341315,0.614990256202952,TRUE,-0.619082768609928,"dense_profiles",1,"one_step_poisson","survival"
"survival_110",0.789181706522253,0.754102596267574,0.0288513071549389,0.69959096231488,0.754472160191293,0.807258895965243,TRUE,-1.21585861140692,"dense_profiles",1,"one_step_poisson","survival"
"growth_increment_50",12,12.1381412004196,0.650634368085738,10.8371166165767,12.1195483947343,13.5007198752772,TRUE,0.212317712060077,"dense_profiles",1,"one_step_poisson","growth"
"growth_increment_80",8.4,8.79868903360778,0.523856878332215,7.89065793051915,8.80572020020172,9.81331416565929,TRUE,0.761064806244544,"dense_profiles",1,"one_step_poisson","growth"
"growth_increment_110",4.8,5.45923686679591,0.677979858654527,4.13518312306973,5.47075751205785,6.67648466247255,TRUE,0.972354647974633,"dense_profiles",1,"one_step_poisson","growth"
"growth_sd.log_growth_sd",4.5,5.20824368736557,0.485236887831891,4.31265028691771,5.185048846539,6.25622862154515,TRUE,1.45958336046978,"dense_profiles",1,"one_step_poisson","growth"
"recruitment_50",0.019387103915861,0.0150061616116727,0.00395254240984919,0.00847362462293122,0.0146756427093266,0.0239254833705394,TRUE,-1.10838590707379,"dense_profiles",1,"one_step_poisson","recruitment"
"recruitment_80",0.183939720585721,0.157166607208396,0.0231054692608209,0.11564653334968,0.155670488066635,0.207129982709735,TRUE,-1.15873488978314,"dense_profiles",1,"one_step_poisson","recruitment"
"recruitment_110",1.74517147873092,1.66783798795487,0.0665143753810373,1.53748164682554,1.66608108626014,1.80410157548096,TRUE,-1.16265830255541,"dense_profiles",1,"one_step_poisson","recruitment"
"recruit_mean_50",44,45.1983384151332,1.25930603014741,42.6175085514376,45.2173613032649,47.67647208262,TRUE,0.951586339178344,"dense_profiles",1,"one_step_poisson","recruit_size"
"recruit_mean_80",44.6,45.2054920129686,0.711963308746399,43.7860435176737,45.1928438746434,46.6213604560415,TRUE,0.850453956728029,"dense_profiles",1,"one_step_poisson","recruit_size"
"recruit_mean_110",45.2,45.2126456108039,0.192197359647174,44.8683421037779,45.2089619644353,45.6035570829657,TRUE,0.0657949246917731,"dense_profiles",1,"one_step_poisson","recruit_size"
"recruit_sd.log_recruit_sd",3.5,3.5622063230246,0.0985148786401663,3.38109279108771,3.55973719137208,3.76210001703444,TRUE,0.631440893835017,"dense_profiles",1,"one_step_poisson","recruit_size"
"lambda",1.03119869581319,1.03618673463393,0.0318016177547985,0.970574061033651,1.03649879700354,1.09396129118508,TRUE,0.156848587364095,"dense_profiles",1,"one_step_poisson","lambda"
"survival_50",0.354343693774205,0.375728672352019,0.0156690264863865,0.346267251266677,0.375558220096317,0.407267127731851,TRUE,1.36479305822821,"dense_profiles",1,"one_step_gamma_poisson","survival"
"survival_80",0.589040434058665,0.577974808402376,0.0190040924602906,0.536557744463253,0.579236487366634,0.613217326008529,TRUE,-0.58227593237672,"dense_profiles",1,"one_step_gamma_poisson","survival"
"survival_110",0.789181706522253,0.756271592095405,0.0278670184142091,0.698690556892935,0.759402755746089,0.806282940870506,TRUE,-1.18097006065302,"dense_profiles",1,"one_step_gamma_poisson","survival"
"growth_increment_50",12,12.2092920919724,0.719198870112074,10.6644549891502,12.1968420388407,13.5253823502554,TRUE,0.291007259146222,"dense_profiles",1,"one_step_gamma_poisson","growth"
"growth_increment_80",8.4,8.84630426166993,0.593374567764173,7.75096538193646,8.82627870216761,10.051497466379,TRUE,0.752145922518388,"dense_profiles",1,"one_step_gamma_poisson","growth"
"growth_increment_110",4.8,5.48331643136748,0.676148122618677,4.2654662099545,5.43689280550883,6.86870910404974,TRUE,1.01060168402308,"dense_profiles",1,"one_step_gamma_poisson","growth"
"growth_sd.log_growth_sd",4.5,5.22331032535746,0.504001364096892,4.33247642059416,5.17805568947408,6.36394692562203,TRUE,1.43513565018527,"dense_profiles",1,"one_step_gamma_poisson","growth"
"recruitment_50",0.019387103915861,0.0162222686323079,0.00496523414129834,0.00925634388914751,0.0153105360529785,0.028734432108894,TRUE,-0.637399001434705,"dense_profiles",1,"one_step_gamma_poisson","recruitment"
"recruitment_80",0.183939720585721,0.163941612474077,0.0275598639454034,0.120746151385066,0.160735352857733,0.225990423197889,TRUE,-0.725624340935108,"dense_profiles",1,"one_step_gamma_poisson","recruitment"
"recruitment_110",1.74517147873092,1.68564146427419,0.0779215188006064,1.53723653351941,1.6908547127504,1.83496063305726,TRUE,-0.763974000674483,"dense_profiles",1,"one_step_gamma_poisson","recruitment"
"recruit_mean_50",44,45.1082266048111,1.26800393894649,42.6265650526018,45.1250013886816,47.7450898394854,TRUE,0.873993030125617,"dense_profiles",1,"one_step_gamma_poisson","recruit_size"
"recruit_mean_80",44.6,45.1633314056127,0.712673095454959,43.8147640178045,45.1718190640724,46.651867922564,TRUE,0.790448536931319,"dense_profiles",1,"one_step_gamma_poisson","recruit_size"
"recruit_mean_110",45.2,45.2184362064144,0.189374041437302,44.8831491676754,45.2211333352628,45.5859876498866,TRUE,0.097353397933804,"dense_profiles",1,"one_step_gamma_poisson","recruit_size"
"recruit_sd.log_recruit_sd",3.5,3.57297553551845,0.0993625057652684,3.37693892958131,3.57217079097486,3.75360921598174,TRUE,0.734437350954578,"dense_profiles",1,"one_step_gamma_poisson","recruit_size"
"lambda",1.03119869581319,1.03857899673177,0.0278677923578571,0.986549820937001,1.03928967818793,1.08799525942253,TRUE,0.264832636320945,"dense_profiles",1,"one_step_gamma_poisson","lambda"
"survival_50",0.354343693774205,0.375047850873271,0.0165811332540314,0.343565181922336,0.375315477400581,0.406046442155456,TRUE,1.24865754239283,"dense_profiles",1,"one_step_shared_gamma_poisson","survival"
"survival_80",0.589040434058665,0.574780151863715,0.0219593973983081,0.534448190694062,0.573727889967295,0.618500138174304,TRUE,-0.649393147557352,"dense_profiles",1,"one_step_shared_gamma_poisson","survival"
"survival_110",0.789181706522253,0.751829396636076,0.0306078148266373,0.688954866854775,0.753344001909534,0.807172678968202,TRUE,-1.2203520603395,"dense_profiles",1,"one_step_shared_gamma_poisson","survival"
"growth_increment_50",12,12.1714948796301,0.671054476867536,10.7929671101586,12.1622064136408,13.3829687604999,TRUE,0.255560294345511,"dense_profiles",1,"one_step_shared_gamma_poisson","growth"
"growth_increment_80",8.4,8.83673650612157,0.561726542466475,7.71811515273816,8.86215799630008,9.85393482369569,TRUE,0.777489531122936,"dense_profiles",1,"one_step_shared_gamma_poisson","growth"
"growth_increment_110",4.8,5.50197813261299,0.672760342019062,4.30346216054602,5.5346153020683,6.72620273369376,TRUE,1.04342971600591,"dense_profiles",1,"one_step_shared_gamma_poisson","growth"
"growth_sd.log_growth_sd",4.5,5.23578280000218,0.526635775427881,4.22358246439979,5.22085014850109,6.22371843010781,TRUE,1.39713789744795,"dense_profiles",1,"one_step_shared_gamma_poisson","growth"
"recruitment_50",0.019387103915861,0.0154975442177973,0.00512030074767373,0.00786367651953364,0.0144552301058886,0.0266656904530172,TRUE,-0.75963500773481,"dense_profiles",1,"one_step_shared_gamma_poisson","recruitment"
"recruitment_80",0.183939720585721,0.159353386264482,0.0289152251871667,0.110812061676876,0.155278597293637,0.21828761166003,TRUE,-0.850290259269758,"dense_profiles",1,"one_step_shared_gamma_poisson","recruitment"
"recruitment_110",1.74517147873092,1.67075251810806,0.0846242580108194,1.51447518432904,1.66713808597383,1.8365031008749,TRUE,-0.879404586487976,"dense_profiles",1,"one_step_shared_gamma_poisson","recruitment"
"recruit_mean_50",44,45.140103378184,1.12736502144418,42.8860242195061,45.1421372264729,47.1842121903173,TRUE,1.01129923006087,"dense_profiles",1,"one_step_shared_gamma_poisson","recruit_size"
"recruit_mean_80",44.6,45.174106194085,0.640356353561531,43.9340669661204,45.1796035181616,46.3324506013676,TRUE,0.896541731634158,"dense_profiles",1,"one_step_shared_gamma_poisson","recruit_size"
"recruit_mean_110",45.2,45.208109009986,0.182491950371704,44.8254728887068,45.2168863329634,45.5562357352991,TRUE,0.0444348913442787,"dense_profiles",1,"one_step_shared_gamma_poisson","recruit_size"
"recruit_sd.log_recruit_sd",3.5,3.56459210815118,0.0946484018309015,3.38286831964571,3.56489729851264,3.74969656576639,TRUE,0.682442670998059,"dense_profiles",1,"one_step_shared_gamma_poisson","recruit_size"
"lambda",1.03119869581319,1.03532956042883,0.0334528441056922,0.964199597024789,1.0365520450785,1.09779179142538,TRUE,0.123483211250501,"dense_profiles",1,"one_step_shared_gamma_poisson","lambda"
"survival_50",0.354343693774205,0.315068871993861,0.0114951962399245,0.292722270699553,0.315485130197032,0.337871526249646,FALSE,-3.41662908232366,"longer_followup",1,"recursive_poisson","survival"
"survival_80",0.589040434058665,0.576327532350124,0.0110664660331939,0.553815011798127,0.576556202838977,0.597296431850465,TRUE,-1.14877700527059,"longer_followup",1,"recursive_poisson","survival"
"survival_110",0.789181706522253,0.800731437104909,0.0128082466969993,0.776252567972159,0.801500717487601,0.823123160629497,TRUE,0.901741733734896,"longer_followup",1,"recursive_poisson","survival"
"growth_increment_50",12,13.1203483256727,0.484969895902159,12.1261047141967,13.1231969825641,14.0204177627356,FALSE,2.31013993886903,"longer_followup",1,"recursive_poisson","growth"
"growth_increment_80",8.4,9.07170707795251,0.346105921028882,8.35122009524536,9.08707405780924,9.68333265462597,TRUE,1.94075581242788,"longer_followup",1,"recursive_poisson","growth"
"growth_increment_110",4.8,5.02306583023228,0.281804337300076,4.43755413127656,5.02729007266825,5.5470605350186,TRUE,0.791562799811537,"longer_followup",1,"recursive_poisson","growth"
"growth_sd.log_growth_sd",4.5,4.13262001492272,0.437154940274304,3.37806399058574,4.09485906206126,5.15218327249645,TRUE,-0.840388501264002,"longer_followup",1,"recursive_poisson","growth"
"recruitment_50",0.019387103915861,0.0118728535470829,0.00452787059068547,0.00517231046711793,0.0112236029193174,0.021995511818217,TRUE,-1.65955502002113,"longer_followup",1,"recursive_poisson","recruitment"
"recruitment_80",0.183939720585721,0.134091903966783,0.0291457134159999,0.0855231444760132,0.13248075018671,0.194570383462258,TRUE,-1.71029667064431,"longer_followup",1,"recursive_poisson","recruitment"
"recruitment_110",1.74517147873092,1.55406442176872,0.106555070015353,1.34615383635514,1.55776104812256,1.76860958534197,TRUE,-1.79350505738176,"longer_followup",1,"recursive_poisson","recruitment"
"recruit_mean_50",44,44.9308392268614,1.24757535789157,42.7670521956918,44.8983730864784,47.4459472984584,TRUE,0.746118638023198,"longer_followup",1,"recursive_poisson","recruit_size"
"recruit_mean_80",44.6,45.2336295171307,0.779676362100904,43.8957525999346,45.1986550860459,46.8141805439202,TRUE,0.812682733414352,"longer_followup",1,"recursive_poisson","recruit_size"
"recruit_mean_110",45.2,45.5364198074001,0.322440042742324,44.923338607182,45.5353176750394,46.2221650061912,TRUE,1.04335616798373,"longer_followup",1,"recursive_poisson","recruit_size"
"recruit_sd.log_recruit_sd",3.5,3.6137329593542,0.0959737105734866,3.43133066862094,3.611018362806,3.84007643697312,TRUE,1.18504284844873,"longer_followup",1,"recursive_poisson","recruit_size"
"lambda",1.03119869581319,1.04576972697079,0.00571997291724678,1.03447914214308,1.0458015206162,1.05754819895443,FALSE,2.54739513078214,"longer_followup",1,"recursive_poisson","lambda"
"survival_50",0.354343693774205,0.315503771522262,0.0132454169237452,0.289648008643449,0.316215691564687,0.341270903403826,FALSE,-2.93232915774167,"longer_followup",1,"recursive_gamma_poisson","survival"
"survival_80",0.589040434058665,0.576840549451541,0.0119284568197903,0.553487192460218,0.576280749531471,0.599813244567623,TRUE,-1.02275464391027,"longer_followup",1,"recursive_gamma_poisson","survival"
"survival_110",0.789181706522253,0.801077498263682,0.0134776522910085,0.774982626053414,0.801115309064086,0.826615632873478,TRUE,0.882630853250724,"longer_followup",1,"recursive_gamma_poisson","survival"
"growth_increment_50",12,13.1384976607881,0.546197210431974,11.9508511105952,13.1626676797045,14.1987409973214,TRUE,2.08440768104196,"longer_followup",1,"recursive_gamma_poisson","growth"
"growth_increment_80",8.4,9.08307277007984,0.391366710974542,8.30480074115943,9.10069298029856,9.80158606406592,TRUE,1.74535225129117,"longer_followup",1,"recursive_gamma_poisson","growth"
"growth_increment_110",4.8,5.02764787937156,0.315082940999673,4.44618028654914,5.03563116464621,5.67053182110304,TRUE,0.722501442475112,"longer_followup",1,"recursive_gamma_poisson","growth"
"growth_sd.log_growth_sd",4.5,4.19294147887548,0.469667482412077,3.33215218404494,4.21246597763736,5.1625911276862,TRUE,-0.653778540399586,"longer_followup",1,"recursive_gamma_poisson","growth"
"recruitment_50",0.019387103915861,0.0140524562719797,0.00618013821621586,0.00604217166964552,0.0123767567810108,0.0296324808765626,TRUE,-0.863192287493493,"longer_followup",1,"recursive_gamma_poisson","recruitment"
"recruitment_80",0.183939720585721,0.14715427812506,0.0368190257213144,0.0930252380957976,0.139580879836892,0.231221767877225,TRUE,-0.999087882962817,"longer_followup",1,"recursive_gamma_poisson","recruitment"
"recruitment_110",1.74517147873092,1.59203375880574,0.127937869884628,1.36476669299827,1.57869442871287,1.84866829801067,TRUE,-1.19696943573684,"longer_followup",1,"recursive_gamma_poisson","recruitment"
"recruit_mean_50",44,44.9669326293877,1.35369284815762,42.4079194972824,44.9788585488171,47.5817292356054,TRUE,0.714292485702113,"longer_followup",1,"recursive_gamma_poisson","recruit_size"
"recruit_mean_80",44.6,45.2514638268003,0.839708156313408,43.6796921331064,45.2589954022959,46.9419545982825,TRUE,0.775821720799273,"longer_followup",1,"recursive_gamma_poisson","recruit_size"
"recruit_mean_110",45.2,45.5359950242128,0.342503837838012,44.8866728441439,45.5604100291536,46.2316808100761,TRUE,0.980996377540597,"longer_followup",1,"recursive_gamma_poisson","recruit_size"
"recruit_sd.log_recruit_sd",3.5,3.62673065405006,0.115824854199678,3.40615783405471,3.61920389703721,3.86051327255413,TRUE,1.09415768252626,"longer_followup",1,"recursive_gamma_poisson","recruit_size"
"lambda",1.03119869581319,1.04466899306009,0.00623373202850014,1.03258353356581,1.04496041394171,1.05666214803014,FALSE,2.16087204026613,"longer_followup",1,"recursive_gamma_poisson","lambda"
"survival_50",0.354343693774205,0.459631135816604,0.0246542065893678,0.415135574322602,0.457199477088904,0.512722922556469,FALSE,4.27056703937107,"longer_followup",1,"one_step_poisson","survival"
"survival_80",0.589040434058665,0.638617056428974,0.031462267719784,0.579506690717187,0.639936354413947,0.700862321223868,TRUE,1.57574853827634,"longer_followup",1,"one_step_poisson","survival"
"survival_110",0.789181706522253,0.783693320831321,0.0434705291874456,0.690843211707576,0.785514192227777,0.862730660236205,TRUE,-0.126255322709917,"longer_followup",1,"one_step_poisson","survival"
"growth_increment_50",12,8.47438084961104,0.789047163611889,6.98578954948845,8.48486506715171,9.99966593362804,FALSE,-4.46819824337284,"longer_followup",1,"one_step_poisson","growth"
"growth_increment_80",8.4,6.92538326854375,0.703953635711417,5.4421256784121,6.92665818478831,8.19043486824761,FALSE,-2.09476399673112,"longer_followup",1,"one_step_poisson","growth"
"growth_increment_110",4.8,5.37638568747647,0.991052248068445,3.60553699331983,5.4146939203108,7.28733018210897,TRUE,0.581589607005929,"longer_followup",1,"one_step_poisson","growth"
"growth_sd.log_growth_sd",4.5,8.26193636611271,0.43575658562913,7.39999677506705,8.26520952671528,9.13823480891941,FALSE,8.6331141976463,"longer_followup",1,"one_step_poisson","growth"
"recruitment_50",0.019387103915861,0.106561733261088,0.0387890357337541,0.0495902080489875,0.101249949059157,0.196995740765568,FALSE,2.24740387834308,"longer_followup",1,"one_step_poisson","recruitment"
"recruitment_80",0.183939720585721,0.43748642795598,0.0812762510553142,0.294374769587815,0.432853765992881,0.601672391001899,FALSE,3.11956695932865,"longer_followup",1,"one_step_poisson","recruitment"
"recruitment_110",1.74517147873092,1.85080760231455,0.0789096956789679,1.69437102998475,1.84646653722123,2.00168535487753,TRUE,1.33869637532749,"longer_followup",1,"one_step_poisson","recruitment"
"recruit_mean_50",44,45.3254605908063,0.714409182450003,43.8349726784785,45.3299222202669,46.7773995993414,TRUE,1.85532412427951,"longer_followup",1,"one_step_poisson","recruit_size"
"recruit_mean_80",44.6,45.393377521469,0.383245373646735,44.5725915414474,45.3923958257667,46.128855891928,TRUE,2.07015550877941,"longer_followup",1,"one_step_poisson","recruit_size"
"recruit_mean_110",45.2,45.4612944521318,0.13287170866005,45.184582671575,45.4639728577968,45.7332142812109,TRUE,1.96651683617829,"longer_followup",1,"one_step_poisson","recruit_size"
"recruit_sd.log_recruit_sd",3.5,3.22211164214923,0.113743361115103,3.00694973238875,3.21465302587624,3.456572649609,FALSE,-2.44311716417063,"longer_followup",1,"one_step_poisson","recruit_size"
"lambda",1.03119869581319,1.03084024054924,0.0389641809477469,0.942601756199855,1.03440657133345,1.09506933457351,TRUE,-0.00919960987846168,"longer_followup",1,"one_step_poisson","lambda"
"survival_50",0.354343693774205,0.419675584017668,0.0281717288069722,0.364650319223259,0.420698997135925,0.475039292444358,FALSE,2.31905860982499,"longer_followup",1,"one_step_gamma_poisson","survival"
"survival_80",0.589040434058665,0.620027292026442,0.0346496187011396,0.561473111147461,0.619096354495909,0.688319619632326,TRUE,0.894291456279669,"longer_followup",1,"one_step_gamma_poisson","survival"
"survival_110",0.789181706522253,0.784038449849354,0.0449048784828084,0.694793264365405,0.785393079730199,0.8576471430216,TRUE,-0.114536701727574,"longer_followup",1,"one_step_gamma_poisson","survival"
"growth_increment_50",12,10.0367506930184,1.024626058228,8.12086738651477,10.0267887500802,12.2394371680824,TRUE,-1.91606419846169,"longer_followup",1,"one_step_gamma_poisson","growth"
"growth_increment_80",8.4,7.75015315883962,0.837067690892846,6.18182249347521,7.73087247692351,9.45898745666602,TRUE,-0.776337264274562,"longer_followup",1,"one_step_gamma_poisson","growth"
"growth_increment_110",4.8,5.46355562466083,1.08599922015139,3.3323717041887,5.49506784996444,7.64397742223292,TRUE,0.61100930124824,"longer_followup",1,"one_step_gamma_poisson","growth"
"growth_sd.log_growth_sd",4.5,8.37535353871278,0.54274087088861,7.29990282245763,8.34100308126631,9.45779241655318,FALSE,7.14033850512826,"longer_followup",1,"one_step_gamma_poisson","growth"
"recruitment_50",0.019387103915861,0.105256818445868,0.0514629032635723,0.0381350074881868,0.0916458314182506,0.230238671101341,FALSE,1.66857501393222,"longer_followup",1,"one_step_gamma_poisson","recruitment"
"recruitment_80",0.183939720585721,0.442408090290731,0.110468728256187,0.26169062978411,0.425165125734356,0.67254636260027,FALSE,2.33974242109131,"longer_followup",1,"one_step_gamma_poisson","recruitment"
"recruitment_110",1.74517147873092,1.9631997643786,0.119299487803476,1.74364590170632,1.95833114022241,2.19773069930433,TRUE,1.82757101192959,"longer_followup",1,"one_step_gamma_poisson","recruitment"
"recruit_mean_50",44,45.2819909631905,1.08372570716846,43.2568135424333,45.2369453676779,47.3438982208821,TRUE,1.18294782038538,"longer_followup",1,"one_step_gamma_poisson","recruit_size"
"recruit_mean_80",44.6,45.3824412559847,0.574179458974457,44.2743254209531,45.3848431921298,46.4828805584977,TRUE,1.36271202975839,"longer_followup",1,"one_step_gamma_poisson","recruit_size"
"recruit_mean_110",45.2,45.4828915487787,0.190762248402444,45.1242159121419,45.4834808454685,45.8910794491488,TRUE,1.48295352538465,"longer_followup",1,"one_step_gamma_poisson","recruit_size"
"recruit_sd.log_recruit_sd",3.5,3.31459228017548,0.179619571167375,2.97603044138223,3.30559892871538,3.68882622565908,TRUE,-1.03222448767431,"longer_followup",1,"one_step_gamma_poisson","recruit_size"
"lambda",1.03119869581319,1.04429520219136,0.0394399939373375,0.967770444888978,1.04639668305733,1.12072022833871,TRUE,0.332061571788533,"longer_followup",1,"one_step_gamma_poisson","lambda"
"survival_50",0.354343693774205,0.405692743361218,0.0285673521396077,0.350348672350101,0.404952273967384,0.45790123696941,TRUE,1.7974731902373,"longer_followup",1,"one_step_shared_gamma_poisson","survival"
"survival_80",0.589040434058665,0.657619902381235,0.0518628765321061,0.558184555848821,0.659370496238217,0.756448264071943,TRUE,1.3223228811868,"longer_followup",1,"one_step_shared_gamma_poisson","survival"
"survival_110",0.789181706522253,0.838918386883249,0.0544512100735317,0.718607308297226,0.844936103418628,0.926023277101802,TRUE,0.913417356452343,"longer_followup",1,"one_step_shared_gamma_poisson","survival"
"growth_increment_50",12,9.30802523273836,0.846357044371229,7.87924190761671,9.26270524068514,11.0060992566745,FALSE,-3.18066091038628,"longer_followup",1,"one_step_shared_gamma_poisson","growth"
"growth_increment_80",8.4,7.14434250272918,0.726387894416216,5.78502522257174,7.13324913752976,8.56455039722803,TRUE,-1.7286321907663,"longer_followup",1,"one_step_shared_gamma_poisson","growth"
"growth_increment_110",4.8,4.98065977271997,0.993636471844771,3.04484459616146,4.9524285940773,6.86714454198866,TRUE,0.181816768847623,"longer_followup",1,"one_step_shared_gamma_poisson","growth"
"growth_sd.log_growth_sd",4.5,8.1433813478789,0.459787060563398,7.28065663285642,8.1223965426393,9.04750288167876,FALSE,7.92406237664561,"longer_followup",1,"one_step_shared_gamma_poisson","growth"
"recruitment_50",0.019387103915861,0.111560874311382,0.0501762588203035,0.0466154427199656,0.102796500173816,0.239969066488237,FALSE,1.83699966005085,"longer_followup",1,"one_step_shared_gamma_poisson","recruitment"
"recruitment_80",0.183939720585721,0.462460283928604,0.102006092614727,0.299918966667963,0.450112995388309,0.701977572925871,FALSE,2.73043066549804,"longer_followup",1,"one_step_shared_gamma_poisson","recruitment"
"recruitment_110",1.74517147873092,2.00760161703064,0.120758385217051,1.76962347372406,2.00716668236704,2.25429518210682,FALSE,2.17318356673969,"longer_followup",1,"one_step_shared_gamma_poisson","recruitment"
"recruit_mean_50",44,45.4122190378997,0.67098457692093,44.1248615848261,45.3994246662293,46.6443653738565,FALSE,2.10469671952852,"longer_followup",1,"one_step_shared_gamma_poisson","recruit_size"
"recruit_mean_80",44.6,45.4776596262536,0.353067744549592,44.8065653010659,45.4722712686075,46.1186371713732,FALSE,2.48581083886104,"longer_followup",1,"one_step_shared_gamma_poisson","recruit_size"
"recruit_mean_110",45.2,45.5431002146075,0.126403584456161,45.2964457732316,45.5417675809046,45.7777040424267,FALSE,2.71432345913008,"longer_followup",1,"one_step_shared_gamma_poisson","recruit_size"
"recruit_sd.log_recruit_sd",3.5,3.37977724481931,0.11831296687703,3.17463473939645,3.37619188422725,3.63288181196326,TRUE,-1.01614183427287,"longer_followup",1,"one_step_shared_gamma_poisson","recruit_size"
"lambda",1.03119869581319,1.06562430314492,0.0545006445711318,0.955268314548247,1.07065281862893,1.16283125166671,TRUE,0.631655049268232,"longer_followup",1,"one_step_shared_gamma_poisson","lambda"
"survival_50",0.354343693774205,0.352058498311373,0.0171869136770935,0.320450129441969,0.351392076410447,0.386852046438061,TRUE,-0.132961362683583,"diverse_initial",1,"recursive_poisson","survival"
"survival_80",0.589040434058665,0.562127435238708,0.0137073740075002,0.533049222876001,0.562209176724966,0.586992193214725,FALSE,-1.96339567339673,"diverse_initial",1,"recursive_poisson","survival"
"survival_110",0.789181706522253,0.751920587671744,0.0164138800784683,0.717477823443135,0.753049190408344,0.782994152980604,FALSE,-2.27009815304964,"diverse_initial",1,"recursive_poisson","survival"
"growth_increment_50",12,12.0858911351604,0.476345635558098,11.0524238240696,12.0725039870086,12.9707283856558,TRUE,0.180312631729608,"diverse_initial",1,"recursive_poisson","growth"
"growth_increment_80",8.4,8.45566090908458,0.329031445737443,7.77799679974103,8.45270201537371,9.09658093068241,TRUE,0.16916592564527,"diverse_initial",1,"recursive_poisson","growth"
"growth_increment_110",4.8,4.82543068300878,0.312035889302034,4.18620171929693,4.83057419024801,5.41249181383378,TRUE,0.0814992245464527,"diverse_initial",1,"recursive_poisson","growth"
"growth_sd.log_growth_sd",4.5,5.4483107002238,0.370328903617579,4.73254055903107,5.45754846456382,6.1656331147019,FALSE,2.56072559003679,"diverse_initial",1,"recursive_poisson","growth"
"recruitment_50",0.019387103915861,0.0429124406079425,0.0105299603913519,0.0261013351070786,0.0419621168633362,0.0673583922880028,FALSE,2.23413344568727,"diverse_initial",1,"recursive_poisson","recruitment"
"recruitment_80",0.183939720585721,0.299242798616336,0.0410922482780573,0.226690374214473,0.296961533939132,0.385619645132577,FALSE,2.80595691066593,"diverse_initial",1,"recursive_poisson","recruitment"
"recruitment_110",1.74517147873092,2.11111483538576,0.101302095510005,1.89262414605132,2.10882761165905,2.29403886414868,FALSE,3.61239671116874,"diverse_initial",1,"recursive_poisson","recruitment"
"recruit_mean_50",44,45.0638849971697,0.948505087624382,43.159080858457,45.0177126382579,47.0428808388129,TRUE,1.12164395431373,"diverse_initial",1,"recursive_poisson","recruit_size"
"recruit_mean_80",44.6,45.2291751911761,0.547089699035739,44.105805319887,45.2013232262472,46.3115608735686,TRUE,1.1500402809358,"diverse_initial",1,"recursive_poisson","recruit_size"
"recruit_mean_110",45.2,45.3944653851827,0.178424720479023,45.0300453979551,45.3916353414547,45.7269352622613,TRUE,1.0899015823625,"diverse_initial",1,"recursive_poisson","recruit_size"
"recruit_sd.log_recruit_sd",3.5,3.48989133241056,0.101653045623155,3.29466471109576,3.48799880134471,3.69786660416572,TRUE,-0.0994428403740288,"diverse_initial",1,"recursive_poisson","recruit_size"
"lambda",1.03119869581319,0.999921786994359,0.0134463100405501,0.974762797382661,1.00010002884024,1.02220558845206,FALSE,-2.32605887596759,"diverse_initial",1,"recursive_poisson","lambda"
"survival_50",0.354343693774205,0.353480664357647,0.016467877147577,0.320374755039146,0.353891870927048,0.38226029979169,TRUE,-0.0524068408346229,"diverse_initial",1,"recursive_gamma_poisson","survival"
"survival_80",0.589040434058665,0.56315189608203,0.013863837212018,0.538664817694347,0.562451485670424,0.592500377867618,TRUE,-1.86734289942424,"diverse_initial",1,"recursive_gamma_poisson","survival"
"survival_110",0.789181706522253,0.752257138329236,0.0172785119420713,0.718086019711418,0.751080412757171,0.788081708893493,FALSE,-2.13702246563896,"diverse_initial",1,"recursive_gamma_poisson","survival"
"growth_increment_50",12,12.0696373161646,0.486211490246972,11.1101186966032,12.0616263624545,13.0625773292217,TRUE,0.143224332541497,"diverse_initial",1,"recursive_gamma_poisson","growth"
"growth_increment_80",8.4,8.44195682128009,0.357887479672563,7.76136366635963,8.44519439130798,9.15916527147533,TRUE,0.117234671965814,"diverse_initial",1,"recursive_gamma_poisson","growth"
"growth_increment_110",4.8,4.81427632639554,0.358039802621496,4.11487504183319,4.79611883109198,5.45609172440188,TRUE,0.0398735735273245,"diverse_initial",1,"recursive_gamma_poisson","growth"
"growth_sd.log_growth_sd",4.5,5.46553008963839,0.354991434199848,4.83661294150142,5.45320706197059,6.19532279544106,FALSE,2.71986869715518,"diverse_initial",1,"recursive_gamma_poisson","growth"
"recruitment_50",0.019387103915861,0.045069437735625,0.0115658811923452,0.0243631885039282,0.0437290822155063,0.0698121527894594,FALSE,2.22052547425108,"diverse_initial",1,"recursive_gamma_poisson","recruitment"
"recruitment_80",0.183939720585721,0.307219264643168,0.0444743892360729,0.226170017883183,0.302932995522819,0.398852506693003,FALSE,2.77192213709942,"diverse_initial",1,"recursive_gamma_poisson","recruitment"
"recruitment_110",1.74517147873092,2.12227012059619,0.0973362281958194,1.94632004624916,2.11917984231123,2.32501020666462,FALSE,3.87418589003295,"diverse_initial",1,"recursive_gamma_poisson","recruitment"
"recruit_mean_50",44,44.9901172166162,1.00629298291835,43.1599327499398,44.9638431958562,47.049974572252,TRUE,0.983925390938054,"diverse_initial",1,"recursive_gamma_poisson","recruit_size"
"recruit_mean_80",44.6,45.1821083595872,0.578856404612964,44.0811243855089,45.1653555590794,46.3333533346576,TRUE,1.00561789581723,"diverse_initial",1,"recursive_gamma_poisson","recruit_size"
"recruit_mean_110",45.2,45.3740995025583,0.184292096077981,44.9895244745683,45.3782141496164,45.7145717420395,TRUE,0.94469326825964,"diverse_initial",1,"recursive_gamma_poisson","recruit_size"
"recruit_sd.log_recruit_sd",3.5,3.48224882826347,0.106659781256589,3.28215985896451,3.47796958000293,3.68999362752045,TRUE,-0.166427978075702,"diverse_initial",1,"recursive_gamma_poisson","recruit_size"
"lambda",1.03119869581319,0.999750558485018,0.0127837875183272,0.973154069210016,1.00062149419228,1.02370786725395,FALSE,-2.46000156706997,"diverse_initial",1,"recursive_gamma_poisson","lambda"
"survival_50",0.354343693774205,0.364741508383867,0.0208211592563307,0.32835190274149,0.364368720999395,0.40427728867912,TRUE,0.499386920855587,"diverse_initial",1,"one_step_poisson","survival"
"survival_80",0.589040434058665,0.560609115741958,0.0302974944237248,0.506403104670292,0.560615325194165,0.621123930756603,TRUE,-0.938404936034691,"diverse_initial",1,"one_step_poisson","survival"
"survival_110",0.789181706522253,0.737421579460808,0.0440404879487025,0.651141932591306,0.738929468720935,0.816157043954494,TRUE,-1.17528504956018,"diverse_initial",1,"one_step_poisson","survival"
"growth_increment_50",12,11.9868494504262,0.630017222114173,10.7847421946488,11.9984901967668,13.1958923708981,TRUE,-0.0208733176049735,"diverse_initial",1,"one_step_poisson","growth"
"growth_increment_80",8.4,8.64242155056791,0.539206610991981,7.53988595739403,8.62006647604851,9.6649584190536,TRUE,0.449589351513929,"diverse_initial",1,"one_step_poisson","growth"
"growth_increment_110",4.8,5.29799365070961,0.69505958166414,3.97273604476788,5.23455360820666,6.73785622768973,TRUE,0.716476204122377,"diverse_initial",1,"one_step_poisson","growth"
"growth_sd.log_growth_sd",4.5,5.63031606491954,0.475470074666301,4.75358067625208,5.60207843750485,6.65312249556522,FALSE,2.37726015819782,"diverse_initial",1,"one_step_poisson","growth"
"recruitment_50",0.019387103915861,0.0609106792758465,0.0161446457531506,0.0347270384417143,0.0592440494906445,0.0931570328125693,FALSE,2.57197190913169,"diverse_initial",1,"one_step_poisson","recruitment"
"recruitment_80",0.183939720585721,0.348626617299224,0.0512074180512612,0.256372196513657,0.345775666453805,0.449118484459205,FALSE,3.21607499422532,"diverse_initial",1,"one_step_poisson","recruitment"
"recruitment_110",1.74517147873092,2.02335725185877,0.0821224996609502,1.87651465849053,2.02244807333757,2.20121975875402,FALSE,3.38744892418475,"diverse_initial",1,"one_step_poisson","recruitment"
"recruit_mean_50",44,44.7014337565599,1.04758854036799,42.6312660093014,44.6776655085582,46.5978981424009,TRUE,0.669569902238067,"diverse_initial",1,"one_step_poisson","recruit_size"
"recruit_mean_80",44.6,45.0185224193364,0.583704405279017,43.872167959671,44.9965642500344,46.109220259943,TRUE,0.717010897213151,"diverse_initial",1,"one_step_poisson","recruit_size"
"recruit_mean_110",45.2,45.3356110821129,0.162942209236735,45.0169779341678,45.3226883443087,45.6585607511249,TRUE,0.832264903907679,"diverse_initial",1,"one_step_poisson","recruit_size"
"recruit_sd.log_recruit_sd",3.5,3.45079518313037,0.103187467471422,3.27268336942131,3.44903341637945,3.63655029305306,TRUE,-0.476848769287389,"diverse_initial",1,"one_step_poisson","recruit_size"
"lambda",1.03119869581319,0.993595767838731,0.0445499043055029,0.90531216401592,0.996122967370984,1.08117075814325,TRUE,-0.84406304706286,"diverse_initial",1,"one_step_poisson","lambda"
"survival_50",0.354343693774205,0.364352651572565,0.0221370055971333,0.319911568486455,0.36560125776922,0.408173081673501,TRUE,0.452136932180965,"diverse_initial",1,"one_step_gamma_poisson","survival"
"survival_80",0.589040434058665,0.558673066267713,0.0307022993228788,0.497966373726179,0.558312685497268,0.613065305375636,TRUE,-0.989090995159537,"diverse_initial",1,"one_step_gamma_poisson","survival"
"survival_110",0.789181706522253,0.734863170180737,0.0435058096024547,0.643149690942651,0.735971761431669,0.812654314042537,TRUE,-1.24853523788812,"diverse_initial",1,"one_step_gamma_poisson","survival"
"growth_increment_50",12,11.9582519835056,0.656162549289837,10.6458724056014,11.9662914293615,13.2426860401962,TRUE,-0.0636245036227068,"diverse_initial",1,"one_step_gamma_poisson","growth"
"growth_increment_80",8.4,8.64148126834689,0.519699225427266,7.58510650308135,8.63215431578659,9.69198633048616,TRUE,0.46465581731117,"diverse_initial",1,"one_step_gamma_poisson","growth"
"growth_increment_110",4.8,5.32471055318815,0.683706360387054,4.07493887585883,5.32871844399705,6.76830193381191,TRUE,0.767450156366988,"diverse_initial",1,"one_step_gamma_poisson","growth"
"growth_sd.log_growth_sd",4.5,5.5963907331016,0.460006210654005,4.74324436343164,5.54206726311547,6.58563779465576,FALSE,2.38342593579949,"diverse_initial",1,"one_step_gamma_poisson","growth"
"recruitment_50",0.019387103915861,0.0594980770318736,0.0173222110173652,0.0294494147570052,0.0571510733582737,0.101501383241519,FALSE,2.31558044615679,"diverse_initial",1,"one_step_gamma_poisson","recruitment"
"recruitment_80",0.183939720585721,0.34397621276152,0.056679224536899,0.234760569076257,0.338326171569481,0.472372905040843,FALSE,2.82354766642252,"diverse_initial",1,"one_step_gamma_poisson","recruitment"
"recruitment_110",1.74517147873092,2.02101095743203,0.0998309053616982,1.83944939349038,2.01224634127226,2.22066032754656,FALSE,2.76306698513567,"diverse_initial",1,"one_step_gamma_poisson","recruitment"
"recruit_mean_50",44,44.6586921656974,1.12329292516444,42.4968623189835,44.7065663931557,46.7765673163099,TRUE,0.586393941367538,"diverse_initial",1,"one_step_gamma_poisson","recruit_size"
"recruit_mean_80",44.6,44.9951312892605,0.630764355568726,43.7850069366549,45.054096537337,46.2408247508577,TRUE,0.626432495387635,"diverse_initial",1,"one_step_gamma_poisson","recruit_size"
"recruit_mean_110",45.2,45.3315704128234,0.180241362249074,44.9712845374577,45.3399485448381,45.6220261431627,TRUE,0.729967922909705,"diverse_initial",1,"one_step_gamma_poisson","recruit_size"
"recruit_sd.log_recruit_sd",3.5,3.46599928426363,0.120537437330853,3.26006156691804,3.456392598981,3.70974724247598,TRUE,-0.282075979789094,"diverse_initial",1,"one_step_gamma_poisson","recruit_size"
"lambda",1.03119869581319,0.992227989536191,0.0438783894959287,0.902003273994464,0.995045634548099,1.06835917057289,TRUE,-0.888152612816784,"diverse_initial",1,"one_step_gamma_poisson","lambda"
"survival_50",0.354343693774205,0.367054912061755,0.0239910443768943,0.32069272899449,0.367518549791498,0.41174017447174,TRUE,0.529831802561823,"diverse_initial",1,"one_step_shared_gamma_poisson","survival"
"survival_80",0.589040434058665,0.556933414236026,0.0350104176777348,0.492625230485558,0.55732947744026,0.627465005851927,TRUE,-0.917070459375243,"diverse_initial",1,"one_step_shared_gamma_poisson","survival"
"survival_110",0.789181706522253,0.729409686736396,0.0493196011773225,0.631998182753313,0.731603739101557,0.817504043565875,TRUE,-1.21193234249713,"diverse_initial",1,"one_step_shared_gamma_poisson","survival"
"growth_increment_50",12,11.9887982945052,0.604900016340206,10.7244409522597,11.9557093985825,13.1893240956114,TRUE,-0.0185182760658616,"diverse_initial",1,"one_step_shared_gamma_poisson","growth"
"growth_increment_80",8.4,8.63470010616648,0.4979161437118,7.68126308675362,8.61766938827787,9.52800124187844,TRUE,0.471364725025517,"diverse_initial",1,"one_step_shared_gamma_poisson","growth"
"growth_increment_110",4.8,5.2806019178278,0.65045726505077,4.02209138645382,5.32277153418959,6.51744371816679,TRUE,0.738867783712558,"diverse_initial",1,"one_step_shared_gamma_poisson","growth"
"growth_sd.log_growth_sd",4.5,5.67414427897722,0.461351629992261,4.87900309197372,5.63783039474708,6.57219040798812,FALSE,2.54500949524533,"diverse_initial",1,"one_step_shared_gamma_poisson","growth"
"recruitment_50",0.019387103915861,0.053886476178515,0.0181115413371823,0.0288949096372501,0.0512511881786313,0.100971161671595,FALSE,1.90482806627993,"diverse_initial",1,"one_step_shared_gamma_poisson","recruitment"
"recruitment_80",0.183939720585721,0.324128898449956,0.0588316791621655,0.232935505499455,0.318495668239473,0.46353993775365,FALSE,2.38288588496366,"diverse_initial",1,"one_step_shared_gamma_poisson","recruitment"
"recruitment_110",1.74517147873092,1.99064112495354,0.103015766943063,1.79797546727154,1.98778181950011,2.19983100518678,FALSE,2.38283569114515,"diverse_initial",1,"one_step_shared_gamma_poisson","recruitment"
"recruit_mean_50",44,44.5889251867261,1.08311396112746,42.5163695674513,44.5954096991252,46.6470878135384,TRUE,0.543733353887374,"diverse_initial",1,"one_step_shared_gamma_poisson","recruit_size"
"recruit_mean_80",44.6,44.9526911873667,0.609661420373611,43.7658448558672,44.9615972091615,46.1013024215592,TRUE,0.578503371839597,"diverse_initial",1,"one_step_shared_gamma_poisson","recruit_size"
"recruit_mean_110",45.2,45.3164571880072,0.171630526135094,44.9838328915794,45.3161368076086,45.6462381802112,TRUE,0.678534236477017,"diverse_initial",1,"one_step_shared_gamma_poisson","recruit_size"
"recruit_sd.log_recruit_sd",3.5,3.45981213532275,0.108300904724318,3.25210456141618,3.45673739496142,3.68238250095564,TRUE,-0.371075982971219,"diverse_initial",1,"one_step_shared_gamma_poisson","recruit_size"
"lambda",1.03119869581319,0.988473272176369,0.0517275140309481,0.880633982743098,0.991712678594968,1.07610701015565,TRUE,-0.825970944810172,"diverse_initial",1,"one_step_shared_gamma_poisson","lambda"
"survival_50",0.354343693774205,0.395347133380406,0.021940140903755,0.354228335152666,0.395979555623698,0.435729465521234,TRUE,1.86887767886597,"standard",2,"recursive_poisson","survival"
"survival_80",0.589040434058665,0.610759825909242,0.0149552376764527,0.582402147667578,0.610690904234625,0.639265486799244,TRUE,1.4522933249516,"standard",2,"recursive_poisson","survival"
"survival_110",0.789181706522253,0.789453459162426,0.0239833412837109,0.741819346351122,0.789817093716739,0.834445772556674,TRUE,0.0113308915950663,"standard",2,"recursive_poisson","survival"
"growth_increment_50",12,11.2514745725226,0.185081651358145,10.9219988813433,11.2356878206485,11.6317237867118,FALSE,-4.04429840551248,"standard",2,"recursive_poisson","growth"
"growth_increment_80",8.4,7.87709585729052,0.119612927848446,7.65654987943858,7.86737388691157,8.13723313827439,FALSE,-4.37163567613714,"standard",2,"recursive_poisson","growth"
"growth_increment_110",4.8,4.5027171420584,0.100734192891131,4.31469199168325,4.50040573135876,4.71631764549286,FALSE,-2.9511613624868,"standard",2,"recursive_poisson","growth"
"growth_sd.log_growth_sd",4.5,5.87405926965085,1.06847695226513,3.90992496045191,5.81876612073648,8.21125217496785,TRUE,1.28599804304425,"standard",2,"recursive_poisson","growth"
"recruitment_50",0.019387103915861,0.0145496517822359,0.00663036696264081,0.00625609298224225,0.0131709214136205,0.0298224468804728,TRUE,-0.729590407421185,"standard",2,"recursive_poisson","recruitment"
"recruitment_80",0.183939720585721,0.13561416892023,0.0348689718732966,0.0847677312115599,0.130688202243252,0.209592980196146,TRUE,-1.38591845613032,"standard",2,"recursive_poisson","recruitment"
"recruitment_110",1.74517147873092,1.3052303632263,0.115092892808169,1.10283297670828,1.30109320223147,1.54608365096733,FALSE,-3.82248725156198,"standard",2,"recursive_poisson","recruitment"
"recruit_mean_50",44,41.9223678036901,1.75059148606128,38.4600981253944,41.9469927126371,45.2833285580662,TRUE,-1.18681726310942,"standard",2,"recursive_poisson","recruit_size"
"recruit_mean_80",44.6,43.2689328960012,1.06025843917412,41.0861576926443,43.2597622063456,45.2268575881961,TRUE,-1.25541759897299,"standard",2,"recursive_poisson","recruit_size"
"recruit_mean_110",45.2,44.6154979883123,0.400715191611901,43.7619325728613,44.6329377062934,45.3206034798412,TRUE,-1.45864699897328,"standard",2,"recursive_poisson","recruit_size"
"recruit_sd.log_recruit_sd",3.5,3.12375473712117,0.212410096174836,2.74081926079252,3.12824880334304,3.55827164616836,TRUE,-1.77131534543038,"standard",2,"recursive_poisson","recruit_size"
"lambda",1.03119869581319,1.02462524728553,0.0156797792155213,0.992637737653954,1.02608318107064,1.05103949060334,TRUE,-0.419230936693118,"standard",2,"recursive_poisson","lambda"
"survival_50",0.354343693774205,0.394391279981222,0.0212275004432936,0.354819403352128,0.393941471283565,0.439612923130727,FALSE,1.88658981842913,"standard",2,"recursive_gamma_poisson","survival"
"survival_80",0.589040434058665,0.607844100901029,0.0155898224616537,0.575676670347131,0.608097040635583,0.635102927143516,TRUE,1.20615015909355,"standard",2,"recursive_gamma_poisson","survival"
"survival_110",0.789181706522253,0.786117278911233,0.0233665323123273,0.736696975142499,0.786248332048808,0.825258887226091,TRUE,-0.131146015594434,"standard",2,"recursive_gamma_poisson","survival"
"growth_increment_50",12,11.3998616574653,0.307353462818417,10.80119140541,11.4113430986279,12.0295650918278,TRUE,-1.95259990576159,"standard",2,"recursive_gamma_poisson","growth"
"growth_increment_80",8.4,7.98042646292818,0.201579997269908,7.62806724287137,7.98741509404329,8.36580258213228,FALSE,-2.0814244605333,"standard",2,"recursive_gamma_poisson","growth"
"growth_increment_110",4.8,4.5609912683911,0.136506676476844,4.30717702125781,4.56555395549472,4.81620655424389,TRUE,-1.75089407915843,"standard",2,"recursive_gamma_poisson","growth"
"growth_sd.log_growth_sd",4.5,5.71683809720473,1.08918018381118,3.90809858308318,5.54924429747273,8.17653578905331,TRUE,1.11720550492102,"standard",2,"recursive_gamma_poisson","growth"
"recruitment_50",0.019387103915861,0.0146066599586684,0.00728152641137345,0.00521303821745752,0.0131054622782938,0.0349169030565513,TRUE,-0.656516736617991,"standard",2,"recursive_gamma_poisson","recruitment"
"recruitment_80",0.183939720585721,0.134840617246884,0.0384637228543745,0.0746858746649011,0.129550953340286,0.228560861052436,TRUE,-1.27650418875804,"standard",2,"recursive_gamma_poisson","recruitment"
"recruitment_110",1.74517147873092,1.29509033388739,0.128684409543674,1.04687387989846,1.28713814169255,1.55073462991903,FALSE,-3.49755767959428,"standard",2,"recursive_gamma_poisson","recruitment"
"recruit_mean_50",44,42.4441588347525,2.09339986494821,38.5723615332369,42.3004914621971,46.4194715659142,TRUE,-0.743212604193979,"standard",2,"recursive_gamma_poisson","recruit_size"
"recruit_mean_80",44.6,43.5663163637481,1.25578137965273,41.2026728470967,43.4732605662062,45.9566384898446,TRUE,-0.823139802039265,"standard",2,"recursive_gamma_poisson","recruit_size"
"recruit_mean_110",45.2,44.6884738927437,0.455250428984694,43.7947772490533,44.6635406654892,45.5538062549912,TRUE,-1.12361477263658,"standard",2,"recursive_gamma_poisson","recruit_size"
"recruit_sd.log_recruit_sd",3.5,3.19013348846896,0.234107038647415,2.7725519130609,3.18692871954736,3.66604936985784,TRUE,-1.32361040198252,"standard",2,"recursive_gamma_poisson","recruit_size"
"lambda",1.03119869581319,1.02227057817782,0.0167536408544911,0.989886248463697,1.02283545310941,1.05312138804094,TRUE,-0.532906113537899,"standard",2,"recursive_gamma_poisson","lambda"
"survival_50",0.354343693774205,0.43164441336138,0.0354504560476764,0.362144459613655,0.431041451506317,0.503498891272679,FALSE,2.18052821332442,"standard",2,"one_step_poisson","survival"
"survival_80",0.589040434058665,0.62078469547429,0.040897646262804,0.54159173854495,0.619854056262456,0.700345992982986,TRUE,0.776187979416703,"standard",2,"one_step_poisson","survival"
"survival_110",0.789181706522253,0.774958920179684,0.0604719033382294,0.645448367938594,0.782319226634575,0.878267907929238,TRUE,-0.235196604661477,"standard",2,"one_step_poisson","survival"
"growth_increment_50",12,10.1995306628447,1.40541243575345,7.49373228657692,10.097155642947,13.2648239047221,TRUE,-1.2810967736955,"standard",2,"one_step_poisson","growth"
"growth_increment_80",8.4,7.82314567924456,1.09342688088877,5.80575043397648,7.7652186151457,9.9941999475313,TRUE,-0.527565519778111,"standard",2,"one_step_poisson","growth"
"growth_increment_110",4.8,5.44691255893186,1.56205034061744,2.4681117458468,5.36594813974367,8.58045119982329,TRUE,0.41414322068273,"standard",2,"one_step_poisson","growth"
"growth_sd.log_growth_sd",4.5,8.21653896734093,0.81024051006665,6.64410813311131,8.18401018210481,9.82104626936455,FALSE,4.58695772571926,"standard",2,"one_step_poisson","growth"
"recruitment_50",0.019387103915861,0.546089635375195,0.0394685331116493,0.469512624466332,0.544088234269658,0.620462928689273,FALSE,13.3448722294641,"standard",2,"one_step_poisson","recruitment"
"recruitment_80",0.183939720585721,0.0776692569571415,0.0492388920246501,0.0251604659852645,0.0638903997381232,0.200842187705624,TRUE,-2.15826269151991,"standard",2,"one_step_poisson","recruitment"
"recruitment_110",1.74517147873092,0.0147409694539143,0.0225660544679857,0.00121598397515782,0.00758155530046788,0.0664726026685285,FALSE,-76.6829004925054,"standard",2,"one_step_poisson","recruitment"
"recruit_mean_50",44,45.2510053663528,0.250779894895717,44.7964292968818,45.2473051262369,45.7443937087745,FALSE,4.98845956879024,"standard",2,"one_step_poisson","recruit_size"
"recruit_mean_80",44.6,44.5649250296993,2.01857802901056,40.8535683473823,44.5619412138487,48.635804572441,TRUE,-0.0173760785050636,"standard",2,"one_step_poisson","recruit_size"
"recruit_mean_110",45.2,43.878844693046,3.85749134924908,36.6425345372865,43.8736708753791,51.6349153720314,TRUE,-0.342490802270028,"standard",2,"one_step_poisson","recruit_size"
"recruit_sd.log_recruit_sd",3.5,3.15151784431537,0.204508399950611,2.78534824845872,3.13348819296238,3.58056726434953,TRUE,-1.70399922824096,"standard",2,"one_step_poisson","recruit_size"
"lambda",1.03119869581319,1.02640418794257,0.0429192617825961,0.948143426101974,1.02455980207764,1.11025209502314,TRUE,-0.111709933290877,"standard",2,"one_step_poisson","lambda"
"survival_50",0.354343693774205,0.431505062344751,0.0388165170551426,0.357990082726405,0.433720799795775,0.502917719220159,FALSE,1.98784884437034,"standard",2,"one_step_gamma_poisson","survival"
"survival_80",0.589040434058665,0.617499613312438,0.0471437492698343,0.521139249055866,0.61873914668436,0.706879606180628,TRUE,0.603668136169716,"standard",2,"one_step_gamma_poisson","survival"
"survival_110",0.789181706522253,0.769240338454239,0.0693312085709452,0.612638023336919,0.775157737670781,0.88474570981508,TRUE,-0.287624700031129,"standard",2,"one_step_gamma_poisson","survival"
"growth_increment_50",12,10.5847873751817,1.63632836398498,7.56785918355525,10.6731336535698,13.5762638284406,TRUE,-0.864870802197541,"standard",2,"one_step_gamma_poisson","growth"
"growth_increment_80",8.4,8.04685484119604,1.25010947110867,5.46509408511966,8.00419534072886,10.4355840885016,TRUE,-0.282491387326877,"standard",2,"one_step_gamma_poisson","growth"
"growth_increment_110",4.8,5.50892230721035,1.67270007456447,1.98142987935999,5.42870865238795,9.03265340620134,TRUE,0.423819140078017,"standard",2,"one_step_gamma_poisson","growth"
"growth_sd.log_growth_sd",4.5,8.41424595881476,1.0255005201206,6.60335645653368,8.39409895038839,10.6603805018568,FALSE,3.81691269971707,"standard",2,"one_step_gamma_poisson","growth"
"recruitment_50",0.019387103915861,0.558778999293207,0.04528484501164,0.479099158999944,0.555356320931087,0.650607407653776,FALSE,11.9110906803082,"standard",2,"one_step_gamma_poisson","recruitment"
"recruitment_80",0.183939720585721,0.115828764564602,0.0789850542857177,0.0292697122708953,0.0978231980865714,0.333053664744792,TRUE,-0.862327140711169,"standard",2,"one_step_gamma_poisson","recruitment"
"recruitment_110",1.74517147873092,0.034017173604987,0.0537206820162239,0.00168575276613656,0.0166056641566493,0.195725821093676,FALSE,-31.8528030714345,"standard",2,"one_step_gamma_poisson","recruitment"
"recruit_mean_50",44,45.2515286757205,0.275691178468655,44.777271865537,45.2424350217923,45.8053760966427,FALSE,4.5396036342991,"standard",2,"one_step_gamma_poisson","recruit_size"
"recruit_mean_80",44.6,44.7844580512426,1.99044851512551,41.2198948500194,44.6814601097781,48.8027137516593,TRUE,0.0926716013204359,"standard",2,"one_step_gamma_poisson","recruit_size"
"recruit_mean_110",45.2,44.3173874267646,3.86300772599433,37.3015058543167,44.0682122743518,51.9888524518,TRUE,-0.228478076110548,"standard",2,"one_step_gamma_poisson","recruit_size"
"recruit_sd.log_recruit_sd",3.5,3.20244493220104,0.259541971337425,2.7542160648471,3.19212183448619,3.76079427897325,TRUE,-1.14646223216098,"standard",2,"one_step_gamma_poisson","recruit_size"
"lambda",1.03119869581319,1.02062638497328,0.0534813630575451,0.929022215422992,1.01760942786794,1.14403730470345,TRUE,-0.197682150107887,"standard",2,"one_step_gamma_poisson","lambda"
"survival_50",0.354343693774205,0.43969457182662,0.0416211933152503,0.361327361988342,0.439854400534855,0.519086534632701,FALSE,2.05065908144308,"standard",2,"one_step_shared_gamma_poisson","survival"
"survival_80",0.589040434058665,0.644887922657345,0.0545111773757907,0.532976147767912,0.645668524561064,0.746550267567305,TRUE,1.02451444432538,"standard",2,"one_step_shared_gamma_poisson","survival"
"survival_110",0.789181706522253,0.802069538678421,0.0666304939388744,0.644115406264608,0.807013802966498,0.911066375077247,TRUE,0.193422431597022,"standard",2,"one_step_shared_gamma_poisson","survival"
"growth_increment_50",12,9.58660409076661,1.3981304351619,6.77344997493267,9.59873970839173,12.4638392245887,TRUE,-1.72615934002891,"standard",2,"one_step_shared_gamma_poisson","growth"
"growth_increment_80",8.4,7.49810372516652,1.08619232169332,5.44664107079748,7.45249016686057,9.8399041046359,TRUE,-0.830328346850648,"standard",2,"one_step_shared_gamma_poisson","growth"
"growth_increment_110",4.8,5.40960335956644,1.62711837312252,2.34607174120181,5.41149966115217,8.41853826932449,TRUE,0.374652127120035,"standard",2,"one_step_shared_gamma_poisson","growth"
"growth_sd.log_growth_sd",4.5,8.12947333014822,0.847161984276646,6.4661789800067,8.15757544873983,9.79763860563496,FALSE,4.28427313490379,"standard",2,"one_step_shared_gamma_poisson","growth"
"recruitment_50",0.019387103915861,0.551073222888291,0.0419898100499567,0.470580822826786,0.550160308377028,0.628307529383899,FALSE,12.6622654005785,"standard",2,"one_step_shared_gamma_poisson","recruitment"
"recruitment_80",0.183939720585721,0.130709902490923,0.0921233383077596,0.0259779977171469,0.108041830660888,0.348792508021997,TRUE,-0.577810347221365,"standard",2,"one_step_shared_gamma_poisson","recruitment"
"recruitment_110",1.74517147873092,0.0454276226975342,0.0788681199339633,0.00123842738679919,0.0209137351803707,0.21043131788788,FALSE,-21.5517227677874,"standard",2,"one_step_shared_gamma_poisson","recruitment"
"recruit_mean_50",44,45.2326679928286,0.218783533854095,44.788898564958,45.2429973737961,45.6311431196696,FALSE,5.63418997359594,"standard",2,"one_step_shared_gamma_poisson","recruit_size"
"recruit_mean_80",44.6,44.0316158444838,1.81505892537372,40.5558046425389,44.0053339903857,47.5905354105614,TRUE,-0.313149147705583,"standard",2,"one_step_shared_gamma_poisson","recruit_size"
"recruit_mean_110",45.2,42.830563696139,3.57111331457868,35.8744359874397,42.8324927059836,49.8145929458339,TRUE,-0.663500733563391,"standard",2,"one_step_shared_gamma_poisson","recruit_size"
"recruit_sd.log_recruit_sd",3.5,3.07757641589277,0.238176589675738,2.67601498352481,3.06452105514512,3.5803161300632,TRUE,-1.77357306476815,"standard",2,"one_step_shared_gamma_poisson","recruit_size"
"lambda",1.03119869581319,1.02302127883474,0.0666329331654608,0.913309342200939,1.01530873232251,1.18071885070908,TRUE,-0.122723353002425,"standard",2,"one_step_shared_gamma_poisson","lambda"
"survival_50",0.354343693774205,0.388308930196397,0.0103784367865043,0.367207821508856,0.388365416922689,0.40805219314473,FALSE,3.27267363292705,"dense_profiles",2,"recursive_poisson","survival"
"survival_80",0.589040434058665,0.609829952325935,0.00988149561663128,0.58907954488002,0.61004786334341,0.627405409056775,FALSE,2.10388377163061,"dense_profiles",2,"recursive_poisson","survival"
"survival_110",0.789181706522253,0.793502720730583,0.0137005476344458,0.765073147753834,0.793430963756432,0.820586667241404,TRUE,0.315389889778315,"dense_profiles",2,"recursive_poisson","survival"
"growth_increment_50",12,10.8009595618316,0.450081487062079,9.929176937564,10.7833683667771,11.6091698326255,FALSE,-2.66405189423618,"dense_profiles",2,"recursive_poisson","growth"
"growth_increment_80",8.4,7.44459165614773,0.318713690194416,6.84122931351903,7.43168273387708,8.040254777724,FALSE,-2.99770098758379,"dense_profiles",2,"recursive_poisson","growth"
"growth_increment_110",4.8,4.08822375046382,0.284132472332394,3.56010507156571,4.08250539379707,4.63785206598754,FALSE,-2.50508589776219,"dense_profiles",2,"recursive_poisson","growth"
"growth_sd.log_growth_sd",4.5,4.19330122255175,0.340003771772076,3.58694477671446,4.17603103335289,4.98639564538954,TRUE,-0.902045220997855,"dense_profiles",2,"recursive_poisson","growth"
"recruitment_50",0.019387103915861,0.000598950331890557,0.000269798431588537,0.000237059618217451,0.000552654324380143,0.00127494195061799,FALSE,-69.6377420481962,"dense_profiles",2,"recursive_poisson","recruitment"
"recruitment_80",0.183939720585721,0.0228778944013499,0.00596074847993684,0.0136619397077583,0.0222325628945196,0.036810355897795,FALSE,-27.0204030125555,"dense_profiles",2,"recursive_poisson","recruitment"
"recruitment_110",1.74517147873092,0.902848997835325,0.0759703902520488,0.766337349419461,0.899666720201769,1.06297097148784,FALSE,-11.0875102536791,"dense_profiles",2,"recursive_poisson","recruitment"
"recruit_mean_50",44,43.6060844056736,1.53974006198108,40.5848306064408,43.5849462942515,46.6332913737477,TRUE,-0.255832529173504,"dense_profiles",2,"recursive_poisson","recruit_size"
"recruit_mean_80",44.6,44.2379431743017,0.946975035803214,42.4548259085144,44.2126527185651,46.0818268619728,TRUE,-0.382329852435079,"dense_profiles",2,"recursive_poisson","recruit_size"
"recruit_mean_110",45.2,44.8698019429297,0.362179544297577,44.226041428051,44.8730714656171,45.5504735613393,TRUE,-0.911697146537368,"dense_profiles",2,"recursive_poisson","recruit_size"
"recruit_sd.log_recruit_sd",3.5,3.33083077522101,0.0894611727115571,3.15030095931516,3.32642701614154,3.50089596443341,TRUE,-1.8909792891317,"dense_profiles",2,"recursive_poisson","recruit_size"
"lambda",1.03119869581319,1.05232664422269,0.0085384327942934,1.03613900324602,1.05222797743704,1.06756682149365,FALSE,2.47445273840144,"dense_profiles",2,"recursive_poisson","lambda"
"survival_50",0.354343693774205,0.387887975126365,0.0121994390573704,0.362479970906523,0.388728457795258,0.409921027677904,FALSE,2.74965768462072,"dense_profiles",2,"recursive_gamma_poisson","survival"
"survival_80",0.589040434058665,0.611667121665337,0.0105125757172077,0.590062502995517,0.611926561168857,0.632252481794276,FALSE,2.15234479306862,"dense_profiles",2,"recursive_gamma_poisson","survival"
"survival_110",0.789181706522253,0.796283439286806,0.014491640218677,0.768839775968801,0.796622415016393,0.824145428159365,TRUE,0.490057209355812,"dense_profiles",2,"recursive_gamma_poisson","survival"
"growth_increment_50",12,10.8144265456405,0.512307961144317,9.72693019440692,10.8345847823348,11.7361007088397,FALSE,-2.31418120403862,"dense_profiles",2,"recursive_gamma_poisson","growth"
"growth_increment_80",8.4,7.52326398587936,0.36142578880343,6.70174067262942,7.55991406930342,8.1867957080211,FALSE,-2.42577049364198,"dense_profiles",2,"recursive_gamma_poisson","growth"
"growth_increment_110",4.8,4.23210142611825,0.316572557073382,3.57644736551525,4.24867615526599,4.82165800651821,TRUE,-1.79389704253523,"dense_profiles",2,"recursive_gamma_poisson","growth"
"growth_sd.log_growth_sd",4.5,4.3214560138352,0.423133617193853,3.56562755045159,4.28162988469946,5.18483403939126,TRUE,-0.421956514230351,"dense_profiles",2,"recursive_gamma_poisson","growth"
"recruitment_50",0.019387103915861,0.00100250589163346,0.000521055466849178,0.000334325821579835,0.000891007078454108,0.00234107600520129,FALSE,-35.2833799737276,"dense_profiles",2,"recursive_gamma_poisson","recruitment"
"recruitment_80",0.183939720585721,0.0304137786003249,0.00880682247951146,0.0167316150155676,0.0294029395785333,0.0500111670086549,FALSE,-17.432614582906,"dense_profiles",2,"recursive_gamma_poisson","recruitment"
"recruitment_110",1.74517147873092,0.961921781137844,0.085987851850324,0.811913667633485,0.957884259265092,1.1328102929652,FALSE,-9.10884131582274,"dense_profiles",2,"recursive_gamma_poisson","recruitment"
"recruit_mean_50",44,44.1798426385927,1.52302638676386,40.9671636577479,44.1973613598092,46.9975040918119,TRUE,0.118082418108877,"dense_profiles",2,"recursive_gamma_poisson","recruit_size"
"recruit_mean_80",44.6,44.585629653805,0.933056596252622,42.6647967239975,44.6231105118712,46.3616191598831,TRUE,-0.0154013660615718,"dense_profiles",2,"recursive_gamma_poisson","recruit_size"
"recruit_mean_110",45.2,44.9914166690173,0.357580680609786,44.2622399881123,45.0010147800923,45.6528684401167,TRUE,-0.583318233599892,"dense_profiles",2,"recursive_gamma_poisson","recruit_size"
"recruit_sd.log_recruit_sd",3.5,3.35019308166053,0.104179621306543,3.15225899807323,3.34606632888234,3.56316576956793,TRUE,-1.43796758387775,"dense_profiles",2,"recursive_gamma_poisson","recruit_size"
"lambda",1.03119869581319,1.05361381502493,0.00987020825671123,1.03494434302784,1.0532988293526,1.07456034570122,FALSE,2.27098746335929,"dense_profiles",2,"recursive_gamma_poisson","lambda"
"survival_50",0.354343693774205,0.381296665163788,0.0156830788555226,0.351263140934269,0.38189813881959,0.413797140629603,TRUE,1.71860204478234,"dense_profiles",2,"one_step_poisson","survival"
"survival_80",0.589040434058665,0.605045101403242,0.019979579340453,0.566822680831648,0.604603296434522,0.645685134837411,TRUE,0.801051266988995,"dense_profiles",2,"one_step_poisson","survival"
"survival_110",0.789181706522253,0.791113960830273,0.0264948297744409,0.731225024775377,0.790897623514108,0.840291407152126,TRUE,0.0729294856570104,"dense_profiles",2,"one_step_poisson","survival"
"growth_increment_50",12,11.5024111858899,0.6130887410324,10.3073788714955,11.5035888701709,12.7499519982785,TRUE,-0.811609773280507,"dense_profiles",2,"one_step_poisson","growth"
"growth_increment_80",8.4,7.91685130837061,0.471798496846851,6.98818986658243,7.93095877961061,8.83612435554396,TRUE,-1.02405729322665,"dense_profiles",2,"one_step_poisson","growth"
"growth_increment_110",4.8,4.33129143085137,0.565213429470951,3.2438247477755,4.34705395416771,5.41845882323484,TRUE,-0.829259434948943,"dense_profiles",2,"one_step_poisson","growth"
"growth_sd.log_growth_sd",4.5,4.804081459991,0.499205617518014,3.93521760511838,4.77931415448104,5.86171232141731,TRUE,0.609130685473556,"dense_profiles",2,"one_step_poisson","growth"
"recruitment_50",0.019387103915861,0.0054208628405905,0.00150389425355656,0.00312788093734311,0.00525454981615112,0.008847129221822,FALSE,-9.28671749509095,"dense_profiles",2,"one_step_poisson","recruitment"
"recruitment_80",0.183939720585721,0.081690518217358,0.0134646728498001,0.0594465511830872,0.0805957396941494,0.110889807217702,FALSE,-7.59388687040261,"dense_profiles",2,"one_step_poisson","recruitment"
"recruitment_110",1.74517147873092,1.24657521581234,0.0716760854405994,1.11362441647446,1.24176713387556,1.39142485418722,FALSE,-6.95624293449718,"dense_profiles",2,"one_step_poisson","recruitment"
"recruit_mean_50",44,44.4114765208374,1.03901354190086,42.1505916164962,44.3892259122432,46.652228619427,TRUE,0.39602613848964,"dense_profiles",2,"one_step_poisson","recruit_size"
"recruit_mean_80",44.6,44.768410222038,0.618091974016734,43.412595681465,44.7457724718379,46.0851744404541,TRUE,0.272467899790977,"dense_profiles",2,"one_step_poisson","recruit_size"
"recruit_mean_110",45.2,45.1253439232386,0.21444220200085,44.6938551371512,45.115642831231,45.5427210224798,TRUE,-0.348140786024664,"dense_profiles",2,"one_step_poisson","recruit_size"
"recruit_sd.log_recruit_sd",3.5,3.3716308866691,0.0870326156952859,3.20098950340316,3.37025727919055,3.54588917099011,TRUE,-1.47495409974045,"dense_profiles",2,"one_step_poisson","recruit_size"
"lambda",1.03119869581319,1.03038302043007,0.0292054832650838,0.976226789212249,1.03005394160053,1.08453148460963,TRUE,-0.0279288438996259,"dense_profiles",2,"one_step_poisson","lambda"
"survival_50",0.354343693774205,0.378958680309928,0.0169753989978877,0.34577705959137,0.378536605166506,0.41294792168205,TRUE,1.45003876131493,"dense_profiles",2,"one_step_gamma_poisson","survival"
"survival_80",0.589040434058665,0.60622477185626,0.0202038829456513,0.566082231108561,0.607677916613346,0.644461021431905,TRUE,0.850546295671021,"dense_profiles",2,"one_step_gamma_poisson","survival"
"survival_110",0.789181706522253,0.79431840445134,0.0269270653253964,0.73972790383359,0.796276123717086,0.841998763324632,TRUE,0.190763377553916,"dense_profiles",2,"one_step_gamma_poisson","survival"
"growth_increment_50",12,11.5179587323629,0.677329688113924,10.2066662250065,11.5229221676276,12.8868626771885,TRUE,-0.711678929915704,"dense_profiles",2,"one_step_gamma_poisson","growth"
"growth_increment_80",8.4,7.94227461742631,0.518719784736424,6.84215003002195,7.94386826009542,8.95054943194243,TRUE,-0.882413580592984,"dense_profiles",2,"one_step_gamma_poisson","growth"
"growth_increment_110",4.8,4.36659050248968,0.582349463966995,3.15220889995972,4.39110609174889,5.42029992575031,TRUE,-0.744242974927656,"dense_profiles",2,"one_step_gamma_poisson","growth"
"growth_sd.log_growth_sd",4.5,4.80782429687437,0.526931227378533,3.84471591418645,4.79983051986526,5.87241419895754,TRUE,0.584183060104036,"dense_profiles",2,"one_step_gamma_poisson","growth"
"recruitment_50",0.019387103915861,0.00600627119760838,0.00202392591881437,0.00272396004494705,0.00576830549528749,0.0106265247539626,FALSE,-6.61132534242717,"dense_profiles",2,"one_step_gamma_poisson","recruitment"
"recruitment_80",0.183939720585721,0.0859913188329968,0.0170418822705106,0.0546008620152504,0.0852906672548762,0.121293391429739,FALSE,-5.747510761896,"dense_profiles",2,"one_step_gamma_poisson","recruitment"
"recruitment_110",1.74517147873092,1.25481782489298,0.0835980814802936,1.09356763391367,1.25401503554841,1.42013208990641,FALSE,-5.8656089368932,"dense_profiles",2,"one_step_gamma_poisson","recruitment"
"recruit_mean_50",44,44.6492418517234,1.20167878569654,42.2093734454368,44.6113843348104,47.0504386855551,TRUE,0.540279032509587,"dense_profiles",2,"one_step_gamma_poisson","recruit_size"
"recruit_mean_80",44.6,44.9006921983593,0.70578879292879,43.4768551725635,44.8638757428197,46.3718609179192,TRUE,0.426037082724876,"dense_profiles",2,"one_step_gamma_poisson","recruit_size"
"recruit_mean_110",45.2,45.1521425449952,0.233969221370559,44.7146804257534,45.1486482382876,45.674719197438,TRUE,-0.204545942942757,"dense_profiles",2,"one_step_gamma_poisson","recruit_size"
"recruit_sd.log_recruit_sd",3.5,3.3696140375845,0.0981253437727205,3.1759186100107,3.36703955160895,3.5515721056423,TRUE,-1.32876948403366,"dense_profiles",2,"one_step_gamma_poisson","recruit_size"
"lambda",1.03119869581319,1.03186469420803,0.0285378085791451,0.978623364986133,1.03158934038248,1.08990896503078,TRUE,0.0233374049374732,"dense_profiles",2,"one_step_gamma_poisson","lambda"
"survival_50",0.354343693774205,0.375116722712256,0.016297380921167,0.34277550352379,0.374434200545763,0.40779013186195,TRUE,1.27462375939627,"dense_profiles",2,"one_step_shared_gamma_poisson","survival"
"survival_80",0.589040434058665,0.603403163603618,0.0235456001928852,0.555559030345799,0.604311560183352,0.647711516615275,TRUE,0.609996323189637,"dense_profiles",2,"one_step_shared_gamma_poisson","survival"
"survival_110",0.789181706522253,0.792954776150619,0.0295793749966931,0.730563900240175,0.79424943857696,0.847331606286431,TRUE,0.127557449364225,"dense_profiles",2,"one_step_shared_gamma_poisson","survival"
"growth_increment_50",12,11.5077124775473,0.619169459371356,10.3724487178046,11.5226187911208,12.6999970443698,TRUE,-0.795077203828124,"dense_profiles",2,"one_step_shared_gamma_poisson","growth"
"growth_increment_80",8.4,7.90010876757903,0.468794587516437,6.97515169698202,7.88280030305614,8.87054573396348,TRUE,-1.06633319951341,"dense_profiles",2,"one_step_shared_gamma_poisson","growth"
"growth_increment_110",4.8,4.2925050576108,0.529546177446555,3.35072960908485,4.27223692191024,5.43061587220388,TRUE,-0.958358239570939,"dense_profiles",2,"one_step_shared_gamma_poisson","growth"
"growth_sd.log_growth_sd",4.5,4.74966967181679,0.511407562170871,3.85241250616158,4.72627358625548,5.7820072826775,TRUE,0.4882009776253,"dense_profiles",2,"one_step_shared_gamma_poisson","growth"
"recruitment_50",0.019387103915861,0.00650751366950413,0.0022022912757348,0.00334900480215552,0.00614448877326288,0.0123948178520896,FALSE,-5.8482682959635,"dense_profiles",2,"one_step_shared_gamma_poisson","recruitment"
"recruitment_80",0.183939720585721,0.0902105270662224,0.0175765742018713,0.0608722795973286,0.0887794686620652,0.130262779910096,FALSE,-5.33262013649507,"dense_profiles",2,"one_step_shared_gamma_poisson","recruitment"
"recruitment_110",1.74517147873092,1.27425366678488,0.0806890551192786,1.12555897177212,1.27189653114393,1.42599769180893,FALSE,-5.8362043185399,"dense_profiles",2,"one_step_shared_gamma_poisson","recruitment"
"recruit_mean_50",44,44.4218388589462,1.09480761176491,42.1781124362097,44.4792451970482,46.5161653071403,TRUE,0.385308664657721,"dense_profiles",2,"one_step_shared_gamma_poisson","recruit_size"
"recruit_mean_80",44.6,44.7800178915293,0.648046358723801,43.393521853471,44.8167401601887,45.9698785184124,TRUE,0.277785515042129,"dense_profiles",2,"one_step_shared_gamma_poisson","recruit_size"
"recruit_mean_110",45.2,45.1381969241123,0.21866005359697,44.7158480875227,45.1306047437941,45.5299937200774,TRUE,-0.282644565712961,"dense_profiles",2,"one_step_shared_gamma_poisson","recruit_size"
"recruit_sd.log_recruit_sd",3.5,3.36804800535275,0.0872287758643935,3.20377517301051,3.36533158938777,3.53970017506913,TRUE,-1.51271175526281,"dense_profiles",2,"one_step_shared_gamma_poisson","recruit_size"
"lambda",1.03119869581319,1.02582287544852,0.0314132679147134,0.965120562897276,1.02694553547566,1.08712569996511,TRUE,-0.17113215916487,"dense_profiles",2,"one_step_shared_gamma_poisson","lambda"
"survival_50",0.354343693774205,0.356573924275977,0.0145797340147116,0.327959343060555,0.35638761950729,0.384897720780605,TRUE,0.152967845608314,"longer_followup",2,"recursive_poisson","survival"
"survival_80",0.589040434058665,0.613019856985548,0.0124874081556304,0.589183595193536,0.613521516785802,0.637257487793545,FALSE,1.92028823179537,"longer_followup",2,"recursive_poisson","survival"
"survival_110",0.789181706522253,0.818909329134265,0.0132594790980471,0.79243993460366,0.819700570219336,0.844392080650424,FALSE,2.24199023145567,"longer_followup",2,"recursive_poisson","survival"
"growth_increment_50",12,12.0267377281395,0.624954048528922,10.8334958137338,12.0259182686956,13.1722844970228,TRUE,0.04278351056754,"longer_followup",2,"recursive_poisson","growth"
"growth_increment_80",8.4,8.66940339248607,0.413694721311961,7.84986875448794,8.66769276001388,9.45778027680526,TRUE,0.651213028853035,"longer_followup",2,"recursive_poisson","growth"
"growth_increment_110",4.8,5.31206905683271,0.297181980178161,4.7775408799792,5.2992899405636,5.91155593427092,TRUE,1.72308245784528,"longer_followup",2,"recursive_poisson","growth"
"growth_sd.log_growth_sd",4.5,5.0764035095649,0.470093858900091,4.23985016949076,5.05102787257965,6.13813556027998,TRUE,1.22614558487012,"longer_followup",2,"recursive_poisson","growth"
"recruitment_50",0.019387103915861,0.0756135521219963,0.0133110095081724,0.0527470046929284,0.0744609060707023,0.102383732786932,FALSE,4.22405589685852,"longer_followup",2,"recursive_poisson","recruitment"
"recruitment_80",0.183939720585721,0.390067245273903,0.0369177914054999,0.320468136065104,0.3878466233149,0.46930067178792,FALSE,5.58341972368026,"longer_followup",2,"recursive_poisson","recruitment"
"recruitment_110",1.74517147873092,2.02696562114176,0.0841610266481574,1.86879013511534,2.02798358568057,2.18842220455352,FALSE,3.34827358498024,"longer_followup",2,"recursive_poisson","recruitment"
"recruit_mean_50",44,44.8513445056836,0.725807797870406,43.4921054590237,44.8531364341124,46.2244091288665,TRUE,1.1729613655041,"longer_followup",2,"recursive_poisson","recruit_size"
"recruit_mean_80",44.6,45.1338004878297,0.415518650638773,44.3142770488468,45.1403419593293,45.9034082557348,TRUE,1.28466071741682,"longer_followup",2,"recursive_poisson","recruit_size"
"recruit_mean_110",45.2,45.4162564699758,0.146056757439736,45.1374135783562,45.4223344945536,45.7201710579537,TRUE,1.4806331029566,"longer_followup",2,"recursive_poisson","recruit_size"
"recruit_sd.log_recruit_sd",3.5,3.51849258857861,0.101740128922589,3.32752275684009,3.51770116836505,3.72503937170888,TRUE,0.181762975675782,"longer_followup",2,"recursive_poisson","recruit_size"
"lambda",1.03119869581319,1.05617276550697,0.00523481650168042,1.04577477274293,1.05592770508945,1.0668859883292,FALSE,4.7707631558365,"longer_followup",2,"recursive_poisson","lambda"
"survival_50",0.354343693774205,0.35107539223501,0.016491245800114,0.320145611590386,0.350608817798127,0.384284651843831,TRUE,-0.198184029200023,"longer_followup",2,"recursive_gamma_poisson","survival"
"survival_80",0.589040434058665,0.607394380090109,0.0139267407006236,0.580098373737251,0.606992427916778,0.635175570423456,TRUE,1.31789242192336,"longer_followup",2,"recursive_gamma_poisson","survival"
"survival_110",0.789181706522253,0.815437321699399,0.0142466283566016,0.78644794128204,0.81565185733436,0.84096157951684,TRUE,1.84293536126251,"longer_followup",2,"recursive_gamma_poisson","survival"
"growth_increment_50",12,12.0396920965761,0.644528956461283,10.8485351054931,11.9995547359992,13.3467641990102,TRUE,0.061583108374183,"longer_followup",2,"recursive_gamma_poisson","growth"
"growth_increment_80",8.4,8.55939684383239,0.43223602351734,7.81120932289111,8.54012354905688,9.44144769161362,TRUE,0.368772696304427,"longer_followup",2,"recursive_gamma_poisson","growth"
"growth_increment_110",4.8,5.07910159108873,0.342256090147107,4.45800924690694,5.0719433412943,5.75783500962609,TRUE,0.81547589399728,"longer_followup",2,"recursive_gamma_poisson","growth"
"growth_sd.log_growth_sd",4.5,5.3225775326104,0.529457607052524,4.40108750134567,5.29013520435416,6.34689782881787,TRUE,1.55362303167135,"longer_followup",2,"recursive_gamma_poisson","growth"
"recruitment_50",0.019387103915861,0.0738700478641315,0.0172305404612246,0.0473304251794542,0.0709966210350053,0.110073762098157,FALSE,3.16199854966118,"longer_followup",2,"recursive_gamma_poisson","recruitment"
"recruitment_80",0.183939720585721,0.394031620095983,0.0498981771892877,0.307433820974647,0.388058736601429,0.498898364778204,FALSE,4.21041231051952,"longer_followup",2,"recursive_gamma_poisson","recruitment"
"recruitment_110",1.74517147873092,2.12803569178222,0.12631889190845,1.9086397435996,2.11465392799797,2.38392693372796,FALSE,3.03093391073116,"longer_followup",2,"recursive_gamma_poisson","recruitment"
"recruit_mean_50",44,44.8572540793206,0.917806434305644,42.9537142656882,44.8212464092812,46.4602020563435,TRUE,0.934024917758566,"longer_followup",2,"recursive_gamma_poisson","recruit_size"
"recruit_mean_80",44.6,45.1429354071934,0.523484050224908,44.1616413990418,45.1264527137922,46.1035831906323,TRUE,1.03715749689063,"longer_followup",2,"recursive_gamma_poisson","recruit_size"
"recruit_mean_110",45.2,45.4286167350662,0.185895043862387,45.0652581236292,45.433153991382,45.781591757008,TRUE,1.22981619260094,"longer_followup",2,"recursive_gamma_poisson","recruit_size"
"recruit_sd.log_recruit_sd",3.5,3.50952520392519,0.125744116394515,3.24818836958976,3.50897816418532,3.73082463727622,TRUE,0.075750692742578,"longer_followup",2,"recursive_gamma_poisson","recruit_size"
"lambda",1.03119869581319,1.05070096294901,0.00632961601575264,1.03994800972716,1.05041802034324,1.06370857838011,FALSE,3.08111378119707,"longer_followup",2,"recursive_gamma_poisson","lambda"
"survival_50",0.354343693774205,0.44411456068821,0.0220652213982833,0.399312298291317,0.443797668555141,0.485722220626257,FALSE,4.06843263856803,"longer_followup",2,"one_step_poisson","survival"
"survival_80",0.589040434058665,0.600864565515946,0.0277226107838268,0.544889789576148,0.602528407604045,0.652341124733968,TRUE,0.426515797861988,"longer_followup",2,"one_step_poisson","survival"
"survival_110",0.789181706522253,0.737800422265358,0.0422418975112124,0.641228471757055,0.739547513110766,0.809290168433512,TRUE,-1.21635833814654,"longer_followup",2,"one_step_poisson","survival"
"growth_increment_50",12,10.2280348612278,0.825027280614059,8.52445294237333,10.2856096646499,11.7205351359675,FALSE,-2.14776551080024,"longer_followup",2,"one_step_poisson","growth"
"growth_increment_80",8.4,7.73088800879983,0.774182582469361,6.16611077969494,7.73755247164736,9.22169475600374,TRUE,-0.864281897257287,"longer_followup",2,"one_step_poisson","growth"
"growth_increment_110",4.8,5.23374115637186,1.05526399272617,3.26972039265935,5.17858884593923,7.37781837936522,TRUE,0.411026207054907,"longer_followup",2,"one_step_poisson","growth"
"growth_sd.log_growth_sd",4.5,7.86179371852946,0.41824363415833,7.06407356574328,7.86706239970078,8.66526421151656,FALSE,8.03788376909719,"longer_followup",2,"one_step_poisson","growth"
"recruitment_50",0.019387103915861,0.138170647483075,0.0245579870799925,0.098341824767912,0.136508468540835,0.194981405016232,FALSE,4.83685992586858,"longer_followup",2,"one_step_poisson","recruitment"
"recruitment_80",0.183939720585721,0.542584181634207,0.0486543420906015,0.462161016503104,0.54018798160063,0.645496779963178,FALSE,7.37127346991226,"longer_followup",2,"one_step_poisson","recruitment"
"recruitment_110",1.74517147873092,2.1479052223316,0.080946801230931,1.98803159025554,2.14941668668566,2.2959224665401,FALSE,4.97528917111532,"longer_followup",2,"one_step_poisson","recruitment"
"recruit_mean_50",44,45.2858133039754,0.606666312289148,44.1330984398938,45.2797341329374,46.485977849163,FALSE,2.11947371714714,"longer_followup",2,"one_step_poisson","recruit_size"
"recruit_mean_80",44.6,45.3334963868906,0.291997727432453,44.7933901076494,45.3302853074797,45.9212354217823,FALSE,2.51199347796374,"longer_followup",2,"one_step_poisson","recruit_size"
"recruit_mean_110",45.2,45.3811794698056,0.126636225597449,45.143933369175,45.3784629583157,45.6147752135619,TRUE,1.43070806912355,"longer_followup",2,"one_step_poisson","recruit_size"
"recruit_sd.log_recruit_sd",3.5,3.3539050948191,0.110526578935164,3.16008438692083,3.3527975092126,3.56856630168259,TRUE,-1.3218078998591,"longer_followup",2,"one_step_poisson","recruit_size"
"lambda",1.03119869581319,1.01011794800686,0.0369510115529309,0.931429560182953,1.0110777801947,1.08159442158505,TRUE,-0.570505296617668,"longer_followup",2,"one_step_poisson","lambda"
"survival_50",0.354343693774205,0.432460834637035,0.0250344243399951,0.381423729331471,0.432220417335161,0.484067340847774,FALSE,3.12038894131991,"longer_followup",2,"one_step_gamma_poisson","survival"
"survival_80",0.589040434058665,0.597270437115996,0.0299559961391566,0.535683900996843,0.597307764140741,0.655662072497326,TRUE,0.274736417346937,"longer_followup",2,"one_step_gamma_poisson","survival"
"survival_110",0.789181706522253,0.740978783027012,0.0437984614271544,0.650071473417892,0.743445507002523,0.814548640594466,TRUE,-1.10056202717102,"longer_followup",2,"one_step_gamma_poisson","survival"
"growth_increment_50",12,10.6692295238062,0.921073955712375,8.91392475260646,10.6021911785812,12.4515384821556,TRUE,-1.44480306705072,"longer_followup",2,"one_step_gamma_poisson","growth"
"growth_increment_80",8.4,7.97180633289253,0.847476095425176,6.45325792562718,7.94418750820291,9.60913550602918,TRUE,-0.505257516311003,"longer_followup",2,"one_step_gamma_poisson","growth"
"growth_increment_110",4.8,5.27438314197885,1.10340155756309,3.25189820160625,5.31942685675925,7.28809414827131,TRUE,0.429927924903914,"longer_followup",2,"one_step_gamma_poisson","growth"
"growth_sd.log_growth_sd",4.5,7.86020725398923,0.458830423402734,6.99997724361221,7.86858447202843,8.75382889412119,FALSE,7.32341859345243,"longer_followup",2,"one_step_gamma_poisson","growth"
"recruitment_50",0.019387103915861,0.134208482955866,0.0332924845236936,0.0829418947915701,0.128573344172998,0.212272288967234,FALSE,3.44886783557078,"longer_followup",2,"one_step_gamma_poisson","recruitment"
"recruitment_80",0.183939720585721,0.53942927130005,0.0642257838371806,0.427943875417285,0.533160018958628,0.67312435686752,FALSE,5.53499746481155,"longer_followup",2,"one_step_gamma_poisson","recruitment"
"recruitment_110",1.74517147873092,2.20534510154791,0.116768168978075,1.99706932197253,2.20121418665267,2.43507975744138,FALSE,3.94091666285694,"longer_followup",2,"one_step_gamma_poisson","recruitment"
"recruit_mean_50",44,45.4781281150655,0.782046317737902,43.7628793893802,45.5476853879849,46.8605492616082,TRUE,1.89007745646197,"longer_followup",2,"one_step_gamma_poisson","recruit_size"
"recruit_mean_80",44.6,45.429179024975,0.389170376604242,44.5538941818046,45.4668617124544,46.1136075901406,TRUE,2.13063242945184,"longer_followup",2,"one_step_gamma_poisson","recruit_size"
"recruit_mean_110",45.2,45.3802299348844,0.17377783415869,45.0480820695912,45.3855798627022,45.7264386121601,TRUE,1.03712844481571,"longer_followup",2,"one_step_gamma_poisson","recruit_size"
"recruit_sd.log_recruit_sd",3.5,3.37450983509927,0.139294654695282,3.09265263494255,3.37167891764523,3.667284169139,TRUE,-0.900897203666902,"longer_followup",2,"one_step_gamma_poisson","recruit_size"
"lambda",1.03119869581319,1.01699451388473,0.0358038383084939,0.950120715949644,1.01776741824865,1.09126145746065,TRUE,-0.396722323625553,"longer_followup",2,"one_step_gamma_poisson","lambda"
"survival_50",0.354343693774205,0.429930009196209,0.0262918592959901,0.378775853149361,0.430911129487625,0.482662497609445,FALSE,2.87489426179656,"longer_followup",2,"one_step_shared_gamma_poisson","survival"
"survival_80",0.589040434058665,0.613403030271438,0.036228815547274,0.540936417098196,0.613366255654748,0.682033698715019,TRUE,0.67246460710212,"longer_followup",2,"one_step_shared_gamma_poisson","survival"
"survival_110",0.789181706522253,0.767285235541544,0.0466996986533881,0.672552717731612,0.769295848242351,0.852449105055276,TRUE,-0.468878207185611,"longer_followup",2,"one_step_shared_gamma_poisson","survival"
"growth_increment_50",12,10.406554661723,0.814587064522872,8.93642030865056,10.3584634266234,12.1321507716103,TRUE,-1.95613876978309,"longer_followup",2,"one_step_shared_gamma_poisson","growth"
"growth_increment_80",8.4,7.76544660464361,0.764664029379333,6.20610686440333,7.72800919618827,9.349784215881,TRUE,-0.829846012073361,"longer_followup",2,"one_step_shared_gamma_poisson","growth"
"growth_increment_110",4.8,5.12433854756422,1.06993338732335,3.00608211598177,5.1806487893825,7.34508806107048,TRUE,0.303139009780427,"longer_followup",2,"one_step_shared_gamma_poisson","growth"
"growth_sd.log_growth_sd",4.5,7.79184583024217,0.451237248876231,6.96522294913573,7.7672866315617,8.61005333207408,FALSE,7.29515534996333,"longer_followup",2,"one_step_shared_gamma_poisson","growth"
"recruitment_50",0.019387103915861,0.11974431634846,0.0264318428923422,0.0744425399798337,0.117616078337089,0.182157985193864,FALSE,3.79682993884904,"longer_followup",2,"one_step_shared_gamma_poisson","recruitment"
"recruitment_80",0.183939720585721,0.5150664534707,0.0571963473280762,0.406710971635997,0.510961215654236,0.635671669633392,FALSE,5.78929858904535,"longer_followup",2,"one_step_shared_gamma_poisson","recruitment"
"recruitment_110",1.74517147873092,2.24463436789402,0.117976808397877,2.02946397787433,2.23723841974121,2.48970431015829,FALSE,4.23356841014603,"longer_followup",2,"one_step_shared_gamma_poisson","recruitment"
"recruit_mean_50",44,45.269468562383,0.634622594418904,44.0620047209552,45.2824103703309,46.5389791025466,FALSE,2.00035197855726,"longer_followup",2,"one_step_shared_gamma_poisson","recruit_size"
"recruit_mean_80",44.6,45.3428494922216,0.32632582690159,44.7232382950189,45.366811663652,46.0379435458401,FALSE,2.27640422848174,"longer_followup",2,"one_step_shared_gamma_poisson","recruit_size"
"recruit_mean_110",45.2,45.4162304220602,0.122406461583165,45.1987576479801,45.4088525551143,45.6693075721016,TRUE,1.76649516098663,"longer_followup",2,"one_step_shared_gamma_poisson","recruit_size"
"recruit_sd.log_recruit_sd",3.5,3.40053176891786,0.114611394993742,3.20071883625344,3.39607099133875,3.63786142232754,TRUE,-0.867873836520143,"longer_followup",2,"one_step_shared_gamma_poisson","recruit_size"
"lambda",1.03119869581319,1.03535684201284,0.0483567236699574,0.937807609733914,1.03398098088738,1.12599722043796,TRUE,0.0859889976836239,"longer_followup",2,"one_step_shared_gamma_poisson","lambda"
"survival_50",0.354343693774205,0.350760307293228,0.0163633469095729,0.318072428635082,0.350426875647873,0.382248156390295,TRUE,-0.218988603051632,"diverse_initial",2,"recursive_poisson","survival"
"survival_80",0.589040434058665,0.566510002679181,0.0147343376888818,0.53929874381516,0.566834986232101,0.594420452309303,TRUE,-1.52911056168375,"diverse_initial",2,"recursive_poisson","survival"
"survival_110",0.789181706522253,0.759431698712921,0.0184468422983491,0.720601538656117,0.760499083321445,0.791700749786425,TRUE,-1.61274256743626,"diverse_initial",2,"recursive_poisson","survival"
"growth_increment_50",12,12.2032447208518,0.437637941998835,11.3068316021682,12.2065063560637,13.0101905788515,TRUE,0.464412934407619,"diverse_initial",2,"recursive_poisson","growth"
"growth_increment_80",8.4,8.43037189006683,0.325294110404352,7.77728851109375,8.4489881756054,9.0062194396298,TRUE,0.0933674760636602,"diverse_initial",2,"recursive_poisson","growth"
"growth_increment_110",4.8,4.65749905928186,0.326223377918412,4.01534832068908,4.65571151042975,5.26455324062268,TRUE,-0.4368201372551,"diverse_initial",2,"recursive_poisson","growth"
"growth_sd.log_growth_sd",4.5,4.60382281960965,0.401723289002367,3.87605915324608,4.58385997625222,5.4413247299491,TRUE,0.258443616419346,"diverse_initial",2,"recursive_poisson","growth"
"recruitment_50",0.019387103915861,0.00618204021851039,0.00296056072432928,0.00239537700302233,0.00551910894988721,0.0134293872007878,FALSE,-4.46032523124221,"diverse_initial",2,"recursive_poisson","recruitment"
"recruitment_80",0.183939720585721,0.0961015846201495,0.0260709651689878,0.0559102059337308,0.0922757385091201,0.158130843330445,FALSE,-3.36919386743909,"diverse_initial",2,"recursive_poisson","recruitment"
"recruitment_110",1.74517147873092,1.54518918287195,0.141846483693653,1.28363604944796,1.53767766731775,1.86142459010803,TRUE,-1.40985021730168,"diverse_initial",2,"recursive_poisson","recruitment"
"recruit_mean_50",44,44.3373700847587,1.53586582779519,41.1899601315675,44.3465137214321,47.3017255550013,TRUE,0.219661170040517,"diverse_initial",2,"recursive_poisson","recruit_size"
"recruit_mean_80",44.6,44.8203081210043,0.948463683977443,42.8879115758803,44.8336490705782,46.6309331049425,TRUE,0.232278920875987,"diverse_initial",2,"recursive_poisson","recruit_size"
"recruit_mean_110",45.2,45.30324615725,0.374168113992221,44.5848080362253,45.2935789292004,46.0267873200205,TRUE,0.275935210374739,"diverse_initial",2,"recursive_poisson","recruit_size"
"recruit_sd.log_recruit_sd",3.5,3.57133917199602,0.109589881300397,3.36548143196491,3.56303183404668,3.79036074982345,TRUE,0.650964953602552,"diverse_initial",2,"recursive_poisson","recruit_size"
"lambda",1.03119869581319,1.02252784095275,0.0136169921531087,0.996693713237996,1.02347117340772,1.04703126292053,TRUE,-0.636767265703956,"diverse_initial",2,"recursive_poisson","lambda"
"survival_50",0.354343693774205,0.357000456286056,0.0186247098085013,0.317075205726726,0.35774194499112,0.394362110156745,TRUE,0.142647189629703,"diverse_initial",2,"recursive_gamma_poisson","survival"
"survival_80",0.589040434058665,0.570886511753499,0.015047041432467,0.542457062419276,0.571696764488624,0.601133060574505,TRUE,-1.20647785723483,"diverse_initial",2,"recursive_gamma_poisson","survival"
"survival_110",0.789181706522253,0.760955385159567,0.0192138460328692,0.722414023884629,0.762863349297297,0.799447647122209,TRUE,-1.46906149421617,"diverse_initial",2,"recursive_gamma_poisson","survival"
"growth_increment_50",12,12.3293891479493,0.467295258360601,11.4524990577574,12.3222736251949,13.1759671163927,TRUE,0.70488442169272,"diverse_initial",2,"recursive_gamma_poisson","growth"
"growth_increment_80",8.4,8.55289083647094,0.35096809418327,7.90590316032692,8.55282585059741,9.18273064128038,TRUE,0.435626026994639,"diverse_initial",2,"recursive_gamma_poisson","growth"
"growth_increment_110",4.8,4.77639252499263,0.355995355293007,4.09294199567963,4.80082115888978,5.44977007720657,TRUE,-0.0663139972372268,"diverse_initial",2,"recursive_gamma_poisson","growth"
"growth_sd.log_growth_sd",4.5,4.57947099715164,0.393563913104057,3.82104325294597,4.5589316044656,5.39315488055587,TRUE,0.20192653468874,"diverse_initial",2,"recursive_gamma_poisson","growth"
"recruitment_50",0.019387103915861,0.00877900037113192,0.00476911713914271,0.00290209156474355,0.00788097198539127,0.0194679523678142,TRUE,-2.22433277171212,"diverse_initial",2,"recursive_gamma_poisson","recruitment"
"recruitment_80",0.183939720585721,0.116064728512062,0.03512323734517,0.0628288161192077,0.112222301755829,0.190875869962939,TRUE,-1.93248109240685,"diverse_initial",2,"recursive_gamma_poisson","recruitment"
"recruitment_110",1.74517147873092,1.60290944842823,0.162121192837274,1.3057180537582,1.60180095257619,1.91899411096683,TRUE,-0.877504216524482,"diverse_initial",2,"recursive_gamma_poisson","recruitment"
"recruit_mean_50",44,44.5572152554753,1.65501925431618,41.4253697977138,44.4793438333857,47.8254650379993,TRUE,0.336682038001771,"diverse_initial",2,"recursive_gamma_poisson","recruit_size"
"recruit_mean_80",44.6,44.9354031102418,1.01461950694464,43.0104925589259,44.874671935365,47.03199158917,TRUE,0.330570334934552,"diverse_initial",2,"recursive_gamma_poisson","recruit_size"
"recruit_mean_110",45.2,45.3135909650083,0.391626754070768,44.6028505654612,45.2886688703969,46.0938854182905,TRUE,0.29004904243032,"diverse_initial",2,"recursive_gamma_poisson","recruit_size"
"recruit_sd.log_recruit_sd",3.5,3.57104960663484,0.124799601616638,3.31400974059987,3.57731784750535,3.79684885338979,TRUE,0.569309562806885,"diverse_initial",2,"recursive_gamma_poisson","recruit_size"
"lambda",1.03119869581319,1.02423576502981,0.0153667156834648,0.994390763081538,1.02452396276557,1.05312583769054,TRUE,-0.453117694555399,"diverse_initial",2,"recursive_gamma_poisson","lambda"
"survival_50",0.354343693774205,0.350025607759878,0.0217192749549678,0.309714763889696,0.350218397726284,0.393770195979101,TRUE,-0.198813543420758,"diverse_initial",2,"one_step_poisson","survival"
"survival_80",0.589040434058665,0.55247235560308,0.0315548535939114,0.482421305973774,0.55252719428341,0.607819347874471,TRUE,-1.15887333613366,"diverse_initial",2,"one_step_poisson","survival"
"survival_110",0.789181706522253,0.73702346827421,0.0452582290161968,0.640782181405306,0.739777467225019,0.811204122852536,TRUE,-1.15245866623231,"diverse_initial",2,"one_step_poisson","survival"
"growth_increment_50",12,12.1573155743736,0.671180035537023,10.8036756248797,12.177091201194,13.529575982929,TRUE,0.234386552108541,"diverse_initial",2,"one_step_poisson","growth"
"growth_increment_80",8.4,8.24014834744548,0.570355242248688,7.14366642717155,8.24952456972425,9.43965366330298,TRUE,-0.280266824451873,"diverse_initial",2,"one_step_poisson","growth"
"growth_increment_110",4.8,4.32298112051735,0.776813188984083,2.88227989671329,4.32590426603542,5.91837943118665,TRUE,-0.614071550595707,"diverse_initial",2,"one_step_poisson","growth"
"growth_sd.log_growth_sd",4.5,5.38519871716394,0.495715335609685,4.50040139089658,5.37249862358287,6.39217874949247,FALSE,1.78569968200645,"diverse_initial",2,"one_step_poisson","growth"
"recruitment_50",0.019387103915861,0.0210864843636203,0.00689613087490097,0.0100875399080431,0.0203574312610404,0.0357938732949009,TRUE,0.246425202564582,"diverse_initial",2,"one_step_poisson","recruitment"
"recruitment_80",0.183939720585721,0.194158916926543,0.0379371261737139,0.12737763475124,0.193140845875443,0.270045725062566,TRUE,0.269371915364085,"diverse_initial",2,"one_step_poisson","recruitment"
"recruitment_110",1.74517147873092,1.81836557169126,0.127227130010323,1.5860734338586,1.81167127898917,2.05411833592177,TRUE,0.57530255500067,"diverse_initial",2,"one_step_poisson","recruitment"
"recruit_mean_50",44,44.849544011367,1.69778223769311,41.893326851566,44.886638445627,48.3010970772469,TRUE,0.500384556102623,"diverse_initial",2,"one_step_poisson","recruit_size"
"recruit_mean_80",44.6,45.1669703473241,1.01286120206831,43.3584637603891,45.2010647732658,47.1419105326993,TRUE,0.55977101913502,"diverse_initial",2,"one_step_poisson","recruit_size"
"recruit_mean_110",45.2,45.4843966832812,0.344324340499383,44.8604251339406,45.4917512932828,46.1888065034573,TRUE,0.825955791765292,"diverse_initial",2,"one_step_poisson","recruit_size"
"recruit_sd.log_recruit_sd",3.5,3.60358252075475,0.115057483766924,3.38645140388352,3.60012172773074,3.85086414249903,TRUE,0.900267565077158,"diverse_initial",2,"one_step_poisson","recruit_size"
"lambda",1.03119869581319,0.976487973880797,0.0482480076270503,0.864357656803545,0.979340138323718,1.064755506639,TRUE,-1.13394779646242,"diverse_initial",2,"one_step_poisson","lambda"
"survival_50",0.354343693774205,0.351574307617325,0.0236521047136923,0.304101976315844,0.351129627568952,0.395870503467824,TRUE,-0.117088360228535,"diverse_initial",2,"one_step_gamma_poisson","survival"
"survival_80",0.589040434058665,0.554288950733962,0.0320234864003892,0.493192241202976,0.554504008016024,0.615209831188469,TRUE,-1.08518738060579,"diverse_initial",2,"one_step_gamma_poisson","survival"
"survival_110",0.789181706522253,0.738613998840409,0.0446532279577272,0.645915142252578,0.739499401938994,0.818411758201332,TRUE,-1.13245357602625,"diverse_initial",2,"one_step_gamma_poisson","survival"
"growth_increment_50",12,12.2846242612592,0.710507158705365,10.9204831757588,12.2891770543003,13.6432987816947,TRUE,0.400593094343792,"diverse_initial",2,"one_step_gamma_poisson","growth"
"growth_increment_80",8.4,8.3264386947436,0.593913776821074,7.15009535179951,8.31656714881277,9.55380576118717,TRUE,-0.123858560160259,"diverse_initial",2,"one_step_gamma_poisson","growth"
"growth_increment_110",4.8,4.36825312822801,0.801830171638265,2.63445099495196,4.36017944391813,5.8652423242597,TRUE,-0.53845176577711,"diverse_initial",2,"one_step_gamma_poisson","growth"
"growth_sd.log_growth_sd",4.5,5.45459792188597,0.516908832164923,4.52028457703269,5.41971482923517,6.4659960666255,FALSE,1.84674329879006,"diverse_initial",2,"one_step_gamma_poisson","growth"
"recruitment_50",0.019387103915861,0.0189846022035443,0.0079466366198493,0.00731094344272837,0.0175853208898512,0.0406752152020196,TRUE,-0.0506505747741516,"diverse_initial",2,"one_step_gamma_poisson","recruitment"
"recruitment_80",0.183939720585721,0.178305812271823,0.0442360118479867,0.103917942454047,0.173896079598552,0.281295420633395,TRUE,-0.127360222554844,"diverse_initial",2,"one_step_gamma_poisson","recruitment"
"recruitment_110",1.74517147873092,1.72114034728202,0.155750068449046,1.44075793175776,1.70703465246992,2.05755730352517,TRUE,-0.154292910996424,"diverse_initial",2,"one_step_gamma_poisson","recruitment"
"recruit_mean_50",44,44.4849501623059,1.76424400425775,41.1482931395206,44.5341826091601,48.1186347205441,TRUE,0.274877035792963,"diverse_initial",2,"one_step_gamma_poisson","recruit_size"
"recruit_mean_80",44.6,44.9348311280622,1.05877294889816,42.9116358326917,44.9422315650093,47.090942144099,TRUE,0.316244505878818,"diverse_initial",2,"one_step_gamma_poisson","recruit_size"
"recruit_mean_110",45.2,45.3847120938185,0.384120228811703,44.5931892088719,45.38477012788,46.1356306692502,TRUE,0.480870519081655,"diverse_initial",2,"one_step_gamma_poisson","recruit_size"
"recruit_sd.log_recruit_sd",3.5,3.59373839051033,0.141738055736221,3.33424624818283,3.59310407474483,3.88156566491441,TRUE,0.66134948742901,"diverse_initial",2,"one_step_gamma_poisson","recruit_size"
"lambda",1.03119869581319,0.98035467911978,0.0472773550157566,0.879496268841189,0.982340936433312,1.06904752567581,TRUE,-1.07544122712591,"diverse_initial",2,"one_step_gamma_poisson","lambda"
"survival_50",0.354343693774205,0.351970093952228,0.0267659908797411,0.301411551823078,0.352646582092994,0.4020927947474,TRUE,-0.0886796918014778,"diverse_initial",2,"one_step_shared_gamma_poisson","survival"
"survival_80",0.589040434058665,0.541908766833969,0.0371551524725291,0.463825540654822,0.54007998819781,0.612717161909426,TRUE,-1.26850958987568,"diverse_initial",2,"one_step_shared_gamma_poisson","survival"
"survival_110",0.789181706522253,0.718451718634854,0.0507203886339139,0.612602791372218,0.720674349852907,0.802611213877548,TRUE,-1.39450800343642,"diverse_initial",2,"one_step_shared_gamma_poisson","survival"
"growth_increment_50",12,12.0024244817426,0.640945186535021,10.7474315783095,11.9891235300873,13.3123441054166,TRUE,0.00378266627718383,"diverse_initial",2,"one_step_shared_gamma_poisson","growth"
"growth_increment_80",8.4,8.10296013648809,0.556320107930671,7.05521504846101,8.1195685586713,9.19783243455993,TRUE,-0.533936953342924,"diverse_initial",2,"one_step_shared_gamma_poisson","growth"
"growth_increment_110",4.8,4.20349579123356,0.758914965046588,2.63102268292844,4.24423760003578,5.60917579559587,TRUE,-0.785996107916813,"diverse_initial",2,"one_step_shared_gamma_poisson","growth"
"growth_sd.log_growth_sd",4.5,5.55711486904273,0.51664238721622,4.6077992391096,5.53562840458715,6.65752532017271,FALSE,2.04612493128698,"diverse_initial",2,"one_step_shared_gamma_poisson","growth"
"recruitment_50",0.019387103915861,0.0159486684124186,0.00711589965589941,0.00610252558607546,0.0147466642002284,0.0327310896874911,TRUE,-0.483204607950285,"diverse_initial",2,"one_step_shared_gamma_poisson","recruitment"
"recruitment_80",0.183939720585721,0.161729088045587,0.0429298347041321,0.0939782686478506,0.156125993293561,0.256420676186302,TRUE,-0.517370558102713,"diverse_initial",2,"one_step_shared_gamma_poisson","recruitment"
"recruitment_110",1.74517147873092,1.68980979407874,0.168155712573636,1.38521970865572,1.67781777255887,2.01459467831606,TRUE,-0.329228688129984,"diverse_initial",2,"one_step_shared_gamma_poisson","recruitment"
"recruit_mean_50",44,44.4717689369677,1.73305892478184,41.2406971063682,44.4304061196818,47.7306988503489,TRUE,0.272217482176571,"diverse_initial",2,"one_step_shared_gamma_poisson","recruit_size"
"recruit_mean_80",44.6,44.9278136489483,1.04674960130477,43.0286169882175,44.9048110915852,46.8835344599486,TRUE,0.313172938914552,"diverse_initial",2,"one_step_shared_gamma_poisson","recruit_size"
"recruit_mean_110",45.2,45.3838583609288,0.374984796657489,44.6870863703061,45.3785931449474,46.1130321309508,TRUE,0.49030884069865,"diverse_initial",2,"one_step_shared_gamma_poisson","recruit_size"
"recruit_sd.log_recruit_sd",3.5,3.58643476706404,0.114395740948205,3.36548826784291,3.58193336126782,3.81934029616034,TRUE,0.755576792873536,"diverse_initial",2,"one_step_shared_gamma_poisson","recruit_size"
"lambda",1.03119869581319,0.958136042534697,0.0562429009024894,0.83660283026317,0.962734878444854,1.05976128250359,TRUE,-1.29905556267746,"diverse_initial",2,"one_step_shared_gamma_poisson","lambda"
"survival_50",0.354343693774205,0.387837028872969,0.0254183514742006,0.339194750729065,0.388918177369729,0.437006351343914,TRUE,1.31768321532416,"standard",3,"recursive_poisson","survival"
"survival_80",0.589040434058665,0.666776009507142,0.0315602405258156,0.604469590885713,0.667866632760255,0.726795065603618,FALSE,2.46308564679316,"standard",3,"recursive_poisson","survival"
"survival_110",0.789181706522253,0.861067732598982,0.0331555847637114,0.782452141180593,0.863487379618288,0.919369486934543,TRUE,2.16814230812203,"standard",3,"recursive_poisson","survival"
"growth_increment_50",12,10.3459163138985,1.46192910132992,7.5614767254,10.2993004975784,13.1439030973342,TRUE,-1.1314390585677,"standard",3,"recursive_poisson","growth"
"growth_increment_80",8.4,7.92139739871759,0.992529904354905,5.9010199640312,7.96807572254451,9.87760846062319,TRUE,-0.482204716636198,"standard",3,"recursive_poisson","growth"
"growth_increment_110",4.8,5.49687848353666,0.803907314426146,3.87163762701179,5.52376450676504,6.9085385692201,TRUE,0.866864215601905,"standard",3,"recursive_poisson","growth"
"growth_sd.log_growth_sd",4.5,5.83034924855401,0.99700717382085,4.12065018869344,5.7103190715942,7.88382773642878,TRUE,1.33434270433149,"standard",3,"recursive_poisson","growth"
"recruitment_50",0.019387103915861,0.144173712735066,0.0394234009899896,0.0834433013940085,0.139770415846334,0.244117252954144,FALSE,3.16529283840557,"standard",3,"recursive_poisson","recruitment"
"recruitment_80",0.183939720585721,0.458812504571189,0.042825816747224,0.378849370928554,0.457057606054901,0.54555545921549,FALSE,6.41838976727245,"standard",3,"recursive_poisson","recruitment"
"recruitment_110",1.74517147873092,1.51442404862,0.200956939650269,1.142667244088,1.50333219156001,1.91519977478346,TRUE,-1.1482431535457,"standard",3,"recursive_poisson","recruitment"
"recruit_mean_50",44,46.5333121535082,0.944442170787724,44.7396551525285,46.5644223736792,48.4761317983047,FALSE,2.68233697294061,"standard",3,"recursive_poisson","recruit_size"
"recruit_mean_80",44.6,45.5562252997376,0.394512851113322,44.8345657197385,45.5547551561128,46.33338536035,FALSE,2.42381280366192,"standard",3,"recursive_poisson","recruit_size"
"recruit_mean_110",45.2,44.579138445967,0.449731418460383,43.7601895929988,44.5716987314707,45.4949973795784,TRUE,-1.38051630050323,"standard",3,"recursive_poisson","recruit_size"
"recruit_sd.log_recruit_sd",3.5,3.31656539890617,0.240230387793889,2.83704680085484,3.32684599738912,3.78306391654349,TRUE,-0.763577841997298,"standard",3,"recursive_poisson","recruit_size"
"lambda",1.03119869581319,1.04923577162156,0.0153280779066814,1.02136819550374,1.04882456113797,1.08477991776537,TRUE,1.17673435105009,"standard",3,"recursive_poisson","lambda"
"survival_50",0.354343693774205,0.385380080152015,0.0260566633181828,0.336507672792341,0.38656402532091,0.434779084188893,TRUE,1.19111130994862,"standard",3,"recursive_gamma_poisson","survival"
"survival_80",0.589040434058665,0.662012153198403,0.0335838991224601,0.597794036222932,0.664110940488456,0.730697259245323,FALSE,2.17281855432136,"standard",3,"recursive_gamma_poisson","survival"
"survival_110",0.789181706522253,0.857050504125034,0.0355700960829414,0.776885252042838,0.863002128770638,0.913913588272875,TRUE,1.90802963940627,"standard",3,"recursive_gamma_poisson","survival"
"growth_increment_50",12,10.509070563911,1.526871881141,7.38692075438634,10.5861599304732,13.3340701588362,TRUE,-0.97646007795683,"standard",3,"recursive_gamma_poisson","growth"
"growth_increment_80",8.4,7.96614102159766,1.02828492584605,5.91011647114078,8.01709362736369,9.99013871279971,TRUE,-0.42192486488642,"standard",3,"recursive_gamma_poisson","growth"
"growth_increment_110",4.8,5.42321147928437,0.845587313874522,3.70341310760043,5.43966549884534,7.09805334596044,TRUE,0.737016117742803,"standard",3,"recursive_gamma_poisson","growth"
"growth_sd.log_growth_sd",4.5,5.96162791834922,1.0507282669631,4.16777722989954,5.8365427247055,8.45018690957832,TRUE,1.39106176573486,"standard",3,"recursive_gamma_poisson","growth"
"recruitment_50",0.019387103915861,0.147652980494236,0.0448814129001173,0.074746517081777,0.142397518068186,0.24274374069031,FALSE,2.8578841059177,"standard",3,"recursive_gamma_poisson","recruitment"
"recruitment_80",0.183939720585721,0.464259492485298,0.0482225692301436,0.374412742818949,0.464514808595079,0.55754013927755,FALSE,5.8130409966699,"standard",3,"recursive_gamma_poisson","recruitment"
"recruitment_110",1.74517147873092,1.52952033102842,0.232398841995794,1.11862468294945,1.49916669981854,2.01814417295608,TRUE,-0.927935551875079,"standard",3,"recursive_gamma_poisson","recruitment"
"recruit_mean_50",44,46.6005077929205,1.0691592449685,44.6246967668563,46.6161992205528,48.6456849122484,FALSE,2.43229229430379,"standard",3,"recursive_gamma_poisson","recruit_size"
"recruit_mean_80",44.6,45.5848186249771,0.448415348847199,44.7225686485014,45.5659318274715,46.4131782967612,FALSE,2.19621970458627,"standard",3,"recursive_gamma_poisson","recruit_size"
"recruit_mean_110",45.2,44.5691294570338,0.485646587141653,43.6852568427623,44.5275832424579,45.5633810562329,TRUE,-1.29903217621541,"standard",3,"recursive_gamma_poisson","recruit_size"
"recruit_sd.log_recruit_sd",3.5,3.33057046310477,0.261115626849861,2.8111300684238,3.31091067259584,3.85788401796107,TRUE,-0.648867855743671,"standard",3,"recursive_gamma_poisson","recruit_size"
"lambda",1.03119869581319,1.04646206685477,0.0173239075177987,1.01358451488836,1.04519998734301,1.08106906307722,TRUE,0.881058215410866,"standard",3,"recursive_gamma_poisson","lambda"
"survival_50",0.354343693774205,0.428542902762948,0.0333501955023474,0.365844461124107,0.426990320916223,0.496775809531536,FALSE,2.22485079535805,"standard",3,"one_step_poisson","survival"
"survival_80",0.589040434058665,0.670186163698063,0.0455663727845132,0.581272836835556,0.676092641406972,0.751363765986999,TRUE,1.78082486449256,"standard",3,"one_step_poisson","survival"
"survival_110",0.789181706522253,0.841422317960103,0.0526063106273453,0.72409266512323,0.84727400734699,0.921525565320942,TRUE,0.993048377939184,"standard",3,"one_step_poisson","survival"
"growth_increment_50",12,8.95364430320547,1.45552369645025,6.05231799947316,8.96633137267912,11.7092201619458,FALSE,-2.0929619381835,"standard",3,"one_step_poisson","growth"
"growth_increment_80",8.4,6.67816734446092,1.14130782558566,4.52862694222164,6.707090305622,8.8081186359693,TRUE,-1.50864877725299,"standard",3,"one_step_poisson","growth"
"growth_increment_110",4.8,4.40269038571637,1.35497699873027,1.93867296075434,4.27211253938216,7.10526094891492,TRUE,-0.293222404997242,"standard",3,"one_step_poisson","growth"
"growth_sd.log_growth_sd",4.5,7.6331921123704,0.835028714820144,6.12061710574235,7.60543103754213,9.33507851321218,FALSE,3.75219684875778,"standard",3,"one_step_poisson","growth"
"recruitment_50",0.019387103915861,0.11174832835606,0.0295007134628082,0.0660248334011991,0.108628761975044,0.178638947826604,FALSE,3.13081324479285,"standard",3,"one_step_poisson","recruitment"
"recruitment_80",0.183939720585721,0.386851862631457,0.0471322011971515,0.29946698830164,0.386642172589945,0.490727773290179,FALSE,4.30517007251508,"standard",3,"one_step_poisson","recruitment"
"recruitment_110",1.74517147873092,1.37078711613932,0.123688343164963,1.14152298521172,1.3680886898728,1.61813600623686,FALSE,-3.02683626453206,"standard",3,"one_step_poisson","recruitment"
"recruit_mean_50",44,46.3980197042368,0.897033164819035,44.7425384159906,46.3332665927934,48.0690642851932,FALSE,2.67327875744773,"standard",3,"one_step_poisson","recruit_size"
"recruit_mean_80",44.6,45.6214929885787,0.402674341247306,44.8113009688861,45.5929681145937,46.3650776608684,FALSE,2.53677198655023,"standard",3,"one_step_poisson","recruit_size"
"recruit_mean_110",45.2,44.8449662729207,0.326501850771366,44.2279409076976,44.8499446355254,45.4504953456328,TRUE,-1.08738656837797,"standard",3,"one_step_poisson","recruit_size"
"recruit_sd.log_recruit_sd",3.5,3.21363291625244,0.253081038551657,2.69361376050234,3.22366071858833,3.70155412564497,TRUE,-1.13152326775012,"standard",3,"one_step_poisson","recruit_size"
"lambda",1.03119869581319,1.01762157024051,0.0414325175826201,0.921561557909369,1.02177162137356,1.08809767740152,TRUE,-0.327692507355138,"standard",3,"one_step_poisson","lambda"
"survival_50",0.354343693774205,0.427592318974809,0.0371281293969671,0.359873168035845,0.425755014882941,0.499627511452828,FALSE,1.97286064206045,"standard",3,"one_step_gamma_poisson","survival"
"survival_80",0.589040434058665,0.673463525421359,0.0465171046373343,0.575758199309511,0.673035551182782,0.763303837635005,TRUE,1.81488276239223,"standard",3,"one_step_gamma_poisson","survival"
"survival_110",0.789181706522253,0.844987447110879,0.0552342910809189,0.716765168939018,0.852531673551068,0.932336124646356,TRUE,1.01034591911156,"standard",3,"one_step_gamma_poisson","survival"
"growth_increment_50",12,8.97551962631646,1.53965842338685,6.01030223365669,8.94432621489449,11.8596165470057,FALSE,-1.9643840008555,"standard",3,"one_step_gamma_poisson","growth"
"growth_increment_80",8.4,6.66114813550201,1.10797980277285,4.62120487060587,6.64601792944205,8.98738803862925,TRUE,-1.56938949622214,"standard",3,"one_step_gamma_poisson","growth"
"growth_increment_110",4.8,4.34677664468755,1.30409868211263,1.81396795834071,4.3762777704028,6.93142677283201,TRUE,-0.347537622366301,"standard",3,"one_step_gamma_poisson","growth"
"growth_sd.log_growth_sd",4.5,7.73938187085025,0.858131188287776,6.17808143293774,7.70259422851152,9.4435237662827,FALSE,3.77492615938335,"standard",3,"one_step_gamma_poisson","growth"
"recruitment_50",0.019387103915861,0.114149075740882,0.033729550711915,0.0630220401551474,0.109099024930815,0.182513337211188,FALSE,2.80946439620217,"standard",3,"one_step_gamma_poisson","recruitment"
"recruitment_80",0.183939720585721,0.389678624285959,0.0515118779212609,0.301391605908574,0.38743040406174,0.496086158931316,FALSE,3.9940089937067,"standard",3,"one_step_gamma_poisson","recruitment"
"recruitment_110",1.74517147873092,1.36538595749402,0.124552704638233,1.14752517205322,1.36189743330742,1.63628915337322,FALSE,-3.04919529720372,"standard",3,"one_step_gamma_poisson","recruitment"
"recruit_mean_50",44,46.354952498776,0.892568083169497,44.4094276721233,46.3205497860062,47.9803063452756,FALSE,2.63840097263345,"standard",3,"one_step_gamma_poisson","recruit_size"
"recruit_mean_80",44.6,45.6062382039609,0.401048618345907,44.8531368795633,45.6298703661837,46.2764506734509,FALSE,2.50901800412895,"standard",3,"one_step_gamma_poisson","recruit_size"
"recruit_mean_110",45.2,44.8575239091458,0.32530771800935,44.1954032117914,44.8473223471233,45.5069082062532,TRUE,-1.05277579317794,"standard",3,"one_step_gamma_poisson","recruit_size"
"recruit_sd.log_recruit_sd",3.5,3.22252307267576,0.27992705539191,2.7164052999828,3.20155878552491,3.82679803867178,TRUE,-0.99124726238326,"standard",3,"one_step_gamma_poisson","recruit_size"
"lambda",1.03119869581319,1.01915102963866,0.0449293801899256,0.921571419191968,1.02375459765384,1.09323013896516,TRUE,-0.268146725452278,"standard",3,"one_step_gamma_poisson","lambda"
"survival_50",0.354343693774205,0.422348914674258,0.0365141760798329,0.353719025036106,0.421651483813936,0.505866307427759,TRUE,1.86243339439919,"standard",3,"one_step_shared_gamma_poisson","survival"
"survival_80",0.589040434058665,0.671934601403146,0.0495516586375321,0.569320827415893,0.674916295569074,0.761121631977404,TRUE,1.6728838069952,"standard",3,"one_step_shared_gamma_poisson","survival"
"survival_110",0.789181706522253,0.846350485096415,0.0547804882179715,0.72103460472626,0.852844138645153,0.932388960677324,TRUE,1.04359746387596,"standard",3,"one_step_shared_gamma_poisson","survival"
"growth_increment_50",12,9.10604375737756,1.4738131280386,6.18554170763277,8.98454082902935,11.9262670968877,FALSE,-1.96358424793909,"standard",3,"one_step_shared_gamma_poisson","growth"
"growth_increment_80",8.4,6.71437977611739,1.12766263326805,4.36354393776386,6.66146301518344,9.01527838804952,TRUE,-1.49479123822483,"standard",3,"one_step_shared_gamma_poisson","growth"
"growth_increment_110",4.8,4.32271579485722,1.38661128255537,1.66201906748082,4.35548340719673,7.21828872453593,TRUE,-0.344209088118192,"standard",3,"one_step_shared_gamma_poisson","growth"
"growth_sd.log_growth_sd",4.5,7.671915761986,0.891691614436417,6.14745418470643,7.62668945116788,9.7793559713316,FALSE,3.55718917912083,"standard",3,"one_step_shared_gamma_poisson","growth"
"recruitment_50",0.019387103915861,0.106932123845404,0.0322370111314201,0.0579169085489145,0.101604085887053,0.171694041846351,FALSE,2.71566801192114,"standard",3,"one_step_shared_gamma_poisson","recruitment"
"recruitment_80",0.183939720585721,0.382515797536225,0.05287349318941,0.290507334995579,0.376780933822334,0.489273816274987,FALSE,3.75568295136354,"standard",3,"one_step_shared_gamma_poisson","recruitment"
"recruitment_110",1.74517147873092,1.4063118447671,0.123602432010588,1.18801178916169,1.39588835299338,1.67718510130284,FALSE,-2.74152885547425,"standard",3,"one_step_shared_gamma_poisson","recruitment"
"recruit_mean_50",44,46.5353672404639,0.919558561873928,45.0531288824256,46.4343583952567,48.4900556239269,FALSE,2.75715690721995,"standard",3,"one_step_shared_gamma_poisson","recruit_size"
"recruit_mean_80",44.6,45.6912000269322,0.430959709796888,44.9627926339684,45.6733922082853,46.6016277403396,FALSE,2.53202330084757,"standard",3,"one_step_shared_gamma_poisson","recruit_size"
"recruit_mean_110",45.2,44.8470328134005,0.313191119536153,44.1611398536417,44.8471867047825,45.41911730196,TRUE,-1.12700253801006,"standard",3,"one_step_shared_gamma_poisson","recruit_size"
"recruit_sd.log_recruit_sd",3.5,3.21811688187777,0.247503281582798,2.77752482539093,3.2198120896273,3.69598094417875,TRUE,-1.13890658871095,"standard",3,"one_step_shared_gamma_poisson","recruit_size"
"lambda",1.03119869581319,1.02219217648872,0.0467158865729981,0.917612335341637,1.02385690841681,1.10730403392712,TRUE,-0.192793500994626,"standard",3,"one_step_shared_gamma_poisson","lambda"
"survival_50",0.354343693774205,0.360592733149001,0.0106594776819871,0.340528387279024,0.360979718931506,0.382453031916614,TRUE,0.58624254970362,"dense_profiles",3,"recursive_poisson","survival"
"survival_80",0.589040434058665,0.60629494374323,0.0105459986229254,0.585209660890584,0.606348578384338,0.625228084266383,TRUE,1.63611909137332,"dense_profiles",3,"recursive_poisson","survival"
"survival_110",0.789181706522253,0.807647659861039,0.0132588674000671,0.78366767906618,0.808172723805152,0.830787697570372,TRUE,1.39272479176408,"dense_profiles",3,"recursive_poisson","survival"
"growth_increment_50",12,11.2261939151317,0.420232086318341,10.4758277320892,11.1940380119149,12.0750614144565,TRUE,-1.84137791963388,"dense_profiles",3,"recursive_poisson","growth"
"growth_increment_80",8.4,7.79623135215819,0.297653734264059,7.2554639132104,7.79536737510071,8.37745580106861,FALSE,-2.0284262494963,"dense_profiles",3,"recursive_poisson","growth"
"growth_increment_110",4.8,4.36626878918462,0.297874541525041,3.77055569449903,4.35531411576136,4.91893244492265,TRUE,-1.45608687669241,"dense_profiles",3,"recursive_poisson","growth"
"growth_sd.log_growth_sd",4.5,3.82047703319364,0.374498104615335,3.12630341162604,3.81373225929047,4.62008165672743,TRUE,-1.81448973554707,"dense_profiles",3,"recursive_poisson","growth"
"recruitment_50",0.019387103915861,0.00864267124811992,0.00545239062770282,0.00237252868061384,0.00721158155218112,0.023848854181144,TRUE,-1.97059114091168,"dense_profiles",3,"recursive_poisson","recruitment"
"recruitment_80",0.183939720585721,0.117315415735729,0.0403938323387386,0.0599000983596743,0.110173600541724,0.216477065598429,TRUE,-1.64936825729452,"dense_profiles",3,"recursive_poisson","recruitment"
"recruitment_110",1.74517147873092,1.7046868704691,0.135535741024064,1.47764528550503,1.69547643244992,1.97190808368287,TRUE,-0.298700608090032,"dense_profiles",3,"recursive_poisson","recruitment"
"recruit_mean_50",44,41.3020826672075,1.17946103136959,39.0937006802485,41.3390469268451,43.5123475500418,FALSE,-2.28741540503432,"dense_profiles",3,"recursive_poisson","recruit_size"
"recruit_mean_80",44.6,42.9533535624403,0.711892969376592,41.5996125555267,42.9622833638577,44.2798941501886,FALSE,-2.31305337795605,"dense_profiles",3,"recursive_poisson","recruit_size"
"recruit_mean_110",45.2,44.6046244576732,0.26565809573188,44.0902399387579,44.6053362997763,45.1218698220464,FALSE,-2.24113457068409,"dense_profiles",3,"recursive_poisson","recruit_size"
"recruit_sd.log_recruit_sd",3.5,3.35248962655995,0.113080007161367,3.14724582080722,3.35209454285464,3.5808987552868,TRUE,-1.30447792799971,"dense_profiles",3,"recursive_poisson","recruit_size"
"lambda",1.03119869581319,1.04940165036516,0.00830299640550413,1.03179228174144,1.05037752690618,1.06516742742958,FALSE,2.19233559343714,"dense_profiles",3,"recursive_poisson","lambda"
"survival_50",0.354343693774205,0.360031231240695,0.00955093127543262,0.341228121836811,0.359683308975796,0.376994208926437,TRUE,0.595495591212162,"dense_profiles",3,"recursive_gamma_poisson","survival"
"survival_80",0.589040434058665,0.606809440462065,0.01083826917973,0.586418501424384,0.607292830821814,0.626560309708228,TRUE,1.63946900641961,"dense_profiles",3,"recursive_gamma_poisson","survival"
"survival_110",0.789181706522253,0.80868488738147,0.0132630928502346,0.784572078916207,0.809095297063756,0.832898158332816,TRUE,1.47048513340329,"dense_profiles",3,"recursive_gamma_poisson","survival"
"growth_increment_50",12,11.2496630699582,0.445044020478416,10.3281392511717,11.2235772240901,12.0991525859077,TRUE,-1.68598362300258,"dense_profiles",3,"recursive_gamma_poisson","growth"
"growth_increment_80",8.4,7.85032914001999,0.322756438335736,7.15431155439743,7.8383617591261,8.52312788487563,TRUE,-1.70305157292706,"dense_profiles",3,"recursive_gamma_poisson","growth"
"growth_increment_110",4.8,4.45099521008182,0.308965489424035,3.85951969423553,4.45936056638358,5.06792893020894,TRUE,-1.12959149764198,"dense_profiles",3,"recursive_gamma_poisson","growth"
"growth_sd.log_growth_sd",4.5,3.83035806271508,0.415413277710904,3.03222273812002,3.81713372866106,4.68424950923095,TRUE,-1.61198972978167,"dense_profiles",3,"recursive_gamma_poisson","growth"
"recruitment_50",0.019387103915861,0.0104645605938286,0.00662821842881291,0.00278796674838232,0.00861067624750287,0.0278378241267638,TRUE,-1.34614503397264,"dense_profiles",3,"recursive_gamma_poisson","recruitment"
"recruitment_80",0.183939720585721,0.130575220534601,0.0446417725185218,0.0646269629418305,0.121793649036693,0.234948415311835,TRUE,-1.19539384393797,"dense_profiles",3,"recursive_gamma_poisson","recruitment"
"recruitment_110",1.74517147873092,1.74472851835711,0.136158629966199,1.48211090696104,1.73333788715486,2.00277553578762,TRUE,-0.00325326697191068,"dense_profiles",3,"recursive_gamma_poisson","recruitment"
"recruit_mean_50",44,41.5211286069753,1.2577943645258,39.165225818684,41.477747962971,43.9953211871118,FALSE,-1.97080815667298,"dense_profiles",3,"recursive_gamma_poisson","recruit_size"
"recruit_mean_80",44.6,43.0970013125,0.760421127355389,41.7245677185155,43.0791742345895,44.6390412916834,TRUE,-1.97653462460626,"dense_profiles",3,"recursive_gamma_poisson","recruit_size"
"recruit_mean_110",45.2,44.6728740180247,0.286974688186532,44.1525030739258,44.6650152543864,45.279447034984,TRUE,-1.83683789433243,"dense_profiles",3,"recursive_gamma_poisson","recruit_size"
"recruit_sd.log_recruit_sd",3.5,3.35823023417073,0.117512706117749,3.13323101312331,3.35772395253653,3.58398906375003,TRUE,-1.20642073961957,"dense_profiles",3,"recursive_gamma_poisson","recruit_size"
"lambda",1.03119869581319,1.05092860709048,0.00873459315753536,1.03259612016667,1.05101547343744,1.06760763141371,FALSE,2.25882430027866,"dense_profiles",3,"recursive_gamma_poisson","lambda"
"survival_50",0.354343693774205,0.362097309734583,0.0148587781047158,0.331949788755965,0.36211589583873,0.39056575936272,TRUE,0.521820563288305,"dense_profiles",3,"one_step_shared_gamma_poisson","survival"
"survival_80",0.589040434058665,0.609846362702508,0.0191956458361945,0.572085134327167,0.609980025793235,0.648040506869344,TRUE,1.08388792028096,"dense_profiles",3,"one_step_shared_gamma_poisson","survival"
"survival_110",0.789181706522253,0.810579376453271,0.0241228523722392,0.764632825882544,0.81143391759846,0.85520579428502,TRUE,0.887029013021817,"dense_profiles",3,"one_step_shared_gamma_poisson","survival"
"growth_increment_50",12,11.0998876824167,0.410685942507987,10.313343312232,11.0742717082187,11.839269941494,FALSE,-2.19172906695192,"dense_profiles",3,"one_step_shared_gamma_poisson","growth"
"growth_increment_80",8.4,7.93843445313211,0.396446522400189,7.21392762337233,7.9243009695811,8.65461141402573,TRUE,-1.16425676803382,"dense_profiles",3,"one_step_shared_gamma_poisson","growth"
"growth_increment_110",4.8,4.77698122384749,0.425075853178732,3.9572876843561,4.78446751905273,5.56928187842081,TRUE,-0.0541521612680935,"dense_profiles",3,"one_step_shared_gamma_poisson","growth"
"growth_sd.log_growth_sd",4.5,3.99782477520108,0.468220222154949,3.14246660989937,3.9981648861986,4.90867284357147,TRUE,-1.07251929975962,"dense_profiles",3,"one_step_shared_gamma_poisson","growth"
"recruitment_50",0.019387103915861,0.0170545430977429,0.00560399385731817,0.00877184568155539,0.0162891330717561,0.0294886250730809,TRUE,-0.416231865613496,"dense_profiles",3,"one_step_shared_gamma_poisson","recruitment"
"recruitment_80",0.183939720585721,0.174952391026886,0.0325713687351913,0.121048986679549,0.17235160530935,0.2420696979767,TRUE,-0.275927291600895,"dense_profiles",3,"one_step_shared_gamma_poisson","recruitment"
"recruitment_110",1.74517147873092,1.82884619708018,0.0953989178605483,1.65351638176021,1.82741406439167,2.03024501916814,TRUE,0.877103432887706,"dense_profiles",3,"one_step_shared_gamma_poisson","recruitment"
"recruit_mean_50",44,42.583932780394,1.08571987534253,40.4151671773112,42.6508366774602,44.6843749955532,TRUE,-1.30426572430501,"dense_profiles",3,"one_step_shared_gamma_poisson","recruit_size"
"recruit_mean_80",44.6,43.7617957779706,0.634814376225615,42.493991866296,43.8031235040054,45.0327788951077,TRUE,-1.32039262723234,"dense_profiles",3,"one_step_shared_gamma_poisson","recruit_size"
"recruit_mean_110",45.2,44.9396587755472,0.206702693899961,44.5475014000207,44.9501349235008,45.3531739150058,TRUE,-1.25949604013783,"dense_profiles",3,"one_step_shared_gamma_poisson","recruit_size"
"recruit_sd.log_recruit_sd",3.5,3.40952695321555,0.106786310389996,3.20018194933639,3.40962864882312,3.60120726992352,TRUE,-0.84723450462919,"dense_profiles",3,"one_step_shared_gamma_poisson","recruit_size"
"lambda",1.03119869581319,1.05479288235393,0.0252490503817013,1.00386629924002,1.05504773526388,1.1036042860518,TRUE,0.93445837304986,"dense_profiles",3,"one_step_shared_gamma_poisson","lambda"
"survival_50",0.354343693774205,0.3285771473771,0.0127722990173634,0.303493788180232,0.329010861362043,0.353531090596001,FALSE,-2.01737732275729,"longer_followup",3,"recursive_poisson","survival"
"survival_80",0.589040434058665,0.59653982847263,0.0107423636207832,0.575683953595615,0.59704270418882,0.61749857760469,TRUE,0.698113997878099,"longer_followup",3,"recursive_poisson","survival"
"survival_110",0.789181706522253,0.816944640327984,0.0117442533200675,0.792210898641146,0.817482856674754,0.837759006300783,FALSE,2.36395904014538,"longer_followup",3,"recursive_poisson","survival"
"growth_increment_50",12,12.5048666766228,0.497067696052007,11.5409795339331,12.491461120051,13.4400527362543,TRUE,1.01568997670276,"longer_followup",3,"recursive_poisson","growth"
"growth_increment_80",8.4,8.54668377425683,0.318638880320593,7.94714977949977,8.5546343333432,9.14064357475255,TRUE,0.460344871000192,"longer_followup",3,"recursive_poisson","growth"
"growth_increment_110",4.8,4.58850087189089,0.246962234048796,4.08333482357854,4.60908451690744,5.07291257936296,TRUE,-0.856402716487109,"longer_followup",3,"recursive_poisson","growth"
"growth_sd.log_growth_sd",4.5,4.46851112738176,0.422805285690948,3.65702601189595,4.47495085891565,5.27730267543564,TRUE,-0.0744760618750961,"longer_followup",3,"recursive_poisson","growth"
"recruitment_50",0.019387103915861,0.0204299729667481,0.00577290753409822,0.0116826640072057,0.0195085664377712,0.0334339151376684,TRUE,0.180648840246846,"longer_followup",3,"recursive_poisson","recruitment"
"recruitment_80",0.183939720585721,0.190071140259742,0.0294232748284367,0.139869471968425,0.186951700376025,0.251230106402094,TRUE,0.208386717990169,"longer_followup",3,"recursive_poisson","recruitment"
"recruitment_110",1.74517147873092,1.79673802598746,0.0952798500739948,1.61590177429894,1.79720633755229,1.98116469387849,TRUE,0.541211465136579,"longer_followup",3,"recursive_poisson","recruitment"
"recruit_mean_50",44,44.0895147598589,1.05202986639118,42.136205886787,44.1494595226175,46.199311999943,TRUE,0.0850876602638012,"longer_followup",3,"recursive_poisson","recruit_size"
"recruit_mean_80",44.6,44.7279338229614,0.634216406310553,43.5235231246365,44.7664389505146,46.037622076111,TRUE,0.201719510388621,"longer_followup",3,"recursive_poisson","recruit_size"
"recruit_mean_110",45.2,45.3663528860638,0.239369145361475,44.9016701320544,45.3740241487443,45.8355034169024,TRUE,0.694963779950032,"longer_followup",3,"recursive_poisson","recruit_size"
"recruit_sd.log_recruit_sd",3.5,3.63008935779806,0.10760018331051,3.42725667257,3.62941968853341,3.84379127858985,TRUE,1.20900684176953,"longer_followup",3,"recursive_poisson","recruit_size"
"lambda",1.03119869581319,1.045121502055,0.00520417761526555,1.03431395844226,1.04515843813342,1.05473237434818,FALSE,2.67531342530762,"longer_followup",3,"recursive_poisson","lambda"
"survival_50",0.354343693774205,0.327030298896926,0.0149017821730586,0.295116795163877,0.327124871782029,0.356929329611993,TRUE,-1.83289451960043,"longer_followup",3,"recursive_gamma_poisson","survival"
"survival_80",0.589040434058665,0.593183668794082,0.0125613952991536,0.567147300275408,0.593701847545755,0.615810804949771,TRUE,0.329838735008723,"longer_followup",3,"recursive_gamma_poisson","survival"
"survival_110",0.789181706522253,0.813822795869877,0.0126948421654582,0.788399814246381,0.814598609464928,0.838620172543986,TRUE,1.94103156435229,"longer_followup",3,"recursive_gamma_poisson","survival"
"growth_increment_50",12,12.5368978027412,0.575178640480105,11.381237735292,12.5385074945922,13.7066067568898,TRUE,0.933445307171005,"longer_followup",3,"recursive_gamma_poisson","growth"
"growth_increment_80",8.4,8.52109155564784,0.364215405864994,7.81586643707992,8.53562307976534,9.26829282086135,TRUE,0.33247236030626,"longer_followup",3,"recursive_gamma_poisson","growth"
"growth_increment_110",4.8,4.50528530855452,0.25580674966396,4.00573818312226,4.48126795545093,5.03570026438766,TRUE,-1.15209896467796,"longer_followup",3,"recursive_gamma_poisson","growth"
"growth_sd.log_growth_sd",4.5,4.46618426642246,0.442571046432879,3.74647206492366,4.43882494342057,5.46807325262704,TRUE,-0.0764074691512199,"longer_followup",3,"recursive_gamma_poisson","growth"
"recruitment_50",0.019387103915861,0.0184542375354114,0.00651654887770213,0.00895949974518795,0.0167856788990114,0.0331911247467688,TRUE,-0.143153438723008,"longer_followup",3,"recursive_gamma_poisson","recruitment"
"recruitment_80",0.183939720585721,0.18048875234512,0.035223310585765,0.122258426918092,0.175085992413502,0.249720647035856,TRUE,-0.0979739889070927,"longer_followup",3,"recursive_gamma_poisson","recruitment"
"recruitment_110",1.74517147873092,1.80795395412952,0.110256545078315,1.60983456361114,1.80604642321693,2.02903179967736,TRUE,0.569421754998824,"longer_followup",3,"recursive_gamma_poisson","recruitment"
"recruit_mean_50",44,44.1045945934369,1.15046330442681,41.9493378228326,44.0325688884654,46.6399849636668,TRUE,0.090915193065667,"longer_followup",3,"recursive_gamma_poisson","recruit_size"
"recruit_mean_80",44.6,44.7387502335111,0.690619426345683,43.4789432974602,44.6890762048947,46.239361879083,TRUE,0.200906936900497,"longer_followup",3,"recursive_gamma_poisson","recruit_size"
"recruit_mean_110",45.2,45.3729058735853,0.261419110269204,44.846374607478,45.369152900594,45.885405715234,TRUE,0.661412524154068,"longer_followup",3,"recursive_gamma_poisson","recruit_size"
"recruit_sd.log_recruit_sd",3.5,3.63740429400984,0.136584947186727,3.39219673722331,3.6312663288263,3.92488899982425,TRUE,1.00599880762842,"longer_followup",3,"recursive_gamma_poisson","recruit_size"
"lambda",1.03119869581319,1.0427569460064,0.00567401853644718,1.03161969102025,1.04255149180025,1.05436596069992,FALSE,2.03704836686057,"longer_followup",3,"recursive_gamma_poisson","lambda"
"survival_50",0.354343693774205,0.479616378029726,0.0301601133457737,0.418410809700603,0.478059476022097,0.53894253584507,FALSE,4.15358797957155,"longer_followup",3,"one_step_poisson","survival"
"survival_80",0.589040434058665,0.656733621408706,0.031630497183532,0.590063648879678,0.659192077190554,0.712994784983895,FALSE,2.14012403779996,"longer_followup",3,"one_step_poisson","survival"
"survival_110",0.789181706522253,0.797100736610255,0.0394616767926825,0.712829698695324,0.80104326393903,0.864903035235961,TRUE,0.200676472254474,"longer_followup",3,"one_step_poisson","survival"
"growth_increment_50",12,7.4802209166374,0.920384936085723,5.69225496629912,7.47530487640621,9.249117927443,FALSE,-4.91074865108574,"longer_followup",3,"one_step_poisson","growth"
"growth_increment_80",8.4,5.70676599676623,0.721651641987008,4.29744809275478,5.68680286267779,7.10006546339746,FALSE,-3.73204167570128,"longer_followup",3,"one_step_poisson","growth"
"growth_increment_110",4.8,3.93331107689506,0.834552858726953,2.35909744508817,3.86220379589782,5.63585226978771,TRUE,-1.03850692504607,"longer_followup",3,"one_step_poisson","growth"
"growth_sd.log_growth_sd",4.5,7.02208225655088,0.401861721121929,6.31403362497423,7.00119782530129,7.84793862438267,FALSE,6.27599525904,"longer_followup",3,"one_step_poisson","growth"
"recruitment_50",0.019387103915861,0.0865815498561447,0.0290583682524724,0.0455998789548695,0.081861810385067,0.16228745717457,FALSE,2.31239570496414,"longer_followup",3,"one_step_poisson","recruitment"
"recruitment_80",0.183939720585721,0.39636623860104,0.0673598858096709,0.287678758909083,0.388423811466187,0.557811109030723,FALSE,3.15360567290067,"longer_followup",3,"one_step_poisson","recruitment"
"recruitment_110",1.74517147873092,1.86022915082172,0.100383928973156,1.67689051166798,1.85842134029923,2.07376512503347,TRUE,1.14617621832248,"longer_followup",3,"one_step_poisson","recruitment"
"recruit_mean_50",44,43.6299360507334,1.08761062150511,41.3186349404441,43.6680828305252,45.7020890647099,TRUE,-0.34025407802153,"longer_followup",3,"one_step_poisson","recruit_size"
"recruit_mean_80",44.6,44.4629496171122,0.550077238072346,43.3074633019994,44.4885179121289,45.4500788366347,TRUE,-0.249147525842122,"longer_followup",3,"one_step_poisson","recruit_size"
"recruit_mean_110",45.2,45.2959631834912,0.173334675188673,44.9677397749549,45.2977779544592,45.6068552849698,TRUE,0.553629465003194,"longer_followup",3,"one_step_poisson","recruit_size"
"recruit_sd.log_recruit_sd",3.5,3.0758371171038,0.191136969420848,2.71223031040587,3.08040308321459,3.49733389381479,FALSE,-2.21915668215014,"longer_followup",3,"one_step_poisson","recruit_size"
"lambda",1.03119869581319,1.00342964678659,0.0361591660483623,0.916627812014635,1.00476018801871,1.06609445248233,TRUE,-0.767967076161658,"longer_followup",3,"one_step_poisson","lambda"
"survival_50",0.354343693774205,0.371845713245218,0.0271974170288765,0.324691581480485,0.371988030572885,0.42638417652617,TRUE,0.643517708039373,"longer_followup",3,"one_step_gamma_poisson","survival"
"survival_80",0.589040434058665,0.593167565418266,0.0325078113459117,0.530068962705905,0.592412404457904,0.657189454209464,TRUE,0.126958142942466,"longer_followup",3,"one_step_gamma_poisson","survival"
"survival_110",0.789181706522253,0.780286145749949,0.0409163851706991,0.695806190695837,0.782278693133221,0.854783614658546,TRUE,-0.217408276297934,"longer_followup",3,"one_step_gamma_poisson","survival"
"growth_increment_50",12,11.3594673773628,1.01339734288943,9.37793065868145,11.3735875778334,13.1700352921941,TRUE,-0.632064635980713,"longer_followup",3,"one_step_gamma_poisson","growth"
"growth_increment_80",8.4,8.08230960436227,0.771808564504724,6.50383687996559,8.09998059649087,9.41634936244714,TRUE,-0.411618126888229,"longer_followup",3,"one_step_gamma_poisson","growth"
"growth_increment_110",4.8,4.80515183136178,0.825555694859312,3.08285476100449,4.82091910673932,6.42733282810695,TRUE,0.00624044070419709,"longer_followup",3,"one_step_gamma_poisson","growth"
"growth_sd.log_growth_sd",4.5,6.09965676737091,0.592352836528353,5.04493876491287,6.04736150731037,7.36536065353474,FALSE,2.70051339121821,"longer_followup",3,"one_step_gamma_poisson","growth"
"recruitment_50",0.019387103915861,0.658647183959119,0.0448338045232599,0.584173707135755,0.657267251491842,0.7554211414267,FALSE,14.2584392924229,"longer_followup",3,"one_step_gamma_poisson","recruitment"
"recruitment_80",0.183939720585721,0.107231771708735,0.06245830783644,0.0322873303782198,0.0913258966220843,0.266162472796913,TRUE,-1.22814644735271,"longer_followup",3,"one_step_gamma_poisson","recruitment"
"recruitment_110",1.74517147873092,0.022245913985675,0.0300081656122313,0.00181371936373397,0.0124458135126429,0.0985190329778884,FALSE,-57.4152244762,"longer_followup",3,"one_step_gamma_poisson","recruitment"
"recruit_mean_50",44,45.4779817208003,0.24805442631016,44.9808028075443,45.4879250208109,45.9538747590943,FALSE,5.95829609971272,"longer_followup",3,"one_step_gamma_poisson","recruit_size"
"recruit_mean_80",44.6,44.7107743904036,1.89176770568772,40.4673505214707,44.8969784583001,48.1679585067362,TRUE,0.0585560214769001,"longer_followup",3,"one_step_gamma_poisson","recruit_size"
"recruit_mean_110",45.2,43.9435670600068,3.61700505573337,35.8820480986286,44.2360389642086,50.5851688194601,TRUE,-0.347368311803052,"longer_followup",3,"one_step_gamma_poisson","recruit_size"
"recruit_sd.log_recruit_sd",3.5,3.58801000267484,0.143239656725726,3.31419230313046,3.58746509867296,3.86295281190715,TRUE,0.614424836575537,"longer_followup",3,"one_step_gamma_poisson","recruit_size"
"lambda",1.03119869581319,1.09416740381648,0.0411509056433098,1.01300183039675,1.09290485005572,1.18334285596018,TRUE,1.53019008983899,"longer_followup",3,"one_step_gamma_poisson","lambda"
"survival_50",0.354343693774205,0.437145355657527,0.0382934320840382,0.364982718053939,0.43684979315669,0.515572954678732,FALSE,2.1622940900572,"longer_followup",3,"one_step_shared_gamma_poisson","survival"
"survival_80",0.589040434058665,0.67407499870173,0.0540009077024535,0.569628448495386,0.674673269235084,0.775218469085862,TRUE,1.57468769065157,"longer_followup",3,"one_step_shared_gamma_poisson","survival"
"survival_110",0.789181706522253,0.841624257494502,0.0548301354004587,0.720590900243922,0.847607834287122,0.92888310646884,TRUE,0.956454887248191,"longer_followup",3,"one_step_shared_gamma_poisson","survival"
"growth_increment_50",12,8.49397570209427,1.0516320893144,6.33532683005541,8.51427364106286,10.5584192237974,FALSE,-3.3338886608067,"longer_followup",3,"one_step_shared_gamma_poisson","growth"
"growth_increment_80",8.4,6.26865054608794,0.80123285020798,4.680140994588,6.28924924894891,7.88705301120178,FALSE,-2.66008745567385,"longer_followup",3,"one_step_shared_gamma_poisson","growth"
"growth_increment_110",4.8,4.04332539008162,0.860233937740235,2.25048071510391,4.04158998487754,5.86140528382983,TRUE,-0.879614924175278,"longer_followup",3,"one_step_shared_gamma_poisson","growth"
"growth_sd.log_growth_sd",4.5,6.83804375963888,0.484946711075598,5.90233852057507,6.83081338855148,7.8079723798836,FALSE,4.82123851186281,"longer_followup",3,"one_step_shared_gamma_poisson","growth"
"recruitment_50",0.019387103915861,0.0933809326583176,0.0392762327428029,0.0384399532585724,0.0861611577227235,0.186236137475704,FALSE,1.88393396146211,"longer_followup",3,"one_step_shared_gamma_poisson","recruitment"
"recruitment_80",0.183939720585721,0.429644617807795,0.09141860900801,0.280565993530819,0.420350915308649,0.631592064251849,FALSE,2.68769017477115,"longer_followup",3,"one_step_shared_gamma_poisson","recruitment"
"recruitment_110",1.74517147873092,2.06145188457533,0.159398279523526,1.77592850892289,2.04616768395003,2.39620141278372,FALSE,1.98421467778595,"longer_followup",3,"one_step_shared_gamma_poisson","recruitment"
"recruit_mean_50",44,43.7402983627184,1.01829063779407,41.5819977659841,43.7429140778876,45.6405130180043,TRUE,-0.255036850622708,"longer_followup",3,"one_step_shared_gamma_poisson","recruit_size"
"recruit_mean_80",44.6,44.5458801419476,0.512353548242127,43.5612682614187,44.5450054782348,45.5076865639202,TRUE,-0.105629907781705,"longer_followup",3,"one_step_shared_gamma_poisson","recruit_size"
"recruit_mean_110",45.2,45.3514619211767,0.176263805466104,44.9867925094953,45.359243906256,45.6893024663182,TRUE,0.859291110708906,"longer_followup",3,"one_step_shared_gamma_poisson","recruit_size"
"recruit_sd.log_recruit_sd",3.5,3.2516108942104,0.197709126062172,2.90256139192123,3.2430549466139,3.65279522337483,TRUE,-1.2563360667099,"longer_followup",3,"one_step_shared_gamma_poisson","recruit_size"
"lambda",1.03119869581319,1.04770353338775,0.0556207065678418,0.943514543718721,1.04995961463696,1.15207604591789,TRUE,0.296739085010081,"longer_followup",3,"one_step_shared_gamma_poisson","lambda"
"survival_50",0.354343693774205,0.301396947946372,0.014407385702155,0.273898854935362,0.301004628691466,0.329356572520752,FALSE,-3.6749724705373,"diverse_initial",3,"recursive_poisson","survival"
"survival_80",0.589040434058665,0.549694107274754,0.0130653694846125,0.524327634420973,0.549497308365593,0.577966360100085,FALSE,-3.01149744216957,"diverse_initial",3,"recursive_poisson","survival"
"survival_110",0.789181706522253,0.775310327812725,0.0154869027724046,0.74459838599703,0.775186855461472,0.806605366876144,TRUE,-0.895684496337449,"diverse_initial",3,"recursive_poisson","survival"
"growth_increment_50",12,12.334920211183,0.394293881482254,11.5311332664813,12.346293545219,13.1063553635544,TRUE,0.849417723460351,"diverse_initial",3,"recursive_poisson","growth"
"growth_increment_80",8.4,8.66494770404728,0.270620028224343,8.07891542467624,8.65399756559933,9.16603378040946,TRUE,0.979039525587647,"diverse_initial",3,"recursive_poisson","growth"
"growth_increment_110",4.8,4.99497519691157,0.246009665711203,4.52949096284441,4.99175689291503,5.48974478751027,TRUE,0.792550960743372,"diverse_initial",3,"recursive_poisson","growth"
"growth_sd.log_growth_sd",4.5,3.73483822715953,0.404627291247748,3.01629622076614,3.73007902867125,4.54537251323753,TRUE,-1.89102858208339,"diverse_initial",3,"recursive_poisson","growth"
"recruitment_50",0.019387103915861,0.0330853360438818,0.0110334957626514,0.0156628259843035,0.0318927569453911,0.0607293943841632,TRUE,1.24151333563652,"diverse_initial",3,"recursive_poisson","recruitment"
"recruitment_80",0.183939720585721,0.222549742230005,0.0423540369873195,0.146121568083959,0.220027349575982,0.316185579588987,TRUE,0.911601924884835,"diverse_initial",3,"recursive_poisson","recruitment"
"recruitment_110",1.74517147873092,1.52622303820635,0.0909854569882433,1.34357780180586,1.52731401486905,1.70649512412978,FALSE,-2.40641139553617,"diverse_initial",3,"recursive_poisson","recruitment"
"recruit_mean_50",44,45.6939827711384,1.33666584763384,43.0053638268134,45.6747327656725,48.2481482091992,TRUE,1.26731955794115,"diverse_initial",3,"recursive_poisson","recruit_size"
"recruit_mean_80",44.6,45.6853749244751,0.784130310999826,44.0747293571169,45.6740203109432,47.1666569387875,TRUE,1.38417672324286,"diverse_initial",3,"recursive_poisson","recruit_size"
"recruit_mean_110",45.2,45.6767670778119,0.253121701669977,45.159650210141,45.6663757464103,46.1735564286541,TRUE,1.88354880149109,"diverse_initial",3,"recursive_poisson","recruit_size"
"recruit_sd.log_recruit_sd",3.5,3.47724809026352,0.101369561638984,3.29451881564096,3.47749087908716,3.6908258757615,TRUE,-0.224445182248163,"diverse_initial",3,"recursive_poisson","recruit_size"
"lambda",1.03119869581319,0.991772275009536,0.0109971994967966,0.969434111200359,0.991329769789538,1.0128968099015,FALSE,-3.5851328163267,"diverse_initial",3,"recursive_poisson","lambda"
"survival_50",0.354343693774205,0.299588058860666,0.0160678307601884,0.269251014226416,0.299795635654566,0.331336098697857,FALSE,-3.40778016216152,"diverse_initial",3,"recursive_gamma_poisson","survival"
"survival_80",0.589040434058665,0.549352493555521,0.0146931134840677,0.520018871424867,0.548915662007122,0.577730818513508,FALSE,-2.70112529561415,"diverse_initial",3,"recursive_gamma_poisson","survival"
"survival_110",0.789181706522253,0.77626101459038,0.0178192675576587,0.739548624205872,0.776703259495053,0.807070971908296,TRUE,-0.725096690425939,"diverse_initial",3,"recursive_gamma_poisson","survival"
"growth_increment_50",12,12.458085389109,0.426647930813227,11.7007436316762,12.4399646904093,13.3161877012922,TRUE,1.07368477853819,"diverse_initial",3,"recursive_gamma_poisson","growth"
"growth_increment_80",8.4,8.7628427136288,0.284783345803316,8.23213340978215,8.76288368758653,9.32830956217811,TRUE,1.27410088748446,"diverse_initial",3,"recursive_gamma_poisson","growth"
"growth_increment_110",4.8,5.06760003814862,0.267511239718831,4.58285519762546,5.06925149588564,5.56877156681439,TRUE,1.00033194279942,"diverse_initial",3,"recursive_gamma_poisson","growth"
"growth_sd.log_growth_sd",4.5,3.66278786627663,0.457482918748958,2.89532027222828,3.6129675317463,4.60823357125021,TRUE,-1.83004020349618,"diverse_initial",3,"recursive_gamma_poisson","growth"
"recruitment_50",0.019387103915861,0.036243445143035,0.0133793153439575,0.0154866897530175,0.03430121802473,0.0682560321515581,TRUE,1.25988070344622,"diverse_initial",3,"recursive_gamma_poisson","recruitment"
"recruitment_80",0.183939720585721,0.232712993706457,0.0491906735335,0.145260239574858,0.229779280412883,0.338021369796218,TRUE,0.991514643269108,"diverse_initial",3,"recursive_gamma_poisson","recruitment"
"recruitment_110",1.74517147873092,1.5311424600535,0.104687450057542,1.34173356286431,1.53193119153048,1.74178520459583,FALSE,-2.04445727314766,"diverse_initial",3,"recursive_gamma_poisson","recruitment"
"recruit_mean_50",44,46.0719748312614,1.34531265153826,43.4733587620114,46.1489028515353,48.4773475157626,TRUE,1.54014371967159,"diverse_initial",3,"recursive_gamma_poisson","recruit_size"
"recruit_mean_80",44.6,45.9104376949357,0.78683614656473,44.3713842050196,45.9517192811016,47.3041257128889,TRUE,1.66545182330139,"diverse_initial",3,"recursive_gamma_poisson","recruit_size"
"recruit_mean_110",45.2,45.7489005586099,0.253914651122909,45.2288395114011,45.7584708714515,46.217863149909,FALSE,2.16175221155,"diverse_initial",3,"recursive_gamma_poisson","recruit_size"
"recruit_sd.log_recruit_sd",3.5,3.504639009817,0.123946955675057,3.26356886141611,3.50086551723678,3.7478479214325,TRUE,0.0374273800573719,"diverse_initial",3,"recursive_gamma_poisson","recruit_size"
"lambda",1.03119869581319,0.992920434833721,0.0133345998991584,0.964443465899387,0.993628685240121,1.01763471516805,FALSE,-2.87059688846663,"diverse_initial",3,"recursive_gamma_poisson","lambda"
"survival_50",0.354343693774205,0.32015786857861,0.0199697995629059,0.284613653409174,0.317537003422508,0.359774157593321,TRUE,-1.71187623030005,"diverse_initial",3,"one_step_poisson","survival"
"survival_80",0.589040434058665,0.549094403546076,0.031210758723157,0.49280158784595,0.548642143032017,0.610327170844148,TRUE,-1.27988014860244,"diverse_initial",3,"one_step_poisson","survival"
"survival_110",0.789181706522253,0.756868568817089,0.04338180874605,0.673036482952729,0.760789543351982,0.837089640883895,TRUE,-0.744854551692851,"diverse_initial",3,"one_step_poisson","survival"
"growth_increment_50",12,11.924378808637,0.593780646103843,10.7384595065269,11.9655532777295,13.0139623904997,TRUE,-0.127355433120244,"diverse_initial",3,"one_step_poisson","growth"
"growth_increment_80",8.4,8.37954066952789,0.454024514273007,7.42036150443758,8.3956739596918,9.19261549582487,TRUE,-0.0450621713782766,"diverse_initial",3,"one_step_poisson","growth"
"growth_increment_110",4.8,4.83470253041874,0.571067961376534,3.70697379677337,4.86708513102441,5.90621247109498,TRUE,0.0607677768073197,"diverse_initial",3,"one_step_poisson","growth"
"growth_sd.log_growth_sd",4.5,4.93336860652961,0.456976148969087,4.04848829547082,4.92934815012737,5.81583691783071,TRUE,0.948339661724727,"diverse_initial",3,"one_step_poisson","growth"
"recruitment_50",0.019387103915861,0.0392824451351841,0.017565953842811,0.0154000317826692,0.0358869809013638,0.0824103779824179,TRUE,1.13260807795333,"diverse_initial",3,"one_step_poisson","recruitment"
"recruitment_80",0.183939720585721,0.251785947540173,0.0629824234987684,0.149318200162537,0.243587922710052,0.390813154956131,TRUE,1.07722477455601,"diverse_initial",3,"one_step_poisson","recruitment"
"recruitment_110",1.74517147873092,1.66457674675193,0.125844169368854,1.40603778639306,1.65829654375893,1.92403462425531,TRUE,-0.640432785906577,"diverse_initial",3,"one_step_poisson","recruitment"
"recruit_mean_50",44,44.7875907715602,1.29926585118799,42.1198250161161,44.8603984948917,47.2887269480923,TRUE,0.606181383771542,"diverse_initial",3,"one_step_poisson","recruit_size"
"recruit_mean_80",44.6,45.1352451841924,0.764812471278476,43.5392010128759,45.1858623683861,46.5414501288847,TRUE,0.699838462751146,"diverse_initial",3,"one_step_poisson","recruit_size"
"recruit_mean_110",45.2,45.4828995968245,0.25222500565813,44.9624812116887,45.5077627882077,45.9515001277132,TRUE,1.12161597969387,"diverse_initial",3,"one_step_poisson","recruit_size"
"recruit_sd.log_recruit_sd",3.5,3.42927497860816,0.110247261543939,3.22089260701406,3.43060206793481,3.63392556480206,TRUE,-0.641512726950139,"diverse_initial",3,"one_step_poisson","recruit_size"
"lambda",1.03119869581319,0.980280327801982,0.0421727804591519,0.897314694596424,0.985313546335568,1.05373594666881,TRUE,-1.2073751708292,"diverse_initial",3,"one_step_poisson","lambda"
"survival_50",0.354343693774205,0.314760185984093,0.0207471891879345,0.277352616526878,0.313498181704257,0.3539440780835,FALSE,-1.90789737499147,"diverse_initial",3,"one_step_gamma_poisson","survival"
"survival_80",0.589040434058665,0.544751266713598,0.0314516274480158,0.484872502029963,0.545799317989777,0.6106861733292,TRUE,-1.40816774643122,"diverse_initial",3,"one_step_gamma_poisson","survival"
"survival_110",0.789181706522253,0.755064014882367,0.043340937924656,0.669948932781721,0.755485876146095,0.833167140935954,TRUE,-0.787193200553157,"diverse_initial",3,"one_step_gamma_poisson","survival"
"growth_increment_50",12,12.0778922311212,0.633953216398594,10.824707877974,12.0499419803691,13.2706855267101,TRUE,0.122867475243233,"diverse_initial",3,"one_step_gamma_poisson","growth"
"growth_increment_80",8.4,8.43655800674495,0.463490791187949,7.45807766727468,8.45639951988408,9.37311927652471,TRUE,0.0788753680547838,"diverse_initial",3,"one_step_gamma_poisson","growth"
"growth_increment_110",4.8,4.79522378236869,0.579229511248859,3.76377992236583,4.80266249076262,6.00128721035993,TRUE,-0.00824581195977875,"diverse_initial",3,"one_step_gamma_poisson","growth"
"growth_sd.log_growth_sd",4.5,4.91185694547485,0.453466135459703,4.16784912899626,4.87030289077306,5.84129226155818,TRUE,0.908241902247726,"diverse_initial",3,"one_step_gamma_poisson","growth"
"recruitment_50",0.019387103915861,0.044618749937265,0.0193502635537444,0.0170950472023542,0.0407070063137983,0.0864357845550215,TRUE,1.303943274536,"diverse_initial",3,"one_step_gamma_poisson","recruitment"
"recruitment_80",0.183939720585721,0.271367463894062,0.0667835350809181,0.158310305820696,0.264336855714886,0.408791208727496,TRUE,1.30912122579929,"diverse_initial",3,"one_step_gamma_poisson","recruitment"
"recruitment_110",1.74517147873092,1.70587700701951,0.121501819992564,1.45608888100388,1.70269319879222,1.93560691261717,TRUE,-0.323406445383429,"diverse_initial",3,"one_step_gamma_poisson","recruitment"
"recruit_mean_50",44,44.80018360794,1.33752967150742,42.1518165465984,44.7501485150347,47.2519466356012,TRUE,0.598254846218269,"diverse_initial",3,"one_step_gamma_poisson","recruit_size"
"recruit_mean_80",44.6,45.160124791796,0.776720122343531,43.5471645267075,45.1362605711201,46.5784334848259,TRUE,0.721141085035796,"diverse_initial",3,"one_step_gamma_poisson","recruit_size"
"recruit_mean_110",45.2,45.5200659756519,0.251570363429658,44.9851910012554,45.5079888314999,46.0087739653745,TRUE,1.27227218376773,"diverse_initial",3,"one_step_gamma_poisson","recruit_size"
"recruit_sd.log_recruit_sd",3.5,3.4467479104426,0.125910293878927,3.22626674670893,3.44650132078809,3.67714464165379,TRUE,-0.422936742635229,"diverse_initial",3,"one_step_gamma_poisson","recruit_size"
"lambda",1.03119869581319,0.97634185433947,0.039641669636336,0.893256515339708,0.974976616549079,1.05244461886925,TRUE,-1.38381763374164,"diverse_initial",3,"one_step_gamma_poisson","lambda"
"survival_50",0.354343693774205,0.308971693711814,0.0257406137564443,0.264510730369889,0.308610612595965,0.359164253938978,TRUE,-1.76266193540281,"diverse_initial",3,"one_step_shared_gamma_poisson","survival"
"survival_80",0.589040434058665,0.555324329055065,0.0487094128702136,0.459535667790113,0.55459708832477,0.656500849311619,TRUE,-0.692188696534618,"diverse_initial",3,"one_step_shared_gamma_poisson","survival"
"survival_110",0.789181706522253,0.77312303177993,0.0578792027021977,0.641563844123737,0.780750294441957,0.875766958486429,TRUE,-0.277451554143706,"diverse_initial",3,"one_step_shared_gamma_poisson","survival"
"growth_increment_50",12,12.1969053375369,0.607892772648189,10.9992848508865,12.2055009264928,13.4300838344612,TRUE,0.323914588882289,"diverse_initial",3,"one_step_shared_gamma_poisson","growth"
"growth_increment_80",8.4,8.51884989853807,0.446997437095139,7.60963129603587,8.52469090889329,9.3035393370783,TRUE,0.265884966389141,"diverse_initial",3,"one_step_shared_gamma_poisson","growth"
"growth_increment_110",4.8,4.84079445953929,0.550150622721212,3.75196149342315,4.82607107431595,5.8761795329277,TRUE,0.0741514375417973,"diverse_initial",3,"one_step_shared_gamma_poisson","growth"
"growth_sd.log_growth_sd",4.5,4.7614391063305,0.440354573045481,4.01280850372084,4.75599333692419,5.67563517212067,TRUE,0.593701354166479,"diverse_initial",3,"one_step_shared_gamma_poisson","growth"
"recruitment_50",0.019387103915861,0.0518457605156541,0.0199030131950805,0.0227071490382621,0.0476562058346342,0.10471984675057,FALSE,1.63084133450788,"diverse_initial",3,"one_step_shared_gamma_poisson","recruitment"
"recruitment_80",0.183939720585721,0.299146179573085,0.0647013115675331,0.189901871369291,0.290243452433136,0.447108063933779,FALSE,1.78058923685211,"diverse_initial",3,"one_step_shared_gamma_poisson","recruitment"
"recruitment_110",1.74517147873092,1.77263224121741,0.132675638616999,1.53833376843957,1.76729707226123,2.03340718295382,TRUE,0.206976674638525,"diverse_initial",3,"one_step_shared_gamma_poisson","recruitment"
"recruit_mean_50",44,44.9690992677649,1.26201924902115,42.4780182766029,44.9913150776196,47.7030147154228,TRUE,0.767895789637592,"diverse_initial",3,"one_step_shared_gamma_poisson","recruit_size"
"recruit_mean_80",44.6,45.2659659262141,0.724836509490432,43.7678017499081,45.2896997441263,46.812448697694,TRUE,0.918780880232301,"diverse_initial",3,"one_step_shared_gamma_poisson","recruit_size"
"recruit_mean_110",45.2,45.5628325846634,0.219307835359681,45.1108558043371,45.5714248619438,45.9997753524833,TRUE,1.65444423847557,"diverse_initial",3,"one_step_shared_gamma_poisson","recruit_size"
"recruit_sd.log_recruit_sd",3.5,3.46154403085479,0.116367549739216,3.24185724760215,3.46016123021337,3.69181423562993,TRUE,-0.330469870951084,"diverse_initial",3,"one_step_shared_gamma_poisson","recruit_size"
"lambda",1.03119869581319,0.990809288634928,0.0562689919793185,0.858564185458178,0.993127799984471,1.08648699864909,TRUE,-0.717791553705281,"diverse_initial",3,"one_step_shared_gamma_poisson","lambda"
"survival_50",0.354343693774205,0.333480591814758,0.0198953617904198,0.294560071263512,0.333426153224522,0.373729197708888,TRUE,-1.04864149640608,"standard",4,"recursive_poisson","survival"
"survival_80",0.589040434058665,0.615911124330489,0.0203035186850708,0.57416708592133,0.616613507781767,0.653023136458351,TRUE,1.3234499245484,"standard",4,"recursive_poisson","survival"
"survival_110",0.789181706522253,0.836119449797056,0.0240682948243213,0.784509449422536,0.837107437106003,0.877083033355125,TRUE,1.95018980851824,"standard",4,"recursive_poisson","survival"
"growth_increment_50",12,13.9873153529754,0.952403363268029,12.1681881313889,14.0274230583248,15.7208573297634,FALSE,2.08663201918585,"standard",4,"recursive_poisson","growth"
"growth_increment_80",8.4,9.88776364444766,0.652551406275677,8.68224183276583,9.8925269337446,11.1412448181326,FALSE,2.27991791932349,"standard",4,"recursive_poisson","growth"
"growth_increment_110",4.8,5.78821193591995,0.553400289019767,4.69231792205282,5.76791629795194,6.82435376455758,TRUE,1.78570910700167,"standard",4,"recursive_poisson","growth"
"growth_sd.log_growth_sd",4.5,4.22456915270894,0.575161486242116,3.18257695532072,4.18878983002353,5.43000818064377,TRUE,-0.478875679056023,"standard",4,"recursive_poisson","growth"
"recruitment_50",0.019387103915861,0.0724393132930959,0.0239887805654084,0.036275470998751,0.0694997857021304,0.123868368166466,FALSE,2.21154256810101,"standard",4,"recursive_poisson","recruitment"
"recruitment_80",0.183939720585721,0.370158143214048,0.0564425027510311,0.273341978619283,0.369862300978791,0.489165119196313,FALSE,3.29925877755173,"standard",4,"recursive_poisson","recruitment"
"recruitment_110",1.74517147873092,1.95305655303249,0.138922435964954,1.69160793035659,1.94582484965083,2.22664301100908,TRUE,1.49641109341052,"standard",4,"recursive_poisson","recruitment"
"recruit_mean_50",44,46.0420218520359,1.45484267171719,43.1761510925113,46.0658623055029,49.0340698434685,TRUE,1.40360321547732,"standard",4,"recursive_poisson","recruit_size"
"recruit_mean_80",44.6,45.9312216784635,0.721596133806429,44.5618708510822,45.9174991936745,47.361861023493,TRUE,1.84482928344048,"standard",4,"recursive_poisson","recruit_size"
"recruit_mean_110",45.2,45.8204215048912,0.252455886303747,45.3642290542404,45.8248911820715,46.3444679166338,FALSE,2.45754422277461,"standard",4,"recursive_poisson","recruit_size"
"recruit_sd.log_recruit_sd",3.5,3.77477597252289,0.178281651007618,3.42509159667738,3.76498892404889,4.10512558173207,TRUE,1.54124651061904,"standard",4,"recursive_poisson","recruit_size"
"lambda",1.03119869581319,1.08420487708147,0.0158002592776815,1.051219975215,1.08418737880987,1.11527675435318,FALSE,3.35476654760644,"standard",4,"recursive_poisson","lambda"
"survival_50",0.354343693774205,0.335735779593548,0.0200665175161353,0.295171964080361,0.336326667618795,0.375501333077879,TRUE,-0.927311585864071,"standard",4,"recursive_gamma_poisson","survival"
"survival_80",0.589040434058665,0.617372099746557,0.0223842852027033,0.575444442328648,0.617501997129244,0.660017924507603,TRUE,1.26569445623711,"standard",4,"recursive_gamma_poisson","survival"
"survival_110",0.789181706522253,0.83620592853318,0.0264867000818169,0.780519148830506,0.838416793179421,0.88143726869268,TRUE,1.77538998311115,"standard",4,"recursive_gamma_poisson","survival"
"growth_increment_50",12,13.9918795489617,0.954339579935158,12.1894558420604,14.0199097402482,15.7867839141007,FALSE,2.0871811154443,"standard",4,"recursive_gamma_poisson","growth"
"growth_increment_80",8.4,9.90612955316008,0.642794073893604,8.71607169331807,9.94610195742127,11.126719638377,FALSE,2.34309806877495,"standard",4,"recursive_gamma_poisson","growth"
"growth_increment_110",4.8,5.82037955735846,0.546272047762519,4.75981958757757,5.78044241100858,6.95431899090967,TRUE,1.86789633761757,"standard",4,"recursive_gamma_poisson","growth"
"growth_sd.log_growth_sd",4.5,4.23069029515072,0.566230299023402,3.16448046968415,4.17730590998668,5.50371203277828,TRUE,-0.475618675499645,"standard",4,"recursive_gamma_poisson","growth"
"recruitment_50",0.019387103915861,0.066343668382976,0.0251265001365171,0.0298606405385133,0.0628207041575937,0.12708217949738,FALSE,1.86880640805488,"standard",4,"recursive_gamma_poisson","recruitment"
"recruitment_80",0.183939720585721,0.352493451991811,0.0623037571846562,0.24479903522009,0.351857859187963,0.484595212919965,FALSE,2.70535420370443,"standard",4,"recursive_gamma_poisson","recruitment"
"recruitment_110",1.74517147873092,1.95368166483507,0.145940470517669,1.69738573985014,1.94822520867247,2.23150474228665,TRUE,1.42873450636782,"standard",4,"recursive_gamma_poisson","recruitment"
"recruit_mean_50",44,46.1076086854824,1.55247140703513,43.2861685952815,46.052298855069,49.4677199785754,TRUE,1.35758293256266,"standard",4,"recursive_gamma_poisson","recruit_size"
"recruit_mean_80",44.6,45.9663049941088,0.775732082205348,44.4898117773381,45.9517794469991,47.4812637554191,TRUE,1.76131041302886,"standard",4,"recursive_gamma_poisson","recruit_size"
"recruit_mean_110",45.2,45.8250013027353,0.260331480137127,45.3564474580258,45.8153513627838,46.3241407411581,FALSE,2.40079034009275,"standard",4,"recursive_gamma_poisson","recruit_size"
"recruit_sd.log_recruit_sd",3.5,3.76766503871646,0.196765905306318,3.40212074324526,3.7598594450956,4.15349077735544,TRUE,1.36032224840869,"standard",4,"recursive_gamma_poisson","recruit_size"
"lambda",1.03119869581319,1.08862289594184,0.0170369773606218,1.05550047811,1.08792056327507,1.12094443195169,FALSE,3.37056268334183,"standard",4,"recursive_gamma_poisson","lambda"
"survival_50",0.354343693774205,0.357763828037427,0.029737548339187,0.298050716849712,0.357863632808572,0.417349154138509,TRUE,0.115010633163589,"standard",4,"one_step_poisson","survival"
"survival_80",0.589040434058665,0.613195669599478,0.0396634617784374,0.537925074700849,0.614378038995423,0.691002624849694,TRUE,0.60900472267766,"standard",4,"one_step_poisson","survival"
"survival_110",0.789181706522253,0.815196947924863,0.0471555486662178,0.71856970624958,0.819397930066622,0.893355624846608,TRUE,0.551689931268842,"standard",4,"one_step_poisson","survival"
"growth_increment_50",12,12.8285161075595,1.26112423123951,10.5924028825532,12.7633663284143,15.3328255701239,TRUE,0.656966290105484,"standard",4,"one_step_poisson","growth"
"growth_increment_80",8.4,8.60585958804288,0.878056265785509,6.92806989162867,8.62379744697055,10.3981036976563,TRUE,0.234449198832057,"standard",4,"one_step_poisson","growth"
"growth_increment_110",4.8,4.3832030685262,0.895069558531194,2.63067564432916,4.46915637547442,6.19088115065408,TRUE,-0.465658704958933,"standard",4,"one_step_poisson","growth"
"growth_sd.log_growth_sd",4.5,5.61115836845443,0.836742577951708,3.99917871996488,5.55641906876984,7.36737752607999,TRUE,1.32795724483685,"standard",4,"one_step_poisson","growth"
"recruitment_50",0.019387103915861,0.607583773480595,0.0394797752079767,0.530987626051609,0.607720653536716,0.683106303716992,FALSE,14.8986833503017,"standard",4,"one_step_poisson","recruitment"
"recruitment_80",0.183939720585721,0.139185793754031,0.107295103606391,0.0251423152623937,0.109588031223892,0.423104334702491,TRUE,-0.417110616677054,"standard",4,"one_step_poisson","recruitment"
"recruitment_110",1.74517147873092,0.0487564133036371,0.0861011099448785,0.00109918546933999,0.0193597333797641,0.262518015017776,FALSE,-19.7025922954224,"standard",4,"one_step_poisson","recruitment"
"recruit_mean_50",44,45.6757414902121,0.270982498895845,45.1509254083336,45.6677924544886,46.2577508066098,FALSE,6.18394729194757,"standard",4,"one_step_poisson","recruit_size"
"recruit_mean_80",44.6,45.7030310876299,2.52896467940558,40.8802853747818,45.7415573628457,50.9883371069771,TRUE,0.436159151059855,"standard",4,"one_step_poisson","recruit_size"
"recruit_mean_110",45.2,45.7303206850477,4.91133689068573,36.4403976135217,45.8922190104834,55.7477153253648,TRUE,0.107978885759885,"standard",4,"one_step_poisson","recruit_size"
"recruit_sd.log_recruit_sd",3.5,3.66679947780781,0.191271777469845,3.31132183140605,3.65873229900287,4.05855905722389,TRUE,0.872054832209161,"standard",4,"one_step_poisson","recruit_size"
"lambda",1.03119869581319,0.996226875640853,0.0412820690114596,0.935723744607647,0.989212427822602,1.09060481767242,TRUE,-0.84714310619052,"standard",4,"one_step_poisson","lambda"
"survival_50",0.354343693774205,0.356358779009011,0.031364814255765,0.298027048251412,0.355681603207271,0.417209939635558,TRUE,0.064246681595968,"standard",4,"one_step_gamma_poisson","survival"
"survival_80",0.589040434058665,0.617192243753857,0.0442683079898763,0.52444018099502,0.618620888011072,0.70027903467528,TRUE,0.635935977079347,"standard",4,"one_step_gamma_poisson","survival"
"survival_110",0.789181706522253,0.819741369165141,0.0544240296538243,0.69981774068658,0.825099802390709,0.90241922834195,TRUE,0.561510473172773,"standard",4,"one_step_gamma_poisson","survival"
"growth_increment_50",12,12.8955943687114,1.41129536354829,10.3366815469881,12.8975394304292,15.5260790428307,TRUE,0.634590314574326,"standard",4,"one_step_gamma_poisson","growth"
"growth_increment_80",8.4,8.61583167211884,0.954310010408941,6.77102780622069,8.62887891459357,10.3566974120829,TRUE,0.226165155730003,"standard",4,"one_step_gamma_poisson","growth"
"growth_increment_110",4.8,4.33606897552628,0.935526434087937,2.38708185647744,4.39075858938936,6.19736439636342,TRUE,-0.495903704662301,"standard",4,"one_step_gamma_poisson","growth"
"growth_sd.log_growth_sd",4.5,5.51503612855543,0.838538001587826,4.09772200704827,5.48006133353204,7.31434383440076,TRUE,1.21048315834631,"standard",4,"one_step_gamma_poisson","growth"
"recruitment_50",0.019387103915861,0.620758770229261,0.0476048737136431,0.537668059455247,0.621236725456864,0.716817671479684,FALSE,12.6325651010193,"standard",4,"one_step_gamma_poisson","recruitment"
"recruitment_80",0.183939720585721,0.280949261662515,0.37672900241589,0.0265501706663247,0.170354391994763,1.22674811514884,TRUE,0.257504838901944,"standard",4,"one_step_gamma_poisson","recruitment"
"recruitment_110",1.74517147873092,0.371699643359345,1.67898593991018,0.00115428966822403,0.0467780790575629,2.47393281347716,TRUE,-0.818036531887249,"standard",4,"one_step_gamma_poisson","recruitment"
"recruit_mean_50",44,45.6869841299884,0.309330087459873,45.0900212632835,45.6818092875495,46.2955673933552,FALSE,5.45366971522698,"standard",4,"one_step_gamma_poisson","recruit_size"
"recruit_mean_80",44.6,46.3179146405106,2.51719660187489,41.2826010011822,46.2839835951176,51.4017726419391,TRUE,0.6824713807539,"standard",4,"one_step_gamma_poisson","recruit_size"
"recruit_mean_110",45.2,46.9488451510328,5.07012429925403,36.636472917893,46.8983504798372,56.7984039585056,TRUE,0.34493141544677,"standard",4,"one_step_gamma_poisson","recruit_size"
"recruit_sd.log_recruit_sd",3.5,3.6571934346716,0.234329859784289,3.21700939967649,3.63223157792742,4.13577456102978,TRUE,0.670821186921304,"standard",4,"one_step_gamma_poisson","recruit_size"
"lambda",1.03119869581319,1.03016164844298,0.0859476840581089,0.934948498158883,1.01075878174118,1.25909016150117,TRUE,-0.012066030418074,"standard",4,"one_step_gamma_poisson","lambda"
"survival_50",0.354343693774205,0.362879056435716,0.0357439827054315,0.300747996178338,0.359840260369548,0.432459593391685,TRUE,0.238791595549164,"standard",4,"one_step_shared_gamma_poisson","survival"
"survival_80",0.589040434058665,0.633723571023374,0.053547572839036,0.520902964411356,0.634711579454461,0.738295859333179,TRUE,0.834456812805066,"standard",4,"one_step_shared_gamma_poisson","survival"
"survival_110",0.789181706522253,0.835005863402442,0.0558774063600798,0.706985874547217,0.84020413435825,0.923339893439716,TRUE,0.820083820370862,"standard",4,"one_step_shared_gamma_poisson","survival"
"growth_increment_50",12,12.3030002943053,1.49395862569331,9.65700918669595,12.2082187596654,15.3598938289966,TRUE,0.202817058715205,"standard",4,"one_step_shared_gamma_poisson","growth"
"growth_increment_80",8.4,8.25043247910639,1.05024789217369,6.30209298386169,8.22617105208896,10.3163381605864,TRUE,-0.142411636346209,"standard",4,"one_step_shared_gamma_poisson","growth"
"growth_increment_110",4.8,4.19786466390745,0.988739190406491,2.22844239091993,4.20054485903481,6.03224965666375,TRUE,-0.60899309133787,"standard",4,"one_step_shared_gamma_poisson","growth"
"growth_sd.log_growth_sd",4.5,5.75311981152599,0.845698174471636,4.23781993757399,5.69835301447677,7.51566543983586,TRUE,1.48175773503224,"standard",4,"one_step_shared_gamma_poisson","growth"
"recruitment_50",0.019387103915861,0.419131943199869,0.209104346139576,0.154182771652006,0.371717285595062,0.863528054606598,FALSE,1.91170029061558,"standard",4,"one_step_shared_gamma_poisson","recruitment"
"recruitment_80",0.183939720585721,0.537566842266503,0.0879634797007021,0.395453671477326,0.527361665839641,0.726865806497146,FALSE,4.02015839850818,"standard",4,"one_step_shared_gamma_poisson","recruitment"
"recruitment_110",1.74517147873092,0.972931960772092,0.798968377135375,0.199238853491451,0.723277676552707,3.18549851866841,TRUE,-0.966545785864041,"standard",4,"one_step_shared_gamma_poisson","recruitment"
"recruit_mean_50",44,45.4327930886086,0.883197729855206,43.8966138694596,45.413446115584,47.2758529389737,TRUE,1.62227895314398,"standard",4,"one_step_shared_gamma_poisson","recruit_size"
"recruit_mean_80",44.6,45.660478158008,0.412224146087028,44.8411699778601,45.6272591342304,46.4515724631481,FALSE,2.57257651710697,"standard",4,"one_step_shared_gamma_poisson","recruit_size"
"recruit_mean_110",45.2,45.8881632274073,1.48672565432334,42.8346437600263,45.9031364154484,48.6039771035741,TRUE,0.462871697549661,"standard",4,"one_step_shared_gamma_poisson","recruit_size"
"recruit_sd.log_recruit_sd",3.5,3.63013144499015,0.195882024326738,3.26983348577507,3.61704310785905,4.03983447381858,TRUE,0.664335818651148,"standard",4,"one_step_shared_gamma_poisson","recruit_size"
"lambda",1.03119869581319,1.03162082211396,0.134921466013454,0.89804961862942,1.01228493403382,1.26053575726334,TRUE,0.00312868154517474,"standard",4,"one_step_shared_gamma_poisson","lambda"
"survival_50",0.354343693774205,0.351169356831278,0.0116867759406951,0.327237847531966,0.350955690128481,0.373796935552855,TRUE,-0.271617849014567,"dense_profiles",4,"recursive_poisson","survival"
"survival_80",0.589040434058665,0.581155414526819,0.0118055449595871,0.558449947373625,0.581657137094733,0.602038170482809,TRUE,-0.667908136290029,"dense_profiles",4,"recursive_poisson","survival"
"survival_110",0.789181706522253,0.780303224214956,0.015501894495306,0.749420833453826,0.781030650491007,0.80926268565103,TRUE,-0.572735307286839,"dense_profiles",4,"recursive_poisson","survival"
"growth_increment_50",12,12.9086886434,0.641451047531246,11.6849164148466,12.8918192594844,14.1599906101449,TRUE,1.41661417016509,"dense_profiles",4,"recursive_poisson","growth"
"growth_increment_80",8.4,8.74424879917676,0.471242187949738,7.88338220673365,8.75883408028581,9.64509981467088,TRUE,0.730513540552257,"dense_profiles",4,"recursive_poisson","growth"
"growth_increment_110",4.8,4.57980895495352,0.408307416991591,3.81674854503346,4.57259592925489,5.30204390269974,TRUE,-0.539277602814206,"dense_profiles",4,"recursive_poisson","growth"
"growth_sd.log_growth_sd",4.5,5.8936307234297,0.490439196280893,5.06360289523976,5.87532639716513,6.95577205080376,FALSE,2.84159735599827,"dense_profiles",4,"recursive_poisson","growth"
"recruitment_50",0.019387103915861,0.00985038563331695,0.00395848280609515,0.00406191895711943,0.00912512014900435,0.0187979170172423,FALSE,-2.40918522315159,"dense_profiles",4,"recursive_poisson","recruitment"
"recruitment_80",0.183939720585721,0.120025993859314,0.0266131993430963,0.074611259401872,0.118434369498592,0.17726713287798,FALSE,-2.40157997925895,"dense_profiles",4,"recursive_poisson","recruitment"
"recruitment_110",1.74517147873092,1.50641742423758,0.087375615891744,1.34703105184318,1.5030860937077,1.68733422568891,FALSE,-2.73250210664214,"dense_profiles",4,"recursive_poisson","recruitment"
"recruit_mean_50",44,44.1121448183144,1.22179580270606,41.6244412529563,44.1743280717127,46.3886399112712,TRUE,0.091786874751063,"dense_profiles",4,"recursive_poisson","recruit_size"
"recruit_mean_80",44.6,44.7416150841959,0.734414406745887,43.2388454942466,44.7944479495734,46.0973110180162,TRUE,0.192827214301811,"dense_profiles",4,"recursive_poisson","recruit_size"
"recruit_mean_110",45.2,45.3710853500776,0.260714026793789,44.8302828041315,45.3727534756906,45.8622953028241,TRUE,0.656218432823092,"dense_profiles",4,"recursive_poisson","recruit_size"
"recruit_sd.log_recruit_sd",3.5,3.65149568017652,0.0946204581111311,3.4656076138993,3.64817702317421,3.8558613232246,TRUE,1.60108800148259,"dense_profiles",4,"recursive_poisson","recruit_size"
"lambda",1.03119869581319,1.03937984603495,0.00781281404278136,1.02383121342027,1.03945462848691,1.05373195994022,TRUE,1.04714513579393,"dense_profiles",4,"recursive_poisson","lambda"
"survival_50",0.354343693774205,0.354893549013811,0.0153517748558128,0.324776048687344,0.355745056694401,0.385085106463236,TRUE,0.0358170468737556,"dense_profiles",4,"recursive_gamma_poisson","survival"
"survival_80",0.589040434058665,0.582113538894293,0.0150516775695061,0.551334199527433,0.582623882996949,0.609548961564266,TRUE,-0.460207517227576,"dense_profiles",4,"recursive_gamma_poisson","survival"
"survival_110",0.789181706522253,0.77870876285447,0.0195663436027122,0.737322790565755,0.778883949073357,0.815626937212356,TRUE,-0.535252977277314,"dense_profiles",4,"recursive_gamma_poisson","survival"
"growth_increment_50",12,12.8943802084846,0.921696387590662,11.25355021182,12.9077991296646,14.7348249519648,TRUE,0.970363148349229,"dense_profiles",4,"recursive_gamma_poisson","growth"
"growth_increment_80",8.4,8.79550788088095,0.658823295958678,7.52344576440856,8.80831594335183,10.1171739181235,TRUE,0.600324674775553,"dense_profiles",4,"recursive_gamma_poisson","growth"
"growth_increment_110",4.8,4.69663555327733,0.50706801334296,3.70318242712585,4.71842213225877,5.69236340706458,TRUE,-0.203847302536831,"dense_profiles",4,"recursive_gamma_poisson","growth"
"growth_sd.log_growth_sd",4.5,6.05954608496236,0.656393667766341,4.93991142768864,6.05573197534521,7.44569433556917,FALSE,2.37593103277395,"dense_profiles",4,"recursive_gamma_poisson","growth"
"recruitment_50",0.019387103915861,0.0128094354574954,0.00721641020361779,0.00426631674436354,0.0110598949000184,0.031250811883366,TRUE,-0.911487605716757,"dense_profiles",4,"recursive_gamma_poisson","recruitment"
"recruitment_80",0.183939720585721,0.136198485013411,0.0414495729532385,0.0751202741777362,0.128653461799345,0.234540292824557,TRUE,-1.15179077058694,"dense_profiles",4,"recursive_gamma_poisson","recruitment"
"recruitment_110",1.74517147873092,1.5241800211582,0.1269304792097,1.29816683160629,1.51125073104623,1.797145228285,TRUE,-1.7410432777743,"dense_profiles",4,"recursive_gamma_poisson","recruitment"
"recruit_mean_50",44,44.0253551875819,1.6864807864573,40.7960365393263,44.0712613945321,47.2652645018355,TRUE,0.0150343767835706,"dense_profiles",4,"recursive_gamma_poisson","recruit_size"
"recruit_mean_80",44.6,44.70329217078,1.00143821441352,42.801930862314,44.78274996703,46.6869256976461,TRUE,0.103143827840136,"dense_profiles",4,"recursive_gamma_poisson","recruit_size"
"recruit_mean_110",45.2,45.3812291539782,0.346711704341025,44.6889916896886,45.4032311617606,46.0728521573662,TRUE,0.522708497316533,"dense_profiles",4,"recursive_gamma_poisson","recruit_size"
"recruit_sd.log_recruit_sd",3.5,3.65732326694775,0.138203157023896,3.38673112026031,3.65382803557984,3.93180063863513,TRUE,1.13834785207219,"dense_profiles",4,"recursive_gamma_poisson","recruit_size"
"lambda",1.03119869581319,1.03976268957147,0.0115290849868858,1.01866403016258,1.03936937697933,1.06271696921876,TRUE,0.742816430620749,"dense_profiles",4,"recursive_gamma_poisson","lambda"
"survival_50",0.354343693774205,0.358560003252658,0.0172309019266419,0.326467030857695,0.357385823563468,0.392124911277458,TRUE,0.244694647813789,"dense_profiles",4,"one_step_poisson","survival"
"survival_80",0.589040434058665,0.586197091190557,0.0204047236662005,0.546690061506276,0.586057056208067,0.627726001632745,TRUE,-0.139347286178556,"dense_profiles",4,"one_step_poisson","survival"
"survival_110",0.789181706522253,0.781316898630455,0.0266643569632241,0.725919101039858,0.78181269787855,0.830677607122523,TRUE,-0.29495584321218,"dense_profiles",4,"one_step_poisson","survival"
"growth_increment_50",12,12.7295872904004,0.793163840024132,11.2230552951885,12.7458793706037,14.15706661226,TRUE,0.919844367058084,"dense_profiles",4,"one_step_poisson","growth"
"growth_increment_80",8.4,8.95016327643961,0.640643216416832,7.63880048804383,8.96187934737268,10.1325950284588,TRUE,0.858767036536678,"dense_profiles",4,"one_step_poisson","growth"
"growth_increment_110",4.8,5.17073926247886,0.705498975679959,3.905060545883,5.14679569299234,6.4652255253369,TRUE,0.525499363229468,"dense_profiles",4,"one_step_poisson","growth"
"growth_sd.log_growth_sd",4.5,5.77081317795898,0.647672048000347,4.58279491439064,5.73617663057194,7.13197412169972,FALSE,1.96212447624156,"dense_profiles",4,"one_step_poisson","growth"
"recruitment_50",0.019387103915861,0.0188687407428212,0.00466475349161734,0.0118749063147706,0.0182641150482565,0.0296618248892501,TRUE,-0.111123379610808,"dense_profiles",4,"one_step_poisson","recruitment"
"recruitment_80",0.183939720585721,0.176912924033423,0.0253547393782145,0.134578166944327,0.174902713906968,0.233396944002048,TRUE,-0.277139372149716,"dense_profiles",4,"one_step_poisson","recruitment"
"recruitment_110",1.74517147873092,1.67597738469146,0.0812931027881389,1.52472277034377,1.67314178935973,1.83722295923597,TRUE,-0.851168077810795,"dense_profiles",4,"one_step_poisson","recruitment"
"recruit_mean_50",44,44.6438272567114,1.06985724417234,42.4762546728359,44.6183516272772,46.7716464057717,TRUE,0.601788005099215,"dense_profiles",4,"one_step_poisson","recruit_size"
"recruit_mean_80",44.6,45.0690175547921,0.630015455613737,43.8377208987975,45.058203312419,46.3525841020067,TRUE,0.744454045710929,"dense_profiles",4,"one_step_poisson","recruit_size"
"recruit_mean_110",45.2,45.4942078528727,0.213948082976316,45.0673603385455,45.4972771418582,45.9388020178673,TRUE,1.37513666296907,"dense_profiles",4,"one_step_poisson","recruit_size"
"recruit_sd.log_recruit_sd",3.5,3.65983210657833,0.103888788322482,3.4520446433309,3.65985428011267,3.8621190484172,TRUE,1.53849235474956,"dense_profiles",4,"one_step_poisson","recruit_size"
"lambda",1.03119869581319,1.04962229178377,0.0293926340407164,0.989878048353902,1.05015335937771,1.10407941523374,TRUE,0.626809966914114,"dense_profiles",4,"one_step_poisson","lambda"
"survival_50",0.354343693774205,0.354000522986809,0.0197586208927165,0.312375636161517,0.354468080213324,0.39394403326488,TRUE,-0.0173681548555028,"dense_profiles",4,"one_step_gamma_poisson","survival"
"survival_80",0.589040434058665,0.582075223386673,0.0237537607336695,0.536361588907469,0.582408322523197,0.626767822723763,TRUE,-0.293225596994388,"dense_profiles",4,"one_step_gamma_poisson","survival"
"survival_110",0.789181706522253,0.778757095053933,0.0297176879703249,0.716849955736361,0.780716255145388,0.83202606891012,TRUE,-0.350788105680675,"dense_profiles",4,"one_step_gamma_poisson","survival"
"growth_increment_50",12,13.0204605519549,0.912753244892417,11.2348372205485,13.1026487534976,14.8771005731168,TRUE,1.11800265588231,"dense_profiles",4,"one_step_gamma_poisson","growth"
"growth_increment_80",8.4,9.168407939305,0.705687470647638,7.79853303604986,9.19106487496249,10.4457708049417,TRUE,1.08887853513935,"dense_profiles",4,"one_step_gamma_poisson","growth"
"growth_increment_110",4.8,5.31635532665508,0.736018543058302,3.83291649286067,5.29971456984737,6.7527412636805,TRUE,0.701552062138978,"dense_profiles",4,"one_step_gamma_poisson","growth"
"growth_sd.log_growth_sd",4.5,5.54127766404972,0.688787117599365,4.34683362714557,5.51502897733616,6.97945834346387,TRUE,1.51175542841,"dense_profiles",4,"one_step_gamma_poisson","growth"
"recruitment_50",0.019387103915861,0.0206747247685816,0.00826193384531435,0.00880502241249089,0.0192238117522468,0.0390338188553907,TRUE,0.155849813957402,"dense_profiles",4,"one_step_gamma_poisson","recruitment"
"recruitment_80",0.183939720585721,0.183303244382686,0.0413250910787266,0.116002530597649,0.179521043813668,0.27072827696544,TRUE,-0.0154016890567305,"dense_profiles",4,"one_step_gamma_poisson","recruitment"
"recruitment_110",1.74517147873092,1.67100283551815,0.113377164665509,1.46059519093047,1.67025258609419,1.88551471925427,TRUE,-0.654176204102367,"dense_profiles",4,"one_step_gamma_poisson","recruitment"
"recruit_mean_50",44,44.8512150086008,1.45583742484951,42.0247218940483,44.7764771710613,47.7490325214022,TRUE,0.584690978588327,"dense_profiles",4,"one_step_gamma_poisson","recruit_size"
"recruit_mean_80",44.6,45.2024258312698,0.854905821280308,43.561915308688,45.1560151358014,46.8949155738508,TRUE,0.704669235223558,"dense_profiles",4,"one_step_gamma_poisson","recruit_size"
"recruit_mean_110",45.2,45.5536366539388,0.296415252065382,44.9649065454167,45.548150484584,46.1657973549815,TRUE,1.1930447285512,"dense_profiles",4,"one_step_gamma_poisson","recruit_size"
"recruit_sd.log_recruit_sd",3.5,3.71255721187016,0.134682319075274,3.46101808169932,3.70768585778563,3.99311930194653,TRUE,1.57821170090901,"dense_profiles",4,"one_step_gamma_poisson","recruit_size"
"lambda",1.03119869581319,1.04933187211082,0.0326458827806264,0.982281038225735,1.05101945992523,1.11392094414917,TRUE,0.555450634295224,"dense_profiles",4,"one_step_gamma_poisson","lambda"
"survival_50",0.354343693774205,0.351979104177926,0.0204198291887502,0.311454425696348,0.352236446355039,0.393142942499734,TRUE,-0.115798696180149,"dense_profiles",4,"one_step_shared_gamma_poisson","survival"
"survival_80",0.589040434058665,0.587514468740135,0.0335411441798857,0.519071117820632,0.589368733678758,0.649607029673117,TRUE,-0.0454953268840746,"dense_profiles",4,"one_step_shared_gamma_poisson","survival"
"survival_110",0.789181706522253,0.787052236337626,0.0383869406392454,0.70256898810103,0.790128002525113,0.855262200142938,TRUE,-0.0554738186780685,"dense_profiles",4,"one_step_shared_gamma_poisson","survival"
"growth_increment_50",12,12.759165692524,0.764682467961538,11.3197076053939,12.7237135092752,14.1631993237955,TRUE,0.99278553429868,"dense_profiles",4,"one_step_shared_gamma_poisson","growth"
"growth_increment_80",8.4,8.96724032370215,0.635473876160306,7.70412160350806,8.95498688171793,10.2444368536126,TRUE,0.892625715992543,"dense_profiles",4,"one_step_shared_gamma_poisson","growth"
"growth_increment_110",4.8,5.17531495488027,0.734314551329026,3.80105899930872,5.17419542770644,6.59327725953008,TRUE,0.511109243580962,"dense_profiles",4,"one_step_shared_gamma_poisson","growth"
"growth_sd.log_growth_sd",4.5,5.67407365816231,0.623650542312781,4.54459026941597,5.63745830315192,6.89770855285768,FALSE,1.8825825979535,"dense_profiles",4,"one_step_shared_gamma_poisson","growth"
"recruitment_50",0.019387103915861,0.0226333710463696,0.00779001733879892,0.0124447350951742,0.0211770545779973,0.0407754080339218,TRUE,0.416721425553218,"dense_profiles",4,"one_step_shared_gamma_poisson","recruitment"
"recruitment_80",0.183939720585721,0.194586000698306,0.0375744805794221,0.137762297589051,0.189820997273895,0.279501267194897,TRUE,0.283338051475705,"dense_profiles",4,"one_step_shared_gamma_poisson","recruitment"
"recruitment_110",1.74517147873092,1.70658154555557,0.110508854479801,1.50018973867725,1.69809942095261,1.92787790140556,TRUE,-0.349202182549084,"dense_profiles",4,"one_step_shared_gamma_poisson","recruitment"
"recruit_mean_50",44,44.7784422163583,1.0343866698765,42.6379384929234,44.814003524652,46.7836949336754,TRUE,0.752564044982606,"dense_profiles",4,"one_step_shared_gamma_poisson","recruit_size"
"recruit_mean_80",44.6,45.1555728582909,0.596741593121002,43.8857025441587,45.1505037810711,46.2853240585509,TRUE,0.931010783721609,"dense_profiles",4,"one_step_shared_gamma_poisson","recruit_size"
"recruit_mean_110",45.2,45.5327035002234,0.189120930196106,45.1450023402073,45.5277144842198,45.9009734213147,TRUE,1.75921036280035,"dense_profiles",4,"one_step_shared_gamma_poisson","recruit_size"
"recruit_sd.log_recruit_sd",3.5,3.66751574839265,0.0950872085009697,3.48070676248018,3.66762628394282,3.85629183863827,TRUE,1.76170644856968,"dense_profiles",4,"one_step_shared_gamma_poisson","recruit_size"
"lambda",1.03119869581319,1.04934049191545,0.0451122399070675,0.957080765394263,1.05044164179901,1.13917654984909,TRUE,0.402147978899608,"dense_profiles",4,"one_step_shared_gamma_poisson","lambda"
"survival_50",0.354343693774205,0.356406435061576,0.0151054446331308,0.326910964032261,0.35736661366127,0.384576974384418,TRUE,0.136556144984126,"longer_followup",4,"recursive_poisson","survival"
"survival_80",0.589040434058665,0.586629598664257,0.0120014384067743,0.564390852020494,0.586530169073573,0.61019390936924,TRUE,-0.200878870739941,"longer_followup",4,"recursive_poisson","survival"
"survival_110",0.789181706522253,0.784190156048873,0.0138076014322969,0.755815325042339,0.785150114479875,0.811386676936889,TRUE,-0.361507427474256,"longer_followup",4,"recursive_poisson","survival"
"growth_increment_50",12,11.8220376446167,0.649327260055699,10.4535896072367,11.8421035472039,13.1784113017796,TRUE,-0.274071899226909,"longer_followup",4,"recursive_poisson","growth"
"growth_increment_80",8.4,8.235007380801,0.434064572870458,7.35954738515073,8.2565060961546,9.08184299512425,TRUE,-0.380110770404283,"longer_followup",4,"recursive_poisson","growth"
"growth_increment_110",4.8,4.64797711698529,0.341003752501254,3.93391331330628,4.65985255495211,5.27749157675143,TRUE,-0.445810000328822,"longer_followup",4,"recursive_poisson","growth"
"growth_sd.log_growth_sd",4.5,4.71689359784039,0.553218853276936,3.73021683960978,4.68212222404176,5.90519356539903,TRUE,0.392057495068446,"longer_followup",4,"recursive_poisson","growth"
"recruitment_50",0.019387103915861,0.0397735041851964,0.0100412215507288,0.02340045293945,0.0388150557302442,0.0612280479877435,FALSE,2.03027093529827,"longer_followup",4,"recursive_poisson","recruitment"
"recruitment_80",0.183939720585721,0.246252360986047,0.0319696185327395,0.188742233385193,0.246036221078973,0.307776405212702,FALSE,1.94912054820149,"longer_followup",4,"recursive_poisson","recruitment"
"recruitment_110",1.74517147873092,1.54868591822994,0.0810774085960983,1.39946253863254,1.54775688601543,1.72215696326167,FALSE,-2.42343167971503,"longer_followup",4,"recursive_poisson","recruitment"
"recruit_mean_50",44,41.7996749076376,0.893385637013047,40.1345959055789,41.7851437760672,43.4788809756143,FALSE,-2.46290627608366,"longer_followup",4,"recursive_poisson","recruit_size"
"recruit_mean_80",44.6,43.3495694666569,0.531655249065546,42.349190777277,43.3312302053873,44.3668216488932,FALSE,-2.35195746781568,"longer_followup",4,"recursive_poisson","recruit_size"
"recruit_mean_110",45.2,44.8994640256762,0.21865808422433,44.4677436598841,44.9137044832793,45.3545286510036,TRUE,-1.37445626760106,"longer_followup",4,"recursive_poisson","recruit_size"
"recruit_sd.log_recruit_sd",3.5,3.21429623979188,0.180817478896646,2.90339875557587,3.22350972934552,3.58071285402552,TRUE,-1.58006715916784,"longer_followup",4,"recursive_poisson","recruit_size"
"lambda",1.03119869581319,1.00088314257335,0.00628698762991041,0.989151443880102,1.00062054303021,1.01381450264874,FALSE,-4.82195210558589,"longer_followup",4,"recursive_poisson","lambda"
"survival_50",0.354343693774205,0.356514431524288,0.0170554737640806,0.327047008955485,0.355418631676388,0.393918864421465,TRUE,0.127275136423084,"longer_followup",4,"recursive_gamma_poisson","survival"
"survival_80",0.589040434058665,0.585655701381715,0.0122530649659911,0.558916065095565,0.585919369814959,0.608018774145985,TRUE,-0.276235593816257,"longer_followup",4,"recursive_gamma_poisson","survival"
"survival_110",0.789181706522253,0.782767118811666,0.014132462948872,0.754676279979168,0.782299746433594,0.808109825307724,TRUE,-0.453890290304895,"longer_followup",4,"recursive_gamma_poisson","survival"
"growth_increment_50",12,11.7585914331923,0.657754349747271,10.5071189893883,11.7284446697935,12.9627479173283,TRUE,-0.367019339211481,"longer_followup",4,"recursive_gamma_poisson","growth"
"growth_increment_80",8.4,8.16730910273116,0.437903244389515,7.39257972915495,8.18220313323985,9.05869860785593,TRUE,-0.531375138800903,"longer_followup",4,"recursive_gamma_poisson","growth"
"growth_increment_110",4.8,4.57602677227005,0.365488466385822,3.89366836669703,4.59846109086749,5.30589332202004,TRUE,-0.61280518628875,"longer_followup",4,"recursive_gamma_poisson","growth"
"growth_sd.log_growth_sd",4.5,4.79071097409066,0.631201713275042,3.68034021797472,4.76241143710555,6.07425507431653,TRUE,0.460567466748911,"longer_followup",4,"recursive_gamma_poisson","growth"
"recruitment_50",0.019387103915861,0.0374103814568296,0.0116305589912883,0.0206814336239901,0.036089531543091,0.0650319728719853,FALSE,1.5496484351671,"longer_followup",4,"recursive_gamma_poisson","recruitment"
"recruitment_80",0.183939720585721,0.238860365549812,0.0382487938758606,0.176152552353264,0.236641245693796,0.320921181398,TRUE,1.43587913235486,"longer_followup",4,"recursive_gamma_poisson","recruitment"
"recruitment_110",1.74517147873092,1.55851554549846,0.0914958796322732,1.39713681369685,1.55578293183178,1.73551096809856,FALSE,-2.0400474205247,"longer_followup",4,"recursive_gamma_poisson","recruitment"
"recruit_mean_50",44,41.7344010923301,1.02539216520469,39.893308830396,41.6965147462197,43.6725272500572,FALSE,-2.20949504448147,"longer_followup",4,"recursive_gamma_poisson","recruit_size"
"recruit_mean_80",44.6,43.2999060211135,0.604946302255361,42.2461305488046,43.2560943649824,44.4828835929382,FALSE,-2.14910641496526,"longer_followup",4,"recursive_gamma_poisson","recruit_size"
"recruit_mean_110",45.2,44.8654109498968,0.239746085417473,44.4237016934641,44.8604207632318,45.3145991617781,TRUE,-1.39559755280494,"longer_followup",4,"recursive_gamma_poisson","recruit_size"
"recruit_sd.log_recruit_sd",3.5,3.21656458013893,0.200183591329506,2.82490514362973,3.21757647833825,3.6837683347132,TRUE,-1.41587738524747,"longer_followup",4,"recursive_gamma_poisson","recruit_size"
"lambda",1.03119869581319,0.999606629254995,0.00647499549468606,0.987349119982379,0.99968334440302,1.01221384230427,FALSE,-4.87908703320722,"longer_followup",4,"recursive_gamma_poisson","lambda"
"survival_50",0.354343693774205,0.445804813115407,0.0281346227252306,0.39350113882739,0.446494286638655,0.500896952226327,FALSE,3.25083866360794,"longer_followup",4,"one_step_poisson","survival"
"survival_80",0.589040434058665,0.611686933078763,0.0304843787723712,0.555713360898222,0.612155265616745,0.667893891235729,TRUE,0.742888650912016,"longer_followup",4,"one_step_poisson","survival"
"survival_110",0.789181706522253,0.753450314682297,0.0436457436162568,0.656955559738421,0.757245104996683,0.825130961204654,TRUE,-0.81866841711105,"longer_followup",4,"one_step_poisson","survival"
"growth_increment_50",12,9.30732313286885,0.962959393774128,7.44917680334708,9.35225961293419,11.2295006992787,FALSE,-2.79625172623089,"longer_followup",4,"one_step_poisson","growth"
"growth_increment_80",8.4,7.11350453594777,0.768224073859324,5.57670335854375,7.08298011056807,8.59020612945057,TRUE,-1.6746357056858,"longer_followup",4,"one_step_poisson","growth"
"growth_increment_110",4.8,4.9196859390267,0.992528154562608,3.13601684370802,4.9245213513087,6.92914284665815,TRUE,0.120586946049347,"longer_followup",4,"one_step_poisson","growth"
"growth_sd.log_growth_sd",4.5,7.84029712874115,0.504048007063884,6.92554001423946,7.8136047808027,8.84821117605568,FALSE,6.62694243788131,"longer_followup",4,"one_step_poisson","growth"
"recruitment_50",0.019387103915861,0.0601932156161454,0.0139737022573613,0.0360110310274718,0.0591310534005855,0.0928007060632676,FALSE,2.92020761203696,"longer_followup",4,"one_step_poisson","recruitment"
"recruitment_80",0.183939720585721,0.322672553753465,0.0406436021172215,0.240712003985391,0.319225347333256,0.407017131896267,FALSE,3.41339905768243,"longer_followup",4,"one_step_poisson","recruitment"
"recruitment_110",1.74517147873092,1.75122796097506,0.088248430940623,1.59187919331904,1.74838259344591,1.94625953441215,TRUE,0.0686299142045074,"longer_followup",4,"one_step_poisson","recruitment"
"recruit_mean_50",44,44.169527392771,0.897934149402591,42.2920254896642,44.1798022876034,45.7132361427985,TRUE,0.188797132711591,"longer_followup",4,"one_step_poisson","recruit_size"
"recruit_mean_80",44.6,44.6936097670963,0.483378197174531,43.6894707819093,44.698739540393,45.5394641474494,TRUE,0.193657404581824,"longer_followup",4,"one_step_poisson","recruit_size"
"recruit_mean_110",45.2,45.2176921414215,0.170307269431102,44.8849673593796,45.2151653366582,45.5675236493957,TRUE,0.103883653825219,"longer_followup",4,"one_step_poisson","recruit_size"
"recruit_sd.log_recruit_sd",3.5,3.19756997254621,0.149731866992889,2.91259336363809,3.19439228394629,3.48858798607246,FALSE,-2.01981070247493,"longer_followup",4,"one_step_poisson","recruit_size"
"lambda",1.03119869581319,1.00034033866917,0.0403094749267538,0.914202812713203,0.999650751134674,1.07997705339547,TRUE,-0.765536073096829,"longer_followup",4,"one_step_poisson","lambda"
"survival_50",0.354343693774205,0.433073614294428,0.0298438413441334,0.378593700633306,0.431436035593179,0.492510284582919,FALSE,2.63806256079364,"longer_followup",4,"one_step_gamma_poisson","survival"
"survival_80",0.589040434058665,0.60408104815613,0.0316163863166906,0.540441828485335,0.605536544202249,0.660731106879269,TRUE,0.475722112793284,"longer_followup",4,"one_step_gamma_poisson","survival"
"survival_110",0.789181706522253,0.751214363531508,0.0439586966696138,0.657913392687755,0.754434846471415,0.83022056225456,TRUE,-0.863704929108806,"longer_followup",4,"one_step_gamma_poisson","survival"
"growth_increment_50",12,9.82680486765251,1.02686295195218,7.86418974742337,9.79930311238087,11.8191505457199,FALSE,-2.11634388816542,"longer_followup",4,"one_step_gamma_poisson","growth"
"growth_increment_80",8.4,7.3602192553939,0.778869765414033,5.90752495362221,7.33864647090821,8.83846253006369,TRUE,-1.33498665730512,"longer_followup",4,"one_step_gamma_poisson","growth"
"growth_increment_110",4.8,4.89363364313529,0.990839729664527,2.86849784728018,4.89089858550802,6.88439294498284,TRUE,0.0944992821058849,"longer_followup",4,"one_step_gamma_poisson","growth"
"growth_sd.log_growth_sd",4.5,7.94176803492756,0.53256504922886,6.88338048659517,7.94761460073824,9.01134422440034,FALSE,6.462624687653,"longer_followup",4,"one_step_gamma_poisson","growth"
"recruitment_50",0.019387103915861,0.0682704975454675,0.0218512139187137,0.0357300327633481,0.064951128142582,0.120494410514384,FALSE,2.23710196657504,"longer_followup",4,"one_step_gamma_poisson","recruitment"
"recruitment_80",0.183939720585721,0.34882648568327,0.0578360441950019,0.254867400965114,0.344096251152782,0.477761484610356,FALSE,2.85093435058615,"longer_followup",4,"one_step_gamma_poisson","recruitment"
"recruitment_110",1.74517147873092,1.82462689369448,0.113728954740311,1.61220062002483,1.82014549510717,2.06478367577939,TRUE,0.698638399913103,"longer_followup",4,"one_step_gamma_poisson","recruitment"
"recruit_mean_50",44,44.403816512301,1.13193098257745,42.3623941499498,44.4123549829956,46.5437939384934,TRUE,0.356750118617195,"longer_followup",4,"one_step_gamma_poisson","recruit_size"
"recruit_mean_80",44.6,44.8340522389455,0.596132796212969,43.7615293145955,44.8278313660622,45.9687167891334,TRUE,0.392617618813051,"longer_followup",4,"one_step_gamma_poisson","recruit_size"
"recruit_mean_110",45.2,45.2642879655901,0.19023970747543,44.88289375763,45.2687847824168,45.62303264698,TRUE,0.337931373230345,"longer_followup",4,"one_step_gamma_poisson","recruit_size"
"recruit_sd.log_recruit_sd",3.5,3.24661596153208,0.181111090184214,2.90380988303155,3.22758048124773,3.62668062676829,TRUE,-1.39905313479257,"longer_followup",4,"one_step_gamma_poisson","recruit_size"
"lambda",1.03119869581319,1.00104030568031,0.042513567610057,0.912715958162947,0.999702260167692,1.08187756610048,TRUE,-0.709382717759638,"longer_followup",4,"one_step_gamma_poisson","lambda"
"survival_50",0.354343693774205,0.4377860917816,0.0282734581091824,0.382997049169075,0.437540185114064,0.492342915836582,FALSE,2.95126254755147,"longer_followup",4,"one_step_shared_gamma_poisson","survival"
"survival_80",0.589040434058665,0.634104742046412,0.0393892895398957,0.547525036819693,0.638088196828538,0.707759516170849,TRUE,1.14407516647648,"longer_followup",4,"one_step_shared_gamma_poisson","survival"
"survival_110",0.789181706522253,0.791307502686441,0.0489107329485836,0.683815579140076,0.795043819243386,0.875399594355981,TRUE,0.0434627746515788,"longer_followup",4,"one_step_shared_gamma_poisson","survival"
"growth_increment_50",12,9.43886987801807,0.969473724998663,7.54334377036962,9.41975489430537,11.1592976469644,FALSE,-2.64177363031212,"longer_followup",4,"one_step_shared_gamma_poisson","growth"
"growth_increment_80",8.4,7.09416216956938,0.801069009803404,5.40078770571117,7.10576095460858,8.66382605668727,TRUE,-1.63011902151988,"longer_followup",4,"one_step_shared_gamma_poisson","growth"
"growth_increment_110",4.8,4.74945446112069,1.01130313497062,2.75621952197266,4.74967380208039,6.65725815146503,TRUE,-0.0499806013958202,"longer_followup",4,"one_step_shared_gamma_poisson","growth"
"growth_sd.log_growth_sd",4.5,7.76997274912518,0.518434915129717,6.82711186915831,7.76869925581156,8.82071125716057,FALSE,6.30739298935336,"longer_followup",4,"one_step_shared_gamma_poisson","growth"
"recruitment_50",0.019387103915861,0.0682193457008798,0.0209231604692669,0.0372240178594834,0.0644136350249427,0.117599779630926,FALSE,2.3338845896033,"longer_followup",4,"one_step_shared_gamma_poisson","recruitment"
"recruitment_80",0.183939720585721,0.348387060993491,0.0547731530883994,0.258018238765617,0.343352147977264,0.465796626396202,FALSE,3.00233474129863,"longer_followup",4,"one_step_shared_gamma_poisson","recruitment"
"recruitment_110",1.74517147873092,1.81969906291615,0.113523241679929,1.60250760803047,1.81452411796248,2.05298179873616,TRUE,0.656496265278908,"longer_followup",4,"one_step_shared_gamma_poisson","recruitment"
"recruit_mean_50",44,44.1793257381234,0.943335678623277,42.3322804591475,44.1747629873064,45.993058196126,TRUE,0.190097482992632,"longer_followup",4,"one_step_shared_gamma_poisson","recruit_size"
"recruit_mean_80",44.6,44.7067910236293,0.50007148945715,43.7710148099362,44.6905048504734,45.6217263961439,TRUE,0.213551513894895,"longer_followup",4,"one_step_shared_gamma_poisson","recruit_size"
"recruit_mean_110",45.2,45.2342563091351,0.167212042980189,44.8907396282338,45.2424397670747,45.5316519703742,TRUE,0.204867475598785,"longer_followup",4,"one_step_shared_gamma_poisson","recruit_size"
"recruit_sd.log_recruit_sd",3.5,3.23760911292092,0.160043073480496,2.95269447332744,3.23013522838389,3.55792110016914,TRUE,-1.6395016752228,"longer_followup",4,"one_step_shared_gamma_poisson","recruit_size"
"lambda",1.03119869581319,1.02984264858181,0.0484216393701932,0.919354708052862,1.03061783491458,1.11872632699383,TRUE,-0.028004983908361,"longer_followup",4,"one_step_shared_gamma_poisson","lambda"
"survival_50",0.354343693774205,0.341537252979903,0.0162918346197495,0.307766261059708,0.342279359024826,0.370406917389874,TRUE,-0.786064988578812,"diverse_initial",4,"recursive_poisson","survival"
"survival_80",0.589040434058665,0.574847010059219,0.0147794080210521,0.546898692599201,0.57437482024408,0.602398020856708,TRUE,-0.96035131983832,"diverse_initial",4,"recursive_poisson","survival"
"survival_110",0.789181706522253,0.778667112212763,0.0185308659440275,0.743108971706049,0.778998265951916,0.81421913058606,TRUE,-0.567409766022231,"diverse_initial",4,"recursive_poisson","survival"
"growth_increment_50",12,12.9112538131763,0.427788055059076,12.0300197011913,12.9223378450869,13.7117034702398,FALSE,2.13015254259605,"diverse_initial",4,"recursive_poisson","growth"
"growth_increment_80",8.4,9.12679021095968,0.322395455855948,8.48831783655138,9.12386299470633,9.74986836356953,FALSE,2.25434384312297,"diverse_initial",4,"recursive_poisson","growth"
"growth_increment_110",4.8,5.34232660874305,0.323172736423485,4.71685601837252,5.34749733109771,6.00508495935462,TRUE,1.67813230393415,"diverse_initial",4,"recursive_poisson","growth"
"growth_sd.log_growth_sd",4.5,4.32930658939385,0.387545685176808,3.64268565406081,4.31270683688851,5.17823923711529,TRUE,-0.440447196640245,"diverse_initial",4,"recursive_poisson","growth"
"recruitment_50",0.019387103915861,0.0721200061026784,0.0183160972352874,0.0438876514027266,0.0700853537395984,0.118273180186578,FALSE,2.87904685749448,"diverse_initial",4,"recursive_poisson","recruitment"
"recruitment_80",0.183939720585721,0.415635440403833,0.0560692618834151,0.316846147504852,0.412505487735246,0.552458548363979,FALSE,4.13231264395592,"diverse_initial",4,"recursive_poisson","recruitment"
"recruitment_110",1.74517147873092,2.42756503288646,0.0971867771844905,2.24921382628573,2.42249760223535,2.63728304691791,FALSE,7.02146499682921,"diverse_initial",4,"recursive_poisson","recruitment"
"recruit_mean_50",44,43.622746885663,1.27956871381983,40.9885218068978,43.5083509095369,46.153323467384,TRUE,-0.294828335721691,"diverse_initial",4,"recursive_poisson","recruit_size"
"recruit_mean_80",44.6,44.5080943604994,0.71908820901689,43.1297422814491,44.4728648694131,45.9740920204076,TRUE,-0.127808575287599,"diverse_initial",4,"recursive_poisson","recruit_size"
"recruit_mean_110",45.2,45.3934418353359,0.19538980166823,44.9964147188399,45.3917776037396,45.7814145556177,TRUE,0.990030358208739,"diverse_initial",4,"recursive_poisson","recruit_size"
"recruit_sd.log_recruit_sd",3.5,3.55443217190456,0.139349930507454,3.28057895412848,3.54786133350342,3.8178270821662,TRUE,0.3906149913842,"diverse_initial",4,"recursive_poisson","recruit_size"
"lambda",1.03119869581319,1.03900493197238,0.0132348675851998,1.01082463866211,1.0391029746218,1.06477374701466,TRUE,0.589823517986711,"diverse_initial",4,"recursive_poisson","lambda"
"survival_50",0.354343693774205,0.340733287731817,0.0166660910505453,0.30664133779997,0.341444751862875,0.376640032140195,TRUE,-0.816652567246222,"diverse_initial",4,"recursive_gamma_poisson","survival"
"survival_80",0.589040434058665,0.580045955260109,0.0168811649842251,0.545939395218771,0.579723844949617,0.612465979504022,TRUE,-0.532811497723115,"diverse_initial",4,"recursive_gamma_poisson","survival"
"survival_110",0.789181706522253,0.786455980308026,0.0196685313665147,0.746186646378811,0.786882720008338,0.821700620201602,TRUE,-0.138583108389447,"diverse_initial",4,"recursive_gamma_poisson","survival"
"growth_increment_50",12,12.8162775119812,0.441502575941684,11.9570101058666,12.8248302798189,13.6875488377209,TRUE,1.8488623995912,"diverse_initial",4,"recursive_gamma_poisson","growth"
"growth_increment_80",8.4,9.08824448485522,0.308501405322366,8.48270450804424,9.09236625915828,9.68756975717125,FALSE,2.23092819994141,"diverse_initial",4,"recursive_gamma_poisson","growth"
"growth_increment_110",4.8,5.36021145772919,0.292820933495366,4.79920897657645,5.35516805737011,5.95700541099958,TRUE,1.91315371835621,"diverse_initial",4,"recursive_gamma_poisson","growth"
"growth_sd.log_growth_sd",4.5,4.3553481137324,0.366898220492714,3.6517318996928,4.33103522588104,5.16825769765532,TRUE,-0.394256167482476,"diverse_initial",4,"recursive_gamma_poisson","growth"
"recruitment_50",0.019387103915861,0.0675486927409317,0.0172007051380068,0.0406391322575531,0.0645696266521503,0.104966483022398,FALSE,2.79997758456149,"diverse_initial",4,"recursive_gamma_poisson","recruitment"
"recruitment_80",0.183939720585721,0.399469501812244,0.0551318397363214,0.305604718223814,0.393722577625579,0.520081914392692,FALSE,3.90935224105227,"diverse_initial",4,"recursive_gamma_poisson","recruitment"
"recruitment_110",1.74517147873092,2.39361934769005,0.112753893572344,2.1866228982714,2.38601061178808,2.63063189512329,FALSE,5.7510020134522,"diverse_initial",4,"recursive_gamma_poisson","recruitment"
"recruit_mean_50",44,44.0557287815916,1.32412703953659,41.3708562888923,44.1546618571391,46.7617257275545,TRUE,0.0420871864463199,"diverse_initial",4,"recursive_gamma_poisson","recruit_size"
"recruit_mean_80",44.6,44.7357892208412,0.738810405583571,43.2134980594032,44.7866598815706,46.2071657562216,TRUE,0.1837944076247,"diverse_initial",4,"recursive_gamma_poisson","recruit_size"
"recruit_mean_110",45.2,45.4158496600907,0.199958839804198,45.0302256280456,45.4173145006134,45.7987144889647,TRUE,1.0794704565305,"diverse_initial",4,"recursive_gamma_poisson","recruit_size"
"recruit_sd.log_recruit_sd",3.5,3.56625843577491,0.130118640911361,3.31160110072167,3.56403747994608,3.81620287857117,TRUE,0.509215553673427,"diverse_initial",4,"recursive_gamma_poisson","recruit_size"
"lambda",1.03119869581319,1.0452593779825,0.015078784901828,1.01483541289483,1.04534195532161,1.07173492647681,TRUE,0.932481115743231,"diverse_initial",4,"recursive_gamma_poisson","lambda"
"survival_50",0.354343693774205,0.336570009500172,0.0193747304309604,0.297812222460225,0.337133562459782,0.373914638634095,TRUE,-0.917364209910774,"diverse_initial",4,"one_step_poisson","survival"
"survival_80",0.589040434058665,0.572114589453776,0.0330484539805812,0.504898166453899,0.573391099031193,0.631771034349514,TRUE,-0.512152387365353,"diverse_initial",4,"one_step_poisson","survival"
"survival_110",0.789181706522253,0.776449060296274,0.0450718230149183,0.677662686171996,0.782243701729027,0.85016274013329,TRUE,-0.28249681007498,"diverse_initial",4,"one_step_poisson","survival"
"growth_increment_50",12,12.8646226161201,0.578685654582728,11.7376672372901,12.8299528949286,13.9714908156184,TRUE,1.49411448041433,"diverse_initial",4,"one_step_poisson","growth"
"growth_increment_80",8.4,9.15130270754562,0.448787414300325,8.16875110366204,9.16663332380098,10.0109607328788,TRUE,1.6740725867211,"diverse_initial",4,"one_step_poisson","growth"
"growth_increment_110",4.8,5.43798279897116,0.601423663271891,4.18403862968065,5.47292397366532,6.4557026759773,TRUE,1.06078765757299,"diverse_initial",4,"one_step_poisson","growth"
"growth_sd.log_growth_sd",4.5,4.59662338325214,0.433782155856457,3.75700110361594,4.60275561489254,5.53389177200414,TRUE,0.222746330036026,"diverse_initial",4,"one_step_poisson","growth"
"recruitment_50",0.019387103915861,0.106138460943002,0.0231443241893395,0.0678033331095866,0.103703302226124,0.156861303586743,FALSE,3.748277820404,"diverse_initial",4,"one_step_poisson","recruitment"
"recruitment_80",0.183939720585721,0.484087145373368,0.057079389078316,0.381752080241869,0.479506541962934,0.60674103633577,FALSE,5.25842041469344,"diverse_initial",4,"one_step_poisson","recruitment"
"recruitment_110",1.74517147873092,2.23058248461957,0.072497424973335,2.08629014509895,2.22475852330395,2.37209532618279,FALSE,6.6955620295092,"diverse_initial",4,"one_step_poisson","recruitment"
"recruit_mean_50",44,44.1108163085552,1.15711963217951,41.8956885761851,44.0571658754163,46.3735297798184,TRUE,0.0957691024103647,"diverse_initial",4,"one_step_poisson","recruit_size"
"recruit_mean_80",44.6,44.803868039667,0.628356424029289,43.6507686598509,44.782227727999,46.0705771847568,TRUE,0.324446495445583,"diverse_initial",4,"one_step_poisson","recruit_size"
"recruit_mean_110",45.2,45.4969197707788,0.159437405283437,45.1923395568251,45.4924858289279,45.8073157033678,TRUE,1.86229680701912,"diverse_initial",4,"one_step_poisson","recruit_size"
"recruit_sd.log_recruit_sd",3.5,3.56239705328878,0.133793774255646,3.31257075501427,3.56045994114083,3.83895739155625,TRUE,0.466367389932153,"diverse_initial",4,"one_step_poisson","recruit_size"
"lambda",1.03119869581319,1.02407437536873,0.0416070241842241,0.933839268985935,1.02712510158154,1.09161584306878,TRUE,-0.171228790910875,"diverse_initial",4,"one_step_poisson","lambda"
"survival_50",0.354343693774205,0.341691482507332,0.0218668647398993,0.301190102267659,0.341770630083453,0.384702126551632,TRUE,-0.578601981462239,"diverse_initial",4,"one_step_gamma_poisson","survival"
"survival_80",0.589040434058665,0.57866847177616,0.0371278487275152,0.515965852409119,0.577669724181591,0.648983978698808,TRUE,-0.279358019330077,"diverse_initial",4,"one_step_gamma_poisson","survival"
"survival_110",0.789181706522253,0.781176617147782,0.0485063767621505,0.677830664948405,0.784256132542493,0.863817313375436,TRUE,-0.16503169085837,"diverse_initial",4,"one_step_gamma_poisson","survival"
"growth_increment_50",12,12.6885332045915,0.682723888842763,11.2528171747617,12.6779443714975,13.9585634184347,TRUE,1.00850902662654,"diverse_initial",4,"one_step_gamma_poisson","growth"
"growth_increment_80",8.4,9.02713915182986,0.523530356940675,7.95676849496821,9.02099983504221,10.025247640849,TRUE,1.19790408238147,"diverse_initial",4,"one_step_gamma_poisson","growth"
"growth_increment_110",4.8,5.36574509906823,0.60920888192253,4.14483502237636,5.37161912477724,6.56569056778843,TRUE,0.928655369046591,"diverse_initial",4,"one_step_gamma_poisson","growth"
"growth_sd.log_growth_sd",4.5,4.625259724859,0.438264175367632,3.80903872709213,4.60495501616453,5.49103330956145,TRUE,0.285808724278984,"diverse_initial",4,"one_step_gamma_poisson","growth"
"recruitment_50",0.019387103915861,0.0951892242411767,0.0252655386095747,0.0559678593217824,0.0906487658436604,0.154265846512072,FALSE,3.00021786579247,"diverse_initial",4,"one_step_gamma_poisson","recruitment"
"recruitment_80",0.183939720585721,0.458383964086764,0.0650163471924923,0.349400438572275,0.451477852106734,0.609141356225225,FALSE,4.22115752963639,"diverse_initial",4,"one_step_gamma_poisson","recruitment"
"recruitment_110",1.74517147873092,2.24158667876424,0.0992438689148812,2.06128816642069,2.23023742147244,2.44141730483822,FALSE,5.00197347665958,"diverse_initial",4,"one_step_gamma_poisson","recruitment"
"recruit_mean_50",44,44.3376769711346,1.05923435351238,42.3665938398306,44.4116599296254,46.426293588223,TRUE,0.318793447375352,"diverse_initial",4,"one_step_gamma_poisson","recruit_size"
"recruit_mean_80",44.6,44.890398943101,0.581930178721399,43.7917012475644,44.9034987361211,46.0377758232349,TRUE,0.499027123389631,"diverse_initial",4,"one_step_gamma_poisson","recruit_size"
"recruit_mean_110",45.2,45.4431209150673,0.188021921804521,45.0891236745481,45.4447356592537,45.7798603666998,TRUE,1.29304558071699,"diverse_initial",4,"one_step_gamma_poisson","recruit_size"
"recruit_sd.log_recruit_sd",3.5,3.53137213493834,0.13884144279255,3.24696352061644,3.53531717169033,3.80217322363396,TRUE,0.225956561004751,"diverse_initial",4,"one_step_gamma_poisson","recruit_size"
"lambda",1.03119869581319,1.02845644999112,0.0440405815621609,0.937244854760712,1.03032511129966,1.09845438988908,TRUE,-0.0622663399257182,"diverse_initial",4,"one_step_gamma_poisson","lambda"
"survival_50",0.354343693774205,0.354305996791564,0.025983211588811,0.30291173960266,0.35390218557846,0.40733788301161,TRUE,-0.00145082075444013,"diverse_initial",4,"one_step_shared_gamma_poisson","survival"
"survival_80",0.589040434058665,0.574809371147246,0.043490736072364,0.484212231803925,0.57350449595061,0.664374932822569,TRUE,-0.327220557677844,"diverse_initial",4,"one_step_shared_gamma_poisson","survival"
"survival_110",0.789181706522253,0.765878165612612,0.0546714843008439,0.654247212925835,0.768793035675322,0.854850989277242,TRUE,-0.426246720893969,"diverse_initial",4,"one_step_shared_gamma_poisson","survival"
"growth_increment_50",12,12.7364156378081,0.641111458025571,11.464803997517,12.7587591249659,13.9026999186704,TRUE,1.14865461939494,"diverse_initial",4,"one_step_shared_gamma_poisson","growth"
"growth_increment_80",8.4,9.08517718799816,0.473185070627648,8.18030284212897,9.09525885686632,9.99172794152066,TRUE,1.44801100146569,"diverse_initial",4,"one_step_shared_gamma_poisson","growth"
"growth_increment_110",4.8,5.43393873818824,0.59005898004301,4.41089022860685,5.43695591237662,6.5456284067129,TRUE,1.07436503744427,"diverse_initial",4,"one_step_shared_gamma_poisson","growth"
"growth_sd.log_growth_sd",4.5,4.679070584951,0.464748430999405,3.8037805652833,4.64657406641911,5.58515196309151,TRUE,0.385306486276715,"diverse_initial",4,"one_step_shared_gamma_poisson","growth"
"recruitment_50",0.019387103915861,0.0897179141884449,0.0260108515025947,0.0498983715913972,0.0857769608575255,0.149044925860351,FALSE,2.70390264869138,"diverse_initial",4,"one_step_shared_gamma_poisson","recruitment"
"recruitment_80",0.183939720585721,0.442462087506179,0.0681592511890919,0.327268625756465,0.438671179852173,0.582320156652896,FALSE,3.79291677080266,"diverse_initial",4,"one_step_shared_gamma_poisson","recruitment"
"recruitment_110",1.74517147873092,2.22169700108337,0.115526146508525,1.99553775057642,2.22211735109627,2.44705791384271,FALSE,4.12482833327509,"diverse_initial",4,"one_step_shared_gamma_poisson","recruitment"
"recruit_mean_50",44,43.7791405257811,1.18190632264555,41.6424171020499,43.7674124452056,46.0245482400087,TRUE,-0.186867156886431,"diverse_initial",4,"one_step_shared_gamma_poisson","recruit_size"
"recruit_mean_80",44.6,44.5938527856782,0.666992404532926,43.3112845633736,44.6040104262531,45.8792222703782,TRUE,-0.0092163183269424,"diverse_initial",4,"one_step_shared_gamma_poisson","recruit_size"
"recruit_mean_110",45.2,45.4085650455752,0.201518589770532,45.013257017865,45.4245016706567,45.7687199514136,TRUE,1.03496677806615,"diverse_initial",4,"one_step_shared_gamma_poisson","recruit_size"
"recruit_sd.log_recruit_sd",3.5,3.51245449225445,0.142577269341535,3.22797963177375,3.51475036799411,3.78954857650375,TRUE,0.0873525794957843,"diverse_initial",4,"one_step_shared_gamma_poisson","recruit_size"
"lambda",1.03119869581319,1.0232883352352,0.0574464583612676,0.90190717795729,1.02583107993582,1.1240850829646,TRUE,-0.137699708626821,"diverse_initial",4,"one_step_shared_gamma_poisson","lambda"
"survival_50",0.354343693774205,0.373268998075728,0.0198865462169689,0.333405673759594,0.37335643666781,0.412057480268002,TRUE,0.951663707465463,"standard",5,"recursive_poisson","survival"
"survival_80",0.589040434058665,0.567052801759798,0.0200895278892565,0.531361766231902,0.566438559866932,0.605358718836843,TRUE,-1.09448228052317,"standard",5,"recursive_poisson","survival"
"survival_110",0.789181706522253,0.741463529011265,0.0303728809788967,0.682691723938074,0.743697727033798,0.798344886003699,TRUE,-1.5710784085363,"standard",5,"recursive_poisson","survival"
"growth_increment_50",12,13.0508363658267,1.0622672325308,10.8978357380112,13.0901304928955,15.0893267017876,TRUE,0.989239179790142,"standard",5,"recursive_poisson","growth"
"growth_increment_80",8.4,8.6431269458316,0.754320924892149,7.11349561437009,8.67903861695456,9.99992638290451,TRUE,0.322312344532093,"standard",5,"recursive_poisson","growth"
"growth_increment_110",4.8,4.2354175258365,0.614992143496141,3.04569191409145,4.25694215081577,5.37647773177749,TRUE,-0.918032010870795,"standard",5,"recursive_poisson","growth"
"growth_sd.log_growth_sd",4.5,5.16092131509839,0.856817095056933,3.7344696557145,5.05251625424999,7.04962985423566,TRUE,0.77136803048318,"standard",5,"recursive_poisson","growth"
"recruitment_50",0.019387103915861,0.00278846853669231,0.00177230519825836,0.000825098424525598,0.00234655878388579,0.00783659533193756,FALSE,-9.36556265561943,"standard",5,"recursive_poisson","recruitment"
"recruitment_80",0.183939720585721,0.0525071162704749,0.0192668081486334,0.0259725648559976,0.0492705598639411,0.103850825753241,FALSE,-6.82171137540336,"standard",5,"recursive_poisson","recruitment"
"recruitment_110",1.74517147873092,1.04068646098617,0.143941745556997,0.788780200242295,1.03397396677754,1.38293733407394,FALSE,-4.89423700552387,"standard",5,"recursive_poisson","recruitment"
"recruit_mean_50",44,45.2300387099291,2.6867314153042,39.9583886649136,45.2116272688336,50.3127404151662,TRUE,0.457819751882349,"standard",5,"recursive_poisson","recruit_size"
"recruit_mean_80",44.6,45.2344316083883,1.67805770261979,41.8751540684498,45.227520249286,48.5024282260523,TRUE,0.378074965716511,"standard",5,"recursive_poisson","recruit_size"
"recruit_mean_110",45.2,45.2388245068475,0.68637862447673,43.9476566626274,45.226120935901,46.6080004256056,TRUE,0.0565642714720049,"standard",5,"recursive_poisson","recruit_size"
"recruit_sd.log_recruit_sd",3.5,3.61103012658513,0.172049132005644,3.27213124397407,3.6069093124396,3.95613290276847,TRUE,0.645339649731476,"standard",5,"recursive_poisson","recruit_size"
"lambda",1.03119869581319,0.994723003809667,0.0172918608492027,0.960013432352859,0.995320572358769,1.02758328739981,FALSE,-2.10941392147554,"standard",5,"recursive_poisson","lambda"
"survival_50",0.354343693774205,0.375200626153772,0.0214258056928111,0.333719817961444,0.37549051197581,0.419369102499652,TRUE,0.973449151859206,"standard",5,"recursive_gamma_poisson","survival"
"survival_80",0.589040434058665,0.567094005338459,0.0232176392076775,0.520585071596871,0.566601834123826,0.610727038618793,TRUE,-0.945248072980162,"standard",5,"recursive_gamma_poisson","survival"
"survival_110",0.789181706522253,0.739807911197971,0.033209412686459,0.671398708996515,0.739979498960809,0.802165885263011,TRUE,-1.48674099691062,"standard",5,"recursive_gamma_poisson","survival"
"growth_increment_50",12,13.0623866839746,1.14870966149619,10.8765451712847,13.0373307344323,15.2995124287118,TRUE,0.924852222963658,"standard",5,"recursive_gamma_poisson","growth"
"growth_increment_80",8.4,8.71126325151543,0.852594288332285,6.97900940394795,8.6494404871326,10.424572673017,TRUE,0.365077805205891,"standard",5,"recursive_gamma_poisson","growth"
"growth_increment_110",4.8,4.36013981905629,0.744041409934208,2.94329181211137,4.35148327553067,5.89486218779012,TRUE,-0.591177016589175,"standard",5,"recursive_gamma_poisson","growth"
"growth_sd.log_growth_sd",4.5,5.22900017131246,0.898335443800592,3.73496838275464,5.11092365520074,7.20149238032324,TRUE,0.811501067160693,"standard",5,"recursive_gamma_poisson","growth"
"recruitment_50",0.019387103915861,0.0031624662900358,0.00247768256550231,0.000662401261093283,0.00246257019272203,0.0101375695849291,FALSE,-6.5483116569196,"standard",5,"recursive_gamma_poisson","recruitment"
"recruitment_80",0.183939720585721,0.0550735242577651,0.0248184448628559,0.0218313527389113,0.0492276804117497,0.120927004377782,FALSE,-5.19235580795078,"standard",5,"recursive_gamma_poisson","recruitment"
"recruitment_110",1.74517147873092,1.03850052845534,0.170073661250001,0.739852991795191,1.02218034286468,1.40867626082269,FALSE,-4.1550875372572,"standard",5,"recursive_gamma_poisson","recruitment"
"recruit_mean_50",44,45.5675255216392,3.14547795015633,39.6398271112197,45.3756241467204,51.7312627107607,TRUE,0.498342556037075,"standard",5,"recursive_gamma_poisson","recruit_size"
"recruit_mean_80",44.6,45.4419078066838,1.9566202924941,41.8694348000846,45.3607088747728,49.2782263725783,TRUE,0.430286760243421,"standard",5,"recursive_gamma_poisson","recruit_size"
"recruit_mean_110",45.2,45.3162900917285,0.785086471455776,43.8013966562099,45.3025142529087,46.891557651546,TRUE,0.148123927690277,"standard",5,"recursive_gamma_poisson","recruit_size"
"recruit_sd.log_recruit_sd",3.5,3.63980272771389,0.191788029694295,3.29149721317036,3.63011738051929,4.0353802874662,TRUE,0.728943969739578,"standard",5,"recursive_gamma_poisson","recruit_size"
"lambda",1.03119869581319,0.997529626511589,0.018214992033787,0.963760849422135,0.997345650396695,1.03217017082639,TRUE,-1.84842624356636,"standard",5,"recursive_gamma_poisson","lambda"
"survival_50",0.354343693774205,0.424559739937367,0.0390711821283785,0.349496038557378,0.425427425862996,0.495616269560858,TRUE,1.79713134689526,"standard",5,"one_step_poisson","survival"
"survival_80",0.589040434058665,0.570087233646552,0.0377710724380527,0.492319781129876,0.570012736354281,0.638837479207423,TRUE,-0.501791428961879,"standard",5,"one_step_poisson","survival"
"survival_110",0.789181706522253,0.70226088444447,0.0582592154996589,0.576253532544445,0.710840963335482,0.802644405334629,TRUE,-1.49196691600304,"standard",5,"one_step_poisson","survival"
"growth_increment_50",12,12.6202146591531,1.65727001330517,9.21286912502857,12.6343992573796,15.7766643206717,TRUE,0.374238750580044,"standard",5,"one_step_poisson","growth"
"growth_increment_80",8.4,9.60597017997548,1.28494402175434,7.0854678958159,9.52703300713642,12.1800661113152,TRUE,0.938539079958487,"standard",5,"one_step_poisson","growth"
"growth_increment_110",4.8,6.59172570079787,1.36743823378974,4.22237368473259,6.53495748533065,9.72438143692421,TRUE,1.31027907259273,"standard",5,"one_step_poisson","growth"
"growth_sd.log_growth_sd",4.5,6.85637600790737,1.40147609016157,4.53126395066066,6.77055011708821,10.1618358495345,FALSE,1.68135298521983,"standard",5,"one_step_poisson","growth"
"recruitment_50",0.019387103915861,0.056513577027175,0.0334519974061254,0.0166436276339232,0.0483170466605077,0.142405665228161,TRUE,1.10984323777676,"standard",5,"one_step_poisson","recruitment"
"recruitment_80",0.183939720585721,0.287886471460318,0.0864979123944102,0.154954760947431,0.274379570497822,0.487756727084322,TRUE,1.20172554454984,"standard",5,"one_step_poisson","recruitment"
"recruitment_110",1.74517147873092,1.56603056628831,0.117383434349233,1.3528331798646,1.56975894311626,1.79701327827199,TRUE,-1.52611749209554,"standard",5,"one_step_poisson","recruitment"
"recruit_mean_50",44,45.1464959321707,1.82013757995535,41.5661179804566,45.071750638325,49.157153748078,TRUE,0.629895203965203,"standard",5,"one_step_poisson","recruit_size"
"recruit_mean_80",44.6,45.1220663058609,0.957837978392422,43.1646945918371,45.0476725022475,47.2473182989138,TRUE,0.545046571171732,"standard",5,"one_step_poisson","recruit_size"
"recruit_mean_110",45.2,45.097636679551,0.20785450664071,44.6965469446583,45.1112039468598,45.510221841033,TRUE,-0.49247582890235,"standard",5,"one_step_poisson","recruit_size"
"recruit_sd.log_recruit_sd",3.5,3.48130331033368,0.189376907054946,3.13340359065841,3.49226163055918,3.84360630500643,TRUE,-0.098727400067303,"standard",5,"one_step_poisson","recruit_size"
"lambda",1.03119869581319,1.00107569930275,0.0552375113978339,0.886890904159781,1.00342498134269,1.10369544401242,TRUE,-0.545335873180233,"standard",5,"one_step_poisson","lambda"
"survival_50",0.354343693774205,0.418735574704098,0.0351792405447689,0.358049986209961,0.417658532516907,0.486422624323575,FALSE,1.83039428744769,"standard",5,"one_step_gamma_poisson","survival"
"survival_80",0.589040434058665,0.567088592260742,0.0364283377398314,0.501284881951033,0.565944940122497,0.639729736951055,TRUE,-0.602603444458586,"standard",5,"one_step_gamma_poisson","survival"
"survival_110",0.789181706522253,0.702086785740378,0.0572726608211527,0.577282351128696,0.704892331799718,0.802304196854436,TRUE,-1.52070673045643,"standard",5,"one_step_gamma_poisson","survival"
"growth_increment_50",12,12.9122362094683,1.52835426382969,10.1607534979334,12.8721328628706,15.8204010909925,TRUE,0.596874841820009,"standard",5,"one_step_gamma_poisson","growth"
"growth_increment_80",8.4,9.70289185217533,1.21095210021554,7.43722147444656,9.76153316661206,12.1544864706964,TRUE,1.07592352492178,"standard",5,"one_step_gamma_poisson","growth"
"growth_increment_110",4.8,6.49354749488238,1.36657548791277,3.7930785045675,6.52167157415395,9.17942001966831,TRUE,1.23926377273824,"standard",5,"one_step_gamma_poisson","growth"
"growth_sd.log_growth_sd",4.5,6.6647555272162,1.16283526737424,4.53152270195174,6.58818063053273,9.01669685978096,FALSE,1.86161839768101,"standard",5,"one_step_gamma_poisson","growth"
"recruitment_50",0.019387103915861,0.0554422361697068,0.0385996967230573,0.0123507350544531,0.0446818917300251,0.154158444268965,TRUE,0.934078122751374,"standard",5,"one_step_gamma_poisson","recruitment"
"recruitment_80",0.183939720585721,0.282107365976856,0.0987681203110371,0.132011949321529,0.262374218492233,0.5013382188124,TRUE,0.993920356912622,"standard",5,"one_step_gamma_poisson","recruitment"
"recruitment_110",1.74517147873092,1.58127056893062,0.124898760098137,1.3568724422111,1.58047883849872,1.82403550992143,TRUE,-1.31227011118061,"standard",5,"one_step_gamma_poisson","recruitment"
"recruit_mean_50",44,45.2583874312413,2.18880239013429,40.7788059865914,45.2884933098426,49.2038925841852,TRUE,0.574920530475154,"standard",5,"one_step_gamma_poisson","recruit_size"
"recruit_mean_80",44.6,45.1777348494325,1.14637211321445,42.9418836751939,45.1913068904202,47.2631663476943,TRUE,0.503967989776488,"standard",5,"one_step_gamma_poisson","recruit_size"
"recruit_mean_110",45.2,45.0970822676238,0.259513958611036,44.5530456079999,45.1023809116036,45.5813489259336,TRUE,-0.396578792628548,"standard",5,"one_step_gamma_poisson","recruit_size"
"recruit_sd.log_recruit_sd",3.5,3.52305747742644,0.213417706685166,3.14115936799827,3.51863364959072,3.95829658001051,TRUE,0.108039195925073,"standard",5,"one_step_gamma_poisson","recruit_size"
"lambda",1.03119869581319,1.00238479775908,0.0581835579436084,0.903160249822591,1.0058056835274,1.11212405925625,TRUE,-0.495224064537892,"standard",5,"one_step_gamma_poisson","lambda"
"survival_50",0.354343693774205,0.415423317925347,0.0373027218293846,0.345312588698081,0.418027009477278,0.482866804086985,TRUE,1.63740395219707,"standard",5,"one_step_shared_gamma_poisson","survival"
"survival_80",0.589040434058665,0.576649372012951,0.0432151170132443,0.493037621974166,0.578280584944955,0.652677522208163,TRUE,-0.286729804339457,"standard",5,"one_step_shared_gamma_poisson","survival"
"survival_110",0.789181706522253,0.720307143485952,0.0618708205796953,0.585295269093868,0.722673063350228,0.818320951418719,TRUE,-1.11319944346922,"standard",5,"one_step_shared_gamma_poisson","survival"
"growth_increment_50",12,12.6886666399247,1.38470909560352,10.0241654304992,12.6842199600203,15.4991400439468,TRUE,0.497336691230808,"standard",5,"one_step_shared_gamma_poisson","growth"
"growth_increment_80",8.4,9.53799932891137,1.07654954352471,7.50477843854222,9.52204620775043,11.7742005985601,TRUE,1.05708031344797,"standard",5,"one_step_shared_gamma_poisson","growth"
"growth_increment_110",4.8,6.38733201789809,1.25612453427152,4.22099462278713,6.34796318193777,8.99794377895229,TRUE,1.2636740821392,"standard",5,"one_step_shared_gamma_poisson","growth"
"growth_sd.log_growth_sd",4.5,6.67462785965171,1.18599297886112,4.6412115567021,6.62527490655841,9.33404516614764,FALSE,1.8335925240805,"standard",5,"one_step_shared_gamma_poisson","growth"
"recruitment_50",0.019387103915861,0.0475139488091761,0.0315106527472627,0.0119582486217993,0.0398791796862928,0.126039222064309,TRUE,0.89261384455955,"standard",5,"one_step_shared_gamma_poisson","recruitment"
"recruitment_80",0.183939720585721,0.263362556602741,0.0899870127192792,0.131887496346311,0.250483603252856,0.460565894666698,TRUE,0.88260331815642,"standard",5,"one_step_shared_gamma_poisson","recruitment"
"recruitment_110",1.74517147873092,1.58578113560211,0.127404892590633,1.34630463727129,1.58588102377488,1.85370915577911,TRUE,-1.25105354973256,"standard",5,"one_step_shared_gamma_poisson","recruitment"
"recruit_mean_50",44,45.0481918061688,1.84257493271981,41.5161344868209,44.9948335923467,48.5338205858797,TRUE,0.568873367131695,"standard",5,"one_step_shared_gamma_poisson","recruit_size"
"recruit_mean_80",44.6,45.0813265457122,0.999485039825026,43.0982483613714,45.032965429471,46.9265234085678,TRUE,0.481574537420239,"standard",5,"one_step_shared_gamma_poisson","recruit_size"
"recruit_mean_110",45.2,45.1144612852556,0.237420929721201,44.6735511438098,45.1097396583617,45.5869858924079,TRUE,-0.360282957550626,"standard",5,"one_step_shared_gamma_poisson","recruit_size"
"recruit_sd.log_recruit_sd",3.5,3.49866166336391,0.189448820361211,3.15432016107114,3.4971247683412,3.8967716097773,TRUE,-0.00706437038529518,"standard",5,"one_step_shared_gamma_poisson","recruit_size"
"lambda",1.03119869581319,1.01863149729148,0.064870132232021,0.884353203653782,1.01772481033309,1.13476384463803,TRUE,-0.193728578766648,"standard",5,"one_step_shared_gamma_poisson","lambda"
"survival_50",0.354343693774205,0.34197091890161,0.0113069705349926,0.319148825749679,0.341796614815642,0.364309836680371,TRUE,-1.09426082205691,"dense_profiles",5,"recursive_poisson","survival"
"survival_80",0.589040434058665,0.596315276219194,0.0106041196177245,0.574228242756202,0.596686301347538,0.615634940466647,TRUE,0.686039239728017,"dense_profiles",5,"recursive_poisson","survival"
"survival_110",0.789181706522253,0.807398953756575,0.0136759749740944,0.781021728045156,0.807319469218507,0.831767403336091,TRUE,1.33206204814136,"dense_profiles",5,"recursive_poisson","survival"
"growth_increment_50",12,11.6425860762822,0.482823537770264,10.8033838291817,11.6552795802182,12.6291543118853,TRUE,-0.740257870128738,"dense_profiles",5,"recursive_poisson","growth"
"growth_increment_80",8.4,7.41521000550026,0.323586278424958,6.7912378042601,7.42355387788104,8.03883623059722,FALSE,-3.04336141598204,"dense_profiles",5,"recursive_poisson","growth"
"growth_increment_110",4.8,3.18783393471836,0.272858460906002,2.59834899586362,3.1936517650574,3.6744072112902,FALSE,-5.9084334783997,"dense_profiles",5,"recursive_poisson","growth"
"growth_sd.log_growth_sd",4.5,4.43762459838618,0.316313956196433,3.89896527454546,4.420395467647,5.03740918916859,TRUE,-0.197194592245813,"dense_profiles",5,"recursive_poisson","growth"
"recruitment_50",0.019387103915861,0.000515579857939925,0.00025029986797046,0.000202901139878424,0.000453275032742167,0.00112808071965893,FALSE,-75.3956612559949,"dense_profiles",5,"recursive_poisson","recruitment"
"recruitment_80",0.183939720585721,0.0225219458404908,0.00624923900249021,0.0132319232983239,0.021538422649558,0.0372711588430775,FALSE,-25.829989008407,"dense_profiles",5,"recursive_poisson","recruitment"
"recruitment_110",1.74517147873092,1.01759978619381,0.0952425739650025,0.84614889774132,1.00974602009962,1.22732616413279,FALSE,-7.63914352844414,"dense_profiles",5,"recursive_poisson","recruitment"
"recruit_mean_50",44,44.3868047164775,1.53512973925981,41.6138715828172,44.4805310974569,47.5043938488524,TRUE,0.251968746735353,"dense_profiles",5,"recursive_poisson","recruit_size"
"recruit_mean_80",44.6,44.7721271049207,0.950165964912731,43.035132917983,44.8373223437613,46.7250104149894,TRUE,0.181154778509149,"dense_profiles",5,"recursive_poisson","recruit_size"
"recruit_mean_110",45.2,45.1574494933639,0.374606874256816,44.4934762206055,45.1631217854127,45.9148532020728,TRUE,-0.113587095059261,"dense_profiles",5,"recursive_poisson","recruit_size"
"recruit_sd.log_recruit_sd",3.5,3.63126696863341,0.0915716041846939,3.45182975708728,3.62993057138311,3.81372783662023,TRUE,1.43348988807326,"dense_profiles",5,"recursive_poisson","recruit_size"
"lambda",1.03119869581319,1.03514417410778,0.0080323909824923,1.01859388860188,1.03566960384051,1.04980797869533,TRUE,0.491195996706663,"dense_profiles",5,"recursive_poisson","lambda"
"survival_50",0.354343693774205,0.351733896083398,0.0141025504151641,0.324947349069198,0.351658591313704,0.380272024741241,TRUE,-0.185058561322345,"dense_profiles",5,"recursive_gamma_poisson","survival"
"survival_80",0.589040434058665,0.602727206569901,0.0139303203757474,0.575642416874033,0.603260463673116,0.630155500527838,TRUE,0.982516707588755,"dense_profiles",5,"recursive_gamma_poisson","survival"
"survival_110",0.789181706522253,0.808835252798014,0.0174071474143906,0.774623486239206,0.80956834161963,0.842445316755206,TRUE,1.12905037269424,"dense_profiles",5,"recursive_gamma_poisson","survival"
"growth_increment_50",12,11.3204020125248,0.696199058569557,9.93146150925091,11.3021496682889,12.6710238140252,TRUE,-0.976154706200815,"dense_profiles",5,"recursive_gamma_poisson","growth"
"growth_increment_80",8.4,7.57786167497876,0.470661502068687,6.65679311567838,7.5676473112872,8.59806705761369,TRUE,-1.74677198242838,"dense_profiles",5,"recursive_gamma_poisson","growth"
"growth_increment_110",4.8,3.83532133743277,0.374249216019615,3.08521075847337,3.82058342840427,4.57560185401794,FALSE,-2.57763709655085,"dense_profiles",5,"recursive_gamma_poisson","growth"
"growth_sd.log_growth_sd",4.5,4.81405477409934,0.483731041316768,3.97686633648713,4.78703020202307,5.80071636262331,TRUE,0.649234279537757,"dense_profiles",5,"recursive_gamma_poisson","growth"
"recruitment_50",0.019387103915861,0.00361114202685538,0.00247794116061147,0.00100788849366401,0.00295619911981098,0.00945894936536936,FALSE,-6.36656032829797,"dense_profiles",5,"recursive_gamma_poisson","recruitment"
"recruitment_80",0.183939720585721,0.0663290032533512,0.0239094499315944,0.0335361276887205,0.0614840397297066,0.120853850761204,FALSE,-4.91900556762525,"dense_profiles",5,"recursive_gamma_poisson","recruitment"
"recruitment_110",1.74517147873092,1.30064444147535,0.13847746107523,1.0766929771217,1.29591367182938,1.58795073497165,FALSE,-3.21010389563739,"dense_profiles",5,"recursive_gamma_poisson","recruitment"
"recruit_mean_50",44,44.4691721098537,2.17265986973208,40.3034002823346,44.5108932851923,48.5994606942217,TRUE,0.215943653394564,"dense_profiles",5,"recursive_gamma_poisson","recruit_size"
"recruit_mean_80",44.6,44.8072349041301,1.29750323356875,42.3088403948082,44.8456149023834,47.3138037273046,TRUE,0.159718217857617,"dense_profiles",5,"recursive_gamma_poisson","recruit_size"
"recruit_mean_110",45.2,45.1452976984066,0.446522773956201,44.2705482675404,45.1620188401245,46.0093313985609,TRUE,-0.122507304854325,"dense_profiles",5,"recursive_gamma_poisson","recruit_size"
"recruit_sd.log_recruit_sd",3.5,3.69667003290287,0.133812772340427,3.44471452939958,3.69099695670468,3.9826679996918,TRUE,1.46974036531079,"dense_profiles",5,"recursive_gamma_poisson","recruit_size"
"lambda",1.03119869581319,1.03574259726377,0.0109022631099482,1.01364955452529,1.03541002655508,1.05732927223568,TRUE,0.416785157792859,"dense_profiles",5,"recursive_gamma_poisson","lambda"
"survival_50",0.354343693774205,0.373522388284073,0.0208428993854214,0.335328352368675,0.372405554293065,0.416117106858285,TRUE,0.920154828520782,"dense_profiles",5,"one_step_poisson","survival"
"survival_80",0.589040434058665,0.611274546884752,0.0212306224065315,0.571118805403415,0.611398362605215,0.65369457139394,TRUE,1.04726617997062,"dense_profiles",5,"one_step_poisson","survival"
"survival_110",0.789181706522253,0.804879286143581,0.0258644506855261,0.751252577848119,0.806695255906669,0.850152359538203,TRUE,0.606917185761572,"dense_profiles",5,"one_step_poisson","survival"
"growth_increment_50",12,10.6661786014319,0.901633473542444,8.90690951949142,10.7027560730922,12.3574527647268,TRUE,-1.47933881971755,"dense_profiles",5,"one_step_poisson","growth"
"growth_increment_80",8.4,7.5119691369334,0.641204578238958,6.21377777466189,7.51816209048589,8.65720807597651,TRUE,-1.38494155095639,"dense_profiles",5,"one_step_poisson","growth"
"growth_increment_110",4.8,4.35775967243492,0.605194163899406,3.12029135426674,4.36195048682477,5.56959122503445,TRUE,-0.730741229749518,"dense_profiles",5,"one_step_poisson","growth"
"growth_sd.log_growth_sd",4.5,5.15348749479102,0.680707573473404,3.99945346314635,5.08616849374461,6.79815662817957,TRUE,0.960012081923088,"dense_profiles",5,"one_step_poisson","growth"
"recruitment_50",0.019387103915861,0.00408717120777184,0.00108448370067722,0.00213907078783152,0.00403809006513198,0.00625043304341554,FALSE,-14.1080338031221,"dense_profiles",5,"one_step_poisson","recruitment"
"recruitment_80",0.183939720585721,0.0707102755073306,0.0119223653104865,0.047028730628226,0.0703147323570214,0.0942852067141509,FALSE,-9.49722996482903,"dense_profiles",5,"one_step_poisson","recruitment"
"recruitment_110",1.74517147873092,1.2357654900999,0.0914581867574569,1.05135609971603,1.23564711425833,1.41125433287967,FALSE,-5.56982383634991,"dense_profiles",5,"one_step_poisson","recruitment"
"recruit_mean_50",44,43.7933739578196,0.924172560995217,41.8941594700611,43.7605167587315,45.643815470262,TRUE,-0.223579503331994,"dense_profiles",5,"one_step_poisson","recruit_size"
"recruit_mean_80",44.6,44.3549749337895,0.578614303299544,43.1430988708988,44.3370420122256,45.523476426061,TRUE,-0.423468733512509,"dense_profiles",5,"one_step_poisson","recruit_size"
"recruit_mean_110",45.2,44.9165759097594,0.25212058811664,44.4115479132398,44.9212461349679,45.4070284215843,TRUE,-1.12416083255179,"dense_profiles",5,"one_step_poisson","recruit_size"
"recruit_sd.log_recruit_sd",3.5,3.53939021759993,0.0992083522141398,3.33072998812672,3.53635148067991,3.73786683557465,TRUE,0.39704537693466,"dense_profiles",5,"one_step_poisson","recruit_size"
"lambda",1.03119869581319,1.0480714042773,0.0284037280322363,0.994121213071456,1.04867389243986,1.1054897059456,TRUE,0.594031475197903,"dense_profiles",5,"one_step_poisson","lambda"
"survival_50",0.354343693774205,0.360419767268433,0.0204866138898582,0.321908113352315,0.359988615634424,0.401328656161958,TRUE,0.296587494980626,"dense_profiles",5,"one_step_gamma_poisson","survival"
"survival_80",0.589040434058665,0.601624097689654,0.0235545729231769,0.557439174698138,0.600271261641827,0.649647031668888,TRUE,0.534234421147471,"dense_profiles",5,"one_step_gamma_poisson","survival"
"survival_110",0.789181706522253,0.800618777892704,0.0305986566385998,0.740836813446008,0.801979312294085,0.855670653084362,TRUE,0.373776911370125,"dense_profiles",5,"one_step_gamma_poisson","survival"
"growth_increment_50",12,11.3735163618418,0.859140774551313,9.58970929007581,11.4316334994244,12.8663164673096,TRUE,-0.729197887837912,"dense_profiles",5,"one_step_gamma_poisson","growth"
"growth_increment_80",8.4,8.01499976313929,0.63027829640233,6.76003864990553,8.05521521417138,9.11903274657976,TRUE,-0.61084165369222,"dense_profiles",5,"one_step_gamma_poisson","growth"
"growth_increment_110",4.8,4.65648316443682,0.638087228189839,3.38486679383923,4.63231816235136,5.86700347757743,TRUE,-0.224917267142791,"dense_profiles",5,"one_step_gamma_poisson","growth"
"growth_sd.log_growth_sd",4.5,4.6519170623583,0.551598528897939,3.64322923390594,4.5914035871697,5.782823229719,TRUE,0.275412377661386,"dense_profiles",5,"one_step_gamma_poisson","growth"
"recruitment_50",0.019387103915861,0.00639742689164364,0.00303573956316825,0.00243291379380807,0.00585715308169347,0.0143135736314346,FALSE,-4.27891680229007,"dense_profiles",5,"one_step_gamma_poisson","recruitment"
"recruitment_80",0.183939720585721,0.0913086260013986,0.0253148156976919,0.0526540735145782,0.0889747431650862,0.149323495288115,FALSE,-3.65916527659209,"dense_profiles",5,"one_step_gamma_poisson","recruitment"
"recruitment_110",1.74517147873092,1.34847405829606,0.130767508134203,1.11678945651641,1.34267186332795,1.64569016562531,FALSE,-3.03360847120937,"dense_profiles",5,"one_step_gamma_poisson","recruitment"
"recruit_mean_50",44,44.4288026793092,1.40794457410187,41.6640561308035,44.4460402401136,47.3953018685814,TRUE,0.304559346437832,"dense_profiles",5,"one_step_gamma_poisson","recruit_size"
"recruit_mean_80",44.6,44.7625686459116,0.851540936280282,43.1200937545159,44.7448745605637,46.5721084777089,TRUE,0.19091113413968,"dense_profiles",5,"one_step_gamma_poisson","recruit_size"
"recruit_mean_110",45.2,45.0963346125141,0.326035788929555,44.4794197095527,45.0981620102271,45.7538344130185,TRUE,-0.317957080191135,"dense_profiles",5,"one_step_gamma_poisson","recruit_size"
"recruit_sd.log_recruit_sd",3.5,3.65789885479509,0.125888438741657,3.40711206851052,3.65573487835185,3.89173984299145,TRUE,1.25427605881363,"dense_profiles",5,"one_step_gamma_poisson","recruit_size"
"lambda",1.03119869581319,1.0473629464402,0.0329320523282738,0.986408660154277,1.0460364691672,1.10837976384551,TRUE,0.490836418753385,"dense_profiles",5,"one_step_gamma_poisson","lambda"
"survival_50",0.354343693774205,0.346929473657266,0.0178861415350689,0.309358959108046,0.347022316333185,0.382861422092126,TRUE,-0.414523171607541,"dense_profiles",5,"one_step_shared_gamma_poisson","survival"
"survival_80",0.589040434058665,0.598832907420295,0.0293572271059056,0.541953740835143,0.598769575310656,0.653640002495311,TRUE,0.333562612242092,"dense_profiles",5,"one_step_shared_gamma_poisson","survival"
"survival_110",0.789181706522253,0.805860235510356,0.0335729881445049,0.742203000232979,0.806701619293505,0.86587619235868,TRUE,0.496784168162684,"dense_profiles",5,"one_step_shared_gamma_poisson","survival"
"growth_increment_50",12,11.4183515550552,0.309423184547834,10.8221769791776,11.4260872410206,11.9983897754416,FALSE,-1.87978300913281,"dense_profiles",5,"one_step_shared_gamma_poisson","growth"
"growth_increment_80",8.4,7.99167151773883,0.197555813805776,7.62072174324398,7.99552732769163,8.36968095370206,FALSE,-2.06690187646218,"dense_profiles",5,"one_step_shared_gamma_poisson","growth"
"growth_increment_110",4.8,4.56499148042245,0.162544885542923,4.26630104863618,4.55959493938529,4.89263801190113,TRUE,-1.44580691537965,"dense_profiles",5,"one_step_shared_gamma_poisson","growth"
"growth_sd.log_growth_sd",4.5,4.54159923277803,0.43943390342734,3.74410286357251,4.52129086570481,5.45708235325918,TRUE,0.0946655059010705,"dense_profiles",5,"one_step_shared_gamma_poisson","growth"
"recruitment_50",0.019387103915861,0.00501855273280858,0.0016639332229427,0.00239177660261406,0.0049076429996722,0.00892575484901545,FALSE,-8.63529316257139,"dense_profiles",5,"one_step_shared_gamma_poisson","recruitment"
"recruitment_80",0.183939720585721,0.0807180397118488,0.0162579224359484,0.0517214249257492,0.0807024387706081,0.116291094386663,FALSE,-6.3490080777871,"dense_profiles",5,"one_step_shared_gamma_poisson","recruitment"
"recruitment_110",1.74517147873092,1.32027233324463,0.106119534604482,1.10414604017296,1.31866714891326,1.5381975223899,FALSE,-4.00396729094158,"dense_profiles",5,"one_step_shared_gamma_poisson","recruitment"
"recruit_mean_50",44,44.2883972255758,0.864044142854555,42.6752519580555,44.3124182176512,46.0354769678672,TRUE,0.333776032116802,"dense_profiles",5,"one_step_shared_gamma_poisson","recruit_size"
"recruit_mean_80",44.6,44.6992523805405,0.532819770144669,43.7084990513467,44.7271330703917,45.7263247616609,TRUE,0.186277585971666,"dense_profiles",5,"one_step_shared_gamma_poisson","recruit_size"
"recruit_mean_110",45.2,45.1101075355053,0.215969505000799,44.6975750681732,45.1153310542609,45.5513467558045,TRUE,-0.41622758034463,"dense_profiles",5,"one_step_shared_gamma_poisson","recruit_size"
"recruit_sd.log_recruit_sd",3.5,3.6053906700343,0.0893612721789466,3.42116404357646,3.60349778138268,3.7918513738043,TRUE,1.17937745809236,"dense_profiles",5,"one_step_shared_gamma_poisson","recruit_size"
"lambda",1.03119869581319,1.04737378629106,0.0325210236971102,0.983577763039882,1.04910870900255,1.10435486293404,TRUE,0.49737334926843,"dense_profiles",5,"one_step_shared_gamma_poisson","lambda"
"survival_50",0.354343693774205,0.34709637862001,0.014909812447667,0.318167599092546,0.346890203172822,0.375779366030351,TRUE,-0.486076882565219,"longer_followup",5,"recursive_poisson","survival"
"survival_80",0.589040434058665,0.575880461465339,0.0130842695194906,0.551242372933666,0.575937692602874,0.601820179680427,TRUE,-1.00578580819684,"longer_followup",5,"recursive_poisson","survival"
"survival_110",0.789181706522253,0.776024583699544,0.0148723827463346,0.749768286525629,0.775264495538555,0.805566346424662,TRUE,-0.884668115870763,"longer_followup",5,"recursive_poisson","survival"
"growth_increment_50",12,13.0517886206727,0.752663426694231,11.6502414681117,13.0214447821517,14.5216848206753,TRUE,1.3974222519251,"longer_followup",5,"recursive_poisson","growth"
"growth_increment_80",8.4,8.95331615172464,0.522996154522178,7.99493108647923,8.95374323704184,9.96792599782962,TRUE,1.05797365227315,"longer_followup",5,"recursive_poisson","growth"
"growth_increment_110",4.8,4.85484368277656,0.398995668278752,4.14213040391128,4.83865473496708,5.61149424056996,TRUE,0.137454331304279,"longer_followup",5,"recursive_poisson","growth"
"growth_sd.log_growth_sd",4.5,6.22190016856293,0.720223861711716,4.82903128501621,6.16877233950399,7.73657214487971,FALSE,2.3907846714084,"longer_followup",5,"recursive_poisson","growth"
"recruitment_50",0.019387103915861,0.0372117791000327,0.00936237137175106,0.0222336386584027,0.0355066673049217,0.0574710509248728,FALSE,1.90386329236563,"longer_followup",5,"recursive_poisson","recruitment"
"recruitment_80",0.183939720585721,0.239851182185995,0.0329362520020274,0.184352080088627,0.236725153927684,0.308454107175448,FALSE,1.69756600103836,"longer_followup",5,"recursive_poisson","recruitment"
"recruitment_110",1.74517147873092,1.56707771820798,0.0856811859787999,1.42382874777697,1.55730330445423,1.74524881970975,TRUE,-2.07856320484412,"longer_followup",5,"recursive_poisson","recruitment"
"recruit_mean_50",44,44.2885660274159,0.987984171642544,42.4785350245464,44.2953188796086,46.1748366065647,TRUE,0.29207555717841,"longer_followup",5,"recursive_poisson","recruit_size"
"recruit_mean_80",44.6,44.8252954963059,0.590141727523372,43.7101905775546,44.8262621946553,45.9367921050451,TRUE,0.38176506726854,"longer_followup",5,"recursive_poisson","recruit_size"
"recruit_mean_110",45.2,45.3620249651959,0.218305398301751,44.9373132641002,45.367502710238,45.7408280823675,TRUE,0.742194038518282,"longer_followup",5,"recursive_poisson","recruit_size"
"recruit_sd.log_recruit_sd",3.5,3.66333967994685,0.113613290614673,3.44227566516809,3.66634903435578,3.87301212727724,TRUE,1.43768109402645,"longer_followup",5,"recursive_poisson","recruit_size"
"lambda",1.03119869581319,1.01101821623772,0.00550690585023365,0.999559129282125,1.01109037070648,1.0210327293437,FALSE,-3.66457682849634,"longer_followup",5,"recursive_poisson","lambda"
"survival_50",0.354343693774205,0.345606030502635,0.0181559236517561,0.311227471689655,0.345358553329892,0.383234614903163,TRUE,-0.481256885585333,"longer_followup",5,"recursive_gamma_poisson","survival"
"survival_80",0.589040434058665,0.575674099657274,0.0151200641339972,0.545374736968135,0.576161020128045,0.602199155409805,TRUE,-0.884013075800199,"longer_followup",5,"recursive_gamma_poisson","survival"
"survival_110",0.789181706522253,0.776937122442795,0.0152500897698828,0.748469999067785,0.776751151668277,0.808908066665885,TRUE,-0.802918819772454,"longer_followup",5,"recursive_gamma_poisson","survival"
"growth_increment_50",12,12.5382969199257,0.904219003302125,10.8982265556886,12.5282504938343,14.3050967467908,TRUE,0.595316972945623,"longer_followup",5,"recursive_gamma_poisson","growth"
"growth_increment_80",8.4,8.58093926170429,0.600352389531694,7.56578748926737,8.55460397048066,9.75001990502258,TRUE,0.301388425963343,"longer_followup",5,"recursive_gamma_poisson","growth"
"growth_increment_110",4.8,4.62358160348286,0.409944262634774,3.85832881454055,4.61237902921145,5.39309850148904,TRUE,-0.430347275464404,"longer_followup",5,"recursive_gamma_poisson","growth"
"growth_sd.log_growth_sd",4.5,5.74864105746098,0.639659541174988,4.70547262982153,5.70700669808978,7.10795266143547,FALSE,1.95204007301659,"longer_followup",5,"recursive_gamma_poisson","growth"
"recruitment_50",0.019387103915861,0.0319681107223045,0.011461519983847,0.0158689480671415,0.0296154855969403,0.0582678750147058,TRUE,1.09767350440205,"longer_followup",5,"recursive_gamma_poisson","recruitment"
"recruitment_80",0.183939720585721,0.225847613408923,0.0450433735368223,0.152865551924978,0.218695059146235,0.323806333939575,TRUE,0.930389745096307,"longer_followup",5,"recursive_gamma_poisson","recruitment"
"recruitment_110",1.74517147873092,1.63544514551293,0.115658716171785,1.45245076384685,1.62257385532192,1.8881594260726,TRUE,-0.948707860936489,"longer_followup",5,"recursive_gamma_poisson","recruitment"
"recruit_mean_50",44,44.7304868505488,1.27599431426334,42.4491218426781,44.6896145916851,47.1568753699906,TRUE,0.572484408733887,"longer_followup",5,"recursive_gamma_poisson","recruit_size"
"recruit_mean_80",44.6,45.0428060143259,0.772205645748732,43.6588429613585,45.0575734972478,46.503364010723,TRUE,0.573430169494016,"longer_followup",5,"recursive_gamma_poisson","recruit_size"
"recruit_mean_110",45.2,45.355125178103,0.304324211799127,44.7948394925951,45.3609042352772,45.9581070826264,TRUE,0.509736564126476,"longer_followup",5,"recursive_gamma_poisson","recruit_size"
"recruit_sd.log_recruit_sd",3.5,3.57879222709851,0.141265478378389,3.33218770672085,3.56637241298872,3.8692918575134,TRUE,0.557759956664438,"longer_followup",5,"recursive_gamma_poisson","recruit_size"
"lambda",1.03119869581319,1.00637534962085,0.00653186580075216,0.993354335563939,1.00619405347228,1.01980941248771,FALSE,-3.80034540658905,"longer_followup",5,"recursive_gamma_poisson","lambda"
"survival_50",0.354343693774205,0.382049037815367,0.0290147110376047,0.328347477571142,0.38087299148147,0.438549666029776,TRUE,0.954872306164093,"longer_followup",5,"one_step_gamma_poisson","survival"
"survival_80",0.589040434058665,0.589928660928272,0.0340203982557173,0.525642317826773,0.589181295301226,0.650547945131638,TRUE,0.0261086558402599,"longer_followup",5,"one_step_gamma_poisson","survival"
"survival_110",0.789181706522253,0.767902128515557,0.0453136964696744,0.66889242089375,0.770890929416643,0.845291677771283,TRUE,-0.469605873379527,"longer_followup",5,"one_step_gamma_poisson","survival"
"growth_increment_50",12,10.84335939589,1.23629343892252,8.34141757195109,10.8708214921349,12.9912478966259,TRUE,-0.935571254926403,"longer_followup",5,"one_step_gamma_poisson","growth"
"growth_increment_80",8.4,7.41386738646247,0.929373044086763,5.52956893166536,7.50981167703928,9.07345182008627,TRUE,-1.06107296721366,"longer_followup",5,"one_step_gamma_poisson","growth"
"growth_increment_110",4.8,3.98437537703495,0.915717672028578,2.19032002268575,3.99688523574949,5.74939491342526,TRUE,-0.890694422395729,"longer_followup",5,"one_step_gamma_poisson","growth"
"growth_sd.log_growth_sd",4.5,7.15489261907633,0.674382090588113,5.91232890137671,7.13262732005136,8.58181493655614,FALSE,3.93677806117458,"longer_followup",5,"one_step_gamma_poisson","growth"
"recruitment_50",0.019387103915861,0.0198294077491164,0.0107000867092954,0.00653949230229609,0.0171546025995176,0.0466965383618463,TRUE,0.0413364718690696,"longer_followup",5,"one_step_gamma_poisson","recruitment"
"recruitment_80",0.183939720585721,0.181201766080786,0.0572712213365143,0.096065581112197,0.17157405850078,0.30473041201114,TRUE,-0.0478068118863314,"longer_followup",5,"one_step_gamma_poisson","recruitment"
"recruitment_110",1.74517147873092,1.7319129535603,0.190252960966389,1.40181795639992,1.7225508339001,2.11772094954295,TRUE,-0.0696889294299194,"longer_followup",5,"one_step_gamma_poisson","recruitment"
"recruit_mean_50",44,43.8913983907416,1.71973977809049,40.6803988395171,43.8383054094107,47.1612067881213,TRUE,-0.0631500245804797,"longer_followup",5,"one_step_gamma_poisson","recruit_size"
"recruit_mean_80",44.6,44.5082535252046,1.02681380659926,42.5656965370642,44.4800744622072,46.3812204445349,TRUE,-0.0893506439100762,"longer_followup",5,"one_step_gamma_poisson","recruit_size"
"recruit_mean_110",45.2,45.1251086596677,0.367801142322429,44.4423964364625,45.120745446793,45.8294770856252,TRUE,-0.20361910748675,"longer_followup",5,"one_step_gamma_poisson","recruit_size"
"recruit_sd.log_recruit_sd",3.5,3.45554471370055,0.175727252383837,3.13907604598357,3.44228796846681,3.8223454449664,TRUE,-0.252978895967408,"longer_followup",5,"one_step_gamma_poisson","recruit_size"
"lambda",1.03119869581319,1.00870401725514,0.0437665202387912,0.921273494927182,1.01257500482954,1.08802296314724,TRUE,-0.513970003448267,"longer_followup",5,"one_step_gamma_poisson","lambda"
"survival_50",0.354343693774205,0.380237216848883,0.0307702912816398,0.321224503212193,0.379210867644715,0.446134811001188,TRUE,0.841510495876543,"longer_followup",5,"one_step_shared_gamma_poisson","survival"
"survival_80",0.589040434058665,0.605974349453485,0.0451325461915142,0.520647778014541,0.606550549640535,0.692928953996084,TRUE,0.375204078293373,"longer_followup",5,"one_step_shared_gamma_poisson","survival"
"survival_110",0.789181706522253,0.790985517169014,0.0509739614345244,0.683801138135864,0.794210841193895,0.880531554120997,TRUE,0.0353869033521758,"longer_followup",5,"one_step_shared_gamma_poisson","survival"
"growth_increment_50",12,10.4582749939696,1.17081075237313,8.09141101420039,10.5517445598163,12.5855547955063,TRUE,-1.31680120199223,"longer_followup",5,"one_step_shared_gamma_poisson","growth"
"growth_increment_80",8.4,7.09690082390767,0.88406918043963,5.31855712431981,7.1286089968642,8.63662816524707,TRUE,-1.47397873936102,"longer_followup",5,"one_step_shared_gamma_poisson","growth"
"growth_increment_110",4.8,3.73552665384569,0.890564400354802,1.95351304100204,3.78274392195991,5.20311919712729,TRUE,-1.19527947190593,"longer_followup",5,"one_step_shared_gamma_poisson","growth"
"growth_sd.log_growth_sd",4.5,7.31110707780068,0.630774072502424,6.16470212940451,7.27985662578921,8.60139501374003,FALSE,4.4565989636327,"longer_followup",5,"one_step_shared_gamma_poisson","growth"
"recruitment_50",0.019387103915861,0.0195771551721638,0.00861294233185135,0.00731721672307704,0.0180257722752687,0.0399843208506482,TRUE,0.0220657760124565,"longer_followup",5,"one_step_shared_gamma_poisson","recruitment"
"recruitment_80",0.183939720585721,0.180436205816562,0.046333475766681,0.106194627047373,0.175688260490369,0.283839009671614,TRUE,-0.0756151942237633,"longer_followup",5,"one_step_shared_gamma_poisson","recruitment"
"recruitment_110",1.74517147873092,1.71505389412797,0.161175433049618,1.40646212710662,1.71536175932471,2.05241382907362,TRUE,-0.186862129253138,"longer_followup",5,"one_step_shared_gamma_poisson","recruitment"
"recruit_mean_50",44,43.2692540096165,1.27608632814134,40.7373394583848,43.284461166298,45.731363214097,TRUE,-0.572646202900625,"longer_followup",5,"one_step_shared_gamma_poisson","recruit_size"
"recruit_mean_80",44.6,44.1736261329377,0.762230651614513,42.6706194976056,44.1801899111065,45.6267983744693,TRUE,-0.559376438298813,"longer_followup",5,"one_step_shared_gamma_poisson","recruit_size"
"recruit_mean_110",45.2,45.077998256259,0.269040693090114,44.5661275380661,45.0900444907243,45.5590689850878,TRUE,-0.45346948203178,"longer_followup",5,"one_step_shared_gamma_poisson","recruit_size"
"recruit_sd.log_recruit_sd",3.5,3.52974403094108,0.135332373729113,3.26646657990337,3.52290152464259,3.78852330322183,TRUE,0.219785038283753,"longer_followup",5,"one_step_shared_gamma_poisson","recruit_size"
"lambda",1.03119869581319,1.01955397503072,0.0495606153065561,0.915555740492606,1.0203721942276,1.11272853809678,TRUE,-0.234959164861914,"longer_followup",5,"one_step_shared_gamma_poisson","lambda"
"survival_50",0.354343693774205,0.355995494932565,0.0190503297498833,0.313756682639184,0.35601081552434,0.393427671701311,TRUE,0.086707221347197,"diverse_initial",5,"recursive_poisson","survival"
"survival_80",0.589040434058665,0.579985967464606,0.0172024419282389,0.5442148527124,0.579715543948784,0.61215418345381,TRUE,-0.526347749455024,"diverse_initial",5,"recursive_poisson","survival"
"survival_110",0.789181706522253,0.774988899727783,0.0193017961296625,0.730777446144926,0.777052999350419,0.810851494795364,TRUE,-0.735310159693323,"diverse_initial",5,"recursive_poisson","survival"
"growth_increment_50",12,11.6439193628913,0.525362716241383,10.6544189470576,11.6395130037675,12.7254403820752,TRUE,-0.677780562077632,"diverse_initial",5,"recursive_poisson","growth"
"growth_increment_80",8.4,7.77649814521497,0.369485735142991,7.00150010345256,7.76997703819417,8.41323998135566,TRUE,-1.68748559276242,"diverse_initial",5,"recursive_poisson","growth"
"growth_increment_110",4.8,3.90907692753867,0.349361717512852,3.19114387524632,3.91070346763587,4.62425515735983,FALSE,-2.55014510119748,"diverse_initial",5,"recursive_poisson","growth"
"growth_sd.log_growth_sd",4.5,4.92272622384922,0.428843912376703,4.12761706975332,4.90240993124638,5.83514117096913,TRUE,0.98573446340051,"diverse_initial",5,"recursive_poisson","growth"
"recruitment_50",0.019387103915861,0.00711217103382954,0.00574330015531197,0.00122709411804131,0.00554356648121523,0.0219296043578347,TRUE,-2.13726125225727,"diverse_initial",5,"recursive_poisson","recruitment"
"recruitment_80",0.183939720585721,0.0977452371422575,0.0434368836973579,0.0369321088120655,0.0896005540865313,0.197445313546164,TRUE,-1.98436158643458,"diverse_initial",5,"recursive_poisson","recruitment"
"recruitment_110",1.74517147873092,1.46645154561504,0.199279051021877,1.1092338876545,1.44395706590406,1.86611487002229,TRUE,-1.39864141105975,"diverse_initial",5,"recursive_poisson","recruitment"
"recruit_mean_50",44,42.2848593995311,2.08919536708735,38.2045326772509,42.2890501321734,46.3222156840287,TRUE,-0.820957497555651,"diverse_initial",5,"recursive_poisson","recruit_size"
"recruit_mean_80",44.6,43.4974392630073,1.27600164229788,40.9894575299828,43.519807089512,45.9446623177863,TRUE,-0.864074700567924,"diverse_initial",5,"recursive_poisson","recruit_size"
"recruit_mean_110",45.2,44.7100191264836,0.473633707157227,43.7753163086862,44.7121649283985,45.6146005495653,TRUE,-1.03451436439629,"diverse_initial",5,"recursive_poisson","recruit_size"
"recruit_sd.log_recruit_sd",3.5,3.48570745378809,0.116201820662438,3.26693225001162,3.47668053365671,3.73208865431214,TRUE,-0.122997609937869,"diverse_initial",5,"recursive_poisson","recruit_size"
"lambda",1.03119869581319,1.00744956189382,0.0136626589618293,0.978788948496294,1.0090405524998,1.03125691374746,TRUE,-1.73825124272836,"diverse_initial",5,"recursive_poisson","lambda"
"survival_50",0.354343693774205,0.356390776854283,0.0183260171175166,0.321036850939508,0.357064627542385,0.391452486726444,TRUE,0.111703654261111,"diverse_initial",5,"recursive_gamma_poisson","survival"
"survival_80",0.589040434058665,0.580729280704368,0.0160794867118507,0.546539896496291,0.580269113237702,0.610738256093917,TRUE,-0.516879270043619,"diverse_initial",5,"recursive_gamma_poisson","survival"
"survival_110",0.789181706522253,0.775679384244383,0.0198137829534692,0.73273785222281,0.776520495567644,0.811762485408507,TRUE,-0.68146109753897,"diverse_initial",5,"recursive_gamma_poisson","survival"
"growth_increment_50",12,11.6280776829759,0.553286031868772,10.5149267257053,11.6267563390459,12.6576554682948,TRUE,-0.67220622896965,"diverse_initial",5,"recursive_gamma_poisson","growth"
"growth_increment_80",8.4,7.76501131360105,0.391880117967193,7.05492911801147,7.77449019276574,8.48309008436722,TRUE,-1.62036464032122,"diverse_initial",5,"recursive_gamma_poisson","growth"
"growth_increment_110",4.8,3.9019449442262,0.369745593945981,3.22033716142797,3.91597522596569,4.59425447656579,FALSE,-2.42884586179815,"diverse_initial",5,"recursive_gamma_poisson","growth"
"growth_sd.log_growth_sd",4.5,4.91596629173939,0.410932830762393,4.16730057608177,4.89547647519653,5.77290923669264,TRUE,1.01224886550841,"diverse_initial",5,"recursive_gamma_poisson","growth"
"recruitment_50",0.019387103915861,0.00788345557869161,0.00622936948206007,0.00135409647561944,0.00618888228579719,0.0250193812431704,TRUE,-1.84667940636668,"diverse_initial",5,"recursive_gamma_poisson","recruitment"
"recruitment_80",0.183939720585721,0.103855610412845,0.0465568529605595,0.0390229303247519,0.0951407838864817,0.219895791273693,TRUE,-1.72013581417798,"diverse_initial",5,"recursive_gamma_poisson","recruitment"
"recruitment_110",1.74517147873092,1.49450148110895,0.208083823024618,1.12632251957113,1.4819953709975,1.92409361953101,TRUE,-1.20465874751019,"diverse_initial",5,"recursive_gamma_poisson","recruitment"
"recruit_mean_50",44,42.2524494493627,2.05679713674823,38.1449091652313,42.2806743379047,46.4386560662903,TRUE,-0.849646530235932,"diverse_initial",5,"recursive_gamma_poisson","recruit_size"
"recruit_mean_80",44.6,43.4780038323165,1.25244107760195,40.9113143599962,43.5135243594558,46.0270271788806,TRUE,-0.895847467596452,"diverse_initial",5,"recursive_gamma_poisson","recruit_size"
"recruit_mean_110",45.2,44.7035582152705,0.45961191001114,43.7831759337577,44.7092206230889,45.6526359963366,TRUE,-1.08013255078073,"diverse_initial",5,"recursive_gamma_poisson","recruit_size"
"recruit_sd.log_recruit_sd",3.5,3.4883372810105,0.124835908055664,3.26434359317429,3.47688591954725,3.73442959134531,TRUE,-0.0934243934389622,"diverse_initial",5,"recursive_gamma_poisson","recruit_size"
"lambda",1.03119869581319,1.006758744139,0.0144794989371643,0.976917058196915,1.00771297671094,1.03228729784162,TRUE,-1.68790037419456,"diverse_initial",5,"recursive_gamma_poisson","lambda"
"survival_50",0.354343693774205,0.412947223722552,0.0261785852688127,0.361813144749519,0.411635248197679,0.461949912360661,FALSE,2.23860569036034,"diverse_initial",5,"one_step_poisson","survival"
"survival_80",0.589040434058665,0.592923208872628,0.0323476944771235,0.531801523774299,0.592691129359578,0.656002777104935,TRUE,0.12003250546059,"diverse_initial",5,"one_step_poisson","survival"
"survival_110",0.789181706522253,0.749059383856403,0.0455860470340917,0.653145122936323,0.75127276027032,0.82494372661884,TRUE,-0.880144809130828,"diverse_initial",5,"one_step_poisson","survival"
"growth_increment_50",12,10.4140521740786,0.734701850483951,9.0612630663831,10.4620570174695,11.8830929152199,FALSE,-2.15862778197274,"diverse_initial",5,"one_step_poisson","growth"
"growth_increment_80",8.4,7.83950593462678,0.604087777141142,6.61314852121304,7.87160907311601,8.93956145576251,TRUE,-0.927835467927812,"diverse_initial",5,"one_step_poisson","growth"
"growth_increment_110",4.8,5.26495969517497,0.839317666744259,3.61538458275286,5.28029882436694,7.02079437541585,TRUE,0.553973440090408,"diverse_initial",5,"one_step_poisson","growth"
"growth_sd.log_growth_sd",4.5,6.82082701097839,0.428790230115187,6.03881979877316,6.81192703950034,7.65861469998478,FALSE,5.4124997445836,"diverse_initial",5,"one_step_poisson","growth"
"recruitment_50",0.019387103915861,0.046213062721398,0.0148088053172588,0.0255527158995825,0.0440781906441727,0.0817649922399193,FALSE,1.81148703293931,"diverse_initial",5,"one_step_poisson","recruitment"
"recruitment_80",0.183939720585721,0.309789554534454,0.0564043631964028,0.223829702857341,0.305393207310083,0.43631859582852,FALSE,2.23120742469013,"diverse_initial",5,"one_step_poisson","recruitment"
"recruitment_110",1.74517147873092,2.11527774711075,0.118623542735546,1.88357068599349,2.10700611757606,2.3724231235087,FALSE,3.12000687085306,"diverse_initial",5,"one_step_poisson","recruitment"
"recruit_mean_50",44,42.7801677705473,1.03970351837511,40.8172146384255,42.7950376633168,44.7716290980512,TRUE,-1.17325007359709,"diverse_initial",5,"one_step_poisson","recruit_size"
"recruit_mean_80",44.6,43.8860723084566,0.603921557972874,42.7200741959898,43.8869084901421,45.0478241582329,TRUE,-1.18215301659333,"diverse_initial",5,"one_step_poisson","recruit_size"
"recruit_mean_110",45.2,44.991976846366,0.203773214093095,44.6270507362174,44.9879567627717,45.3905732619937,TRUE,-1.02085622273657,"diverse_initial",5,"one_step_poisson","recruit_size"
"recruit_sd.log_recruit_sd",3.5,3.38709839684375,0.133044595547996,3.1442156189094,3.38281914972165,3.64335726636497,TRUE,-0.848599694645398,"diverse_initial",5,"one_step_poisson","recruit_size"
"lambda",1.03119869581319,1.0262946602786,0.0503519262876695,0.920180522535724,1.03003020003744,1.11370506342522,TRUE,-0.0973951921238237,"diverse_initial",5,"one_step_poisson","lambda"
"survival_50",0.354343693774205,0.411069287905711,0.0279003546379978,0.354054195427563,0.412146068988036,0.464992921623523,TRUE,2.03314957345565,"diverse_initial",5,"one_step_gamma_poisson","survival"
"survival_80",0.589040434058665,0.589301646906727,0.0314621382267372,0.520066371209552,0.5905324912912,0.644662901225571,TRUE,0.00830245058931156,"diverse_initial",5,"one_step_gamma_poisson","survival"
"survival_110",0.789181706522253,0.744877946325009,0.0463525467249694,0.636989619893753,0.748162168033969,0.823154064125494,TRUE,-0.955799914514255,"diverse_initial",5,"one_step_gamma_poisson","survival"
"growth_increment_50",12,10.4061944311571,0.700147823955568,8.95172116745633,10.41570744865,11.6545356640898,FALSE,-2.27638437814253,"diverse_initial",5,"one_step_gamma_poisson","growth"
"growth_increment_80",8.4,7.82877283185645,0.61383433454215,6.66943361985874,7.84547358655837,8.91786931202539,TRUE,-0.930588492690982,"diverse_initial",5,"one_step_gamma_poisson","growth"
"growth_increment_110",4.8,5.25135123255584,0.887391750842832,3.50848209177464,5.27277326193781,6.85488353187474,TRUE,0.508626806736883,"diverse_initial",5,"one_step_gamma_poisson","growth"
"growth_sd.log_growth_sd",4.5,6.85350818387068,0.45887454645259,6.02986597566501,6.80966762869824,7.83576000809865,FALSE,5.12887062937983,"diverse_initial",5,"one_step_gamma_poisson","growth"
"recruitment_50",0.019387103915861,0.0487146017027924,0.0186723831839733,0.0219944265032617,0.0447320608922104,0.0896894382089187,FALSE,1.57063495848261,"diverse_initial",5,"one_step_gamma_poisson","recruitment"
"recruitment_80",0.183939720585721,0.316749857926802,0.0688699098837973,0.203320112643093,0.307220678325999,0.461746389236109,FALSE,1.92842037350083,"diverse_initial",5,"one_step_gamma_poisson","recruitment"
"recruitment_110",1.74517147873092,2.11380975932096,0.14035977701046,1.84123306863972,2.11261385612063,2.41925714308598,FALSE,2.62638120722125,"diverse_initial",5,"one_step_gamma_poisson","recruitment"
"recruit_mean_50",44,42.780573112166,1.11762043891994,40.8237292194513,42.7347447758445,45.0571027179111,TRUE,-1.09109215022268,"diverse_initial",5,"one_step_gamma_poisson","recruit_size"
"recruit_mean_80",44.6,43.8959464794737,0.66083072259539,42.7114690880867,43.8607282663627,45.2690219131832,TRUE,-1.06540676220553,"diverse_initial",5,"one_step_gamma_poisson","recruit_size"
"recruit_mean_110",45.2,45.0113198467814,0.242666722730329,44.5932427853663,44.9982716258721,45.4913545636973,TRUE,-0.777527924289119,"diverse_initial",5,"one_step_gamma_poisson","recruit_size"
"recruit_sd.log_recruit_sd",3.5,3.39245730895255,0.152005007889348,3.12064893493517,3.38409030981121,3.70266718849571,TRUE,-0.707494394696086,"diverse_initial",5,"one_step_gamma_poisson","recruit_size"
"lambda",1.03119869581319,1.02088112703671,0.050788600813672,0.90604432540571,1.02288698434229,1.11484916103903,TRUE,-0.20314733249564,"diverse_initial",5,"one_step_gamma_poisson","lambda"
"survival_50",0.354343693774205,0.343071447323345,0.022760062316645,0.300411066284587,0.341303188495264,0.390634901537872,TRUE,-0.495264305257024,"standard",6,"recursive_poisson","survival"
"survival_80",0.589040434058665,0.6166696871581,0.0255111474199018,0.569021739826207,0.616751217196218,0.660090158427094,TRUE,1.08302667240599,"standard",6,"recursive_poisson","survival"
"survival_110",0.789181706522253,0.830852330207845,0.0283422734805825,0.768896873420585,0.833864587673293,0.879752971718547,TRUE,1.47026397561725,"standard",6,"recursive_poisson","survival"
"growth_increment_50",12,12.0008093604314,1.43513621953108,9.26021822256021,11.9355006934016,14.9893277472156,TRUE,0.000563960703063006,"standard",6,"recursive_poisson","growth"
"growth_increment_80",8.4,8.22119282025384,0.915635138202691,6.51963194035156,8.25115093702864,9.97543521560027,TRUE,-0.195282129623319,"standard",6,"recursive_poisson","growth"
"growth_increment_110",4.8,4.4415762800763,0.65752377163317,3.14596066850252,4.44868163041712,5.67556234573462,TRUE,-0.545111424691821,"standard",6,"recursive_poisson","growth"
"growth_sd.log_growth_sd",4.5,6.54447024119069,0.891692800599016,5.06965770975805,6.44638651525802,8.6944075130133,FALSE,2.29279662212958,"standard",6,"recursive_poisson","growth"
"recruitment_50",0.019387103915861,0.0413848551415339,0.0172434584292931,0.0176132493974883,0.0375847558950533,0.0814108168959097,TRUE,1.27571573393323,"standard",6,"recursive_poisson","recruitment"
"recruitment_80",0.183939720585721,0.26391490144256,0.0535716221563678,0.176636316658463,0.257057232217802,0.380249692874802,TRUE,1.4928646480669,"standard",6,"recursive_poisson","recruitment"
"recruitment_110",1.74517147873092,1.75413274720845,0.129828007974205,1.50244182939025,1.7557104379241,2.03801118795484,TRUE,0.0690241544745468,"standard",6,"recursive_poisson","recruitment"
"recruit_mean_50",44,42.0782986046885,1.61513419529094,38.9817212139065,42.1087407110467,45.2544346131504,TRUE,-1.18980911983311,"standard",6,"recursive_poisson","recruit_size"
"recruit_mean_80",44.6,43.5995422424778,0.866802690478561,41.9044431146042,43.6390414111059,45.2005941700362,TRUE,-1.15419318434492,"standard",6,"recursive_poisson","recruit_size"
"recruit_mean_110",45.2,45.1207858802671,0.265201212624218,44.6139583509488,45.1198637886763,45.6343062763,TRUE,-0.298694409988091,"standard",6,"recursive_poisson","recruit_size"
"recruit_sd.log_recruit_sd",3.5,3.42995770809338,0.258644839196444,2.98929941650434,3.40480559088371,3.98278102054787,TRUE,-0.270804908090275,"standard",6,"recursive_poisson","recruit_size"
"lambda",1.03119869581319,1.05091428505759,0.0151280479103788,1.02057194197792,1.05150870565428,1.07980003191016,TRUE,1.30324740912994,"standard",6,"recursive_poisson","lambda"
"survival_50",0.354343693774205,0.345732398792285,0.0222126862551977,0.305893612957723,0.345062716455657,0.390095483411294,TRUE,-0.387674632549422,"standard",6,"recursive_gamma_poisson","survival"
"survival_80",0.589040434058665,0.616496465221498,0.025294488295665,0.56900035907224,0.617140550611896,0.667078618994319,TRUE,1.08545509369083,"standard",6,"recursive_gamma_poisson","survival"
"survival_110",0.789181706522253,0.828831568313555,0.0292271042179304,0.768017807481353,0.832162163677164,0.882257537639262,TRUE,1.35661273507135,"standard",6,"recursive_gamma_poisson","survival"
"growth_increment_50",12,11.9525548077606,1.44244164557229,9.27344704323635,11.9485713452862,14.7865202772265,TRUE,-0.0328922784398192,"standard",6,"recursive_gamma_poisson","growth"
"growth_increment_80",8.4,8.231448102193,0.958278352969483,6.31508223771006,8.27698041674276,9.90300522885583,TRUE,-0.175890332161528,"standard",6,"recursive_gamma_poisson","growth"
"growth_increment_110",4.8,4.51034139662533,0.710650895181698,3.08525256127564,4.51033857803769,5.80536171618379,TRUE,-0.407596198553449,"standard",6,"recursive_gamma_poisson","growth"
"growth_sd.log_growth_sd",4.5,6.46335429623285,0.883373367798423,4.85152680567679,6.40579527928755,8.30609753902101,FALSE,2.2225645098697,"standard",6,"recursive_gamma_poisson","growth"
"recruitment_50",0.019387103915861,0.0406761362879026,0.0176734900746256,0.0166168088416123,0.036208213584512,0.0852297383066963,TRUE,1.20457432471739,"standard",6,"recursive_gamma_poisson","recruitment"
"recruitment_80",0.183939720585721,0.260845116461103,0.0554571655180745,0.174802401816708,0.250274136260372,0.391007864844626,TRUE,1.38675309415727,"standard",6,"recursive_gamma_poisson","recruitment"
"recruitment_110",1.74517147873092,1.7494445552109,0.118061569361332,1.54228948622075,1.74948384788918,1.99533628560319,TRUE,0.036193627639332,"standard",6,"recursive_gamma_poisson","recruitment"
"recruit_mean_50",44,42.3123871993235,1.78130649818932,38.8014154711303,42.3003119981879,45.5701437365459,TRUE,-0.947401697794254,"standard",6,"recursive_gamma_poisson","recruit_size"
"recruit_mean_80",44.6,43.7066859986309,0.969061229796625,41.7109507704383,43.6764185643169,45.4834034397427,TRUE,-0.92183442480363,"standard",6,"recursive_gamma_poisson","recruit_size"
"recruit_mean_110",45.2,45.1009847979385,0.284959569977921,44.5745810811886,45.0875766835432,45.6483221145625,TRUE,-0.347471053768164,"standard",6,"recursive_gamma_poisson","recruit_size"
"recruit_sd.log_recruit_sd",3.5,3.44269865021264,0.271588761529976,2.94805490548092,3.42869981929244,3.98918520387203,TRUE,-0.210985717761517,"standard",6,"recursive_gamma_poisson","recruit_size"
"lambda",1.03119869581319,1.05108213011191,0.0167410365330512,1.01719653258486,1.05047624964473,1.08278667117007,TRUE,1.18770628446254,"standard",6,"recursive_gamma_poisson","lambda"
"survival_50",0.354343693774205,0.372709342321142,0.0326049717520824,0.306811994750382,0.373032751965636,0.430944279586873,TRUE,0.563277548178362,"standard",6,"one_step_poisson","survival"
"survival_80",0.589040434058665,0.61499882870288,0.0439643262152007,0.528150662824363,0.61636467534862,0.697762991584486,TRUE,0.590442226207481,"standard",6,"one_step_poisson","survival"
"survival_110",0.789181706522253,0.806701370592748,0.056517358142891,0.681964871130155,0.81486668973193,0.896512874910824,TRUE,0.309987314449501,"standard",6,"one_step_poisson","survival"
"growth_increment_50",12,11.7858528284316,1.67832622251254,8.57845346230291,11.7405158842749,14.8464111412817,TRUE,-0.127595677583968,"standard",6,"one_step_poisson","growth"
"growth_increment_80",8.4,8.78037656944542,1.22008164702101,6.48316326154837,8.84968772089333,11.1769283925375,TRUE,0.311763208941103,"standard",6,"one_step_poisson","growth"
"growth_increment_110",4.8,5.77490031045927,1.23658843756613,3.40872474489898,5.78742407987765,8.16226078856786,TRUE,0.788378963317886,"standard",6,"one_step_poisson","growth"
"growth_sd.log_growth_sd",4.5,7.10084070890102,1.07844710901405,5.3427882140428,7.02838381133176,9.59312971456806,FALSE,2.41165346650962,"standard",6,"one_step_poisson","growth"
"recruitment_50",0.019387103915861,0.0866892912924631,0.0296950654983713,0.0461542440171746,0.0800191329312622,0.155599947134605,FALSE,2.26644347291618,"standard",6,"one_step_poisson","recruitment"
"recruitment_80",0.183939720585721,0.367411146439765,0.0578654794987911,0.27447590761533,0.358014820721175,0.489178214671314,FALSE,3.17065420425449,"standard",6,"one_step_poisson","recruitment"
"recruitment_110",1.74517147873092,1.60858941378409,0.118015980076656,1.38456252168932,1.60108318617488,1.84187391818934,TRUE,-1.15731839754342,"standard",6,"one_step_poisson","recruitment"
"recruit_mean_50",44,42.6103444765952,1.35920269747361,39.8887265635957,42.6904883347863,45.1118519755209,TRUE,-1.02240491869814,"standard",6,"one_step_poisson","recruit_size"
"recruit_mean_80",44.6,44.0498773002764,0.641030359533898,42.7281525441416,44.096363999484,45.2969124254294,TRUE,-0.858185094577362,"standard",6,"one_step_poisson","recruit_size"
"recruit_mean_110",45.2,45.4894101239577,0.321142515235185,44.8533724448132,45.4923009384286,46.1026413148981,TRUE,0.901189067868374,"standard",6,"one_step_poisson","recruit_size"
"recruit_sd.log_recruit_sd",3.5,3.34175488992435,0.317097604620763,2.76392306276737,3.3383827985559,3.95949520412497,TRUE,-0.499042275216513,"standard",6,"one_step_poisson","recruit_size"
"lambda",1.03119869581319,1.04874437458838,0.0477141659186071,0.951948563396286,1.05022574632141,1.13837863939998,TRUE,0.367724729907637,"standard",6,"one_step_poisson","lambda"
"survival_50",0.354343693774205,0.369342401985389,0.0332012655439957,0.305494264522661,0.366964435275115,0.435531618154799,TRUE,0.45175109940641,"standard",6,"one_step_gamma_poisson","survival"
"survival_80",0.589040434058665,0.611897273605302,0.0452611939960063,0.516440230640964,0.614643083221249,0.70001849794778,TRUE,0.504998598769916,"standard",6,"one_step_gamma_poisson","survival"
"survival_110",0.789181706522253,0.804308450597619,0.059225140325596,0.666775963602562,0.81304107237745,0.902510821676924,TRUE,0.25541086086424,"standard",6,"one_step_gamma_poisson","survival"
"growth_increment_50",12,12.0815370870216,1.73706243067602,8.85675458661259,11.9685033891785,15.6248838152063,TRUE,0.0469396410754648,"standard",6,"one_step_gamma_poisson","growth"
"growth_increment_80",8.4,8.94388497629492,1.21115320409874,6.73772119107934,8.93099633137078,11.3671983034292,TRUE,0.449063730710805,"standard",6,"one_step_gamma_poisson","growth"
"growth_increment_110",4.8,5.80623286556824,1.20079804403617,3.4443565158232,5.82345640063423,8.10571730451204,TRUE,0.837970107101479,"standard",6,"one_step_gamma_poisson","growth"
"growth_sd.log_growth_sd",4.5,7.14804208764446,1.1350522421092,5.10543181493378,7.08635357678749,9.76405896274613,FALSE,2.33296934661243,"standard",6,"one_step_gamma_poisson","growth"
"recruitment_50",0.019387103915861,0.087767442277127,0.0362501106067284,0.0375090466200097,0.0796370748651356,0.178293245051159,FALSE,1.88634840602594,"standard",6,"one_step_gamma_poisson","recruitment"
"recruitment_80",0.183939720585721,0.368358028403624,0.0691578756289457,0.255416084125561,0.361199743261079,0.519931873458979,FALSE,2.66662771435268,"standard",6,"one_step_gamma_poisson","recruitment"
"recruitment_110",1.74517147873092,1.62434815654946,0.146241798327861,1.3592944467382,1.6218032066861,1.91016680396896,TRUE,-0.826188706395616,"standard",6,"one_step_gamma_poisson","recruitment"
"recruit_mean_50",44,42.3889856592391,1.60223169769368,39.2613989670476,42.3842832500436,45.6968726175327,TRUE,-1.00548150625147,"standard",6,"one_step_gamma_poisson","recruit_size"
"recruit_mean_80",44.6,43.9478800658783,0.780177704632805,42.4021905384071,43.949469462747,45.5893511319449,TRUE,-0.835860766398949,"standard",6,"one_step_gamma_poisson","recruit_size"
"recruit_mean_110",45.2,45.5067744725173,0.373439728668394,44.7770892828764,45.5130423186337,46.2032445450068,TRUE,0.821483224645694,"standard",6,"one_step_gamma_poisson","recruit_size"
"recruit_sd.log_recruit_sd",3.5,3.33980039282701,0.351968353401162,2.74796369921604,3.31527185347419,4.0757814792028,TRUE,-0.45515344099814,"standard",6,"one_step_gamma_poisson","recruit_size"
"lambda",1.03119869581319,1.05118650737217,0.0514496190531038,0.942180690346789,1.05373437534147,1.14252644150026,TRUE,0.388492897067786,"standard",6,"one_step_gamma_poisson","lambda"
"survival_50",0.354343693774205,0.37323971195426,0.0370880505492066,0.298579088378251,0.376014412935799,0.440310799507699,TRUE,0.509490736240901,"standard",6,"one_step_shared_gamma_poisson","survival"
"survival_80",0.589040434058665,0.620798858803263,0.0525611284234064,0.51012413733975,0.624504808998134,0.716918759694168,TRUE,0.604218853308617,"standard",6,"one_step_shared_gamma_poisson","survival"
"survival_110",0.789181706522253,0.812916981679334,0.0607661878392271,0.68445421621472,0.823124690569528,0.905346629757708,TRUE,0.390600035991711,"standard",6,"one_step_shared_gamma_poisson","survival"
"growth_increment_50",12,11.7457686470394,1.52773891090456,9.10317440190428,11.6788450724263,14.7600239920072,TRUE,-0.166410209981552,"standard",6,"one_step_shared_gamma_poisson","growth"
"growth_increment_80",8.4,8.7763287765107,1.12560632064961,6.55709130164255,8.75479403326007,11.0224837671503,TRUE,0.334334277985849,"standard",6,"one_step_shared_gamma_poisson","growth"
"growth_increment_110",4.8,5.80688890598202,1.24462685456212,3.34276576029562,5.83737550511514,8.1544664248706,TRUE,0.808988575404202,"standard",6,"one_step_shared_gamma_poisson","growth"
"growth_sd.log_growth_sd",4.5,7.06407561248643,1.11178924624945,5.23996721732828,6.87862392188999,9.50059988721448,FALSE,2.30626049058865,"standard",6,"one_step_shared_gamma_poisson","growth"
"recruitment_50",0.019387103915861,0.0790001145949935,0.0298156355638608,0.0390034783834058,0.0752562100104007,0.14914074459296,FALSE,1.99938755460872,"standard",6,"one_step_shared_gamma_poisson","recruitment"
"recruitment_80",0.183939720585721,0.353361456475463,0.0616355720034385,0.251008402063395,0.35341607095025,0.478391138039288,FALSE,2.74876553235022,"standard",6,"one_step_shared_gamma_poisson","recruitment"
"recruitment_110",1.74517147873092,1.64409580694209,0.131436664791478,1.42000779949661,1.62928479762852,1.94709034279892,TRUE,-0.769006669099441,"standard",6,"one_step_shared_gamma_poisson","recruitment"
"recruit_mean_50",44,42.4443734652401,1.35649983351745,39.5817779804043,42.4450223857457,45.1447864184389,TRUE,-1.14679448999717,"standard",6,"one_step_shared_gamma_poisson","recruit_size"
"recruit_mean_80",44.6,43.9315509265297,0.664661552919608,42.5535173159048,43.9523839482298,45.3200845985256,TRUE,-1.00569841979591,"standard",6,"one_step_shared_gamma_poisson","recruit_size"
"recruit_mean_110",45.2,45.4187283878191,0.309085789069609,44.854279327749,45.423956527288,46.0526187631674,TRUE,0.707662388741792,"standard",6,"one_step_shared_gamma_poisson","recruit_size"
"recruit_sd.log_recruit_sd",3.5,3.32887118553571,0.302314233570593,2.74894058359579,3.31783553152597,3.92655898577232,TRUE,-0.566062710455629,"standard",6,"one_step_shared_gamma_poisson","recruit_size"
"lambda",1.03119869581319,1.05953930536015,0.0581883919592515,0.936409801895798,1.0612476403379,1.16136494058826,TRUE,0.487049196458277,"standard",6,"one_step_shared_gamma_poisson","lambda"
"survival_50",0.354343693774205,0.348052457579068,0.0104822864067289,0.328299927300972,0.348029793996426,0.368244966867176,TRUE,-0.600177857294373,"dense_profiles",6,"recursive_poisson","survival"
"survival_80",0.589040434058665,0.583582083802073,0.0106563950913358,0.561276755450044,0.583235994183631,0.603531908619392,TRUE,-0.512213577838349,"dense_profiles",6,"recursive_poisson","survival"
"survival_110",0.789181706522253,0.786037661590326,0.0142269016142759,0.75782455276173,0.786093657373554,0.811548401021289,TRUE,-0.220992948230712,"dense_profiles",6,"recursive_poisson","survival"
"growth_increment_50",12,11.6147029684677,0.481535294392676,10.7018330746374,11.6135634090853,12.5619902959089,TRUE,-0.800142868069992,"dense_profiles",6,"recursive_poisson","growth"
"growth_increment_80",8.4,8.15224069798383,0.36306894642066,7.49110961625539,8.17006612124414,8.85558458456823,TRUE,-0.682402900216953,"dense_profiles",6,"recursive_poisson","growth"
"growth_increment_110",4.8,4.68977842749994,0.346783975303566,4.04781383737764,4.70250296721531,5.33583871011335,TRUE,-0.317839290017882,"dense_profiles",6,"recursive_poisson","growth"
"growth_sd.log_growth_sd",4.5,4.05032326296386,0.455180052098552,3.19578200358068,4.00491454573449,5.10517771734823,TRUE,-0.987909586465746,"dense_profiles",6,"recursive_poisson","growth"
"recruitment_50",0.019387103915861,0.0216149847771816,0.00830968860952922,0.0103447745508681,0.0200749048086419,0.0426425308282823,TRUE,0.26810641962754,"dense_profiles",6,"recursive_poisson","recruitment"
"recruitment_80",0.183939720585721,0.189028477410241,0.0369730561157221,0.129807101512058,0.184309435856488,0.274695952864783,TRUE,0.137634195252687,"dense_profiles",6,"recursive_poisson","recruitment"
"recruitment_110",1.74517147873092,1.70356359236037,0.0629919654157546,1.58796935608957,1.70526129879443,1.83780366035004,TRUE,-0.660526879831872,"dense_profiles",6,"recursive_poisson","recruitment"
"recruit_mean_50",44,43.8337034933408,1.18997928088499,41.5433984389517,43.8696457735786,46.0401617840489,TRUE,-0.139747396724015,"dense_profiles",6,"recursive_poisson","recruit_size"
"recruit_mean_80",44.6,44.5222205162087,0.675620134308539,43.1643044933877,44.5330435339413,45.8096874599483,TRUE,-0.115123099270727,"dense_profiles",6,"recursive_poisson","recruit_size"
"recruit_mean_110",45.2,45.2107375390766,0.188410248772604,44.8660421279399,45.2185259383582,45.5617976909629,TRUE,0.0569902069899171,"dense_profiles",6,"recursive_poisson","recruit_size"
"recruit_sd.log_recruit_sd",3.5,3.49868287735063,0.108436651279847,3.29985187074328,3.49588428119483,3.71380866424942,TRUE,-0.0121464710853874,"dense_profiles",6,"recursive_poisson","recruit_size"
"lambda",1.03119869581319,1.01697756855539,0.00895345036007145,0.999680844639743,1.01659971046398,1.0366229332146,TRUE,-1.58834043702586,"dense_profiles",6,"recursive_poisson","lambda"
"survival_50",0.354343693774205,0.347890531075208,0.0105362944465676,0.327340923795933,0.347883907170155,0.369092640654089,TRUE,-0.612469851874586,"dense_profiles",6,"recursive_gamma_poisson","survival"
"survival_80",0.589040434058665,0.583489496131376,0.0104849508461595,0.564204194656512,0.583298965226619,0.604601018314968,TRUE,-0.529419546999839,"dense_profiles",6,"recursive_gamma_poisson","survival"
"survival_110",0.789181706522253,0.786032786234547,0.0140960414863877,0.759632381093443,0.786724867686421,0.812646157724398,TRUE,-0.223390395860186,"dense_profiles",6,"recursive_gamma_poisson","survival"
"growth_increment_50",12,11.6278802556427,0.50481330274707,10.6531189826386,11.6427683481352,12.6544744888391,TRUE,-0.737143300963531,"dense_profiles",6,"recursive_gamma_poisson","growth"
"growth_increment_80",8.4,8.17670399031242,0.361368275225336,7.53915393899568,8.1814338549276,8.87636175986128,TRUE,-0.617918132266418,"dense_profiles",6,"recursive_gamma_poisson","growth"
"growth_increment_110",4.8,4.72552772498211,0.321918855427828,4.13276262565726,4.72118173098641,5.33530917386329,TRUE,-0.231338654950535,"dense_profiles",6,"recursive_gamma_poisson","growth"
"growth_sd.log_growth_sd",4.5,4.06424254201571,0.40918419639436,3.35349790918576,4.05279508087404,4.93783013077345,TRUE,-1.06494205256236,"dense_profiles",6,"recursive_gamma_poisson","growth"
"recruitment_50",0.019387103915861,0.0226076855470596,0.00880715931432999,0.0105113549106748,0.0211376088025396,0.0435804240385607,TRUE,0.36567768519396,"dense_profiles",6,"recursive_gamma_poisson","recruitment"
"recruitment_80",0.183939720585721,0.193125805679834,0.0388126988111247,0.132543762522274,0.188459486738673,0.277101693270457,TRUE,0.236677308599825,"dense_profiles",6,"recursive_gamma_poisson","recruitment"
"recruitment_110",1.74517147873092,1.70329363639475,0.063811425576828,1.58636315098233,1.70100704222946,1.82961552598813,TRUE,-0.65627498457551,"dense_profiles",6,"recursive_gamma_poisson","recruitment"
"recruit_mean_50",44,43.8061009749048,1.24435818665296,41.2696030460449,43.7543710150504,46.2376754134731,TRUE,-0.155822517322553,"dense_profiles",6,"recursive_gamma_poisson","recruit_size"
"recruit_mean_80",44.6,44.5100090842191,0.699355404311429,43.068273044625,44.4992732912299,45.8020448195821,TRUE,-0.128676943405475,"dense_profiles",6,"recursive_gamma_poisson","recruit_size"
"recruit_mean_110",45.2,45.2139171935334,0.186302360548733,44.8618850130936,45.214371981838,45.5954077629539,TRUE,0.0747021856963162,"dense_profiles",6,"recursive_gamma_poisson","recruit_size"
"recruit_sd.log_recruit_sd",3.5,3.49332946995664,0.111716263006435,3.2826597809601,3.49030165720576,3.7099106252591,TRUE,-0.0597095701543376,"dense_profiles",6,"recursive_gamma_poisson","recruit_size"
"lambda",1.03119869581319,1.01739472222027,0.00847895368782142,0.999974682306784,1.01756570677217,1.03230734592631,TRUE,-1.62802795028204,"dense_profiles",6,"recursive_gamma_poisson","lambda"
"survival_50",0.354343693774205,0.347246634438649,0.0148142977118926,0.321614911673489,0.346795970540934,0.376997813031886,TRUE,-0.479068226761673,"dense_profiles",6,"one_step_poisson","survival"
"survival_80",0.589040434058665,0.585218283976199,0.0206786637958358,0.544995988711772,0.585392546799302,0.626677826885666,TRUE,-0.184835447793103,"dense_profiles",6,"one_step_poisson","survival"
"survival_110",0.789181706522253,0.788164764259692,0.0271342790378913,0.731192213391609,0.788549934450994,0.839716281811232,TRUE,-0.0374781383039802,"dense_profiles",6,"one_step_poisson","survival"
"growth_increment_50",12,11.5666654008328,0.531729526309691,10.5290988301435,11.5548218799304,12.5862792006043,TRUE,-0.814953049860891,"dense_profiles",6,"one_step_poisson","growth"
"growth_increment_80",8.4,7.97595320572764,0.402669761298489,7.11863575202746,7.99487828562645,8.70637650365011,TRUE,-1.05308825004624,"dense_profiles",6,"one_step_poisson","growth"
"growth_increment_110",4.8,4.38524101062245,0.482827244236571,3.42393939464333,4.39262087836435,5.25039127602062,TRUE,-0.859021511997224,"dense_profiles",6,"one_step_poisson","growth"
"growth_sd.log_growth_sd",4.5,3.7904917864949,0.479884648054948,2.92785072567502,3.75339499799759,4.82446418847403,TRUE,-1.47849741887109,"dense_profiles",6,"one_step_poisson","growth"
"recruitment_50",0.019387103915861,0.0272927572949035,0.00721670083137417,0.0161262587274564,0.0265051910360224,0.0435872220044962,TRUE,1.09546641377638,"dense_profiles",6,"one_step_poisson","recruitment"
"recruitment_80",0.183939720585721,0.216728866624903,0.0310447653671137,0.164846363678095,0.213755272476851,0.281080828662862,TRUE,1.0561892045709,"dense_profiles",6,"one_step_poisson","recruitment"
"recruitment_110",1.74517147873092,1.74558094493762,0.0598948947131304,1.63788417641264,1.74075696247404,1.8656188169347,TRUE,0.00683641249656232,"dense_profiles",6,"one_step_poisson","recruitment"
"recruit_mean_50",44,44.221328628462,1.1200031240842,42.1224849638691,44.2132282104912,46.554705974557,TRUE,0.197614295623474,"dense_profiles",6,"one_step_poisson","recruit_size"
"recruit_mean_80",44.6,44.7609984142873,0.62111041223211,43.6190465492248,44.7613855648214,46.0287165520023,TRUE,0.259210618783011,"dense_profiles",6,"one_step_poisson","recruit_size"
"recruit_mean_110",45.2,45.3006682001125,0.161740008626734,44.9804379738003,45.291087285885,45.5992059866545,TRUE,0.622407535199395,"dense_profiles",6,"one_step_poisson","recruit_size"
"recruit_sd.log_recruit_sd",3.5,3.51108661832681,0.0970947872200005,3.34582016887906,3.51668373529524,3.69589755271732,TRUE,0.114183455613206,"dense_profiles",6,"one_step_poisson","recruit_size"
"lambda",1.03119869581319,1.00267944764603,0.0261734518812675,0.949085669033698,1.0045497278072,1.05220649656254,TRUE,-1.08962502525616,"dense_profiles",6,"one_step_poisson","lambda"
"survival_50",0.354343693774205,0.347276034046827,0.0159641299201279,0.318278792223764,0.347403553211707,0.379834714012009,TRUE,-0.442721260897913,"dense_profiles",6,"one_step_gamma_poisson","survival"
"survival_80",0.589040434058665,0.58548525006577,0.0188866878637457,0.54875192732602,0.585929766208168,0.620819260979342,TRUE,-0.188237557508428,"dense_profiles",6,"one_step_gamma_poisson","survival"
"survival_110",0.789181706522253,0.788645698920514,0.0256349997497734,0.733801996176804,0.790710137660858,0.830582931531054,TRUE,-0.0209092103363038,"dense_profiles",6,"one_step_gamma_poisson","survival"
"growth_increment_50",12,11.5902745608262,0.543635293278621,10.5941897784179,11.5542670807462,12.687442882085,TRUE,-0.753677040912408,"dense_profiles",6,"one_step_gamma_poisson","growth"
"growth_increment_80",8.4,7.97940879316809,0.415244924445738,7.18049457229908,7.96362337824672,8.80395972285427,TRUE,-1.01287500959417,"dense_profiles",6,"one_step_gamma_poisson","growth"
"growth_increment_110",4.8,4.36854302550996,0.494727858279336,3.3307326634559,4.38923495337478,5.33344466997509,TRUE,-0.872109721070986,"dense_profiles",6,"one_step_gamma_poisson","growth"
"growth_sd.log_growth_sd",4.5,3.79697963737297,0.490131874753833,3.02766870575987,3.77691351410446,4.91708721431695,TRUE,-1.43434940439268,"dense_profiles",6,"one_step_gamma_poisson","growth"
"recruitment_50",0.019387103915861,0.0266124503021968,0.00749096562474747,0.0157256939732339,0.0257507380192936,0.0450307990926779,TRUE,0.964541388691717,"dense_profiles",6,"one_step_gamma_poisson","recruitment"
"recruitment_80",0.183939720585721,0.21397409168833,0.0322877491323723,0.162559390897169,0.211994204907596,0.286716747785506,TRUE,0.930209503904251,"dense_profiles",6,"one_step_gamma_poisson","recruitment"
"recruitment_110",1.74517147873092,1.74702525115981,0.0645781029379382,1.61934058014678,1.74885895642926,1.86441333545941,TRUE,0.0287058978902914,"dense_profiles",6,"one_step_gamma_poisson","recruitment"
"recruit_mean_50",44,44.295157912628,1.16010834959263,42.1014085565068,44.2677017055592,46.5911927058302,TRUE,0.254422712095538,"dense_profiles",6,"one_step_gamma_poisson","recruit_size"
"recruit_mean_80",44.6,44.807417865642,0.641638116712746,43.5952009386975,44.7862306493135,46.0494874337469,TRUE,0.323263004861144,"dense_profiles",6,"one_step_gamma_poisson","recruit_size"
"recruit_mean_110",45.2,45.319677818656,0.164694646658244,45.0091235044967,45.312775486992,45.6152909524382,TRUE,0.72666489824825,"dense_profiles",6,"one_step_gamma_poisson","recruit_size"
"recruit_sd.log_recruit_sd",3.5,3.53060410104158,0.113966323316049,3.31187945444909,3.53027060930887,3.76000840154402,TRUE,0.268536354873066,"dense_profiles",6,"one_step_gamma_poisson","recruit_size"
"lambda",1.03119869581319,1.00329324825761,0.0259827739281362,0.947639700827672,1.00385264931393,1.05071854165563,TRUE,-1.0739980124047,"dense_profiles",6,"one_step_gamma_poisson","lambda"
"survival_50",0.354343693774205,0.349348784732221,0.013885583938599,0.323808073895755,0.34941399610584,0.376567635268618,TRUE,-0.359719048480078,"longer_followup",6,"recursive_poisson","survival"
"survival_80",0.589040434058665,0.573859651260341,0.0113167442381417,0.553254101458131,0.573445272261664,0.595467010308552,TRUE,-1.34144436587683,"longer_followup",6,"recursive_poisson","survival"
"survival_110",0.789181706522253,0.771405665717275,0.0141335319933878,0.742897572519037,0.771031552451358,0.799250473013738,TRUE,-1.2577210575031,"longer_followup",6,"recursive_poisson","survival"
"growth_increment_50",12,12.0424127880394,0.529281112550644,10.9166361059983,12.0629933193419,12.9744385622193,TRUE,0.0801328198451073,"longer_followup",6,"recursive_poisson","growth"
"growth_increment_80",8.4,8.73299316199384,0.357394930958745,8.01815475433192,8.76915712091304,9.40569868857967,TRUE,0.931723237093922,"longer_followup",6,"recursive_poisson","growth"
"growth_increment_110",4.8,5.42357353594821,0.310784516400039,4.79892936374587,5.4407863338603,6.00101852305686,TRUE,2.00644981664901,"longer_followup",6,"recursive_poisson","growth"
"growth_sd.log_growth_sd",4.5,4.57552754210128,0.597084897859559,3.46817179661203,4.54959348618137,5.81975961881799,TRUE,0.126493807450223,"longer_followup",6,"recursive_poisson","growth"
"recruitment_50",0.019387103915861,0.0253369721506175,0.00611267395489809,0.0150254620889365,0.0248758609450371,0.0392919903735487,TRUE,0.973365875336587,"longer_followup",6,"recursive_poisson","recruitment"
"recruitment_80",0.183939720585721,0.211182050388443,0.0272457363960362,0.162391997555025,0.209990307835431,0.267198169110932,TRUE,0.999874967838461,"longer_followup",6,"recursive_poisson","recruitment"
"recruitment_110",1.74517147873092,1.78414754845673,0.0896385792961348,1.60929816312443,1.77834730687497,1.959937156244,TRUE,0.434813559427901,"longer_followup",6,"recursive_poisson","recruitment"
"recruit_mean_50",44,43.3569575047453,0.76629405589118,41.8480941889532,43.3572130141065,44.7408612494027,TRUE,-0.83915892379828,"longer_followup",6,"recursive_poisson","recruit_size"
"recruit_mean_80",44.6,44.1756925921416,0.47309769970308,43.2533060860361,44.1691806010326,45.0013379240882,TRUE,-0.896870579004443,"longer_followup",6,"recursive_poisson","recruit_size"
"recruit_mean_110",45.2,44.9944276795379,0.208559984474938,44.5992020788213,45.0059299751341,45.367002205845,TRUE,-0.985674797491308,"longer_followup",6,"recursive_poisson","recruit_size"
"recruit_sd.log_recruit_sd",3.5,3.43014235742121,0.113855018352317,3.21227310084799,3.43387511367899,3.64734782532606,TRUE,-0.613566653361054,"longer_followup",6,"recursive_poisson","recruit_size"
"lambda",1.03119869581319,1.03272183040932,0.00619435992002226,1.02018250041359,1.03281101594005,1.04447715174752,TRUE,0.245890554600055,"longer_followup",6,"recursive_poisson","lambda"
"survival_50",0.354343693774205,0.348663727636034,0.0158061031512385,0.318239450571013,0.348611216643453,0.378250693361202,TRUE,-0.359352718619071,"longer_followup",6,"recursive_gamma_poisson","survival"
"survival_80",0.589040434058665,0.57254525424044,0.0122157828559507,0.549789688589867,0.573307679184221,0.595096508237929,TRUE,-1.35031704580351,"longer_followup",6,"recursive_gamma_poisson","survival"
"survival_110",0.789181706522253,0.770071070177756,0.014338119638509,0.744061078321746,0.770520050617019,0.797420827187188,TRUE,-1.33285513207534,"longer_followup",6,"recursive_gamma_poisson","survival"
"growth_increment_50",12,11.9839137289182,0.568409563998746,10.906537729601,11.9560276605651,13.1642769199218,TRUE,-0.0283004933426397,"longer_followup",6,"recursive_gamma_poisson","growth"
"growth_increment_80",8.4,8.6879952064731,0.391290566246169,7.92775787341647,8.65156759672053,9.44454031934507,TRUE,0.736013671977753,"longer_followup",6,"recursive_gamma_poisson","growth"
"growth_increment_110",4.8,5.39207668402804,0.339120240545637,4.73775718016644,5.41352952600005,6.04067692900198,TRUE,1.74591962743185,"longer_followup",6,"recursive_gamma_poisson","growth"
"growth_sd.log_growth_sd",4.5,4.37136231162259,0.714549526875237,3.15775470371845,4.26566162362288,5.99167965021101,TRUE,-0.180026273252117,"longer_followup",6,"recursive_gamma_poisson","growth"
"recruitment_50",0.019387103915861,0.0236030295812754,0.00751763472022524,0.0117700339139869,0.0226937845008479,0.0420221325552756,TRUE,0.56080480394611,"longer_followup",6,"recursive_gamma_poisson","recruitment"
"recruitment_80",0.183939720585721,0.205734650666883,0.0357113358851626,0.144013441724633,0.204622189471319,0.285918637230816,TRUE,0.610308450830531,"longer_followup",6,"recursive_gamma_poisson","recruitment"
"recruitment_110",1.74517147873092,1.83219075205673,0.112946714610023,1.61137731337796,1.82956697473048,2.05075867570361,TRUE,0.770445369980592,"longer_followup",6,"recursive_gamma_poisson","recruitment"
"recruit_mean_50",44,43.2582038486841,0.971164972334217,41.3020192618667,43.2286085333367,44.9887483406966,TRUE,-0.763820949527254,"longer_followup",6,"recursive_gamma_poisson","recruit_size"
"recruit_mean_80",44.6,44.1175384059782,0.590390993973017,42.8948561787989,44.123886995127,45.1549673247141,TRUE,-0.817189962155631,"longer_followup",6,"recursive_gamma_poisson","recruit_size"
"recruit_mean_110",45.2,44.9768729632723,0.252887938131776,44.4511388548847,44.9653522199625,45.4515614296208,TRUE,-0.88231585253171,"longer_followup",6,"recursive_gamma_poisson","recruit_size"
"recruit_sd.log_recruit_sd",3.5,3.34499845359938,0.157116320196114,3.06165324201037,3.34574980854821,3.65187641183604,TRUE,-0.986540075576786,"longer_followup",6,"recursive_gamma_poisson","recruit_size"
"lambda",1.03119869581319,1.03400125676,0.00720611397737668,1.01967366158533,1.03437189046159,1.04822063482275,TRUE,0.388914324087536,"longer_followup",6,"recursive_gamma_poisson","lambda"
"survival_50",0.354343693774205,0.428047408355686,0.0281248135623961,0.374231394724319,0.428338939675616,0.4823508970947,FALSE,2.62059389008807,"longer_followup",6,"one_step_poisson","survival"
"survival_80",0.589040434058665,0.597552755092329,0.0294241412174273,0.537422159978701,0.598299688477533,0.651252384452072,TRUE,0.289297178488992,"longer_followup",6,"one_step_poisson","survival"
"survival_110",0.789181706522253,0.744938381561908,0.0428522285724325,0.646193210254187,0.748377251313882,0.817585434544157,TRUE,-1.03246263809969,"longer_followup",6,"one_step_poisson","survival"
"growth_increment_50",12,9.61399060994138,0.841440020311198,7.85777394089964,9.56451604385262,11.1073895089424,FALSE,-2.83562622701993,"longer_followup",6,"one_step_poisson","growth"
"growth_increment_80",8.4,8.26358776914804,0.683083288154834,6.98568258916634,8.2459671547309,9.58515890271179,TRUE,-0.199700729350936,"longer_followup",6,"one_step_poisson","growth"
"growth_increment_110",4.8,6.9131849283547,0.971607242311723,5.00317101927985,6.97230925906714,8.81499470933601,FALSE,2.1749373989091,"longer_followup",6,"one_step_poisson","growth"
"growth_sd.log_growth_sd",4.5,6.26166871797639,0.507202990002995,5.29667314391027,6.25311343968898,7.2682684991101,FALSE,3.47330112932888,"longer_followup",6,"one_step_poisson","growth"
"recruitment_50",0.019387103915861,0.0871335347932704,0.0159436860775847,0.061484946260505,0.0865875610819659,0.119355197033462,FALSE,4.249107173068,"longer_followup",6,"one_step_poisson","recruitment"
"recruitment_80",0.183939720585721,0.419839152183413,0.0419230858480012,0.346504885796458,0.419615239623321,0.506238873346612,FALSE,5.62695772093167,"longer_followup",6,"one_step_poisson","recruitment"
"recruitment_110",1.74517147873092,2.03786405790556,0.0936795130554429,1.86366412476959,2.03019431908145,2.23012003192108,FALSE,3.1244032940416,"longer_followup",6,"one_step_poisson","recruitment"
"recruit_mean_50",44,44.4812266055606,0.63691975998346,43.3600327387753,44.4620934485998,45.7382655325086,TRUE,0.755552953127303,"longer_followup",6,"one_step_poisson","recruit_size"
"recruit_mean_80",44.6,44.7973926788538,0.347310392538743,44.1734413537152,44.8058160936025,45.4656924921239,TRUE,0.56834659455746,"longer_followup",6,"one_step_poisson","recruit_size"
"recruit_mean_110",45.2,45.113558752147,0.143889704507215,44.83871609494,45.1233200564908,45.3920621297349,TRUE,-0.600746579812782,"longer_followup",6,"one_step_poisson","recruit_size"
"recruit_sd.log_recruit_sd",3.5,3.29300840288947,0.128447350278593,3.0681690693003,3.2807167847474,3.56870004238839,TRUE,-1.61148981790271,"longer_followup",6,"one_step_poisson","recruit_size"
"lambda",1.03119869581319,1.02987771909163,0.0416130927754321,0.942234270084224,1.03142162105684,1.10260456673724,TRUE,-0.0317442572387739,"longer_followup",6,"one_step_poisson","lambda"
"survival_50",0.354343693774205,0.403000532518776,0.0313115304528601,0.345051532684958,0.402057903542297,0.463033236433425,TRUE,1.55395913393069,"longer_followup",6,"one_step_gamma_poisson","survival"
"survival_80",0.589040434058665,0.585318175515431,0.0330393445367161,0.51816077291104,0.587613448732394,0.653261285420029,TRUE,-0.112661391907999,"longer_followup",6,"one_step_gamma_poisson","survival"
"survival_110",0.789181706522253,0.745103050665003,0.046188602837772,0.647407821758276,0.749948268259299,0.820526822987172,TRUE,-0.954318882778664,"longer_followup",6,"one_step_gamma_poisson","survival"
"growth_increment_50",12,10.6264016918244,0.953061874052495,8.7624133681455,10.6273311405123,12.4972367762468,TRUE,-1.44124777789609,"longer_followup",6,"one_step_gamma_poisson","growth"
"growth_increment_80",8.4,8.81083256595202,0.711290121796309,7.50318848449956,8.82177669659584,10.1954687526951,TRUE,0.577587897487583,"longer_followup",6,"one_step_gamma_poisson","growth"
"growth_increment_110",4.8,6.99526344007969,0.933322963854985,5.10963121757232,7.0839108785995,8.7464660513272,FALSE,2.3520941036449,"longer_followup",6,"one_step_gamma_poisson","growth"
"growth_sd.log_growth_sd",4.5,6.10079510609063,0.608730759991674,5.04853678974233,6.09003487931542,7.38967474955742,FALSE,2.62972599924558,"longer_followup",6,"one_step_gamma_poisson","growth"
"recruitment_50",0.019387103915861,0.0773115672265521,0.0281500348775025,0.0395509351449885,0.0731363498781636,0.149130173637214,FALSE,2.05770485055364,"longer_followup",6,"one_step_gamma_poisson","recruitment"
"recruitment_80",0.183939720585721,0.404990385782786,0.0747668455346089,0.289405221280024,0.398290903537014,0.568428936724187,FALSE,2.95653325503405,"longer_followup",6,"one_step_gamma_poisson","recruitment"
"recruitment_110",1.74517147873092,2.18298016506228,0.132775604376009,1.93891366747989,2.17855016415588,2.45445178924662,FALSE,3.29735788730831,"longer_followup",6,"one_step_gamma_poisson","recruitment"
"recruit_mean_50",44,44.2511147817941,0.972865010250618,42.4795627393408,44.2093261660739,46.1260041748729,TRUE,0.258118833700706,"longer_followup",6,"one_step_gamma_poisson","recruit_size"
"recruit_mean_80",44.6,44.7084963053594,0.542423722650093,43.7094102641197,44.6559867880607,45.8588538954186,TRUE,0.200021313281312,"longer_followup",6,"one_step_gamma_poisson","recruit_size"
"recruit_mean_110",45.2,45.1658778289247,0.229578899571738,44.7540249216699,45.1746721332513,45.6289524573832,TRUE,-0.148629386842351,"longer_followup",6,"one_step_gamma_poisson","recruit_size"
"recruit_sd.log_recruit_sd",3.5,3.2509838663013,0.162155018722874,2.95894803372886,3.24409752935906,3.58268305890224,TRUE,-1.53566713913601,"longer_followup",6,"one_step_gamma_poisson","recruit_size"
"lambda",1.03119869581319,1.04765927896196,0.0467833431855668,0.953531011539208,1.04943821900056,1.13363169944386,TRUE,0.351847089753116,"longer_followup",6,"one_step_gamma_poisson","lambda"
"survival_50",0.354343693774205,0.406088947160806,0.0315022631610065,0.344694086928605,0.407952615777146,0.470696340556851,TRUE,1.64258844268218,"longer_followup",6,"one_step_shared_gamma_poisson","survival"
"survival_80",0.589040434058665,0.623288917843141,0.0489227561127942,0.527886610828451,0.625798618211502,0.717937326858188,TRUE,0.700052215077866,"longer_followup",6,"one_step_shared_gamma_poisson","survival"
"survival_110",0.789181706522253,0.795769140291984,0.0598185822588898,0.669545342921003,0.803513771926071,0.887081098237447,TRUE,0.110123535546547,"longer_followup",6,"one_step_shared_gamma_poisson","survival"
"growth_increment_50",12,10.1855020651699,0.831303659018144,8.64627215012671,10.1363880184981,11.7952683359561,FALSE,-2.18271375946215,"longer_followup",6,"one_step_shared_gamma_poisson","growth"
"growth_increment_80",8.4,8.5528345278427,0.659565761511694,7.23233344444311,8.54041561506613,9.87122614504428,TRUE,0.231719923563667,"longer_followup",6,"one_step_shared_gamma_poisson","growth"
"growth_increment_110",4.8,6.92016699051555,0.917510745889635,5.24722382821101,6.92771827559591,8.74394229293071,FALSE,2.31078164480766,"longer_followup",6,"one_step_shared_gamma_poisson","growth"
"growth_sd.log_growth_sd",4.5,6.03797658104326,0.526582710381558,5.08246520750023,6.00589090011446,7.08335196478666,FALSE,2.92067428482196,"longer_followup",6,"one_step_shared_gamma_poisson","growth"
"recruitment_50",0.019387103915861,0.0947353324104965,0.0293450229872244,0.0543811497907227,0.088393833638367,0.16206605904529,FALSE,2.56766636466562,"longer_followup",6,"one_step_shared_gamma_poisson","recruitment"
"recruitment_80",0.183939720585721,0.450303957934787,0.0710358210291122,0.335652952157314,0.43863289488779,0.602013005811196,FALSE,3.74971716368146,"longer_followup",6,"one_step_shared_gamma_poisson","recruitment"
"recruitment_110",1.74517147873092,2.18866545910405,0.142875689993028,1.92705121097746,2.18570853064675,2.47863041719119,FALSE,3.10405486332047,"longer_followup",6,"one_step_shared_gamma_poisson","recruitment"
"recruit_mean_50",44,44.6072085003812,0.683854909010073,43.3651363396775,44.6223075206475,45.9914928037981,TRUE,0.887920072490443,"longer_followup",6,"one_step_shared_gamma_poisson","recruit_size"
"recruit_mean_80",44.6,44.904977046255,0.377219763787928,44.2115733156494,44.9249885330756,45.6668544345955,TRUE,0.808486393163787,"longer_followup",6,"one_step_shared_gamma_poisson","recruit_size"
"recruit_mean_110",45.2,45.2027455921287,0.146508995775562,44.8977001419766,45.204307964904,45.4971763649354,TRUE,0.0187400924713005,"longer_followup",6,"one_step_shared_gamma_poisson","recruit_size"
"recruit_sd.log_recruit_sd",3.5,3.37236397290219,0.130918358930815,3.12336839474946,3.3753039585771,3.64218804137727,TRUE,-0.974928406834557,"longer_followup",6,"one_step_shared_gamma_poisson","recruit_size"
"lambda",1.03119869581319,1.07965532339274,0.0595182460967762,0.963269581475139,1.08344331469224,1.18619771962413,TRUE,0.814147438094127,"longer_followup",6,"one_step_shared_gamma_poisson","lambda"
"survival_50",0.354343693774205,0.373098350712619,0.0214266732809307,0.331248651653209,0.372614254270859,0.415796246744095,TRUE,0.875294857606555,"diverse_initial",6,"recursive_poisson","survival"
"survival_80",0.589040434058665,0.615966382059546,0.0161190779156616,0.582737365399405,0.615531080426207,0.645122984469167,TRUE,1.67043972004868,"diverse_initial",6,"recursive_poisson","survival"
"survival_110",0.789181706522253,0.811807299291536,0.0177793547067912,0.778702809134346,0.812435560159466,0.845519458830209,TRUE,1.27257671284555,"diverse_initial",6,"recursive_poisson","survival"
"growth_increment_50",12,11.7034691742243,0.586927855234369,10.5925360463668,11.7078039525451,12.8501886728411,TRUE,-0.50522534095324,"diverse_initial",6,"recursive_poisson","growth"
"growth_increment_80",8.4,8.42334199298228,0.400210260354679,7.6920537386223,8.398283775943,9.27274374954804,TRUE,0.0583243242229646,"diverse_initial",6,"recursive_poisson","growth"
"growth_increment_110",4.8,5.14321481174031,0.362584963074915,4.4869488787664,5.13338011550776,5.95515339423165,TRUE,0.946577620951696,"diverse_initial",6,"recursive_poisson","growth"
"growth_sd.log_growth_sd",4.5,5.1899490178707,0.46212089752874,4.31298070817912,5.16099044213343,6.10163835446993,TRUE,1.49300544848827,"diverse_initial",6,"recursive_poisson","growth"
"recruitment_50",0.019387103915861,0.222719915672255,0.0301404934440213,0.168971338388783,0.222480335632822,0.281117327316078,FALSE,6.74616731587478,"diverse_initial",6,"recursive_poisson","recruitment"
"recruitment_80",0.183939720585721,0.623674632217566,0.0418203311685756,0.546389221021763,0.623928360827042,0.706190391159404,FALSE,10.514859623165,"diverse_initial",6,"recursive_poisson","recruitment"
"recruitment_110",1.74517147873092,1.75587304677344,0.0695460050384154,1.62396979057247,1.75413120859961,1.88692620185904,TRUE,0.153877538136276,"diverse_initial",6,"recursive_poisson","recruitment"
"recruit_mean_50",44,46.1172411580351,0.708926037728556,44.7946388580761,46.1342443052031,47.4333200588277,FALSE,2.98654731996997,"diverse_initial",6,"recursive_poisson","recruit_size"
"recruit_mean_80",44.6,45.7729555098663,0.333679769877836,45.1625911694197,45.767387451136,46.4341627440324,FALSE,3.5152131347241,"diverse_initial",6,"recursive_poisson","recruit_size"
"recruit_mean_110",45.2,45.4286698616975,0.169351342620933,45.1084903654552,45.4332291413008,45.7621889824237,TRUE,1.35026896249261,"diverse_initial",6,"recursive_poisson","recruit_size"
"recruit_sd.log_recruit_sd",3.5,3.45637432327979,0.114205214202423,3.25505813625745,3.45127101709478,3.69147376042045,TRUE,-0.381993738419729,"diverse_initial",6,"recursive_poisson","recruit_size"
"lambda",1.03119869581319,1.0277965002651,0.0125005922594901,1.00049234616092,1.02784027447491,1.05178452548266,TRUE,-0.272162748569372,"diverse_initial",6,"recursive_poisson","lambda"
"survival_50",0.354343693774205,0.370578343255547,0.0215046310810133,0.329790791360976,0.36940258208263,0.417502476398878,TRUE,0.754937363035081,"diverse_initial",6,"recursive_gamma_poisson","survival"
"survival_80",0.589040434058665,0.610489503657064,0.0174929957478156,0.574336739630687,0.610335256145689,0.644356736431683,TRUE,1.22615187859274,"diverse_initial",6,"recursive_gamma_poisson","survival"
"survival_110",0.789181706522253,0.806277626061836,0.0194706958290473,0.764748125079952,0.8075722039701,0.84212084311828,TRUE,0.878033311684666,"diverse_initial",6,"recursive_gamma_poisson","survival"
"growth_increment_50",12,11.7808937948431,0.586241778535547,10.6508682612953,11.8601583959231,12.8344427189382,TRUE,-0.373747169136047,"diverse_initial",6,"recursive_gamma_poisson","growth"
"growth_increment_80",8.4,8.39460853040237,0.397796989810207,7.63475894656219,8.41955682093317,9.11665263156508,TRUE,-0.0135533192450756,"diverse_initial",6,"recursive_gamma_poisson","growth"
"growth_increment_110",4.8,5.00832326596169,0.369444560910812,4.27880082581595,5.01457365430234,5.75319221069879,TRUE,0.563882346645192,"diverse_initial",6,"recursive_gamma_poisson","growth"
"growth_sd.log_growth_sd",4.5,5.23723675871411,0.473398628116606,4.31840864151691,5.22545861293345,6.31236761776247,TRUE,1.55732761974232,"diverse_initial",6,"recursive_gamma_poisson","growth"
"recruitment_50",0.019387103915861,0.218461443018727,0.0338170206181799,0.16350023397019,0.214956284094616,0.301070566725896,FALSE,5.88680893419227,"diverse_initial",6,"recursive_gamma_poisson","recruitment"
"recruitment_80",0.183939720585721,0.62482183954941,0.0461543814456975,0.542742231608778,0.621759112631421,0.726682709734717,FALSE,9.55233512299161,"diverse_initial",6,"recursive_gamma_poisson","recruitment"
"recruitment_110",1.74517147873092,1.80057062421241,0.093601601464682,1.62532499541072,1.79766673192267,1.9825200310981,TRUE,0.591861085863949,"diverse_initial",6,"recursive_gamma_poisson","recruitment"
"recruit_mean_50",44,46.2934070213863,0.750406665533578,44.7706695091888,46.2687753134038,47.9005977020277,FALSE,3.05621888333783,"diverse_initial",6,"recursive_gamma_poisson","recruit_size"
"recruit_mean_80",44.6,45.8211701954549,0.344267601850559,45.0841914066986,45.8047950580439,46.5079238971098,FALSE,3.54715398396685,"diverse_initial",6,"recursive_gamma_poisson","recruit_size"
"recruit_mean_110",45.2,45.3489333695237,0.21064445282227,44.8995217865337,45.3331123887999,45.7632375207487,TRUE,0.707036750924152,"diverse_initial",6,"recursive_gamma_poisson","recruit_size"
"recruit_sd.log_recruit_sd",3.5,3.39176770774409,0.144093102211163,3.12251405328955,3.38489757022133,3.6631263291419,TRUE,-0.751127504336048,"diverse_initial",6,"recursive_gamma_poisson","recruit_size"
"lambda",1.03119869581319,1.02198933330087,0.0140973845979667,0.992133825502089,1.02170378678659,1.0482969843906,TRUE,-0.653267451726282,"diverse_initial",6,"recursive_gamma_poisson","lambda"
"survival_50",0.354343693774205,0.41305241189957,0.0297692289358271,0.359435804585346,0.412837964470175,0.471227068609619,FALSE,1.97212760370523,"diverse_initial",6,"one_step_poisson","survival"
"survival_80",0.589040434058665,0.605797601841626,0.0324436230010611,0.549509146829504,0.605080988479652,0.665117883985479,TRUE,0.516501125118262,"diverse_initial",6,"one_step_poisson","survival"
"survival_110",0.789181706522253,0.768770659830823,0.040792837154665,0.692254357441331,0.768703108013037,0.847109275717204,TRUE,-0.500358595163211,"diverse_initial",6,"one_step_poisson","survival"
"growth_increment_50",12,10.6015800398613,0.792764522389709,9.07915100365838,10.580276662558,12.172632146874,TRUE,-1.76397898826662,"diverse_initial",6,"one_step_poisson","growth"
"growth_increment_80",8.4,7.74985520860524,0.597690169988666,6.59352352176456,7.71566633116739,8.95340775587591,TRUE,-1.08776222872645,"diverse_initial",6,"one_step_poisson","growth"
"growth_increment_110",4.8,4.89813037734914,0.712887209943282,3.5390697589153,4.87796374105125,6.37435095283835,TRUE,0.137652038050938,"diverse_initial",6,"one_step_poisson","growth"
"growth_sd.log_growth_sd",4.5,5.70083656356502,0.538332259605368,4.77616885780335,5.68313636959875,6.84379139549635,FALSE,2.23066060437341,"diverse_initial",6,"one_step_poisson","growth"
"recruitment_50",0.019387103915861,0.132734473539993,0.0577780774118595,0.055735288551243,0.122298192627198,0.270690686962768,FALSE,1.96177122364522,"diverse_initial",6,"one_step_poisson","recruitment"
"recruitment_80",0.183939720585721,0.497856369450192,0.107541966841118,0.331855105111121,0.487315731104539,0.732177054164323,FALSE,2.9190153210444,"diverse_initial",6,"one_step_poisson","recruitment"
"recruitment_110",1.74517147873092,1.95015206254129,0.0783559517736569,1.80074085257304,1.95018393633998,2.10943976075096,FALSE,2.61601804547645,"diverse_initial",6,"one_step_poisson","recruitment"
"recruit_mean_50",44,45.9499302276233,0.962687268074489,43.9580233597724,46.0064166216421,47.7116473006958,TRUE,2.02550744389026,"diverse_initial",6,"one_step_poisson","recruit_size"
"recruit_mean_80",44.6,45.6856601249453,0.487397737339015,44.6955008730311,45.7225999077054,46.5583992464028,FALSE,2.22746238189898,"diverse_initial",6,"one_step_poisson","recruit_size"
"recruit_mean_110",45.2,45.4213900222675,0.141542671971436,45.1619639837917,45.423504815054,45.6942923700695,TRUE,1.56412210666849,"diverse_initial",6,"one_step_poisson","recruit_size"
"recruit_sd.log_recruit_sd",3.5,3.38890819921923,0.120422368722715,3.16126654002294,3.38201518648713,3.63805171317129,TRUE,-0.922517983652756,"diverse_initial",6,"one_step_poisson","recruit_size"
"lambda",1.03119869581319,1.00386758356441,0.0398775777455104,0.924959762230015,1.00691947144872,1.0795481852275,TRUE,-0.685375436371806,"diverse_initial",6,"one_step_poisson","lambda"
"survival_50",0.354343693774205,0.40352704377766,0.0300979866890356,0.348038092832736,0.401490411768273,0.460966049542607,TRUE,1.63410764020877,"diverse_initial",6,"one_step_gamma_poisson","survival"
"survival_80",0.589040434058665,0.602595304018208,0.0329978426177262,0.540684031167717,0.59971522415831,0.665057829337219,TRUE,0.410780490002729,"diverse_initial",6,"one_step_gamma_poisson","survival"
"survival_110",0.789181706522253,0.770597725701796,0.0441600558539805,0.678601436234338,0.77249086847286,0.852366872535526,TRUE,-0.420832366741263,"diverse_initial",6,"one_step_gamma_poisson","survival"
"growth_increment_50",12,10.9122635266052,0.779389649802414,9.24722949514765,10.9002127933485,12.4283992621685,TRUE,-1.39562601796231,"diverse_initial",6,"one_step_gamma_poisson","growth"
"growth_increment_80",8.4,7.94873653000394,0.606185503811862,6.72290440698375,7.941727249091,9.10449849596827,TRUE,-0.744431312128692,"diverse_initial",6,"one_step_gamma_poisson","growth"
"growth_increment_110",4.8,4.98520953340268,0.75857486313165,3.39282268166902,4.97161151101172,6.42904521025501,TRUE,0.244154588300061,"diverse_initial",6,"one_step_gamma_poisson","growth"
"growth_sd.log_growth_sd",4.5,5.56764098971028,0.584252986137891,4.55295133356351,5.51935074454735,6.94262280192266,FALSE,1.82736077528289,"diverse_initial",6,"one_step_gamma_poisson","growth"
"recruitment_50",0.019387103915861,0.146463276201522,0.0616455194637227,0.0614949647763609,0.134254967134219,0.30531909476065,FALSE,2.06140159724736,"diverse_initial",6,"one_step_gamma_poisson","recruitment"
"recruitment_80",0.183939720585721,0.52981395479695,0.105947591008269,0.359038467930706,0.520494459156545,0.779009226845147,FALSE,3.26457856115136,"diverse_initial",6,"one_step_gamma_poisson","recruitment"
"recruitment_110",1.74517147873092,2.00168087411938,0.112928332935976,1.79512757342994,2.00033120879746,2.22101102425806,FALSE,2.27143524321647,"diverse_initial",6,"one_step_gamma_poisson","recruitment"
"recruit_mean_50",44,46.417903736329,1.14779764758034,44.0212325864257,46.389090473628,48.6997454618941,FALSE,2.1065592366618,"diverse_initial",6,"one_step_gamma_poisson","recruit_size"
"recruit_mean_80",44.6,45.9035823012027,0.557848737249674,44.7374246903239,45.8846624900607,47.0642527251183,FALSE,2.33680245944383,"diverse_initial",6,"one_step_gamma_poisson","recruit_size"
"recruit_mean_110",45.2,45.3892608660763,0.203752037542223,45.0170417081758,45.3882717320101,45.7771655285877,TRUE,0.928878397287637,"diverse_initial",6,"one_step_gamma_poisson","recruit_size"
"recruit_sd.log_recruit_sd",3.5,3.32652410239855,0.143638235705196,3.07049371227813,3.3177560820534,3.63095453986326,TRUE,-1.20772785010736,"diverse_initial",6,"one_step_gamma_poisson","recruit_size"
"lambda",1.03119869581319,1.00835865061583,0.0427807455360205,0.919903709605005,1.00947428315985,1.08415320744461,TRUE,-0.533886095512968,"diverse_initial",6,"one_step_gamma_poisson","lambda"
"survival_50",0.354343693774205,0.393091808665375,0.0304599573211986,0.336157010744236,0.390817687375007,0.450803813126949,TRUE,1.2721001044937,"diverse_initial",6,"one_step_shared_gamma_poisson","survival"
"survival_80",0.589040434058665,0.608449852096854,0.0398965504549933,0.526544494191223,0.610446872072903,0.682687096398741,TRUE,0.486493639596349,"diverse_initial",6,"one_step_shared_gamma_poisson","survival"
"survival_110",0.789181706522253,0.785786663378559,0.0482917400273404,0.683532390435517,0.789078317208446,0.874013647362672,TRUE,-0.0703027710695864,"diverse_initial",6,"one_step_shared_gamma_poisson","survival"
"growth_increment_50",12,11.0116375133669,0.759021795772785,9.5390632128608,11.0020552520571,12.3642425337423,TRUE,-1.30215297128166,"diverse_initial",6,"one_step_shared_gamma_poisson","growth"
"growth_increment_80",8.4,8.01583268918634,0.580649242228714,6.97687706426791,7.96161486954369,9.11185090574466,TRUE,-0.661616829704454,"diverse_initial",6,"one_step_shared_gamma_poisson","growth"
"growth_increment_110",4.8,5.02002786500575,0.706240022936507,3.76370513437064,5.03637883840395,6.44145189639956,TRUE,0.31154828083926,"diverse_initial",6,"one_step_shared_gamma_poisson","growth"
"growth_sd.log_growth_sd",4.5,5.49665717005116,0.490556758561825,4.59502640402085,5.50389796149596,6.45592160805412,FALSE,2.03168573800325,"diverse_initial",6,"one_step_shared_gamma_poisson","growth"
"recruitment_50",0.019387103915861,0.143304664247873,0.0550253305899906,0.0651234481520747,0.134303806985105,0.275490607851453,FALSE,2.25200937465251,"diverse_initial",6,"one_step_shared_gamma_poisson","recruitment"
"recruitment_80",0.183939720585721,0.525004847709062,0.0969943421644096,0.365819087280745,0.515847633270348,0.726060348016037,FALSE,3.5163404329834,"diverse_initial",6,"one_step_shared_gamma_poisson","recruitment"
"recruitment_110",1.74517147873092,1.9982822122334,0.10888054263133,1.80384685499308,1.99939526441203,2.22759049274733,FALSE,2.32466451200112,"diverse_initial",6,"one_step_shared_gamma_poisson","recruitment"
"recruit_mean_50",44,46.0206345265431,1.01048538887086,44.1630837155616,46.018903050198,48.1041519488506,FALSE,1.999667237941,"diverse_initial",6,"one_step_shared_gamma_poisson","recruit_size"
"recruit_mean_80",44.6,45.7343837323735,0.506968991137056,44.7794567612107,45.7731781229981,46.7273627184385,FALSE,2.23758011279793,"diverse_initial",6,"one_step_shared_gamma_poisson","recruit_size"
"recruit_mean_110",45.2,45.4481329382039,0.151834899402865,45.1622976504762,45.4412096766154,45.7464650348435,TRUE,1.63422862055919,"diverse_initial",6,"one_step_shared_gamma_poisson","recruit_size"
"recruit_sd.log_recruit_sd",3.5,3.41510465274484,0.115974412818305,3.19232677428588,3.41458987595524,3.62898530569279,TRUE,-0.732017909745035,"diverse_initial",6,"one_step_shared_gamma_poisson","recruit_size"
"lambda",1.03119869581319,1.01823238913532,0.049057350110304,0.918415165147955,1.020099699419,1.10636128438931,TRUE,-0.264309153444183,"diverse_initial",6,"one_step_shared_gamma_poisson","lambda"
"survival_50",0.354343693774205,0.34426014449939,0.0210769394271951,0.308226754191272,0.343835217197822,0.384370278552654,TRUE,-0.478416200304855,"standard",7,"recursive_poisson","survival"
"survival_80",0.589040434058665,0.611680390857557,0.0229464272136746,0.566822938224418,0.61241025306084,0.657164331453676,TRUE,0.986644090083015,"standard",7,"recursive_poisson","survival"
"survival_110",0.789181706522253,0.824155164610276,0.02775153696091,0.771126975100172,0.827469119614607,0.873767252824438,TRUE,1.26023499661607,"standard",7,"recursive_poisson","survival"
"growth_increment_50",12,10.8068095228927,0.946486594558365,8.93104434010244,10.8235307555488,12.5904774237481,TRUE,-1.26065227333094,"standard",7,"recursive_poisson","growth"
"growth_increment_80",8.4,6.37669225180928,0.629598907114763,5.18423070011452,6.38710951788379,7.61845688829954,FALSE,-3.21364558503263,"standard",7,"recursive_poisson","growth"
"growth_increment_110",4.8,1.94657498072581,0.599859899670731,0.891170888183146,1.93202256983327,3.15011768121257,FALSE,-4.75681908532387,"standard",7,"recursive_poisson","growth"
"growth_sd.log_growth_sd",4.5,5.07441153810988,0.531115454962937,4.16478781660918,5.0693132968563,6.16394661788789,TRUE,1.08151915509589,"standard",7,"recursive_poisson","growth"
"recruitment_50",0.019387103915861,0.00181329222270434,0.0013749233020213,0.000460978133526887,0.00144167018281931,0.00487690373418297,FALSE,-12.7816669244904,"standard",7,"recursive_poisson","recruitment"
"recruitment_80",0.183939720585721,0.0506213632335334,0.0199780856035362,0.0236451146746136,0.0466165150801873,0.0951544490269517,FALSE,-6.67322985784934,"standard",7,"recursive_poisson","recruitment"
"recruitment_110",1.74517147873092,1.52027875043909,0.180990608662284,1.23662504126012,1.5030940906292,1.95089097239899,TRUE,-1.24256573285228,"standard",7,"recursive_poisson","recruitment"
"recruit_mean_50",44,44.3012281370824,2.17250273908347,40.2502686194178,44.4249857294662,48.5495453883766,TRUE,0.138654894036868,"standard",7,"recursive_poisson","recruit_size"
"recruit_mean_80",44.6,44.6359388907657,1.31151517274022,42.1991585123978,44.7071338937441,47.1635518970749,TRUE,0.0274025733843531,"standard",7,"recursive_poisson","recruit_size"
"recruit_mean_110",45.2,44.9706496444489,0.471606743385186,44.101384803974,44.9926697774729,45.8288555042331,TRUE,-0.486316955319209,"standard",7,"recursive_poisson","recruit_size"
"recruit_sd.log_recruit_sd",3.5,3.29168085845372,0.174571189565472,2.97779746341623,3.27929001624779,3.63581373944649,TRUE,-1.19331913854065,"standard",7,"recursive_poisson","recruit_size"
"lambda",1.03119869581319,1.01502952776698,0.0158260238159723,0.983847501202459,1.01587259725712,1.04366921992356,TRUE,-1.02168227687711,"standard",7,"recursive_poisson","lambda"
"survival_50",0.354343693774205,0.357736422880083,0.020870402438794,0.317161539591554,0.358017707887814,0.400784321493881,TRUE,0.162561748189962,"standard",7,"recursive_gamma_poisson","survival"
"survival_80",0.589040434058665,0.607177702821445,0.0223020487662715,0.564531192599772,0.607493215124593,0.649021809946196,TRUE,0.813255721609308,"standard",7,"recursive_gamma_poisson","survival"
"survival_110",0.789181706522253,0.809792082606565,0.0283655694028705,0.749522091481471,0.811039897042885,0.860209572899161,TRUE,0.726598355618626,"standard",7,"recursive_gamma_poisson","survival"
"growth_increment_50",12,10.920324696238,1.03662727651523,8.81095783959995,10.9972038880303,12.7609274277955,TRUE,-1.04152700611108,"standard",7,"recursive_gamma_poisson","growth"
"growth_increment_80",8.4,6.96552065154709,0.726905398648107,5.49054465335153,7.00962162631776,8.28311213408323,FALSE,-1.97340582573846,"standard",7,"recursive_gamma_poisson","growth"
"growth_increment_110",4.8,3.01071660685617,0.629762292224114,1.75769751248448,3.0199880891525,4.1515894473236,FALSE,-2.84120439606613,"standard",7,"recursive_gamma_poisson","growth"
"growth_sd.log_growth_sd",4.5,4.92371372910035,0.591462643649643,3.89707921697202,4.87813298343199,6.1624031602829,TRUE,0.716382908793373,"standard",7,"recursive_gamma_poisson","growth"
"recruitment_50",0.019387103915861,0.0029173802616046,0.00275722511746074,0.000395163720963135,0.00208031973483543,0.00960038123717102,FALSE,-5.97329668511949,"standard",7,"recursive_gamma_poisson","recruitment"
"recruitment_80",0.183939720585721,0.0619322020178485,0.0304818153731345,0.0219413177107711,0.0550680465179762,0.134347241060802,FALSE,-4.00263294932904,"standard",7,"recursive_gamma_poisson","recruitment"
"recruitment_110",1.74517147873092,1.49521712614956,0.194257977064152,1.14754456735235,1.4831275859138,1.92682940097767,TRUE,-1.28671345372248,"standard",7,"recursive_gamma_poisson","recruitment"
"recruit_mean_50",44,43.820748400061,2.41351676898966,38.6916871979389,43.7688101260749,48.3937038455324,TRUE,-0.0742698796387523,"standard",7,"recursive_gamma_poisson","recruit_size"
"recruit_mean_80",44.6,44.3371326849462,1.44845493215055,41.2121978236185,44.3010296496367,47.143415650882,TRUE,-0.18148118330719,"standard",7,"recursive_gamma_poisson","recruit_size"
"recruit_mean_110",45.2,44.8535169698313,0.511788590206503,43.7855320871388,44.8600376353729,45.7797260259033,TRUE,-0.677004209939294,"standard",7,"recursive_gamma_poisson","recruit_size"
"recruit_sd.log_recruit_sd",3.5,3.23019699566176,0.191345292556817,2.83098396145795,3.22930658125311,3.59213582687268,TRUE,-1.41003209816687,"standard",7,"recursive_gamma_poisson","recruit_size"
"lambda",1.03119869581319,1.02583415125877,0.0177384640899353,0.989315958297327,1.02629370377669,1.06026064835185,TRUE,-0.302424410998956,"standard",7,"recursive_gamma_poisson","lambda"
"survival_50",0.354343693774205,0.399312468449837,0.0342459299888858,0.338767043002654,0.399157340281004,0.46822677098786,TRUE,1.31311296525535,"standard",7,"one_step_poisson","survival"
"survival_80",0.589040434058665,0.631100097623494,0.0416036759374983,0.548580779679001,0.63133430004246,0.707881859925535,TRUE,1.01096027254938,"standard",7,"one_step_poisson","survival"
"survival_110",0.789181706522253,0.811027639745343,0.0511733952691655,0.701071385792251,0.814590215162167,0.907796495929313,TRUE,0.426900210708774,"standard",7,"one_step_poisson","survival"
"growth_increment_50",12,10.1896093838054,1.1711410039993,8.01073833869173,10.1416017795462,12.5835132118795,TRUE,-1.54583488240302,"standard",7,"one_step_poisson","growth"
"growth_increment_80",8.4,7.15877168256189,1.13683498812761,5.01412920253594,7.11050298097232,9.39326563368259,TRUE,-1.09182804048144,"standard",7,"one_step_poisson","growth"
"growth_increment_110",4.8,4.13261793489144,1.63203572026064,0.982461474358147,4.09392866898197,7.22171582620353,TRUE,-0.408926138578622,"standard",7,"one_step_poisson","growth"
"growth_sd.log_growth_sd",4.5,6.81921964932847,0.938445370903342,5.1836132610118,6.73335456473564,8.79065006058975,FALSE,2.4713422019398,"standard",7,"one_step_poisson","growth"
"recruitment_50",0.019387103915861,0.0509428228907821,0.0232911674078762,0.0192003560206353,0.04529603863701,0.112540469593798,TRUE,1.35483629576464,"standard",7,"one_step_poisson","recruitment"
"recruitment_80",0.183939720585721,0.283387178700118,0.0643750367108975,0.178551525577671,0.274135765959188,0.434178629505834,TRUE,1.54481400237497,"standard",7,"one_step_poisson","recruitment"
"recruitment_110",1.74517147873092,1.65009036830808,0.101366308096345,1.46981295855507,1.65168445325666,1.85408600761478,TRUE,-0.937995199869279,"standard",7,"one_step_poisson","recruitment"
"recruit_mean_50",44,43.627412317414,1.2665477125505,41.3916266560776,43.5890297445469,46.4472773425103,TRUE,-0.294175796848381,"standard",7,"one_step_poisson","recruit_size"
"recruit_mean_80",44.6,44.3018522859247,0.66227959906563,43.0752097907584,44.307154369559,45.7111487292046,TRUE,-0.450184052922568,"standard",7,"one_step_poisson","recruit_size"
"recruit_mean_110",45.2,44.9762922544354,0.229506408438898,44.5400606335015,44.9573419971092,45.4390027652268,TRUE,-0.974734200610335,"standard",7,"one_step_poisson","recruit_size"
"recruit_sd.log_recruit_sd",3.5,3.14471972148423,0.187552815772182,2.78751462418425,3.13819087727683,3.53670753623513,TRUE,-1.89429455939135,"standard",7,"one_step_poisson","recruit_size"
"lambda",1.03119869581319,1.02078303811033,0.0533630156070306,0.92268839816285,1.01785298586064,1.12086565201018,TRUE,-0.19518495318111,"standard",7,"one_step_poisson","lambda"
"survival_50",0.354343693774205,0.40293648588495,0.0320217949197162,0.340730653404844,0.402345739496298,0.459920695405622,TRUE,1.51749120349362,"standard",7,"one_step_gamma_poisson","survival"
"survival_80",0.589040434058665,0.637605713552469,0.0422735242656265,0.553663070990973,0.639127007211263,0.71082847308033,TRUE,1.14883441438767,"standard",7,"one_step_gamma_poisson","survival"
"survival_110",0.789181706522253,0.81652747263284,0.0543140952078633,0.691638598963683,0.821392204936282,0.907648322187014,TRUE,0.50347457701235,"standard",7,"one_step_gamma_poisson","survival"
"growth_increment_50",12,10.0633953302868,1.24935026831735,7.78880131589199,10.1086391415036,12.7786961001975,TRUE,-1.5500894495516,"standard",7,"one_step_gamma_poisson","growth"
"growth_increment_80",8.4,7.10816962771706,1.10364663605438,4.99067146064573,7.0571246491738,9.17765385541966,TRUE,-1.17051085925594,"standard",7,"one_step_gamma_poisson","growth"
"growth_increment_110",4.8,4.15589008690432,1.53812258814218,1.42310050896601,4.17706347612414,7.34520412029296,TRUE,-0.418763704571602,"standard",7,"one_step_gamma_poisson","growth"
"growth_sd.log_growth_sd",4.5,6.89516050902017,0.949093909289286,5.2431769275634,6.86247121034486,8.78078533819498,FALSE,2.52362857413525,"standard",7,"one_step_gamma_poisson","growth"
"recruitment_50",0.019387103915861,0.0482059128698077,0.0260890280709653,0.0151840914981062,0.0420640169760266,0.113128875322923,TRUE,1.10463329164874,"standard",7,"one_step_gamma_poisson","recruitment"
"recruitment_80",0.183939720585721,0.274824559670732,0.0714142036439756,0.16132703577273,0.26755120510069,0.441204916736929,TRUE,1.27264373818551,"standard",7,"one_step_gamma_poisson","recruitment"
"recruitment_110",1.74517147873092,1.66923224821067,0.114327789339998,1.44873537682016,1.67383719578979,1.89611212313565,TRUE,-0.664223728619579,"standard",7,"one_step_gamma_poisson","recruitment"
"recruit_mean_50",44,43.617393253251,1.46331402101963,40.9196049778268,43.5635897850827,46.5610884828466,TRUE,-0.261465919996037,"standard",7,"one_step_gamma_poisson","recruit_size"
"recruit_mean_80",44.6,44.2888867500446,0.752199094580473,42.858038228904,44.2674394738545,45.789135783577,TRUE,-0.413604924809123,"standard",7,"one_step_gamma_poisson","recruit_size"
"recruit_mean_110",45.2,44.9603802468381,0.235604945703266,44.5285268753365,44.9552301133107,45.4472907857629,TRUE,-1.01704042097517,"standard",7,"one_step_gamma_poisson","recruit_size"
"recruit_sd.log_recruit_sd",3.5,3.11251840098499,0.22734471900696,2.68762818861596,3.11837962508949,3.54891123123816,TRUE,-1.70437915033843,"standard",7,"one_step_gamma_poisson","recruit_size"
"lambda",1.03119869581319,1.02911442549803,0.0516432992151944,0.922360842966428,1.03135086604916,1.1184592308501,TRUE,-0.0403589690596361,"standard",7,"one_step_gamma_poisson","lambda"
"survival_50",0.354343693774205,0.392374758423964,0.0343912535550733,0.322220227012859,0.393026904900898,0.460188883750389,TRUE,1.10583537145156,"standard",7,"one_step_shared_gamma_poisson","survival"
"survival_80",0.589040434058665,0.633882807530225,0.0498520214519591,0.534808666441575,0.634632776073583,0.717586765072076,TRUE,0.89950963201709,"standard",7,"one_step_shared_gamma_poisson","survival"
"survival_110",0.789181706522253,0.817412427822883,0.059946128368717,0.670997463021447,0.823184278594675,0.907857409841573,TRUE,0.470934855492057,"standard",7,"one_step_shared_gamma_poisson","survival"
"growth_increment_50",12,10.1588021789269,1.19294012142022,7.93524827509451,10.1605565767518,12.6390114966358,TRUE,-1.54341176729066,"standard",7,"one_step_shared_gamma_poisson","growth"
"growth_increment_80",8.4,7.16669471343967,1.15809739898534,5.05253840739922,7.19033696361352,9.5620356014839,TRUE,-1.0649409001703,"standard",7,"one_step_shared_gamma_poisson","growth"
"growth_increment_110",4.8,4.17458724795244,1.55893764989678,1.2246134152282,4.20209611336272,7.28711059222268,TRUE,-0.401178810511744,"standard",7,"one_step_shared_gamma_poisson","growth"
"growth_sd.log_growth_sd",4.5,6.77955899063569,0.941790434009025,5.19429007630621,6.63370500252416,8.83310844747544,FALSE,2.42045247893635,"standard",7,"one_step_shared_gamma_poisson","growth"
"recruitment_50",0.019387103915861,0.0509294120286618,0.0231227550073641,0.0191643397104001,0.0466872526412683,0.109272914430406,TRUE,1.36412413238627,"standard",7,"one_step_shared_gamma_poisson","recruitment"
"recruitment_80",0.183939720585721,0.284133932598057,0.0629737791650568,0.173740892133714,0.280578705484963,0.423260560857702,TRUE,1.59104651714998,"standard",7,"one_step_shared_gamma_poisson","recruitment"
"recruitment_110",1.74517147873092,1.66825673326081,0.119102429697636,1.47267561545217,1.66213189682952,1.9183105655427,TRUE,-0.645786535718655,"standard",7,"one_step_shared_gamma_poisson","recruitment"
"recruit_mean_50",44,43.5993251275307,1.34102312188555,41.0493590000081,43.550335981145,46.4286507150602,TRUE,-0.298782970949756,"standard",7,"one_step_shared_gamma_poisson","recruit_size"
"recruit_mean_80",44.6,44.2843131621696,0.685241752148173,42.959256439997,44.2508277413653,45.807717919972,TRUE,-0.460694108087742,"standard",7,"one_step_shared_gamma_poisson","recruit_size"
"recruit_mean_110",45.2,44.9693011968086,0.222592491016789,44.5200667332786,44.9694045602994,45.3950214724277,TRUE,-1.03641772522346,"standard",7,"one_step_shared_gamma_poisson","recruit_size"
"recruit_sd.log_recruit_sd",3.5,3.14657353045615,0.196914043837063,2.76151093544534,3.13418748618088,3.56446746806441,TRUE,-1.79482612137249,"standard",7,"one_step_shared_gamma_poisson","recruit_size"
"lambda",1.03119869581319,1.0258140955365,0.0636359821004389,0.880001607684825,1.02903711916187,1.14327029882359,TRUE,-0.0846156545237905,"standard",7,"one_step_shared_gamma_poisson","lambda"
"survival_50",0.354343693774205,0.350723055901528,0.0106455041864759,0.329238909877425,0.351074587880535,0.370357499682648,TRUE,-0.340109572008434,"dense_profiles",7,"recursive_poisson","survival"
"survival_80",0.589040434058665,0.605500552846256,0.0109235554232375,0.584117432898528,0.605674357420352,0.626533947001667,TRUE,1.50684627393162,"dense_profiles",7,"recursive_poisson","survival"
"survival_110",0.789181706522253,0.81318637095713,0.0140370000218096,0.784037613619221,0.813684479075157,0.839502578250689,TRUE,1.71009933729288,"dense_profiles",7,"recursive_poisson","survival"
"growth_increment_50",12,12.5743033407235,0.507623667503813,11.5838058597876,12.5721732296604,13.5634368463832,TRUE,1.13135650973003,"dense_profiles",7,"recursive_poisson","growth"
"growth_increment_80",8.4,8.69932406152438,0.35600497252237,8.07251429617728,8.70167965587651,9.36163529014635,TRUE,0.840786181731123,"dense_profiles",7,"recursive_poisson","growth"
"growth_increment_110",4.8,4.82434478232529,0.323139127575803,4.17417482414622,4.81311006575549,5.4568485064313,TRUE,0.0753383921901457,"dense_profiles",7,"recursive_poisson","growth"
"growth_sd.log_growth_sd",4.5,4.41850710136601,0.522335222289389,3.51369424693727,4.40089474276788,5.50294148251678,TRUE,-0.156016472097753,"dense_profiles",7,"recursive_poisson","growth"
"recruitment_50",0.019387103915861,0.0625622390487171,0.0113116842746631,0.0454301933556674,0.060637533267538,0.0901839637144802,FALSE,3.81686175855912,"dense_profiles",7,"recursive_poisson","recruitment"
"recruitment_80",0.183939720585721,0.319253461043734,0.0268370524520819,0.276843172688408,0.316314475287111,0.379872465617624,FALSE,5.0420492600526,"dense_profiles",7,"recursive_poisson","recruitment"
"recruitment_110",1.74517147873092,1.64477013611116,0.0567041498047292,1.54108663011045,1.64237497525129,1.76254800182916,TRUE,-1.77061719407679,"dense_profiles",7,"recursive_poisson","recruitment"
"recruit_mean_50",44,44.0042938957153,0.943913068982697,42.2095883505503,44.0777224908925,45.8960697581666,TRUE,0.00454903725395767,"dense_profiles",7,"recursive_poisson","recruit_size"
"recruit_mean_80",44.6,44.7567505596196,0.464402405170339,43.8945980209504,44.7813161087294,45.6979203177232,TRUE,0.337531756671476,"dense_profiles",7,"recursive_poisson","recruit_size"
"recruit_mean_110",45.2,45.5092072235239,0.124323862241174,45.2606505242898,45.5157888138581,45.7514687901277,FALSE,2.48711082450166,"dense_profiles",7,"recursive_poisson","recruit_size"
"recruit_sd.log_recruit_sd",3.5,3.53503516199112,0.112159683243837,3.3492748823717,3.53492102340372,3.75323535010795,TRUE,0.312368588942536,"dense_profiles",7,"recursive_poisson","recruit_size"
"lambda",1.03119869581319,1.02618552782419,0.00800346879197193,1.01054871641417,1.02635511482027,1.04246281270961,TRUE,-0.626374403312099,"dense_profiles",7,"recursive_poisson","lambda"
"survival_50",0.354343693774205,0.348739988746957,0.0122365956718306,0.325432424731085,0.348840145713955,0.371596388410122,TRUE,-0.457946407443003,"dense_profiles",7,"recursive_gamma_poisson","survival"
"survival_80",0.589040434058665,0.603866033969653,0.0126671238458097,0.579051579017833,0.604095770689058,0.62785760008908,TRUE,1.17039985488834,"dense_profiles",7,"recursive_gamma_poisson","survival"
"survival_110",0.789181706522253,0.812356726619118,0.0159799994944301,0.77984660790239,0.813785351453653,0.841898609051625,TRUE,1.45025161639977,"dense_profiles",7,"recursive_gamma_poisson","survival"
"growth_increment_50",12,12.4363361630058,0.620526985710006,11.3515895703653,12.4077772595144,13.6325338050053,TRUE,0.703170326277617,"dense_profiles",7,"recursive_gamma_poisson","growth"
"growth_increment_80",8.4,8.54035064686655,0.415223549130347,7.76454526409184,8.5049520512765,9.3129642294065,TRUE,0.338012251859272,"dense_profiles",7,"recursive_gamma_poisson","growth"
"growth_increment_110",4.8,4.64436513072732,0.344121328062054,3.96116544501592,4.6403681896954,5.3355091394784,TRUE,-0.452267431807112,"dense_profiles",7,"recursive_gamma_poisson","growth"
"growth_sd.log_growth_sd",4.5,4.31943961201489,0.574958202835231,3.24949093814993,4.32483996514468,5.45784684906522,TRUE,-0.314040893920173,"dense_profiles",7,"recursive_gamma_poisson","growth"
"recruitment_50",0.019387103915861,0.0605637183691404,0.0168180738468198,0.0342596596410843,0.059158127066228,0.100699373236573,FALSE,2.44835495600263,"dense_profiles",7,"recursive_gamma_poisson","recruitment"
"recruitment_80",0.183939720585721,0.315619168541626,0.0421846086269498,0.243650807852887,0.313354600074802,0.411462551590384,FALSE,3.12150455443081,"dense_profiles",7,"recursive_gamma_poisson","recruitment"
"recruitment_110",1.74517147873092,1.67906079584983,0.0738575996780828,1.53862205093576,1.67777381391953,1.82370530501549,TRUE,-0.895110092519172,"dense_profiles",7,"recursive_gamma_poisson","recruitment"
"recruit_mean_50",44,44.1525537603193,1.22812876289254,41.7653514298212,44.1523604338467,46.4220177521897,TRUE,0.124216421704855,"dense_profiles",7,"recursive_gamma_poisson","recruit_size"
"recruit_mean_80",44.6,44.820184651696,0.618967136996069,43.6278726050946,44.8046577552864,45.9760177356316,TRUE,0.355729147050627,"dense_profiles",7,"recursive_gamma_poisson","recruit_size"
"recruit_mean_110",45.2,45.4878155430725,0.174145236311844,45.1421149312081,45.4875498387592,45.8568375888712,TRUE,1.65273279458029,"dense_profiles",7,"recursive_gamma_poisson","recruit_size"
"recruit_sd.log_recruit_sd",3.5,3.55760312634855,0.15113032908492,3.28545550142458,3.5570141986375,3.85815908144994,TRUE,0.381148686020421,"dense_profiles",7,"recursive_gamma_poisson","recruit_size"
"lambda",1.03119869581319,1.02116459535422,0.00979946411146194,1.00171646002778,1.02125685934657,1.04089597463429,TRUE,-1.02394379374618,"dense_profiles",7,"recursive_gamma_poisson","lambda"
"survival_50",0.354343693774205,0.362438133683693,0.0159001473527511,0.331548198327214,0.361988298867933,0.393114369023322,TRUE,0.50907955315824,"dense_profiles",7,"one_step_poisson","survival"
"survival_80",0.589040434058665,0.607442589186283,0.0210513916592229,0.567818288206727,0.608299719129254,0.647716372132655,TRUE,0.874153852890574,"dense_profiles",7,"one_step_poisson","survival"
"survival_110",0.789181706522253,0.807142162667241,0.0263088136857867,0.751291083321179,0.807858794886158,0.852957296738196,TRUE,0.682678297831869,"dense_profiles",7,"one_step_poisson","survival"
"growth_increment_50",12,11.881957372436,0.591964714463806,10.6661310066181,11.8690598197603,12.9866374142456,TRUE,-0.199408215861176,"dense_profiles",7,"one_step_poisson","growth"
"growth_increment_80",8.4,8.05448574655064,0.470513169007225,7.14638379665444,8.04607248799221,8.88413389764714,TRUE,-0.734334926646988,"dense_profiles",7,"one_step_poisson","growth"
"growth_increment_110",4.8,4.22701412066528,0.581497857210673,3.04685381677026,4.22048745443366,5.41337410649566,TRUE,-0.985361978947289,"dense_profiles",7,"one_step_poisson","growth"
"growth_sd.log_growth_sd",4.5,4.73145305747307,0.547993705679943,3.79030372264327,4.68513549466766,5.89645381824457,TRUE,0.422364445200859,"dense_profiles",7,"one_step_poisson","growth"
"recruitment_50",0.019387103915861,0.0691034405494063,0.012378762699904,0.0486687070780871,0.0680938443839738,0.0981472738915244,FALSE,4.01626057779836,"dense_profiles",7,"one_step_poisson","recruitment"
"recruitment_80",0.183939720585721,0.338220813841346,0.0291439730114672,0.287222988122773,0.33698986855488,0.403214384907139,FALSE,5.29375638643779,"dense_profiles",7,"one_step_poisson","recruitment"
"recruitment_110",1.74517147873092,1.67002076334612,0.0483339877072631,1.57494681795115,1.66996429379825,1.76915953001562,TRUE,-1.55482133690169,"dense_profiles",7,"one_step_poisson","recruitment"
"recruit_mean_50",44,44.6266707892255,0.884653878916863,42.9129450680193,44.5852554595024,46.3776384156359,TRUE,0.708379632035066,"dense_profiles",7,"one_step_poisson","recruit_size"
"recruit_mean_80",44.6,45.0252804336275,0.428251850578466,44.1802557721159,45.0186196456229,45.8604630698464,TRUE,0.993061519881426,"dense_profiles",7,"one_step_poisson","recruit_size"
"recruit_mean_110",45.2,45.4238900780295,0.135621803389028,45.1413478504494,45.4283314954787,45.6781760740186,TRUE,1.65084132812514,"dense_profiles",7,"one_step_poisson","recruit_size"
"recruit_sd.log_recruit_sd",3.5,3.53183409358135,0.107908337268782,3.3182361658873,3.53476141264756,3.73756172560509,TRUE,0.295010509726024,"dense_profiles",7,"one_step_poisson","recruit_size"
"lambda",1.03119869581319,1.00450784496587,0.0246302421562931,0.956097186339955,1.00554791265357,1.04974375625593,TRUE,-1.08366173088961,"dense_profiles",7,"one_step_poisson","lambda"
"survival_50",0.354343693774205,0.358833892910817,0.0175148692377178,0.328103242597486,0.358141152790893,0.392744147179869,TRUE,0.256364981985861,"dense_profiles",7,"one_step_gamma_poisson","survival"
"survival_80",0.589040434058665,0.607069284364597,0.0213134687285067,0.562017618499347,0.607135998666336,0.645595310424295,TRUE,0.84589001140946,"dense_profiles",7,"one_step_gamma_poisson","survival"
"survival_110",0.789181706522253,0.809042288793638,0.0267440690580411,0.753969437627917,0.811239774175875,0.856007206650923,TRUE,0.742616324699256,"dense_profiles",7,"one_step_gamma_poisson","survival"
"growth_increment_50",12,11.9061196985956,0.642741102095221,10.6551522166463,11.94784436213,13.0748755658843,TRUE,-0.146062389815054,"dense_profiles",7,"one_step_gamma_poisson","growth"
"growth_increment_80",8.4,8.01339085310937,0.470913256671662,7.10784120724572,8.03210209212259,8.95364471488696,TRUE,-0.82097741232243,"dense_profiles",7,"one_step_gamma_poisson","growth"
"growth_increment_110",4.8,4.12066200762315,0.544868996693814,3.02682575426179,4.13642665354217,5.09853611085653,TRUE,-1.24679142417531,"dense_profiles",7,"one_step_gamma_poisson","growth"
"growth_sd.log_growth_sd",4.5,4.57728540421074,0.60191088252604,3.48784750813757,4.58388094418096,5.90833966876638,TRUE,0.128400077909196,"dense_profiles",7,"one_step_gamma_poisson","growth"
"recruitment_50",0.019387103915861,0.069250473480476,0.0175613465822414,0.0414998357843415,0.0669380349286609,0.114352041536142,FALSE,2.83938189654764,"dense_profiles",7,"one_step_gamma_poisson","recruitment"
"recruitment_80",0.183939720585721,0.33837573878532,0.0407325375124507,0.26515580822433,0.335656066809309,0.424737188856879,FALSE,3.79146568397297,"dense_profiles",7,"one_step_gamma_poisson","recruitment"
"recruitment_110",1.74517147873092,1.68291281541517,0.0724064032003252,1.55114083613691,1.68207124154212,1.82627541418961,TRUE,-0.8598502420221,"dense_profiles",7,"one_step_gamma_poisson","recruitment"
"recruit_mean_50",44,44.5949539696306,1.00114920325305,42.8147461489553,44.5818279253024,46.5927244787167,TRUE,0.594271031428073,"dense_profiles",7,"one_step_gamma_poisson","recruit_size"
"recruit_mean_80",44.6,45.012263268067,0.494110512244347,44.1163850259876,45.0044814548886,45.9870834610759,TRUE,0.834354375895397,"dense_profiles",7,"one_step_gamma_poisson","recruit_size"
"recruit_mean_110",45.2,45.4295725665034,0.168391432095162,45.0864028157945,45.4405177074633,45.7469235937644,TRUE,1.36332688455092,"dense_profiles",7,"one_step_gamma_poisson","recruit_size"
"recruit_sd.log_recruit_sd",3.5,3.52825584213783,0.12088903073595,3.28921325775579,3.52868780050145,3.75318944800112,TRUE,0.233733714017012,"dense_profiles",7,"one_step_gamma_poisson","recruit_size"
"lambda",1.03119869581319,1.00288582697947,0.0245815758970218,0.954600157912788,1.00362403888821,1.04768886615199,TRUE,-1.15179225906156,"dense_profiles",7,"one_step_gamma_poisson","lambda"
"survival_50",0.354343693774205,0.361529801248433,0.0181009669015105,0.325056901954391,0.361492246609975,0.396001706122759,TRUE,0.397001304589372,"dense_profiles",7,"one_step_shared_gamma_poisson","survival"
"survival_80",0.589040434058665,0.613736110526743,0.0295474366627477,0.556806219677179,0.613622568016231,0.67114908112586,TRUE,0.835797593881067,"dense_profiles",7,"one_step_shared_gamma_poisson","survival"
"survival_110",0.789181706522253,0.815094329723206,0.0336621156815831,0.742316669190749,0.817216906718574,0.875543172322765,TRUE,0.76978593520579,"dense_profiles",7,"one_step_shared_gamma_poisson","survival"
"growth_increment_50",12,11.8104403784488,0.545310865795591,10.7491309618013,11.7881939330081,12.8906650514588,TRUE,-0.347617539721416,"dense_profiles",7,"one_step_shared_gamma_poisson","growth"
"growth_increment_80",8.4,7.99286300458453,0.453223201954943,7.11843145698074,8.00274371803296,8.84530995608556,TRUE,-0.89831454713554,"dense_profiles",7,"one_step_shared_gamma_poisson","growth"
"growth_increment_110",4.8,4.17528563072027,0.587355785135195,3.16599828280211,4.20224790394669,5.27817979491472,TRUE,-1.06360469257307,"dense_profiles",7,"one_step_shared_gamma_poisson","growth"
"growth_sd.log_growth_sd",4.5,4.70775056774922,0.565036837961933,3.71609833590405,4.65395885932439,5.95718847689999,TRUE,0.367676147450084,"dense_profiles",7,"one_step_shared_gamma_poisson","growth"
"recruitment_50",0.019387103915861,0.0666131744195017,0.0151821072011031,0.0416734728548634,0.0653875882043193,0.09814726035206,FALSE,3.11064003685926,"dense_profiles",7,"one_step_shared_gamma_poisson","recruitment"
"recruitment_80",0.183939720585721,0.332287522662878,0.0369766444519636,0.266170188224517,0.329643825129331,0.401138736691764,FALSE,4.0119325124235,"dense_profiles",7,"one_step_shared_gamma_poisson","recruitment"
"recruitment_110",1.74517147873092,1.68071273816773,0.0728085357154783,1.54836707028989,1.67257441399907,1.82396330740845,TRUE,-0.885318457922075,"dense_profiles",7,"one_step_shared_gamma_poisson","recruitment"
"recruit_mean_50",44,44.6493088072412,0.850215187764037,42.9614378387588,44.6541427178651,46.3279778523411,TRUE,0.763699374682814,"dense_profiles",7,"one_step_shared_gamma_poisson","recruit_size"
"recruit_mean_80",44.6,45.0335038971687,0.416489452932875,44.2414751356581,45.0386231184952,45.853837322825,TRUE,1.04085204106841,"dense_profiles",7,"one_step_shared_gamma_poisson","recruit_size"
"recruit_mean_110",45.2,45.4176989870961,0.123927794672955,45.171966647119,45.4188714079968,45.652855563236,TRUE,1.75665989756852,"dense_profiles",7,"one_step_shared_gamma_poisson","recruit_size"
"recruit_sd.log_recruit_sd",3.5,3.53324735357305,0.0999967848088436,3.33386935638063,3.53729410530703,3.7188452586999,TRUE,0.332484225733915,"dense_profiles",7,"one_step_shared_gamma_poisson","recruit_size"
"lambda",1.03119869581319,1.01019683814676,0.0335116964003418,0.939647778812844,1.01187423267905,1.07179316281218,TRUE,-0.626702313590412,"dense_profiles",7,"one_step_shared_gamma_poisson","lambda"
"survival_50",0.354343693774205,0.327833897271397,0.0154851473285563,0.296144317762656,0.328271948950066,0.355880640625516,TRUE,-1.71194990530835,"longer_followup",7,"recursive_poisson","survival"
"survival_80",0.589040434058665,0.60372792781402,0.0139923556646163,0.578378353102252,0.60402523749484,0.629498287086622,TRUE,1.0496798471537,"longer_followup",7,"recursive_poisson","survival"
"survival_110",0.789181706522253,0.82612792524495,0.0141791198463595,0.797488099741435,0.826876278746158,0.851022053997785,FALSE,2.60567786456664,"longer_followup",7,"recursive_poisson","survival"
"growth_increment_50",12,11.4615920849806,0.775755167552576,9.95915065542169,11.4388430370952,13.0403460258236,TRUE,-0.69404360749283,"longer_followup",7,"recursive_poisson","growth"
"growth_increment_80",8.4,7.76163019405056,0.505178608990113,6.83136061445352,7.71171065269374,8.80461849015842,TRUE,-1.26365169583405,"longer_followup",7,"recursive_poisson","growth"
"growth_increment_110",4.8,4.0616683031205,0.36396078366631,3.30511523242006,4.05975779172571,4.73665634584491,FALSE,-2.02860233853222,"longer_followup",7,"recursive_poisson","growth"
"growth_sd.log_growth_sd",4.5,5.58005682406128,0.569236628785312,4.5018075178283,5.58071167918363,6.68086202817575,FALSE,1.8973775921026,"longer_followup",7,"recursive_poisson","growth"
"recruitment_50",0.019387103915861,0.0189015423538411,0.00676494789348233,0.00877088804943347,0.0175450413286956,0.0341696119805705,TRUE,-0.0717760978599219,"longer_followup",7,"recursive_poisson","recruitment"
"recruitment_80",0.183939720585721,0.161964158181086,0.0316161625246629,0.108122271363344,0.158520843682886,0.226833845593536,TRUE,-0.69507367908716,"longer_followup",7,"recursive_poisson","recruitment"
"recruitment_110",1.74517147873092,1.42611083418021,0.0849339885985446,1.26626603223039,1.42787399680389,1.59181605100643,FALSE,-3.75657201334088,"longer_followup",7,"recursive_poisson","recruitment"
"recruit_mean_50",44,45.373953070512,1.16959291132991,42.8501824044975,45.3557466661859,47.5988851383628,TRUE,1.17472759727118,"longer_followup",7,"recursive_poisson","recruit_size"
"recruit_mean_80",44.6,45.3459447784218,0.717899398512668,43.7711386417344,45.3331201686372,46.7406082557489,TRUE,1.03906589135922,"longer_followup",7,"recursive_poisson","recruit_size"
"recruit_mean_110",45.2,45.3179364863316,0.287314585980311,44.7506847089617,45.3133312894815,45.8561354796086,TRUE,0.410478590668101,"longer_followup",7,"recursive_poisson","recruit_size"
"recruit_sd.log_recruit_sd",3.5,3.59805986785917,0.120457549056641,3.37589847617349,3.59306541463448,3.83782110691491,TRUE,0.814061622763523,"longer_followup",7,"recursive_poisson","recruit_size"
"lambda",1.03119869581319,1.02052835488792,0.00590915370675452,1.00959092754488,1.02031785890517,1.03191188983559,TRUE,-1.80573081270027,"longer_followup",7,"recursive_poisson","lambda"
"survival_50",0.354343693774205,0.327632504630838,0.0169700980675325,0.299020166935247,0.325530316464855,0.36473495234013,TRUE,-1.57401501376538,"longer_followup",7,"recursive_gamma_poisson","survival"
"survival_80",0.589040434058665,0.60315944594289,0.0151139359569924,0.571460673956123,0.602264896109296,0.631860044694977,TRUE,0.934171742185579,"longer_followup",7,"recursive_gamma_poisson","survival"
"survival_110",0.789181706522253,0.825540134420424,0.015410573615103,0.792804650988539,0.826765863443338,0.85455857098441,FALSE,2.35931697328506,"longer_followup",7,"recursive_gamma_poisson","survival"
"growth_increment_50",12,11.5025264992413,0.821579522887589,9.97681967121374,11.486852350135,13.1386607355145,TRUE,-0.605508641464474,"longer_followup",7,"recursive_gamma_poisson","growth"
"growth_increment_80",8.4,7.79744888912097,0.53101553365784,6.84391326483364,7.77912591141121,8.87580476787112,TRUE,-1.13471466028202,"longer_followup",7,"recursive_gamma_poisson","growth"
"growth_increment_110",4.8,4.09237127900063,0.37237010573945,3.38089388803406,4.10220837401883,4.8041328010834,TRUE,-1.90033708424088,"longer_followup",7,"recursive_gamma_poisson","growth"
"growth_sd.log_growth_sd",4.5,5.64552283014186,0.565777691646454,4.56324718143855,5.60786195829482,6.85263901685032,FALSE,2.02468716433182,"longer_followup",7,"recursive_gamma_poisson","growth"
"recruitment_50",0.019387103915861,0.0190552685686423,0.00670117870535084,0.00872473353615817,0.0183952012130927,0.03447441325224,TRUE,-0.0495189520843187,"longer_followup",7,"recursive_gamma_poisson","recruitment"
"recruitment_80",0.183939720585721,0.162258475476275,0.0317003802043934,0.106213411393716,0.160213149678785,0.226945746382623,TRUE,-0.68394274673214,"longer_followup",7,"recursive_gamma_poisson","recruitment"
"recruitment_110",1.74517147873092,1.41720340602812,0.0941215152845781,1.24904094878217,1.41548008987817,1.60940001746694,FALSE,-3.48451755914878,"longer_followup",7,"recursive_gamma_poisson","recruitment"
"recruit_mean_50",44,45.6443883704799,1.24138759353193,43.3226735099035,45.7134381894719,47.9735380188144,TRUE,1.32463734859908,"longer_followup",7,"recursive_gamma_poisson","recruit_size"
"recruit_mean_80",44.6,45.5152093062196,0.750975628481731,44.1623925621943,45.5636258575871,46.8521846798437,TRUE,1.21869375184637,"longer_followup",7,"recursive_gamma_poisson","recruit_size"
"recruit_mean_110",45.2,45.3860302419592,0.29507918576938,44.8151839701442,45.4014448068558,45.9572343941237,TRUE,0.630441762519328,"longer_followup",7,"recursive_gamma_poisson","recruit_size"
"recruit_sd.log_recruit_sd",3.5,3.62879977373005,0.146009446384674,3.35801515663936,3.62140750084963,3.91218168601644,TRUE,0.882133155896745,"longer_followup",7,"recursive_gamma_poisson","recruit_size"
"lambda",1.03119869581319,1.0206692725156,0.0060831461173931,1.00847627074406,1.02066235568245,1.03218143312597,TRUE,-1.73091737308143,"longer_followup",7,"recursive_gamma_poisson","lambda"
"survival_50",0.354343693774205,0.452013094483629,0.0255297939562396,0.402164978574132,0.451715801447181,0.498809487571094,FALSE,3.82570266242017,"longer_followup",7,"one_step_poisson","survival"
"survival_80",0.589040434058665,0.675174685407946,0.0295434633348165,0.621241894891038,0.674869489504576,0.731124977746158,FALSE,2.91550961284127,"longer_followup",7,"one_step_poisson","survival"
"survival_110",0.789181706522253,0.837262732043535,0.0369257335968242,0.761814818764732,0.839770410963537,0.897804101629544,TRUE,1.30210075299403,"longer_followup",7,"one_step_poisson","survival"
"growth_increment_50",12,6.95052788884182,0.268126114306367,6.35671365422117,6.95656659668166,7.45593204840844,FALSE,-18.8324517521204,"longer_followup",7,"one_step_poisson","growth"
"growth_increment_80",8.4,4.96431140971078,0.168642810520161,4.60655228455515,4.97320215660396,5.28337798498666,FALSE,-20.3725766885182,"longer_followup",7,"one_step_poisson","growth"
"growth_increment_110",4.8,2.97809493057974,0.144819261069962,2.68661379484421,2.98370219599909,3.2413617702228,FALSE,-12.5805438859414,"longer_followup",7,"one_step_poisson","growth"
"growth_sd.log_growth_sd",4.5,7.25445640112162,0.478103439975404,6.40078188929839,7.25706703455884,8.22996545067457,FALSE,5.76121435408062,"longer_followup",7,"one_step_poisson","growth"
"recruitment_50",0.019387103915861,0.128210452454735,0.0293250021113388,0.0822108354426174,0.125094841401517,0.200026553791378,FALSE,3.71094085946532,"longer_followup",7,"one_step_poisson","recruitment"
"recruitment_80",0.183939720585721,0.409020168575249,0.0426826082621998,0.332961986260231,0.405617702723582,0.50471490914369,FALSE,5.27335271094155,"longer_followup",7,"one_step_poisson","recruitment"
"recruitment_110",1.74517147873092,1.3252762059286,0.0705736745606405,1.18596171025059,1.31925730008738,1.4619446630186,FALSE,-5.94974366031516,"longer_followup",7,"one_step_poisson","recruitment"
"recruit_mean_50",44,45.0568473411045,0.742548415713043,43.6816384478602,45.0087443215731,46.5904634030711,TRUE,1.42327061608453,"longer_followup",7,"one_step_poisson","recruit_size"
"recruit_mean_80",44.6,45.0916176590971,0.360325503624226,44.4171925320448,45.0674069717507,45.8006460830319,TRUE,1.36437097610993,"longer_followup",7,"one_step_poisson","recruit_size"
"recruit_mean_110",45.2,45.1263879770896,0.164692181321448,44.7810667047069,45.1306918430733,45.4491765665323,TRUE,-0.446967320001007,"longer_followup",7,"one_step_poisson","recruit_size"
"recruit_sd.log_recruit_sd",3.5,3.15533345829191,0.139657890411108,2.88803063226051,3.1529546067428,3.42181090778136,FALSE,-2.4679346128851,"longer_followup",7,"one_step_poisson","recruit_size"
"lambda",1.03119869581319,0.977639026471709,0.0284907151438956,0.920778788723765,0.98066676583651,1.02544356247443,FALSE,-1.87989908540289,"longer_followup",7,"one_step_poisson","lambda"
"survival_50",0.354343693774205,0.347353182439568,0.029377430535759,0.291959572737336,0.347167863406405,0.404369789053696,TRUE,-0.237955165143776,"longer_followup",7,"one_step_gamma_poisson","survival"
"survival_80",0.589040434058665,0.617027781800131,0.0392395380713523,0.542683466331868,0.61703937213269,0.689923107130303,TRUE,0.713243557826145,"longer_followup",7,"one_step_gamma_poisson","survival"
"survival_110",0.789181706522253,0.827077238182091,0.041780498941578,0.742639885607411,0.828627935162337,0.8971419654462,TRUE,0.907014818392374,"longer_followup",7,"one_step_gamma_poisson","survival"
"growth_increment_50",12,10.99267862721,1.14306750488531,8.81309587379492,10.908554903285,13.2556558807046,TRUE,-0.881243993451717,"longer_followup",7,"one_step_gamma_poisson","growth"
"growth_increment_80",8.4,7.4018682747527,0.819107471898985,5.84377955102565,7.39149736076751,8.87613923553606,TRUE,-1.21856015173841,"longer_followup",7,"one_step_gamma_poisson","growth"
"growth_increment_110",4.8,3.81105792229544,0.8553670686994,2.07067847362805,3.84483938602249,5.30388103094173,TRUE,-1.15616103763295,"longer_followup",7,"one_step_gamma_poisson","growth"
"growth_sd.log_growth_sd",4.5,6.31768899339473,0.699994793930403,5.11288245114899,6.27869568646726,7.74401278069268,FALSE,2.59671787441244,"longer_followup",7,"one_step_gamma_poisson","growth"
"recruitment_50",0.019387103915861,0.618081692672684,0.045899446260771,0.532002937125008,0.617428109502093,0.70718444670204,FALSE,13.0436124513448,"longer_followup",7,"one_step_gamma_poisson","recruitment"
"recruitment_80",0.183939720585721,0.117611429159469,0.0724220474801496,0.0342475030106711,0.0989277999421385,0.313582370767576,TRUE,-0.915857721979378,"longer_followup",7,"one_step_gamma_poisson","recruitment"
"recruitment_110",1.74517147873092,0.0292185333661589,0.0392481948244767,0.00206302387203441,0.0158945396370503,0.145525628360181,FALSE,-43.7205571629151,"longer_followup",7,"one_step_gamma_poisson","recruitment"
"recruit_mean_50",44,45.3958093397614,0.276154474289275,44.8803815485366,45.391592911241,45.9372777295452,FALSE,5.05445129344274,"longer_followup",7,"one_step_gamma_poisson","recruit_size"
"recruit_mean_80",44.6,46.6786360904346,1.99547306740222,42.8600310133158,46.5920220845746,50.721653609218,TRUE,1.04167584338318,"longer_followup",7,"one_step_gamma_poisson","recruit_size"
"recruit_mean_110",45.2,47.9614628411079,3.81910404871182,40.6274781554488,47.7789634252075,55.7627062759747,TRUE,0.723065621121099,"longer_followup",7,"one_step_gamma_poisson","recruit_size"
"recruit_sd.log_recruit_sd",3.5,3.59288764020934,0.174393965488946,3.24642269775373,3.58699279012986,3.91719026460316,TRUE,0.532631045741236,"longer_followup",7,"one_step_gamma_poisson","recruit_size"
"lambda",1.03119869581319,1.03225024939738,0.0402367441238401,0.968380111564201,1.02891261166197,1.11931535955849,TRUE,0.0261341618732744,"longer_followup",7,"one_step_gamma_poisson","lambda"
"survival_50",0.354343693774205,0.405476064273358,0.0383904292350967,0.33644383710665,0.401717484105935,0.479671682850127,TRUE,1.33190411042365,"longer_followup",7,"one_step_shared_gamma_poisson","survival"
"survival_80",0.589040434058665,0.684740501065613,0.0600955255841094,0.566423848301981,0.688139398993637,0.78992902415062,TRUE,1.59246576307926,"longer_followup",7,"one_step_shared_gamma_poisson","survival"
"survival_110",0.789181706522253,0.867583445405197,0.0561837594066802,0.735563452259206,0.87990628877239,0.947633010844029,TRUE,1.39545199023514,"longer_followup",7,"one_step_shared_gamma_poisson","survival"
"growth_increment_50",12,7.97036944807846,1.18425334424896,5.76263801700855,8.01673161216193,10.4053741709251,FALSE,-3.4026761009293,"longer_followup",7,"one_step_shared_gamma_poisson","growth"
"growth_increment_80",8.4,5.5064326839965,0.833501071578676,3.87786914888004,5.48604824715051,7.08585995179267,FALSE,-3.47158199871656,"longer_followup",7,"one_step_shared_gamma_poisson","growth"
"growth_increment_110",4.8,3.04249591991453,0.912574092253165,1.34888510186173,3.01757812668185,4.80617215511801,TRUE,-1.92587549329409,"longer_followup",7,"one_step_shared_gamma_poisson","growth"
"growth_sd.log_growth_sd",4.5,7.16167126739531,0.574984052640315,6.14884402902936,7.12684454426951,8.28392241192694,FALSE,4.62912189507339,"longer_followup",7,"one_step_shared_gamma_poisson","growth"
"recruitment_50",0.019387103915861,0.116990591861308,0.0364508898038636,0.0658053236858644,0.108096306014548,0.205033257820146,FALSE,2.67767092849135,"longer_followup",7,"one_step_shared_gamma_poisson","recruitment"
"recruitment_80",0.183939720585721,0.411293415765631,0.0640312438029982,0.306342781328833,0.400298663832599,0.55042350345521,FALSE,3.55066810632944,"longer_followup",7,"one_step_shared_gamma_poisson","recruitment"
"recruitment_110",1.74517147873092,1.48063842339658,0.108421370999213,1.28441566976386,1.47670690472735,1.71103919258167,FALSE,-2.43986082168486,"longer_followup",7,"one_step_shared_gamma_poisson","recruitment"
"recruit_mean_50",44,45.0651799250695,0.736803915165404,43.6629265017224,45.0607512013491,46.4434093229208,TRUE,1.44567625543948,"longer_followup",7,"one_step_shared_gamma_poisson","recruit_size"
"recruit_mean_80",44.6,45.1145747466971,0.370750314590729,44.3661861580574,45.1380128529804,45.8366745069377,TRUE,1.38792801097188,"longer_followup",7,"one_step_shared_gamma_poisson","recruit_size"
"recruit_mean_110",45.2,45.1639695683247,0.169276361417905,44.8436512800926,45.1562290961629,45.4969605711028,TRUE,-0.212849752756502,"longer_followup",7,"one_step_shared_gamma_poisson","recruit_size"
"recruit_sd.log_recruit_sd",3.5,3.31688895184464,0.180184576397508,2.95058171961013,3.30773157108233,3.67259934588358,TRUE,-1.01624152197908,"longer_followup",7,"one_step_shared_gamma_poisson","recruit_size"
"lambda",1.03119869581319,1.0054538450511,0.0502026308266178,0.895597933878546,1.01062063383532,1.09341062500776,TRUE,-0.512818757467326,"longer_followup",7,"one_step_shared_gamma_poisson","lambda"
"survival_50",0.354343693774205,0.375798513699571,0.0172873201582655,0.338807163080761,0.376269273288,0.408520486636523,TRUE,1.24107263178718,"diverse_initial",7,"recursive_poisson","survival"
"survival_80",0.589040434058665,0.584225806817778,0.0139676711160894,0.555428582302864,0.584911386951768,0.609548492474573,TRUE,-0.344697924290401,"diverse_initial",7,"recursive_poisson","survival"
"survival_110",0.789181706522253,0.766116482040846,0.0171871118746356,0.732535841288462,0.767150133838531,0.796288865389878,TRUE,-1.34200700208658,"diverse_initial",7,"recursive_poisson","survival"
"growth_increment_50",12,11.3694854217099,0.492761068920199,10.4476076335146,11.3652710829577,12.3919966491197,TRUE,-1.2795543683509,"diverse_initial",7,"recursive_poisson","growth"
"growth_increment_80",8.4,7.98439101492864,0.351400103688525,7.27837180446534,7.97619115548534,8.66999441395196,TRUE,-1.18272300067319,"diverse_initial",7,"recursive_poisson","growth"
"growth_increment_110",4.8,4.59929660814737,0.334355200238984,3.89930776697071,4.61710266520847,5.19682280378385,TRUE,-0.600269987453977,"diverse_initial",7,"recursive_poisson","growth"
"growth_sd.log_growth_sd",4.5,5.54887807150031,0.382857087113379,4.80746193425002,5.52226214426198,6.34459748608859,FALSE,2.73960730205759,"diverse_initial",7,"recursive_poisson","growth"
"recruitment_50",0.019387103915861,0.0283344358630727,0.0114784039343047,0.0134239962916155,0.0262825139259133,0.0590207325453927,TRUE,0.7794926889157,"diverse_initial",7,"recursive_poisson","recruitment"
"recruitment_80",0.183939720585721,0.212321723791146,0.0485880630667665,0.139188305955314,0.208032953384117,0.330185446346062,TRUE,0.584135308428003,"diverse_initial",7,"recursive_poisson","recruitment"
"recruitment_110",1.74517147873092,1.63465603292417,0.115221928300011,1.43779781240834,1.62909350946942,1.89057895390194,TRUE,-0.959152892485791,"diverse_initial",7,"recursive_poisson","recruitment"
"recruit_mean_50",44,45.1977654597449,1.47255254661944,42.7471016915322,45.1850541849672,48.2670010339408,TRUE,0.813394036426487,"diverse_initial",7,"recursive_poisson","recruit_size"
"recruit_mean_80",44.6,45.2291485248114,0.872059767259993,43.7950789879045,45.2021493397399,47.0252949424516,TRUE,0.721451153271493,"diverse_initial",7,"recursive_poisson","recruit_size"
"recruit_mean_110",45.2,45.2605315898779,0.289119547092848,44.7425228432899,45.2774911800392,45.8117854235196,TRUE,0.209365262523818,"diverse_initial",7,"recursive_poisson","recruit_size"
"recruit_sd.log_recruit_sd",3.5,3.49454975023786,0.111563232710804,3.27793696500119,3.49553308350788,3.69670107696613,TRUE,-0.048853458524927,"diverse_initial",7,"recursive_poisson","recruit_size"
"lambda",1.03119869581319,0.998399358860891,0.0125905580032274,0.973824529888358,0.999501772203089,1.01949594820672,FALSE,-2.60507413125727,"diverse_initial",7,"recursive_poisson","lambda"
"survival_50",0.354343693774205,0.374693397628496,0.0197052068598308,0.336344629849278,0.374433715961562,0.410070752273873,TRUE,1.03270693878249,"diverse_initial",7,"recursive_gamma_poisson","survival"
"survival_80",0.589040434058665,0.582337773909846,0.0154217064018643,0.552805486022955,0.583069277028535,0.611514077901744,TRUE,-0.434625065097132,"diverse_initial",7,"recursive_gamma_poisson","survival"
"survival_110",0.789181706522253,0.764119881295731,0.0192795147756534,0.724130233319351,0.765427931243104,0.798879051146242,TRUE,-1.2999199159395,"diverse_initial",7,"recursive_gamma_poisson","survival"
"growth_increment_50",12,11.3696510606512,0.524862709347551,10.3828714966385,11.3587347862723,12.4358731814425,TRUE,-1.20097870952275,"diverse_initial",7,"recursive_gamma_poisson","growth"
"growth_increment_80",8.4,7.9795547827953,0.390628290506682,7.23938808550695,7.97270272222665,8.73912287371529,TRUE,-1.07633068936031,"diverse_initial",7,"recursive_gamma_poisson","growth"
"growth_increment_110",4.8,4.58945850493944,0.381561933385623,3.85008240837925,4.58178807045982,5.32727436534729,TRUE,-0.551788521439778,"diverse_initial",7,"recursive_gamma_poisson","growth"
"growth_sd.log_growth_sd",4.5,5.5623789846608,0.408123787817774,4.87446179244194,5.5237118511689,6.4148911341772,FALSE,2.60308028194413,"diverse_initial",7,"recursive_gamma_poisson","growth"
"recruitment_50",0.019387103915861,0.0257156123155306,0.0117639222027555,0.010861253658831,0.0227648100935633,0.0579964045837635,TRUE,0.537959048912042,"diverse_initial",7,"recursive_gamma_poisson","recruitment"
"recruitment_80",0.183939720585721,0.201250749923738,0.0511505017037812,0.124623173119166,0.192817880740171,0.330269812619873,TRUE,0.33843322668205,"diverse_initial",7,"recursive_gamma_poisson","recruitment"
"recruitment_110",1.74517147873092,1.62966847584394,0.126642955747979,1.40492208789524,1.61980921776157,1.91491944675642,TRUE,-0.912036537719743,"diverse_initial",7,"recursive_gamma_poisson","recruitment"
"recruit_mean_50",44,44.9342828155386,1.54538621300869,41.8057068971097,44.9459861827494,47.8946945001274,TRUE,0.604562670272365,"diverse_initial",7,"recursive_gamma_poisson","recruit_size"
"recruit_mean_80",44.6,45.0660919456672,0.919352012861778,43.1670117226722,45.0857294525687,46.8363259645806,TRUE,0.506978762374496,"diverse_initial",7,"recursive_gamma_poisson","recruit_size"
"recruit_mean_110",45.2,45.1979010757957,0.312634873797588,44.5219897280503,45.2028972122557,45.7695883007525,TRUE,-0.00671365986398617,"diverse_initial",7,"recursive_gamma_poisson","recruit_size"
"recruit_sd.log_recruit_sd",3.5,3.45563803756155,0.118261792188996,3.24053712951722,3.44438178502157,3.68191057048873,TRUE,-0.3751166088161,"diverse_initial",7,"recursive_gamma_poisson","recruit_size"
"lambda",1.03119869581319,0.998574473629604,0.0144021979845128,0.969768966070451,0.999283948645614,1.02525826183974,FALSE,-2.2652252259461,"diverse_initial",7,"recursive_gamma_poisson","lambda"
"survival_50",0.354343693774205,0.39159788908568,0.0200959145453976,0.353487525231605,0.390947127977261,0.435715765863823,TRUE,1.85381935354654,"diverse_initial",7,"one_step_poisson","survival"
"survival_80",0.589040434058665,0.581817992423771,0.0299095975235447,0.51819958065925,0.580669645214769,0.645731663233815,TRUE,-0.241475721270031,"diverse_initial",7,"one_step_poisson","survival"
"survival_110",0.789181706522253,0.748598331042978,0.0429404281183535,0.65338625014242,0.749805955750886,0.830204454926,TRUE,-0.945108776452295,"diverse_initial",7,"one_step_poisson","survival"
"growth_increment_50",12,11.0351149691373,0.38159766360905,10.2306571433398,11.0386375605757,11.7669533542047,FALSE,-2.52854019528595,"diverse_initial",7,"one_step_poisson","growth"
"growth_increment_80",8.4,7.55620584439076,0.241886667328046,7.11396659499486,7.5599649316192,8.0178392699103,FALSE,-3.48838637916695,"diverse_initial",7,"one_step_poisson","growth"
"growth_increment_110",4.8,4.0772967196442,0.228909018443715,3.6772085120144,4.08120400057189,4.54175095431611,FALSE,-3.15716386042474,"diverse_initial",7,"one_step_poisson","growth"
"growth_sd.log_growth_sd",4.5,6.07791240956044,0.429406562171267,5.24476543919193,6.02733238647428,7.06231637094579,FALSE,3.6746350628221,"diverse_initial",7,"one_step_poisson","growth"
"recruitment_50",0.019387103915861,0.0121074425121142,0.00580187081519414,0.00420153883796156,0.0109184370567802,0.024800394742989,TRUE,-1.25470932318635,"diverse_initial",7,"one_step_poisson","recruitment"
"recruitment_80",0.183939720585721,0.129043511062119,0.0361146974962579,0.0714440976025221,0.124449313707877,0.206191280015747,TRUE,-1.52005176090123,"diverse_initial",7,"one_step_poisson","recruitment"
"recruitment_110",1.74517147873092,1.42202260491511,0.137173640689265,1.14516045170595,1.41786713503707,1.70184103285543,FALSE,-2.35576508862832,"diverse_initial",7,"one_step_poisson","recruitment"
"recruit_mean_50",44,43.9940074311635,1.97507021849269,40.0468498430827,43.9669721384805,47.3518144169511,TRUE,-0.00303410419558883,"diverse_initial",7,"one_step_poisson","recruit_size"
"recruit_mean_80",44.6,44.4951186730319,1.19113056483083,42.1001524477965,44.4907139703281,46.5159051966689,TRUE,-0.088051914764687,"diverse_initial",7,"one_step_poisson","recruit_size"
"recruit_mean_110",45.2,44.9962299149002,0.418970754646648,44.1221546918023,44.9881969706254,45.7531456147397,TRUE,-0.486358732297888,"diverse_initial",7,"one_step_poisson","recruit_size"
"recruit_sd.log_recruit_sd",3.5,3.46985400459166,0.105020806477848,3.25777716616878,3.46559679359773,3.6770820722439,TRUE,-0.287047837655858,"diverse_initial",7,"one_step_poisson","recruit_size"
"lambda",1.03119869581319,0.982087738239198,0.041559789140763,0.893548720531982,0.982932215304553,1.0611240018658,TRUE,-1.18169409877551,"diverse_initial",7,"one_step_poisson","lambda"
"survival_50",0.354343693774205,0.384904405295682,0.0272331641582304,0.332862565354715,0.38452163496223,0.442467858026786,TRUE,1.12218732072092,"diverse_initial",7,"one_step_gamma_poisson","survival"
"survival_80",0.589040434058665,0.58027445613326,0.0320706106959888,0.521943691313676,0.579111107740223,0.639402367996579,TRUE,-0.273333676383699,"diverse_initial",7,"one_step_gamma_poisson","survival"
"survival_110",0.789181706522253,0.751529571249561,0.0438171173282034,0.668935681432042,0.749620952325431,0.83288112960704,TRUE,-0.859301970749601,"diverse_initial",7,"one_step_gamma_poisson","survival"
"growth_increment_50",12,11.1312681335143,0.704124734167964,9.79189151117547,11.1227822212445,12.4776509622919,TRUE,-1.23377552914999,"diverse_initial",7,"one_step_gamma_poisson","growth"
"growth_increment_80",8.4,7.63127341739207,0.55049196321195,6.57503780989501,7.64463507087118,8.56536314257583,TRUE,-1.39643561392368,"diverse_initial",7,"one_step_gamma_poisson","growth"
"growth_increment_110",4.8,4.1312787012698,0.698248831482244,2.70078275411664,4.10345558064942,5.47844997885003,TRUE,-0.957712019811961,"diverse_initial",7,"one_step_gamma_poisson","growth"
"growth_sd.log_growth_sd",4.5,6.04862775391819,0.478192718659919,5.30480299391092,6.00342851836818,7.08910474748842,FALSE,3.23850132695045,"diverse_initial",7,"one_step_gamma_poisson","growth"
"recruitment_50",0.019387103915861,0.011135515456346,0.00740232886510116,0.00252652571591114,0.00953161716017886,0.0315518452774858,TRUE,-1.1147287036135,"diverse_initial",7,"one_step_gamma_poisson","recruitment"
"recruitment_80",0.183939720585721,0.121589339568563,0.0461761441150324,0.0535065316689858,0.116342842865348,0.230511860886423,TRUE,-1.35027257498662,"diverse_initial",7,"one_step_gamma_poisson","recruitment"
"recruitment_110",1.74517147873092,1.40856564227147,0.186222961462411,1.06475372660425,1.40414984977876,1.83527615092018,TRUE,-1.80754206579081,"diverse_initial",7,"one_step_gamma_poisson","recruitment"
"recruit_mean_50",44,43.6205405984066,2.50024537476612,38.5237813600108,43.7738510935073,48.1985776973311,TRUE,-0.151768864537498,"diverse_initial",7,"one_step_gamma_poisson","recruit_size"
"recruit_mean_80",44.6,44.2758311049627,1.50027625704809,41.2413075009809,44.343184576865,47.0129133695606,TRUE,-0.216072802268494,"diverse_initial",7,"one_step_gamma_poisson","recruit_size"
"recruit_mean_110",45.2,44.9311216115188,0.51699334057604,43.9293149328835,44.9346411123052,45.9283815217465,TRUE,-0.520080951490767,"diverse_initial",7,"one_step_gamma_poisson","recruit_size"
"recruit_sd.log_recruit_sd",3.5,3.45486137003541,0.1391441652855,3.18976166592596,3.45067449353479,3.73606728628065,TRUE,-0.324401888300329,"diverse_initial",7,"one_step_gamma_poisson","recruit_size"
"lambda",1.03119869581319,0.990305439234719,0.0456545170436277,0.906637870184769,0.988423049388796,1.07722967381469,TRUE,-0.895711075848103,"diverse_initial",7,"one_step_gamma_poisson","lambda"
"survival_50",0.354343693774205,0.377655533885042,0.0270987853105659,0.322780992368793,0.377875968115707,0.432463088076186,TRUE,0.860254060972537,"diverse_initial",7,"one_step_shared_gamma_poisson","survival"
"survival_80",0.589040434058665,0.579140727864502,0.0418475450696624,0.490479566274101,0.57881221221868,0.657749036407808,TRUE,-0.23656599634896,"diverse_initial",7,"one_step_shared_gamma_poisson","survival"
"survival_110",0.789181706522253,0.754373226394805,0.054862255472624,0.626253095898086,0.758453534897873,0.844700914788242,TRUE,-0.634470453822604,"diverse_initial",7,"one_step_shared_gamma_poisson","survival"
"growth_increment_50",12,11.3577488103065,0.709550686870591,10.0252840489287,11.3715519293582,12.8326965383462,TRUE,-0.905151952605583,"diverse_initial",7,"one_step_shared_gamma_poisson","growth"
"growth_increment_80",8.4,7.72471982580923,0.533888584389836,6.67819425180426,7.69819268993765,8.80887089553865,TRUE,-1.26483351383608,"diverse_initial",7,"one_step_shared_gamma_poisson","growth"
"growth_increment_110",4.8,4.09169084131203,0.657774923891185,2.82725780738577,4.11854686923136,5.34732814990193,TRUE,-1.07682602811589,"diverse_initial",7,"one_step_shared_gamma_poisson","growth"
"growth_sd.log_growth_sd",4.5,5.95615299342326,0.448242340251372,5.11849675772853,5.95868772374316,6.80911937644998,FALSE,3.24858422032746,"diverse_initial",7,"one_step_shared_gamma_poisson","growth"
"recruitment_50",0.019387103915861,0.0129351104621745,0.00769599468293632,0.00354115268179079,0.0113631526985466,0.0313217281340311,TRUE,-0.838357316955003,"diverse_initial",7,"one_step_shared_gamma_poisson","recruitment"
"recruitment_80",0.183939720585721,0.133957866312377,0.0467246569396708,0.0641412834333093,0.128352811266792,0.232964189010223,TRUE,-1.06971046010843,"diverse_initial",7,"one_step_shared_gamma_poisson","recruitment"
"recruitment_110",1.74517147873092,1.46071796256217,0.179453255506807,1.12173902023228,1.45666704578218,1.82237131952861,TRUE,-1.58511204138038,"diverse_initial",7,"one_step_shared_gamma_poisson","recruitment"
"recruit_mean_50",44,43.701309154929,1.96584304328196,40.0136987056507,43.6986560428069,47.7074165585146,TRUE,-0.151940332211018,"diverse_initial",7,"one_step_shared_gamma_poisson","recruit_size"
"recruit_mean_80",44.6,44.3294798488571,1.18584003740567,42.0739499061622,44.3295698714195,46.7233256812367,TRUE,-0.228125331081489,"diverse_initial",7,"one_step_shared_gamma_poisson","recruit_size"
"recruit_mean_110",45.2,44.9576505427853,0.418520548930215,44.1203464935453,44.9551998837601,45.8139302865391,TRUE,-0.579062265482905,"diverse_initial",7,"one_step_shared_gamma_poisson","recruit_size"
"recruit_sd.log_recruit_sd",3.5,3.48327434012613,0.111619637567922,3.26944735211993,3.48736987738715,3.70987073041453,TRUE,-0.149845136915922,"diverse_initial",7,"one_step_shared_gamma_poisson","recruit_size"
"lambda",1.03119869581319,0.988429843439521,0.0596142118545721,0.860432067009505,0.993090283236395,1.09026425589768,TRUE,-0.717427120868524,"diverse_initial",7,"one_step_shared_gamma_poisson","lambda"
"survival_50",0.354343693774205,0.340274991500906,0.0200136257645458,0.303276032458242,0.340052601995289,0.376633955903583,TRUE,-0.702956197883004,"standard",8,"recursive_gamma_poisson","survival"
"survival_80",0.589040434058665,0.569131707406731,0.0207712915555308,0.528126529089237,0.568624980742861,0.611114596250698,TRUE,-0.958473217648005,"standard",8,"recursive_gamma_poisson","survival"
"survival_110",0.789181706522253,0.771155813408254,0.0264233965578838,0.71421818072887,0.772243046865444,0.822648369008299,TRUE,-0.68219439823002,"standard",8,"recursive_gamma_poisson","survival"
"growth_increment_50",12,11.9216165267867,1.07957695677409,9.97828191963579,11.8673304137535,14.1290207083526,TRUE,-0.0726057301626456,"standard",8,"recursive_gamma_poisson","growth"
"growth_increment_80",8.4,8.35090986232469,0.757109910287976,6.88438852024624,8.37133835703021,9.94041960242316,TRUE,-0.0648388523360303,"standard",8,"recursive_gamma_poisson","growth"
"growth_increment_110",4.8,4.78020319786273,0.630618628483983,3.51298042174764,4.79215134836845,6.10758668177109,TRUE,-0.0313926694250471,"standard",8,"recursive_gamma_poisson","growth"
"growth_sd.log_growth_sd",4.5,4.93257134982428,0.747324947124264,3.6543440460325,4.90998248093752,6.71875164244448,TRUE,0.578826321118858,"standard",8,"recursive_gamma_poisson","growth"
"recruitment_50",0.019387103915861,0.011633978210206,0.00663240917204992,0.00361042893761078,0.0103191170593013,0.028986853542235,TRUE,-1.16897578308769,"standard",8,"recursive_gamma_poisson","recruitment"
"recruitment_80",0.183939720585721,0.13656345816101,0.0391416613498561,0.0763344876575709,0.131974914809607,0.225327723045842,TRUE,-1.21037944713825,"standard",8,"recursive_gamma_poisson","recruitment"
"recruitment_110",1.74517147873092,1.70973980078785,0.131225086989796,1.46762358276939,1.71118954515001,1.96331558007449,TRUE,-0.270006892400294,"standard",8,"recursive_gamma_poisson","recruitment"
"recruit_mean_50",44,43.3530902970789,1.8787766824527,39.885176603455,43.4272637365967,47.1383542073848,TRUE,-0.344324958342876,"standard",8,"recursive_gamma_poisson","recruit_size"
"recruit_mean_80",44.6,44.2063965924587,1.073306195259,42.2333482650175,44.2290274848723,46.346933027369,TRUE,-0.366720521394473,"standard",8,"recursive_gamma_poisson","recruit_size"
"recruit_mean_110",45.2,45.0597028878384,0.330530059984902,44.4049759018181,45.0488973779244,45.7008928371778,TRUE,-0.424460976916978,"standard",8,"recursive_gamma_poisson","recruit_size"
"recruit_sd.log_recruit_sd",3.5,3.59303769920718,0.189173801788599,3.26694133284889,3.58370869233125,3.97979310743706,TRUE,0.49181069644699,"standard",8,"recursive_gamma_poisson","recruit_size"
"lambda",1.03119869581319,1.02947789633262,0.0175715066150908,0.996424926061904,1.02981098397453,1.06287072895012,TRUE,-0.0979312427934163,"standard",8,"recursive_gamma_poisson","lambda"
"survival_50",0.354343693774205,0.392552897311637,0.0375668321502245,0.321576061614644,0.391838505135554,0.466001814316128,TRUE,1.01709942921562,"standard",8,"one_step_poisson","survival"
"survival_80",0.589040434058665,0.577608051129706,0.0374478169435182,0.507229222801775,0.577061298702087,0.651235888694016,TRUE,-0.305288368243272,"standard",8,"one_step_poisson","survival"
"survival_110",0.789181706522253,0.741130041539275,0.0508002721864466,0.63400901941068,0.74368995647514,0.82741842303075,TRUE,-0.945893848887651,"standard",8,"one_step_poisson","survival"
"growth_increment_50",12,10.3495632353796,1.43265061467341,7.4918272654682,10.3750161956223,12.86341823936,TRUE,-1.15201623320887,"standard",8,"one_step_poisson","growth"
"growth_increment_80",8.4,7.58378671186635,1.0631630145459,5.34239044850802,7.61700366961701,9.5056733156985,TRUE,-0.767721672938627,"standard",8,"one_step_poisson","growth"
"growth_increment_110",4.8,4.81801018835312,1.19505120510038,2.45010968689415,4.92563957449195,6.979629714478,TRUE,0.0150706415559886,"standard",8,"one_step_poisson","growth"
"growth_sd.log_growth_sd",4.5,6.20551238489257,0.842424511704236,4.66418760963582,6.14739711568179,7.9636335498597,FALSE,2.02452844284207,"standard",8,"one_step_poisson","growth"
"recruitment_50",0.019387103915861,0.04539582659168,0.0143979794325446,0.0226848227034884,0.0438517693105422,0.0770594846179583,FALSE,1.80641476796598,"standard",8,"one_step_poisson","recruitment"
"recruitment_80",0.183939720585721,0.285440778731748,0.0485851997928217,0.195732238904025,0.285116443280671,0.380268961936922,FALSE,2.08913534530784,"standard",8,"one_step_poisson","recruitment"
"recruitment_110",1.74517147873092,1.83971189566681,0.127386437258285,1.61050182203674,1.83904905196761,2.07356131890439,TRUE,0.742154494392569,"standard",8,"one_step_poisson","recruitment"
"recruit_mean_50",44,43.1233414715402,1.35796760418034,40.5877112494209,43.1333444290482,45.5647505947022,TRUE,-0.645566599498448,"standard",8,"one_step_poisson","recruit_size"
"recruit_mean_80",44.6,44.1194592264116,0.701118384475621,42.8183619651612,44.1277369410801,45.3986596158056,TRUE,-0.685391774383122,"standard",8,"one_step_poisson","recruit_size"
"recruit_mean_110",45.2,45.115576981283,0.234768620881809,44.6209921887714,45.1219449587428,45.5644991245327,TRUE,-0.359600948371594,"standard",8,"one_step_poisson","recruit_size"
"recruit_sd.log_recruit_sd",3.5,3.43510992907744,0.215549476947261,3.02341261123086,3.42535953264933,3.83932458255902,TRUE,-0.301044900881095,"standard",8,"one_step_poisson","recruit_size"
"lambda",1.03119869581319,0.983511286497098,0.0555712803725047,0.878794201401179,0.984111605368566,1.08329224292327,TRUE,-0.858130476685752,"standard",8,"one_step_poisson","lambda"
"survival_50",0.354343693774205,0.382165579445114,0.0388770380920658,0.306104646999442,0.381935559325503,0.460487955374838,TRUE,0.7156379970363,"standard",8,"one_step_gamma_poisson","survival"
"survival_80",0.589040434058665,0.575983419832276,0.0389211207557934,0.49645946119802,0.576333986704531,0.651996921946028,TRUE,-0.335473747231337,"standard",8,"one_step_gamma_poisson","survival"
"survival_110",0.789181706522253,0.746487945581695,0.0542264239241154,0.620401594673955,0.750667047667338,0.842193825352682,TRUE,-0.787323925330272,"standard",8,"one_step_gamma_poisson","survival"
"growth_increment_50",12,10.724995033214,1.55797268299354,7.58110222446297,10.7294607562038,14.0426804274402,TRUE,-0.818374404573132,"standard",8,"one_step_gamma_poisson","growth"
"growth_increment_80",8.4,7.75391433195169,1.13371096258217,5.68086798686022,7.72259237333364,9.81429192377526,TRUE,-0.569885702239988,"standard",8,"one_step_gamma_poisson","growth"
"growth_increment_110",4.8,4.78283363068942,1.216337636238,2.51578554597165,4.72131183168343,7.14751668026731,TRUE,-0.0141131613452951,"standard",8,"one_step_gamma_poisson","growth"
"growth_sd.log_growth_sd",4.5,6.15260891456832,0.915166194515452,4.55949461769327,6.07148507108881,8.17528721066225,FALSE,1.80580196741567,"standard",8,"one_step_gamma_poisson","growth"
"recruitment_50",0.019387103915861,0.0495617313136938,0.022620731045144,0.0187813543587438,0.0459733143872281,0.108926463341804,TRUE,1.33393688018365,"standard",8,"one_step_gamma_poisson","recruitment"
"recruitment_80",0.183939720585721,0.298369472414346,0.0697113646267793,0.1835666838791,0.29483426950328,0.449377622499211,TRUE,1.64147915395515,"standard",8,"one_step_gamma_poisson","recruitment"
"recruitment_110",1.74517147873092,1.88979156799941,0.16598978605802,1.61162403643293,1.87860145119999,2.24789963711069,TRUE,0.871258965403714,"standard",8,"one_step_gamma_poisson","recruitment"
"recruit_mean_50",44,42.9663778154793,1.60848274714676,39.8132947599804,42.9714559826415,45.9295864605145,TRUE,-0.642606945181244,"standard",8,"one_step_gamma_poisson","recruit_size"
"recruit_mean_80",44.6,44.0555732896001,0.830862697520224,42.4285438918324,44.0622994069872,45.6045345033096,TRUE,-0.655254727435433,"standard",8,"one_step_gamma_poisson","recruit_size"
"recruit_mean_110",45.2,45.144768763721,0.28974589017467,44.6027582455104,45.1610791389051,45.6994572668392,TRUE,-0.190619567531163,"standard",8,"one_step_gamma_poisson","recruit_size"
"recruit_sd.log_recruit_sd",3.5,3.38216858979559,0.263555560578626,2.95464738717649,3.36046425288493,3.93858153710504,TRUE,-0.447083757010152,"standard",8,"one_step_gamma_poisson","recruit_size"
"lambda",1.03119869581319,0.989178905356799,0.0548827679839806,0.86900204906903,0.99385145436677,1.08746717800595,TRUE,-0.765628119716161,"standard",8,"one_step_gamma_poisson","lambda"
"survival_50",0.354343693774205,0.389116694545375,0.0413367038312471,0.306218612041437,0.388913858389669,0.473835128486271,TRUE,0.841213680537475,"standard",8,"one_step_shared_gamma_poisson","survival"
"survival_80",0.589040434058665,0.590098413855167,0.050855792760988,0.491373213312361,0.591472157277388,0.686204572380483,TRUE,0.020803525794488,"standard",8,"one_step_shared_gamma_poisson","survival"
"survival_110",0.789181706522253,0.761459837111048,0.061315155134661,0.639235054928231,0.767157066515125,0.867177348138904,TRUE,-0.452121002553473,"standard",8,"one_step_shared_gamma_poisson","survival"
"growth_increment_50",12,10.5371548479103,1.36111111666697,7.96454955612749,10.4608625821502,13.1178810434618,TRUE,-1.07474337265852,"standard",8,"one_step_shared_gamma_poisson","growth"
"growth_increment_80",8.4,7.67692334129047,0.980649102322852,5.67880886596566,7.70381158066609,9.55724727514738,TRUE,-0.737344945298768,"standard",8,"one_step_shared_gamma_poisson","growth"
"growth_increment_110",4.8,4.81669183467063,1.11885145138667,2.6982521587885,4.86898231391126,7.00773825894522,TRUE,0.0149187228116346,"standard",8,"one_step_shared_gamma_poisson","growth"
"growth_sd.log_growth_sd",4.5,6.20181701228389,0.828565089871669,4.78437013168814,6.11362505586288,8.0487780638643,FALSE,2.05393279669492,"standard",8,"one_step_shared_gamma_poisson","growth"
"recruitment_50",0.019387103915861,0.0407399527960439,0.0195568619805798,0.0149623006788873,0.0367239876631613,0.0922949402978737,TRUE,1.09183410413115,"standard",8,"one_step_shared_gamma_poisson","recruitment"
"recruitment_80",0.183939720585721,0.270377968183492,0.0636503909515541,0.165583261720243,0.263078674465618,0.407776555817469,TRUE,1.35801597296646,"standard",8,"one_step_shared_gamma_poisson","recruitment"
"recruitment_110",1.74517147873092,1.8951591395605,0.167870198268035,1.58902312535447,1.88969905808422,2.24195151648185,TRUE,0.893474019671429,"standard",8,"one_step_shared_gamma_poisson","recruitment"
"recruit_mean_50",44,42.9851646549498,1.31174061870591,40.3127296263435,42.9805960633848,45.4729334480488,TRUE,-0.773655500621307,"standard",8,"one_step_shared_gamma_poisson","recruit_size"
"recruit_mean_80",44.6,44.0502055258336,0.697650508969971,42.5572963571599,44.0534016179377,45.2927890972654,TRUE,-0.788065753693932,"standard",8,"one_step_shared_gamma_poisson","recruit_size"
"recruit_mean_110",45.2,45.1152463967175,0.236083045726678,44.6689367232889,45.107336087381,45.5693542075777,TRUE,-0.358999109917454,"standard",8,"one_step_shared_gamma_poisson","recruit_size"
"recruit_sd.log_recruit_sd",3.5,3.43834977765825,0.199409237285097,3.04859540818429,3.43299901331235,3.81527899209994,TRUE,-0.309164325490157,"standard",8,"one_step_shared_gamma_poisson","recruit_size"
"lambda",1.03119869581319,1.01047029544176,0.0733727055552483,0.86922929247647,1.01019901795443,1.14839726715332,TRUE,-0.282508328057001,"standard",8,"one_step_shared_gamma_poisson","lambda"
"survival_50",0.354343693774205,0.356977311952607,0.00947390280375999,0.336944883693951,0.357115781267843,0.374803616353426,TRUE,0.27798661575427,"dense_profiles",8,"recursive_poisson","survival"
"survival_80",0.589040434058665,0.59957162908578,0.0122097912301883,0.578071787970801,0.59953950228745,0.622452783151949,TRUE,0.862520482829984,"dense_profiles",8,"recursive_poisson","survival"
"survival_110",0.789181706522253,0.801098602448926,0.0171074195186266,0.768549871869542,0.801531968766439,0.831291546108345,TRUE,0.696592254237881,"dense_profiles",8,"recursive_poisson","survival"
"growth_increment_50",12,11.7130562135138,0.549709568326671,10.6787329974916,11.7477915897651,12.8031443630006,TRUE,-0.52199161706361,"dense_profiles",8,"recursive_poisson","growth"
"growth_increment_80",8.4,7.9827622447136,0.410323321311869,7.22647702868501,7.99093605045709,8.77375798664692,TRUE,-1.01685118445724,"dense_profiles",8,"recursive_poisson","growth"
"growth_increment_110",4.8,4.25246827591336,0.384548887577483,3.56966884118007,4.23556544193326,4.97301983687457,TRUE,-1.42382865163357,"dense_profiles",8,"recursive_poisson","growth"
"growth_sd.log_growth_sd",4.5,4.5810666648812,0.456855900985274,3.7605369127588,4.54999691113059,5.53861077822148,TRUE,0.177444714419512,"dense_profiles",8,"recursive_poisson","growth"
"recruitment_50",0.019387103915861,0.0281452450471894,0.00675249552658699,0.0172511545843829,0.0274255356666403,0.0429637265186856,TRUE,1.29702287055867,"dense_profiles",8,"recursive_poisson","recruitment"
"recruitment_80",0.183939720585721,0.216607763990785,0.0254165427934176,0.171726092821113,0.214568781249625,0.266782190477384,TRUE,1.28530633259548,"dense_profiles",8,"recursive_poisson","recruitment"
"recruitment_110",1.74517147873092,1.69277866519726,0.0591682104013213,1.5888763544061,1.69183703590284,1.80594991485281,TRUE,-0.885489237857516,"dense_profiles",8,"recursive_poisson","recruitment"
"recruit_mean_50",44,44.1214929746534,0.999517839118812,42.4401951848534,44.1333191422337,46.1135306259697,TRUE,0.121551582071285,"dense_profiles",8,"recursive_poisson","recruit_size"
"recruit_mean_80",44.6,44.6252337682589,0.530378996094431,43.7091414702118,44.5983724827093,45.6864091715378,TRUE,0.0475768619132611,"dense_profiles",8,"recursive_poisson","recruit_size"
"recruit_mean_110",45.2,45.1289745618644,0.138293930253594,44.8546281841743,45.1210156109707,45.4041003331753,TRUE,-0.513583192012788,"dense_profiles",8,"recursive_poisson","recruit_size"
"recruit_sd.log_recruit_sd",3.5,3.65824862275529,0.111281602296705,3.46284282211145,3.65604531315525,3.87708220495363,TRUE,1.4220555733315,"dense_profiles",8,"recursive_poisson","recruit_size"
"lambda",1.03119869581319,1.01294359639756,0.00866173896268433,0.995230444230477,1.01330043620585,1.02817748319815,FALSE,-2.10755594162718,"dense_profiles",8,"recursive_poisson","lambda"
"survival_50",0.354343693774205,0.357074853796633,0.0109593116232697,0.336433472295867,0.357114292206672,0.378848637703438,TRUE,0.249209085051427,"dense_profiles",8,"recursive_gamma_poisson","survival"
"survival_80",0.589040434058665,0.600232391368035,0.0126697002109688,0.574661555124926,0.600211120682402,0.625053748782513,TRUE,0.883364019906325,"dense_profiles",8,"recursive_gamma_poisson","survival"
"survival_110",0.789181706522253,0.801963948570676,0.0164457431128844,0.769725679012703,0.801826780113541,0.831276403281729,TRUE,0.777237122134596,"dense_profiles",8,"recursive_gamma_poisson","survival"
"growth_increment_50",12,11.6587825259448,0.6072836058779,10.507340757038,11.6572774948708,12.8180971357756,TRUE,-0.561874996710919,"dense_profiles",8,"recursive_gamma_poisson","growth"
"growth_increment_80",8.4,7.913541174138,0.446499170212086,7.05333467869877,7.90554161901341,8.79090087628601,TRUE,-1.08949547572717,"dense_profiles",8,"recursive_gamma_poisson","growth"
"growth_increment_110",4.8,4.16829982233124,0.424025390417333,3.34633947401624,4.1676300330089,4.98073297136533,TRUE,-1.48976969762833,"dense_profiles",8,"recursive_gamma_poisson","growth"
"growth_sd.log_growth_sd",4.5,4.73259969957106,0.502942116828072,3.86204616769859,4.70587559479035,5.98363759795587,TRUE,0.462478070116718,"dense_profiles",8,"recursive_gamma_poisson","growth"
"recruitment_50",0.019387103915861,0.0281177082018368,0.00745128340897813,0.0165539119921899,0.0273179786644918,0.0439804384994017,TRUE,1.1716913458769,"dense_profiles",8,"recursive_gamma_poisson","recruitment"
"recruitment_80",0.183939720585721,0.216140305580404,0.0291148835777006,0.164126751518918,0.215096736493792,0.272743968426582,TRUE,1.10598364265299,"dense_profiles",8,"recursive_gamma_poisson","recruitment"
"recruitment_110",1.74517147873092,1.69100905362604,0.0699926909751051,1.55271423025144,1.69146427170964,1.83237428428022,TRUE,-0.773829729223415,"dense_profiles",8,"recursive_gamma_poisson","recruitment"
"recruit_mean_50",44,44.0117579908518,1.14452832089837,41.9648105221649,43.9764848545715,46.2792248710279,TRUE,0.0102732196635671,"dense_profiles",8,"recursive_gamma_poisson","recruit_size"
"recruit_mean_80",44.6,44.5631089158422,0.606468259576586,43.4795096075569,44.515470570751,45.7218470577774,TRUE,-0.0608293733022996,"dense_profiles",8,"recursive_gamma_poisson","recruit_size"
"recruit_mean_110",45.2,45.1144598408327,0.16213707260142,44.8078874938826,45.1300973532973,45.441673007261,TRUE,-0.527579274713782,"dense_profiles",8,"recursive_gamma_poisson","recruit_size"
"recruit_sd.log_recruit_sd",3.5,3.65130743812947,0.126185630857037,3.40764574086055,3.64817567708224,3.90141512169455,TRUE,1.19908611703097,"dense_profiles",8,"recursive_gamma_poisson","recruit_size"
"lambda",1.03119869581319,1.01203704373901,0.00925255776825232,0.993754474765516,1.01179659390211,1.02952231601752,FALSE,-2.07095730219907,"dense_profiles",8,"recursive_gamma_poisson","lambda"
"survival_50",0.354343693774205,0.357675739189441,0.0150268845253163,0.330857386982065,0.357216427456783,0.387446876775312,TRUE,0.221738937943075,"dense_profiles",8,"one_step_poisson","survival"
"survival_80",0.589040434058665,0.596886289360062,0.0205201873344433,0.556262541031749,0.596797361975574,0.635970447695269,TRUE,0.382348132281789,"dense_profiles",8,"one_step_poisson","survival"
"survival_110",0.789181706522253,0.796256874536009,0.0287488518280791,0.737886957639096,0.795247283517302,0.845640756380852,TRUE,0.246102628935109,"dense_profiles",8,"one_step_poisson","survival"
"growth_increment_50",12,11.6419011240102,0.578291008450503,10.5081870688867,11.6548465456846,12.7684173287411,TRUE,-0.61923645838682,"dense_profiles",8,"one_step_poisson","growth"
"growth_increment_80",8.4,8.23116287243117,0.500101519273151,7.27836358513371,8.20211405330985,9.26577719567522,TRUE,-0.337605708165458,"dense_profiles",8,"one_step_poisson","growth"
"growth_increment_110",4.8,4.82042462085217,0.724704473561274,3.47333892968041,4.78380518318756,6.18390670054946,TRUE,0.0281833790148912,"dense_profiles",8,"one_step_poisson","growth"
"growth_sd.log_growth_sd",4.5,4.55991894219327,0.479622050433971,3.66257324463722,4.5244879975109,5.5419969278384,TRUE,0.124929498422879,"dense_profiles",8,"one_step_poisson","growth"
"recruitment_50",0.019387103915861,0.0226350046233073,0.00762976355983565,0.0118365053433491,0.0211699715328291,0.0401841460731322,TRUE,0.425688251277372,"dense_profiles",8,"one_step_poisson","recruitment"
"recruitment_80",0.183939720585721,0.19469078679187,0.0336383212215596,0.137719622873747,0.190522631873362,0.267169972700319,TRUE,0.319607691933763,"dense_profiles",8,"one_step_poisson","recruitment"
"recruitment_110",1.74517147873092,1.71548642452858,0.0569104418785438,1.61285755194784,1.71241770177026,1.82940439511728,TRUE,-0.521609975647281,"dense_profiles",8,"one_step_poisson","recruitment"
"recruit_mean_50",44,44.0236266482128,1.19116675779333,41.77081495408,44.0114688649711,46.3279985304396,TRUE,0.0198348787508276,"dense_profiles",8,"one_step_poisson","recruit_size"
"recruit_mean_80",44.6,44.5688606033897,0.638374461413637,43.3119352103151,44.551544377539,45.7793215524234,TRUE,-0.0487792016950604,"dense_profiles",8,"one_step_poisson","recruit_size"
"recruit_mean_110",45.2,45.1140945585668,0.152875279178602,44.8121873475935,45.1153945719026,45.4096784417247,TRUE,-0.561931542462469,"dense_profiles",8,"one_step_poisson","recruit_size"
"recruit_sd.log_recruit_sd",3.5,3.67049981770013,0.111002286686516,3.45406261281166,3.66973682297131,3.87956885303442,TRUE,1.53600275084101,"dense_profiles",8,"one_step_poisson","recruit_size"
"lambda",1.03119869581319,1.03422168791486,0.0317135207095281,0.973113757438235,1.03256334183905,1.10300356886475,TRUE,0.0953218701056143,"dense_profiles",8,"one_step_poisson","lambda"
"survival_50",0.354343693774205,0.358785161752265,0.0154068606097119,0.327780899681478,0.35821107147833,0.39347786547067,TRUE,0.288278585142855,"dense_profiles",8,"one_step_gamma_poisson","survival"
"survival_80",0.589040434058665,0.599077207893523,0.0217460432605943,0.55821637130903,0.600611572966784,0.639692355027302,TRUE,0.461544829768889,"dense_profiles",8,"one_step_gamma_poisson","survival"
"survival_110",0.789181706522253,0.798375767626084,0.02918596636166,0.741765902609728,0.799433719255466,0.851179551706592,TRUE,0.31501650450434,"dense_profiles",8,"one_step_gamma_poisson","survival"
"growth_increment_50",12,11.5940352405668,0.592885742021981,10.4814754842311,11.5912906942992,12.7004208978131,TRUE,-0.68472680427209,"dense_profiles",8,"one_step_gamma_poisson","growth"
"growth_increment_80",8.4,8.19862107827561,0.493357219926406,7.2066902129316,8.16962628196262,9.08658329899542,TRUE,-0.408180753398978,"dense_profiles",8,"one_step_gamma_poisson","growth"
"growth_increment_110",4.8,4.8032069159844,0.675525513282666,3.40833525905885,4.79537890851094,6.12890788760737,TRUE,0.00474729069642477,"dense_profiles",8,"one_step_gamma_poisson","growth"
"growth_sd.log_growth_sd",4.5,4.58555995267463,0.496049283672932,3.74311588165775,4.56368538684329,5.561948930641,TRUE,0.172482766311262,"dense_profiles",8,"one_step_gamma_poisson","growth"
"recruitment_50",0.019387103915861,0.0230190659094613,0.00761651430702489,0.0118791113558604,0.0221553748649777,0.041327034562831,TRUE,0.476853564136346,"dense_profiles",8,"one_step_gamma_poisson","recruitment"
"recruitment_80",0.183939720585721,0.196381463961271,0.0341239685122522,0.140336134867407,0.194384693431105,0.269804659180165,TRUE,0.36460423327032,"dense_profiles",8,"one_step_gamma_poisson","recruitment"
"recruitment_110",1.74517147873092,1.71548058474808,0.0598974672047051,1.60150728548552,1.71083784806354,1.83933584615991,TRUE,-0.495695316821431,"dense_profiles",8,"one_step_gamma_poisson","recruitment"
"recruit_mean_50",44,43.9602195409131,1.19799341157363,41.5851649295655,43.952011030983,46.320823447423,TRUE,-0.0332059080647334,"dense_profiles",8,"one_step_gamma_poisson","recruit_size"
"recruit_mean_80",44.6,44.5314088919662,0.639260129339048,43.2504695248446,44.5379241753762,45.8306193881548,TRUE,-0.10729764752376,"dense_profiles",8,"one_step_gamma_poisson","recruit_size"
"recruit_mean_110",45.2,45.1025982430192,0.15529426112992,44.7958763656826,45.1138925270635,45.4084578958856,TRUE,-0.627207704084716,"dense_profiles",8,"one_step_gamma_poisson","recruit_size"
"recruit_sd.log_recruit_sd",3.5,3.66290053813153,0.121862031598848,3.4370610166487,3.65368493604965,3.8968434293501,TRUE,1.33676204141889,"dense_profiles",8,"one_step_gamma_poisson","recruit_size"
"lambda",1.03119869581319,1.03540822999776,0.0314706979981804,0.974844459560432,1.03604572004306,1.09379055461321,TRUE,0.133760432794062,"dense_profiles",8,"one_step_gamma_poisson","lambda"
"survival_50",0.354343693774205,0.358368625287165,0.0160784144216279,0.32656224585246,0.358995369980034,0.389789105556119,TRUE,0.250331370209378,"dense_profiles",8,"one_step_shared_gamma_poisson","survival"
"survival_80",0.589040434058665,0.597892603400452,0.022332433246066,0.55176291120122,0.5970732769465,0.642447227029714,TRUE,0.396381766565725,"dense_profiles",8,"one_step_shared_gamma_poisson","survival"
"survival_110",0.789181706522253,0.797230978093689,0.0284907216506951,0.737427643844039,0.799176068153381,0.846486030705387,TRUE,0.282522558400682,"dense_profiles",8,"one_step_shared_gamma_poisson","survival"
"growth_increment_50",12,11.5920684720725,0.590850643330308,10.5403209535252,11.5942122197616,12.8160834072229,TRUE,-0.690413952379297,"dense_profiles",8,"one_step_shared_gamma_poisson","growth"
"growth_increment_80",8.4,8.15857831720676,0.512920343328532,7.16636085666053,8.15202009301586,9.12233644267082,TRUE,-0.470680654283605,"dense_profiles",8,"one_step_shared_gamma_poisson","growth"
"growth_increment_110",4.8,4.72508816234104,0.704396642256248,3.30882673161983,4.70426104211859,5.99692550509419,TRUE,-0.106348942009446,"dense_profiles",8,"one_step_shared_gamma_poisson","growth"
"growth_sd.log_growth_sd",4.5,4.55565846605713,0.453450065884689,3.73044641693202,4.51930273931557,5.51623402414529,TRUE,0.122744421590373,"dense_profiles",8,"one_step_shared_gamma_poisson","growth"
"recruitment_50",0.019387103915861,0.0228287737365025,0.00842694272025782,0.0119067237179444,0.0210809866410987,0.0409148813302047,TRUE,0.408412627792986,"dense_profiles",8,"one_step_shared_gamma_poisson","recruitment"
"recruitment_80",0.183939720585721,0.195116392185798,0.0362524920612369,0.139731224761414,0.189568000062376,0.272439013209343,TRUE,0.308300780569729,"dense_profiles",8,"one_step_shared_gamma_poisson","recruitment"
"recruitment_110",1.74517147873092,1.71269273829728,0.0605927539450325,1.60318681451834,1.70806821018004,1.83838044343094,TRUE,-0.536016904976898,"dense_profiles",8,"one_step_shared_gamma_poisson","recruitment"
"recruit_mean_50",44,44.0474352240577,1.18687065531463,41.7751696857286,43.9987116606674,46.4892187315437,TRUE,0.0399666331333755,"dense_profiles",8,"one_step_shared_gamma_poisson","recruit_size"
"recruit_mean_80",44.6,44.5832364826669,0.63782283675262,43.4056114964848,44.5658877825327,45.8566992506505,TRUE,-0.0262824037759828,"dense_profiles",8,"one_step_shared_gamma_poisson","recruit_size"
"recruit_mean_110",45.2,45.1190377412761,0.16195071496315,44.794526089323,45.1205678541467,45.4437773175081,TRUE,-0.499919118864527,"dense_profiles",8,"one_step_shared_gamma_poisson","recruit_size"
"recruit_sd.log_recruit_sd",3.5,3.66889534888769,0.107789114449669,3.47279087804505,3.66576516593222,3.88125926503137,TRUE,1.56690543149934,"dense_profiles",8,"one_step_shared_gamma_poisson","recruit_size"
"lambda",1.03119869581319,1.03185593822951,0.0315837183243183,0.967031123300628,1.0317572725696,1.09197970852231,TRUE,0.0208095326069876,"dense_profiles",8,"one_step_shared_gamma_poisson","lambda"
"survival_50",0.354343693774205,0.365825890612518,0.0175173575215543,0.332038181999325,0.365179502780091,0.398096212644893,TRUE,0.655475394858211,"longer_followup",8,"recursive_poisson","survival"
"survival_80",0.589040434058665,0.598192047064565,0.0171311756122398,0.565835474736027,0.599504765532682,0.631077194828673,TRUE,0.534208113502822,"longer_followup",8,"recursive_poisson","survival"
"survival_110",0.789181706522253,0.793193648684838,0.0180729840809136,0.756304848078636,0.794529372838144,0.825087607151076,TRUE,0.221985597100263,"longer_followup",8,"recursive_poisson","survival"
"growth_increment_50",12,11.5743554847028,0.798731885447312,10.1103880281615,11.5696575170186,13.1451932616258,TRUE,-0.532900367510473,"longer_followup",8,"recursive_poisson","growth"
"growth_increment_80",8.4,8.15832309812252,0.560383356600365,7.11054756471009,8.12812747243151,9.20076575410674,TRUE,-0.431270663253894,"longer_followup",8,"recursive_poisson","growth"
"growth_increment_110",4.8,4.74229071154225,0.442026982255913,3.87316528795103,4.72419377916841,5.62089544363221,TRUE,-0.130556031134637,"longer_followup",8,"recursive_poisson","growth"
"growth_sd.log_growth_sd",4.5,5.83004460649185,0.515373727594139,4.89042670425155,5.82199861614573,6.81202952446524,FALSE,2.58073808438149,"longer_followup",8,"recursive_poisson","growth"
"recruitment_50",0.019387103915861,0.484661660572254,0.0453065666569278,0.404698474394294,0.481663752587434,0.579055968355871,FALSE,10.2694728598519,"longer_followup",8,"recursive_poisson","recruitment"
"recruitment_80",0.183939720585721,0.012445073870871,0.00779402374314598,0.00323440762519295,0.010243594209263,0.0346632482855939,FALSE,-22.0033518457859,"longer_followup",8,"recursive_poisson","recruitment"
"recruitment_110",1.74517147873092,0.000404740122591145,0.000561878827344574,2.58437635003221e-05,0.000221335825756746,0.00201957574806992,FALSE,-3105.23666971766,"longer_followup",8,"recursive_poisson","recruitment"
"recruit_mean_50",44,46.0403730045345,0.534593836323163,44.9308557491226,46.0294562938235,47.0415185245717,FALSE,3.81667888011547,"longer_followup",8,"recursive_poisson","recruit_size"
"recruit_mean_80",44.6,49.1542004258112,3.44633192086807,42.0573954540252,49.1586875061722,55.8254003212294,TRUE,1.32146308898306,"longer_followup",8,"recursive_poisson","recruit_size"
"recruit_mean_110",45.2,52.268027847088,6.36994721790813,39.1908698368309,52.3191236293221,64.5582928132949,TRUE,1.10958970385458,"longer_followup",8,"recursive_poisson","recruit_size"
"recruit_sd.log_recruit_sd",3.5,3.47768634664385,0.147458251462328,3.22441959062328,3.46140260898733,3.80138816853248,TRUE,-0.151321836078106,"longer_followup",8,"recursive_poisson","recruit_size"
"lambda",1.03119869581319,1.06771562390839,0.00958717978206792,1.05497353560853,1.06668076588352,1.08951765198447,FALSE,3.80893327602937,"longer_followup",8,"recursive_poisson","lambda"
"survival_50",0.354343693774205,0.367058119023691,0.0180397896344554,0.334136669489166,0.366832333512397,0.401518567672164,TRUE,0.704798975327447,"longer_followup",8,"recursive_gamma_poisson","survival"
"survival_80",0.589040434058665,0.599003578981384,0.0170686360815045,0.562159733346896,0.599332529556678,0.632694088369135,TRUE,0.583710665289445,"longer_followup",8,"recursive_gamma_poisson","survival"
"survival_110",0.789181706522253,0.793448654600559,0.0177470102536763,0.755226231476148,0.793864336018265,0.824968294774828,TRUE,0.24043193852451,"longer_followup",8,"recursive_gamma_poisson","survival"
"growth_increment_50",12,11.5050617341338,0.805388190182663,9.91153019013619,11.4992888344749,13.2344538200735,TRUE,-0.614533801090365,"longer_followup",8,"recursive_gamma_poisson","growth"
"growth_increment_80",8.4,8.10335285326662,0.536580401343681,7.10667856382079,8.10668491655774,9.2651754086353,TRUE,-0.552847524789442,"longer_followup",8,"recursive_gamma_poisson","growth"
"growth_increment_110",4.8,4.70164397239948,0.418931008919339,3.86529153496293,4.67729905819605,5.48117140120273,TRUE,-0.234778580497631,"longer_followup",8,"recursive_gamma_poisson","growth"
"growth_sd.log_growth_sd",4.5,5.86843094234792,0.533053414455345,4.94946976238593,5.8586374010978,6.96473634019092,FALSE,2.56715538300441,"longer_followup",8,"recursive_gamma_poisson","growth"
"recruitment_50",0.019387103915861,0.501185960077723,0.047562055604695,0.411954905760561,0.500823234315886,0.594493652215753,FALSE,10.1298997706546,"longer_followup",8,"recursive_gamma_poisson","recruitment"
"recruitment_80",0.183939720585721,0.0158028057995347,0.0099012891765812,0.00379063361242611,0.0135177383118786,0.0414478157778333,FALSE,-16.9813154416163,"longer_followup",8,"recursive_gamma_poisson","recruitment"
"recruitment_110",1.74517147873092,0.000632262497372532,0.000824890084880323,3.40275551016932e-05,0.000368017982193004,0.00288973190367426,FALSE,-2114.87475508528,"longer_followup",8,"recursive_gamma_poisson","recruitment"
"recruit_mean_50",44,45.8883130523855,0.578139943858924,44.7681266182866,45.8798036975033,46.9527836582976,FALSE,3.26618679861758,"longer_followup",8,"recursive_gamma_poisson","recruit_size"
"recruit_mean_80",44.6,48.4120976990644,3.67851847151166,40.9619272791664,48.2249722851618,55.4024688903654,TRUE,1.03631332249306,"longer_followup",8,"recursive_gamma_poisson","recruit_size"
"recruit_mean_110",45.2,50.9358823457432,6.7945443659169,37.2453606802778,50.6682024695159,63.8290799073487,TRUE,0.844189402090862,"longer_followup",8,"recursive_gamma_poisson","recruit_size"
"recruit_sd.log_recruit_sd",3.5,3.43529885572432,0.142827486262098,3.14613018314449,3.43097022791471,3.70744769343294,TRUE,-0.453002051418514,"longer_followup",8,"recursive_gamma_poisson","recruit_size"
"lambda",1.03119869581319,1.06957382677253,0.0128692453925025,1.05320982616636,1.06742106486264,1.10543454036069,FALSE,2.98192549671141,"longer_followup",8,"recursive_gamma_poisson","lambda"
"survival_50",0.354343693774205,0.417231748720405,0.0243245841910521,0.369363955172843,0.419265876480993,0.461926178971651,FALSE,2.58537019388534,"longer_followup",8,"one_step_poisson","survival"
"survival_80",0.589040434058665,0.607560637009104,0.0315264499955055,0.541038946325141,0.608319707574373,0.668681054387706,TRUE,0.587449679652456,"longer_followup",8,"one_step_poisson","survival"
"survival_110",0.789181706522253,0.76789650435058,0.0441059144174259,0.672704711505037,0.769981506557861,0.846124771435914,TRUE,-0.482592923258,"longer_followup",8,"one_step_poisson","survival"
"growth_increment_50",12,10.6958660695064,0.90674949935443,9.10007215794947,10.6840468427124,12.4983424717329,TRUE,-1.43825161350747,"longer_followup",8,"one_step_poisson","growth"
"growth_increment_80",8.4,7.88192012238034,0.740655968174593,6.49026233151012,7.84716443886599,9.27244283004146,TRUE,-0.699487886253734,"longer_followup",8,"one_step_poisson","growth"
"growth_increment_110",4.8,5.06797417525428,0.900306406195211,3.31287996607292,5.08111650456135,6.90579864326631,TRUE,0.29764774904442,"longer_followup",8,"one_step_poisson","growth"
"growth_sd.log_growth_sd",4.5,6.7921091329452,0.495673052286064,5.80213152239012,6.79250162525366,7.76893344231778,FALSE,4.62423591997569,"longer_followup",8,"one_step_poisson","growth"
"recruitment_50",0.019387103915861,0.626976615590494,0.0323341684202593,0.565367824645158,0.625209360576563,0.691072559643842,FALSE,18.7909428743478,"longer_followup",8,"one_step_poisson","recruitment"
"recruitment_80",0.183939720585721,0.137908959463756,0.0769298117098475,0.0448491967783897,0.122784504651834,0.336589517013321,TRUE,-0.598347507928093,"longer_followup",8,"one_step_poisson","recruitment"
"recruitment_110",1.74517147873092,0.0384859354714487,0.0568688513203925,0.00343579132459692,0.0239725229396409,0.17901109462768,FALSE,-30.0109023416739,"longer_followup",8,"one_step_poisson","recruitment"
"recruit_mean_50",44,45.4223979959653,0.174632795820138,45.093947075588,45.4144423291842,45.756415499653,FALSE,8.14507944676254,"longer_followup",8,"one_step_poisson","recruit_size"
"recruit_mean_80",44.6,44.6617002727717,1.71911490757741,41.5429327946424,44.6849430853038,48.2719023340904,TRUE,0.0358907205677388,"longer_followup",8,"one_step_poisson","recruit_size"
"recruit_mean_110",45.2,43.901002549578,3.31482743392293,37.9116655475355,43.9771560108904,50.909491027276,TRUE,-0.391874834004463,"longer_followup",8,"one_step_poisson","recruit_size"
"recruit_sd.log_recruit_sd",3.5,3.3973563259896,0.118826225609198,3.17997827525556,3.40118962049443,3.63892710699855,TRUE,-0.863813299498255,"longer_followup",8,"one_step_poisson","recruit_size"
"lambda",1.03119869581319,1.06644728833968,0.0259623813087744,1.01822800466465,1.06548436945117,1.12181789022777,TRUE,1.35767948661052,"longer_followup",8,"one_step_poisson","lambda"
"survival_50",0.354343693774205,0.416147183944799,0.0243391102803194,0.369249365912228,0.416176645102365,0.473200396496987,FALSE,2.53926661487578,"longer_followup",8,"one_step_gamma_poisson","survival"
"survival_80",0.589040434058665,0.60722176936012,0.0326567249747531,0.536648656810287,0.607980556117737,0.670797086113941,TRUE,0.55674092596581,"longer_followup",8,"one_step_gamma_poisson","survival"
"survival_110",0.789181706522253,0.768298867698615,0.0433631722298839,0.672835395620203,0.770867683793216,0.849700668628695,TRUE,-0.481580053989841,"longer_followup",8,"one_step_gamma_poisson","survival"
"growth_increment_50",12,10.7753428574421,0.882541632323581,8.88422195032419,10.7978202892903,12.4971829585443,TRUE,-1.38764801308415,"longer_followup",8,"one_step_gamma_poisson","growth"
"growth_increment_80",8.4,7.92733900947332,0.710463710017809,6.6418574831744,7.9066776263241,9.26198908646515,TRUE,-0.665285198753965,"longer_followup",8,"one_step_gamma_poisson","growth"
"growth_increment_110",4.8,5.07933516150452,0.874311611584557,3.41648838294752,5.06251357843497,6.87303294798344,TRUE,0.319491538032151,"longer_followup",8,"one_step_gamma_poisson","growth"
"growth_sd.log_growth_sd",4.5,6.7841789527679,0.494476154673281,5.79850772459542,6.74752637015774,7.68873672411006,FALSE,4.61939151398946,"longer_followup",8,"one_step_gamma_poisson","growth"
"recruitment_50",0.019387103915861,0.628922159329177,0.032129074490432,0.573299042126417,0.627212763040231,0.693060507997719,FALSE,18.9714476710132,"longer_followup",8,"one_step_gamma_poisson","recruitment"
"recruitment_80",0.183939720585721,0.138887791416823,0.0832893226033369,0.0454716622774927,0.112370932968328,0.387704258332727,TRUE,-0.54090881953089,"longer_followup",8,"one_step_gamma_poisson","recruitment"
"recruitment_110",1.74517147873092,0.0401360849701616,0.054136493051126,0.00349181146090674,0.020235169688361,0.222134080097781,FALSE,-31.49512090025,"longer_followup",8,"one_step_gamma_poisson","recruitment"
"recruit_mean_50",44,45.4276261683432,0.186253401196186,45.0584732400478,45.4360058920737,45.7890322993695,FALSE,7.6649669706674,"longer_followup",8,"one_step_gamma_poisson","recruit_size"
"recruit_mean_80",44.6,44.7294972314991,1.84832736589719,41.0700920388424,44.9200361344688,48.0796995353544,TRUE,0.0700618482896368,"longer_followup",8,"one_step_gamma_poisson","recruit_size"
"recruit_mean_110",45.2,44.031368294655,3.56221477104708,36.9533133154049,44.4110651075057,50.5139601110982,TRUE,-0.32806323606409,"longer_followup",8,"one_step_gamma_poisson","recruit_size"
"recruit_sd.log_recruit_sd",3.5,3.39396373301553,0.120340549918718,3.16899123186498,3.39356094165748,3.6535587810969,TRUE,-0.881134971180472,"longer_followup",8,"one_step_gamma_poisson","recruit_size"
"lambda",1.03119869581319,1.06932554074081,0.0263895060552119,1.0205870807292,1.06839869270534,1.12308338297249,TRUE,1.44477296573318,"longer_followup",8,"one_step_gamma_poisson","lambda"
"survival_50",0.354343693774205,0.435656312135692,0.0277541947572217,0.384141214153993,0.435009345089459,0.485428483677418,FALSE,2.92974157862498,"longer_followup",8,"one_step_shared_gamma_poisson","survival"
"survival_80",0.589040434058665,0.64468817476632,0.0428090394184407,0.556612213101749,0.645332454757315,0.720049240600438,TRUE,1.29990631566669,"longer_followup",8,"one_step_shared_gamma_poisson","survival"
"survival_110",0.789181706522253,0.806596675564888,0.0532391242071556,0.681666953951488,0.811482053258024,0.883934320912467,TRUE,0.327108480877201,"longer_followup",8,"one_step_shared_gamma_poisson","survival"
"growth_increment_50",12,9.65011650167091,0.8367126381406,7.92346208003937,9.63108116984019,11.3661332164502,FALSE,-2.8084713809883,"longer_followup",8,"one_step_shared_gamma_poisson","growth"
"growth_increment_80",8.4,7.19144628002109,0.696551501297041,5.82043558648026,7.16976783692691,8.55284828698314,TRUE,-1.73505292534505,"longer_followup",8,"one_step_shared_gamma_poisson","growth"
"growth_increment_110",4.8,4.73277605837127,0.917004495634563,2.99611168538026,4.67235948248073,6.63140795032167,TRUE,-0.073308191997701,"longer_followup",8,"one_step_shared_gamma_poisson","growth"
"growth_sd.log_growth_sd",4.5,6.95547473308661,0.460237537744964,6.14508465026735,6.93991442622919,7.91165832365639,FALSE,5.33523350815267,"longer_followup",8,"one_step_shared_gamma_poisson","growth"
"recruitment_50",0.019387103915861,0.170787973424943,0.0451691334243112,0.0993660041078153,0.166112680966681,0.272791211174332,FALSE,3.35186571074648,"longer_followup",8,"one_step_shared_gamma_poisson","recruitment"
"recruitment_80",0.183939720585721,0.621773176689525,0.0701816475027982,0.49261889351102,0.619799204178467,0.774548236186207,FALSE,6.23857477962949,"longer_followup",8,"one_step_shared_gamma_poisson","recruitment"
"recruitment_110",1.74517147873092,2.32038998967349,0.186932808865477,1.98457693409937,2.30621546795637,2.70711987768428,FALSE,3.0771404679235,"longer_followup",8,"one_step_shared_gamma_poisson","recruitment"
"recruit_mean_50",44,44.3548709954039,0.61541928173186,43.2046555746012,44.3469264009714,45.6719380323001,TRUE,0.576632884178216,"longer_followup",8,"one_step_shared_gamma_poisson","recruit_size"
"recruit_mean_80",44.6,44.9998388557925,0.295784689937485,44.5021331585519,44.9892164108183,45.6229790245945,TRUE,1.35179023592128,"longer_followup",8,"one_step_shared_gamma_poisson","recruit_size"
"recruit_mean_110",45.2,45.6448067161811,0.187471988832498,45.2593504439555,45.6481684089904,46.001694793948,FALSE,2.37265694438506,"longer_followup",8,"one_step_shared_gamma_poisson","recruit_size"
"recruit_sd.log_recruit_sd",3.5,3.24606025634218,0.141174141527165,2.99760037888673,3.23798101099146,3.53527795642319,TRUE,-1.79876952613842,"longer_followup",8,"one_step_shared_gamma_poisson","recruit_size"
"lambda",1.03119869581319,1.05187136705406,0.0507634756482491,0.941560766128027,1.05677348793608,1.13385246292528,TRUE,0.407235142528613,"longer_followup",8,"one_step_shared_gamma_poisson","lambda"
"survival_50",0.354343693774205,0.351931140839008,0.0138871151690828,0.3250599432162,0.351496553509322,0.381547825632838,TRUE,-0.173725997503635,"diverse_initial",8,"recursive_poisson","survival"
"survival_80",0.589040434058665,0.598644348544103,0.0140175402634144,0.571926676706567,0.598867108350549,0.625340884153638,TRUE,0.685135502018413,"diverse_initial",8,"recursive_poisson","survival"
"survival_110",0.789181706522253,0.803406589471964,0.0175512473311645,0.765620488133217,0.804770363680796,0.835959442654982,TRUE,0.81047703797401,"diverse_initial",8,"recursive_poisson","survival"
"growth_increment_50",12,12.6915766238608,0.382660990583365,11.9094491390301,12.6991550133439,13.4306416512508,TRUE,1.80728279307105,"diverse_initial",8,"recursive_poisson","growth"
"growth_increment_80",8.4,8.74626899730262,0.280946213588911,8.18160116700677,8.76552217264285,9.24914504604566,TRUE,1.2325099273603,"diverse_initial",8,"recursive_poisson","growth"
"growth_increment_110",4.8,4.80096137074441,0.29418366540219,4.23500906729957,4.80895229647403,5.36172466636652,TRUE,0.00326792700435157,"diverse_initial",8,"recursive_poisson","growth"
"growth_sd.log_growth_sd",4.5,4.73659289589577,0.296370707569269,4.17379341243279,4.73368083880673,5.29371420672816,TRUE,0.798300540010263,"diverse_initial",8,"recursive_poisson","growth"
"recruitment_50",0.019387103915861,0.0768269359584235,0.0145114668458165,0.0520259279771907,0.0756440048676018,0.110000242354568,FALSE,3.95823748576608,"diverse_initial",8,"recursive_poisson","recruitment"
"recruitment_80",0.183939720585721,0.410878338993147,0.0425085460998962,0.33445554186702,0.409638610331222,0.501523555685321,FALSE,5.33865867522533,"diverse_initial",8,"recursive_poisson","recruitment"
"recruitment_110",1.74517147873092,2.21328670261733,0.0831248879730411,2.0577448995894,2.21462072747888,2.37617676148213,FALSE,5.6314689294767,"diverse_initial",8,"recursive_poisson","recruitment"
"recruit_mean_50",44,45.2632205218563,0.924418241916091,43.4723006810344,45.2885453886941,47.0141541498764,TRUE,1.36650323909444,"diverse_initial",8,"recursive_poisson","recruit_size"
"recruit_mean_80",44.6,45.3328261813211,0.523119459235671,44.3018811497119,45.3359825324273,46.3563257942716,TRUE,1.40087731087616,"diverse_initial",8,"recursive_poisson","recruit_size"
"recruit_mean_110",45.2,45.4024318407858,0.159075372587633,45.0858407282005,45.3981958994292,45.7030889467216,TRUE,1.27255298851652,"diverse_initial",8,"recursive_poisson","recruit_size"
"recruit_sd.log_recruit_sd",3.5,3.53722644175111,0.0964253073918161,3.35561902584479,3.52893321467264,3.73881631812257,TRUE,0.386065056550428,"diverse_initial",8,"recursive_poisson","recruit_size"
"lambda",1.03119869581319,1.03615802983016,0.0131962665623793,1.00853345582692,1.03730667081624,1.06040725404026,TRUE,0.375813416130148,"diverse_initial",8,"recursive_poisson","lambda"
"survival_50",0.354343693774205,0.348169708814348,0.0190538354973012,0.313426579968366,0.347583933899077,0.38732939670697,TRUE,-0.324028459295286,"diverse_initial",8,"recursive_gamma_poisson","survival"
"survival_80",0.589040434058665,0.609700940973219,0.0162880009141477,0.573262129121652,0.60985097306221,0.641103583332762,TRUE,1.2684495183573,"diverse_initial",8,"recursive_gamma_poisson","survival"
"survival_110",0.789181706522253,0.820041247520094,0.0177468310981354,0.783373638493704,0.820116409850779,0.854009569718559,TRUE,1.73887613102279,"diverse_initial",8,"recursive_gamma_poisson","survival"
"growth_increment_50",12,12.8176433573181,0.466927124521975,11.9235116711693,12.8345191208268,13.7352660470225,TRUE,1.75111556895553,"diverse_initial",8,"recursive_gamma_poisson","growth"
"growth_increment_80",8.4,8.90744410568857,0.325383351113194,8.21598614966125,8.90785111557501,9.53837909983564,TRUE,1.55952695167875,"diverse_initial",8,"recursive_gamma_poisson","growth"
"growth_increment_110",4.8,4.99724485405908,0.32157492561045,4.43891737444278,4.98971757492161,5.603982402172,TRUE,0.613371374290614,"diverse_initial",8,"recursive_gamma_poisson","growth"
"growth_sd.log_growth_sd",4.5,4.82549117839237,0.34690555506613,4.13130514283628,4.80786966247102,5.56964718118074,TRUE,0.938270297603988,"diverse_initial",8,"recursive_gamma_poisson","growth"
"recruitment_50",0.019387103915861,0.0889833791529525,0.0188052295206979,0.0574737287163683,0.0875419521373429,0.133495660923375,FALSE,3.70090006933925,"diverse_initial",8,"recursive_gamma_poisson","recruitment"
"recruitment_80",0.183939720585721,0.433955604589737,0.0513350924176401,0.338684255189635,0.432123060116704,0.541027110800413,FALSE,4.87027240488816,"diverse_initial",8,"recursive_gamma_poisson","recruitment"
"recruitment_110",1.74517147873092,2.13609588057613,0.107065650193564,1.91883876610643,2.14143662280562,2.34258403716264,FALSE,3.65125884107985,"diverse_initial",8,"recursive_gamma_poisson","recruitment"
"recruit_mean_50",44,45.6857196229839,0.945811742233536,43.9632014241953,45.6538734757703,47.742975094954,TRUE,1.78229931783574,"diverse_initial",8,"recursive_gamma_poisson","recruit_size"
"recruit_mean_80",44.6,45.5588878364022,0.531178146881461,44.5249667915503,45.5560834229451,46.6710442331239,TRUE,1.80520949898225,"diverse_initial",8,"recursive_gamma_poisson","recruit_size"
"recruit_mean_110",45.2,45.4320560498205,0.199306664894039,45.0637245203201,45.4209369621888,45.7942515665251,TRUE,1.16431655681901,"diverse_initial",8,"recursive_gamma_poisson","recruit_size"
"recruit_sd.log_recruit_sd",3.5,3.59931427054525,0.140301222607196,3.33645297958743,3.58988952893891,3.87641413831934,TRUE,0.707864612294259,"diverse_initial",8,"recursive_gamma_poisson","recruit_size"
"lambda",1.03119869581319,1.0500297909092,0.0145416665795476,1.02044220010992,1.05002809780993,1.07879233279827,TRUE,1.29497502868731,"diverse_initial",8,"recursive_gamma_poisson","lambda"
"survival_50",0.354343693774205,0.363234712180055,0.0192147906567604,0.328046117349241,0.362745458871834,0.400441966342636,TRUE,0.462717422462379,"diverse_initial",8,"one_step_poisson","survival"
"survival_80",0.589040434058665,0.61178989895848,0.0336440493390713,0.546372631553885,0.612140742319116,0.674716642190328,TRUE,0.67618093977157,"diverse_initial",8,"one_step_poisson","survival"
"survival_110",0.789181706522253,0.810690312478618,0.0406946741808691,0.723272868629843,0.814735661594467,0.883157170755761,TRUE,0.528536138679201,"diverse_initial",8,"one_step_poisson","survival"
"growth_increment_50",12,11.890657489145,0.568995135854187,10.8896760757385,11.8739469412117,13.0481218759367,TRUE,-0.192167742683562,"diverse_initial",8,"one_step_poisson","growth"
"growth_increment_80",8.4,8.46319941826843,0.487981881489221,7.48037926812865,8.4498277307219,9.50933816796465,TRUE,0.129511813175441,"diverse_initial",8,"one_step_poisson","growth"
"growth_increment_110",4.8,5.03574134739188,0.661306872804075,3.68431099315981,5.0525080490397,6.26714019044047,TRUE,0.356477993933866,"diverse_initial",8,"one_step_poisson","growth"
"growth_sd.log_growth_sd",4.5,5.60788629576362,0.444842562045483,4.78792944445304,5.59140672971016,6.5078539919213,FALSE,2.49051325185549,"diverse_initial",8,"one_step_poisson","growth"
"recruitment_50",0.019387103915861,0.0284364338689162,0.0102374797816649,0.0134971217745238,0.0273690496022939,0.0561636682657621,TRUE,0.883941179474883,"diverse_initial",8,"one_step_poisson","recruitment"
"recruitment_80",0.183939720585721,0.232416756524917,0.0485222032954403,0.15265476225513,0.228972969026164,0.35168349415059,TRUE,0.999069140451646,"diverse_initial",8,"one_step_poisson","recruitment"
"recruitment_110",1.74517147873092,1.93961863263558,0.130564783191306,1.703101005579,1.93514734814695,2.22712829955598,TRUE,1.48927719368057,"diverse_initial",8,"one_step_poisson","recruitment"
"recruit_mean_50",44,45.0365242715494,1.33868468026885,42.4170179829785,45.0696477392521,47.5541966727248,TRUE,0.77428560050543,"diverse_initial",8,"one_step_poisson","recruit_size"
"recruit_mean_80",44.6,45.1908239390643,0.79277313040513,43.6722117476023,45.210767328397,46.6906486286425,TRUE,0.745262315793162,"diverse_initial",8,"one_step_poisson","recruit_size"
"recruit_mean_110",45.2,45.3451236065792,0.263782066179575,44.8401236852659,45.3434326362073,45.8643196119907,TRUE,0.550164795814577,"diverse_initial",8,"one_step_poisson","recruit_size"
"recruit_sd.log_recruit_sd",3.5,3.53610063601989,0.0994910655209913,3.35563989913548,3.54112712219093,3.74107068566045,TRUE,0.362853044450212,"diverse_initial",8,"one_step_poisson","recruit_size"
"lambda",1.03119869581319,1.06581895971239,0.0442898491221945,0.973467626544523,1.06996163170481,1.13964204500073,TRUE,0.781674911641231,"diverse_initial",8,"one_step_poisson","lambda"
"survival_50",0.354343693774205,0.358693971686219,0.0241700292635043,0.314960628366093,0.359721476623824,0.405197963998996,TRUE,0.179986456143145,"diverse_initial",8,"one_step_gamma_poisson","survival"
"survival_80",0.589040434058665,0.61521167861034,0.0335054969766708,0.549402947172827,0.61565314362783,0.682301972200161,TRUE,0.781103010347752,"diverse_initial",8,"one_step_gamma_poisson","survival"
"survival_110",0.789181706522253,0.817992685795786,0.0399786519654723,0.727040790153693,0.820670778503218,0.890175953896977,TRUE,0.720659098221108,"diverse_initial",8,"one_step_gamma_poisson","survival"
"growth_increment_50",12,11.9010482588236,0.667774216312478,10.6115397357267,11.8864648420894,13.2359125028285,TRUE,-0.148181434322023,"diverse_initial",8,"one_step_gamma_poisson","growth"
"growth_increment_80",8.4,8.46126540235575,0.543629882431463,7.26424257355665,8.44675320089651,9.44359364169685,TRUE,0.11269689973945,"diverse_initial",8,"one_step_gamma_poisson","growth"
"growth_increment_110",4.8,5.02148254588795,0.677328798059846,3.63523724171212,5.0599968826519,6.25838680963029,TRUE,0.326994137149296,"diverse_initial",8,"one_step_gamma_poisson","growth"
"growth_sd.log_growth_sd",4.5,5.73278260876336,0.445732570631809,4.89688872128555,5.72954119398235,6.5198740075838,FALSE,2.76574495558163,"diverse_initial",8,"one_step_gamma_poisson","growth"
"recruitment_50",0.019387103915861,0.0339962806440733,0.0155297323136185,0.0149775439562016,0.031285481904464,0.0698112925010877,TRUE,0.940723022984828,"diverse_initial",8,"one_step_gamma_poisson","recruitment"
"recruitment_80",0.183939720585721,0.253690627875219,0.0630147232488547,0.161641643179248,0.247049794721923,0.393093534293618,TRUE,1.10689857375142,"diverse_initial",8,"one_step_gamma_poisson","recruitment"
"recruitment_110",1.74517147873092,1.95615010919308,0.148707059681435,1.68768213848629,1.95127699403125,2.27361547391459,TRUE,1.41875329196961,"diverse_initial",8,"one_step_gamma_poisson","recruitment"
"recruit_mean_50",44,45.288150900654,1.47222703553937,42.3903150776192,45.2992743906976,48.1309071693311,TRUE,0.874967562446675,"diverse_initial",8,"one_step_gamma_poisson","recruit_size"
"recruit_mean_80",44.6,45.3387654333347,0.852479691816929,43.62722684371,45.3745797431747,46.9956046643765,TRUE,0.86660766282911,"diverse_initial",8,"one_step_gamma_poisson","recruit_size"
"recruit_mean_110",45.2,45.3893799660156,0.265420826432689,44.8937329389583,45.3842884159092,45.8872519972574,TRUE,0.71350831267035,"diverse_initial",8,"one_step_gamma_poisson","recruit_size"
"recruit_sd.log_recruit_sd",3.5,3.61117575909437,0.131137854975984,3.36101135966963,3.60824314321733,3.84751547213518,TRUE,0.847777776407378,"diverse_initial",8,"one_step_gamma_poisson","recruit_size"
"lambda",1.03119869581319,1.06709837219758,0.0396973083978817,0.976254212129635,1.07098394031542,1.13040311083921,TRUE,0.90433527695542,"diverse_initial",8,"one_step_gamma_poisson","lambda"
"survival_50",0.354343693774205,0.356100685946131,0.023944496826176,0.308495344096874,0.357107764579662,0.398563714523881,TRUE,0.0733777028049825,"diverse_initial",8,"one_step_shared_gamma_poisson","survival"
"survival_80",0.589040434058665,0.606442748051809,0.0421862232854422,0.52247704038017,0.608815135168451,0.67938590623881,TRUE,0.412511778439988,"diverse_initial",8,"one_step_shared_gamma_poisson","survival"
"survival_110",0.789181706522253,0.807523242476384,0.0495881371654216,0.703011770357338,0.812492852270681,0.889483300330733,TRUE,0.369877494952985,"diverse_initial",8,"one_step_shared_gamma_poisson","survival"
"growth_increment_50",12,11.9587162376712,0.604665464098476,10.7675068411992,11.9422417509986,13.0192762834842,TRUE,-0.0682753766835336,"diverse_initial",8,"one_step_shared_gamma_poisson","growth"
"growth_increment_80",8.4,8.50969861015199,0.510313392523367,7.50335662336137,8.5167690078664,9.42997788592725,TRUE,0.214963220168603,"diverse_initial",8,"one_step_shared_gamma_poisson","growth"
"growth_increment_110",4.8,5.06068098263283,0.701165700419238,3.73181765000558,5.06205016368177,6.4674644700048,TRUE,0.371782279819111,"diverse_initial",8,"one_step_shared_gamma_poisson","growth"
"growth_sd.log_growth_sd",4.5,5.55187114666981,0.39763468843876,4.85667471868115,5.5494888535081,6.37875390401957,FALSE,2.64532038389254,"diverse_initial",8,"one_step_shared_gamma_poisson","growth"
"recruitment_50",0.019387103915861,0.0331195535055713,0.0127314332901457,0.0143738112354855,0.0308626299354494,0.064277512740454,TRUE,1.07862557787106,"diverse_initial",8,"one_step_shared_gamma_poisson","recruitment"
"recruitment_80",0.183939720585721,0.252917689745256,0.0565997681818522,0.15905287179177,0.24787332159732,0.381122682665218,TRUE,1.21869702607107,"diverse_initial",8,"one_step_shared_gamma_poisson","recruitment"
"recruitment_110",1.74517147873092,1.97989131480642,0.145132991202676,1.70337559308203,1.97995193482249,2.26409308952198,TRUE,1.61727415751883,"diverse_initial",8,"one_step_shared_gamma_poisson","recruitment"
"recruit_mean_50",44,45.0538782729423,1.35253534891865,42.3834883694136,45.1292201194772,47.7035911256364,TRUE,0.77918723069593,"diverse_initial",8,"one_step_shared_gamma_poisson","recruit_size"
"recruit_mean_80",44.6,45.2038715626505,0.79172606508505,43.63347096486,45.2452605738221,46.7672401294486,TRUE,0.762727904613913,"diverse_initial",8,"one_step_shared_gamma_poisson","recruit_size"
"recruit_mean_110",45.2,45.3538648523588,0.252920112966398,44.8387581784032,45.358583028407,45.8480024579575,TRUE,0.608353564903007,"diverse_initial",8,"one_step_shared_gamma_poisson","recruit_size"
"recruit_sd.log_recruit_sd",3.5,3.54572777673292,0.102321278208622,3.34493516658066,3.54581679325792,3.73320787131044,TRUE,0.446903884837006,"diverse_initial",8,"one_step_shared_gamma_poisson","recruit_size"
"lambda",1.03119869581319,1.05944400529174,0.0527352575202802,0.952320608422468,1.06207156761937,1.15289736862762,TRUE,0.535605794049287,"diverse_initial",8,"one_step_shared_gamma_poisson","lambda"
"survival_50",0.354343693774205,0.346642798118351,0.0224361639142289,0.302876641523026,0.346486278965415,0.389192878861815,TRUE,-0.343235843938958,"standard",9,"recursive_poisson","survival"
"survival_80",0.589040434058665,0.609874277417694,0.0219365635281233,0.56491638809984,0.61008505515184,0.65066074725497,TRUE,0.949731407670997,"standard",9,"recursive_poisson","survival"
"survival_110",0.789181706522253,0.820440160400525,0.0278829256007999,0.760202397681635,0.822802377862073,0.870799707663994,TRUE,1.1210607640604,"standard",9,"recursive_poisson","survival"
"growth_increment_50",12,11.4615757209568,1.17160500534112,9.25000471705091,11.41172966173,13.8680115027387,TRUE,-0.459561265604548,"standard",9,"recursive_poisson","growth"
"growth_increment_80",8.4,8.72518789443762,0.78612216061221,7.30063232373552,8.69106956925144,10.3148257767241,TRUE,0.41366076512125,"standard",9,"recursive_poisson","growth"
"growth_increment_110",4.8,5.98880006791841,0.676477101032508,4.63089017524315,6.01532491223018,7.32253092663901,TRUE,1.7573397031532,"standard",9,"recursive_poisson","growth"
"growth_sd.log_growth_sd",4.5,4.91675535845363,0.926933214555437,3.32656560078023,4.84041761072744,6.79536749023788,TRUE,0.449606672745569,"standard",9,"recursive_poisson","growth"
"recruitment_50",0.019387103915861,0.119976156651006,0.0260391861184328,0.0751994926826994,0.118823711154889,0.175659183385459,FALSE,3.8629875863877,"standard",9,"recursive_poisson","recruitment"
"recruitment_80",0.183939720585721,0.384726689163481,0.0367943422018202,0.319906529008235,0.383053308344007,0.454320993340773,FALSE,5.45700660923426,"standard",9,"recursive_poisson","recruitment"
"recruitment_110",1.74517147873092,1.25568081440117,0.100076968801087,1.07541777148623,1.25514761562772,1.46629086352594,FALSE,-4.89114198994834,"standard",9,"recursive_poisson","recruitment"
"recruit_mean_50",44,45.1432563808751,0.970124625860274,43.3114656679302,45.080021928712,46.9511284265263,TRUE,1.17846341634853,"standard",9,"recursive_poisson","recruit_size"
"recruit_mean_80",44.6,45.3233947044305,0.419799797305542,44.5205108255557,45.3276050450975,46.1483568826691,TRUE,1.72318974204754,"standard",9,"recursive_poisson","recruit_size"
"recruit_mean_110",45.2,45.503533027986,0.301563954638751,44.9140214531189,45.5107582138188,46.0903864796174,TRUE,1.00652953815248,"standard",9,"recursive_poisson","recruit_size"
"recruit_sd.log_recruit_sd",3.5,3.29858848090912,0.173096351461129,2.97360997076964,3.28242435787972,3.65807456584565,TRUE,-1.16358038393494,"standard",9,"recursive_poisson","recruit_size"
"lambda",1.03119869581319,1.01960137956338,0.0144585228767998,0.987724192816693,1.02015732362901,1.0458375540889,TRUE,-0.802109340534209,"standard",9,"recursive_poisson","lambda"
"survival_50",0.354343693774205,0.344908210965403,0.0220315535500399,0.304316732412072,0.34341542601951,0.38781791064404,TRUE,-0.428271333084658,"standard",9,"recursive_gamma_poisson","survival"
"survival_80",0.589040434058665,0.606656093166282,0.0236439341456299,0.558956555406477,0.607757453893902,0.650179852812092,TRUE,0.74503925612027,"standard",9,"recursive_gamma_poisson","survival"
"survival_110",0.789181706522253,0.817577098234011,0.0285297947935964,0.756811793972377,0.820654138266823,0.865543294602901,TRUE,0.995289027390118,"standard",9,"recursive_gamma_poisson","survival"
"growth_increment_50",12,11.4565809666449,1.2535399718573,9.24978013652481,11.4018745895004,13.8722877887378,TRUE,-0.433507543082162,"standard",9,"recursive_gamma_poisson","growth"
"growth_increment_80",8.4,8.67845948898124,0.848456766028132,6.90332302211444,8.64891648858198,10.4050981436486,TRUE,0.32819526006586,"standard",9,"recursive_gamma_poisson","growth"
"growth_increment_110",4.8,5.90033801131761,0.695776141219012,4.50349111039069,5.9080765512942,7.25463440848817,TRUE,1.5814540714055,"standard",9,"recursive_gamma_poisson","growth"
"growth_sd.log_growth_sd",4.5,4.94124339777229,1.00898220699564,3.28637941354385,4.83241567703424,6.99829208081385,TRUE,0.437315340858328,"standard",9,"recursive_gamma_poisson","growth"
"recruitment_50",0.019387103915861,0.120871533099696,0.0302832359862805,0.071593412884247,0.117285667450971,0.192544425571984,FALSE,3.35117519243358,"standard",9,"recursive_gamma_poisson","recruitment"
"recruitment_80",0.183939720585721,0.389402888743211,0.043147902664656,0.30809292616946,0.387351485886685,0.483876552183665,FALSE,4.76183442227408,"standard",9,"recursive_gamma_poisson","recruitment"
"recruitment_110",1.74517147873092,1.28311138204744,0.11485246754072,1.07275667872239,1.27454302636205,1.51995847620683,FALSE,-4.02307505077907,"standard",9,"recursive_gamma_poisson","recruitment"
"recruit_mean_50",44,45.3268707060229,1.08585637339046,43.2980374416275,45.2701766218462,47.4183063273341,TRUE,1.22195783764656,"standard",9,"recursive_gamma_poisson","recruit_size"
"recruit_mean_80",44.6,45.3998231113358,0.474368199842484,44.5300104243234,45.3958076151691,46.304380021164,TRUE,1.68608079462607,"standard",9,"recursive_gamma_poisson","recruit_size"
"recruit_mean_110",45.2,45.4727755166486,0.321606114775577,44.7900881056967,45.4928973871388,46.078265373213,TRUE,0.848166449941122,"standard",9,"recursive_gamma_poisson","recruit_size"
"recruit_sd.log_recruit_sd",3.5,3.31739759634209,0.19255273029512,2.93965411630451,3.31133981953715,3.72845350272254,TRUE,-0.94832414673134,"standard",9,"recursive_gamma_poisson","recruit_size"
"lambda",1.03119869581319,1.0169429884877,0.0157155539061687,0.98503592347164,1.01672431894729,1.04892933659444,TRUE,-0.907108168799106,"standard",9,"recursive_gamma_poisson","lambda"
"survival_50",0.354343693774205,0.34985258780392,0.0273501597056753,0.299906245163949,0.350604427498297,0.403447186661005,TRUE,-0.164207668935579,"standard",9,"one_step_poisson","survival"
"survival_80",0.589040434058665,0.585749644751191,0.0379131633539642,0.51172329572168,0.58723364689579,0.664372483286024,TRUE,-0.0867980673823258,"standard",9,"one_step_poisson","survival"
"survival_110",0.789181706522253,0.784716295225327,0.0502966876259371,0.677523960529098,0.788796657880531,0.869422410182606,TRUE,-0.0887814189700868,"standard",9,"one_step_poisson","survival"
"growth_increment_50",12,11.5325438877232,1.25579567437782,9.05567760476348,11.5791692496667,14.126640320667,TRUE,-0.372238989044452,"standard",9,"one_step_poisson","growth"
"growth_increment_80",8.4,8.20334915867444,0.945957467649807,6.34085271293343,8.22449835955084,9.94709118671637,TRUE,-0.207885500194982,"standard",9,"one_step_poisson","growth"
"growth_increment_110",4.8,4.8741544296257,1.03806277797278,2.76755474805457,4.90717285381054,6.83837909107709,TRUE,0.0714353998613759,"standard",9,"one_step_poisson","growth"
"growth_sd.log_growth_sd",4.5,5.15169650424381,0.771264836823018,3.91297879280902,5.09660382048231,6.74834459178484,TRUE,0.844971108663876,"standard",9,"one_step_poisson","growth"
"recruitment_50",0.019387103915861,0.0673437146501874,0.01990906310493,0.0360539269290083,0.0646637324157277,0.118316714406624,FALSE,2.40878289860114,"standard",9,"one_step_poisson","recruitment"
"recruitment_80",0.183939720585721,0.298576281661355,0.0452650096796675,0.216692702662975,0.295548358200756,0.401231325086943,FALSE,2.5325645987242,"standard",9,"one_step_poisson","recruitment"
"recruitment_110",1.74517147873092,1.35193144311107,0.0776641088357637,1.20769875819033,1.34811532660017,1.51919540281035,FALSE,-5.06334317762453,"standard",9,"one_step_poisson","recruitment"
"recruit_mean_50",44,45.0013360498688,1.12467362786396,42.7387573898869,44.9815731625115,47.2510940826798,TRUE,0.890334782518728,"standard",9,"one_step_poisson","recruit_size"
"recruit_mean_80",44.6,45.2367009135294,0.566687823387289,44.0759176642926,45.2369716645761,46.3730909887909,TRUE,1.1235478993066,"standard",9,"one_step_poisson","recruit_size"
"recruit_mean_110",45.2,45.4720657771901,0.220895229384331,45.0284947935348,45.4691654510383,45.9240354397112,TRUE,1.2316507601743,"standard",9,"one_step_poisson","recruit_size"
"recruit_sd.log_recruit_sd",3.5,3.31236347141476,0.169379572591304,3.00000418253643,3.30086308128514,3.65778109953825,TRUE,-1.10778723617392,"standard",9,"one_step_poisson","recruit_size"
"lambda",1.03119869581319,0.985012727125181,0.0438333014335327,0.890364342968359,0.988812588925794,1.06221290312362,TRUE,-1.05367305627312,"standard",9,"one_step_poisson","lambda"
"survival_50",0.354343693774205,0.350889054858744,0.0282560892783162,0.295079768252146,0.352166780006582,0.403597052449075,TRUE,-0.12226174972172,"standard",9,"one_step_gamma_poisson","survival"
"survival_80",0.589040434058665,0.58976488485393,0.0406570471845176,0.502865514495618,0.592636889757638,0.669127305219003,TRUE,0.0178185787073408,"standard",9,"one_step_gamma_poisson","survival"
"survival_110",0.789181706522253,0.788729572168776,0.0542581071887904,0.673545372338014,0.79502802365824,0.884261801893942,TRUE,-0.0083330284984579,"standard",9,"one_step_gamma_poisson","survival"
"growth_increment_50",12,11.4731991048379,1.2757004563676,8.86323342840005,11.4921446552169,13.8458412205768,TRUE,-0.412950307050993,"standard",9,"one_step_gamma_poisson","growth"
"growth_increment_80",8.4,8.13575092028714,0.984382018773302,6.24219639677899,8.17258967881535,10.0720921915622,TRUE,-0.268441595512033,"standard",9,"one_step_gamma_poisson","growth"
"growth_increment_110",4.8,4.79830273573637,1.01599219763108,2.81613033285778,4.81136532253113,6.98506739194566,TRUE,-0.00167054852152647,"standard",9,"one_step_gamma_poisson","growth"
"growth_sd.log_growth_sd",4.5,5.25715662597732,0.778557375127372,3.89984279252907,5.27611061424003,6.79015885272037,TRUE,0.972512303095772,"standard",9,"one_step_gamma_poisson","growth"
"recruitment_50",0.019387103915861,0.0666872469534217,0.0212547938577166,0.0359124664706651,0.0624884400619907,0.114760455373444,FALSE,2.22538705170214,"standard",9,"one_step_gamma_poisson","recruitment"
"recruitment_80",0.183939720585721,0.296395664765684,0.048229117032698,0.220711119188023,0.290054291789725,0.400231606330241,FALSE,2.33170232214122,"standard",9,"one_step_gamma_poisson","recruitment"
"recruitment_110",1.74517147873092,1.3499000875044,0.0824697151390663,1.19719663102263,1.34756612238281,1.51732392614251,FALSE,-4.7929278106513,"standard",9,"one_step_gamma_poisson","recruitment"
"recruit_mean_50",44,45.0421713993975,1.20796132861782,42.7129236266634,45.0711265736336,47.4103127644729,TRUE,0.862752287434579,"standard",9,"one_step_gamma_poisson","recruit_size"
"recruit_mean_80",44.6,45.2471672136297,0.612342780297058,44.0231599969456,45.2590577448871,46.5283080651478,TRUE,1.05687081558435,"standard",9,"one_step_gamma_poisson","recruit_size"
"recruit_mean_110",45.2,45.4521630278621,0.229735365909127,44.9902573686698,45.4487291478383,45.8651094046286,TRUE,1.09762389810633,"standard",9,"one_step_gamma_poisson","recruit_size"
"recruit_sd.log_recruit_sd",3.5,3.29635822814043,0.177585855868759,2.97647584096009,3.28329812268255,3.65829436744603,TRUE,-1.14672292375622,"standard",9,"one_step_gamma_poisson","recruit_size"
"lambda",1.03119869581319,0.986630435324825,0.0439453878615171,0.887548634776132,0.989798439604337,1.06105905407091,TRUE,-1.01417378835781,"standard",9,"one_step_gamma_poisson","lambda"
"survival_50",0.354343693774205,0.354697492885205,0.0311570881317012,0.293777180668614,0.354063050613503,0.412593374322615,TRUE,0.0113553329985323,"standard",9,"one_step_shared_gamma_poisson","survival"
"survival_80",0.589040434058665,0.60085590133891,0.0462212387606498,0.510208910434855,0.598715152402513,0.698788836243272,TRUE,0.255628529157992,"standard",9,"one_step_shared_gamma_poisson","survival"
"survival_110",0.789181706522253,0.800606883734225,0.0553964518994567,0.6747734247408,0.801905952266478,0.894408489311677,TRUE,0.206243844510271,"standard",9,"one_step_shared_gamma_poisson","survival"
"growth_increment_50",12,11.2767346741098,1.28956138530085,8.92325747827177,11.2516904019863,13.8229052844029,TRUE,-0.560861494562747,"standard",9,"one_step_shared_gamma_poisson","growth"
"growth_increment_80",8.4,8.05502206445431,0.954871578498499,6.12890973052321,8.08431170459331,9.868889707455,TRUE,-0.361282022958682,"standard",9,"one_step_shared_gamma_poisson","growth"
"growth_increment_110",4.8,4.83330945479888,0.978266059143284,2.9053392000116,4.84451684133144,6.75915512181982,TRUE,0.0340494842763405,"standard",9,"one_step_shared_gamma_poisson","growth"
"growth_sd.log_growth_sd",4.5,5.2166728619748,0.764444854678866,3.92809061583813,5.17681268914657,6.8422673611107,TRUE,0.937507601219796,"standard",9,"one_step_shared_gamma_poisson","growth"
"recruitment_50",0.019387103915861,0.0705942396588013,0.0267178426374686,0.0318646870976652,0.0668659834829897,0.131255903614561,FALSE,1.91658946561533,"standard",9,"one_step_shared_gamma_poisson","recruitment"
"recruitment_80",0.183939720585721,0.304810222236514,0.0592437949544222,0.208760466905607,0.298152208406747,0.439686326835673,FALSE,2.04022213201875,"standard",9,"one_step_shared_gamma_poisson","recruitment"
"recruitment_110",1.74517147873092,1.360078301796,0.100409863105849,1.17667016865829,1.35244893710396,1.57748331848517,FALSE,-3.8352126476755,"standard",9,"one_step_shared_gamma_poisson","recruitment"
"recruit_mean_50",44,45.0860957929531,1.23598193061073,42.7682410063293,45.0910376507649,47.4741166508956,TRUE,0.878731125475594,"standard",9,"one_step_shared_gamma_poisson","recruit_size"
"recruit_mean_80",44.6,45.2715132300847,0.629960128812933,44.0790176564238,45.2469458636063,46.5280239249242,TRUE,1.06596147814946,"standard",9,"one_step_shared_gamma_poisson","recruit_size"
"recruit_mean_110",45.2,45.4569306672162,0.214139046732632,45.0669878544566,45.45309142212,45.8726029570882,TRUE,1.19983100296983,"standard",9,"one_step_shared_gamma_poisson","recruit_size"
"recruit_sd.log_recruit_sd",3.5,3.3238460946962,0.179936574634013,2.98899982452537,3.31209572332597,3.70157605881112,TRUE,-0.978977762926125,"standard",9,"one_step_shared_gamma_poisson","recruit_size"
"lambda",1.03119869581319,0.996904711251706,0.0476077803015559,0.892685570663525,0.998285773634536,1.08010205879206,TRUE,-0.720344119054972,"standard",9,"one_step_shared_gamma_poisson","lambda"
"survival_50",0.354343693774205,0.341111424029455,0.011168942108682,0.319040732674477,0.341044148903219,0.362523678678135,TRUE,-1.18473796497377,"dense_profiles",9,"recursive_poisson","survival"
"survival_80",0.589040434058665,0.57275775233221,0.0105888095645854,0.550456783564623,0.572932485394804,0.590583003076839,TRUE,-1.53772542863672,"dense_profiles",9,"recursive_poisson","survival"
"survival_110",0.789181706522253,0.776180463689832,0.0135860964098732,0.747282753238594,0.776529458876837,0.802267930084944,TRUE,-0.956952051582137,"dense_profiles",9,"recursive_poisson","survival"
"growth_increment_50",12,11.9682448958683,0.52129831449688,11.0081414971217,11.9945763293019,12.9123106805209,TRUE,-0.0609154168517875,"dense_profiles",9,"recursive_poisson","growth"
"growth_increment_80",8.4,7.77325901190914,0.37612351420128,6.99551716372135,7.77235143190542,8.45094867521309,TRUE,-1.66631695288123,"dense_profiles",9,"recursive_poisson","growth"
"growth_increment_110",4.8,3.57827312794999,0.330571212514956,2.91035838960654,3.56823510555359,4.23610668514032,FALSE,-3.69580539925186,"dense_profiles",9,"recursive_poisson","growth"
"growth_sd.log_growth_sd",4.5,4.72475783558786,0.414671294758418,3.94857833464306,4.71110157060985,5.49208887911145,TRUE,0.542014454409737,"dense_profiles",9,"recursive_poisson","growth"
"recruitment_50",0.019387103915861,0.000854835305649906,0.000337862773422187,0.000370755894914472,0.000807573482066347,0.00166690342330384,FALSE,-54.8514665362482,"dense_profiles",9,"recursive_poisson","recruitment"
"recruitment_80",0.183939720585721,0.0301113418620306,0.00708456398221086,0.018450940695743,0.0295154818862303,0.0463724636745831,FALSE,-21.7131751664533,"dense_profiles",9,"recursive_poisson","recruitment"
"recruitment_110",1.74517147873092,1.08505406988845,0.0942588700997931,0.907631496946965,1.08245369589158,1.27554475746089,FALSE,-7.00323914495896,"dense_profiles",9,"recursive_poisson","recruitment"
"recruit_mean_50",44,45.4938312782142,1.51640654309465,42.5306201742854,45.5364770757254,48.0449776933031,TRUE,0.985112656639986,"dense_profiles",9,"recursive_poisson","recruit_size"
"recruit_mean_80",44.6,45.445431631489,0.950506957286645,43.5720028938051,45.4633101226262,47.106466297127,TRUE,0.889453385909386,"dense_profiles",9,"recursive_poisson","recruit_size"
"recruit_mean_110",45.2,45.3970319847638,0.390065676828244,44.6333063277325,45.4013554512099,46.0801364978783,TRUE,0.50512515319448,"dense_profiles",9,"recursive_poisson","recruit_size"
"recruit_sd.log_recruit_sd",3.5,3.514748988048,0.0839828164235618,3.36131812890457,3.51244775591782,3.68463237255012,TRUE,0.175619116815634,"dense_profiles",9,"recursive_poisson","recruit_size"
"lambda",1.03119869581319,1.01756215770871,0.00788659058578407,1.00408405767906,1.01755063385991,1.03169195393804,TRUE,-1.72907899251991,"dense_profiles",9,"recursive_poisson","lambda"
"survival_50",0.354343693774205,0.34889630036003,0.0135963973738656,0.323360178943053,0.349327704399078,0.374664810126431,TRUE,-0.400649765109466,"dense_profiles",9,"recursive_gamma_poisson","survival"
"survival_80",0.589040434058665,0.574701606440902,0.0131264005019432,0.549894826844149,0.574948407942383,0.599188851350784,TRUE,-1.09236554344361,"dense_profiles",9,"recursive_gamma_poisson","survival"
"survival_110",0.789181706522253,0.77286313023832,0.0165300147633826,0.741566149397866,0.77283174577208,0.805635260095247,TRUE,-0.987208814845209,"dense_profiles",9,"recursive_gamma_poisson","survival"
"growth_increment_50",12,11.8392849360852,0.675985600500182,10.534559344694,11.8404243245825,13.1813859763315,TRUE,-0.237749241693732,"dense_profiles",9,"recursive_gamma_poisson","growth"
"growth_increment_80",8.4,8.02184312186935,0.472512482388501,7.09439375911838,8.00155054198796,8.92051692684381,TRUE,-0.800310874792358,"dense_profiles",9,"recursive_gamma_poisson","growth"
"growth_increment_110",4.8,4.20440130765352,0.382519669143422,3.49109164439578,4.17131381667592,4.96417153606547,TRUE,-1.55704069722797,"dense_profiles",9,"recursive_gamma_poisson","growth"
"growth_sd.log_growth_sd",4.5,4.5490663862957,0.497974597468425,3.69820925503811,4.54712129455904,5.62910040369098,TRUE,0.0985319061356475,"dense_profiles",9,"recursive_gamma_poisson","growth"
"recruitment_50",0.019387103915861,0.00176422082779104,0.00148366382096394,0.000313842734686473,0.00135429878948898,0.00565415373248119,FALSE,-11.8779489255324,"dense_profiles",9,"recursive_gamma_poisson","recruitment"
"recruitment_80",0.183939720585721,0.0433758657726782,0.0202939813905275,0.0162819161731389,0.0392172515339335,0.0917209709477188,FALSE,-6.92638137919319,"dense_profiles",9,"recursive_gamma_poisson","recruitment"
"recruitment_110",1.74517147873092,1.162090604075,0.184819522279373,0.832295644080088,1.14945480038256,1.56230689945148,FALSE,-3.15486625798403,"dense_profiles",9,"recursive_gamma_poisson","recruitment"
"recruit_mean_50",44,44.4529876068095,2.18781205258277,40.4356758299301,44.4510416252678,49.0072606046424,TRUE,0.207050512531354,"dense_profiles",9,"recursive_gamma_poisson","recruit_size"
"recruit_mean_80",44.6,44.7938782246237,1.3643750211008,42.264600301774,44.7783217845069,47.6438947881265,TRUE,0.142100391479798,"dense_profiles",9,"recursive_gamma_poisson","recruit_size"
"recruit_mean_110",45.2,45.1347688424379,0.553342496119229,44.1238512597331,45.1255856285537,46.2557042320059,TRUE,-0.117885682049797,"dense_profiles",9,"recursive_gamma_poisson","recruit_size"
"recruit_sd.log_recruit_sd",3.5,3.51557392714667,0.120565826444132,3.28683131022323,3.5130651454976,3.75373597189437,TRUE,0.129173644024979,"dense_profiles",9,"recursive_gamma_poisson","recruit_size"
"lambda",1.03119869581319,1.02938146243389,0.0103689591562613,1.00937322461826,1.02908821916362,1.0503089339455,TRUE,-0.175257067938358,"dense_profiles",9,"recursive_gamma_poisson","lambda"
"survival_50",0.354343693774205,0.359300221278324,0.0162303578648973,0.330193928031743,0.358076145341033,0.392309084183938,TRUE,0.305386211775374,"dense_profiles",9,"one_step_poisson","survival"
"survival_80",0.589040434058665,0.583327506974093,0.0188467641017918,0.546066656534478,0.583437209385356,0.618732774597342,TRUE,-0.303125091061625,"dense_profiles",9,"one_step_poisson","survival"
"survival_110",0.789181706522253,0.776754876495181,0.025753601429657,0.722641086907917,0.77715959454729,0.824980922058076,TRUE,-0.48252785386208,"dense_profiles",9,"one_step_poisson","survival"
"growth_increment_50",12,11.6161690385568,0.656746550435411,10.3428691478577,11.5773741446921,12.8754504870097,TRUE,-0.584443056745065,"dense_profiles",9,"one_step_poisson","growth"
"growth_increment_80",8.4,8.14221687853924,0.551197946258898,7.12893664657141,8.11901812634967,9.32822740926512,TRUE,-0.467677942580146,"dense_profiles",9,"one_step_poisson","growth"
"growth_increment_110",4.8,4.66826471852172,0.650943775911339,3.49878051946576,4.65806600091724,5.94277140513962,TRUE,-0.202375821619686,"dense_profiles",9,"one_step_poisson","growth"
"growth_sd.log_growth_sd",4.5,4.84233168169842,0.55313095712098,3.89829631305802,4.76537466875296,6.10878362846351,TRUE,0.618898069781236,"dense_profiles",9,"one_step_poisson","growth"
"recruitment_50",0.019387103915861,0.0112018145913608,0.00353264815924491,0.00592970822070602,0.0107053806774734,0.0194531842203681,TRUE,-2.31704063227452,"dense_profiles",9,"one_step_poisson","recruitment"
"recruitment_80",0.183939720585721,0.133478932077417,0.02457571007573,0.0923301490337674,0.131840892170459,0.189612478380109,TRUE,-2.05327896336706,"dense_profiles",9,"one_step_poisson","recruitment"
"recruitment_110",1.74517147873092,1.6158903616748,0.0994682036035083,1.41653121541542,1.61453370134674,1.81737574863284,TRUE,-1.29972305091029,"dense_profiles",9,"one_step_poisson","recruitment"
"recruit_mean_50",44,44.8711473882656,1.22463713716922,42.3743870194932,44.9414698450076,47.2533595468958,TRUE,0.711351437764926,"dense_profiles",9,"one_step_poisson","recruit_size"
"recruit_mean_80",44.6,45.0359926001495,0.728459948077688,43.5770898576659,45.0837130585695,46.4663162845534,TRUE,0.598512795796093,"dense_profiles",9,"one_step_poisson","recruit_size"
"recruit_mean_110",45.2,45.2008378120332,0.244624197072101,44.7060809558165,45.2109515455565,45.668621820082,TRUE,0.00342489436138713,"dense_profiles",9,"one_step_poisson","recruit_size"
"recruit_sd.log_recruit_sd",3.5,3.45855432371434,0.0798275450262445,3.298170808719,3.46131135669172,3.61489912186469,TRUE,-0.519190165149533,"dense_profiles",9,"one_step_poisson","recruit_size"
"lambda",1.03119869581319,1.02527810956781,0.0290498434826712,0.965545544127177,1.02508287343557,1.07903068730594,TRUE,-0.203807853523056,"dense_profiles",9,"one_step_poisson","lambda"
"survival_50",0.354343693774205,0.354216324246844,0.0162723753807425,0.321003929582065,0.354104359125145,0.383870055317799,TRUE,-0.00782734692263532,"dense_profiles",9,"one_step_gamma_poisson","survival"
"survival_80",0.589040434058665,0.579566230926311,0.0204109285217064,0.537865115835031,0.580363203651631,0.615076644150873,TRUE,-0.464173059166735,"dense_profiles",9,"one_step_gamma_poisson","survival"
"survival_110",0.789181706522253,0.775179404238349,0.0270988810071929,0.718987393523131,0.776861620300992,0.82371180119579,TRUE,-0.516711456837924,"dense_profiles",9,"one_step_gamma_poisson","survival"
"growth_increment_50",12,11.7444559039097,0.720272203242482,10.2637362377697,11.7627842713702,13.2524400518214,TRUE,-0.354788224423926,"dense_profiles",9,"one_step_gamma_poisson","growth"
"growth_increment_80",8.4,8.23719929136118,0.589950796818223,7.131110037453,8.22903778081476,9.59089681381032,TRUE,-0.275956417919689,"dense_profiles",9,"one_step_gamma_poisson","growth"
"growth_increment_110",4.8,4.72994267881265,0.677702676180615,3.5184387022215,4.72476326382434,6.06564904780777,TRUE,-0.103374715269202,"dense_profiles",9,"one_step_gamma_poisson","growth"
"growth_sd.log_growth_sd",4.5,4.73936537898393,0.538046278010883,3.77883543075233,4.70697485087883,5.89967736899581,TRUE,0.444878793454057,"dense_profiles",9,"one_step_gamma_poisson","growth"
"recruitment_50",0.019387103915861,0.0136538263224273,0.00633247561242046,0.00482441587349502,0.0124272037492892,0.0279105026883946,TRUE,-0.905376971715215,"dense_profiles",9,"one_step_gamma_poisson","recruitment"
"recruitment_80",0.183939720585721,0.147500891438683,0.0397007338722174,0.0819460855220223,0.14272109532665,0.230958073690896,TRUE,-0.917837671825449,"dense_profiles",9,"one_step_gamma_poisson","recruitment"
"recruitment_110",1.74517147873092,1.65052669475541,0.139243096548218,1.39159267971274,1.64363486800933,1.90599157881118,TRUE,-0.679708986094977,"dense_profiles",9,"one_step_gamma_poisson","recruitment"
"recruit_mean_50",44,44.8165916801701,1.50813562475866,42.076397642613,44.7527317241478,47.8064484420432,TRUE,0.541457722212986,"dense_profiles",9,"one_step_gamma_poisson","recruit_size"
"recruit_mean_80",44.6,45.0105795908239,0.888280883089314,43.3883891152043,44.9716152688871,46.7914986510526,TRUE,0.462218199941368,"dense_profiles",9,"one_step_gamma_poisson","recruit_size"
"recruit_mean_110",45.2,45.2045675014776,0.291029455475066,44.6523596199082,45.2066535112864,45.7740272874407,TRUE,0.015694292765621,"dense_profiles",9,"one_step_gamma_poisson","recruit_size"
"recruit_sd.log_recruit_sd",3.5,3.49075683528676,0.106283365961855,3.29186289050385,3.48700096591202,3.70482187051868,TRUE,-0.086967180890326,"dense_profiles",9,"one_step_gamma_poisson","recruit_size"
"lambda",1.03119869581319,1.02298564096359,0.0321376874889525,0.965813144981266,1.02309525002819,1.08313633684154,TRUE,-0.255558364379037,"dense_profiles",9,"one_step_gamma_poisson","lambda"
"survival_50",0.354343693774205,0.349978586062464,0.0187853460933684,0.317381766069185,0.348447561095932,0.386366740967456,TRUE,-0.232367702465768,"dense_profiles",9,"one_step_shared_gamma_poisson","survival"
"survival_80",0.589040434058665,0.580079505400048,0.0295680506336693,0.526846720386621,0.577148677981029,0.63798848163183,TRUE,-0.303061191609756,"dense_profiles",9,"one_step_shared_gamma_poisson","survival"
"survival_110",0.789181706522253,0.778597609478573,0.0347870977737062,0.710908893703573,0.780525252299229,0.841709342057025,TRUE,-0.304253522743714,"dense_profiles",9,"one_step_shared_gamma_poisson","survival"
"growth_increment_50",12,11.72653524759,0.623090422530711,10.5233329368453,11.718043748639,12.8610919225054,TRUE,-0.438884538297452,"dense_profiles",9,"one_step_shared_gamma_poisson","growth"
"growth_increment_80",8.4,8.18979707553965,0.502930505576599,7.21277722487734,8.21365009122015,9.15320623922002,TRUE,-0.417956202953632,"dense_profiles",9,"one_step_shared_gamma_poisson","growth"
"growth_increment_110",4.8,4.65305890348928,0.601199978388757,3.46492753688383,4.68469769948933,5.79838544851772,TRUE,-0.244413010300723,"dense_profiles",9,"one_step_shared_gamma_poisson","growth"
"growth_sd.log_growth_sd",4.5,4.67185995999662,0.489329175965218,3.70568482354205,4.66784733041483,5.60529720554307,TRUE,0.351215436229859,"dense_profiles",9,"one_step_shared_gamma_poisson","growth"
"recruitment_50",0.019387103915861,0.0138183517763628,0.00575339764960181,0.00560170023872556,0.0125379534988076,0.0279914266670278,TRUE,-0.967906701161819,"dense_profiles",9,"one_step_shared_gamma_poisson","recruitment"
"recruitment_80",0.183939720585721,0.149797836971831,0.0359832710638824,0.0902687868947583,0.143580035376267,0.236336705510238,TRUE,-0.948826568692901,"dense_profiles",9,"one_step_shared_gamma_poisson","recruitment"
"recruitment_110",1.74517147873092,1.66910870072485,0.132439476338636,1.43154878146301,1.65826012111927,1.95640190901586,TRUE,-0.574321041647599,"dense_profiles",9,"one_step_shared_gamma_poisson","recruitment"
"recruit_mean_50",44,45.0230572855828,1.16500664193698,42.7321659664934,44.9963274043158,47.2476557999101,TRUE,0.878155753585933,"dense_profiles",9,"one_step_shared_gamma_poisson","recruit_size"
"recruit_mean_80",44.6,45.1337335270199,0.683602135313554,43.8013775236332,45.127568719189,46.4541463351432,TRUE,0.780766325100878,"dense_profiles",9,"one_step_shared_gamma_poisson","recruit_size"
"recruit_mean_110",45.2,45.2444097684569,0.21682780170238,44.8326670804514,45.241413953475,45.6793438431956,TRUE,0.204815840534346,"dense_profiles",9,"one_step_shared_gamma_poisson","recruit_size"
"recruit_sd.log_recruit_sd",3.5,3.47223178776581,0.0736261930153576,3.33558954611783,3.47103230210041,3.61280942085565,TRUE,-0.377151270450629,"dense_profiles",9,"one_step_shared_gamma_poisson","recruit_size"
"lambda",1.03119869581319,1.02096220849205,0.0391380597193571,0.946275070026459,1.01962506433252,1.09538509990479,TRUE,-0.26154815528772,"dense_profiles",9,"one_step_shared_gamma_poisson","lambda"
"survival_50",0.354343693774205,0.370982262348706,0.01556475788428,0.343898804766258,0.370222976820153,0.401288169468104,TRUE,1.06898987431768,"longer_followup",9,"recursive_poisson","survival"
"survival_80",0.589040434058665,0.641034681285795,0.0139150884469455,0.614045297371117,0.640951205740684,0.66905976016975,FALSE,3.7365373152582,"longer_followup",9,"recursive_poisson","survival"
"survival_110",0.789181706522253,0.843704798138565,0.0128809092176832,0.816123312737175,0.843526562756681,0.868635528226252,FALSE,4.23286048328498,"longer_followup",9,"recursive_poisson","survival"
"growth_increment_50",12,11.5544051553805,0.641334727603846,10.2847056977104,11.5745528522626,12.8727341749172,TRUE,-0.694792945774752,"longer_followup",9,"recursive_poisson","growth"
"growth_increment_80",8.4,8.07282890355071,0.420636949538895,7.21988894030348,8.0995311410708,8.90294580853635,TRUE,-0.777799232349746,"longer_followup",9,"recursive_poisson","growth"
"growth_increment_110",4.8,4.59125265172095,0.280361332970721,4.04222731256287,4.6111502088266,5.09648687753316,TRUE,-0.744565400895891,"longer_followup",9,"recursive_poisson","growth"
"growth_sd.log_growth_sd",4.5,4.50670083511605,0.586513871218736,3.54705214469455,4.43860515557588,5.77064130766015,TRUE,0.0114248536051302,"longer_followup",9,"recursive_poisson","growth"
"recruitment_50",0.019387103915861,0.0620272687325112,0.0127231717223424,0.0404632528384577,0.0617073660156266,0.0890887612983258,FALSE,3.35137855144817,"longer_followup",9,"recursive_poisson","recruitment"
"recruitment_80",0.183939720585721,0.338145383855366,0.0361260834528282,0.268745558729614,0.339821056295959,0.411677296122719,FALSE,4.26854085832469,"longer_followup",9,"recursive_poisson","recruitment"
"recruitment_110",1.74517147873092,1.86324111722598,0.0865707485663641,1.6782148275814,1.85921172415469,2.03590434738173,TRUE,1.36385142152888,"longer_followup",9,"recursive_poisson","recruitment"
"recruit_mean_50",44,43.3691025559016,0.896217435974274,41.7762023280374,43.3053956906947,45.2972906598189,TRUE,-0.703955779896768,"longer_followup",9,"recursive_poisson","recruit_size"
"recruit_mean_80",44.6,44.3187866676123,0.512959690890345,43.4152211865754,44.27900644135,45.4046051062571,TRUE,-0.548217213519403,"longer_followup",9,"recursive_poisson","recruit_size"
"recruit_mean_110",45.2,45.268470779323,0.181983942745982,44.9028425096777,45.2647328088052,45.6155497632209,TRUE,0.376246268158722,"longer_followup",9,"recursive_poisson","recruit_size"
"recruit_sd.log_recruit_sd",3.5,3.50201184002672,0.145923211031578,3.21376573386578,3.50056763165239,3.78684492905516,TRUE,0.0137869774965648,"longer_followup",9,"recursive_poisson","recruit_size"
"lambda",1.03119869581319,1.05405862237165,0.0051501491896598,1.04458413411166,1.05407298437341,1.063593414351,FALSE,4.43869210708553,"longer_followup",9,"recursive_poisson","lambda"
"survival_50",0.354343693774205,0.369443596277877,0.0180284332541002,0.335794849196441,0.368587990781001,0.405657981399047,TRUE,0.837560440824122,"longer_followup",9,"recursive_gamma_poisson","survival"
"survival_80",0.589040434058665,0.638573914990099,0.016369497276324,0.607658414470933,0.638757931794855,0.668353888655655,FALSE,3.02596225744064,"longer_followup",9,"recursive_gamma_poisson","survival"
"survival_110",0.789181706522253,0.841675372719827,0.0151864738373442,0.809288073732227,0.842720038574016,0.869489904658474,FALSE,3.45660663296903,"longer_followup",9,"recursive_gamma_poisson","survival"
"growth_increment_50",12,11.3525722690116,0.769369366251932,9.99672096715496,11.3615046346674,12.9885992386684,TRUE,-0.841504431275245,"longer_followup",9,"recursive_gamma_poisson","growth"
"growth_increment_80",8.4,7.87908562351146,0.511313699789625,6.97309408476621,7.85848554178484,8.90730914986973,TRUE,-1.01877649025024,"longer_followup",9,"recursive_gamma_poisson","growth"
"growth_increment_110",4.8,4.40559897801135,0.329181628167265,3.79556992841953,4.40749681236779,5.08698611067768,TRUE,-1.19812586195804,"longer_followup",9,"recursive_gamma_poisson","growth"
"growth_sd.log_growth_sd",4.5,4.45314621149118,0.58257906139354,3.39099846042277,4.43770756106862,5.67748813324088,TRUE,-0.0804247725566205,"longer_followup",9,"recursive_gamma_poisson","growth"
"recruitment_50",0.019387103915861,0.0533039763443469,0.0145651104839354,0.0317919437289529,0.0513851265695639,0.091380763370481,FALSE,2.32863818409716,"longer_followup",9,"recursive_gamma_poisson","recruitment"
"recruitment_80",0.183939720585721,0.317580124194537,0.0455215865614539,0.240591335557691,0.314076679933329,0.423296127788034,FALSE,2.93575891579266,"longer_followup",9,"recursive_gamma_poisson","recruitment"
"recruitment_110",1.74517147873092,1.92366737347077,0.103728079698408,1.71979900676921,1.92258668167668,2.12808189386527,TRUE,1.72080593084181,"longer_followup",9,"recursive_gamma_poisson","recruitment"
"recruit_mean_50",44,43.3486383986788,1.06968240002364,41.4301903310839,43.2918192906227,45.4902893639368,TRUE,-0.608929904153646,"longer_followup",9,"recursive_gamma_poisson","recruit_size"
"recruit_mean_80",44.6,44.2804376007663,0.607980152699385,43.1566643276743,44.2592551825006,45.5104867976011,TRUE,-0.525613209271564,"longer_followup",9,"recursive_gamma_poisson","recruit_size"
"recruit_mean_110",45.2,45.2122368028538,0.226202824140783,44.74610407146,45.2171910909433,45.6244789157868,TRUE,0.0540965962748003,"longer_followup",9,"recursive_gamma_poisson","recruit_size"
"recruit_sd.log_recruit_sd",3.5,3.49436976873066,0.166876086321582,3.18289425821307,3.48532834189503,3.83721605839691,TRUE,-0.0337389939651767,"longer_followup",9,"recursive_gamma_poisson","recruit_size"
"lambda",1.03119869581319,1.05011388557052,0.00636809736587581,1.03661368945076,1.04988040646769,1.06160996726341,FALSE,2.97030473476768,"longer_followup",9,"recursive_gamma_poisson","lambda"
"survival_50",0.354343693774205,0.439032499881718,0.0220267573271829,0.395067788578142,0.439969796623478,0.47967502197433,FALSE,3.84481496071144,"longer_followup",9,"one_step_gamma_poisson","survival"
"survival_80",0.589040434058665,0.646755616264411,0.0293291901374211,0.588081112555182,0.646899999665514,0.702002440168742,TRUE,1.96784097806052,"longer_followup",9,"one_step_gamma_poisson","survival"
"survival_110",0.789181706522253,0.808299574562798,0.0405615095127588,0.726924244838194,0.813632072728165,0.877276892893287,TRUE,0.471330289976785,"longer_followup",9,"one_step_gamma_poisson","survival"
"growth_increment_50",12,9.18935127073389,0.15594639268804,8.88197208562633,9.18763282559768,9.46864970569674,FALSE,-18.0231724557337,"longer_followup",9,"one_step_gamma_poisson","growth"
"growth_increment_80",8.4,6.12208473565011,0.0969611500084689,5.92704525671498,6.12294385656018,6.30038011752728,FALSE,-23.493071855593,"longer_followup",9,"one_step_gamma_poisson","growth"
"growth_increment_110",4.8,3.05481820056633,0.0820017816847651,2.8926223728482,3.05483225708316,3.21199716280036,FALSE,-21.2822424534942,"longer_followup",9,"one_step_gamma_poisson","growth"
"growth_sd.log_growth_sd",4.5,6.8857918495436,0.517057199940362,5.93309241683282,6.8458621790716,7.98539417558329,FALSE,4.61417392470075,"longer_followup",9,"one_step_gamma_poisson","growth"
"recruitment_50",0.019387103915861,0.0651393745528536,0.022665908224613,0.0318408473352957,0.0603287642438335,0.120248186768583,FALSE,2.01855007015823,"longer_followup",9,"one_step_gamma_poisson","recruitment"
"recruitment_80",0.183939720585721,0.35313894902486,0.0652632660105659,0.245477828523121,0.34537082870238,0.493778044522201,FALSE,2.59256452798035,"longer_followup",9,"one_step_gamma_poisson","recruitment"
"recruitment_110",1.74517147873092,1.96336031562527,0.0981199677792731,1.79222168144845,1.96193482918967,2.16738678656472,FALSE,2.22369454283937,"longer_followup",9,"one_step_gamma_poisson","recruitment"
"recruit_mean_50",44,43.2514703517687,1.07749248128064,41.1725312907546,43.2658739208083,45.3199604607157,TRUE,-0.694695936385229,"longer_followup",9,"one_step_gamma_poisson","recruit_size"
"recruit_mean_80",44.6,44.2136482467669,0.607635132321801,43.0413852910347,44.2350549433317,45.3698905414011,TRUE,-0.635828530448523,"longer_followup",9,"one_step_gamma_poisson","recruit_size"
"recruit_mean_110",45.2,45.1758261417651,0.225517778659893,44.7187410420147,45.1855657041463,45.6168741862062,TRUE,-0.107192693979902,"longer_followup",9,"one_step_gamma_poisson","recruit_size"
"recruit_sd.log_recruit_sd",3.5,3.33409956794035,0.183083192647082,2.99351298648746,3.33574685914415,3.68621446654794,TRUE,-0.906147799047008,"longer_followup",9,"one_step_gamma_poisson","recruit_size"
"lambda",1.03119869581319,1.00172272168646,0.0348342498839119,0.92730016924145,1.00676937636913,1.06012561140877,TRUE,-0.846177949143704,"longer_followup",9,"one_step_gamma_poisson","lambda"
"survival_50",0.354343693774205,0.445077201952988,0.02440730374487,0.400013055599498,0.446183148809923,0.489284971858853,FALSE,3.7174736352373,"longer_followup",9,"one_step_shared_gamma_poisson","survival"
"survival_80",0.589040434058665,0.669606266627951,0.0388433489748524,0.584632453759541,0.672609666556902,0.744333834882298,TRUE,2.07412168866915,"longer_followup",9,"one_step_shared_gamma_poisson","survival"
"survival_110",0.789181706522253,0.833281844735836,0.0455227661621684,0.728706485196133,0.839422591569372,0.91056751545481,TRUE,0.968749088236037,"longer_followup",9,"one_step_shared_gamma_poisson","survival"
"growth_increment_50",12,8.72981758258027,0.196528071695145,8.37768899861991,8.73119859771677,9.1109867119108,FALSE,-16.6397725740292,"longer_followup",9,"one_step_shared_gamma_poisson","growth"
"growth_increment_80",8.4,5.81930458234297,0.118970832864029,5.6042897081773,5.81369793635522,6.06741779743072,FALSE,-21.6918328260044,"longer_followup",9,"one_step_shared_gamma_poisson","growth"
"growth_increment_110",4.8,2.90879158210568,0.0838410001099365,2.73847220531746,2.91049388506257,3.05885908708537,FALSE,-22.5570832339127,"longer_followup",9,"one_step_shared_gamma_poisson","growth"
"growth_sd.log_growth_sd",4.5,6.86197227532243,0.446364701015523,6.03316532706903,6.87968524126179,7.76269237692441,FALSE,5.29157496089793,"longer_followup",9,"one_step_shared_gamma_poisson","growth"
"recruitment_50",0.019387103915861,0.0671822920817115,0.0208178367349339,0.0347910134833297,0.0636229838832914,0.116471213582733,FALSE,2.29587678942868,"longer_followup",9,"one_step_shared_gamma_poisson","recruitment"
"recruitment_80",0.183939720585721,0.355085298300733,0.0583434694608162,0.253343501834555,0.349249412918215,0.477042647095613,FALSE,2.93341447289064,"longer_followup",9,"one_step_shared_gamma_poisson","recruitment"
"recruitment_110",1.74517147873092,1.91561181218908,0.0966904649355849,1.73387405696688,1.91167552188161,2.10792577682305,TRUE,1.76274189571547,"longer_followup",9,"one_step_shared_gamma_poisson","recruitment"
"recruit_mean_50",44,43.3765990303751,0.85254551182326,41.6885658943883,43.3966167589161,45.0443901443415,TRUE,-0.731223097159521,"longer_followup",9,"one_step_shared_gamma_poisson","recruit_size"
"recruit_mean_80",44.6,44.2900681770554,0.486116022346239,43.3261974440292,44.3104535590584,45.2590635140729,TRUE,-0.637567594354735,"longer_followup",9,"one_step_shared_gamma_poisson","recruit_size"
"recruit_mean_110",45.2,45.2035373237356,0.185530598361161,44.8497634228336,45.2027675944176,45.5761985693356,TRUE,0.0190659857019888,"longer_followup",9,"one_step_shared_gamma_poisson","recruit_size"
"recruit_sd.log_recruit_sd",3.5,3.36517401540598,0.149988659714579,3.08198834618086,3.36594745964768,3.67572109585334,TRUE,-0.898907856437887,"longer_followup",9,"one_step_shared_gamma_poisson","recruit_size"
"lambda",1.03119869581319,1.01415132525287,0.0412441193205586,0.917605326683733,1.01964298836025,1.08607558711007,TRUE,-0.41332851425013,"longer_followup",9,"one_step_shared_gamma_poisson","lambda"
"survival_50",0.354343693774205,0.366261795825882,0.0194404800934677,0.331918417509959,0.365388970820823,0.406163884544938,TRUE,0.613055953061665,"diverse_initial",9,"recursive_poisson","survival"
"survival_80",0.589040434058665,0.567618273918586,0.0143396565348206,0.539722493413878,0.567162423731562,0.59416994540088,TRUE,-1.49391026821743,"diverse_initial",9,"recursive_poisson","survival"
"survival_110",0.789181706522253,0.748755583770715,0.0166162781669088,0.719245591210357,0.74817373574208,0.783209882019585,FALSE,-2.43292284502352,"diverse_initial",9,"recursive_poisson","survival"
"growth_increment_50",12,12.0611497580818,0.58958096000428,10.793706099176,12.0660959581615,13.0991619548239,TRUE,0.10371732167435,"diverse_initial",9,"recursive_poisson","growth"
"growth_increment_80",8.4,8.30757900201695,0.455821750761377,7.36286981073061,8.32407200159408,9.16362934328376,TRUE,-0.202756884305485,"diverse_initial",9,"recursive_poisson","growth"
"growth_increment_110",4.8,4.55400824595207,0.425790435109359,3.72171319063248,4.5295268206402,5.37771766291554,TRUE,-0.577729638254443,"diverse_initial",9,"recursive_poisson","growth"
"growth_sd.log_growth_sd",4.5,5.72152389822855,0.493743192760465,4.79951801917393,5.70324603729025,6.64717871856245,FALSE,2.47400656077737,"diverse_initial",9,"recursive_poisson","growth"
"recruitment_50",0.019387103915861,0.0165947355752649,0.00752279967772514,0.006565130423437,0.0148360921157922,0.0347852490186852,TRUE,-0.37118738504553,"diverse_initial",9,"recursive_poisson","recruitment"
"recruitment_80",0.183939720585721,0.165305793355703,0.04251439262154,0.0983524768078985,0.157745221672928,0.259005155578782,TRUE,-0.438296917373279,"diverse_initial",9,"recursive_poisson","recruitment"
"recruitment_110",1.74517147873092,1.70220897686273,0.135665298135526,1.43909521564706,1.69134079558098,1.9788919805003,TRUE,-0.316680112443174,"diverse_initial",9,"recursive_poisson","recruitment"
"recruit_mean_50",44,42.3982870542043,1.43594319753143,39.6304870500192,42.417529342204,45.2579535404205,TRUE,-1.11544310983136,"diverse_initial",9,"recursive_poisson","recruit_size"
"recruit_mean_80",44.6,43.6082543029964,0.877125952086828,41.8890068116462,43.6283729102954,45.3181687473088,TRUE,-1.13067649479992,"diverse_initial",9,"recursive_poisson","recruit_size"
"recruit_mean_110",45.2,44.8182215517885,0.332353241070055,44.2028104774457,44.8289580347377,45.4943683189649,TRUE,-1.14871287844908,"diverse_initial",9,"recursive_poisson","recruit_size"
"recruit_sd.log_recruit_sd",3.5,3.47669389462909,0.117543263000177,3.23911671478754,3.46543524672068,3.71014718736358,TRUE,-0.198276828259148,"diverse_initial",9,"recursive_poisson","recruit_size"
"lambda",1.03119869581319,1.00330187145383,0.0130939392476192,0.978300174074126,1.00355975087913,1.02701366233747,FALSE,-2.13051426555485,"diverse_initial",9,"recursive_poisson","lambda"
"survival_50",0.354343693774205,0.3651683690078,0.0188088948451299,0.32948657957839,0.365637912000518,0.40143101587685,TRUE,0.575508307251693,"diverse_initial",9,"recursive_gamma_poisson","survival"
"survival_80",0.589040434058665,0.565224692278817,0.0138297340426336,0.538027317650549,0.564889844404445,0.593253331665025,TRUE,-1.72206795202495,"diverse_initial",9,"recursive_gamma_poisson","survival"
"survival_110",0.789181706522253,0.745863211551484,0.0188774330321269,0.706568831761819,0.746160181631652,0.779334531981697,FALSE,-2.29472380577626,"diverse_initial",9,"recursive_gamma_poisson","survival"
"growth_increment_50",12,12.1407515736016,0.58143519232622,10.9997476156459,12.1370553307123,13.2044056645006,TRUE,0.242076116924492,"diverse_initial",9,"recursive_gamma_poisson","growth"
"growth_increment_80",8.4,8.33448585432605,0.453732393902072,7.47362982970555,8.32435253935084,9.19881930796262,TRUE,-0.144389394617677,"diverse_initial",9,"recursive_gamma_poisson","growth"
"growth_increment_110",4.8,4.52822013505054,0.42549152664838,3.78138726111932,4.52098286312257,5.35594412288987,TRUE,-0.638743307276374,"diverse_initial",9,"recursive_gamma_poisson","growth"
"growth_sd.log_growth_sd",4.5,5.6699972277383,0.463976377526615,4.87683392859272,5.66869732743681,6.62021961225729,FALSE,2.52167412913427,"diverse_initial",9,"recursive_gamma_poisson","growth"
"recruitment_50",0.019387103915861,0.0185631370357395,0.00869974828581622,0.00626941882135496,0.0167954659066432,0.0382831453601372,TRUE,-0.0947115770538868,"diverse_initial",9,"recursive_gamma_poisson","recruitment"
"recruitment_80",0.183939720585721,0.176682307459519,0.0471786081770179,0.0955559852626697,0.171899200880618,0.277014613516611,TRUE,-0.153828470288306,"diverse_initial",9,"recursive_gamma_poisson","recruitment"
"recruitment_110",1.74517147873092,1.74132848964983,0.15207632418567,1.44286896389344,1.74177190965555,2.03977132576683,TRUE,-0.0252701339387811,"diverse_initial",9,"recursive_gamma_poisson","recruitment"
"recruit_mean_50",44,42.5726377181023,1.65664055388466,39.6265091395849,42.5639570029011,45.8789296549903,TRUE,-0.861600471237239,"diverse_initial",9,"recursive_gamma_poisson","recruit_size"
"recruit_mean_80",44.6,43.7061710628121,1.00255150943848,41.9120968586412,43.6972348776115,45.7066235577634,TRUE,-0.891554128414358,"diverse_initial",9,"recursive_gamma_poisson","recruit_size"
"recruit_mean_110",45.2,44.8397044075219,0.366694565636835,44.1940195899981,44.8307399888044,45.5759765925368,TRUE,-0.982549582790718,"diverse_initial",9,"recursive_gamma_poisson","recruit_size"
"recruit_sd.log_recruit_sd",3.5,3.50633697756754,0.119383926585785,3.30186967231213,3.4964782333343,3.73349581950475,TRUE,0.0530806595893826,"diverse_initial",9,"recursive_gamma_poisson","recruit_size"
"lambda",1.03119869581319,0.998234709238608,0.0145473057177128,0.967695029825138,0.997779810545388,1.02580462144416,FALSE,-2.26598568932579,"diverse_initial",9,"recursive_gamma_poisson","lambda"
"survival_50",0.354343693774205,0.409504343518899,0.0273555999997161,0.360119779749372,0.408091369789421,0.45996202956034,FALSE,2.01642989900668,"diverse_initial",9,"one_step_poisson","survival"
"survival_80",0.589040434058665,0.572528935779002,0.0300584773280462,0.516461534770236,0.573076209940986,0.628359205135644,TRUE,-0.549312531684944,"diverse_initial",9,"one_step_poisson","survival"
"survival_110",0.789181706522253,0.719764565050459,0.0443304345970727,0.63021986223742,0.721927494112105,0.795052587663704,TRUE,-1.56590257015838,"diverse_initial",9,"one_step_poisson","survival"
"growth_increment_50",12,10.6922796862537,0.831988038520416,9.08857955795518,10.6850523486413,12.330421909345,TRUE,-1.57180182069911,"diverse_initial",9,"one_step_poisson","growth"
"growth_increment_80",8.4,7.29189920707464,0.669247708432457,5.99098917505738,7.27589523075237,8.55239699249828,TRUE,-1.65574088482246,"diverse_initial",9,"one_step_poisson","growth"
"growth_increment_110",4.8,3.89151872789557,0.786533889333818,2.28768908264133,3.89820207483844,5.31357960578139,TRUE,-1.155044028521,"diverse_initial",9,"one_step_poisson","growth"
"growth_sd.log_growth_sd",4.5,6.89945546359427,0.536995521175567,5.80159788703747,6.89187956684794,7.98245167313406,FALSE,4.46829697637233,"diverse_initial",9,"one_step_poisson","growth"
"recruitment_50",0.019387103915861,0.0152412643098656,0.00707740242770411,0.00586751571801753,0.0139630964854598,0.0329780810908673,TRUE,-0.585785483918042,"diverse_initial",9,"one_step_poisson","recruitment"
"recruitment_80",0.183939720585721,0.166633599306919,0.0453501094882939,0.096086188268683,0.16293075651052,0.272132365735029,TRUE,-0.381611455277057,"diverse_initial",9,"one_step_poisson","recruitment"
"recruitment_110",1.74517147873092,1.88256628187981,0.174608900237743,1.57121173943297,1.86980217197659,2.22317870780763,TRUE,0.786871705633641,"diverse_initial",9,"one_step_poisson","recruitment"
"recruit_mean_50",44,41.9124494396055,1.91700153903921,37.9920754018701,41.837238946795,45.7546406320602,TRUE,-1.08896655421613,"diverse_initial",9,"one_step_poisson","recruit_size"
"recruit_mean_80",44.6,43.3379692349468,1.13969073217058,41.0617237978092,43.3042956235893,45.6144338263516,TRUE,-1.10734493966592,"diverse_initial",9,"one_step_poisson","recruit_size"
"recruit_mean_110",45.2,44.7634890302881,0.374713582356039,44.0096837254374,44.7643988563663,45.447790539915,TRUE,-1.16491899484217,"diverse_initial",9,"one_step_poisson","recruit_size"
"recruit_sd.log_recruit_sd",3.5,3.40107458651199,0.134780461527913,3.14651299230596,3.40009967143004,3.65647723580514,TRUE,-0.733974437886358,"diverse_initial",9,"one_step_poisson","recruit_size"
"lambda",1.03119869581319,0.97964260262009,0.0500235545202153,0.8800552156081,0.983892488055607,1.07451786191693,TRUE,-1.03063634097149,"diverse_initial",9,"one_step_poisson","lambda"
"survival_50",0.354343693774205,0.383013570016047,0.02914477956194,0.332282430115985,0.381825678935635,0.437742773441782,TRUE,0.983705372720762,"diverse_initial",9,"one_step_gamma_poisson","survival"
"survival_80",0.589040434058665,0.557820225004844,0.0322524469961288,0.485606823265031,0.560354669492427,0.618344185743125,TRUE,-0.967995050346677,"diverse_initial",9,"one_step_gamma_poisson","survival"
"survival_110",0.789181706522253,0.717834941673657,0.0464584803044377,0.613867953774976,0.721174585925519,0.799335621846638,TRUE,-1.53571025959239,"diverse_initial",9,"one_step_gamma_poisson","survival"
"growth_increment_50",12,11.6256189304717,0.870458477853631,9.93024367165839,11.632948906964,13.3721889820206,TRUE,-0.430096413618096,"diverse_initial",9,"one_step_gamma_poisson","growth"
"growth_increment_80",8.4,7.91964832979173,0.674293324414466,6.64999283369599,7.89584683601932,9.17556907465992,TRUE,-0.712377911534859,"diverse_initial",9,"one_step_gamma_poisson","growth"
"growth_increment_110",4.8,4.21367772911178,0.785973793125602,2.72221822727961,4.17849823515371,5.66312288968839,TRUE,-0.745981960233787,"diverse_initial",9,"one_step_gamma_poisson","growth"
"growth_sd.log_growth_sd",4.5,6.31027553830097,0.572723756657216,5.21699253754499,6.29455141302854,7.51036526076559,FALSE,3.16081796373682,"diverse_initial",9,"one_step_gamma_poisson","growth"
"recruitment_50",0.019387103915861,0.0237512914570048,0.0125607469389091,0.00770432551877651,0.0204007954743493,0.056459067707298,TRUE,0.347446498394535,"diverse_initial",9,"one_step_gamma_poisson","recruitment"
"recruitment_80",0.183939720585721,0.215395852526462,0.0653439664515004,0.115367870229849,0.202663971410013,0.362584047320887,TRUE,0.481393059665085,"diverse_initial",9,"one_step_gamma_poisson","recruitment"
"recruitment_110",1.74517147873092,2.04030531606267,0.205791950117578,1.689837804151,2.01703801992914,2.4482245042888,TRUE,1.43413693860776,"diverse_initial",9,"one_step_gamma_poisson","recruitment"
"recruit_mean_50",44,43.4260123006457,2.27755911679375,38.6582731347523,43.4883722036451,47.7175675921477,TRUE,-0.252018792891891,"diverse_initial",9,"one_step_gamma_poisson","recruit_size"
"recruit_mean_80",44.6,44.1996174714047,1.3303114745013,41.4518707581595,44.2492674578309,46.6677643721001,TRUE,-0.300969010844194,"diverse_initial",9,"one_step_gamma_poisson","recruit_size"
"recruit_mean_110",45.2,44.9732226421636,0.411568503807291,44.1551728257888,45.0057867067905,45.7161286783153,TRUE,-0.551007561896972,"diverse_initial",9,"one_step_gamma_poisson","recruit_size"
"recruit_sd.log_recruit_sd",3.5,3.50159446927969,0.152853162133503,3.20993811333454,3.49419865332473,3.79159353638646,TRUE,0.0104313790924516,"diverse_initial",9,"one_step_gamma_poisson","recruit_size"
"lambda",1.03119869581319,0.975659244182132,0.0505935457392792,0.871608992438818,0.978086652996417,1.06918896416471,TRUE,-1.0977576451603,"diverse_initial",9,"one_step_gamma_poisson","lambda"
"survival_50",0.354343693774205,0.352238169906735,0.0271256622729086,0.300934943490432,0.352310370829039,0.403754370623564,TRUE,-0.0776211045572152,"diverse_initial",9,"one_step_shared_gamma_poisson","survival"
"survival_80",0.589040434058665,0.554585333438806,0.0439674283261945,0.471295413446192,0.554670681530813,0.639022994566288,TRUE,-0.78365057797415,"diverse_initial",9,"one_step_shared_gamma_poisson","survival"
"survival_110",0.789181706522253,0.737171414320323,0.0589819631862183,0.601307194819491,0.74159340566671,0.846216639075725,TRUE,-0.881799950227535,"diverse_initial",9,"one_step_shared_gamma_poisson","survival"
"growth_increment_50",12,11.9123916288965,0.77047403807395,10.5938673591376,11.8805770403896,13.492691253038,TRUE,-0.113707103385948,"diverse_initial",9,"one_step_shared_gamma_poisson","growth"
"growth_increment_80",8.4,8.03670701792367,0.619142364084166,6.86173586344861,8.01668085163453,9.25779317176507,TRUE,-0.586768089458245,"diverse_initial",9,"one_step_shared_gamma_poisson","growth"
"growth_increment_110",4.8,4.1610224069508,0.743357169512482,2.68341035218802,4.16453127601225,5.61374351784182,TRUE,-0.859583547796095,"diverse_initial",9,"one_step_shared_gamma_poisson","growth"
"growth_sd.log_growth_sd",4.5,6.18797542979666,0.495361902740581,5.26620167387079,6.16647138508151,7.20648037597205,FALSE,3.40756004944662,"diverse_initial",9,"one_step_shared_gamma_poisson","growth"
"recruitment_50",0.019387103915861,0.0198294192453563,0.0113022214059449,0.00626970099573195,0.0173762679626884,0.0496643103406753,TRUE,0.0391352561243115,"diverse_initial",9,"one_step_shared_gamma_poisson","recruitment"
"recruitment_80",0.183939720585721,0.196905048913234,0.063742230732743,0.102295171593281,0.188720590435516,0.36637891981725,TRUE,0.203402488091032,"diverse_initial",9,"one_step_shared_gamma_poisson","recruitment"
"recruitment_110",1.74517147873092,2.05147884924351,0.234736799557703,1.63204899425279,2.04292428422463,2.58809380088424,TRUE,1.30489710641768,"diverse_initial",9,"one_step_shared_gamma_poisson","recruitment"
"recruit_mean_50",44,42.0223452884772,1.94409364874925,38.2602418820527,42.04003476878,45.9258348422117,TRUE,-1.01726308956113,"diverse_initial",9,"one_step_shared_gamma_poisson","recruit_size"
"recruit_mean_80",44.6,43.444844512133,1.15988007782285,41.2029906637237,43.4560982249073,45.7757234395665,TRUE,-0.995926656517143,"diverse_initial",9,"one_step_shared_gamma_poisson","recruit_size"
"recruit_mean_110",45.2,44.8673437357889,0.391026031689591,44.0922754472715,44.8640782822429,45.6202987202244,TRUE,-0.850726645419694,"diverse_initial",9,"one_step_shared_gamma_poisson","recruit_size"
"recruit_sd.log_recruit_sd",3.5,3.48100009280191,0.136975020657421,3.22327759901118,3.48791397734661,3.7262454945433,TRUE,-0.138710745265069,"diverse_initial",9,"one_step_shared_gamma_poisson","recruit_size"
"lambda",1.03119869581319,0.992396971349561,0.068736473970853,0.825835505424727,0.996509908010398,1.11512391270547,TRUE,-0.564499780423498,"diverse_initial",9,"one_step_shared_gamma_poisson","lambda"
"survival_50",0.354343693774205,0.347337486274176,0.0195980058398862,0.308539392846647,0.347234286511265,0.385178432933847,TRUE,-0.357495938988307,"standard",10,"recursive_poisson","survival"
"survival_80",0.589040434058665,0.54252512560304,0.020325473392286,0.505609189517323,0.542587250102608,0.582374427823657,FALSE,-2.28852275948855,"standard",10,"recursive_poisson","survival"
"survival_110",0.789181706522253,0.724878376174236,0.0290184699642058,0.661805473116695,0.726275286048729,0.77900675198999,FALSE,-2.21594489397047,"standard",10,"recursive_poisson","survival"
"growth_increment_50",12,12.2142819974427,1.12875755939362,10.166944528164,12.2748789992143,14.1969335627981,TRUE,0.1898388149514,"standard",10,"recursive_poisson","growth"
"growth_increment_80",8.4,7.67642912088127,0.811326984613648,6.17990958334603,7.68380489104478,9.25402780958365,TRUE,-0.891836328435811,"standard",10,"recursive_poisson","growth"
"growth_increment_110",4.8,3.13857624431981,0.647126245257079,1.85603023184896,3.16591159261738,4.33407996566481,FALSE,-2.56738738052599,"standard",10,"recursive_poisson","growth"
"growth_sd.log_growth_sd",4.5,4.74022627059181,0.731893287447097,3.49673852825461,4.70912838654155,6.42474973939618,TRUE,0.328225814762884,"standard",10,"recursive_poisson","growth"
"recruitment_50",0.019387103915861,0.00133832766563951,0.00101039215661019,0.000330412603127223,0.0010353878057057,0.00405022687606872,FALSE,-17.8631397048588,"standard",10,"recursive_poisson","recruitment"
"recruitment_80",0.183939720585721,0.038921516333195,0.0156672803440109,0.0177930478914423,0.0351649770318593,0.0780686717317449,FALSE,-9.25611855206014,"standard",10,"recursive_poisson","recruitment"
"recruitment_110",1.74517147873092,1.22220132292555,0.151086646757241,0.942904547325792,1.20658709647872,1.53699214877166,FALSE,-3.46139230057607,"standard",10,"recursive_poisson","recruitment"
"recruit_mean_50",44,44.8185191179005,2.35803064780011,40.1547885984626,44.8841696619234,49.5159346435858,TRUE,0.34711979620117,"standard",10,"recursive_poisson","recruit_size"
"recruit_mean_80",44.6,44.8731046738016,1.42484745962989,42.0593762466136,44.890751605948,47.663636086585,TRUE,0.191672920463065,"standard",10,"recursive_poisson","recruit_size"
"recruit_mean_110",45.2,44.9276902297027,0.510294343950703,43.8979747152205,44.914822139283,45.9168370164972,TRUE,-0.533632742603154,"standard",10,"recursive_poisson","recruit_size"
"recruit_sd.log_recruit_sd",3.5,3.26074696602311,0.151072549188399,2.97007761051479,3.26294051226692,3.58034397779758,TRUE,-1.58369627878934,"standard",10,"recursive_poisson","recruit_size"
"lambda",1.03119869581319,0.956690690432923,0.0177315266317009,0.920519525248477,0.957588790928861,0.986173319401753,FALSE,-4.20200735829831,"standard",10,"recursive_poisson","lambda"
"survival_50",0.354343693774205,0.35091682991881,0.0189329939080415,0.31482381367857,0.351005556922635,0.389989442296176,TRUE,-0.180999575240919,"standard",10,"recursive_gamma_poisson","survival"
"survival_80",0.589040434058665,0.545407549939709,0.0201892871787073,0.504846615046237,0.546275119750049,0.580368937539755,FALSE,-2.16118992873476,"standard",10,"recursive_gamma_poisson","survival"
"survival_110",0.789181706522253,0.726228321425599,0.0305970252556301,0.667933430107318,0.729793424390632,0.7782829505572,FALSE,-2.05750018410923,"standard",10,"recursive_gamma_poisson","survival"
"growth_increment_50",12,11.9872917193961,1.08969662446714,9.85951415420699,12.0055759905867,14.1673284317638,TRUE,-0.0116622189318889,"standard",10,"recursive_gamma_poisson","growth"
"growth_increment_80",8.4,7.55721286550872,0.820010359459977,6.02354485594865,7.55301308848794,9.19961617975947,TRUE,-1.02777620400588,"standard",10,"recursive_gamma_poisson","growth"
"growth_increment_110",4.8,3.12713401162133,0.712601866266868,1.89652062519455,3.15780018169725,4.54652659625576,FALSE,-2.34754645976774,"standard",10,"recursive_gamma_poisson","growth"
"growth_sd.log_growth_sd",4.5,4.78624723898997,0.771671810806243,3.50830992452837,4.69139521251167,6.4633209246692,TRUE,0.370944273176055,"standard",10,"recursive_gamma_poisson","growth"
"recruitment_50",0.019387103915861,0.00138255773325746,0.00114629233103022,0.000286966341598601,0.0010804711864128,0.00424553686064244,FALSE,-15.7067666730546,"standard",10,"recursive_gamma_poisson","recruitment"
"recruitment_80",0.183939720585721,0.039190723600848,0.0167029609736859,0.0162244251413152,0.0363027190650323,0.0795887653191577,FALSE,-8.66606808295323,"standard",10,"recursive_gamma_poisson","recruitment"
"recruitment_110",1.74517147873092,1.21309060857149,0.15592939562452,0.913405742214345,1.20949115722539,1.53205908752477,FALSE,-3.4123191975982,"standard",10,"recursive_gamma_poisson","recruitment"
"recruit_mean_50",44,44.6081728547919,2.40486840183411,40.1564437521226,44.6710867633765,49.2949142278016,TRUE,0.252892363810058,"standard",10,"recursive_gamma_poisson","recruit_size"
"recruit_mean_80",44.6,44.735881708584,1.45801852825071,42.0701710351935,44.7532313346447,47.570567413253,TRUE,0.0931961466546409,"standard",10,"recursive_gamma_poisson","recruit_size"
"recruit_mean_110",45.2,44.8635905623762,0.531470587816879,43.8522395917887,44.8452173261536,45.938408234438,TRUE,-0.632978466420269,"standard",10,"recursive_gamma_poisson","recruit_size"
"recruit_sd.log_recruit_sd",3.5,3.2810826508819,0.167737603580607,2.97448590916889,3.26871816986929,3.63936376875118,TRUE,-1.30511790108471,"standard",10,"recursive_gamma_poisson","recruit_size"
"lambda",1.03119869581319,0.957232697819131,0.0191604674200409,0.916763142684581,0.958329623738135,0.992052773824218,FALSE,-3.86034413318628,"standard",10,"recursive_gamma_poisson","lambda"
"survival_50",0.354343693774205,0.349293091263207,0.0248614756523877,0.304598271619377,0.34911299940983,0.393234309014317,TRUE,-0.203149747891685,"standard",10,"one_step_poisson","survival"
"survival_80",0.589040434058665,0.553564506063686,0.0359933084969486,0.485014495311798,0.554592907957929,0.628351855757736,TRUE,-0.985625647555752,"standard",10,"one_step_poisson","survival"
"survival_110",0.789181706522253,0.738469463735473,0.0535627788609737,0.618945397644751,0.74096813995413,0.834105487661572,TRUE,-0.946781400539486,"standard",10,"one_step_poisson","survival"
"growth_increment_50",12,11.9332365156765,1.03057124955608,10.0264294932871,11.9529478833216,13.9207874171876,TRUE,-0.0647829874472701,"standard",10,"one_step_poisson","growth"
"growth_increment_80",8.4,8.23361664541371,0.826457530023164,6.5779000503095,8.2725947689944,9.7703545739867,TRUE,-0.201321118801623,"standard",10,"one_step_poisson","growth"
"growth_increment_110",4.8,4.53399677515094,0.938706098120819,2.70544395665912,4.52024677946069,6.22158697942954,TRUE,-0.283372213498528,"standard",10,"one_step_poisson","growth"
"growth_sd.log_growth_sd",4.5,4.63472847165928,0.635531123354403,3.47866145491876,4.60085140720504,5.96854175481557,TRUE,0.211993507018453,"standard",10,"one_step_poisson","growth"
"recruitment_50",0.019387103915861,0.0981815385520761,0.0430616985802878,0.041918802616809,0.0899232568823272,0.205950404609174,FALSE,1.82980321803387,"standard",10,"one_step_poisson","recruitment"
"recruitment_80",0.183939720585721,0.395293688701305,0.0759264441699509,0.265754475982208,0.38779046156434,0.566168834526938,FALSE,2.78366740897936,"standard",10,"one_step_poisson","recruitment"
"recruitment_110",1.74517147873092,1.67669797734096,0.115761834832623,1.45483765359947,1.67232999766643,1.90775704021702,TRUE,-0.591503248794973,"standard",10,"one_step_poisson","recruitment"
"recruit_mean_50",44,44.1716239694091,1.43636009546824,41.3505036597022,44.1232395400033,47.1117989032716,TRUE,0.119485336546608,"standard",10,"one_step_poisson","recruit_size"
"recruit_mean_80",44.6,44.5689202971429,0.662207372669399,43.2675193471497,44.5672790003528,45.9701151001872,TRUE,-0.0469334896284729,"standard",10,"one_step_poisson","recruit_size"
"recruit_mean_110",45.2,44.9662166248768,0.255090168677734,44.4903703843001,44.9644031410392,45.5165109628782,TRUE,-0.916473482043804,"standard",10,"one_step_poisson","recruit_size"
"recruit_sd.log_recruit_sd",3.5,3.2055524773194,0.169629687304852,2.87871039453868,3.20385921017453,3.50474879685202,TRUE,-1.73582541687662,"standard",10,"one_step_poisson","recruit_size"
"lambda",1.03119869581319,0.94548697516988,0.047809520412768,0.847246279927079,0.949629175025208,1.02742879350417,FALSE,-1.79277516074859,"standard",10,"one_step_poisson","lambda"
"survival_50",0.354343693774205,0.34604414372854,0.0275855599144283,0.295110424093817,0.344130540627296,0.40450507379567,TRUE,-0.300865745390342,"standard",10,"one_step_gamma_poisson","survival"
"survival_80",0.589040434058665,0.554576722733391,0.0413819273894778,0.476561994833889,0.554613364012067,0.637354244184011,TRUE,-0.832820351766348,"standard",10,"one_step_gamma_poisson","survival"
"survival_110",0.789181706522253,0.742007015078655,0.0593145627366878,0.621526056094346,0.744388166478403,0.846718088274623,TRUE,-0.795330678791609,"standard",10,"one_step_gamma_poisson","survival"
"growth_increment_50",12,11.9996067605197,1.20406484160473,9.64492534140391,12.0430646404654,14.3382291323687,TRUE,-0.000326593275325797,"standard",10,"one_step_gamma_poisson","growth"
"growth_increment_80",8.4,8.30538831153815,0.90309310854972,6.50273293319328,8.35647674648977,10.0774357209836,TRUE,-0.104764046548636,"standard",10,"one_step_gamma_poisson","growth"
"growth_increment_110",4.8,4.61116986255663,0.902655230549685,2.74768564160353,4.64703838941752,6.33602328097626,TRUE,-0.209194087678839,"standard",10,"one_step_gamma_poisson","growth"
"growth_sd.log_growth_sd",4.5,4.71000886773284,0.740831341997859,3.4229480446738,4.63069950953469,6.32725066943602,TRUE,0.283477298849825,"standard",10,"one_step_gamma_poisson","growth"
"recruitment_50",0.019387103915861,0.0920540254048261,0.0559454414827144,0.0295121095744915,0.0792587978451126,0.226161280862394,FALSE,1.29888905267496,"standard",10,"one_step_gamma_poisson","recruitment"
"recruitment_80",0.183939720585721,0.378870887067504,0.0987717123556486,0.231385834067001,0.364775640108467,0.601829702483337,FALSE,1.97355256715497,"standard",10,"one_step_gamma_poisson","recruitment"
"recruitment_110",1.74517147873092,1.70856827502586,0.145496186497013,1.42300854748629,1.70069368248272,2.00315945107172,TRUE,-0.251575004034955,"standard",10,"one_step_gamma_poisson","recruitment"
"recruit_mean_50",44,43.6077928804174,1.64893430419322,39.9225328948935,43.6194799466157,46.7615628667042,TRUE,-0.237854909431635,"standard",10,"one_step_gamma_poisson","recruit_size"
"recruit_mean_80",44.6,44.2926511418101,0.791915142779806,42.6683058714136,44.27857892747,45.8886833415394,TRUE,-0.388108323211277,"standard",10,"one_step_gamma_poisson","recruit_size"
"recruit_mean_110",45.2,44.9775094032028,0.307175389049697,44.3948543634758,44.9703630811,45.5270664857443,TRUE,-0.724311272089612,"standard",10,"one_step_gamma_poisson","recruit_size"
"recruit_sd.log_recruit_sd",3.5,3.22445094263946,0.224108735166876,2.82194326677089,3.20499087118142,3.67824982240381,TRUE,-1.22953287454574,"standard",10,"one_step_gamma_poisson","recruit_size"
"lambda",1.03119869581319,0.954674033685049,0.0523893105203053,0.843668302846906,0.957089588456444,1.04401906592049,TRUE,-1.46069229329681,"standard",10,"one_step_gamma_poisson","lambda"
"survival_50",0.354343693774205,0.345958974321816,0.031500260802087,0.28626850891014,0.344583989219571,0.409035910005881,TRUE,-0.266179366103299,"standard",10,"one_step_shared_gamma_poisson","survival"
"survival_80",0.589040434058665,0.563620466235938,0.052834635728253,0.455417151079512,0.567661921349004,0.658467306433965,TRUE,-0.481123177482874,"standard",10,"one_step_shared_gamma_poisson","survival"
"survival_110",0.789181706522253,0.754807258791059,0.0675575580036859,0.605307826566964,0.765324217263779,0.856644381632129,TRUE,-0.508817203388536,"standard",10,"one_step_shared_gamma_poisson","survival"
"growth_increment_50",12,11.9270053435628,1.14816997352405,9.73519926466783,11.9307710875089,14.0631163228467,TRUE,-0.063574782584809,"standard",10,"one_step_shared_gamma_poisson","growth"
"growth_increment_80",8.4,8.23561290992297,0.875211670056979,6.46280662716751,8.26976004411861,9.8897925415188,TRUE,-0.187825523471744,"standard",10,"one_step_shared_gamma_poisson","growth"
"growth_increment_110",4.8,4.54422047628315,0.903377523673269,2.70845380703899,4.4923683864629,6.20625351041161,TRUE,-0.283136913432178,"standard",10,"one_step_shared_gamma_poisson","growth"
"growth_sd.log_growth_sd",4.5,4.64269519118566,0.680137789864587,3.52774154679482,4.58162973274715,6.08804510824222,TRUE,0.209803356484678,"standard",10,"one_step_shared_gamma_poisson","growth"
"recruitment_50",0.019387103915861,0.111948179827091,0.0656388968441151,0.0377543044906919,0.0966475474636707,0.267847873294596,FALSE,1.41015587344577,"standard",10,"one_step_shared_gamma_poisson","recruitment"
"recruitment_80",0.183939720585721,0.414232162294815,0.0988065354287591,0.25481521998716,0.402151882458446,0.628954522910192,FALSE,2.33074098499424,"standard",10,"one_step_shared_gamma_poisson","recruitment"
"recruitment_110",1.74517147873092,1.67712233741102,0.178655347319557,1.33495716650398,1.68234935727434,2.04486341087462,TRUE,-0.380896191134887,"standard",10,"one_step_shared_gamma_poisson","recruitment"
"recruit_mean_50",44,44.1628510265897,1.37194410816503,41.7144234620328,44.1209794518868,47.002906777367,TRUE,0.118700919097617,"standard",10,"one_step_shared_gamma_poisson","recruit_size"
"recruit_mean_80",44.6,44.5718933336473,0.622505460391476,43.4502138891124,44.5417846988621,45.8374677651774,TRUE,-0.045150875198832,"standard",10,"one_step_shared_gamma_poisson","recruit_size"
"recruit_mean_110",45.2,44.9809356407048,0.289018243431827,44.4069745557477,44.9697960179165,45.5432909199217,TRUE,-0.75796031660157,"standard",10,"one_step_shared_gamma_poisson","recruit_size"
"recruit_sd.log_recruit_sd",3.5,3.21041022515278,0.164777389068072,2.89657845479309,3.20883656935905,3.52649049994984,TRUE,-1.75746063513351,"standard",10,"one_step_shared_gamma_poisson","recruit_size"
"lambda",1.03119869581319,0.959478456976775,0.0634671919467021,0.81396856280155,0.966155841626476,1.06095536630207,TRUE,-1.13003642727168,"standard",10,"one_step_shared_gamma_poisson","lambda"
"survival_50",0.354343693774205,0.355217718069785,0.0106459477374845,0.335088254284528,0.355225020867212,0.37514637692697,TRUE,0.0820992472566166,"dense_profiles",10,"recursive_poisson","survival"
"survival_80",0.589040434058665,0.597853659668893,0.0110036749725774,0.576659426319472,0.597966756272653,0.619923797334095,TRUE,0.8009347451821,"dense_profiles",10,"recursive_poisson","survival"
"survival_110",0.789181706522253,0.800258006718471,0.0132251801092777,0.772875795087717,0.800380430240158,0.825686483196988,TRUE,0.837516019040676,"dense_profiles",10,"recursive_poisson","survival"
"growth_increment_50",12,11.9617364140862,0.430608208409234,11.1324130182028,11.9618368103609,12.8051595339165,TRUE,-0.0888593973979117,"dense_profiles",10,"recursive_poisson","growth"
"growth_increment_80",8.4,8.78590825314378,0.303435717780153,8.24795747920392,8.77589709994445,9.39283465898355,TRUE,1.27179573969398,"dense_profiles",10,"recursive_poisson","growth"
"growth_increment_110",4.8,5.6100800922014,0.284928280759663,5.08814232394912,5.60008822247789,6.16086479238816,FALSE,2.84310174490787,"dense_profiles",10,"recursive_poisson","growth"
"growth_sd.log_growth_sd",4.5,4.07760935960606,0.490577513840334,3.1775409401383,4.04476501943464,5.07549690323104,TRUE,-0.86100693259947,"dense_profiles",10,"recursive_poisson","growth"
"recruitment_50",0.019387103915861,0.0219905020305156,0.00563081476500185,0.0134279727836959,0.0211183035967272,0.034961487930789,TRUE,0.462348385323551,"dense_profiles",10,"recursive_poisson","recruitment"
"recruitment_80",0.183939720585721,0.20307685536678,0.0282112829469981,0.155380499110236,0.199905027319644,0.264787171114374,TRUE,0.678350389700901,"dense_profiles",10,"recursive_poisson","recruitment"
"recruitment_110",1.74517147873092,1.89987466990216,0.0715595331870151,1.78223297912875,1.89204541379122,2.04804579594864,FALSE,2.16188094417746,"dense_profiles",10,"recursive_poisson","recruitment"
"recruit_mean_50",44,43.5357740829655,0.949941278048038,41.6458675500988,43.5094787354468,45.3650172382643,TRUE,-0.488689067168822,"dense_profiles",10,"recursive_poisson","recruit_size"
"recruit_mean_80",44.6,44.4228821379444,0.558976210471925,43.3197556166735,44.4052776598306,45.5301803199249,TRUE,-0.316861180739869,"dense_profiles",10,"recursive_poisson","recruit_size"
"recruit_mean_110",45.2,45.3099901929233,0.186098475973947,44.9397416170746,45.3083113184351,45.6832819611597,TRUE,0.591032206726115,"dense_profiles",10,"recursive_poisson","recruit_size"
"recruit_sd.log_recruit_sd",3.5,3.5444669101719,0.0881464648226324,3.37105206026669,3.54785401341929,3.71151963537663,TRUE,0.504466177530524,"dense_profiles",10,"recursive_poisson","recruit_size"
"lambda",1.03119869581319,1.07630967648818,0.00848796982927213,1.06023132709083,1.07626901981832,1.0938623779706,FALSE,5.31469616202185,"dense_profiles",10,"recursive_poisson","lambda"
"survival_50",0.354343693774205,0.357586415220576,0.0142771366517919,0.331594415210989,0.357070735190705,0.387482964512423,TRUE,0.227126876029789,"dense_profiles",10,"recursive_gamma_poisson","survival"
"survival_80",0.589040434058665,0.595148246536143,0.0128122003319252,0.569724476820813,0.595459129900814,0.618468435834252,TRUE,0.476718465153781,"dense_profiles",10,"recursive_gamma_poisson","survival"
"survival_110",0.789181706522253,0.794939362612049,0.0151894097731782,0.765445190765419,0.795374822270465,0.823734099951537,TRUE,0.37905726264384,"dense_profiles",10,"recursive_gamma_poisson","survival"
"growth_increment_50",12,11.868772773788,0.538211713591791,10.8114786444944,11.8910410706482,12.8605977914307,TRUE,-0.243820829049229,"dense_profiles",10,"recursive_gamma_poisson","growth"
"growth_increment_80",8.4,8.62298909546949,0.371840844880905,7.81594255581702,8.65036839065631,9.34171744890834,TRUE,0.599689621351071,"dense_profiles",10,"recursive_gamma_poisson","growth"
"growth_increment_110",4.8,5.37720541715095,0.326817814426687,4.76171991269108,5.36822808783772,6.0604725248778,TRUE,1.76613817139527,"dense_profiles",10,"recursive_gamma_poisson","growth"
"growth_sd.log_growth_sd",4.5,3.93706507837912,0.530044173616663,3.03818624327978,3.91272178392227,5.11168340152883,TRUE,-1.06205284321831,"dense_profiles",10,"recursive_gamma_poisson","growth"
"recruitment_50",0.019387103915861,0.0209440830912759,0.0090130379935289,0.00802702409425802,0.0195244072191055,0.0439647872795274,TRUE,0.172747432833718,"dense_profiles",10,"recursive_gamma_poisson","recruitment"
"recruitment_80",0.183939720585721,0.197229656199211,0.0472769598497826,0.116932086953851,0.193599655620178,0.310742605480983,TRUE,0.281108084270165,"dense_profiles",10,"recursive_gamma_poisson","recruitment"
"recruitment_110",1.74517147873092,1.92196339875871,0.126563758986167,1.69673983806046,1.91448897995672,2.16239394230797,TRUE,1.39686053451617,"dense_profiles",10,"recursive_gamma_poisson","recruitment"
"recruit_mean_50",44,44.2837392992225,1.52124447012509,41.4531405650884,44.3358294187959,47.3110183046698,TRUE,0.186517883742382,"dense_profiles",10,"recursive_gamma_poisson","recruit_size"
"recruit_mean_80",44.6,44.8253466653496,0.894163194240733,43.1223774878664,44.8262673533399,46.6773688004479,TRUE,0.25201961655439,"dense_profiles",10,"recursive_gamma_poisson","recruit_size"
"recruit_mean_110",45.2,45.3669540314768,0.300628635153138,44.7457883883665,45.3728256633286,45.9250796368978,TRUE,0.555349730379916,"dense_profiles",10,"recursive_gamma_poisson","recruit_size"
"recruit_sd.log_recruit_sd",3.5,3.54016298970985,0.127741822021005,3.28473186534271,3.54521825000752,3.79822877119378,TRUE,0.314407521940984,"dense_profiles",10,"recursive_gamma_poisson","recruit_size"
"lambda",1.03119869581319,1.06476184672002,0.0113940856616933,1.04319367874718,1.06476444328254,1.08790323387231,FALSE,2.94566425980673,"dense_profiles",10,"recursive_gamma_poisson","lambda"
"survival_50",0.354343693774205,0.36221997625543,0.013935749314961,0.334868196371914,0.36204949908131,0.389778267934541,TRUE,0.565185430880984,"dense_profiles",10,"one_step_poisson","survival"
"survival_80",0.589040434058665,0.598017003839495,0.0193908742607846,0.559750289892518,0.599077753883542,0.636239072979157,TRUE,0.462927543137332,"dense_profiles",10,"one_step_poisson","survival"
"survival_110",0.789181706522253,0.794876845747853,0.0258268212420254,0.74151246854085,0.795660788874355,0.843774010888069,TRUE,0.220512589305141,"dense_profiles",10,"one_step_poisson","survival"
"growth_increment_50",12,11.8558391771744,0.509415885928614,10.7981409646929,11.8657111206884,12.7912811727112,TRUE,-0.282992397386268,"dense_profiles",10,"one_step_poisson","growth"
"growth_increment_80",8.4,8.53068296128044,0.43238673844387,7.63546242017171,8.54023033624366,9.34485534645074,TRUE,0.302236284467842,"dense_profiles",10,"one_step_poisson","growth"
"growth_increment_110",4.8,5.20552674538648,0.573510648983043,4.02212539720647,5.19083064659273,6.32115141650581,TRUE,0.707095406346102,"dense_profiles",10,"one_step_poisson","growth"
"growth_sd.log_growth_sd",4.5,4.3796537360884,0.468372267931014,3.54328570343701,4.3433895022444,5.3686465399976,TRUE,-0.256945750531331,"dense_profiles",10,"one_step_poisson","growth"
"recruitment_50",0.019387103915861,0.0111437538881189,0.00260131110903187,0.0068216042064255,0.0109296887248885,0.0165821886744763,FALSE,-3.16892124095453,"dense_profiles",10,"one_step_poisson","recruitment"
"recruitment_80",0.183939720585721,0.140361703658541,0.019744464988957,0.105572517312775,0.139653051668083,0.178287373189304,FALSE,-2.20710041784134,"dense_profiles",10,"one_step_poisson","recruitment"
"recruitment_110",1.74517147873092,1.78358884803947,0.090838325942467,1.61138998665641,1.78144809714787,1.95360203729905,TRUE,0.422920269720511,"dense_profiles",10,"one_step_poisson","recruitment"
"recruit_mean_50",44,43.5668320900213,0.931260242760811,41.6374003676005,43.5320510421164,45.3441704144994,TRUE,-0.465141632906588,"dense_profiles",10,"one_step_poisson","recruit_size"
"recruit_mean_80",44.6,44.3890957584866,0.558904312739349,43.241173818068,44.3712036819161,45.4591082699481,TRUE,-0.377353040057446,"dense_profiles",10,"one_step_poisson","recruit_size"
"recruit_mean_110",45.2,45.2113594269519,0.200017622768974,44.8145073003819,45.2080239222554,45.588574196303,TRUE,0.0567921305866498,"dense_profiles",10,"one_step_poisson","recruit_size"
"recruit_sd.log_recruit_sd",3.5,3.53383120067477,0.0831302368635833,3.3809547060379,3.53501256117814,3.69788223296442,TRUE,0.406966248999041,"dense_profiles",10,"one_step_poisson","recruit_size"
"lambda",1.03119869581319,1.07294867480496,0.0300793659891328,1.01395823599938,1.07108720116919,1.13167843166781,TRUE,1.38799398254765,"dense_profiles",10,"one_step_poisson","lambda"
"survival_50",0.354343693774205,0.359511083111231,0.0152811767411121,0.332183678837743,0.358587839282745,0.386871142486717,TRUE,0.338153888576181,"dense_profiles",10,"one_step_gamma_poisson","survival"
"survival_80",0.589040434058665,0.598701655094046,0.0212496778535468,0.558171426792878,0.598938350040731,0.638401749461626,TRUE,0.454652588239963,"dense_profiles",10,"one_step_gamma_poisson","survival"
"survival_110",0.789181706522253,0.79764027957423,0.0268177468871467,0.742675305765378,0.799917344255787,0.844743704972247,TRUE,0.315409534125732,"dense_profiles",10,"one_step_gamma_poisson","survival"
"growth_increment_50",12,11.8475853368964,0.573650278536086,10.7914737125559,11.8418929524539,12.9615408665912,TRUE,-0.265692650742882,"dense_profiles",10,"one_step_gamma_poisson","growth"
"growth_increment_80",8.4,8.52018462745145,0.474469643945087,7.61810390703892,8.52399276158669,9.45124448760221,TRUE,0.25330309111485,"dense_profiles",10,"one_step_gamma_poisson","growth"
"growth_increment_110",4.8,5.19278391800656,0.565880605527744,4.09593156736022,5.20502221109012,6.27314848023357,TRUE,0.694110938190295,"dense_profiles",10,"one_step_gamma_poisson","growth"
"growth_sd.log_growth_sd",4.5,4.35876775160974,0.462433658747087,3.54305614148166,4.33581106005792,5.29610742128449,TRUE,-0.305410831843234,"dense_profiles",10,"one_step_gamma_poisson","growth"
"recruitment_50",0.019387103915861,0.0121021474140287,0.00381152115893754,0.0062631391833716,0.0116920219348661,0.0210815818190572,TRUE,-1.91129897960818,"dense_profiles",10,"one_step_gamma_poisson","recruitment"
"recruitment_80",0.183939720585721,0.146413388215998,0.0272748314114319,0.0999126541765085,0.144946934385721,0.206012955620791,TRUE,-1.37585937026157,"dense_profiles",10,"one_step_gamma_poisson","recruitment"
"recruitment_110",1.74517147873092,1.79940897834941,0.115396639589533,1.58324042270992,1.79699758096395,2.03564558357136,TRUE,0.470009350457808,"dense_profiles",10,"one_step_gamma_poisson","recruitment"
"recruit_mean_50",44,43.7229324126732,1.17854668974051,41.5377776425844,43.8004954954074,45.8922359816598,TRUE,-0.235092584569391,"dense_profiles",10,"one_step_gamma_poisson","recruit_size"
"recruit_mean_80",44.6,44.4839065049268,0.707973485751363,43.1659851210265,44.5298091312781,45.7568010583945,TRUE,-0.163980004067455,"dense_profiles",10,"one_step_gamma_poisson","recruit_size"
"recruit_mean_110",45.2,45.2448805971804,0.255804534151345,44.7529638517639,45.253770370866,45.7285096310459,TRUE,0.175448794640509,"dense_profiles",10,"one_step_gamma_poisson","recruit_size"
"recruit_sd.log_recruit_sd",3.5,3.53809443773719,0.0997936970339768,3.36627504648542,3.53354322885087,3.73548709082363,TRUE,0.381731901607147,"dense_profiles",10,"one_step_gamma_poisson","recruit_size"
"lambda",1.03119869581319,1.07245009569454,0.0317347193246782,1.00603744737171,1.07319786733584,1.13312034271213,TRUE,1.29988229797483,"dense_profiles",10,"one_step_gamma_poisson","lambda"
"survival_50",0.354343693774205,0.356895932219998,0.0151649638676217,0.331037761509232,0.355740237546587,0.386281409102207,TRUE,0.168298353235292,"dense_profiles",10,"one_step_shared_gamma_poisson","survival"
"survival_80",0.589040434058665,0.598083001373838,0.0255079745851032,0.546028105876515,0.598562789674499,0.643488272021299,TRUE,0.354499620697197,"dense_profiles",10,"one_step_shared_gamma_poisson","survival"
"survival_110",0.789181706522253,0.798259047812209,0.0312113489972053,0.728895637628561,0.798675983515262,0.853234847278545,TRUE,0.290834634887738,"dense_profiles",10,"one_step_shared_gamma_poisson","survival"
"growth_increment_50",12,11.8789290586667,0.513161864343693,10.9649962664045,11.8667707631087,13.0059617419795,TRUE,-0.235931291363922,"dense_profiles",10,"one_step_shared_gamma_poisson","growth"
"growth_increment_80",8.4,8.53686991916173,0.422216152257772,7.73908222894571,8.53615565238365,9.3817901148912,TRUE,0.324170258361335,"dense_profiles",10,"one_step_shared_gamma_poisson","growth"
"growth_increment_110",4.8,5.1948107796568,0.551616785542183,4.13600099216458,5.17128637778481,6.25765180964069,TRUE,0.715733802894962,"dense_profiles",10,"one_step_shared_gamma_poisson","growth"
"growth_sd.log_growth_sd",4.5,4.33994553056225,0.449328613185781,3.52407141309181,4.29205149063008,5.30182149300626,TRUE,-0.356208050724732,"dense_profiles",10,"one_step_shared_gamma_poisson","growth"
"recruitment_50",0.019387103915861,0.0137526505961735,0.00441193359168626,0.00711846865768071,0.0132172720673759,0.0244033704010079,TRUE,-1.27709386431041,"dense_profiles",10,"one_step_shared_gamma_poisson","recruitment"
"recruitment_80",0.183939720585721,0.157806477347081,0.0293361715251504,0.108874823744875,0.15615610570401,0.226872155592152,TRUE,-0.890819826855588,"dense_profiles",10,"one_step_shared_gamma_poisson","recruitment"
"recruitment_110",1.74517147873092,1.84088088954352,0.114444224577217,1.62851707952357,1.84219240072299,2.05088543233322,TRUE,0.836297429303881,"dense_profiles",10,"one_step_shared_gamma_poisson","recruitment"
"recruit_mean_50",44,43.6777393252505,0.982426891103454,41.7485904169497,43.6548940457042,45.6834607263035,TRUE,-0.328025095473041,"dense_profiles",10,"one_step_shared_gamma_poisson","recruit_size"
"recruit_mean_80",44.6,44.470274370864,0.589920591318482,43.291550896482,44.4642709373351,45.6476078827515,TRUE,-0.219903544722921,"dense_profiles",10,"one_step_shared_gamma_poisson","recruit_size"
"recruit_mean_110",45.2,45.2628094164775,0.21137117242599,44.8620380299452,45.2685171641947,45.6640949544738,TRUE,0.29715223583504,"dense_profiles",10,"one_step_shared_gamma_poisson","recruit_size"
"recruit_sd.log_recruit_sd",3.5,3.54060718796836,0.0816829156693965,3.37044354753022,3.53848464054097,3.69465424143678,TRUE,0.497131960038148,"dense_profiles",10,"one_step_shared_gamma_poisson","recruit_size"
"lambda",1.03119869581319,1.07067550330345,0.0356826858975796,0.995070005860693,1.07018588400486,1.13727857813845,TRUE,1.10632948437697,"dense_profiles",10,"one_step_shared_gamma_poisson","lambda"
"survival_50",0.354343693774205,0.345951803157573,0.0152915367697962,0.315436820541959,0.345516576540243,0.376072374617408,TRUE,-0.548793148979453,"longer_followup",10,"recursive_poisson","survival"
"survival_80",0.589040434058665,0.602108720223791,0.0128332069532833,0.576752995422596,0.602369413960303,0.626361933701123,TRUE,1.01831804105539,"longer_followup",10,"recursive_poisson","survival"
"survival_110",0.789181706522253,0.812219584927892,0.0128212221642113,0.786289942126736,0.812926348503029,0.834667324334294,TRUE,1.7968550977883,"longer_followup",10,"recursive_poisson","survival"
"growth_increment_50",12,11.461904955323,0.636506694773371,10.2115052663164,11.4763865171709,12.656682177095,TRUE,-0.845387879020787,"longer_followup",10,"recursive_poisson","growth"
"growth_increment_80",8.4,8.05240930054668,0.425507797413187,7.20611546063935,8.04432662556088,8.87626314400829,TRUE,-0.81688444152245,"longer_followup",10,"recursive_poisson","growth"
"growth_increment_110",4.8,4.64291364577037,0.301327570289003,4.02765728852826,4.62476588319909,5.24551994805107,TRUE,-0.521314243097533,"longer_followup",10,"recursive_poisson","growth"
"growth_sd.log_growth_sd",4.5,4.7151769732507,0.471432067783048,3.85620933829911,4.67907659068338,5.61205219001043,TRUE,0.456432618728261,"longer_followup",10,"recursive_poisson","growth"
"recruitment_50",0.019387103915861,0.0196636874383625,0.00473912710280324,0.0115573840893425,0.0193281403704194,0.0298262916161878,TRUE,0.058361701744156,"longer_followup",10,"recursive_poisson","recruitment"
"recruitment_80",0.183939720585721,0.168453139031449,0.0230862742112955,0.127358622174795,0.167816566410512,0.21829879585432,TRUE,-0.67081337649084,"longer_followup",10,"recursive_poisson","recruitment"
"recruitment_110",1.74517147873092,1.45972571250648,0.0791782813459913,1.31488730818421,1.4571550969125,1.61232750695671,FALSE,-3.60510182049926,"longer_followup",10,"recursive_poisson","recruitment"
"recruit_mean_50",44,43.3605623525379,0.939450964821944,41.473604427763,43.3273250420146,45.2397232084933,TRUE,-0.680650370701645,"longer_followup",10,"recursive_poisson","recruit_size"
"recruit_mean_80",44.6,44.2047107203313,0.587801570079203,43.0787584256918,44.1855165499715,45.3326579605484,TRUE,-0.672487621316572,"longer_followup",10,"recursive_poisson","recruit_size"
"recruit_mean_110",45.2,45.0488590881245,0.258956315603619,44.5930216045146,45.052064478498,45.5341465214463,TRUE,-0.583654086686991,"longer_followup",10,"recursive_poisson","recruit_size"
"recruit_sd.log_recruit_sd",3.5,3.77811801346672,0.125153492015906,3.53348325837469,3.7735346714303,4.04122156511355,FALSE,2.22221536919941,"longer_followup",10,"recursive_poisson","recruit_size"
"lambda",1.03119869581319,1.03027594221999,0.00533222867870298,1.01951097494607,1.03033290579607,1.04086279790401,TRUE,-0.173052141759137,"longer_followup",10,"recursive_poisson","lambda"
"survival_50",0.354343693774205,0.325182121217031,0.0196368317260459,0.289548743313623,0.324634934579155,0.365209831567881,TRUE,-1.48504468358275,"longer_followup",10,"recursive_gamma_poisson","survival"
"survival_80",0.589040434058665,0.595909001800999,0.0155570322383333,0.566326798353156,0.595874240672143,0.627870221519573,TRUE,0.441508871172075,"longer_followup",10,"recursive_gamma_poisson","survival"
"survival_110",0.789181706522253,0.818453816735068,0.0149798567447069,0.78686842741243,0.819106173752543,0.847847828426797,TRUE,1.95409814070208,"longer_followup",10,"recursive_gamma_poisson","survival"
"growth_increment_50",12,11.7489243225354,0.79786497298001,10.0588418799134,11.7678570500176,13.2581113448975,TRUE,-0.314684421509068,"longer_followup",10,"recursive_gamma_poisson","growth"
"growth_increment_80",8.4,8.05329519165629,0.516724595577067,6.95650464589698,8.07598962807,8.96409368510605,TRUE,-0.670966335474158,"longer_followup",10,"recursive_gamma_poisson","growth"
"growth_increment_110",4.8,4.35766606077714,0.353211916933037,3.64686460321807,4.35359042326712,5.05843106791072,TRUE,-1.25231884321365,"longer_followup",10,"recursive_gamma_poisson","growth"
"growth_sd.log_growth_sd",4.5,5.10753739056102,0.561451095910625,4.02038201174701,5.08296826961274,6.28783705536202,TRUE,1.08208425450778,"longer_followup",10,"recursive_gamma_poisson","growth"
"recruitment_50",0.019387103915861,0.0249770025796854,0.00784841144705276,0.013517524070572,0.0238530699797204,0.0428921591303492,TRUE,0.712233131702538,"longer_followup",10,"recursive_gamma_poisson","recruitment"
"recruitment_80",0.183939720585721,0.200371699942094,0.036532572528267,0.137335902863526,0.195792866589678,0.277351679877981,TRUE,0.449789823688389,"longer_followup",10,"recursive_gamma_poisson","recruitment"
"recruitment_110",1.74517147873092,1.63638874722238,0.126723711322569,1.40647179004377,1.63376788416922,1.88806256610072,TRUE,-0.858424444590614,"longer_followup",10,"recursive_gamma_poisson","recruitment"
"recruit_mean_50",44,43.7162695526674,1.33500544739862,41.3728151633856,43.7302312682464,46.2760143645708,TRUE,-0.212531303063572,"longer_followup",10,"recursive_gamma_poisson","recruit_size"
"recruit_mean_80",44.6,44.486666921683,0.823632502803933,43.0475961253852,44.4763163192937,46.0765969672204,TRUE,-0.137601512727115,"longer_followup",10,"recursive_gamma_poisson","recruit_size"
"recruit_mean_110",45.2,45.2570642906986,0.359762917001479,44.5810728430916,45.2727051387493,45.9401661171919,TRUE,0.158616377624957,"longer_followup",10,"recursive_gamma_poisson","recruit_size"
"recruit_sd.log_recruit_sd",3.5,3.83101136565679,0.172581342717267,3.49905834495963,3.83156103845785,4.15366145734182,TRUE,1.91800202991277,"longer_followup",10,"recursive_gamma_poisson","recruit_size"
"lambda",1.03119869581319,1.02738703775551,0.00692244825680164,1.01410110928628,1.02704249786717,1.04183958533814,TRUE,-0.550622831155227,"longer_followup",10,"recursive_gamma_poisson","lambda"
"survival_50",0.354343693774205,0.445216767330725,0.0283377696977699,0.388903846883424,0.446410184609896,0.498440965928378,FALSE,3.20678283879455,"longer_followup",10,"one_step_poisson","survival"
"survival_80",0.589040434058665,0.628967819822447,0.0306741074635776,0.567262230135448,0.633892731904987,0.683372698665176,TRUE,1.30166414169316,"longer_followup",10,"one_step_poisson","survival"
"survival_110",0.789181706522253,0.779878391604547,0.0410087165218159,0.691249458652245,0.781886822773519,0.850191807444935,TRUE,-0.22686188953895,"longer_followup",10,"one_step_poisson","survival"
"growth_increment_50",12,9.10535277751699,0.852735773317856,7.40777830070865,9.10253830661398,10.6357910643341,FALSE,-3.3945417948404,"longer_followup",10,"one_step_poisson","growth"
"growth_increment_80",8.4,6.88561852815589,0.723537243974041,5.48660352472358,6.87799989757487,8.3038415126961,FALSE,-2.09302490570678,"longer_followup",10,"one_step_poisson","growth"
"growth_increment_110",4.8,4.66588427879477,0.987773052273071,2.98729183092531,4.66880929712298,6.63000849363165,TRUE,-0.135775845369139,"longer_followup",10,"one_step_poisson","growth"
"growth_sd.log_growth_sd",4.5,7.41022118857511,0.492758856903856,6.53276321198203,7.34737106919248,8.41139639055041,FALSE,5.90597438848864,"longer_followup",10,"one_step_poisson","growth"
"recruitment_50",0.019387103915861,0.0272052840410356,0.00669364697218251,0.0161263191964764,0.0264903667694986,0.0426822465496399,TRUE,1.16800006897069,"longer_followup",10,"one_step_poisson","recruitment"
"recruitment_80",0.183939720585721,0.20638054535187,0.0308858938412796,0.150556491036681,0.204384319278959,0.273110777407447,TRUE,0.726571971058075,"longer_followup",10,"one_step_poisson","recruitment"
"recruitment_110",1.74517147873092,1.58073990497693,0.102650917187519,1.38048663885446,1.5830853531617,1.79547571263709,TRUE,-1.60185196839121,"longer_followup",10,"one_step_poisson","recruitment"
"recruit_mean_50",44,43.3339235421101,0.869284038729916,41.6313913776697,43.3929128660626,45.1427939526251,TRUE,-0.766235693068803,"longer_followup",10,"one_step_poisson","recruit_size"
"recruit_mean_80",44.6,44.1693595835691,0.521029773356242,43.1406245745308,44.195738976307,45.2609500131564,TRUE,-0.826517866065359,"longer_followup",10,"one_step_poisson","recruit_size"
"recruit_mean_110",45.2,45.0047956250281,0.208232812462551,44.5806545162251,45.0095308969251,45.3772497033813,TRUE,-0.937433311606653,"longer_followup",10,"one_step_poisson","recruit_size"
"recruit_sd.log_recruit_sd",3.5,3.54272744161221,0.156510687127289,3.25022424483954,3.53609028346673,3.85388465602484,TRUE,0.273000153513249,"longer_followup",10,"one_step_poisson","recruit_size"
"lambda",1.03119869581319,1.02619082899263,0.041694669972617,0.932165218021158,1.02996193134215,1.09790589116804,TRUE,-0.120108081533075,"longer_followup",10,"one_step_poisson","lambda"
"survival_50",0.354343693774205,0.431003237686474,0.0302548029556471,0.370606937451984,0.43061535934383,0.491741538637031,FALSE,2.53379749405908,"longer_followup",10,"one_step_gamma_poisson","survival"
"survival_80",0.589040434058665,0.622716086034466,0.031114292311056,0.559763656573528,0.623386250908198,0.684149979358033,TRUE,1.08232100023804,"longer_followup",10,"one_step_gamma_poisson","survival"
"survival_110",0.789181706522253,0.780624796248585,0.041666629444545,0.680058985453464,0.784310957392067,0.846991667585485,TRUE,-0.205366030027856,"longer_followup",10,"one_step_gamma_poisson","survival"
"growth_increment_50",12,9.48475360658658,0.961492911762076,7.62865631973265,9.46135199011709,11.3938985686687,FALSE,-2.61598017275433,"longer_followup",10,"one_step_gamma_poisson","growth"
"growth_increment_80",8.4,7.03110711317501,0.832222046889908,5.38912810916637,7.03285910426627,8.58067849500569,TRUE,-1.6448649635523,"longer_followup",10,"one_step_gamma_poisson","growth"
"growth_increment_110",4.8,4.57746061976345,1.07915219332401,2.53421633244885,4.60996532229523,6.68891022933401,TRUE,-0.206216863212853,"longer_followup",10,"one_step_gamma_poisson","growth"
"growth_sd.log_growth_sd",4.5,7.40851715054476,0.561498151268467,6.3296112771486,7.36290630205179,8.54303540000733,FALSE,5.17992293291474,"longer_followup",10,"one_step_gamma_poisson","growth"
"recruitment_50",0.019387103915861,0.028668981363341,0.0083030516732011,0.0161308266795891,0.0279064399738544,0.0476328923446834,TRUE,1.11788747231794,"longer_followup",10,"one_step_gamma_poisson","recruitment"
"recruitment_80",0.183939720585721,0.21481405327297,0.0371261524475425,0.152560186655759,0.214516083121176,0.29148316318407,TRUE,0.831606041883086,"longer_followup",10,"one_step_gamma_poisson","recruitment"
"recruitment_110",1.74517147873092,1.6315828256909,0.118214540098419,1.41575635446142,1.62967361881622,1.86104011030983,TRUE,-0.960868713319508,"longer_followup",10,"one_step_gamma_poisson","recruitment"
"recruit_mean_50",44,43.3455931209033,1.04060007068674,41.3911005467495,43.3476867327027,45.2875874295404,TRUE,-0.628874528775342,"longer_followup",10,"one_step_gamma_poisson","recruit_size"
"recruit_mean_80",44.6,44.1950249260456,0.62553776833876,42.9663649656633,44.1906043124147,45.4009800629997,TRUE,-0.647403073726357,"longer_followup",10,"one_step_gamma_poisson","recruit_size"
"recruit_mean_110",45.2,45.0444567311877,0.262285442745226,44.5264042363671,45.0329621307668,45.5623395640669,TRUE,-0.593030505941403,"longer_followup",10,"one_step_gamma_poisson","recruit_size"
"recruit_sd.log_recruit_sd",3.5,3.56049476060184,0.179281765096759,3.21982020130277,3.55638824695531,3.90125844038476,TRUE,0.33742840812163,"longer_followup",10,"one_step_gamma_poisson","recruit_size"
"lambda",1.03119869581319,1.02557569540934,0.0468237460000255,0.928322818288592,1.02727978117249,1.10787868854222,TRUE,-0.120088649119375,"longer_followup",10,"one_step_gamma_poisson","lambda"
"survival_50",0.354343693774205,0.42458261804557,0.0319192320093538,0.364286702678705,0.424252281757111,0.486282470760617,FALSE,2.2005204965703,"longer_followup",10,"one_step_shared_gamma_poisson","survival"
"survival_80",0.589040434058665,0.633010854754779,0.040932573941861,0.555753905176698,0.631983633509021,0.713301906410071,TRUE,1.07421587409987,"longer_followup",10,"one_step_shared_gamma_poisson","survival"
"survival_110",0.789181706522253,0.798403729181152,0.0482346380622267,0.696143807728636,0.801693863401532,0.882756635955577,TRUE,0.191190875051288,"longer_followup",10,"one_step_shared_gamma_poisson","survival"
"growth_increment_50",12,9.43782011815751,0.928890179724218,7.67524456811126,9.40355635790038,11.1745214428876,FALSE,-2.75832379087395,"longer_followup",10,"one_step_shared_gamma_poisson","growth"
"growth_increment_80",8.4,7.00113227975133,0.726771849870392,5.55413415805862,7.00930561510429,8.29773788558683,FALSE,-1.9247687159294,"longer_followup",10,"one_step_shared_gamma_poisson","growth"
"growth_increment_110",4.8,4.56444444134515,0.936687487116695,2.85496900847476,4.59254402190323,6.51438008566087,TRUE,-0.251477212938901,"longer_followup",10,"one_step_shared_gamma_poisson","growth"
"growth_sd.log_growth_sd",4.5,7.33292950749315,0.539461443268971,6.337185491114,7.33294850787382,8.38635944318415,FALSE,5.25140312220734,"longer_followup",10,"one_step_shared_gamma_poisson","growth"
"recruitment_50",0.019387103915861,0.0339348457462078,0.0104650342307473,0.01736416549346,0.0324447816738525,0.0550744349780334,TRUE,1.39012845152519,"longer_followup",10,"one_step_shared_gamma_poisson","recruitment"
"recruitment_80",0.183939720585721,0.235820457352367,0.0428935758544343,0.163370121688138,0.231260669338928,0.318655881923263,TRUE,1.2095223056877,"longer_followup",10,"one_step_shared_gamma_poisson","recruitment"
"recruitment_110",1.74517147873092,1.66710221834337,0.12090865832495,1.44584235590525,1.66169932774223,1.91832168230537,TRUE,-0.645687922346618,"longer_followup",10,"one_step_shared_gamma_poisson","recruitment"
"recruit_mean_50",44,43.4682872490785,0.863045566604394,41.960587369234,43.4902866589083,45.1527931353967,TRUE,-0.61608885034135,"longer_followup",10,"one_step_shared_gamma_poisson","recruit_size"
"recruit_mean_80",44.6,44.2748262906357,0.523397126727047,43.3606923448956,44.2851491054579,45.3225973245747,TRUE,-0.621275304657598,"longer_followup",10,"one_step_shared_gamma_poisson","recruit_size"
"recruit_mean_110",45.2,45.081365332193,0.222158600748487,44.6798173036979,45.0880423602901,45.5199115930936,TRUE,-0.53400889007809,"longer_followup",10,"one_step_shared_gamma_poisson","recruit_size"
"recruit_sd.log_recruit_sd",3.5,3.58473277061,0.162322723753724,3.30414131043466,3.57511165566407,3.91152054847131,TRUE,0.522001902448059,"longer_followup",10,"one_step_shared_gamma_poisson","recruit_size"
"lambda",1.03119869581319,1.03559746533781,0.0518302196067649,0.92589470064469,1.03657661804856,1.13567954960023,TRUE,0.0848688189628839,"longer_followup",10,"one_step_shared_gamma_poisson","lambda"
"survival_50",0.354343693774205,0.368835630634326,0.0166788603738182,0.337125700576882,0.368356641955777,0.402372892278348,TRUE,0.868880519131284,"diverse_initial",10,"recursive_poisson","survival"
"survival_80",0.589040434058665,0.606868415834825,0.0136962814661187,0.581719728444084,0.606807444355218,0.633766239319912,TRUE,1.30166584413893,"diverse_initial",10,"recursive_poisson","survival"
"survival_110",0.789181706522253,0.802786813219668,0.0161234615999488,0.770005822016263,0.803349713381062,0.833124194587453,TRUE,0.843808050341908,"diverse_initial",10,"recursive_poisson","survival"
"growth_increment_50",12,11.8612558970127,0.440673164082371,11.0167291393174,11.8374877886633,12.6743334363118,TRUE,-0.314845818388443,"diverse_initial",10,"recursive_poisson","growth"
"growth_increment_80",8.4,8.56150985053253,0.319444949909455,7.91160982249563,8.55689209466511,9.18016275745658,TRUE,0.505595253824823,"diverse_initial",10,"recursive_poisson","growth"
"growth_increment_110",4.8,5.26176380405241,0.304457328518458,4.65837138881731,5.26763449134764,5.84665744910809,TRUE,1.5166782363211,"diverse_initial",10,"recursive_poisson","growth"
"growth_sd.log_growth_sd",4.5,4.67126788938023,0.33685071475183,4.00641539000372,4.68234945656893,5.2869014702265,TRUE,0.508438551203343,"diverse_initial",10,"recursive_poisson","growth"
"recruitment_50",0.019387103915861,0.0709286422990477,0.0152100254823058,0.0433692202019443,0.0701188074169765,0.10240236190618,FALSE,3.38865562343378,"diverse_initial",10,"recursive_poisson","recruitment"
"recruitment_80",0.183939720585721,0.383677803867823,0.0471308655994942,0.29242618087082,0.384770225939656,0.480943086466217,FALSE,4.23794642303887,"diverse_initial",10,"recursive_poisson","recruitment"
"recruitment_110",1.74517147873092,2.09403721984309,0.0892158783106945,1.91146908902423,2.09764351165756,2.27805944950706,FALSE,3.91035483501314,"diverse_initial",10,"recursive_poisson","recruitment"
"recruit_mean_50",44,44.9429802325263,1.21553517241424,42.6942415161543,44.9726076411462,47.2730934471825,TRUE,0.775773711799244,"diverse_initial",10,"recursive_poisson","recruit_size"
"recruit_mean_80",44.6,45.0988154391656,0.696000126616819,43.8369320184017,45.1018922639918,46.4074064206309,TRUE,0.716688718995312,"diverse_initial",10,"recursive_poisson","recruit_size"
"recruit_mean_110",45.2,45.2546506458048,0.201621074625801,44.8953423862694,45.2546528740479,45.6331411795249,TRUE,0.271056217244257,"diverse_initial",10,"recursive_poisson","recruit_size"
"recruit_sd.log_recruit_sd",3.5,3.46534439727083,0.109129926419307,3.27166938903291,3.46145542140013,3.69294190282714,TRUE,-0.31756277921433,"diverse_initial",10,"recursive_poisson","recruit_size"
"lambda",1.03119869581319,1.0459645867996,0.0119674921887376,1.022760656172,1.0456675455958,1.06869431534605,TRUE,1.23383335067492,"diverse_initial",10,"recursive_poisson","lambda"
"survival_50",0.354343693774205,0.367390483937741,0.0181072474449862,0.331220964492769,0.367421142176768,0.40097629480841,TRUE,0.720528628284077,"diverse_initial",10,"recursive_gamma_poisson","survival"
"survival_80",0.589040434058665,0.607388329995602,0.0156309064698677,0.578292631289724,0.60739349969183,0.637390928699471,TRUE,1.17382161887453,"diverse_initial",10,"recursive_gamma_poisson","survival"
"survival_110",0.789181706522253,0.804377622422524,0.0179731091650515,0.769624669304637,0.80455373762708,0.838056017610499,TRUE,0.84548064337245,"diverse_initial",10,"recursive_gamma_poisson","survival"
"growth_increment_50",12,11.8687721081309,0.488754133064186,10.9233374631655,11.8735465330211,12.7745993780468,TRUE,-0.268494694963258,"diverse_initial",10,"recursive_gamma_poisson","growth"
"growth_increment_80",8.4,8.57631250600377,0.357897757059261,7.9507171197453,8.57582498513994,9.25519249088144,TRUE,0.49263372716408,"diverse_initial",10,"recursive_gamma_poisson","growth"
"growth_increment_110",4.8,5.28385290387663,0.328818825806438,4.67484665122527,5.27771704010789,5.90131446391383,TRUE,1.47148784042388,"diverse_initial",10,"recursive_gamma_poisson","growth"
"growth_sd.log_growth_sd",4.5,4.79337634561908,0.407011474543852,4.10220574903752,4.74587970511216,5.69189331879904,TRUE,0.720806080339326,"diverse_initial",10,"recursive_gamma_poisson","growth"
"recruitment_50",0.019387103915861,0.0631654708345454,0.0157668330585559,0.0397449776358896,0.060477464395993,0.10290313431564,FALSE,2.77661130526959,"diverse_initial",10,"recursive_gamma_poisson","recruitment"
"recruitment_80",0.183939720585721,0.359977797221415,0.0503075651949319,0.277390019342801,0.354220654219889,0.476356690491075,FALSE,3.4992366645768,"diverse_initial",10,"recursive_gamma_poisson","recruitment"
"recruitment_110",1.74517147873092,2.07556238702245,0.10714027861689,1.88195748558611,2.07323556995367,2.29029624659833,FALSE,3.08372269100523,"diverse_initial",10,"recursive_gamma_poisson","recruitment"
"recruit_mean_50",44,44.9980443505962,1.29374845189675,42.6406790720448,44.929916760397,47.5442034659938,TRUE,0.771436169939387,"diverse_initial",10,"recursive_gamma_poisson","recruit_size"
"recruit_mean_80",44.6,45.1099302938976,0.743861070241637,43.8047160437284,45.0621572720533,46.5935926718742,TRUE,0.685518189212336,"diverse_initial",10,"recursive_gamma_poisson","recruit_size"
"recruit_mean_110",45.2,45.221816237199,0.232391955924873,44.7764771249125,45.2117006184567,45.7045251157303,TRUE,0.0938769034071983,"diverse_initial",10,"recursive_gamma_poisson","recruit_size"
"recruit_sd.log_recruit_sd",3.5,3.4328023716563,0.12142925010951,3.21535078147047,3.42803217566164,3.70339841004187,TRUE,-0.553389140450894,"diverse_initial",10,"recursive_gamma_poisson","recruit_size"
"lambda",1.03119869581319,1.04951214956268,0.0151104167261518,1.02119974129898,1.05021221334662,1.07789267709489,TRUE,1.21197542605076,"diverse_initial",10,"recursive_gamma_poisson","lambda"
"survival_50",0.354343693774205,0.406516944711976,0.0261257164240988,0.356850565152745,0.406674510182559,0.46115884770794,FALSE,1.99700747305232,"diverse_initial",10,"one_step_poisson","survival"
"survival_80",0.589040434058665,0.613797977242492,0.0336466398016018,0.552357879755538,0.612747081840265,0.679023655602893,TRUE,0.735810271985855,"diverse_initial",10,"one_step_poisson","survival"
"survival_110",0.789181706522253,0.784564216881895,0.0425733932539037,0.695930019344927,0.787456308818558,0.859802428004677,TRUE,-0.108459516318552,"diverse_initial",10,"one_step_poisson","survival"
"growth_increment_50",12,10.5997474686353,0.612993254431524,9.39729858499057,10.6109482614523,11.6724150187656,FALSE,-2.28428701497421,"diverse_initial",10,"one_step_poisson","growth"
"growth_increment_80",8.4,7.66912369313241,0.487118861970699,6.78791894320801,7.65092821597508,8.56273149305637,TRUE,-1.50040650019328,"diverse_initial",10,"one_step_poisson","growth"
"growth_increment_110",4.8,4.73849991762953,0.631335917839698,3.51735658951597,4.72771237828116,5.91114850739942,TRUE,-0.0974126144777396,"diverse_initial",10,"one_step_poisson","growth"
"growth_sd.log_growth_sd",4.5,5.63883289729901,0.444071359295649,4.80065152039317,5.61881725494912,6.50399997141723,FALSE,2.56452678935507,"diverse_initial",10,"one_step_poisson","growth"
"recruitment_50",0.019387103915861,0.0375463149272902,0.0131158009259129,0.0184968420655874,0.0358501586926003,0.067660576285322,TRUE,1.3845293256588,"diverse_initial",10,"one_step_poisson","recruitment"
"recruitment_80",0.183939720585721,0.271138849020108,0.0548028635150636,0.182071137002153,0.267330677377533,0.385473691692421,TRUE,1.59114182802543,"diverse_initial",10,"one_step_poisson","recruitment"
"recruitment_110",1.74517147873092,1.99603023361517,0.137950910801389,1.73680122170277,1.99077649304699,2.27265968659529,TRUE,1.81846392623978,"diverse_initial",10,"one_step_poisson","recruitment"
"recruit_mean_50",44,45.7327177573688,1.38829798408457,43.0204716216521,45.8124583032915,48.3393710728802,TRUE,1.24808778607526,"diverse_initial",10,"one_step_poisson","recruit_size"
"recruit_mean_80",44.6,45.5203313393099,0.808105932526149,43.9686051253395,45.5725397975065,47.0567381372951,TRUE,1.13887462307435,"diverse_initial",10,"one_step_poisson","recruit_size"
"recruit_mean_110",45.2,45.307944921251,0.246549594306905,44.8427877382189,45.3210091440969,45.7865219410144,TRUE,0.437822343834945,"diverse_initial",10,"one_step_poisson","recruit_size"
"recruit_sd.log_recruit_sd",3.5,3.42015378736308,0.108465897424269,3.22615598911767,3.4076039822768,3.65060075316833,TRUE,-0.736141170017644,"diverse_initial",10,"one_step_poisson","recruit_size"
"lambda",1.03119869581319,1.03147749066791,0.0436470645065759,0.945419230888348,1.03188417753058,1.11363539106328,TRUE,0.00638748236271515,"diverse_initial",10,"one_step_poisson","lambda"
"survival_50",0.354343693774205,0.393209256190886,0.0277378398762604,0.340545263713873,0.393167544167864,0.446645089366434,TRUE,1.40117480633178,"diverse_initial",10,"one_step_gamma_poisson","survival"
"survival_80",0.589040434058665,0.611139292981086,0.0369173607173379,0.532818046023488,0.61189249440741,0.680506517405709,TRUE,0.598603434617755,"diverse_initial",10,"one_step_gamma_poisson","survival"
"survival_110",0.789181706522253,0.789424871480304,0.0471322741132693,0.681180823630878,0.793522053019198,0.872818750988462,TRUE,0.00515920274643677,"diverse_initial",10,"one_step_gamma_poisson","survival"
"growth_increment_50",12,10.7864967153426,0.639775439352574,9.57467333826495,10.8212897511566,11.9586123689135,FALSE,-1.89676441140881,"diverse_initial",10,"one_step_gamma_poisson","growth"
"growth_increment_80",8.4,7.76261442346462,0.501544819999043,6.83462097526622,7.78840627476075,8.63405497383955,TRUE,-1.27084470045289,"diverse_initial",10,"one_step_gamma_poisson","growth"
"growth_increment_110",4.8,4.73873213158664,0.643029427212183,3.51177072493295,4.76266559404088,5.90997571593577,TRUE,-0.0952800382386645,"diverse_initial",10,"one_step_gamma_poisson","growth"
"growth_sd.log_growth_sd",4.5,5.73565279607369,0.437636064037246,4.91117736126662,5.71744638126131,6.63833729203245,FALSE,2.82347113872345,"diverse_initial",10,"one_step_gamma_poisson","growth"
"recruitment_50",0.019387103915861,0.027223326374838,0.0131059006057493,0.00966944599314365,0.0239358552696723,0.0604326526099829,TRUE,0.597915602651482,"diverse_initial",10,"one_step_gamma_poisson","recruitment"
"recruitment_80",0.183939720585721,0.227209128580237,0.0630076717861334,0.128002809289875,0.216489847923365,0.368985355574807,TRUE,0.686732373501834,"diverse_initial",10,"one_step_gamma_poisson","recruitment"
"recruitment_110",1.74517147873092,1.96763624361276,0.18378891544903,1.64076460394629,1.96088252058986,2.3424462349013,TRUE,1.21043624605062,"diverse_initial",10,"one_step_gamma_poisson","recruitment"
"recruit_mean_50",44,45.7801603281301,1.75966756397308,42.4649260778717,45.7809650821768,49.3539004671234,TRUE,1.01164581570779,"diverse_initial",10,"one_step_gamma_poisson","recruit_size"
"recruit_mean_80",44.6,45.5585535587363,1.03853672156827,43.6104106632458,45.5394274432853,47.6542893338455,TRUE,0.922984752324207,"diverse_initial",10,"one_step_gamma_poisson","recruit_size"
"recruit_mean_110",45.2,45.3369467893426,0.349445478844436,44.6440793482731,45.3317704800313,46.0374041451143,TRUE,0.391897442185975,"diverse_initial",10,"one_step_gamma_poisson","recruit_size"
"recruit_sd.log_recruit_sd",3.5,3.40798579883793,0.143509899125646,3.1354042745303,3.40382116941825,3.6861874378067,TRUE,-0.641169715278721,"diverse_initial",10,"one_step_gamma_poisson","recruit_size"
"lambda",1.03119869581319,1.04198311468169,0.0482690779482866,0.935659643371337,1.04581458164129,1.12268780918123,TRUE,0.223422930930098,"diverse_initial",10,"one_step_gamma_poisson","lambda"
"survival_50",0.354343693774205,0.400989980111964,0.0291752105620895,0.344561168992567,0.402536479450785,0.460347741492801,TRUE,1.59883289405877,"diverse_initial",10,"one_step_shared_gamma_poisson","survival"
"survival_80",0.589040434058665,0.620365003230908,0.0434746179277216,0.524098678011658,0.622235199638268,0.696454275557779,TRUE,0.720525462105762,"diverse_initial",10,"one_step_shared_gamma_poisson","survival"
"survival_110",0.789181706522253,0.796368519140921,0.0512362796197565,0.679225300465229,0.804065022194649,0.879088597005051,TRUE,0.14026804194223,"diverse_initial",10,"one_step_shared_gamma_poisson","survival"
"growth_increment_50",12,10.6923702908674,0.6446023028489,9.40625097828767,10.700860565976,11.9367098423308,FALSE,-2.0285836760952,"diverse_initial",10,"one_step_shared_gamma_poisson","growth"
"growth_increment_80",8.4,7.73700499036902,0.530843484032589,6.78758409820382,7.72781406411413,8.7408027611036,TRUE,-1.24894630823099,"diverse_initial",10,"one_step_shared_gamma_poisson","growth"
"growth_increment_110",4.8,4.7816396898707,0.637961206228444,3.52463704131351,4.78365825575603,5.90805812279109,TRUE,-0.0287796655189129,"diverse_initial",10,"one_step_shared_gamma_poisson","growth"
"growth_sd.log_growth_sd",4.5,5.54628499927993,0.434173727624587,4.72367458452452,5.54746778222067,6.4886380953293,FALSE,2.40983028845222,"diverse_initial",10,"one_step_shared_gamma_poisson","growth"
"recruitment_50",0.019387103915861,0.0377310454994442,0.0155479288618836,0.0155206344300007,0.036285034120004,0.0757113347957539,TRUE,1.17983184426282,"diverse_initial",10,"one_step_shared_gamma_poisson","recruitment"
"recruitment_80",0.183939720585721,0.273046024802703,0.0652522471065767,0.16213513924695,0.269397267503764,0.420162548937228,TRUE,1.36556682977437,"diverse_initial",10,"one_step_shared_gamma_poisson","recruitment"
"recruitment_110",1.74517147873092,2.03245995379888,0.166918515143454,1.69457510778808,2.02294749369417,2.35107854656636,TRUE,1.72113006649418,"diverse_initial",10,"one_step_shared_gamma_poisson","recruitment"
"recruit_mean_50",44,45.7713238049109,1.45466070328434,42.9831570884934,45.6497285086414,48.600677312229,TRUE,1.21768863413415,"diverse_initial",10,"one_step_shared_gamma_poisson","recruit_size"
"recruit_mean_80",44.6,45.5554014779928,0.852686017931923,43.9263784386295,45.5182956512669,47.1804418409854,TRUE,1.12046105823334,"diverse_initial",10,"one_step_shared_gamma_poisson","recruit_size"
"recruit_mean_110",45.2,45.3394791510746,0.268925084275533,44.8828134312059,45.3210362857994,45.8648324985025,TRUE,0.51865429902304,"diverse_initial",10,"one_step_shared_gamma_poisson","recruit_size"
"recruit_sd.log_recruit_sd",3.5,3.43256105095814,0.100119003835992,3.23958681329552,3.4309877692514,3.61759770090762,TRUE,-0.673587894984757,"diverse_initial",10,"one_step_shared_gamma_poisson","recruit_size"
"lambda",1.03119869581319,1.04426997103337,0.0553818345649499,0.926447116602289,1.04861931987181,1.14070280516746,TRUE,0.2360209863551,"diverse_initial",10,"one_step_shared_gamma_poisson","lambda"
