"quantity","truth","posterior_mean","posterior_sd","q025","median","q975","covers_truth","standardized_bias","scenario","replicate","method","group"
"survival_50",0.354343693774205,0.406692333012936,0.0377166439157753,0.33852365063197,0.404122669026446,0.476815895860798,TRUE,1.38794531548542,"standard",1,"ungated_weak","survival"
"survival_80",0.589040434058665,0.613993706595246,0.0462684094447224,0.51528651924905,0.615704387370654,0.701879496492889,TRUE,0.539315546742382,"standard",1,"ungated_weak","survival"
"survival_110",0.789181706522253,0.782216711319059,0.0634082503215966,0.62698746810932,0.789808028099605,0.883751580501449,TRUE,-0.109843674409373,"standard",1,"ungated_weak","survival"
"growth_increment_50",12,8.94874597486861,1.56128980673551,6.11828246783306,8.93769564179164,12.0659265817263,TRUE,-1.95431624030854,"standard",1,"ungated_weak","growth"
"growth_increment_80",8.4,7.80853103639132,1.29233130713038,5.12455716326407,7.86819635740132,10.2402958444039,TRUE,-0.45767595379395,"standard",1,"ungated_weak","growth"
"growth_increment_110",4.8,6.66831609791405,1.75457743354717,3.04293357869417,6.73134393565372,9.88479102221879,TRUE,1.06482396398826,"standard",1,"ungated_weak","growth"
"growth_sd.log_growth_sd",4.5,7.48245211165085,0.863470462354505,6.00041267447299,7.43962364814545,9.23715189897995,FALSE,3.45402910890353,"standard",1,"ungated_weak","growth"
"recruitment_50",0.000177489191913507,0.135338640209408,0.0413872718353532,0.0754230829814309,0.127662906176599,0.225338698910937,FALSE,3.2657661407399,"standard",1,"ungated_weak","recruitment"
"recruitment_80",0.183939720585721,0.481908282364825,0.0583316371338581,0.378841423888837,0.474113543351863,0.601038984872204,FALSE,5.1081810218241,"standard",1,"ungated_weak","recruitment"
"recruitment_110",2.3850093400699,1.77944517460212,0.215300984750269,1.39098718026229,1.76923976112918,2.21648067218007,FALSE,-2.81264001727713,"standard",1,"ungated_weak","recruitment"
"recruit_mean_50",44,44.4929477569148,0.938964091272502,42.6488682108283,44.5077011945014,46.2903610048582,TRUE,0.524991063552495,"standard",1,"ungated_weak","recruit_size"
"recruit_mean_80",44.6,44.848277379704,0.395018285460165,44.1094964338013,44.8555821808469,45.5937295485815,TRUE,0.628521232668429,"standard",1,"ungated_weak","recruit_size"
"recruit_mean_110",45.2,45.2036070024932,0.36050134261187,44.519684404445,45.1808626735502,45.9241262649218,TRUE,0.0100055175025542,"standard",1,"ungated_weak","recruit_size"
"recruit_sd.log_recruit_sd",3.5,3.09715804553551,0.257453345511168,2.62303229851923,3.09561505879336,3.63371512162357,TRUE,-1.56471827415822,"standard",1,"ungated_weak","recruit_size"
"lambda",1.04584764197332,1.02291072627973,0.0520474143486749,0.909157070107396,1.02517625650639,1.12343626348012,TRUE,-0.440692702617777,"standard",1,"ungated_weak","lambda"
"survival_50",0.354343693774205,0.409269898709264,0.0366058980082742,0.34560775988257,0.409910502641399,0.486807587730676,TRUE,1.500474183768,"standard",1,"maturity_weak","survival"
"survival_80",0.589040434058665,0.617234678357146,0.0463590278789675,0.521506209284839,0.616032002987296,0.708905018584081,TRUE,0.60817160299585,"standard",1,"maturity_weak","survival"
"survival_110",0.789181706522253,0.784867957127724,0.0627012795969181,0.647510445430639,0.79111692356956,0.889354082210516,TRUE,-0.0687984267986353,"standard",1,"maturity_weak","survival"
"growth_increment_50",12,8.94535947623711,1.51823144380727,5.76605552116927,8.97324264400706,11.7899569615281,FALSE,-2.01197290190669,"standard",1,"maturity_weak","growth"
"growth_increment_80",8.4,7.96264327055481,1.23038220808342,5.64139503068144,7.94221106768094,10.4536979447298,TRUE,-0.355464120475589,"standard",1,"maturity_weak","growth"
"growth_increment_110",4.8,6.97992706487252,1.72011538425513,3.66695445478002,7.00065436744872,10.3219524588497,TRUE,1.26731443996503,"standard",1,"maturity_weak","growth"
"growth_sd.log_growth_sd",4.5,7.36767281544967,0.841147187722693,5.92809250746632,7.29898808209096,9.0209813470656,FALSE,3.40924021063848,"standard",1,"maturity_weak","growth"
"recruitment_50",0.000177489191913507,0.0024775442488232,0.00106850150067283,0.00097546419599637,0.00227128680043969,0.00506966756411224,FALSE,2.15259880820135,"standard",1,"maturity_weak","recruitment"
"recruitment_80",0.183939720585721,0.662447453230625,0.135867247624845,0.432882128400736,0.645972138843192,0.953224043570401,FALSE,3.52187698661676,"standard",1,"maturity_weak","recruitment"
"recruitment_110",2.3850093400699,2.33368748085071,0.1876990382296,1.97193455998186,2.33816285418843,2.69880693348348,TRUE,-0.273426330274622,"standard",1,"maturity_weak","recruitment"
"recruit_mean_50",44,44.1240843383641,1.4644730785128,41.4985258337727,44.0798923751096,47.1049899228841,TRUE,0.0847296820847981,"standard",1,"maturity_weak","recruit_size"
"recruit_mean_80",44.6,44.6123706720044,0.689045607865352,43.3455390009465,44.5967886323619,45.9659982831807,TRUE,0.0179533428022333,"standard",1,"maturity_weak","recruit_size"
"recruit_mean_110",45.2,45.1006570056445,0.24583797569186,44.6244332182812,45.1050902936864,45.5759175268172,TRUE,-0.404099464600129,"standard",1,"maturity_weak","recruit_size"
"recruit_sd.log_recruit_sd",3.5,3.12147070566238,0.245909690118635,2.6600078563112,3.13090567739525,3.62507608959239,TRUE,-1.53930206717354,"standard",1,"maturity_weak","recruit_size"
"lambda",1.04584764197332,1.01260644614415,0.0502971261307014,0.903558552293657,1.01480116355449,1.10676586216686,TRUE,-0.660896524043682,"standard",1,"maturity_weak","lambda"
"survival_50",0.354343693774205,0.417754214537537,0.039304347510873,0.340974357876926,0.420092326586307,0.492865272382612,TRUE,1.61332078457201,"standard",1,"maturity_shape_informed","survival"
"survival_80",0.589040434058665,0.620046437405686,0.0455222767561989,0.52524570701617,0.625341046257456,0.694853703464196,TRUE,0.681117148711122,"standard",1,"maturity_shape_informed","survival"
"survival_110",0.789181706522253,0.782721215457708,0.0648789141460498,0.644362070359668,0.791727526960481,0.881772984928601,TRUE,-0.0995776694104631,"standard",1,"maturity_shape_informed","survival"
"growth_increment_50",12,8.70451704817417,1.45593741262039,5.97516872787587,8.57326501102042,11.6626242273359,FALSE,-2.263478445749,"standard",1,"maturity_shape_informed","growth"
"growth_increment_80",8.4,7.82297486550092,1.25704204911209,5.49702341903973,7.73412092954572,10.3979639118688,TRUE,-0.459034075197933,"standard",1,"maturity_shape_informed","growth"
"growth_increment_110",4.8,6.94143268282766,1.83818378513,3.56636888785994,6.74640657993089,10.6604004309473,TRUE,1.16497202301032,"standard",1,"maturity_shape_informed","growth"
"growth_sd.log_growth_sd",4.5,7.34300864491752,0.810726985854973,5.87840574397888,7.32495508762495,8.9651139023267,FALSE,3.50673986991977,"standard",1,"maturity_shape_informed","growth"
"recruitment_50",0.000177489191913507,0.000978789093432236,0.000411775352869954,0.000434346244364761,0.000874896863453684,0.00196393103996592,FALSE,1.94596372981992,"standard",1,"maturity_shape_informed","recruitment"
"recruitment_80",0.183939720585721,0.425799682419506,0.0923034396633273,0.281392022633628,0.409984510561427,0.633340119128485,FALSE,2.62027030320818,"standard",1,"maturity_shape_informed","recruitment"
"recruitment_110",2.3850093400699,2.40178552133184,0.180323979779128,2.09456931698158,2.38985361360606,2.80564674842173,TRUE,0.0930335570592657,"standard",1,"maturity_shape_informed","recruitment"
"recruit_mean_50",44,44.408692158808,1.55916521358654,41.4668688775718,44.4709221703956,47.2633501155411,TRUE,0.262122419899256,"standard",1,"maturity_shape_informed","recruit_size"
"recruit_mean_80",44.6,44.7006126715568,0.807914499609973,43.1664381929979,44.7145992831334,46.1323028210209,TRUE,0.124533810948298,"standard",1,"maturity_shape_informed","recruit_size"
"recruit_mean_110",45.2,44.9925331843056,0.220636648462218,44.6087350429366,44.999063150985,45.4099256101686,TRUE,-0.940309858495152,"standard",1,"maturity_shape_informed","recruit_size"
"recruit_sd.log_recruit_sd",3.5,3.06990346258171,0.248213928046975,2.63273971469153,3.04634257999695,3.59265510518509,TRUE,-1.73276552529678,"standard",1,"maturity_shape_informed","recruit_size"
"lambda",1.04584764197332,1.03959875030483,0.0545655357829325,0.924195733591663,1.04028968895389,1.13849937150878,TRUE,-0.11452085238106,"standard",1,"maturity_shape_informed","lambda"
"survival_50",0.354343693774205,0.455817915495828,0.0451862497551964,0.378491890920872,0.455100596675167,0.549977991151566,FALSE,2.24568806376666,"standard",1,"maturity_fixed_recruitment_slope","survival"
"survival_80",0.589040434058665,0.637167310614799,0.0454790738445584,0.542748371996744,0.638406073761827,0.72056722288793,TRUE,1.05822024258068,"standard",1,"maturity_fixed_recruitment_slope","survival"
"survival_110",0.789181706522253,0.781650065445863,0.0646592675523349,0.627683492092646,0.788795115084282,0.887397878812385,TRUE,-0.116482004227676,"standard",1,"maturity_fixed_recruitment_slope","survival"
"growth_increment_50",12,7.41740204063855,1.38591863079797,4.87110522162971,7.41470785734574,10.2958251818951,FALSE,-3.3065418542811,"standard",1,"maturity_fixed_recruitment_slope","growth"
"growth_increment_80",8.4,7.23729953863941,1.1639136608035,5.00805734933347,7.22177973527215,9.35599532211595,TRUE,-0.998957655121885,"standard",1,"maturity_fixed_recruitment_slope","growth"
"growth_increment_110",4.8,7.05719703664025,1.70204259933751,4.02615013530122,7.06986129862274,10.1933173862849,TRUE,1.32616953154923,"standard",1,"maturity_fixed_recruitment_slope","growth"
"growth_sd.log_growth_sd",4.5,7.26070262139393,0.733590770540575,5.89054105856702,7.22042946716743,8.75072070834132,FALSE,3.76327338382351,"standard",1,"maturity_fixed_recruitment_slope","growth"
"recruitment_50",0.000177489191913507,0.000151792359529898,1.57003001833737e-05,0.000123592005444794,0.000149591721209853,0.000184097079599056,TRUE,-1.63670962233081,"standard",1,"maturity_fixed_recruitment_slope","recruitment"
"recruitment_80",0.183939720585721,0.157308982580656,0.0162708996401821,0.128083736835213,0.155028365978962,0.190787760184289,TRUE,-1.6367096223308,"standard",1,"maturity_fixed_recruitment_slope","recruitment"
"recruitment_110",2.3850093400699,2.03970839760471,0.210972635435148,1.66076640591979,2.01013734096268,2.47380276843734,TRUE,-1.63670962233081,"standard",1,"maturity_fixed_recruitment_slope","recruitment"
"recruit_mean_50",44,44.5510988505174,1.72441195552381,41.0024089787415,44.5808863618194,48.1386128511067,TRUE,0.319586540067826,"standard",1,"maturity_fixed_recruitment_slope","recruit_size"
"recruit_mean_80",44.6,44.717175945235,0.985181098869907,42.6736852146656,44.7328303750275,46.7868228818348,TRUE,0.118938482852937,"standard",1,"maturity_fixed_recruitment_slope","recruit_size"
"recruit_mean_110",45.2,44.8832530399525,0.323566441202853,44.2831933165043,44.8765067789791,45.509997175966,TRUE,-0.978924015945626,"standard",1,"maturity_fixed_recruitment_slope","recruit_size"
"recruit_sd.log_recruit_sd",3.5,2.86953110711488,0.272044573305485,2.39197049003517,2.853784470062,3.40912341671039,FALSE,-2.3175205637245,"standard",1,"maturity_fixed_recruitment_slope","recruit_size"
"lambda",1.04584764197332,1.09004439653227,0.0603131404380346,0.959046071800373,1.09042578480703,1.20650827539447,TRUE,0.732788149281654,"standard",1,"maturity_fixed_recruitment_slope","lambda"
"survival_50",0.354343693774205,0.332313756098638,0.0156456977255811,0.302072380261671,0.332501359837443,0.363173043739543,TRUE,-1.40805083045593,"dense_profiles",1,"ungated_weak","survival"
"survival_80",0.589040434058665,0.581258206741888,0.0202777770134815,0.540163188082415,0.581324243988936,0.621303121308183,TRUE,-0.383781087621338,"dense_profiles",1,"ungated_weak","survival"
"survival_110",0.789181706522253,0.793765531980108,0.0266022571178472,0.738683096263547,0.794245998973093,0.841492494722263,TRUE,0.172309644160986,"dense_profiles",1,"ungated_weak","survival"
"growth_increment_50",12,11.5629295777371,0.645084784611205,10.3573081392335,11.5393943847952,12.7701957112744,TRUE,-0.677539499751676,"dense_profiles",1,"ungated_weak","growth"
"growth_increment_80",8.4,8.17722229761384,0.537486060421657,7.15994595687908,8.17777871577817,9.15778782854202,TRUE,-0.414480893162877,"dense_profiles",1,"ungated_weak","growth"
"growth_increment_110",4.8,4.79151501749056,0.650358050834137,3.52215326219387,4.79305663523372,5.89729591563179,TRUE,-0.013046632541194,"dense_profiles",1,"ungated_weak","growth"
"growth_sd.log_growth_sd",4.5,4.12789535890532,0.565860954424773,3.18676625726834,4.06571510006065,5.41153959871175,TRUE,-0.657590240473373,"dense_profiles",1,"ungated_weak","growth"
"recruitment_50",0.000177489191913507,0.0576010712714237,0.0145026263416403,0.0340814204429102,0.0558576672434954,0.090687725665886,FALSE,3.95952986216257,"dense_profiles",1,"ungated_weak","recruitment"
"recruitment_80",0.183939720585721,0.333274734443323,0.040824670676195,0.262357328223371,0.332046532423174,0.421434643480864,FALSE,3.65796003700967,"dense_profiles",1,"ungated_weak","recruitment"
"recruitment_110",2.3850093400699,1.96021276579323,0.0667325630997892,1.84254705615037,1.95587773395835,2.0983799782986,FALSE,-6.36565650327937,"dense_profiles",1,"ungated_weak","recruitment"
"recruit_mean_50",44,45.8257603148467,0.941494553975238,43.9122221414657,45.9202344536416,47.7443790384574,TRUE,1.93921495046131,"dense_profiles",1,"ungated_weak","recruit_size"
"recruit_mean_80",44.6,45.6166130193768,0.458133019204461,44.6947322138394,45.6460446123361,46.5171817033656,FALSE,2.2190345964195,"dense_profiles",1,"ungated_weak","recruit_size"
"recruit_mean_110",45.2,45.407465723907,0.145178980658411,45.1241224539709,45.406569852696,45.7199983933721,TRUE,1.42903416848707,"dense_profiles",1,"ungated_weak","recruit_size"
"recruit_sd.log_recruit_sd",3.5,3.67519843598161,0.0982629257792506,3.49521733535771,3.67132401625929,3.87636952504442,TRUE,1.78295562229846,"dense_profiles",1,"ungated_weak","recruit_size"
"lambda",1.04584764197332,1.00935466917234,0.0264937434427807,0.957691328734433,1.00890489614853,1.06004443761021,TRUE,-1.37741851693387,"dense_profiles",1,"ungated_weak","lambda"
"survival_50",0.354343693774205,0.331944407553636,0.0154940070124255,0.303176494305714,0.331690233689622,0.36204625337178,TRUE,-1.44567420181268,"dense_profiles",1,"maturity_weak","survival"
"survival_80",0.589040434058665,0.579935762868608,0.0192710953036516,0.541403228385979,0.580444091959331,0.61650519927109,TRUE,-0.472452190526613,"dense_profiles",1,"maturity_weak","survival"
"survival_110",0.789181706522253,0.792427098954507,0.0246157639331938,0.74212770186481,0.79319998648167,0.837054995871884,TRUE,0.13184203590275,"dense_profiles",1,"maturity_weak","survival"
"growth_increment_50",12,11.5236748287663,0.612396660659443,10.4401572983266,11.526326592403,12.6294487655707,TRUE,-0.777804978101521,"dense_profiles",1,"maturity_weak","growth"
"growth_increment_80",8.4,8.14508307147391,0.486473109164323,7.21742351327469,8.11269473485741,9.11466137259008,TRUE,-0.524010317783014,"dense_profiles",1,"maturity_weak","growth"
"growth_increment_110",4.8,4.76649131418149,0.549832345183625,3.66726968739912,4.72652685028924,5.82880325391966,TRUE,-0.060943460514894,"dense_profiles",1,"maturity_weak","growth"
"growth_sd.log_growth_sd",4.5,4.17628916432804,0.526265497733105,3.18377830942331,4.14592478828976,5.24993349941151,TRUE,-0.615109364125798,"dense_profiles",1,"maturity_weak","growth"
"recruitment_50",0.000177489191913507,0.00073290949117709,0.000239281568442869,0.000396050974079252,0.000687050150494283,0.00126954176150373,FALSE,2.32119967650661,"dense_profiles",1,"maturity_weak","recruitment"
"recruitment_80",0.183939720585721,0.359570195311344,0.0603787256550689,0.261569935076951,0.353849555572796,0.485581904117258,FALSE,2.90881387144477,"dense_profiles",1,"maturity_weak","recruitment"
"recruitment_110",2.3850093400699,2.25989386518633,0.0743488727748985,2.11925310233696,2.25939578843826,2.41104041617208,TRUE,-1.68281602953652,"dense_profiles",1,"maturity_weak","recruitment"
"recruit_mean_50",44,45.8485213913969,1.28813906550421,43.4742179272338,45.7959817570864,48.2891627220119,TRUE,1.43503247506384,"dense_profiles",1,"maturity_weak","recruit_size"
"recruit_mean_80",44.6,45.6440877725977,0.663733069155323,44.3399564935901,45.614166911939,46.9353432872998,TRUE,1.5730537186077,"dense_profiles",1,"maturity_weak","recruit_size"
"recruit_mean_110",45.2,45.4396541537986,0.135128680837108,45.167823959412,45.4452405410489,45.6899262902746,TRUE,1.77352544488653,"dense_profiles",1,"maturity_weak","recruit_size"
"recruit_sd.log_recruit_sd",3.5,3.6795067184703,0.108002113145698,3.47582993824549,3.68165311796646,3.89970475351303,TRUE,1.66206672482543,"dense_profiles",1,"maturity_weak","recruit_size"
"lambda",1.04584764197332,0.999463013444545,0.0222916643637718,0.956111430431337,0.999005973581707,1.04206057175608,FALSE,-2.08080598073941,"dense_profiles",1,"maturity_weak","lambda"
"survival_50",0.354343693774205,0.332031165033602,0.0161368719047169,0.299375023671994,0.332433323637059,0.365866436769732,TRUE,-1.38270470710503,"dense_profiles",1,"maturity_shape_informed","survival"
"survival_80",0.589040434058665,0.579773453556802,0.0197187692672241,0.537416855560015,0.580304769610291,0.619530638029229,TRUE,-0.46995734755447,"dense_profiles",1,"maturity_shape_informed","survival"
"survival_110",0.789181706522253,0.792035524413363,0.026424384621238,0.733052062043299,0.795181636451773,0.835511421503899,TRUE,0.107999407820332,"dense_profiles",1,"maturity_shape_informed","survival"
"growth_increment_50",12,11.5252698060788,0.616648718464137,10.4261751808885,11.5858478251791,12.7028104322419,TRUE,-0.769855153682228,"dense_profiles",1,"maturity_shape_informed","growth"
"growth_increment_80",8.4,8.15119762131572,0.5159237776343,7.10249460924559,8.15067515221343,9.15166490345534,TRUE,-0.482246388846689,"dense_profiles",1,"maturity_shape_informed","growth"
"growth_increment_110",4.8,4.77712543655259,0.650136632081528,3.45370611288561,4.78354823136892,5.9699326478333,TRUE,-0.0351842402329711,"dense_profiles",1,"maturity_shape_informed","growth"
"growth_sd.log_growth_sd",4.5,4.1671021085016,0.597951053271046,3.14226618711086,4.1058169253448,5.41095951505897,TRUE,-0.5567310061205,"dense_profiles",1,"maturity_shape_informed","growth"
"recruitment_50",0.000177489191913507,0.000522945185940065,0.000167616491135318,0.00028942763261934,0.000496766894720619,0.00092408880910369,FALSE,2.06099048898279,"dense_profiles",1,"maturity_shape_informed","recruitment"
"recruitment_80",0.183939720585721,0.30258949346815,0.0494041717714997,0.223100276051887,0.297686307001271,0.413828507006946,FALSE,2.40161445133012,"dense_profiles",1,"maturity_shape_informed","recruitment"
"recruitment_110",2.3850093400699,2.23786305673197,0.0752092035952753,2.09558273613115,2.2347378120023,2.38065529915099,FALSE,-1.9564930394659,"dense_profiles",1,"maturity_shape_informed","recruitment"
"recruit_mean_50",44,45.7932856061787,1.36686109488829,43.2345730198693,45.7846084912436,48.5133874001464,TRUE,1.31197355231278,"dense_profiles",1,"maturity_shape_informed","recruit_size"
"recruit_mean_80",44.6,45.6152069776557,0.719243529687379,44.2672344008789,45.6156066218746,46.9849422128052,TRUE,1.41149268050692,"dense_profiles",1,"maturity_shape_informed","recruit_size"
"recruit_mean_110",45.2,45.4371283491327,0.14540265966792,45.1494993285953,45.4367144906536,45.7131384070721,TRUE,1.63083914471904,"dense_profiles",1,"maturity_shape_informed","recruit_size"
"recruit_sd.log_recruit_sd",3.5,3.67992835531737,0.100249520566494,3.50118987212257,3.68215180371489,3.88392452059803,FALSE,1.79480514520789,"dense_profiles",1,"maturity_shape_informed","recruit_size"
"lambda",1.04584764197332,1.00578755005015,0.0269690883613162,0.950071154335024,1.0054769052001,1.05851314152145,TRUE,-1.485407715176,"dense_profiles",1,"maturity_shape_informed","lambda"
"survival_50",0.354343693774205,0.338606906074345,0.0171839902531166,0.305833254326677,0.337553267231289,0.373585401357657,TRUE,-0.915781926552539,"dense_profiles",1,"maturity_fixed_recruitment_slope","survival"
"survival_80",0.589040434058665,0.582967520554006,0.0205001068266102,0.543524093960067,0.582017844974212,0.624596862727772,TRUE,-0.296238139441125,"dense_profiles",1,"maturity_fixed_recruitment_slope","survival"
"survival_110",0.789181706522253,0.79150800820873,0.0266564585528328,0.732317420366113,0.792758667664924,0.842001301970744,TRUE,0.0872697204644349,"dense_profiles",1,"maturity_fixed_recruitment_slope","survival"
"growth_increment_50",12,11.2951571280853,0.700678462546937,10.0147775270813,11.3082782992208,12.7897266774117,TRUE,-1.00594339570908,"dense_profiles",1,"maturity_fixed_recruitment_slope","growth"
"growth_increment_80",8.4,8.00969348599843,0.565870881272906,6.9862384744262,7.96919675182103,9.17178273152249,TRUE,-0.689744828579246,"dense_profiles",1,"maturity_fixed_recruitment_slope","growth"
"growth_increment_110",4.8,4.72422984391155,0.637567245752261,3.58451385087389,4.70212345755582,6.05064767108061,TRUE,-0.11884261086695,"dense_profiles",1,"maturity_fixed_recruitment_slope","growth"
"growth_sd.log_growth_sd",4.5,4.38487366516313,0.605775093176347,3.27528551225306,4.37749342058703,5.764020638391,TRUE,-0.190047983374837,"dense_profiles",1,"maturity_fixed_recruitment_slope","growth"
"recruitment_50",0.000177489191913507,0.000151041608958228,5.17570338775941e-06,0.000141606858075751,0.000150938484936069,0.000160905500293208,FALSE,-5.10994950325548,"dense_profiles",1,"maturity_fixed_recruitment_slope","recruitment"
"recruitment_80",0.183939720585721,0.156530947316122,0.0053638051123866,0.146753307210777,0.156424075434983,0.166753324219659,FALSE,-5.10994950325547,"dense_profiles",1,"maturity_fixed_recruitment_slope","recruitment"
"recruitment_110",2.3850093400699,2.02962019388825,0.0695484653919269,1.90284081800992,2.02823446581442,2.16216614054411,FALSE,-5.10994950325547,"dense_profiles",1,"maturity_fixed_recruitment_slope","recruitment"
"recruit_mean_50",44,45.3222725333594,1.52256422379018,42.4566581171293,45.296993547073,48.2903540148776,TRUE,0.868451072669898,"dense_profiles",1,"maturity_fixed_recruitment_slope","recruit_size"
"recruit_mean_80",44.6,45.3510817641484,0.8555890383582,43.719713588763,45.3550416403488,47.0205590790273,TRUE,0.877853420831177,"dense_profiles",1,"maturity_fixed_recruitment_slope","recruit_size"
"recruit_mean_110",45.2,45.3798909949374,0.228541020125906,44.9255306616938,45.3962607542272,45.8021316625693,TRUE,0.787127819934993,"dense_profiles",1,"maturity_fixed_recruitment_slope","recruit_size"
"recruit_sd.log_recruit_sd",3.5,3.65156779657894,0.113286918659047,3.4534407188035,3.64704032357172,3.87603273136257,TRUE,1.33791084066031,"dense_profiles",1,"maturity_fixed_recruitment_slope","recruit_size"
"lambda",1.04584764197332,1.0269326762661,0.0281826226235655,0.974537016007285,1.02626819750666,1.08569058175144,TRUE,-0.671157044533028,"dense_profiles",1,"maturity_fixed_recruitment_slope","lambda"
"survival_50",0.354343693774205,0.403350960846274,0.0124183985781411,0.379070698665296,0.404017198601177,0.425972106354867,FALSE,3.94634354532089,"rich_design",1,"ungated_weak","survival"
"survival_80",0.589040434058665,0.59774957672629,0.0152342821633142,0.569213435056761,0.597554042378627,0.629086944780585,TRUE,0.571680540918276,"rich_design",1,"ungated_weak","survival"
"survival_110",0.789181706522253,0.764970407107602,0.0236885547925776,0.718577740943477,0.765480309501259,0.809101641820934,TRUE,-1.02206739189664,"rich_design",1,"ungated_weak","survival"
"growth_increment_50",12,10.5508735206929,0.167699622142779,10.2351816010034,10.548933426169,10.8763755805377,FALSE,-8.64120300803851,"rich_design",1,"ungated_weak","growth"
"growth_increment_80",8.4,7.38666886814626,0.107702846605751,7.18583749848753,7.38948769488688,7.58219731704141,FALSE,-9.40858263071786,"rich_design",1,"ungated_weak","growth"
"growth_increment_110",4.8,4.22246421559961,0.0909224065515361,4.0501630826723,4.22485273156633,4.39345039594993,FALSE,-6.35196324321923,"rich_design",1,"ungated_weak","growth"
"growth_sd.log_growth_sd",4.5,6.04737992800468,0.360460222947489,5.38827489917073,6.02747989418139,6.83850242456171,FALSE,4.2927896880042,"rich_design",1,"ungated_weak","growth"
"recruitment_50",0.000177489191913507,0.0459941938362421,0.00943398418266317,0.0292422234559186,0.0455992105882845,0.0666781616644772,FALSE,4.85655940875181,"rich_design",1,"ungated_weak","recruitment"
"recruitment_80",0.183939720585721,0.293612809874209,0.0324141471929792,0.23064956450026,0.292976367430785,0.361811716316932,FALSE,3.38349451662399,"rich_design",1,"ungated_weak","recruitment"
"recruitment_110",2.3850093400699,1.89151178228954,0.0544039414189986,1.77917115645708,1.8909571600588,1.999913533886,FALSE,-9.07098906639201,"rich_design",1,"ungated_weak","recruitment"
"recruit_mean_50",44,43.9630708633415,0.674494491403056,42.6278294236467,43.9543792790379,45.1864950610718,TRUE,-0.054750835075968,"rich_design",1,"ungated_weak","recruit_size"
"recruit_mean_80",44.6,44.5795274871722,0.366120720618038,43.7989176449377,44.5814845384881,45.2776317504812,TRUE,-0.0559173837341898,"rich_design",1,"ungated_weak","recruit_size"
"recruit_mean_110",45.2,45.1959841110028,0.119121526717028,44.9815857941393,45.1926025945582,45.4265146980172,TRUE,-0.033712538009955,"rich_design",1,"ungated_weak","recruit_size"
"recruit_sd.log_recruit_sd",3.5,3.45544798835521,0.0940020523627867,3.28259418575075,3.44706846987004,3.64654233261232,TRUE,-0.473947222693013,"rich_design",1,"ungated_weak","recruit_size"
"lambda",1.04584764197332,0.992144298707208,0.0210733826078215,0.949883280238301,0.992613565483571,1.02995952114503,FALSE,-2.54839691688494,"rich_design",1,"ungated_weak","lambda"
"survival_50",0.354343693774205,0.403624108492851,0.0133585755350865,0.376811231033003,0.404393784028789,0.430785634911293,FALSE,3.68904712850638,"rich_design",1,"maturity_weak","survival"
"survival_80",0.589040434058665,0.599574589032794,0.0151694386047844,0.570761730669174,0.600066109203202,0.627502816993253,TRUE,0.694432750517655,"rich_design",1,"maturity_weak","survival"
"survival_110",0.789181706522253,0.767599358633891,0.0221196305246311,0.722920725548438,0.767908302720367,0.807447098874386,TRUE,-0.975710144178469,"rich_design",1,"maturity_weak","survival"
"growth_increment_50",12,10.4545950419208,0.20432229049975,10.0679096894731,10.4453044782333,10.8674247507692,FALSE,-7.56356516119361,"rich_design",1,"maturity_weak","growth"
"growth_increment_80",8.4,7.31754861367904,0.135220374752689,7.07258348007856,7.31758815426369,7.59689612971707,FALSE,-8.00509086223658,"rich_design",1,"maturity_weak","growth"
"growth_increment_110",4.8,4.18050218543725,0.106586719531473,3.96718875100837,4.18398833586065,4.38497803752073,FALSE,-5.81214824216283,"rich_design",1,"maturity_weak","growth"
"growth_sd.log_growth_sd",4.5,6.0964664737619,0.386917930770266,5.39101908876719,6.09367691153084,6.94934678646341,FALSE,4.12611137091448,"rich_design",1,"maturity_weak","growth"
"recruitment_50",0.000177489191913507,0.000429905867115269,9.34150321404354e-05,0.00026944808720919,0.000425706009746465,0.000613864287908046,FALSE,2.7020991099408,"rich_design",1,"maturity_weak","recruitment"
"recruitment_80",0.183939720585721,0.270579272121587,0.0337822632036738,0.208083919265413,0.26976108495658,0.334888462468948,FALSE,2.56464615805977,"rich_design",1,"maturity_weak","recruitment"
"recruitment_110",2.3850093400699,2.14999902112908,0.080751688384537,1.99547549848253,2.15298548774948,2.31133547764212,FALSE,-2.91028365650649,"rich_design",1,"maturity_weak","recruitment"
"recruit_mean_50",44,43.7608399266487,0.86357439056703,42.0083429164323,43.7782879719891,45.4139179264196,TRUE,-0.276942063085391,"rich_design",1,"maturity_weak","recruit_size"
"recruit_mean_80",44.6,44.4249537707792,0.492543011036472,43.4237507803013,44.4469389771427,45.3543975465213,TRUE,-0.355392778495453,"rich_design",1,"maturity_weak","recruit_size"
"recruit_mean_110",45.2,45.0890676149098,0.149983724768391,44.7800483523199,45.089901596205,45.3676653519428,TRUE,-0.739629484875532,"rich_design",1,"maturity_weak","recruit_size"
"recruit_sd.log_recruit_sd",3.5,3.47367015386928,0.0829637970766216,3.30358917636879,3.47769945482089,3.62997140739137,TRUE,-0.317365490231848,"rich_design",1,"maturity_weak","recruit_size"
"lambda",1.04584764197332,0.99035180477337,0.0202736624682093,0.947104692248663,0.990409146999246,1.02634050323941,FALSE,-2.73733654621945,"rich_design",1,"maturity_weak","lambda"
"survival_50",0.354343693774205,0.405780644532536,0.0141745213881213,0.37711406311472,0.406141014640832,0.432733911272666,FALSE,3.62883157391384,"rich_design",1,"maturity_shape_informed","survival"
"survival_80",0.589040434058665,0.600151171392814,0.0160500635242752,0.570485111292405,0.599486003369761,0.63032001060097,TRUE,0.692255037953212,"rich_design",1,"maturity_shape_informed","survival"
"survival_110",0.789181706522253,0.766778891851879,0.0236460806103601,0.71931117186717,0.768611023583993,0.811221939789537,TRUE,-0.947421902154822,"rich_design",1,"maturity_shape_informed","survival"
"growth_increment_50",12,10.4460678058312,0.199512761915512,9.99142450687722,10.4575581978825,10.8200189599573,FALSE,-7.78863557022391,"rich_design",1,"maturity_shape_informed","growth"
"growth_increment_80",8.4,7.31155755420874,0.126313781740043,7.01857922306614,7.31928496012551,7.55022862585515,FALSE,-8.61697299215777,"rich_design",1,"maturity_shape_informed","growth"
"growth_increment_110",4.8,4.17704730258625,0.0952316369567222,3.98575023497569,4.17545394666418,4.38149500423285,FALSE,-6.54144691114415,"rich_design",1,"maturity_shape_informed","growth"
"growth_sd.log_growth_sd",4.5,6.12216411172994,0.369630128914225,5.4364652113261,6.10541099107036,6.87942314111045,FALSE,4.38861441434708,"rich_design",1,"maturity_shape_informed","growth"
"recruitment_50",0.000177489191913507,0.000382431760562737,8.00041317408676e-05,0.000248906554826531,0.000374259107430881,0.000554832906960329,FALSE,2.56164980720041,"rich_design",1,"maturity_shape_informed","recruitment"
"recruitment_80",0.183939720585721,0.253365588077677,0.0303100715063709,0.199134167395591,0.253153656175687,0.316312777862619,FALSE,2.29052140234519,"rich_design",1,"maturity_shape_informed","recruitment"
"recruitment_110",2.3850093400699,2.11744453400459,0.0783101281326505,1.97722617898704,2.11346326304636,2.27778636131681,FALSE,-3.41673308990224,"rich_design",1,"maturity_shape_informed","recruitment"
"recruit_mean_50",44,43.6095461163166,0.81000991244679,42.0560400499196,43.6292136948077,45.1421033499948,TRUE,-0.48203593275046,"rich_design",1,"maturity_shape_informed","recruit_size"
"recruit_mean_80",44.6,44.3315242889985,0.464191346745825,43.403910458404,44.3414057075563,45.1991777776947,TRUE,-0.578372933669806,"rich_design",1,"maturity_shape_informed","recruit_size"
"recruit_mean_110",45.2,45.0535024616804,0.148534641068394,44.7588998991886,45.0586004969038,45.3508350628815,TRUE,-0.986285335635241,"rich_design",1,"maturity_shape_informed","recruit_size"
"recruit_sd.log_recruit_sd",3.5,3.46391478989623,0.0835613643214028,3.30640295952031,3.4664511907586,3.62138355978065,TRUE,-0.431840844112793,"rich_design",1,"maturity_shape_informed","recruit_size"
"lambda",1.04584764197332,0.991755054009558,0.021407713030979,0.950539115985858,0.993546076721706,1.03208814036948,FALSE,-2.5267803191066,"rich_design",1,"maturity_shape_informed","lambda"
"survival_50",0.354343693774205,0.416799183497566,0.0140473910347238,0.390867739095287,0.416660423136224,0.444161023605591,FALSE,4.44605618003926,"rich_design",1,"maturity_fixed_recruitment_slope","survival"
"survival_80",0.589040434058665,0.607550910822624,0.0145130700902749,0.578704998625507,0.607343076248229,0.635539098135678,TRUE,1.27543494579848,"rich_design",1,"maturity_fixed_recruitment_slope","survival"
"survival_110",0.789181706522253,0.769789584727236,0.0213691145578309,0.728614813210874,0.770762136558495,0.811064659979436,TRUE,-0.907483636841194,"rich_design",1,"maturity_fixed_recruitment_slope","survival"
"growth_increment_50",12,9.9203498308879,0.151907494874115,9.62216730559385,9.92150354067982,10.2160268707515,FALSE,-13.690240700997,"rich_design",1,"maturity_fixed_recruitment_slope","growth"
"growth_increment_80",8.4,6.94243889929561,0.0981191699212152,6.74973446015314,6.94429051307741,7.13501873438633,FALSE,-14.8550084746409,"rich_design",1,"maturity_fixed_recruitment_slope","growth"
"growth_increment_110",4.8,3.96452796770333,0.090363907759457,3.79220336913881,3.9623017057659,4.14093969157023,FALSE,-9.24563858527065,"rich_design",1,"maturity_fixed_recruitment_slope","growth"
"growth_sd.log_growth_sd",4.5,6.36669330572244,0.356984488298784,5.71719835765223,6.35170618308097,7.11377239641195,FALSE,5.22905999254534,"rich_design",1,"maturity_fixed_recruitment_slope","growth"
"recruitment_50",0.000177489191913507,0.000133657827227578,3.97542999119405e-06,0.000125906164034181,0.000133345345538369,0.000142861943567641,FALSE,-11.0255657332715,"rich_design",1,"maturity_fixed_recruitment_slope","recruitment"
"recruitment_80",0.183939720585721,0.138515382989156,0.00411990991623124,0.130481999398324,0.138191544709305,0.148054006550272,FALSE,-11.0255657332715,"rich_design",1,"maturity_fixed_recruitment_slope","recruitment"
"recruitment_110",2.3850093400699,1.79602579106094,0.053419802961367,1.69186289010898,1.79182682131336,1.91970601745374,FALSE,-11.0255657332715,"rich_design",1,"maturity_fixed_recruitment_slope","recruitment"
"recruit_mean_50",44,42.9518238148119,0.87380399123922,41.3298946327038,43.0166508945158,44.6400551088317,TRUE,-1.19955527291834,"rich_design",1,"maturity_fixed_recruitment_slope","recruit_size"
"recruit_mean_80",44.6,43.9023163875435,0.515773352680315,42.9402634804712,43.9345975538877,44.9130444357674,TRUE,-1.35269418016815,"rich_design",1,"maturity_fixed_recruitment_slope","recruit_size"
"recruit_mean_110",45.2,44.8528089602751,0.177560272109009,44.5128088942068,44.8649286393364,45.2026916987058,TRUE,-1.95534189940712,"rich_design",1,"maturity_fixed_recruitment_slope","recruit_size"
"recruit_sd.log_recruit_sd",3.5,3.40852145603696,0.087144397907517,3.24363357498043,3.40994637373409,3.59013885636289,TRUE,-1.04973522291267,"rich_design",1,"maturity_fixed_recruitment_slope","recruit_size"
"lambda",1.04584764197332,1.00266027006434,0.0195982475511417,0.964450725943252,1.00351790535379,1.03832340796333,FALSE,-2.20363437068954,"rich_design",1,"maturity_fixed_recruitment_slope","lambda"
"survival_50",0.354343693774205,0.445546038842515,0.0410709102103691,0.369039061496768,0.443096751324603,0.521895781473158,FALSE,2.22060686264715,"standard",2,"ungated_weak","survival"
"survival_80",0.589040434058665,0.599077873695662,0.03732962768711,0.518319600435476,0.600443602291706,0.662877054726291,TRUE,0.26888667953319,"standard",2,"ungated_weak","survival"
"survival_110",0.789181706522253,0.733056670148991,0.0547213682116222,0.616463016084388,0.73673291938554,0.827158276938069,TRUE,-1.02565118906039,"standard",2,"ungated_weak","survival"
"growth_increment_50",12,9.0493248881198,1.35089001876544,6.4574570569737,9.05231840919765,11.707942940464,FALSE,-2.18424525378962,"standard",2,"ungated_weak","growth"
"growth_increment_80",8.4,6.9501973353944,1.13212508833762,4.90757982998374,6.97017314456352,9.1819691767407,TRUE,-1.28060289409754,"standard",2,"ungated_weak","growth"
"growth_increment_110",4.8,4.85106978266901,1.3921069096095,2.27076001041634,4.88231377489338,7.54590617163214,TRUE,0.0366852447297539,"standard",2,"ungated_weak","growth"
"growth_sd.log_growth_sd",4.5,7.3997250507794,0.722934163368333,6.10385427442366,7.38117091567689,8.8794873756126,FALSE,4.01104996514323,"standard",2,"ungated_weak","growth"
"recruitment_50",0.000177489191913507,0.069376769809534,0.02920945891117,0.0273811330837092,0.0639560506632852,0.142533423441981,FALSE,2.36907095157309,"standard",2,"ungated_weak","recruitment"
"recruitment_80",0.183939720585721,0.334799599934453,0.0697368422086262,0.220896668900849,0.326978352224343,0.486853803513489,FALSE,2.16327373839808,"standard",2,"ungated_weak","recruitment"
"recruitment_110",2.3850093400699,1.68323946597892,0.125244525638685,1.45889876787614,1.68347069431328,1.93844539342327,FALSE,-5.60319798819393,"standard",2,"ungated_weak","recruitment"
"recruit_mean_50",44,44.9616909871941,1.50935940278318,42.1583967340774,44.9699432161926,48.0539119281681,TRUE,0.637151751544919,"standard",2,"ungated_weak","recruit_size"
"recruit_mean_80",44.6,44.9564851358606,0.753609751498342,43.5630246886374,44.9405609999171,46.439663469845,TRUE,0.473036787477702,"standard",2,"ungated_weak","recruit_size"
"recruit_mean_110",45.2,44.9512792845271,0.236403865664458,44.5393524208234,44.9236813415921,45.4479658865332,TRUE,-1.05210088157316,"standard",2,"ungated_weak","recruit_size"
"recruit_sd.log_recruit_sd",3.5,3.30120279174227,0.263655370326893,2.82474911759147,3.27857329480184,3.85476095247292,TRUE,-0.754004016725504,"standard",2,"ungated_weak","recruit_size"
"lambda",1.04584764197332,0.967284570923859,0.0527734338423954,0.857327202692649,0.970033315523221,1.06484273064003,TRUE,-1.48868597946615,"standard",2,"ungated_weak","lambda"
"survival_50",0.354343693774205,0.450136368037759,0.0427552968405741,0.366244406787466,0.450721119189705,0.529391660153448,FALSE,2.24048670789835,"standard",2,"maturity_weak","survival"
"survival_80",0.589040434058665,0.600772275487632,0.037231750614944,0.526244671050396,0.600614417778244,0.67422788451898,TRUE,0.315103137381288,"standard",2,"maturity_weak","survival"
"survival_110",0.789181706522253,0.732314230212677,0.0542653290711428,0.609605155329063,0.734279021551784,0.826291248320799,TRUE,-1.04795229814273,"standard",2,"maturity_weak","survival"
"growth_increment_50",12,8.99159008444621,1.41729668232613,6.01646505353634,8.96782198949196,11.703279764736,FALSE,-2.12263949606955,"standard",2,"maturity_weak","growth"
"growth_increment_80",8.4,6.88001137083059,1.0729471931664,4.81740070834931,6.88849580935055,9.07780360360156,TRUE,-1.41664812476347,"standard",2,"maturity_weak","growth"
"growth_increment_110",4.8,4.76843265721497,1.25690730968406,2.45517228396267,4.71744410689716,7.23974331223569,TRUE,-0.0251150920531839,"standard",2,"maturity_weak","growth"
"growth_sd.log_growth_sd",4.5,7.47040593645355,0.706119622271981,6.24369340281481,7.42002131267469,8.89775889531279,FALSE,4.20666108512337,"standard",2,"maturity_weak","growth"
"recruitment_50",0.000177489191913507,0.000695818316518245,0.000346370260604031,0.000231697686218927,0.000641230414283754,0.00148611992054495,FALSE,1.49645966631439,"standard",2,"maturity_weak","recruitment"
"recruitment_80",0.183939720585721,0.323248520078922,0.0853144177557712,0.181740739986557,0.319237272027776,0.516404062155923,TRUE,1.63288695108955,"standard",2,"maturity_weak","recruitment"
"recruitment_110",2.3850093400699,1.97169348290812,0.175716734032736,1.6748780726886,1.95197814751977,2.34622554541542,FALSE,-2.3521712911235,"standard",2,"maturity_weak","recruitment"
"recruit_mean_50",44,45.5278959912409,1.9243607740963,41.8683781128922,45.4592807696308,49.1232688659179,TRUE,0.793975855155565,"standard",2,"maturity_weak","recruit_size"
"recruit_mean_80",44.6,45.2607919043145,1.04135924424095,43.3121260087028,45.2752538561214,47.1875491290808,TRUE,0.634547499308158,"standard",2,"maturity_weak","recruit_size"
"recruit_mean_110",45.2,44.9936878173881,0.26288689664283,44.4972922022548,44.9757800909606,45.5234135035297,TRUE,-0.784794469585966,"standard",2,"maturity_weak","recruit_size"
"recruit_sd.log_recruit_sd",3.5,3.2619252383489,0.24995848865338,2.81464258097653,3.25854398335186,3.7626943540113,TRUE,-0.952457197727887,"standard",2,"maturity_weak","recruit_size"
"lambda",1.04584764197332,0.959256563912591,0.0520898021953415,0.849361063217856,0.961264739979824,1.0538747285115,TRUE,-1.66234223228573,"standard",2,"maturity_weak","lambda"
"survival_50",0.354343693774205,0.452187814595113,0.0381960902581804,0.370913498283096,0.455411431252409,0.524015439339137,FALSE,2.5616265999883,"standard",2,"maturity_shape_informed","survival"
"survival_80",0.589040434058665,0.606136304245478,0.0356365442997739,0.536886042310125,0.608504653458557,0.671733323200028,TRUE,0.479728619110855,"standard",2,"maturity_shape_informed","survival"
"survival_110",0.789181706522253,0.739299803918278,0.0518465162634668,0.626136686412008,0.743427515366663,0.825452260376464,TRUE,-0.962107123080191,"standard",2,"maturity_shape_informed","survival"
"growth_increment_50",12,8.7517908408907,1.25128742613003,6.44870137763461,8.73819306206182,11.1433259825829,FALSE,-2.59589371017283,"standard",2,"maturity_shape_informed","growth"
"growth_increment_80",8.4,6.74071387294063,1.07716110372289,4.86160128557829,6.71180047421438,8.7990318382201,TRUE,-1.54042521710498,"standard",2,"maturity_shape_informed","growth"
"growth_increment_110",4.8,4.72963690499055,1.36412207140265,2.42391867353306,4.67404233960382,7.53014906189485,TRUE,-0.0515812305104757,"standard",2,"maturity_shape_informed","growth"
"growth_sd.log_growth_sd",4.5,7.52751770194919,0.67653849835352,6.35992325302807,7.50685598762277,8.84882319336515,FALSE,4.47501170933688,"standard",2,"maturity_shape_informed","growth"
"recruitment_50",0.000177489191913507,0.000375074294341225,0.000181470069285447,0.000131897931344037,0.000339150828169209,0.000771110739520438,TRUE,1.08880270562372,"standard",2,"maturity_shape_informed","recruitment"
"recruitment_80",0.183939720585721,0.23201974027367,0.0624202454293317,0.131399683003922,0.226536082310424,0.37132531197305,TRUE,0.770263227214994,"standard",2,"maturity_shape_informed","recruitment"
"recruitment_110",2.3850093400699,1.86667237810094,0.181817556331119,1.53384101161291,1.86348630466155,2.20337539828778,FALSE,-2.85086309830821,"standard",2,"maturity_shape_informed","recruitment"
"recruit_mean_50",44,45.4303467329615,2.07280130421224,41.5303685706624,45.3080952351431,49.2198400651946,TRUE,0.690054917494898,"standard",2,"maturity_shape_informed","recruit_size"
"recruit_mean_80",44.6,45.2198626866414,1.15298253327492,43.0925779802665,45.1879573750217,47.2861906149548,TRUE,0.537616719032772,"standard",2,"maturity_shape_informed","recruit_size"
"recruit_mean_110",45.2,45.0093786403212,0.304758294934754,44.4467064431371,45.009376297554,45.6168204613901,TRUE,-0.625483745141693,"standard",2,"maturity_shape_informed","recruit_size"
"recruit_sd.log_recruit_sd",3.5,3.24679019103103,0.246686893036031,2.82407783728742,3.22857364617493,3.75393321306569,TRUE,-1.02644208556304,"standard",2,"maturity_shape_informed","recruit_size"
"lambda",1.04584764197332,0.976058704400539,0.054705535570678,0.874037796156371,0.981311398526966,1.07818362406318,TRUE,-1.27571984891022,"standard",2,"maturity_shape_informed","lambda"
"survival_50",0.354343693774205,0.463142439795875,0.0420210725319764,0.382366810102488,0.463287744640965,0.538164299180642,FALSE,2.58914728887224,"standard",2,"maturity_fixed_recruitment_slope","survival"
"survival_80",0.589040434058665,0.611943634394749,0.0395606720360737,0.52624522933974,0.613217001083576,0.680578091024362,TRUE,0.578938606381601,"standard",2,"maturity_fixed_recruitment_slope","survival"
"survival_110",0.789181706522253,0.740115928009692,0.0542381317847565,0.628001663762918,0.745143089241275,0.836144685937961,TRUE,-0.904636219906643,"standard",2,"maturity_fixed_recruitment_slope","survival"
"growth_increment_50",12,8.45440654706067,1.29507321845511,5.72396401122201,8.51469008528429,10.8276414659119,FALSE,-2.73775521137627,"standard",2,"maturity_fixed_recruitment_slope","growth"
"growth_increment_80",8.4,6.50195817312153,1.01226053299425,4.49897976489163,6.52141632134365,8.49194479657251,TRUE,-1.87505268160964,"standard",2,"maturity_fixed_recruitment_slope","growth"
"growth_increment_110",4.8,4.54950979918241,1.25367501487511,2.14519209807567,4.54785059104888,7.03498111020961,TRUE,-0.199804732363232,"standard",2,"maturity_fixed_recruitment_slope","growth"
"growth_sd.log_growth_sd",4.5,7.52945764575861,0.649120312336198,6.32324481495933,7.54046863991562,8.96839337653778,FALSE,4.6670202552367,"standard",2,"maturity_fixed_recruitment_slope","growth"
"recruitment_50",0.000177489191913507,0.000121788569771407,1.05065210849321e-05,0.000102449957047011,0.000121226964877862,0.000143194885765305,FALSE,-5.30152861178596,"standard",2,"maturity_fixed_recruitment_slope","recruitment"
"recruitment_80",0.183939720585721,0.126214758503176,0.0108883618875912,0.106173318330445,0.125632743079676,0.148399048939329,FALSE,-5.30152861178595,"standard",2,"maturity_fixed_recruitment_slope","recruitment"
"recruitment_110",2.3850093400699,1.63653275609091,0.141181277851643,1.37667033024722,1.62898619563788,1.92417992509044,FALSE,-5.30152861178596,"standard",2,"maturity_fixed_recruitment_slope","recruitment"
"recruit_mean_50",44,45.2763720294424,2.10381602051723,41.3979723295509,45.1648592349915,49.8779664196745,TRUE,0.606693749355819,"standard",2,"maturity_fixed_recruitment_slope","recruit_size"
"recruit_mean_80",44.6,45.1257167470678,1.2040539667975,42.9529424561573,45.0600136391008,47.7027069005292,TRUE,0.436622245816858,"standard",2,"maturity_fixed_recruitment_slope","recruit_size"
"recruit_mean_110",45.2,44.9750614646932,0.366980263457626,44.3019741868443,44.9568197340685,45.6982187341556,TRUE,-0.612944503302267,"standard",2,"maturity_fixed_recruitment_slope","recruit_size"
"recruit_sd.log_recruit_sd",3.5,3.19874839933378,0.273285106649256,2.73228659237322,3.1901544123034,3.77191424091106,TRUE,-1.10233449733085,"standard",2,"maturity_fixed_recruitment_slope","recruit_size"
"lambda",1.04584764197332,0.991630427237806,0.0564307475109634,0.88273869540742,0.993337324277927,1.09586425965954,TRUE,-0.960774349568518,"standard",2,"maturity_fixed_recruitment_slope","lambda"
"survival_50",0.354343693774205,0.363363399553759,0.0163359651490047,0.331691194343668,0.362659694954302,0.39427129302636,TRUE,0.552137917612047,"dense_profiles",2,"ungated_weak","survival"
"survival_80",0.589040434058665,0.598095215541206,0.0217029480343859,0.556372196477625,0.598312209931336,0.638361880408044,TRUE,0.417214355772975,"dense_profiles",2,"ungated_weak","survival"
"survival_110",0.789181706522253,0.794071203936846,0.0278281053118108,0.740583176861762,0.795017963273859,0.842865838953268,TRUE,0.175703568741276,"dense_profiles",2,"ungated_weak","survival"
"growth_increment_50",12,10.967659076422,0.686777722074384,9.73082618075873,10.9447916419454,12.2813777831184,TRUE,-1.50316600320095,"dense_profiles",2,"ungated_weak","growth"
"growth_increment_80",8.4,7.64804509691107,0.508953429807413,6.62851354378519,7.66703709920211,8.51964115880767,TRUE,-1.47745325809763,"dense_profiles",2,"ungated_weak","growth"
"growth_increment_110",4.8,4.32843111740015,0.592940494749237,3.13205176918412,4.34604644069896,5.45046598207816,TRUE,-0.795305577500295,"dense_profiles",2,"ungated_weak","growth"
"growth_sd.log_growth_sd",4.5,4.63619477943358,0.45150777241607,3.79258932133176,4.633360292951,5.61438601016658,TRUE,0.301644374148401,"dense_profiles",2,"ungated_weak","growth"
"recruitment_50",0.000177489191913507,0.0453202503435317,0.0100119620056196,0.0283748128226268,0.04468466283467,0.0659356504119101,FALSE,4.50888258727712,"dense_profiles",2,"ungated_weak","recruitment"
"recruitment_80",0.183939720585721,0.290645649661856,0.0316226768760017,0.23322192075481,0.290839695179078,0.353663247749421,FALSE,3.37434839860483,"dense_profiles",2,"ungated_weak","recruitment"
"recruitment_110",2.3850093400699,1.88871086377196,0.0649747694589533,1.77160372497471,1.88499920406089,2.01323567770883,FALSE,-7.63832608304164,"dense_profiles",2,"ungated_weak","recruitment"
"recruit_mean_50",44,45.3376040599365,0.871392869677039,43.620256587044,45.3077649261361,47.0404733250746,TRUE,1.53501836712561,"dense_profiles",2,"ungated_weak","recruit_size"
"recruit_mean_80",44.6,45.2648944693696,0.430667336228447,44.3861066926855,45.2557947347949,46.1150192542868,TRUE,1.5438702066249,"dense_profiles",2,"ungated_weak","recruit_size"
"recruit_mean_110",45.2,45.1921848788026,0.147542652163859,44.9143594220317,45.1941440227196,45.4707455248769,TRUE,-0.0529685557550953,"dense_profiles",2,"ungated_weak","recruit_size"
"recruit_sd.log_recruit_sd",3.5,3.52689606954374,0.10138397682218,3.33972503744072,3.53231071220335,3.73925804707089,TRUE,0.265289155020132,"dense_profiles",2,"ungated_weak","recruit_size"
"lambda",1.04584764197332,1.00387105869657,0.0262311431981518,0.946134310344375,1.00446792319507,1.05178823481559,TRUE,-1.60025748628859,"dense_profiles",2,"ungated_weak","lambda"
"survival_50",0.354343693774205,0.364740444972632,0.0159937798846161,0.333841282754272,0.364894004514398,0.396711355876274,TRUE,0.650049661395401,"dense_profiles",2,"maturity_weak","survival"
"survival_80",0.589040434058665,0.598773310767127,0.0218736682554513,0.556816312309367,0.59889198936691,0.640652289223477,TRUE,0.444958595640942,"dense_profiles",2,"maturity_weak","survival"
"survival_110",0.789181706522253,0.794045804379029,0.0276371077628209,0.739458481403674,0.79567083169828,0.84314582290277,TRUE,0.175998801991861,"dense_profiles",2,"maturity_weak","survival"
"growth_increment_50",12,11.0065988816906,0.723312381658387,9.60803794086313,11.000197600604,12.3860193219095,TRUE,-1.37340538265332,"dense_profiles",2,"maturity_weak","growth"
"growth_increment_80",8.4,7.65434390594648,0.521999207672325,6.54558378454949,7.67582481264425,8.63384882410355,TRUE,-1.42846211851263,"dense_profiles",2,"maturity_weak","growth"
"growth_increment_110",4.8,4.30208893020239,0.57210645659055,3.07421919285926,4.32747673041895,5.31575862552143,TRUE,-0.870311921953991,"dense_profiles",2,"maturity_weak","growth"
"growth_sd.log_growth_sd",4.5,4.68581870204061,0.461410250677598,3.84013579854701,4.6629531260837,5.65781153836793,TRUE,0.402719059162058,"dense_profiles",2,"maturity_weak","growth"
"recruitment_50",0.000177489191913507,0.000539304755688188,0.000157883140558069,0.000294897471980746,0.000518566828886243,0.000871767038256373,FALSE,2.29166687776651,"dense_profiles",2,"maturity_weak","recruitment"
"recruitment_80",0.183939720585721,0.300587097147866,0.0443929537468853,0.223579672073293,0.30081345440789,0.388398686734247,FALSE,2.62761016595634,"dense_profiles",2,"maturity_weak","recruitment"
"recruitment_110",2.3850093400699,2.13756925611278,0.0704670461564732,2.01072799148415,2.13103681695965,2.27738729441789,FALSE,-3.51142977396383,"dense_profiles",2,"maturity_weak","recruitment"
"recruit_mean_50",44,45.2711869761339,1.2027488035328,42.811673871449,45.2725055249133,47.7518409129246,TRUE,1.05690146803729,"dense_profiles",2,"maturity_weak","recruit_size"
"recruit_mean_80",44.6,45.2418951766686,0.61661065855636,43.9567692735046,45.2251121952132,46.5210344820938,TRUE,1.04100564555833,"dense_profiles",2,"maturity_weak","recruit_size"
"recruit_mean_110",45.2,45.2126033772034,0.131027207612847,45.0062829384724,45.2149013226697,45.4618350827598,TRUE,0.0961890086262689,"dense_profiles",2,"maturity_weak","recruit_size"
"recruit_sd.log_recruit_sd",3.5,3.53514250267798,0.102788822483348,3.36360953961581,3.52312325057079,3.7630539320182,TRUE,0.341890312866243,"dense_profiles",2,"maturity_weak","recruit_size"
"lambda",1.04584764197332,0.99702987534248,0.0263082153189586,0.942328417596479,0.998176065333791,1.04405597726068,FALSE,-1.85560920947979,"dense_profiles",2,"maturity_weak","lambda"
"survival_50",0.354343693774205,0.363442907035656,0.0161541890754229,0.332410066660378,0.363197504113831,0.392574410014155,TRUE,0.563272673048937,"dense_profiles",2,"maturity_shape_informed","survival"
"survival_80",0.589040434058665,0.601246423566714,0.0225591909329378,0.55839136653927,0.601491053129305,0.645650270535548,TRUE,0.541065038384285,"dense_profiles",2,"maturity_shape_informed","survival"
"survival_110",0.789181706522253,0.798097773661521,0.0290735498172959,0.739969073647041,0.798043363657179,0.8501484320488,TRUE,0.306672807252575,"dense_profiles",2,"maturity_shape_informed","survival"
"growth_increment_50",12,10.8766105709219,0.699733790977945,9.48301503250926,10.8511350174521,12.0903098833768,TRUE,-1.6054525929183,"dense_profiles",2,"maturity_shape_informed","growth"
"growth_increment_80",8.4,7.57072801861074,0.506599848708478,6.55266673149056,7.5419744714844,8.56405660360933,TRUE,-1.63693689112501,"dense_profiles",2,"maturity_shape_informed","growth"
"growth_increment_110",4.8,4.26484546629959,0.593165880825669,3.0729726662467,4.26832660299052,5.42435514717611,TRUE,-0.902200465332725,"dense_profiles",2,"maturity_shape_informed","growth"
"growth_sd.log_growth_sd",4.5,4.70230913512166,0.480766826728513,3.81627968018112,4.66780050373609,5.62253253430341,TRUE,0.420805105248867,"dense_profiles",2,"maturity_shape_informed","growth"
"recruitment_50",0.000177489191913507,0.000421458552613435,0.00011884635661569,0.000238450417064961,0.00040718658989034,0.000686688169875978,FALSE,2.05281312483852,"dense_profiles",2,"maturity_shape_informed","recruitment"
"recruitment_80",0.183939720585721,0.265136937591584,0.0387460324705557,0.198080672935299,0.262591947664626,0.347519642521251,FALSE,2.09562661848195,"dense_profiles",2,"maturity_shape_informed","recruitment"
"recruitment_110",2.3850093400699,2.12357391767551,0.0738629067795243,1.9859340537358,2.12112132556345,2.27664181371594,FALSE,-3.53946837178725,"dense_profiles",2,"maturity_shape_informed","recruitment"
"recruit_mean_50",44,45.2669412763552,1.1397745690644,43.0739735814571,45.2568056075897,47.4632372956255,TRUE,1.11157180616447,"dense_profiles",2,"maturity_shape_informed","recruit_size"
"recruit_mean_80",44.6,45.2325087417435,0.591149029177608,44.1073793231494,45.2235477425892,46.32847512743,TRUE,1.06996495050232,"dense_profiles",2,"maturity_shape_informed","recruit_size"
"recruit_mean_110",45.2,45.1980762071318,0.132174362126718,44.9556411136197,45.1893008365493,45.4571002035888,TRUE,-0.0145549623791314,"dense_profiles",2,"maturity_shape_informed","recruit_size"
"recruit_sd.log_recruit_sd",3.5,3.52525265318559,0.0992480661462012,3.35449064545477,3.5220958416125,3.74319460286857,TRUE,0.254439750477238,"dense_profiles",2,"maturity_shape_informed","recruit_size"
"lambda",1.04584764197332,1.00269377915773,0.0267492154499705,0.950274465621756,1.00451765712748,1.05753264974339,TRUE,-1.61327583219413,"dense_profiles",2,"maturity_shape_informed","lambda"
"survival_50",0.354343693774205,0.37007238874014,0.0180796212012274,0.334945694857926,0.369951795841397,0.40546700674439,TRUE,0.86996816973508,"dense_profiles",2,"maturity_fixed_recruitment_slope","survival"
"survival_80",0.589040434058665,0.602194726808188,0.0213561539030487,0.562226481315171,0.601046681756275,0.643982248804907,TRUE,0.615948583684137,"dense_profiles",2,"maturity_fixed_recruitment_slope","survival"
"survival_110",0.789181706522253,0.794860607957658,0.0285887562326703,0.73355909295842,0.795840021156982,0.84580421188228,TRUE,0.198641080751726,"dense_profiles",2,"maturity_fixed_recruitment_slope","survival"
"growth_increment_50",12,10.6459302886993,0.754163606770659,9.21427142099828,10.6576056863122,12.2496685904229,TRUE,-1.79545883564818,"dense_profiles",2,"maturity_fixed_recruitment_slope","growth"
"growth_increment_80",8.4,7.41445530658485,0.552644340259287,6.30323992125621,7.42164764991248,8.4120295282027,TRUE,-1.78332540771657,"dense_profiles",2,"maturity_fixed_recruitment_slope","growth"
"growth_increment_110",4.8,4.18298032447037,0.626532120734306,2.85360332154723,4.21115575993758,5.3000386573152,TRUE,-0.984817306423927,"dense_profiles",2,"maturity_fixed_recruitment_slope","growth"
"growth_sd.log_growth_sd",4.5,4.85379462112117,0.481426287475774,4.03433499239384,4.80748243098187,6.00085016446901,TRUE,0.734888456083677,"dense_profiles",2,"maturity_fixed_recruitment_slope","growth"
"recruitment_50",0.000177489191913507,0.000148436622714502,5.90057338358105e-06,0.000137285443081031,0.000148008261193299,0.000159615943201743,FALSE,-4.92368576922498,"dense_profiles",2,"maturity_fixed_recruitment_slope","recruitment"
"recruitment_80",0.183939720585721,0.153831287485374,0.00611501921762282,0.14227483808207,0.153387357927354,0.165416900471676,FALSE,-4.92368576922497,"dense_profiles",2,"maturity_fixed_recruitment_slope","recruitment"
"recruitment_110",2.3850093400699,1.99461571584053,0.0792888991148633,1.84477184483127,1.98885961194497,2.14483772930656,FALSE,-4.92368576922499,"dense_profiles",2,"maturity_fixed_recruitment_slope","recruitment"
"recruit_mean_50",44,44.5481938095405,1.26016673519603,41.9605061355955,44.4931475237581,47.0332788615269,TRUE,0.435016886440193,"dense_profiles",2,"maturity_fixed_recruitment_slope","recruit_size"
"recruit_mean_80",44.6,44.8333003940852,0.689395702515024,43.4588103903751,44.833833953232,46.2241032958973,TRUE,0.338412892964141,"dense_profiles",2,"maturity_fixed_recruitment_slope","recruit_size"
"recruit_mean_110",45.2,45.1184069786298,0.168689551737226,44.8092547128341,45.1220160337099,45.4359960080741,TRUE,-0.483687463330888,"dense_profiles",2,"maturity_fixed_recruitment_slope","recruit_size"
"recruit_sd.log_recruit_sd",3.5,3.49720513521473,0.103711905228743,3.31076895327834,3.49591797357927,3.69690281184277,TRUE,-0.0269483506170953,"dense_profiles",2,"maturity_fixed_recruitment_slope","recruit_size"
"lambda",1.04584764197332,1.01799624537298,0.0304659583043594,0.957616842114944,1.01779706121976,1.07938319987784,TRUE,-0.91418088090642,"dense_profiles",2,"maturity_fixed_recruitment_slope","lambda"
"survival_50",0.354343693774205,0.379040996632437,0.0175977821151459,0.34597473432028,0.37935523666688,0.413573184134737,TRUE,1.40343269945229,"rich_design",2,"ungated_weak","survival"
"survival_80",0.589040434058665,0.59731248773875,0.0189364102110371,0.562025003460477,0.597422983824283,0.629437426338625,TRUE,0.436833253393711,"rich_design",2,"ungated_weak","survival"
"survival_110",0.789181706522253,0.782131705570547,0.0247036653360351,0.734669470846216,0.782920633012466,0.825771669185411,TRUE,-0.285382790602423,"rich_design",2,"ungated_weak","survival"
"growth_increment_50",12,10.9176069652238,0.643403757060531,9.77157580999886,10.9106952046785,12.2441251608896,TRUE,-1.68229206450588,"rich_design",2,"ungated_weak","growth"
"growth_increment_80",8.4,7.72902041390655,0.482763539282474,6.86519192541005,7.74465540920914,8.63808330051458,TRUE,-1.3898721247481,"rich_design",2,"ungated_weak","growth"
"growth_increment_110",4.8,4.5404338625893,0.499981291227029,3.43895619322158,4.52661866808046,5.52058218332597,TRUE,-0.519151700203996,"rich_design",2,"ungated_weak","growth"
"growth_sd.log_growth_sd",4.5,5.95349010089518,0.42366508046602,5.15602757379512,5.92974070234839,6.76833879564021,FALSE,3.43075265796365,"rich_design",2,"ungated_weak","growth"
"recruitment_50",0.000177489191913507,0.0399765922278674,0.0104162544007158,0.0231259664750665,0.0386954218720524,0.0632618096204093,FALSE,3.82086511186008,"rich_design",2,"ungated_weak","recruitment"
"recruitment_80",0.183939720585721,0.309584769945823,0.0453480223103592,0.230308386596782,0.306386412450837,0.406733125291959,FALSE,2.77068420978085,"rich_design",2,"ungated_weak","recruitment"
"recruitment_110",2.3850093400699,2.42888289236256,0.102302713064312,2.2254224169855,2.43325851801908,2.63150159180837,TRUE,0.428860105255212,"rich_design",2,"ungated_weak","recruitment"
"recruit_mean_50",44,43.8683890277856,0.727852001929904,42.3279700854655,43.8898054336358,45.2113239330849,TRUE,-0.180821062338841,"rich_design",2,"ungated_weak","recruit_size"
"recruit_mean_80",44.6,44.5358225531455,0.412975884687994,43.7057706256256,44.553258852836,45.2898847066701,TRUE,-0.155402407825775,"rich_design",2,"ungated_weak","recruit_size"
"recruit_mean_110",45.2,45.2032560785054,0.139147622883757,44.8959050796259,45.2084627249421,45.4501424693603,TRUE,0.0234001734124914,"rich_design",2,"ungated_weak","recruit_size"
"recruit_sd.log_recruit_sd",3.5,3.42343084777754,0.0855608747626413,3.252173694597,3.42554035169805,3.59645016866365,TRUE,-0.894908478143478,"rich_design",2,"ungated_weak","recruit_size"
"lambda",1.04584764197332,1.03686980082909,0.025233767348416,0.984827697392571,1.03710349952471,1.08726206503455,TRUE,-0.355786792366814,"rich_design",2,"ungated_weak","lambda"
"survival_50",0.354343693774205,0.381670678675185,0.0181284622670372,0.347317401191062,0.381078279816255,0.422609441932694,TRUE,1.50740777118581,"rich_design",2,"maturity_weak","survival"
"survival_80",0.589040434058665,0.598573055778345,0.0201665689785418,0.55935140201282,0.599883365123946,0.635700216557649,TRUE,0.472694275849446,"rich_design",2,"maturity_weak","survival"
"survival_110",0.789181706522253,0.781993412227174,0.0255694341037351,0.727208691380165,0.784523240629189,0.82838184887569,TRUE,-0.281128407688503,"rich_design",2,"maturity_weak","survival"
"growth_increment_50",12,10.8377156330273,0.649881629815243,9.51338646968313,10.8223214700965,12.0770513047207,TRUE,-1.78845548735253,"rich_design",2,"maturity_weak","growth"
"growth_increment_80",8.4,7.66995697170613,0.475432271965572,6.77479938537618,7.68766224047535,8.6125158323295,TRUE,-1.53553528302921,"rich_design",2,"maturity_weak","growth"
"growth_increment_110",4.8,4.50219831038491,0.506177804807986,3.48060463832061,4.49180464768626,5.53017369392404,TRUE,-0.588334152122805,"rich_design",2,"maturity_weak","growth"
"growth_sd.log_growth_sd",4.5,5.9718791313613,0.409518424534142,5.22265888930679,5.95913783663804,6.72551349754768,FALSE,3.59417072146551,"rich_design",2,"maturity_weak","growth"
"recruitment_50",0.000177489191913507,0.000287141190364848,7.06968794738105e-05,0.000176552581255749,0.00027784305846686,0.000448530587894121,TRUE,1.55101610237212,"rich_design",2,"maturity_weak","recruitment"
"recruitment_80",0.183939720585721,0.243610045126363,0.0351372903677741,0.183589273563644,0.241316988097524,0.316443696476045,TRUE,1.69820506692707,"rich_design",2,"maturity_weak","recruitment"
"recruitment_110",2.3850093400699,2.61251295227048,0.133978132357696,2.36633673265435,2.60858225116654,2.87500354971783,TRUE,1.69806526033058,"rich_design",2,"maturity_weak","recruitment"
"recruit_mean_50",44,43.7243936642139,0.812261340512307,42.1746302847421,43.6910914683081,45.3634654115809,TRUE,-0.339307464285149,"rich_design",2,"maturity_weak","recruit_size"
"recruit_mean_80",44.6,44.4041347281488,0.480722296371481,43.4422349597678,44.3758913582933,45.4071958579964,TRUE,-0.4074395411438,"rich_design",2,"maturity_weak","recruit_size"
"recruit_mean_110",45.2,45.0838757920837,0.171808614357555,44.7499497566751,45.0791386462497,45.4324721884948,TRUE,-0.675892814516581,"rich_design",2,"maturity_weak","recruit_size"
"recruit_sd.log_recruit_sd",3.5,3.42759112816086,0.085651217464567,3.26592298485769,3.42846655329454,3.59154046766502,TRUE,-0.845392207870176,"rich_design",2,"maturity_weak","recruit_size"
"lambda",1.04584764197332,1.03571894711217,0.0257077835558896,0.98681809981159,1.03691465360711,1.08817775560113,TRUE,-0.393993314870207,"rich_design",2,"maturity_weak","lambda"
"survival_50",0.354343693774205,0.379382349415398,0.0181276918477862,0.34483195082711,0.379195267332409,0.414426183007313,TRUE,1.38123793428513,"rich_design",2,"maturity_shape_informed","survival"
"survival_80",0.589040434058665,0.597927445340953,0.0212352870347508,0.556376483317514,0.598128933944466,0.639821797760796,TRUE,0.418502055929084,"rich_design",2,"maturity_shape_informed","survival"
"survival_110",0.789181706522253,0.782713908685563,0.0258179226705789,0.730763826481665,0.783971727561035,0.830122639725169,TRUE,-0.250515811020693,"rich_design",2,"maturity_shape_informed","survival"
"growth_increment_50",12,10.8911330073266,0.668124562660062,9.674553410607,10.875214909654,12.2433891785831,TRUE,-1.65967104735469,"rich_design",2,"maturity_shape_informed","growth"
"growth_increment_80",8.4,7.71167299536326,0.487252534242187,6.79501299583351,7.714741485523,8.70026725247521,TRUE,-1.41266993245563,"rich_design",2,"maturity_shape_informed","growth"
"growth_increment_110",4.8,4.53221298339995,0.474821028124819,3.72015784741317,4.54939417508013,5.41525158573185,TRUE,-0.563974636206838,"rich_design",2,"maturity_shape_informed","growth"
"growth_sd.log_growth_sd",4.5,5.93051247064732,0.414844242140872,5.19381345793522,5.89757384310346,6.74487880986612,FALSE,3.4483122225945,"rich_design",2,"maturity_shape_informed","growth"
"recruitment_50",0.000177489191913507,0.000278911726427538,7.24536143301922e-05,0.000160049685515962,0.000271844821966807,0.000454006824780861,TRUE,1.39982712321042,"rich_design",2,"maturity_shape_informed","recruitment"
"recruitment_80",0.183939720585721,0.239311265816796,0.036724072185996,0.173566436772482,0.236967673791108,0.316574386295503,TRUE,1.50777247552055,"rich_design",2,"maturity_shape_informed","recruitment"
"recruitment_110",2.3850093400699,2.59804240162718,0.142636028317392,2.33207909448538,2.60544393912333,2.8795983517869,TRUE,1.49354313962838,"rich_design",2,"maturity_shape_informed","recruitment"
"recruit_mean_50",44,43.735969921365,0.87529938162174,42.1091669803956,43.6934425613011,45.4283725077817,TRUE,-0.301645453177221,"rich_design",2,"maturity_shape_informed","recruit_size"
"recruit_mean_80",44.6,44.4077381715453,0.516876402627533,43.4633355926866,44.3845792411403,45.4151081731009,TRUE,-0.37196867080287,"rich_design",2,"maturity_shape_informed","recruit_size"
"recruit_mean_110",45.2,45.0795064217256,0.181096654763741,44.7550057193316,45.0788781744415,45.3982050556843,TRUE,-0.66535507478898,"rich_design",2,"maturity_shape_informed","recruit_size"
"recruit_sd.log_recruit_sd",3.5,3.43370528525728,0.086428774782287,3.26388199687579,3.43404296460083,3.60267549366271,TRUE,-0.76704448153662,"rich_design",2,"maturity_shape_informed","recruit_size"
"lambda",1.04584764197332,1.03705562354299,0.0245879710934726,0.98645583051663,1.03696418075334,1.08655090287532,TRUE,-0.35757396968234,"rich_design",2,"maturity_shape_informed","lambda"
"survival_50",0.354343693774205,0.382842720467487,0.0177711778452514,0.347733753739094,0.382359413561181,0.418169561221117,TRUE,1.60366560626691,"rich_design",2,"maturity_fixed_recruitment_slope","survival"
"survival_80",0.589040434058665,0.599167704544156,0.0193691973278087,0.558246316704484,0.599349658361011,0.635088845854733,TRUE,0.52285442262239,"rich_design",2,"maturity_fixed_recruitment_slope","survival"
"survival_110",0.789181706522253,0.782021177744161,0.0249534684257498,0.728191549197407,0.783586824871659,0.826114176140574,TRUE,-0.286955250305106,"rich_design",2,"maturity_fixed_recruitment_slope","survival"
"growth_increment_50",12,10.7816669158174,0.650787033251927,9.49743496891082,10.7582698661403,12.0928279244912,TRUE,-1.87209182410218,"rich_design",2,"maturity_fixed_recruitment_slope","growth"
"growth_increment_80",8.4,7.62526588554201,0.490408495981773,6.65701855663832,7.61262518143263,8.53511055738412,TRUE,-1.5797730276002,"rich_design",2,"maturity_fixed_recruitment_slope","growth"
"growth_increment_110",4.8,4.46886485526667,0.50516883335778,3.57259659797291,4.45407548774442,5.47401962564514,TRUE,-0.655494010848461,"rich_design",2,"maturity_fixed_recruitment_slope","growth"
"growth_sd.log_growth_sd",4.5,6.00920714163599,0.41696489665822,5.30332025076742,5.9796040838292,6.93487381885129,FALSE,3.61950647100412,"rich_design",2,"maturity_fixed_recruitment_slope","growth"
"recruitment_50",0.000177489191913507,0.00018096620010365,6.0080107062512e-06,0.000169540465238485,0.000181093682405123,0.000194017984839664,TRUE,0.578728694095919,"rich_design",2,"maturity_fixed_recruitment_slope","recruitment"
"recruitment_80",0.183939720585721,0.187543094447949,0.00622636115850029,0.175702111591882,0.187675209866695,0.201069223062345,TRUE,0.578728694095896,"rich_design",2,"maturity_fixed_recruitment_slope","recruitment"
"recruitment_110",2.3850093400699,2.43173160478691,0.0807325871235688,2.27819840044474,2.43344464700896,2.60711483891163,TRUE,0.578728694095933,"rich_design",2,"maturity_fixed_recruitment_slope","recruitment"
"recruit_mean_50",44,43.540737692937,0.920113900265991,41.570343780587,43.539561573603,45.3670615050452,TRUE,-0.499136364454675,"rich_design",2,"maturity_fixed_recruitment_slope","recruit_size"
"recruit_mean_80",44.6,44.285178784002,0.54944942068216,43.1049951254495,44.2713384880437,45.3574787730181,TRUE,-0.57297579021403,"rich_design",2,"maturity_fixed_recruitment_slope","recruit_size"
"recruit_mean_110",45.2,45.0296198750669,0.198380339040717,44.655036644455,45.0361604411769,45.4009207403332,TRUE,-0.858855901532254,"rich_design",2,"maturity_fixed_recruitment_slope","recruit_size"
"recruit_sd.log_recruit_sd",3.5,3.42116735543568,0.08588826434461,3.25193684662172,3.42422412694788,3.57839384903149,TRUE,-0.917851177525489,"rich_design",2,"maturity_fixed_recruitment_slope","recruit_size"
"lambda",1.04584764197332,1.04139394591144,0.0261362832066021,0.987059906841713,1.04279176132959,1.08930067338677,TRUE,-0.170402808489364,"rich_design",2,"maturity_fixed_recruitment_slope","lambda"
"survival_50",0.354343693774205,0.41623202889845,0.0320085958014898,0.357576009670609,0.416050403031021,0.48424796897394,FALSE,1.93349110058007,"standard",3,"ungated_weak","survival"
"survival_80",0.589040434058665,0.633949884185534,0.0402815092158553,0.552123046336522,0.637148504900882,0.7104058754628,TRUE,1.11488995822411,"standard",3,"ungated_weak","survival"
"survival_110",0.789181706522253,0.803883098105358,0.0540557798851565,0.687928796793779,0.810446450888604,0.895753455986486,TRUE,0.271967060957011,"standard",3,"ungated_weak","survival"
"growth_increment_50",12,10.0161567540414,1.19995675409182,7.81770952183356,9.93629557695066,12.4189128174672,TRUE,-1.65326228565632,"standard",3,"ungated_weak","growth"
"growth_increment_80",8.4,7.43903701903018,1.00855276487616,5.55717042832156,7.35964708861184,9.41565044237365,TRUE,-0.952813788664606,"standard",3,"ungated_weak","growth"
"growth_increment_110",4.8,4.86191728401895,1.52073555213471,1.87788443542385,4.82431740318715,7.80302226354094,TRUE,0.0407153524700795,"standard",3,"ungated_weak","growth"
"growth_sd.log_growth_sd",4.5,7.43660711944681,0.798817826131922,5.89397252773562,7.44572162349508,8.85354588896699,FALSE,3.67619127087663,"standard",3,"ungated_weak","growth"
"recruitment_50",0.000177489191913507,0.174043877827114,0.141846811626265,0.0307053456867228,0.130876857339916,0.55353708799378,FALSE,1.22573349828476,"standard",3,"ungated_weak","recruitment"
"recruitment_80",0.183939720585721,0.525272094731914,0.141321589776032,0.288180373424932,0.511973618628072,0.84738448372271,FALSE,2.41528824213724,"standard",3,"ungated_weak","recruitment"
"recruitment_110",2.3850093400699,1.96904052062003,0.427930086748047,1.24985234120842,1.95546238785415,2.87774040000569,TRUE,-0.972048547955419,"standard",3,"ungated_weak","recruitment"
"recruit_mean_50",44,45.325943190037,1.99378063279791,41.6221732263822,45.38872727635,49.3551669490867,TRUE,0.665039657936845,"standard",3,"ungated_weak","recruit_size"
"recruit_mean_80",44.6,45.1249660010079,0.710822602925814,43.8727047982211,45.166517765346,46.5676123876893,TRUE,0.738533072593752,"standard",3,"ungated_weak","recruit_size"
"recruit_mean_110",45.2,44.9239888119787,0.649800199334743,43.6816420524408,44.8841315997872,46.103295348301,TRUE,-0.424763163052018,"standard",3,"ungated_weak","recruit_size"
"recruit_sd.log_recruit_sd",3.5,3.12374762420471,0.18941618909669,2.76147464470807,3.12272848818812,3.54143253251644,TRUE,-1.98637918748976,"standard",3,"ungated_weak","recruit_size"
"lambda",1.04584764197332,1.0477352264852,0.0679537119457075,0.940511030747434,1.04146252677371,1.19677045754279,TRUE,0.0277775040956585,"standard",3,"ungated_weak","lambda"
"survival_50",0.354343693774205,0.419936542693779,0.0327929255977168,0.358233153890003,0.419152424764889,0.485570802139155,FALSE,2.00021339127306,"standard",3,"maturity_weak","survival"
"survival_80",0.589040434058665,0.632368154384001,0.0458623459691588,0.553925798924474,0.632294938714542,0.722870778148694,TRUE,0.944734060365621,"standard",3,"maturity_weak","survival"
"survival_110",0.789181706522253,0.798733332534673,0.0583359046064635,0.677249813253912,0.802643634034743,0.898928319012776,TRUE,0.163734942945614,"standard",3,"maturity_weak","survival"
"growth_increment_50",12,9.93361544456668,1.38585635121185,7.29907255690971,9.94546035863834,12.5045348805769,TRUE,-1.49105248435481,"standard",3,"maturity_weak","growth"
"growth_increment_80",8.4,7.4440289665138,1.12943926358128,5.20833557874199,7.43701316262655,9.60388193655531,TRUE,-0.846412077489635,"standard",3,"maturity_weak","growth"
"growth_increment_110",4.8,4.95617928334551,1.51995650904491,1.8180675339312,5.03215219321646,7.75480521820499,TRUE,0.102752468518752,"standard",3,"maturity_weak","growth"
"growth_sd.log_growth_sd",4.5,7.45981297515764,0.803891511141864,5.95508259978564,7.46066948448964,9.14392390998124,FALSE,3.68185623822979,"standard",3,"maturity_weak","growth"
"recruitment_50",0.000177489191913507,0.00124163853540973,0.000908354756621567,0.000323494285137381,0.000986147880828298,0.00353217878117673,FALSE,1.17151293119673,"standard",3,"maturity_weak","recruitment"
"recruitment_80",0.183939720585721,0.482533784190099,0.164721784621224,0.248043544684457,0.449433826997262,0.86880714861542,FALSE,1.81271751208251,"standard",3,"maturity_weak","recruitment"
"recruitment_110",2.3850093400699,2.58941978194216,0.182007602990345,2.24619841713222,2.57775170987453,2.91330540812315,TRUE,1.12308737939427,"standard",3,"maturity_weak","recruitment"
"recruit_mean_50",44,44.4751897600994,1.9651538929102,40.6456083817139,44.4516930880816,47.8286604668955,TRUE,0.241807912252476,"standard",3,"maturity_weak","recruit_size"
"recruit_mean_80",44.6,44.7357034154297,1.0046312520105,42.8389422045922,44.7468373575407,46.5049069574238,TRUE,0.135077835930426,"standard",3,"maturity_weak","recruit_size"
"recruit_mean_110",45.2,44.9962170707598,0.216363439688033,44.5797124527647,44.986242491755,45.4266185800941,TRUE,-0.941854730789963,"standard",3,"maturity_weak","recruit_size"
"recruit_sd.log_recruit_sd",3.5,3.10177269468317,0.190670457979438,2.72898401655708,3.09635011430626,3.50568346077727,TRUE,-2.08856321811411,"standard",3,"maturity_weak","recruit_size"
"lambda",1.04584764197332,1.03691851703237,0.0538589653466239,0.934968296852153,1.03827805737815,1.13944868431707,TRUE,-0.165787160660786,"standard",3,"maturity_weak","lambda"
"survival_50",0.354343693774205,0.425896475149939,0.0317688196903023,0.362384612322528,0.42597951977035,0.485303110045558,FALSE,2.25229586976366,"standard",3,"maturity_shape_informed","survival"
"survival_80",0.589040434058665,0.634410937387527,0.0427705258873159,0.545746846714731,0.6370610627437,0.711789527919697,TRUE,1.06078899867623,"standard",3,"maturity_shape_informed","survival"
"survival_110",0.789181706522253,0.798086960678777,0.0566225839992498,0.676280221189733,0.808725377609927,0.890762753966228,TRUE,0.157273891926983,"standard",3,"maturity_shape_informed","survival"
"growth_increment_50",12,9.89530186637714,1.2120066423755,7.34603575084527,9.85561526152257,12.1440618353316,TRUE,-1.73654009807877,"standard",3,"maturity_shape_informed","growth"
"growth_increment_80",8.4,7.46333689729997,1.0446229792951,5.55456877324762,7.47468743164842,9.52260933618347,TRUE,-0.896651826797917,"standard",3,"maturity_shape_informed","growth"
"growth_increment_110",4.8,5.0313719282228,1.55015050296471,1.95770325655179,5.13095818418747,8.21150106778089,TRUE,0.149257719028115,"standard",3,"maturity_shape_informed","growth"
"growth_sd.log_growth_sd",4.5,7.46904320063586,0.790537741043415,6.01913679113763,7.45295635478491,8.99185133924652,FALSE,3.75572606655956,"standard",3,"maturity_shape_informed","growth"
"recruitment_50",0.000177489191913507,0.000511072029300171,0.000231712835569569,0.000214642568199911,0.000470333443808194,0.00108083531878331,FALSE,1.43963901078976,"standard",3,"maturity_shape_informed","recruitment"
"recruitment_80",0.183939720585721,0.314181009452316,0.0749918214406074,0.199718030915594,0.307989252926597,0.492720274610564,FALSE,1.73673990529413,"standard",3,"maturity_shape_informed","recruitment"
"recruitment_110",2.3850093400699,2.51306931432505,0.192450759145658,2.15259876336975,2.50665353284632,2.89841090729343,TRUE,0.665416830900738,"standard",3,"maturity_shape_informed","recruitment"
"recruit_mean_50",44,44.4059277767015,1.75906368940198,41.1279566896761,44.4045648186632,47.8435827320268,TRUE,0.230763547191101,"standard",3,"maturity_shape_informed","recruit_size"
"recruit_mean_80",44.6,44.6848469561791,0.954393564221911,42.8481032505676,44.6613377647798,46.5205756481993,TRUE,0.088901433705999,"standard",3,"maturity_shape_informed","recruit_size"
"recruit_mean_110",45.2,44.9637661356568,0.242105937101198,44.5160492800509,44.9628542685791,45.4552756536091,TRUE,-0.975745853950015,"standard",3,"maturity_shape_informed","recruit_size"
"recruit_sd.log_recruit_sd",3.5,3.09843891232541,0.19724773332167,2.74415583345731,3.08374381661708,3.51403842185972,TRUE,-2.03582105057567,"standard",3,"maturity_shape_informed","recruit_size"
"lambda",1.04584764197332,1.06013238810174,0.0565541290643199,0.953623960627408,1.059606206192,1.17033791124223,TRUE,0.252585379083023,"standard",3,"maturity_shape_informed","lambda"
"survival_50",0.354343693774205,0.428160976640776,0.0369945620113558,0.354162750746977,0.427816533431797,0.497026205446153,TRUE,1.99535496173498,"standard",3,"maturity_fixed_recruitment_slope","survival"
"survival_80",0.589040434058665,0.634060371069799,0.0456450609116297,0.538750369462203,0.633154592792101,0.722458006510384,TRUE,0.986304675949352,"standard",3,"maturity_fixed_recruitment_slope","survival"
"survival_110",0.789181706522253,0.795218830243123,0.0634690401136729,0.645041979926577,0.801344860615905,0.89264839121422,TRUE,0.0951191905542859,"standard",3,"maturity_fixed_recruitment_slope","survival"
"growth_increment_50",12,9.77899186669754,1.34783740973165,6.99166760787796,9.8212772140285,12.2613981858889,TRUE,-1.64783090101695,"standard",3,"maturity_fixed_recruitment_slope","growth"
"growth_increment_80",8.4,7.34104403819895,1.18014285791088,4.94250243246142,7.28844337498722,9.5333790742088,TRUE,-0.897311672652617,"standard",3,"maturity_fixed_recruitment_slope","growth"
"growth_increment_110",4.8,4.90373075789271,1.66452944348558,1.71180005704639,4.91352556202475,8.1826550795697,TRUE,0.06231836769165,"standard",3,"maturity_fixed_recruitment_slope","growth"
"growth_sd.log_growth_sd",4.5,7.55724210027365,0.842668109554257,6.06004146187138,7.4902566851833,9.40354950265922,FALSE,3.62805007761694,"standard",3,"maturity_fixed_recruitment_slope","growth"
"recruitment_50",0.000177489191913507,0.000170967428923157,1.35233560642508e-05,0.000147547449640075,0.000170073400039776,0.000197388960672836,TRUE,-0.48225920839214,"standard",3,"maturity_fixed_recruitment_slope","recruitment"
"recruitment_80",0.183939720585721,0.177180935731058,0.0140148383629561,0.152909798998672,0.176254414959671,0.204562711010373,TRUE,-0.482259208392157,"standard",3,"maturity_fixed_recruitment_slope","recruitment"
"recruitment_110",2.3850093400699,2.2973732114808,0.181719969394229,1.98266746105057,2.28535970680388,2.65241229483325,TRUE,-0.482259208392145,"standard",3,"maturity_fixed_recruitment_slope","recruitment"
"recruit_mean_50",44,44.0831754111623,1.76291830154707,40.5228446404925,44.2345881751796,47.6084772120639,TRUE,0.047180525092571,"standard",3,"maturity_fixed_recruitment_slope","recruit_size"
"recruit_mean_80",44.6,44.4802593755294,0.995118770606613,42.5115414871217,44.5424933274575,46.5522902225151,TRUE,-0.120327972908832,"standard",3,"maturity_fixed_recruitment_slope","recruit_size"
"recruit_mean_110",45.2,44.8773433398965,0.296993573168273,44.3444948002655,44.8787945039401,45.5140387856577,TRUE,-1.08640956994949,"standard",3,"maturity_fixed_recruitment_slope","recruit_size"
"recruit_sd.log_recruit_sd",3.5,3.05325410040313,0.197995570149076,2.68455163009479,3.03815949917023,3.45882059467792,FALSE,-2.25634290333113,"standard",3,"maturity_fixed_recruitment_slope","recruit_size"
"lambda",1.04584764197332,1.0807075086428,0.059881305285826,0.96720642301867,1.07769490045273,1.19775485249071,TRUE,0.582149412126046,"standard",3,"maturity_fixed_recruitment_slope","lambda"
"survival_50",0.354343693774205,0.357786901462179,0.0161918994974883,0.327085735111204,0.357449515279493,0.388218868533626,TRUE,0.21265001604714,"dense_profiles",3,"ungated_weak","survival"
"survival_80",0.589040434058665,0.611767385965713,0.021577464635775,0.568672986736498,0.612586530407909,0.651980928156825,TRUE,1.05327258279304,"dense_profiles",3,"ungated_weak","survival"
"survival_110",0.789181706522253,0.815650056105617,0.0265679820991481,0.760224567956927,0.816515591219623,0.866659042918946,TRUE,0.996249902781028,"dense_profiles",3,"ungated_weak","survival"
"growth_increment_50",12,12.0306812686209,0.583292903193239,10.8988284835501,12.0054559045983,13.0669529281402,TRUE,0.0526001061438226,"dense_profiles",3,"ungated_weak","growth"
"growth_increment_80",8.4,8.33356480004903,0.451637097242461,7.50546452549644,8.34189884638423,9.24029872508584,TRUE,-0.14709863374067,"dense_profiles",3,"ungated_weak","growth"
"growth_increment_110",4.8,4.63644833147717,0.5429153070254,3.57032990977316,4.64943193855945,5.71247348104527,TRUE,-0.301247112406756,"dense_profiles",3,"ungated_weak","growth"
"growth_sd.log_growth_sd",4.5,4.0409394653374,0.521451856037923,3.14014802736648,3.99240974102641,5.24773911450706,TRUE,-0.880350754047775,"dense_profiles",3,"ungated_weak","growth"
"recruitment_50",0.000177489191913507,0.0194409104540128,0.00912959642764175,0.00754649405982438,0.0174270767478402,0.0419539942016452,FALSE,2.10999702065419,"dense_profiles",3,"ungated_weak","recruitment"
"recruitment_80",0.183939720585721,0.193698247496716,0.0476392341205251,0.119351152915436,0.187182483936557,0.297283316865138,TRUE,0.204842229123721,"dense_profiles",3,"ungated_weak","recruitment"
"recruitment_110",2.3850093400699,2.01338718378309,0.100980419241822,1.83391695085143,2.01163521357726,2.23330112856998,FALSE,-3.68014075478216,"dense_profiles",3,"ungated_weak","recruitment"
"recruit_mean_50",44,44.8287041173951,1.4647879902621,42.1369125568138,44.7515859877698,47.5929069954781,TRUE,0.565750212934801,"dense_profiles",3,"ungated_weak","recruit_size"
"recruit_mean_80",44.6,45.0280360204839,0.799972899063829,43.5473461966896,44.96167920607,46.5446014479653,TRUE,0.535063151495298,"dense_profiles",3,"ungated_weak","recruit_size"
"recruit_mean_110",45.2,45.2273679235728,0.186954208870678,44.8502239411562,45.2266622526709,45.5949042313904,TRUE,0.146388378940885,"dense_profiles",3,"ungated_weak","recruit_size"
"recruit_sd.log_recruit_sd",3.5,3.43820224726114,0.110173808774698,3.21958337227789,3.43978127796819,3.64360319038698,TRUE,-0.560911467309212,"dense_profiles",3,"ungated_weak","recruit_size"
"lambda",1.04584764197332,1.05905405797574,0.0297211815448246,1.00052337233814,1.05890773526158,1.12262627598188,TRUE,0.444343573034206,"dense_profiles",3,"ungated_weak","lambda"
"survival_50",0.354343693774205,0.359348812326465,0.0172057661652998,0.326705845987579,0.358230128219137,0.39099228655338,TRUE,0.290897743475962,"dense_profiles",3,"maturity_weak","survival"
"survival_80",0.589040434058665,0.612496825756214,0.0221715485641554,0.570115902803103,0.611924302837953,0.656342144756355,TRUE,1.05795008542935,"dense_profiles",3,"maturity_weak","survival"
"survival_110",0.789181706522253,0.815477968922059,0.0275414261790066,0.760208555530473,0.816478389822599,0.866119592351174,TRUE,0.954789422628029,"dense_profiles",3,"maturity_weak","survival"
"growth_increment_50",12,12.0092944495411,0.59181371666974,10.907178746949,11.9621079396223,13.108559969328,TRUE,0.0157050255500037,"dense_profiles",3,"maturity_weak","growth"
"growth_increment_80",8.4,8.35333559372728,0.469902185618747,7.49226356523199,8.34909271602056,9.26061826991562,TRUE,-0.0993066380639968,"dense_profiles",3,"maturity_weak","growth"
"growth_increment_110",4.8,4.69737673791342,0.557016327543818,3.59384794267739,4.6805519444366,5.8408954098647,TRUE,-0.184237439751722,"dense_profiles",3,"maturity_weak","growth"
"growth_sd.log_growth_sd",4.5,4.03356539181199,0.49847249698307,3.07066504616992,3.98701937031098,5.11185647981469,TRUE,-0.935727870666956,"dense_profiles",3,"maturity_weak","growth"
"recruitment_50",0.000177489191913507,0.000183464088220816,9.19246050298343e-05,6.90656206002897e-05,0.000166528746520719,0.000392627719201467,TRUE,0.0649977914549591,"dense_profiles",3,"maturity_weak","recruitment"
"recruitment_80",0.183939720585721,0.174981972595508,0.0460354494826877,0.104963587378754,0.170658926359718,0.274379399989273,TRUE,-0.1945836977997,"dense_profiles",3,"maturity_weak","recruitment"
"recruitment_110",2.3850093400699,2.18209212325585,0.126268779490759,1.95080879397537,2.18068925006332,2.45454340073705,TRUE,-1.60702604105635,"dense_profiles",3,"maturity_weak","recruitment"
"recruit_mean_50",44,44.9774335585721,1.75186591323513,41.5368610878357,44.9200836444838,48.3474349823637,TRUE,0.557938567779478,"dense_profiles",3,"maturity_weak","recruit_size"
"recruit_mean_80",44.6,45.1000561852984,0.97086460811107,43.1663601508437,45.0827727057052,46.9780784908182,TRUE,0.515062740077962,"dense_profiles",3,"maturity_weak","recruit_size"
"recruit_mean_110",45.2,45.2226788120247,0.226755600337172,44.7846398934465,45.2317286802689,45.6437178861778,TRUE,0.100014341392074,"dense_profiles",3,"maturity_weak","recruit_size"
"recruit_sd.log_recruit_sd",3.5,3.43587878156431,0.104887585259313,3.23596465867514,3.43108765977479,3.65934267913339,TRUE,-0.61133277381844,"dense_profiles",3,"maturity_weak","recruit_size"
"lambda",1.04584764197332,1.05681549468947,0.0305694893194947,0.995935151510903,1.05761565826333,1.11733691662866,TRUE,0.358784296378892,"dense_profiles",3,"maturity_weak","lambda"
"survival_50",0.354343693774205,0.359731114414006,0.0174863189989782,0.327304972022313,0.360164363893756,0.392314806639232,TRUE,0.30809346667623,"dense_profiles",3,"maturity_shape_informed","survival"
"survival_80",0.589040434058665,0.615026856502445,0.0217162850604054,0.572300747459024,0.614761862940127,0.656375155039953,TRUE,1.19663295869882,"dense_profiles",3,"maturity_shape_informed","survival"
"survival_110",0.789181706522253,0.81846257098086,0.0267345730327504,0.761117816128111,0.818401866319646,0.86616162755758,TRUE,1.09524339224484,"dense_profiles",3,"maturity_shape_informed","survival"
"growth_increment_50",12,11.9684915484206,0.542902352242944,10.9742061306084,11.9797157161055,13.0220276419878,TRUE,-0.0580370511367573,"dense_profiles",3,"maturity_shape_informed","growth"
"growth_increment_80",8.4,8.31165164397832,0.450203385004367,7.45594745040552,8.31736995718803,9.24495172518909,TRUE,-0.196240985662131,"dense_profiles",3,"maturity_shape_informed","growth"
"growth_increment_110",4.8,4.65481173953603,0.55908353846223,3.55694285727609,4.64826989532363,5.69861947531772,TRUE,-0.259689743080822,"dense_profiles",3,"maturity_shape_informed","growth"
"growth_sd.log_growth_sd",4.5,4.04879995346582,0.508396702995654,3.1662851665624,4.01688370516574,5.10938349198051,TRUE,-0.887496012219488,"dense_profiles",3,"maturity_shape_informed","growth"
"recruitment_50",0.000177489191913507,0.000162518297627382,6.31916649177532e-05,6.91423516210143e-05,0.000151253532397967,0.000316538079361707,TRUE,-0.236912483720928,"dense_profiles",3,"maturity_shape_informed","recruitment"
"recruitment_80",0.183939720585721,0.164972909040121,0.0353582593163392,0.105002715456724,0.160859589652712,0.241616497557742,TRUE,-0.536418135743344,"dense_profiles",3,"maturity_shape_informed","recruitment"
"recruitment_110",2.3850093400699,2.15752083394897,0.115229741197097,1.93240762906469,2.15502072186483,2.39771187653621,TRUE,-1.97421693182339,"dense_profiles",3,"maturity_shape_informed","recruitment"
"recruit_mean_50",44,44.9374042486815,1.74409768274451,41.5205573427027,44.8048525157602,48.3396590240471,TRUE,0.537472331943228,"dense_profiles",3,"maturity_shape_informed","recruit_size"
"recruit_mean_80",44.6,45.0836966374573,0.96708210999018,43.211454381761,45.0107559969873,46.9822847202705,TRUE,0.500160878234214,"dense_profiles",3,"maturity_shape_informed","recruit_size"
"recruit_mean_110",45.2,45.229989026233,0.227235637787196,44.7980443975233,45.219957091905,45.6859417291936,TRUE,0.131973252633567,"dense_profiles",3,"maturity_shape_informed","recruit_size"
"recruit_sd.log_recruit_sd",3.5,3.44739886800934,0.110383140307532,3.24100593586631,3.43628305768797,3.6464268000805,TRUE,-0.476532302343594,"dense_profiles",3,"maturity_shape_informed","recruit_size"
"lambda",1.04584764197332,1.05950916762915,0.02805912039039,1.00425946127486,1.05915132864389,1.10887721553056,TRUE,0.486883603825164,"dense_profiles",3,"maturity_shape_informed","lambda"
"survival_50",0.354343693774205,0.359127600228128,0.017117152849209,0.328738245529386,0.358962161684693,0.393207478002367,TRUE,0.279480267312363,"dense_profiles",3,"maturity_fixed_recruitment_slope","survival"
"survival_80",0.589040434058665,0.615596245226145,0.0224187529400672,0.573758266776081,0.61448475417472,0.658815381744557,TRUE,1.18453560902661,"dense_profiles",3,"maturity_fixed_recruitment_slope","survival"
"survival_110",0.789181706522253,0.819466965862606,0.027209890958042,0.766592311701847,0.818220618933279,0.87016963941487,TRUE,1.11302391424696,"dense_profiles",3,"maturity_fixed_recruitment_slope","survival"
"growth_increment_50",12,11.9742240652694,0.561100899319658,10.8557875119054,11.9794150456223,13.0494845398365,TRUE,-0.045938145459861,"dense_profiles",3,"maturity_fixed_recruitment_slope","growth"
"growth_increment_80",8.4,8.30842437049082,0.460308237723307,7.31045046199141,8.29969197241538,9.28421079048288,TRUE,-0.1989441465617,"dense_profiles",3,"maturity_fixed_recruitment_slope","growth"
"growth_increment_110",4.8,4.64262467571225,0.576265182110167,3.57340638263113,4.63094042979323,5.86167012259421,TRUE,-0.27309531995578,"dense_profiles",3,"maturity_fixed_recruitment_slope","growth"
"growth_sd.log_growth_sd",4.5,4.06455328613348,0.536902869200285,3.09316631005012,4.03661104281136,5.17477956534522,TRUE,-0.811034432569002,"dense_profiles",3,"maturity_fixed_recruitment_slope","growth"
"recruitment_50",0.000177489191913507,0.0001621542092165,5.98482109345301e-06,0.000151299203408958,0.000161907690498075,0.000173360383217243,FALSE,-2.56231263350262,"dense_profiles",3,"maturity_fixed_recruitment_slope","recruitment"
"recruitment_80",0.183939720585721,0.168047415245523,0.00620232876051255,0.156797903578533,0.167791937243188,0.179660857688465,FALSE,-2.56231263350261,"dense_profiles",3,"maturity_fixed_recruitment_slope","recruitment"
"recruitment_110",2.3850093400699,2.17894565490762,0.0804209769206039,2.03308161688711,2.175633061957,2.32952851220772,FALSE,-2.56231263350261,"dense_profiles",3,"maturity_fixed_recruitment_slope","recruitment"
"recruit_mean_50",44,44.8966611683637,1.7498211234518,41.5226093464692,44.8702029000057,48.3708092131037,TRUE,0.512430188632593,"dense_profiles",3,"maturity_fixed_recruitment_slope","recruit_size"
"recruit_mean_80",44.6,45.055224979475,0.967220814211587,43.1846733623406,45.0231731440411,46.8825022695602,TRUE,0.470652588102168,"dense_profiles",3,"maturity_fixed_recruitment_slope","recruit_size"
"recruit_mean_110",45.2,45.2137887905863,0.218624573371228,44.8194729710212,45.208730613958,45.6610194243628,TRUE,0.0630706346210959,"dense_profiles",3,"maturity_fixed_recruitment_slope","recruit_size"
"recruit_sd.log_recruit_sd",3.5,3.43298347504811,0.105665190114518,3.22304261372151,3.42942935608901,3.62493894724569,TRUE,-0.634234650780055,"dense_profiles",3,"maturity_fixed_recruitment_slope","recruit_size"
"lambda",1.04584764197332,1.05859008952807,0.0277642797443382,1.00429540418724,1.05734301816238,1.11422541860885,TRUE,0.458951129728246,"dense_profiles",3,"maturity_fixed_recruitment_slope","lambda"
"survival_50",0.354343693774205,0.422381627291911,0.0218951130078425,0.377441321800786,0.422281253783507,0.464788065529776,FALSE,3.10744838326874,"rich_design",3,"ungated_weak","survival"
"survival_80",0.589040434058665,0.642149248051153,0.0239230467298234,0.595186119508322,0.642217870305571,0.687383228855726,FALSE,2.21998538030191,"rich_design",3,"ungated_weak","survival"
"survival_110",0.789181706522253,0.813862576351563,0.0278936881655881,0.75534319436472,0.814149184893122,0.863518234589951,TRUE,0.884819163489427,"rich_design",3,"ungated_weak","survival"
"growth_increment_50",12,8.85607166283741,0.744312431364733,7.37266914303119,8.89929892142752,10.4982687642451,FALSE,-4.22393635344507,"rich_design",3,"ungated_weak","growth"
"growth_increment_80",8.4,6.10431578928443,0.526321758503189,4.93395442775101,6.11631285058576,7.19638145175902,FALSE,-4.36175053306609,"rich_design",3,"ungated_weak","growth"
"growth_increment_110",4.8,3.35255991573147,0.545451587000937,2.22921298949423,3.37315032301883,4.33254169061058,FALSE,-2.65365454746774,"rich_design",3,"ungated_weak","growth"
"growth_sd.log_growth_sd",4.5,6.45918193032949,0.354369737985991,5.80626975087278,6.44755712266747,7.17761004560125,FALSE,5.5286378048651,"rich_design",3,"ungated_weak","growth"
"recruitment_50",0.000177489191913507,0.0304184908486313,0.0089658106479568,0.0165238087902672,0.0298786776116585,0.0496076024372534,FALSE,3.372924417449,"rich_design",3,"ungated_weak","recruitment"
"recruitment_80",0.183939720585721,0.261057181805263,0.0443155326626789,0.18084065928855,0.261800134058274,0.349809928610388,TRUE,1.74019032573849,"rich_design",3,"ungated_weak","recruitment"
"recruitment_110",2.3850093400699,2.27719790564954,0.129461032902595,2.03248157429128,2.27549743678782,2.5136775327937,TRUE,-0.832771313523203,"rich_design",3,"ungated_weak","recruitment"
"recruit_mean_50",44,44.6944723148993,0.810707433756762,43.0328584635343,44.7351913388635,46.2716681794566,TRUE,0.856625073340162,"rich_design",3,"ungated_weak","recruit_size"
"recruit_mean_80",44.6,44.8747432581182,0.46722571619121,43.9249759398516,44.8975136038803,45.7825654856168,TRUE,0.588031113436642,"rich_design",3,"ungated_weak","recruit_size"
"recruit_mean_110",45.2,45.0550142013369,0.159912409688874,44.7238234700482,45.0509922888196,45.3743802889528,TRUE,-0.906657581767194,"rich_design",3,"ungated_weak","recruit_size"
"recruit_sd.log_recruit_sd",3.5,3.26663256482507,0.106475775652391,3.07266040004094,3.26491839160943,3.48331547707531,FALSE,-2.19174205348645,"rich_design",3,"ungated_weak","recruit_size"
"lambda",1.04584764197332,1.02595127703751,0.0258612830258181,0.972361810106047,1.02658867416666,1.07878346259958,TRUE,-0.769349491127289,"rich_design",3,"ungated_weak","lambda"
"survival_50",0.354343693774205,0.428128396843394,0.0226664265466924,0.385464333374834,0.4275389856211,0.471733238750738,FALSE,3.25524197284448,"rich_design",3,"maturity_weak","survival"
"survival_80",0.589040434058665,0.647017546511174,0.0237499789135569,0.602733984513751,0.648480113781445,0.688692330573188,FALSE,2.4411437443178,"rich_design",3,"maturity_weak","survival"
"survival_110",0.789181706522253,0.816807455190164,0.0273878785868165,0.752750558760606,0.819468544281119,0.861120356128106,TRUE,1.0086852320577,"rich_design",3,"maturity_weak","survival"
"growth_increment_50",12,8.67060589944489,0.75655546578371,7.25130296122282,8.67947430735231,10.0897055435979,FALSE,-4.40072704663659,"rich_design",3,"maturity_weak","growth"
"growth_increment_80",8.4,6.00392936197045,0.530700624686074,4.97998229892463,5.95182777206205,7.06490888762796,FALSE,-4.5149195734354,"rich_design",3,"maturity_weak","growth"
"growth_increment_110",4.8,3.33725282449602,0.567745379034695,2.27204163204007,3.32732337901293,4.45617178054259,FALSE,-2.57641405728568,"rich_design",3,"maturity_weak","growth"
"growth_sd.log_growth_sd",4.5,6.46422903008596,0.341632449908838,5.89034525410381,6.44682018632091,7.10114498176737,FALSE,5.74953881169691,"rich_design",3,"maturity_weak","growth"
"recruitment_50",0.000177489191913507,0.000197239543476404,6.00137541195692e-05,0.000102442653928248,0.000187044075553182,0.000327239811437463,TRUE,0.329097085370573,"rich_design",3,"maturity_weak","recruitment"
"recruitment_80",0.183939720585721,0.192170837074625,0.0343766543518036,0.131565828272467,0.189621452923858,0.26667510197151,TRUE,0.239439138104252,"rich_design",3,"maturity_weak","recruitment"
"recruitment_110",2.3850093400699,2.37939798010217,0.155973928962671,2.0889214937956,2.37719498579944,2.6950091407055,TRUE,-0.0359762686306231,"rich_design",3,"maturity_weak","recruitment"
"recruit_mean_50",44,44.6743631923841,0.936158450521598,42.8544483778922,44.7044694138726,46.3523292103843,TRUE,0.720351551607912,"rich_design",3,"maturity_weak","recruit_size"
"recruit_mean_80",44.6,44.8455825733858,0.560124231717988,43.7807624435714,44.890641583248,45.8636739789521,TRUE,0.438443044380567,"rich_design",3,"maturity_weak","recruit_size"
"recruit_mean_110",45.2,45.0168019543874,0.207864275542117,44.6207195740659,45.0174079886435,45.4426066057516,TRUE,-0.881334924603248,"rich_design",3,"maturity_weak","recruit_size"
"recruit_sd.log_recruit_sd",3.5,3.23429916659275,0.114426045418509,3.03712476902346,3.23430971113889,3.46199469723471,FALSE,-2.32203107636433,"rich_design",3,"maturity_weak","recruit_size"
"lambda",1.04584764197332,1.029060027255,0.0258941145641724,0.977330362969252,1.03043481409369,1.08218960747317,TRUE,-0.648317774168894,"rich_design",3,"maturity_weak","lambda"
"survival_50",0.354343693774205,0.426321714864535,0.0223851977280552,0.384599558655151,0.426974399708072,0.471814535979847,FALSE,3.21542931917556,"rich_design",3,"maturity_shape_informed","survival"
"survival_80",0.589040434058665,0.646344539949226,0.0238994165211928,0.602301630840396,0.646813270545835,0.692928814392249,FALSE,2.39771987068165,"rich_design",3,"maturity_shape_informed","survival"
"survival_110",0.789181706522253,0.816995307970019,0.0274791311232977,0.75796617678657,0.819488979165664,0.869506986459523,TRUE,1.01217179404135,"rich_design",3,"maturity_shape_informed","survival"
"growth_increment_50",12,8.67979667605699,0.776306153424052,7.23987773175374,8.70399746502376,10.1127892925193,FALSE,-4.2769251657978,"rich_design",3,"maturity_shape_informed","growth"
"growth_increment_80",8.4,6.00521117715796,0.534520199943641,4.94522903892256,6.02198306074373,7.07013486394503,FALSE,-4.48025878740325,"rich_design",3,"maturity_shape_informed","growth"
"growth_increment_110",4.8,3.33062567825894,0.551939418051843,2.20146292993203,3.33212731777047,4.33287390598975,FALSE,-2.66220217959327,"rich_design",3,"maturity_shape_informed","growth"
"growth_sd.log_growth_sd",4.5,6.45790186294325,0.343859361338027,5.81970885141813,6.44337138052093,7.14607644317358,FALSE,5.6939030402565,"rich_design",3,"maturity_shape_informed","growth"
"recruitment_50",0.000177489191913507,0.00019506752538937,6.49819027766501e-05,0.000102560899804934,0.000187690230947665,0.000354192329540231,TRUE,0.270511215042148,"rich_design",3,"maturity_shape_informed","recruitment"
"recruitment_80",0.183939720585721,0.190793793221757,0.0364474146020095,0.130703456647187,0.188094825546637,0.274752669510676,TRUE,0.188053740186486,"rich_design",3,"maturity_shape_informed","recruitment"
"recruitment_110",2.3850093400699,2.37471963786905,0.165058038376426,2.07767233219473,2.37389342186735,2.7531420377408,TRUE,-0.0623399036003417,"rich_design",3,"maturity_shape_informed","recruitment"
"recruit_mean_50",44,44.6188987535102,0.913685767517716,42.8189399945119,44.6041348581728,46.3180859729008,TRUE,0.677364992990502,"rich_design",3,"maturity_shape_informed","recruit_size"
"recruit_mean_80",44.6,44.8156661385911,0.54450259217756,43.7441119974549,44.8052307283022,45.8601455088332,TRUE,0.396079177012998,"rich_design",3,"maturity_shape_informed","recruit_size"
"recruit_mean_110",45.2,45.0124335236721,0.198513012549472,44.6310658893393,45.01596052053,45.3879518633397,TRUE,-0.944857336650415,"rich_design",3,"maturity_shape_informed","recruit_size"
"recruit_sd.log_recruit_sd",3.5,3.24813356830558,0.104567228440834,3.04242018692302,3.24664307223339,3.44927352881149,FALSE,-2.40865551712437,"rich_design",3,"maturity_shape_informed","recruit_size"
"lambda",1.04584764197332,1.02875623320836,0.0254405478632367,0.981076922941196,1.02907772528413,1.07745698163543,TRUE,-0.671817637609076,"rich_design",3,"maturity_shape_informed","lambda"
"survival_50",0.354343693774205,0.425290672622495,0.0217450600943679,0.383636881560742,0.425574565757126,0.467410274503763,FALSE,3.26267108669276,"rich_design",3,"maturity_fixed_recruitment_slope","survival"
"survival_80",0.589040434058665,0.646029325759584,0.0231694944392892,0.598921172662964,0.648067697227153,0.688220520234597,FALSE,2.45965192940425,"rich_design",3,"maturity_fixed_recruitment_slope","survival"
"survival_110",0.789181706522253,0.817198938121762,0.0270896026919091,0.76116292015644,0.819108138305705,0.866456485861662,TRUE,1.03424298680753,"rich_design",3,"maturity_fixed_recruitment_slope","survival"
"growth_increment_50",12,8.69801533890968,0.72282109665608,7.30757009685108,8.6666436860161,10.1870183685769,FALSE,-4.56819076859543,"rich_design",3,"maturity_fixed_recruitment_slope","growth"
"growth_increment_80",8.4,6.01040805318068,0.519196807285217,5.04374452926796,6.02047049737127,7.04540944230779,FALSE,-4.60247812253324,"rich_design",3,"maturity_fixed_recruitment_slope","growth"
"growth_increment_110",4.8,3.3228007674517,0.541481905083064,2.35723226111492,3.32709211824266,4.35537828190133,FALSE,-2.72806758394207,"rich_design",3,"maturity_fixed_recruitment_slope","growth"
"growth_sd.log_growth_sd",4.5,6.45234627883432,0.347440261454609,5.75858310500651,6.45789998840203,7.17846828309554,FALSE,5.61922867160109,"rich_design",3,"maturity_fixed_recruitment_slope","growth"
"recruitment_50",0.000177489191913507,0.000174898787549468,7.80033714409144e-06,0.000160790629880968,0.000174736584439763,0.000191094434087634,TRUE,-0.33208876952212,"rich_design",3,"maturity_fixed_recruitment_slope","recruitment"
"recruitment_80",0.183939720585721,0.181255172587117,0.00808382650960399,0.166634279046805,0.181087074494181,0.198039421063423,TRUE,-0.332088769522109,"rich_design",3,"maturity_fixed_recruitment_slope","recruitment"
"recruitment_110",2.3850093400699,2.35020080589278,0.104816956704711,2.16062257046451,2.34802120313802,2.56782965329222,TRUE,-0.332088769522119,"rich_design",3,"maturity_fixed_recruitment_slope","recruitment"
"recruit_mean_50",44,44.5773788432558,0.909081271767581,42.6421875851835,44.5615327302652,46.3370370343328,TRUE,0.635123460560561,"rich_design",3,"maturity_fixed_recruitment_slope","recruit_size"
"recruit_mean_80",44.6,44.78795768218,0.540242595602979,43.6504034606336,44.7861783193342,45.8465248362342,TRUE,0.347913481294838,"rich_design",3,"maturity_fixed_recruitment_slope","recruit_size"
"recruit_mean_110",45.2,44.998536521104,0.195969296122182,44.6202471235343,44.9947866473154,45.3919982437182,TRUE,-1.02803593666222,"rich_design",3,"maturity_fixed_recruitment_slope","recruit_size"
"recruit_sd.log_recruit_sd",3.5,3.23870867145785,0.106255861231266,3.04333408834298,3.23903718408514,3.44778061749002,FALSE,-2.45907685010855,"rich_design",3,"maturity_fixed_recruitment_slope","recruit_size"
"lambda",1.04584764197332,1.0291829835331,0.0258592047352165,0.977770242621284,1.02910674172315,1.07893541745036,TRUE,-0.644438164702221,"rich_design",3,"maturity_fixed_recruitment_slope","lambda"
"survival_50",0.354343693774205,0.37649187053213,0.0295250726825713,0.323251201842999,0.373904862479832,0.434188091571872,TRUE,0.75014808586735,"standard",4,"ungated_weak","survival"
"survival_80",0.589040434058665,0.579236298527236,0.040731841570639,0.49984545981677,0.579217992610919,0.655837967803378,TRUE,-0.240699540049677,"standard",4,"ungated_weak","survival"
"survival_110",0.789181706522253,0.754992848821705,0.0573969167012344,0.620100061912005,0.760067965702885,0.853751306960629,TRUE,-0.595656694914625,"standard",4,"ungated_weak","survival"
"growth_increment_50",12,11.7619806629775,1.50605396468741,8.66052479650862,11.7857593070487,14.6535365266996,TRUE,-0.158041705412538,"standard",4,"ungated_weak","growth"
"growth_increment_80",8.4,7.9755692026237,1.36470337954271,5.07245865210843,7.99980594661146,10.547039129138,TRUE,-0.311005896034725,"standard",4,"ungated_weak","growth"
"growth_increment_110",4.8,4.18915774226992,1.61854594875028,1.13088877390556,4.25626618297226,7.31902905136244,TRUE,-0.377401863815933,"standard",4,"ungated_weak","growth"
"growth_sd.log_growth_sd",4.5,7.4391489579184,1.10012291940056,5.47628836806859,7.33985974167226,9.75270554834116,FALSE,2.6716550542551,"standard",4,"ungated_weak","growth"
"recruitment_50",0.000177489191913507,0.106319291959607,0.0696000748905741,0.0266657280115036,0.0873813607708149,0.301511773564408,FALSE,1.52502426088723,"standard",4,"ungated_weak","recruitment"
"recruitment_80",0.183939720585721,0.496124985211369,0.154918692799349,0.265531488619801,0.47542031703713,0.876373290214102,FALSE,2.01515555666345,"standard",4,"ungated_weak","recruitment"
"recruitment_110",2.3850093400699,2.55563533406291,0.149382306119776,2.25486907477388,2.56511204024299,2.84461802777906,TRUE,1.14221020162993,"standard",4,"ungated_weak","recruitment"
"recruit_mean_50",44,45.1027946355617,1.56721871784958,41.9130209913339,45.144766931689,48.0513623421583,TRUE,0.70366351741566,"standard",4,"ungated_weak","recruit_size"
"recruit_mean_80",44.6,45.3158749873394,0.776988607389814,43.6715221055284,45.3251467825505,46.8320448638489,TRUE,0.921345539086209,"standard",4,"ungated_weak","recruit_size"
"recruit_mean_110",45.2,45.5289553391171,0.164358566126028,45.2031867531379,45.5274904871152,45.8731865567068,FALSE,2.00144931213911,"standard",4,"ungated_weak","recruit_size"
"recruit_sd.log_recruit_sd",3.5,3.30090721560208,0.161354115831591,2.97007564773415,3.29688098422239,3.61667733649435,TRUE,-1.23388723846201,"standard",4,"ungated_weak","recruit_size"
"lambda",1.04584764197332,1.01563293924339,0.0554207828499063,0.905618324509242,1.01481054076025,1.12259601983085,TRUE,-0.54518722356843,"standard",4,"ungated_weak","lambda"
"survival_50",0.354343693774205,0.382049188061637,0.0318075562783798,0.321967266660313,0.383475087490471,0.447646332171779,TRUE,0.871034984421756,"standard",4,"maturity_weak","survival"
"survival_80",0.589040434058665,0.58527671613813,0.0408836299224905,0.505419424891034,0.58213872300708,0.663058764403175,TRUE,-0.0920592894434848,"standard",4,"maturity_weak","survival"
"survival_110",0.789181706522253,0.759973253405411,0.0555630065801705,0.636592747341757,0.764356550292771,0.858544280326429,TRUE,-0.525681652498376,"standard",4,"maturity_weak","survival"
"growth_increment_50",12,11.5806290206073,1.46632552787131,8.71199790614321,11.5784958107571,14.4851065204891,TRUE,-0.2860012810399,"standard",4,"maturity_weak","growth"
"growth_increment_80",8.4,7.83342393253132,1.36036061406084,5.19908971708782,7.89937606534589,10.3984302732813,TRUE,-0.416489614307039,"standard",4,"maturity_weak","growth"
"growth_increment_110",4.8,4.08879460498586,1.67710735894955,0.469618294422835,4.21815888737907,6.92292562213101,TRUE,-0.42406670701129,"standard",4,"maturity_weak","growth"
"growth_sd.log_growth_sd",4.5,7.60836779480805,1.02146095465916,5.84551948331023,7.53857613812508,9.73697413380946,FALSE,3.0430608048501,"standard",4,"maturity_weak","growth"
"recruitment_50",0.000177489191913507,0.000551021250789205,0.000297282379798482,0.00017119998106027,0.000479307676743567,0.00132640377427256,TRUE,1.25648906312208,"standard",4,"maturity_weak","recruitment"
"recruitment_80",0.183939720585721,0.347529712938026,0.108254673196922,0.186265508030939,0.328273314651798,0.590902751405713,FALSE,1.51115871048563,"standard",4,"maturity_weak","recruitment"
"recruitment_110",2.3850093400699,2.88274910305411,0.274868207693074,2.38138716473378,2.87903992429392,3.41063556801254,TRUE,1.81083060555332,"standard",4,"maturity_weak","recruitment"
"recruit_mean_50",44,44.6084942248982,1.53827960117088,41.8334138366263,44.5850473489018,47.6766158290579,TRUE,0.39556802575747,"standard",4,"maturity_weak","recruit_size"
"recruit_mean_80",44.6,45.002595719841,0.878392790928161,43.4080687278352,44.9787555849086,46.7370877804346,TRUE,0.458332222211852,"standard",4,"maturity_weak","recruit_size"
"recruit_mean_110",45.2,45.3966972147838,0.260316252081799,44.9092992197688,45.3871065206285,45.936148551986,TRUE,0.755608661429043,"standard",4,"maturity_weak","recruit_size"
"recruit_sd.log_recruit_sd",3.5,3.27980396100359,0.175587416649651,2.98356541628099,3.28010010945448,3.62806654911,TRUE,-1.25405364004963,"standard",4,"maturity_weak","recruit_size"
"lambda",1.04584764197332,1.02154943532972,0.0565527003862973,0.914641276824477,1.01919726899404,1.1395223798753,TRUE,-0.42965599304055,"standard",4,"maturity_weak","lambda"
"survival_50",0.354343693774205,0.38455076930158,0.032512851469576,0.322864713773482,0.382959426686225,0.445762669983438,TRUE,0.929081091384499,"standard",4,"maturity_shape_informed","survival"
"survival_80",0.589040434058665,0.586157051630193,0.0435231305628676,0.499314386248673,0.585138678577812,0.668117177261149,TRUE,-0.0662494262517956,"standard",4,"maturity_shape_informed","survival"
"survival_110",0.789181706522253,0.758957109420397,0.0591338142435636,0.635237211049429,0.764651334107725,0.863135839578516,TRUE,-0.511122062537099,"standard",4,"maturity_shape_informed","survival"
"growth_increment_50",12,11.4512697788233,1.52152706673197,8.47584129672565,11.4842840494632,14.3395432489372,TRUE,-0.360644403359374,"standard",4,"maturity_shape_informed","growth"
"growth_increment_80",8.4,7.71015975703037,1.35841645381344,4.87585903034408,7.76959785683321,10.271770395315,TRUE,-0.50782677214566,"standard",4,"maturity_shape_informed","growth"
"growth_increment_110",4.8,3.97059337788765,1.59477384580985,0.790893288947958,4.00548684784082,6.91890577905604,TRUE,-0.520077893358709,"standard",4,"maturity_shape_informed","growth"
"growth_sd.log_growth_sd",4.5,7.62178557187837,0.967269828964514,5.82908432785449,7.58637296024483,9.64901107122748,FALSE,3.22741956628619,"standard",4,"maturity_shape_informed","growth"
"recruitment_50",0.000177489191913507,0.000370506397658836,0.000165949585779124,0.000150698948800264,0.000337899160173446,0.000772767492577984,TRUE,1.16310748736807,"standard",4,"maturity_shape_informed","recruitment"
"recruitment_80",0.183939720585721,0.280463517517137,0.0716589944844365,0.167938370409648,0.273922237397653,0.457962704216608,TRUE,1.34698787815646,"standard",4,"maturity_shape_informed","recruitment"
"recruitment_110",2.3850093400699,2.7399825686427,0.238671175511086,2.30681177601297,2.71946975759431,3.27561791168809,TRUE,1.4872898992208,"standard",4,"maturity_shape_informed","recruitment"
"recruit_mean_50",44,44.3941256773166,1.51567992130851,41.3208219904615,44.4000396096476,47.0498292275837,TRUE,0.260032261281343,"standard",4,"maturity_shape_informed","recruit_size"
"recruit_mean_80",44.6,44.8672994814069,0.882941632920906,43.1119917367104,44.8653868063174,46.3570146455417,TRUE,0.302737430698139,"standard",4,"maturity_shape_informed","recruit_size"
"recruit_mean_110",45.2,45.3404732854971,0.284516577162848,44.8015373447827,45.3463250911472,45.9173757587426,TRUE,0.493726189517269,"standard",4,"maturity_shape_informed","recruit_size"
"recruit_sd.log_recruit_sd",3.5,3.26215416763225,0.163142985375656,2.94636746350197,3.26302372236977,3.56311627477092,TRUE,-1.4578980016829,"standard",4,"maturity_shape_informed","recruit_size"
"lambda",1.04584764197332,1.02166704429883,0.0564504496134003,0.905656265200347,1.0245982535667,1.12430111887189,TRUE,-0.428350842908904,"standard",4,"maturity_shape_informed","lambda"
"survival_50",0.354343693774205,0.387045790357932,0.0336751496810063,0.320961086607618,0.387227575570941,0.451143556057442,TRUE,0.971104713520313,"standard",4,"maturity_fixed_recruitment_slope","survival"
"survival_80",0.589040434058665,0.586992068808141,0.0438342279239335,0.498631481359889,0.587813741524307,0.669683311385593,TRUE,-0.0467298124670724,"standard",4,"maturity_fixed_recruitment_slope","survival"
"survival_110",0.789181706522253,0.758181040274543,0.0603629944295094,0.636353098501915,0.761610652207514,0.858781571958842,TRUE,-0.513570715646192,"standard",4,"maturity_fixed_recruitment_slope","survival"
"growth_increment_50",12,11.354121735157,1.55906175677972,8.3359728406901,11.3654955305024,14.1784405277783,TRUE,-0.414273688668403,"standard",4,"maturity_fixed_recruitment_slope","growth"
"growth_increment_80",8.4,7.64755583046224,1.35845079752047,5.10344824146657,7.6338978515544,10.2887470145949,TRUE,-0.55389872854517,"standard",4,"maturity_fixed_recruitment_slope","growth"
"growth_increment_110",4.8,3.94135695626854,1.57033253581958,1.03972324516725,3.95876939088726,7.04197049293747,TRUE,-0.54679058361567,"standard",4,"maturity_fixed_recruitment_slope","growth"
"growth_sd.log_growth_sd",4.5,7.74304337048827,1.00163911572068,6.08425699625601,7.57829071188206,9.86138586261817,FALSE,3.23773634594421,"standard",4,"maturity_fixed_recruitment_slope","growth"
"recruitment_50",0.000177489191913507,0.000182232550878442,1.07454549730071e-05,0.000162385906685077,0.000182268534997237,0.000205003417743442,TRUE,0.441429327734387,"standard",4,"maturity_fixed_recruitment_slope","recruitment"
"recruitment_80",0.183939720585721,0.188855468486996,0.0111359794024221,0.168287533346073,0.188892760384522,0.212453901966168,TRUE,0.441429327734368,"standard",4,"maturity_fixed_recruitment_slope","recruitment"
"recruitment_110",2.3850093400699,2.44874818136333,0.144391949716078,2.18205908745339,2.44923171761979,2.75473148980601,TRUE,0.44142932773438,"standard",4,"maturity_fixed_recruitment_slope","recruitment"
"recruit_mean_50",44,44.1060095550089,1.54985140602609,40.9817318504164,44.2028712023178,46.8228094817253,TRUE,0.0683998185869109,"standard",4,"maturity_fixed_recruitment_slope","recruit_size"
"recruit_mean_80",44.6,44.6759178200273,0.919667099366053,42.830527740543,44.7376710049911,46.3142013842419,TRUE,0.0825492399147278,"standard",4,"maturity_fixed_recruitment_slope","recruit_size"
"recruit_mean_110",45.2,45.2458260850456,0.317960563888504,44.6536541943647,45.2265259122033,45.7996575915761,TRUE,0.144125059048727,"standard",4,"maturity_fixed_recruitment_slope","recruit_size"
"recruit_sd.log_recruit_sd",3.5,3.23166404620008,0.175290592309913,2.90729463322418,3.22924069386186,3.58592646648067,TRUE,-1.53080636139049,"standard",4,"maturity_fixed_recruitment_slope","recruit_size"
"lambda",1.04584764197332,1.02902421924339,0.0555370678994988,0.915832086921297,1.03260701515361,1.1404636936001,TRUE,-0.302922414996338,"standard",4,"maturity_fixed_recruitment_slope","lambda"
"survival_50",0.354343693774205,0.38933385883789,0.0195460374263746,0.350635789151747,0.389205146279204,0.428737339498727,TRUE,1.79014110637439,"dense_profiles",4,"ungated_weak","survival"
"survival_80",0.589040434058665,0.608123737138396,0.0218557921444917,0.562514843280035,0.609040674235515,0.650690293690596,TRUE,0.873146255856033,"dense_profiles",4,"ungated_weak","survival"
"survival_110",0.789181706522253,0.78971874056601,0.0282238513134033,0.728491278508809,0.790714761762303,0.838817034146907,TRUE,0.0190276669825949,"dense_profiles",4,"ungated_weak","survival"
"growth_increment_50",12,10.9751392012331,0.714420196155363,9.65634652772535,10.9802209069173,12.3604439404069,TRUE,-1.43453503173932,"dense_profiles",4,"ungated_weak","growth"
"growth_increment_80",8.4,7.6551853860138,0.569972984251137,6.53555840019854,7.66537337780479,8.76604233771819,TRUE,-1.3067542402291,"dense_profiles",4,"ungated_weak","growth"
"growth_increment_110",4.8,4.33523157079452,0.63804086858795,3.16281710196969,4.32738696919974,5.56568442132746,TRUE,-0.728430500438096,"dense_profiles",4,"ungated_weak","growth"
"growth_sd.log_growth_sd",4.5,5.5033918996793,0.495974851370869,4.53677263152024,5.49406238229252,6.48790615398009,FALSE,2.02307011515995,"dense_profiles",4,"ungated_weak","growth"
"recruitment_50",0.000177489191913507,0.0385905432303605,0.0152047084299769,0.0165331550931758,0.0363650576048459,0.0732787691188815,FALSE,2.52639201964003,"dense_profiles",4,"ungated_weak","recruitment"
"recruitment_80",0.183939720585721,0.301053737263836,0.0643893067795299,0.19309583269625,0.295999352657303,0.440082909713098,FALSE,1.8188426391841,"dense_profiles",4,"ungated_weak","recruitment"
"recruitment_110",2.3850093400699,2.42392179865918,0.115432042272954,2.21413027707121,2.41831067814878,2.66895281969297,TRUE,0.33710274740932,"dense_profiles",4,"ungated_weak","recruitment"
"recruit_mean_50",44,43.51284162914,1.24149513289596,41.0542453561241,43.4087720781524,46.0074670854172,TRUE,-0.392396520897826,"dense_profiles",4,"ungated_weak","recruit_size"
"recruit_mean_80",44.6,44.2952923190584,0.6824525494824,42.9669869410109,44.2319603319005,45.6479619023052,TRUE,-0.446489182541273,"dense_profiles",4,"ungated_weak","recruit_size"
"recruit_mean_110",45.2,45.0777430089767,0.176751005057088,44.7486683461534,45.076747758812,45.4214076884863,TRUE,-0.691690499772655,"dense_profiles",4,"ungated_weak","recruit_size"
"recruit_sd.log_recruit_sd",3.5,3.42156509439756,0.117194944527392,3.18249631984839,3.41787796256359,3.64954961695632,TRUE,-0.669268678087998,"dense_profiles",4,"ungated_weak","recruit_size"
"lambda",1.04584764197332,1.03913528959376,0.0301874715969113,0.979636165888457,1.0395598302245,1.09946228739768,TRUE,-0.222355567541026,"dense_profiles",4,"ungated_weak","lambda"
"survival_50",0.354343693774205,0.388440295172951,0.018025887909532,0.351838965361989,0.388719180909177,0.424373850269739,TRUE,1.89153519481925,"dense_profiles",4,"maturity_weak","survival"
"survival_80",0.589040434058665,0.606791269435589,0.0222146536391466,0.562753575607302,0.606450879949627,0.649370090737524,TRUE,0.799059740712909,"dense_profiles",4,"maturity_weak","survival"
"survival_110",0.789181706522253,0.788410782490947,0.0288768523000551,0.729487012389272,0.790810456182791,0.843067896388608,TRUE,-0.0266969551700198,"dense_profiles",4,"maturity_weak","survival"
"growth_increment_50",12,10.9979781159903,0.656372772186537,9.77150896905481,11.0108041655322,12.1945265134631,TRUE,-1.52660489049802,"dense_profiles",4,"maturity_weak","growth"
"growth_increment_80",8.4,7.70663718685768,0.540670866962183,6.7356958242999,7.67755779443253,8.77177426008866,TRUE,-1.28241200980191,"dense_profiles",4,"maturity_weak","growth"
"growth_increment_110",4.8,4.41529625772507,0.6480815406577,3.15911833369052,4.41228939116911,5.67037415905378,TRUE,-0.593603918859525,"dense_profiles",4,"maturity_weak","growth"
"growth_sd.log_growth_sd",4.5,5.48665835672155,0.474683923531371,4.63266631563604,5.45931009582832,6.42731241968765,FALSE,2.07855861092026,"dense_profiles",4,"maturity_weak","growth"
"recruitment_50",0.000177489191913507,0.000333214072491217,0.000133233813354227,0.00014241765773496,0.000313526689946647,0.000658728423886404,TRUE,1.16880900318965,"dense_profiles",4,"maturity_weak","recruitment"
"recruitment_80",0.183939720585721,0.263204895211703,0.0593090080628071,0.166081006503096,0.257971910741302,0.397189808785049,TRUE,1.33647783389063,"dense_profiles",4,"maturity_weak","recruitment"
"recruitment_110",2.3850093400699,2.67712380546386,0.166684114204823,2.38681577598569,2.67133033457302,3.0163710722014,FALSE,1.75250333115128,"dense_profiles",4,"maturity_weak","recruitment"
"recruit_mean_50",44,43.2043460870728,1.40663100255124,40.5322113855487,43.1426498400968,46.0158207857757,TRUE,-0.565645084947035,"dense_profiles",4,"maturity_weak","recruit_size"
"recruit_mean_80",44.6,44.0848732760382,0.797791190614281,42.552658793752,44.0471605118966,45.6320314838433,TRUE,-0.645691165836477,"dense_profiles",4,"maturity_weak","recruit_size"
"recruit_mean_110",45.2,44.9654004650035,0.218449576577383,44.5333546576968,44.9626015111651,45.3804856094085,TRUE,-1.07392991404296,"dense_profiles",4,"maturity_weak","recruit_size"
"recruit_sd.log_recruit_sd",3.5,3.44130353365277,0.107839888051003,3.22313677064317,3.43226137503856,3.65724181284642,TRUE,-0.54429272329615,"dense_profiles",4,"maturity_weak","recruit_size"
"lambda",1.04584764197332,1.0383172495013,0.0311023997911049,0.981539011848344,1.03786052600635,1.1007918838038,TRUE,-0.242116123598022,"dense_profiles",4,"maturity_weak","lambda"
"survival_50",0.354343693774205,0.388150170954388,0.0181618963070855,0.351785536968681,0.388541585592009,0.422585434908698,TRUE,1.86139578205798,"dense_profiles",4,"maturity_shape_informed","survival"
"survival_80",0.589040434058665,0.608240653297072,0.0216481182705614,0.569560700332946,0.606870835289349,0.647512058994965,TRUE,0.886923241939058,"dense_profiles",4,"maturity_shape_informed","survival"
"survival_110",0.789181706522253,0.790694018686123,0.0281336664011568,0.732825042351298,0.793022207001316,0.841081135112039,TRUE,0.0537545353067959,"dense_profiles",4,"maturity_shape_informed","survival"
"growth_increment_50",12,10.9474956345638,0.700567628865257,9.55130425420624,10.9554380492189,12.2255721412763,TRUE,-1.50235940410353,"dense_profiles",4,"maturity_shape_informed","growth"
"growth_increment_80",8.4,7.64591492489479,0.538909590824872,6.60997648964,7.61810099443104,8.75402346289071,TRUE,-1.3992793743956,"dense_profiles",4,"maturity_shape_informed","growth"
"growth_increment_110",4.8,4.3443342152258,0.588321912563124,3.2175580790989,4.35162066321698,5.57660100146815,TRUE,-0.774517785320984,"dense_profiles",4,"maturity_shape_informed","growth"
"growth_sd.log_growth_sd",4.5,5.53809532981161,0.520082271161169,4.57149288538713,5.54456187656712,6.58994671699936,FALSE,1.99602137464501,"dense_profiles",4,"maturity_shape_informed","growth"
"recruitment_50",0.000177489191913507,0.000294374586105601,0.000109555285875305,0.000127020707161767,0.000277649861131825,0.000526674543291993,TRUE,1.06690784710408,"dense_profiles",4,"maturity_shape_informed","recruitment"
"recruitment_80",0.183939720585721,0.245972508010773,0.0518241312034322,0.155920010329104,0.242163877200671,0.347509441958469,TRUE,1.19698653859813,"dense_profiles",4,"maturity_shape_informed","recruitment"
"recruitment_110",2.3850093400699,2.63740370629166,0.159668630081868,2.32083367442224,2.64287234434889,2.93608902535847,TRUE,1.5807385965067,"dense_profiles",4,"maturity_shape_informed","recruitment"
"recruit_mean_50",44,43.2261164761955,1.50373431886199,40.4315267366477,43.2178118378587,45.9185295186634,TRUE,-0.514641126492445,"dense_profiles",4,"maturity_shape_informed","recruit_size"
"recruit_mean_80",44.6,44.0985724760638,0.864508173506919,42.494080261953,44.084073029434,45.5878818253983,TRUE,-0.580014786791588,"dense_profiles",4,"maturity_shape_informed","recruit_size"
"recruit_mean_110",45.2,44.9710284759321,0.254383987084361,44.4391236268866,44.9718606082643,45.4741984868362,TRUE,-0.900101954892099,"dense_profiles",4,"maturity_shape_informed","recruit_size"
"recruit_sd.log_recruit_sd",3.5,3.44848290586753,0.108587531363897,3.23373187651546,3.44292656852567,3.66323315266116,TRUE,-0.474429186163411,"dense_profiles",4,"maturity_shape_informed","recruit_size"
"lambda",1.04584764197332,1.03959742492625,0.0309513329932391,0.98094714818465,1.03873949488521,1.10483173903143,TRUE,-0.201936926220008,"dense_profiles",4,"maturity_shape_informed","lambda"
"survival_50",0.354343693774205,0.387489559834955,0.0198326180135502,0.348799431768493,0.386956105216139,0.428281098056027,TRUE,1.67128041482491,"dense_profiles",4,"maturity_fixed_recruitment_slope","survival"
"survival_80",0.589040434058665,0.606375212068354,0.0210251713913435,0.567614901071024,0.606071822939922,0.64887826279013,TRUE,0.824477369864683,"dense_profiles",4,"maturity_fixed_recruitment_slope","survival"
"survival_110",0.789181706522253,0.788750665562656,0.0261934009100408,0.738322180883815,0.789849348245439,0.836715141026446,TRUE,-0.0164560898784242,"dense_profiles",4,"maturity_fixed_recruitment_slope","survival"
"growth_increment_50",12,10.9820185626135,0.729384485583724,9.55393786879587,11.006146364544,12.4250481200576,TRUE,-1.39567190899573,"dense_profiles",4,"maturity_fixed_recruitment_slope","growth"
"growth_increment_80",8.4,7.64981443421017,0.57369258238832,6.52483569516888,7.64481205900257,8.61716015007708,TRUE,-1.30764383019693,"dense_profiles",4,"maturity_fixed_recruitment_slope","growth"
"growth_increment_110",4.8,4.31761030580685,0.616773722578361,3.12779181708894,4.30419066363673,5.50171908268958,TRUE,-0.782117779234451,"dense_profiles",4,"maturity_fixed_recruitment_slope","growth"
"growth_sd.log_growth_sd",4.5,5.50922573442689,0.506135813204382,4.65524172715499,5.46989764226025,6.52393993778974,FALSE,1.99398206587557,"dense_profiles",4,"maturity_fixed_recruitment_slope","growth"
"recruitment_50",0.000177489191913507,0.000185028270952705,6.68775499651171e-06,0.000171939261907202,0.000184594858984775,0.000198736549507942,TRUE,1.12729593759488,"dense_profiles",4,"maturity_fixed_recruitment_slope","recruitment"
"recruitment_80",0.183939720585721,0.191752794029761,0.00693080954475013,0.178188088254623,0.191303630475519,0.205959275562397,TRUE,1.12729593759484,"dense_profiles",4,"maturity_fixed_recruitment_slope","recruitment"
"recruitment_110",2.3850093400699,2.48631564345751,0.08986664460421,2.31043220802558,2.48049167423174,2.6705205070779,TRUE,1.12729593759486,"dense_profiles",4,"maturity_fixed_recruitment_slope","recruitment"
"recruit_mean_50",44,43.0755340340824,1.49060212334812,39.878015278603,43.1065581529948,46.04386066943,TRUE,-0.620196329682584,"dense_profiles",4,"maturity_fixed_recruitment_slope","recruit_size"
"recruit_mean_80",44.6,43.9959729253984,0.85728235425401,42.170668198599,43.9931408644352,45.6561713286641,TRUE,-0.704583585098028,"dense_profiles",4,"maturity_fixed_recruitment_slope","recruit_size"
"recruit_mean_110",45.2,44.9164118167145,0.24666384348039,44.4081757468931,44.9122611165496,45.4078644984676,TRUE,-1.14969498279182,"dense_profiles",4,"maturity_fixed_recruitment_slope","recruit_size"
"recruit_sd.log_recruit_sd",3.5,3.44132824276076,0.108937001116388,3.24021089788137,3.43830260647743,3.65201119291327,TRUE,-0.538584288515107,"dense_profiles",4,"maturity_fixed_recruitment_slope","recruit_size"
"lambda",1.04584764197332,1.04270673897576,0.028809664935198,0.985891170935388,1.04188619346956,1.09503034863056,TRUE,-0.10902254519871,"dense_profiles",4,"maturity_fixed_recruitment_slope","lambda"
"survival_50",0.354343693774205,0.400557356415381,0.0186941117366979,0.365219724154087,0.400043357609139,0.435388227869606,FALSE,2.47209727277151,"rich_design",4,"ungated_weak","survival"
"survival_80",0.589040434058665,0.609998922457355,0.0202881313327694,0.573324075613336,0.608819000477709,0.648818221221199,TRUE,1.03304183391388,"rich_design",4,"ungated_weak","survival"
"survival_110",0.789181706522253,0.784862190912905,0.0239504251444196,0.741341038124038,0.785143549656871,0.827280533555506,TRUE,-0.180352356306903,"rich_design",4,"ungated_weak","survival"
"growth_increment_50",12,10.4817011165894,0.666923241170692,9.17984092181924,10.505340685785,11.8260840932637,FALSE,-2.27657215955684,"rich_design",4,"ungated_weak","growth"
"growth_increment_80",8.4,7.85023548340049,0.520689843475324,6.82615668861177,7.87733513920101,8.91819415165644,TRUE,-1.05583875600516,"rich_design",4,"ungated_weak","growth"
"growth_increment_110",4.8,5.21876985021159,0.561462622366964,4.1160884656938,5.2368303715679,6.32865495766262,TRUE,0.74585526004595,"rich_design",4,"ungated_weak","growth"
"growth_sd.log_growth_sd",4.5,5.73512265969187,0.425121586254477,5.0031952860048,5.71344174023382,6.61588489475837,FALSE,2.90533978896224,"rich_design",4,"ungated_weak","growth"
"recruitment_50",0.000177489191913507,0.0655528326658805,0.013547042154709,0.0441820116507331,0.0645099049056993,0.0950422348714935,FALSE,4.82580202581286,"rich_design",4,"ungated_weak","recruitment"
"recruitment_80",0.183939720585721,0.409089446922882,0.0467486702673879,0.326754272418615,0.40765470257744,0.511910231393637,FALSE,4.81617391573652,"rich_design",4,"ungated_weak","recruitment"
"recruitment_110",2.3850093400699,2.57513289552968,0.092308291885429,2.40632987556082,2.57497209235733,2.76102698483626,FALSE,2.05965847245616,"rich_design",4,"ungated_weak","recruitment"
"recruit_mean_50",44,44.845856244629,0.651415227288753,43.6869842548692,44.868137019647,46.036173322765,TRUE,1.29849013224558,"rich_design",4,"ungated_weak","recruit_size"
"recruit_mean_80",44.6,45.0213460526577,0.359586173587026,44.354406922508,45.0361530108874,45.6965085955457,TRUE,1.17175265237437,"rich_design",4,"ungated_weak","recruit_size"
"recruit_mean_110",45.2,45.1968358606865,0.105288410953307,44.9880566161918,45.1949720622805,45.4002467595823,TRUE,-0.0300521138541418,"rich_design",4,"ungated_weak","recruit_size"
"recruit_sd.log_recruit_sd",3.5,3.41315308386851,0.077302092117741,3.26169240137921,3.41129986155959,3.56315868027494,TRUE,-1.12347432976597,"rich_design",4,"ungated_weak","recruit_size"
"lambda",1.04584764197332,1.05410831492258,0.0241161460666211,1.00629117846067,1.05504763213761,1.10046321417782,TRUE,0.342537025876341,"rich_design",4,"ungated_weak","lambda"
"survival_50",0.354343693774205,0.40498610328484,0.0180465613840532,0.367294056761999,0.405227549320775,0.439154223815792,FALSE,2.80620825391066,"rich_design",4,"maturity_weak","survival"
"survival_80",0.589040434058665,0.611249352142031,0.019679382413396,0.570964543913076,0.610903044880824,0.647845209544209,TRUE,1.12853735024977,"rich_design",4,"maturity_weak","survival"
"survival_110",0.789181706522253,0.783505051767134,0.023951033030202,0.736979945451897,0.783878824900318,0.827564275538861,TRUE,-0.237010852432138,"rich_design",4,"maturity_weak","survival"
"growth_increment_50",12,10.3305209557441,0.660359293885468,8.97916354818885,10.3351344696066,11.6152495124839,FALSE,-2.52813742414811,"rich_design",4,"maturity_weak","growth"
"growth_increment_80",8.4,7.72660854620253,0.52899494309667,6.68304568492728,7.74160942402763,8.74437385027928,TRUE,-1.27296387722635,"rich_design",4,"maturity_weak","growth"
"growth_increment_110",4.8,5.12269613666095,0.569971612461408,4.01157556607568,5.13797131448042,6.23578849830495,TRUE,0.566161769473727,"rich_design",4,"maturity_weak","growth"
"growth_sd.log_growth_sd",4.5,5.83089474677789,0.465714431855674,4.96458781640365,5.81977488077896,6.90627934598476,FALSE,2.85774855950853,"rich_design",4,"maturity_weak","growth"
"recruitment_50",0.000177489191913507,0.000522552287161261,0.000109078034915126,0.000341828178999385,0.000506907674537856,0.000775265370031048,FALSE,3.16345170240963,"rich_design",4,"maturity_weak","recruitment"
"recruitment_80",0.183939720585721,0.347227259602361,0.0426622821759181,0.266651485600756,0.344878103745927,0.435142178902678,FALSE,3.82744500970022,"rich_design",4,"maturity_weak","recruitment"
"recruitment_110",2.3850093400699,2.90834112906509,0.135970451196108,2.64038374726672,2.90509812310817,3.18415091111056,FALSE,3.84886410533709,"rich_design",4,"maturity_weak","recruitment"
"recruit_mean_50",44,44.9390568293639,0.760343462471022,43.5916408536224,44.9494528887736,46.5151892417344,TRUE,1.23504294534483,"rich_design",4,"maturity_weak","recruit_size"
"recruit_mean_80",44.6,45.0543591333608,0.447498514552776,44.2718599727656,45.0445843597084,46.0224944394413,TRUE,1.0153310426402,"rich_design",4,"maturity_weak","recruit_size"
"recruit_mean_110",45.2,45.1696614373577,0.15517934273572,44.8813310413168,45.1607047360548,45.496858689433,TRUE,-0.195506451486886,"rich_design",4,"maturity_weak","recruit_size"
"recruit_sd.log_recruit_sd",3.5,3.40495318829303,0.0769323194564125,3.2563690593523,3.40782919784648,3.54841108054901,TRUE,-1.23546010803461,"rich_design",4,"maturity_weak","recruit_size"
"lambda",1.04584764197332,1.04919083758221,0.0243084624494301,1.00303740673282,1.04846006146612,1.10179168022681,TRUE,0.137532170775889,"rich_design",4,"maturity_weak","lambda"
"survival_50",0.354343693774205,0.404591872541978,0.0192827633811325,0.368298408319747,0.404424718616055,0.441860464130699,FALSE,2.60585984356057,"rich_design",4,"maturity_shape_informed","survival"
"survival_80",0.589040434058665,0.612040983608889,0.0192171243295996,0.575454221424213,0.612017135340375,0.649393045040299,TRUE,1.19687780313711,"rich_design",4,"maturity_shape_informed","survival"
"survival_110",0.789181706522253,0.784907564235454,0.0239465460019608,0.737887126606197,0.785838437039195,0.829860970063048,TRUE,-0.178486796653222,"rich_design",4,"maturity_shape_informed","survival"
"growth_increment_50",12,10.311934581208,0.653942329638629,9.09129819548104,10.3008841887724,11.6723618210639,FALSE,-2.58136741159551,"rich_design",4,"maturity_shape_informed","growth"
"growth_increment_80",8.4,7.70361434031406,0.513790853603694,6.76665071915487,7.67480878559642,8.66677054285306,TRUE,-1.35538742039011,"rich_design",4,"maturity_shape_informed","growth"
"growth_increment_110",4.8,5.09529409942012,0.568650387375475,4.01612409336914,5.11492407964544,6.18173534317844,TRUE,0.519289366499873,"rich_design",4,"maturity_shape_informed","growth"
"growth_sd.log_growth_sd",4.5,5.8128564996672,0.422924687432532,5.00743063691794,5.790958727266,6.6923047264581,FALSE,3.10423235786308,"rich_design",4,"maturity_shape_informed","growth"
"recruitment_50",0.000177489191913507,0.000491733136239389,0.000100429965118054,0.000337047941964222,0.000476450668459241,0.000712797369529673,FALSE,3.12898589535992,"rich_design",4,"maturity_shape_informed","recruitment"
"recruitment_80",0.183939720585721,0.335166967952526,0.0402661326433572,0.263204638716516,0.332305631540324,0.417153385667319,FALSE,3.75569336907138,"rich_design",4,"maturity_shape_informed","recruitment"
"recruitment_110",2.3850093400699,2.87828546589628,0.13200125036763,2.64915280588059,2.87089059465634,3.12945012913376,FALSE,3.73690494940451,"rich_design",4,"maturity_shape_informed","recruitment"
"recruit_mean_50",44,44.8529440414118,0.692782251181651,43.5595337171868,44.8726193295118,46.2114961587322,TRUE,1.23118633590425,"rich_design",4,"maturity_shape_informed","recruit_size"
"recruit_mean_80",44.6,45.0023558919966,0.40818165755307,44.2367759473505,45.0053124246091,45.7964555923158,TRUE,0.985727517519052,"rich_design",4,"maturity_shape_informed","recruit_size"
"recruit_mean_110",45.2,45.1517677425815,0.145276245884777,44.886123032453,45.1486530110792,45.4238985234063,TRUE,-0.332003743108799,"rich_design",4,"maturity_shape_informed","recruit_size"
"recruit_sd.log_recruit_sd",3.5,3.39993557956573,0.0765692104664609,3.25259940454414,3.39540101319912,3.54858990707114,TRUE,-1.30684931743025,"rich_design",4,"maturity_shape_informed","recruit_size"
"lambda",1.04584764197332,1.05002583797006,0.0248013972056351,0.998180242285196,1.04891969255159,1.09654777779805,TRUE,0.168466153826078,"rich_design",4,"maturity_shape_informed","lambda"
"survival_50",0.354343693774205,0.410682455314891,0.0189955829528635,0.370298966824096,0.409853811890719,0.446830791562831,FALSE,2.96588747397163,"rich_design",4,"maturity_fixed_recruitment_slope","survival"
"survival_80",0.589040434058665,0.617244719478975,0.0190441823118363,0.579178308684298,0.617077282890786,0.653536862103471,TRUE,1.4809921979575,"rich_design",4,"maturity_fixed_recruitment_slope","survival"
"survival_110",0.789181706522253,0.787989391809171,0.0244444073202297,0.738021917026507,0.790277820846821,0.830934034923636,TRUE,-0.048776585067563,"rich_design",4,"maturity_fixed_recruitment_slope","survival"
"growth_increment_50",12,10.0528705403044,0.64295033458724,8.7111213316309,10.0341900391733,11.2231613644061,FALSE,-3.0284290324627,"rich_design",4,"maturity_fixed_recruitment_slope","growth"
"growth_increment_80",8.4,7.52052648633745,0.533042603717658,6.56682610422874,7.49972909680441,8.49168167991676,TRUE,-1.64991223502351,"rich_design",4,"maturity_fixed_recruitment_slope","growth"
"growth_increment_110",4.8,4.98818243237051,0.604126450632374,3.8135387801323,4.97486897934999,6.09248985537767,TRUE,0.31149510532692,"rich_design",4,"maturity_fixed_recruitment_slope","growth"
"growth_sd.log_growth_sd",4.5,6.00545456451149,0.458042932121087,5.18824985813536,5.99815782453174,6.97487534995645,FALSE,3.28671060928741,"rich_design",4,"maturity_fixed_recruitment_slope","growth"
"recruitment_50",0.000177489191913507,0.000178825071093231,6.28073075868885e-06,0.000166280774669952,0.000179070644627787,0.000190729369228084,TRUE,0.212694864825312,"rich_design",4,"maturity_fixed_recruitment_slope","recruitment"
"recruitment_80",0.183939720585721,0.185324149915786,0.0065089927356836,0.172323953373302,0.185578648383229,0.197661088571527,TRUE,0.21269486482527,"rich_design",4,"maturity_fixed_recruitment_slope","recruitment"
"recruitment_110",2.3850093400699,2.40296020393094,0.0843972602525396,2.23439633921571,2.40626009598227,2.56292409768982,TRUE,0.212694864825268,"rich_design",4,"maturity_fixed_recruitment_slope","recruitment"
"recruit_mean_50",44,44.244252798954,0.764689803891829,42.8724349839336,44.237599669287,45.7364756275456,TRUE,0.319414222225604,"rich_design",4,"maturity_fixed_recruitment_slope","recruit_size"
"recruit_mean_80",44.6,44.6278493543247,0.460989005110201,43.7964596377897,44.6181387775759,45.5584072645643,TRUE,0.0604121877441535,"rich_design",4,"maturity_fixed_recruitment_slope","recruit_size"
"recruit_mean_110",45.2,45.0114459096954,0.173377253813374,44.684603116244,45.0088026439683,45.3388208917838,TRUE,-1.08753649142229,"rich_design",4,"maturity_fixed_recruitment_slope","recruit_size"
"recruit_sd.log_recruit_sd",3.5,3.37018647713517,0.0828390222289094,3.20337453981502,3.37069581555993,3.53677974787755,TRUE,-1.56705764230427,"rich_design",4,"maturity_fixed_recruitment_slope","recruit_size"
"lambda",1.04584764197332,1.06603921030652,0.0267307387228902,1.01186827328009,1.06626045497869,1.11407312333683,TRUE,0.755368886079765,"rich_design",4,"maturity_fixed_recruitment_slope","lambda"
"survival_50",0.354343693774205,0.407445955120567,0.0388995018963886,0.328351130817557,0.407403398914416,0.478563707393833,TRUE,1.36511417261341,"standard",5,"ungated_weak","survival"
"survival_80",0.589040434058665,0.610871655115903,0.0439918726929038,0.526890701884539,0.61204182784343,0.696756410641191,TRUE,0.496255779098922,"standard",5,"ungated_weak","survival"
"survival_110",0.789181706522253,0.777869360408507,0.0594745902515943,0.648358882982293,0.783328943186902,0.87738357951906,TRUE,-0.190204691884239,"standard",5,"ungated_weak","survival"
"growth_increment_50",12,9.26730153728857,1.52367031534748,6.58232327778149,9.23599377731454,12.4628628349607,TRUE,-1.79349721208438,"standard",5,"ungated_weak","growth"
"growth_increment_80",8.4,6.9024094118438,1.18076934410281,4.53606015129556,6.88304993313083,9.19321782893598,TRUE,-1.26831764021967,"standard",5,"ungated_weak","growth"
"growth_increment_110",4.8,4.53751728639901,1.45658229036909,1.64265976065408,4.50937823486301,7.48640820272074,TRUE,-0.180204520772035,"standard",5,"ungated_weak","growth"
"growth_sd.log_growth_sd",4.5,7.83357285245166,0.763863214504379,6.4679182653646,7.82782498619895,9.42097327975003,FALSE,4.36409659367429,"standard",5,"ungated_weak","growth"
"recruitment_50",0.000177489191913507,0.108198129187435,0.0468414892536535,0.0447231551451099,0.0995064048383738,0.239097067326493,FALSE,2.30608893347891,"standard",5,"ungated_weak","recruitment"
"recruitment_80",0.183939720585721,0.428751807900132,0.0855778516043641,0.283573112630211,0.421021841257483,0.634459025601277,FALSE,2.86069447555431,"standard",5,"ungated_weak","recruitment"
"recruitment_110",2.3850093400699,1.78613680204613,0.150831988629275,1.48582948773891,1.78709725763153,2.08831656099225,FALSE,-3.97046106377153,"standard",5,"ungated_weak","recruitment"
"recruit_mean_50",44,46.3811423398833,1.48053295918962,43.5010245356605,46.3933297655635,49.0954836342998,TRUE,1.60830079810356,"standard",5,"ungated_weak","recruit_size"
"recruit_mean_80",44.6,45.8149917950101,0.715757710513778,44.4332007372896,45.8233449532911,47.15670806778,TRUE,1.69749033389795,"standard",5,"ungated_weak","recruit_size"
"recruit_mean_110",45.2,45.2488412501368,0.319352410043295,44.6307040477021,45.2630290749264,45.881671955843,TRUE,0.15293841098666,"standard",5,"ungated_weak","recruit_size"
"recruit_sd.log_recruit_sd",3.5,3.55242200328797,0.244153728606238,3.10396161458393,3.54971233235091,4.0554152809542,TRUE,0.214709001526289,"standard",5,"ungated_weak","recruit_size"
"lambda",1.04584764197332,0.991047274729138,0.0488067412725875,0.892567204871337,0.995489762333895,1.08867550194424,TRUE,-1.12280324019416,"standard",5,"ungated_weak","lambda"
"survival_50",0.354343693774205,0.410064077827924,0.0382481741428256,0.34021521324138,0.407611623627325,0.48247520289944,TRUE,1.45681160741554,"standard",5,"maturity_weak","survival"
"survival_80",0.589040434058665,0.610565795522699,0.0412250892321378,0.528815631927537,0.611662459774335,0.688903817630885,TRUE,0.522142264940278,"standard",5,"maturity_weak","survival"
"survival_110",0.789181706522253,0.776284668148758,0.055174371783028,0.649661042664713,0.781317100365132,0.871266469732959,TRUE,-0.233750525048328,"standard",5,"maturity_weak","survival"
"growth_increment_50",12,9.21750226835971,1.49765256558374,6.57799377955945,9.15299435573935,12.3196723010407,TRUE,-1.85790602946402,"standard",5,"maturity_weak","growth"
"growth_increment_80",8.4,6.81206836143926,1.11303813021441,4.78448147469135,6.79497914403561,8.96953728687265,TRUE,-1.42666418647746,"standard",5,"maturity_weak","growth"
"growth_increment_110",4.8,4.40663445451882,1.35371814887213,1.66619097636891,4.30764790828814,7.12700122707172,TRUE,-0.290581570328298,"standard",5,"maturity_weak","growth"
"growth_sd.log_growth_sd",4.5,7.82198111294345,0.740290118311786,6.59112028139622,7.78644617608618,9.32211108113493,FALSE,4.48740437130128,"standard",5,"maturity_weak","growth"
"recruitment_50",0.000177489191913507,0.0010338536450228,0.000525139970558733,0.00036693123584859,0.000918745548114907,0.00227573822214931,FALSE,1.63073561549342,"standard",5,"maturity_weak","recruitment"
"recruitment_80",0.183939720585721,0.416150789579576,0.112299152827887,0.243354066382795,0.408377070449069,0.658968281352754,FALSE,2.06779003355215,"standard",5,"maturity_weak","recruitment"
"recruitment_110",2.3850093400699,2.19972757999207,0.179940064613846,1.86243650320939,2.2011999615794,2.59654971583868,TRUE,-1.02968597057832,"standard",5,"maturity_weak","recruitment"
"recruit_mean_50",44,46.1125927446091,2.23716036225103,41.4311728018359,46.1508509558057,50.4078732759487,TRUE,0.944318869695791,"standard",5,"maturity_weak","recruit_size"
"recruit_mean_80",44.6,45.752036189098,1.20823972331983,43.353400913291,45.7473114720428,48.0870459290984,TRUE,0.953483126620403,"standard",5,"maturity_weak","recruit_size"
"recruit_mean_110",45.2,45.3914796335869,0.290243967998585,44.8618378867321,45.3884870454376,45.9799550288094,TRUE,0.659719596955829,"standard",5,"maturity_weak","recruit_size"
"recruit_sd.log_recruit_sd",3.5,3.58240157607162,0.233271370230324,3.14071634240937,3.57563546529965,4.05547448184474,TRUE,0.353243417699572,"standard",5,"maturity_weak","recruit_size"
"lambda",1.04584764197332,0.985236419673699,0.0479191544256858,0.874411635408481,0.986414837579569,1.06798495067433,TRUE,-1.26486418690078,"standard",5,"maturity_weak","lambda"
"survival_50",0.354343693774205,0.419327383943989,0.04250932121495,0.333953123114618,0.418769393949487,0.49419324179218,TRUE,1.52869272697139,"standard",5,"maturity_shape_informed","survival"
"survival_80",0.589040434058665,0.618223999219649,0.0428417808039507,0.534983603007966,0.619354434783009,0.698746194096018,TRUE,0.68119402632985,"standard",5,"maturity_shape_informed","survival"
"survival_110",0.789181706522253,0.780226913678134,0.0581349748917871,0.662590004920047,0.783492045086517,0.879668577048141,TRUE,-0.154034518132798,"standard",5,"maturity_shape_informed","survival"
"growth_increment_50",12,8.78567308814362,1.50792228318674,5.76113299051116,8.76788520414695,11.8137338711948,FALSE,-2.13162637603805,"standard",5,"maturity_shape_informed","growth"
"growth_increment_80",8.4,6.47463496339909,1.13322766363669,4.17981512267,6.45568018220951,8.64936183923599,TRUE,-1.69900991511462,"standard",5,"maturity_shape_informed","growth"
"growth_increment_110",4.8,4.16359683865455,1.42004136079583,1.51199687306863,4.13392291489961,6.83702317519334,TRUE,-0.44815818673675,"standard",5,"maturity_shape_informed","growth"
"growth_sd.log_growth_sd",4.5,7.80173087277826,0.698195185095576,6.48637688996417,7.78054050838278,9.2803063846738,FALSE,4.72895107737858,"standard",5,"maturity_shape_informed","growth"
"recruitment_50",0.000177489191913507,0.000516078166133232,0.000215331758412881,0.000207834666177077,0.000473822762863384,0.00103800764019961,FALSE,1.57240611749665,"standard",5,"maturity_shape_informed","recruitment"
"recruitment_80",0.183939720585721,0.287016667895893,0.0691387991788721,0.172417453585769,0.280984596343461,0.437556159403961,TRUE,1.49086979430315,"standard",5,"maturity_shape_informed","recruitment"
"recruitment_110",2.3850093400699,2.05785648247641,0.197438013500003,1.6891091774539,2.06620054243945,2.44947751298074,TRUE,-1.65699022084968,"standard",5,"maturity_shape_informed","recruitment"
"recruit_mean_50",44,45.6856030176034,2.04387333880185,41.9279396107762,45.6932300679552,49.7243446429181,TRUE,0.824710115643225,"standard",5,"maturity_shape_informed","recruit_size"
"recruit_mean_80",44.6,45.5209082678092,1.14360332032265,43.4027151844504,45.5190440803753,47.7657840124097,TRUE,0.805268969968854,"standard",5,"maturity_shape_informed","recruit_size"
"recruit_mean_110",45.2,45.356213518015,0.332133671015006,44.736953400322,45.3535769900853,45.9559580686438,TRUE,0.470333277374789,"standard",5,"maturity_shape_informed","recruit_size"
"recruit_sd.log_recruit_sd",3.5,3.53646022435007,0.23090670156159,3.09092386711728,3.54317135007567,4.02298036713078,TRUE,0.157900243273537,"standard",5,"maturity_shape_informed","recruit_size"
"lambda",1.04584764197332,0.993101743131733,0.0523761622838171,0.889956118416434,0.994531237299894,1.09490233435714,TRUE,-1.00705925256157,"standard",5,"maturity_shape_informed","lambda"
"survival_50",0.354343693774205,0.436662922729572,0.0431658817485334,0.355517053180237,0.437146738441917,0.518589495851295,FALSE,1.90704384159057,"standard",5,"maturity_fixed_recruitment_slope","survival"
"survival_80",0.589040434058665,0.628139898346204,0.0404453952913101,0.55216090663129,0.628225993482447,0.706659306017248,TRUE,0.966722268528281,"standard",5,"maturity_fixed_recruitment_slope","survival"
"survival_110",0.789181706522253,0.782872282262855,0.0554005486467256,0.661902797426015,0.788712645450968,0.880749621616766,TRUE,-0.113887396668779,"standard",5,"maturity_fixed_recruitment_slope","survival"
"growth_increment_50",12,8.24270561241689,1.34922310561713,5.80465752196653,8.24345620247824,10.8890766987992,FALSE,-2.78478360764845,"standard",5,"maturity_fixed_recruitment_slope","growth"
"growth_increment_80",8.4,6.24470972654247,1.07647136963438,4.24556422971081,6.26158154603711,8.31524216150894,FALSE,-2.00218076788197,"standard",5,"maturity_fixed_recruitment_slope","growth"
"growth_increment_110",4.8,4.24671384066805,1.44944078743947,1.47168373368064,4.25055301458671,6.96237577033175,TRUE,-0.381723878703158,"standard",5,"maturity_fixed_recruitment_slope","growth"
"growth_sd.log_growth_sd",4.5,7.78167074592352,0.729499529380516,6.49199753036033,7.72516540070646,9.41146373452077,FALSE,4.4985234585556,"standard",5,"maturity_fixed_recruitment_slope","growth"
"recruitment_50",0.000177489191913507,0.000125144352555696,1.13754621720486e-05,0.000107056622984751,0.000124508930267228,0.000148785138262175,FALSE,-4.60155715575513,"standard",5,"maturity_fixed_recruitment_slope","recruitment"
"recruitment_80",0.183939720585721,0.129692501238008,0.0117888830914262,0.110947405339825,0.129033985657793,0.154192469210119,FALSE,-4.60155715575514,"standard",5,"maturity_fixed_recruitment_slope","recruitment"
"recruitment_110",2.3850093400699,1.68162605556164,0.152857665503197,1.43857236027869,1.6730875745615,1.9992988902209,FALSE,-4.60155715575514,"standard",5,"maturity_fixed_recruitment_slope","recruitment"
"recruit_mean_50",44,44.9494850577821,1.9854816944232,41.0630217197946,44.8337227299421,48.8695054921917,TRUE,0.478213957070975,"standard",5,"maturity_fixed_recruitment_slope","recruit_size"
"recruit_mean_80",44.6,45.0715352961891,1.16601294276968,42.8268517913225,45.075698499523,47.3688652057824,TRUE,0.404399710237387,"standard",5,"maturity_fixed_recruitment_slope","recruit_size"
"recruit_mean_110",45.2,45.1935855345961,0.405477153981687,44.3874112804224,45.1803256732908,46.0223321880731,TRUE,-0.0158195482555824,"standard",5,"maturity_fixed_recruitment_slope","recruit_size"
"recruit_sd.log_recruit_sd",3.5,3.4285007011412,0.23533384580568,2.98400382607126,3.41609223122721,3.93981608129521,TRUE,-0.303820721639162,"standard",5,"maturity_fixed_recruitment_slope","recruit_size"
"lambda",1.04584764197332,1.01985551224504,0.0531276745167331,0.904733578906493,1.01930580247111,1.10555763580323,TRUE,-0.489238988243159,"standard",5,"maturity_fixed_recruitment_slope","lambda"
"survival_50",0.354343693774205,0.355580356659321,0.0153328954077188,0.324606419430036,0.355902209448598,0.386462712975359,TRUE,0.0806542308045698,"dense_profiles",5,"ungated_weak","survival"
"survival_80",0.589040434058665,0.601988075410613,0.0212605833370184,0.55806355222674,0.602031607266913,0.641600492323094,TRUE,0.608997464778114,"dense_profiles",5,"ungated_weak","survival"
"survival_110",0.789181706522253,0.804654641199359,0.0265691312057985,0.74747591137049,0.805422776284528,0.853160929187624,TRUE,0.582365097197061,"dense_profiles",5,"ungated_weak","survival"
"growth_increment_50",12,11.2619091581409,0.574736157592187,10.1295922644149,11.2706423863575,12.3850222988471,TRUE,-1.28422552176166,"dense_profiles",5,"ungated_weak","growth"
"growth_increment_80",8.4,8.25076550738711,0.445080372180718,7.41809294217266,8.23812644890204,9.14684374614279,TRUE,-0.335297851670468,"dense_profiles",5,"ungated_weak","growth"
"growth_increment_110",4.8,5.23962185663332,0.50976836398274,4.18146274370021,5.26418655472582,6.17570524298448,TRUE,0.862395330299871,"dense_profiles",5,"ungated_weak","growth"
"growth_sd.log_growth_sd",4.5,4.54422743579334,0.43509234270335,3.69958301031832,4.55949071781763,5.44126268622239,TRUE,0.101650687572545,"dense_profiles",5,"ungated_weak","growth"
"recruitment_50",0.000177489191913507,0.0289825425829343,0.00641003794090629,0.0187068354380977,0.028207732240837,0.0423345711497062,FALSE,4.49374148118508,"dense_profiles",5,"ungated_weak","recruitment"
"recruitment_80",0.183939720585721,0.250831121919358,0.0318009818528271,0.195731164270681,0.248973916490298,0.314342743966686,FALSE,2.10343824109602,"dense_profiles",5,"ungated_weak","recruitment"
"recruitment_110",2.3850093400699,2.19003304624145,0.0871989584564634,2.03623719502042,2.18863297947973,2.35695716446361,FALSE,-2.23599337973516,"dense_profiles",5,"ungated_weak","recruitment"
"recruit_mean_50",44,44.2161378787576,1.00104729722411,41.8775010721521,44.2560673148254,45.9865820038311,TRUE,0.215911754975925,"dense_profiles",5,"ungated_weak","recruit_size"
"recruit_mean_80",44.6,44.7075744590978,0.575892158813024,43.3947050802822,44.737189876578,45.7511669337347,TRUE,0.186796186493502,"dense_profiles",5,"ungated_weak","recruit_size"
"recruit_mean_110",45.2,45.199011039438,0.173604625411736,44.8543703008958,45.2078413282382,45.5170590204007,TRUE,-0.00569662564961154,"dense_profiles",5,"ungated_weak","recruit_size"
"recruit_sd.log_recruit_sd",3.5,3.38837261681479,0.0817045809360568,3.22716027262699,3.39158951126328,3.54225459038801,TRUE,-1.36623163482811,"dense_profiles",5,"ungated_weak","recruit_size"
"lambda",1.04584764197332,1.06516201393133,0.0278807436760328,1.00555716605114,1.06534839379018,1.1161226466322,TRUE,0.692749525710031,"dense_profiles",5,"ungated_weak","lambda"
"survival_50",0.354343693774205,0.354364615733279,0.0145165074841268,0.327699452969429,0.354780901260965,0.37977965883984,TRUE,0.00144125293889534,"dense_profiles",5,"maturity_weak","survival"
"survival_80",0.589040434058665,0.601821652474732,0.021510291831887,0.557895542904219,0.601181129623163,0.643006971375998,TRUE,0.594190842037752,"dense_profiles",5,"maturity_weak","survival"
"survival_110",0.789181706522253,0.805241419229066,0.0268199634317899,0.746053053109237,0.806892105118123,0.852274155878838,TRUE,0.598796965091219,"dense_profiles",5,"maturity_weak","survival"
"growth_increment_50",12,11.2417357367376,0.55982283174417,10.1528040459414,11.2775984725722,12.2727311412907,TRUE,-1.35447184406539,"dense_profiles",5,"maturity_weak","growth"
"growth_increment_80",8.4,8.22612313276745,0.447807438309414,7.36270959582888,8.21786815063939,9.08785285311518,TRUE,-0.388284901851961,"dense_profiles",5,"maturity_weak","growth"
"growth_increment_110",4.8,5.21051052879734,0.533382042984682,4.12285895090647,5.21671785536552,6.2501068887773,TRUE,0.769636950093434,"dense_profiles",5,"maturity_weak","growth"
"growth_sd.log_growth_sd",4.5,4.55083578949145,0.466454039979632,3.7665140746028,4.52602035340454,5.51140507680581,TRUE,0.108983490621443,"dense_profiles",5,"maturity_weak","growth"
"recruitment_50",0.000177489191913507,0.000278678618578412,7.48350462351939e-05,0.000155509686299975,0.000272182254180035,0.00044720809188915,TRUE,1.35216628779628,"dense_profiles",5,"maturity_weak","recruitment"
"recruitment_80",0.183939720585721,0.231457392689386,0.0360222942476567,0.166578507996956,0.229799037851342,0.308540957262322,TRUE,1.3191184264105,"dense_profiles",5,"maturity_weak","recruitment"
"recruitment_110",2.3850093400699,2.43509539263634,0.118406347457197,2.20010225079395,2.43776145438155,2.67910850886797,TRUE,0.423001415397457,"dense_profiles",5,"maturity_weak","recruitment"
"recruit_mean_50",44,44.1697357410572,1.07555386596964,42.1715799986745,44.0924711078906,46.3429772746122,TRUE,0.157812403848487,"dense_profiles",5,"maturity_weak","recruit_size"
"recruit_mean_80",44.6,44.6630706210177,0.628254683569066,43.5192465181698,44.6363989044613,45.9378852102254,TRUE,0.100390212229483,"dense_profiles",5,"maturity_weak","recruit_size"
"recruit_mean_110",45.2,45.1564055009781,0.197936114805884,44.7973292417899,45.1538542961901,45.5362886904488,TRUE,-0.220245300179897,"dense_profiles",5,"maturity_weak","recruit_size"
"recruit_sd.log_recruit_sd",3.5,3.39375331644881,0.0776112272856883,3.24663374073641,3.38875494025816,3.54333119537464,TRUE,-1.36896022994314,"dense_profiles",5,"maturity_weak","recruit_size"
"lambda",1.04584764197332,1.05999050054153,0.027480592648378,1.00319902088941,1.06248431371146,1.10883190301215,TRUE,0.51464896515071,"dense_profiles",5,"maturity_weak","lambda"
"survival_50",0.354343693774205,0.355497142048144,0.0142929525716934,0.328716274758514,0.355455134218704,0.384007239922804,TRUE,0.0807004898500665,"dense_profiles",5,"maturity_shape_informed","survival"
"survival_80",0.589040434058665,0.603042860886888,0.020259895033233,0.566870606347833,0.60334423289398,0.646993938961184,TRUE,0.691140146839588,"dense_profiles",5,"maturity_shape_informed","survival"
"survival_110",0.789181706522253,0.806205670434446,0.02477349173494,0.75503968709669,0.807504851336963,0.853676105851968,TRUE,0.687184676844842,"dense_profiles",5,"maturity_shape_informed","survival"
"growth_increment_50",12,11.219884045024,0.563211606039477,10.0182085337664,11.2287889224933,12.330931551547,TRUE,-1.38512052416986,"dense_profiles",5,"maturity_shape_informed","growth"
"growth_increment_80",8.4,8.2067949174488,0.479159216185288,7.30090194708912,8.18551631760364,9.18194138014492,TRUE,-0.40321687661433,"dense_profiles",5,"maturity_shape_informed","growth"
"growth_increment_110",4.8,5.19370578987354,0.578244741489978,4.1107508044518,5.19767625234059,6.40894891660689,TRUE,0.680863588761856,"dense_profiles",5,"maturity_shape_informed","growth"
"growth_sd.log_growth_sd",4.5,4.57613849652083,0.453370254376937,3.74608585477384,4.56982791762706,5.49926395935471,TRUE,0.167938888327523,"dense_profiles",5,"maturity_shape_informed","growth"
"recruitment_50",0.000177489191913507,0.000264740898885916,6.7552975061259e-05,0.000159378779621622,0.000255466893367457,0.000426202299527963,TRUE,1.29160420978183,"dense_profiles",5,"maturity_shape_informed","recruitment"
"recruitment_80",0.183939720585721,0.224691763245015,0.0333142948594927,0.168855933891103,0.221375796282245,0.29716453070312,TRUE,1.22325994985547,"dense_profiles",5,"maturity_shape_informed","recruitment"
"recruitment_110",2.3850093400699,2.41269074300598,0.114401007230514,2.21298832108219,2.40499455734565,2.652089700568,TRUE,0.241968174985591,"dense_profiles",5,"maturity_shape_informed","recruitment"
"recruit_mean_50",44,44.0839091630823,1.06346749826837,42.0861759193299,44.1518310568383,46.3196752714527,TRUE,0.0789014833259561,"dense_profiles",5,"maturity_shape_informed","recruit_size"
"recruit_mean_80",44.6,44.6133745155337,0.621473321795869,43.4373845175251,44.6520301381672,45.8837439441754,TRUE,0.02152065915719,"dense_profiles",5,"maturity_shape_informed","recruit_size"
"recruit_mean_110",45.2,45.1428398679849,0.194438698775605,44.7693693765287,45.1565732219433,45.5069022857366,TRUE,-0.293975079935209,"dense_profiles",5,"maturity_shape_informed","recruit_size"
"recruit_sd.log_recruit_sd",3.5,3.39228492738149,0.0772714862863586,3.23787227230196,3.39149851742776,3.54595400754811,TRUE,-1.39398215040578,"dense_profiles",5,"maturity_shape_informed","recruit_size"
"lambda",1.04584764197332,1.06142910729104,0.0271689959966709,1.01005410849035,1.06190818882339,1.10849951759068,TRUE,0.573501697288635,"dense_profiles",5,"maturity_shape_informed","lambda"
"survival_50",0.354343693774205,0.355513047591914,0.0149240899401783,0.324707149696325,0.355924004001582,0.384557808243544,TRUE,0.0783534421460021,"dense_profiles",5,"maturity_fixed_recruitment_slope","survival"
"survival_80",0.589040434058665,0.60295830736706,0.0205918875742147,0.561290921885819,0.603952531562089,0.640952544885462,TRUE,0.675891088577187,"dense_profiles",5,"maturity_fixed_recruitment_slope","survival"
"survival_110",0.789181706522253,0.805981628591502,0.026081636849992,0.75320020108182,0.808419460885309,0.853479145463291,TRUE,0.644128363793808,"dense_profiles",5,"maturity_fixed_recruitment_slope","survival"
"growth_increment_50",12,11.2352024698339,0.571012374589942,10.0893904698701,11.2465150292508,12.3347268203279,TRUE,-1.33937120139534,"dense_profiles",5,"maturity_fixed_recruitment_slope","growth"
"growth_increment_80",8.4,8.21641905519282,0.476507643850514,7.26444474515141,8.21755428454231,9.1760883186314,TRUE,-0.385263378618054,"dense_profiles",5,"maturity_fixed_recruitment_slope","growth"
"growth_increment_110",4.8,5.19763564055178,0.584289976450337,4.07450628456715,5.16100995237998,6.32665719230713,TRUE,0.680545031710936,"dense_profiles",5,"maturity_fixed_recruitment_slope","growth"
"growth_sd.log_growth_sd",4.5,4.57961022363144,0.464508226539647,3.6449863136399,4.60439371667973,5.5109079462577,TRUE,0.171386035990138,"dense_profiles",5,"maturity_fixed_recruitment_slope","growth"
"recruitment_50",0.000177489191913507,0.000167054521618176,4.55712766985492e-06,0.000157238228968719,0.000166923825124921,0.000176628718376797,FALSE,-2.28974719412748,"dense_profiles",5,"maturity_fixed_recruitment_slope","recruitment"
"recruitment_80",0.183939720585721,0.173125820776754,0.00472274836134842,0.162952772448217,0.172990374352147,0.183047974670336,FALSE,-2.28974719412744,"dense_profiles",5,"maturity_fixed_recruitment_slope","recruitment"
"recruitment_110",2.3850093400699,2.24479355652494,0.0612363600246232,2.11288721675623,2.24303732363116,2.37344673504696,FALSE,-2.28974719412747,"dense_profiles",5,"maturity_fixed_recruitment_slope","recruitment"
"recruit_mean_50",44,44.0641475095566,1.15758237639624,41.8531125241407,44.1588513587566,46.1428477119879,TRUE,0.0554150709829646,"dense_profiles",5,"maturity_fixed_recruitment_slope","recruit_size"
"recruit_mean_80",44.6,44.5879633138864,0.686214098849937,43.3013658025773,44.6355048069804,45.8205379201777,TRUE,-0.0175407152575234,"dense_profiles",5,"maturity_fixed_recruitment_slope","recruit_size"
"recruit_mean_110",45.2,45.1117791182162,0.227661182853316,44.6777753885371,45.136679912963,45.519862518559,TRUE,-0.387509546766492,"dense_profiles",5,"maturity_fixed_recruitment_slope","recruit_size"
"recruit_sd.log_recruit_sd",3.5,3.39452837964471,0.0738538257393975,3.25265005976479,3.39248775191763,3.53445583153244,TRUE,-1.42811315865289,"dense_profiles",5,"maturity_fixed_recruitment_slope","recruit_size"
"lambda",1.04584764197332,1.06818150172493,0.0294004584318621,1.00749596982567,1.06925290096952,1.12397502326965,TRUE,0.759643248535405,"dense_profiles",5,"maturity_fixed_recruitment_slope","lambda"
"survival_50",0.354343693774205,0.398805003858595,0.0132174344988683,0.373205960960464,0.398468614652787,0.424572462750416,FALSE,3.36383812518211,"rich_design",5,"ungated_weak","survival"
"survival_80",0.589040434058665,0.613349234917995,0.0170031537154652,0.58038192033284,0.613294181987114,0.64724791246742,TRUE,1.42966424147656,"rich_design",5,"ungated_weak","survival"
"survival_110",0.789181706522253,0.790671844648618,0.0233542274175026,0.741081072648964,0.791170043620461,0.832510917798172,TRUE,0.0638059268553958,"rich_design",5,"ungated_weak","survival"
"growth_increment_50",12,10.1878344240826,0.215657963813483,9.79480693190641,10.1845307841531,10.6323325742154,FALSE,-8.40296154091785,"rich_design",5,"ungated_weak","growth"
"growth_increment_80",8.4,7.13268495950403,0.139587373631973,6.89442729870016,7.12625191221587,7.42438711288847,FALSE,-9.07900913615073,"rich_design",5,"ungated_weak","growth"
"growth_increment_110",4.8,4.0775354949254,0.116326694722849,3.85475123812356,4.0732368776674,4.30384900412787,FALSE,-6.21065101863236,"rich_design",5,"ungated_weak","growth"
"growth_sd.log_growth_sd",4.5,6.21729731607519,0.391180058605221,5.56448866147593,6.18330712082333,7.06899245606364,FALSE,4.39004309728449,"rich_design",5,"ungated_weak","growth"
"recruitment_50",0.000177489191913507,0.0480550019413988,0.0104198846508326,0.0317391260139167,0.0469743537774377,0.0699214298881251,FALSE,4.5948217618378,"rich_design",5,"ungated_weak","recruitment"
"recruitment_80",0.183939720585721,0.349665233817678,0.0404887089006982,0.278400219533183,0.347421771027089,0.428798222590947,FALSE,4.0931291150432,"rich_design",5,"ungated_weak","recruitment"
"recruitment_110",2.3850093400699,2.56917257253179,0.0745514759453927,2.42959791461376,2.56991245874231,2.71667796165983,FALSE,2.47028284989001,"rich_design",5,"ungated_weak","recruitment"
"recruit_mean_50",44,44.2850932340343,0.656236769093072,42.9103976846521,44.2839394192929,45.55084966889,TRUE,0.434436544036235,"rich_design",5,"ungated_weak","recruit_size"
"recruit_mean_80",44.6,44.718196063214,0.365811025664798,44.0060336382571,44.7175263742981,45.4219833466102,TRUE,0.323106891048869,"rich_design",5,"ungated_weak","recruit_size"
"recruit_mean_110",45.2,45.1512988923935,0.112993049668707,44.9255233796324,45.1549041124779,45.3732015121259,TRUE,-0.431009763425799,"rich_design",5,"ungated_weak","recruit_size"
"recruit_sd.log_recruit_sd",3.5,3.33852179558091,0.0739878390244922,3.20092897098695,3.33621194240995,3.47926351952831,FALSE,-2.18249656359927,"rich_design",5,"ungated_weak","recruit_size"
"lambda",1.04584764197332,1.03080482194598,0.0209026090383917,0.98716995090162,1.03115946195292,1.06950660203196,TRUE,-0.719662315824256,"rich_design",5,"ungated_weak","lambda"
"survival_50",0.354343693774205,0.401494142905787,0.0126871999014694,0.378055686887285,0.400782945322802,0.427116698178472,FALSE,3.71637946101266,"rich_design",5,"maturity_weak","survival"
"survival_80",0.589040434058665,0.614296016503352,0.0163951765255976,0.582254282774992,0.614511800842814,0.646389620532722,TRUE,1.54042760108473,"rich_design",5,"maturity_weak","survival"
"survival_110",0.789181706522253,0.790141222350306,0.0232457447818798,0.739931309120696,0.790666265939242,0.833170192967808,TRUE,0.0412770525124542,"rich_design",5,"maturity_weak","survival"
"growth_increment_50",12,10.1106075496294,0.180747824849925,9.7279569781695,10.1104136871132,10.4428505939092,FALSE,-10.4531960588701,"rich_design",5,"maturity_weak","growth"
"growth_increment_80",8.4,7.07895636897713,0.11661138933549,6.84878789513336,7.08449642884478,7.29766095441974,FALSE,-11.3285986776321,"rich_design",5,"maturity_weak","growth"
"growth_increment_110",4.8,4.04730518832484,0.10616745302353,3.84541047089925,4.03849103823326,4.26017208569576,FALSE,-7.0896945366895,"rich_design",5,"maturity_weak","growth"
"growth_sd.log_growth_sd",4.5,6.23678211933546,0.36287316288008,5.62100449066648,6.22620036834419,7.04682007641838,FALSE,4.78619610651511,"rich_design",5,"maturity_weak","growth"
"recruitment_50",0.000177489191913507,0.000399635797829939,9.56431138094967e-05,0.000257796642870571,0.000385929474717378,0.000627315691601671,FALSE,2.32266178994242,"rich_design",5,"maturity_weak","recruitment"
"recruitment_80",0.183939720585721,0.30076294956422,0.041035641969612,0.233519247146257,0.296212997321829,0.388518122993082,FALSE,2.84687221574382,"rich_design",5,"maturity_weak","recruitment"
"recruitment_110",2.3850093400699,2.8606664606635,0.119492297775648,2.64856453588512,2.85247509780638,3.10059142161189,FALSE,3.9806508825085,"rich_design",5,"maturity_weak","recruitment"
"recruit_mean_50",44,44.1555609224684,0.733205472412968,42.6798814823701,44.1797383561952,45.5527354062707,TRUE,0.212165522928369,"rich_design",5,"maturity_weak","recruit_size"
"recruit_mean_80",44.6,44.611022878636,0.425950593015343,43.742152116119,44.6150446847213,45.4245460263564,TRUE,0.025878303297863,"rich_design",5,"maturity_weak","recruit_size"
"recruit_mean_110",45.2,45.0664848348034,0.141982654738375,44.7879263141479,45.0677593127256,45.3353746544644,TRUE,-0.940362507255648,"rich_design",5,"maturity_weak","recruit_size"
"recruit_sd.log_recruit_sd",3.5,3.33511774902315,0.075888087186229,3.18013716367195,3.33552580634196,3.48298721518867,FALSE,-2.17270268747487,"rich_design",5,"maturity_weak","recruit_size"
"lambda",1.04584764197332,1.02801292449864,0.0206342112921905,0.979850031718937,1.0287507067462,1.06618248092321,TRUE,-0.86432755883578,"rich_design",5,"maturity_weak","lambda"
"survival_50",0.354343693774205,0.40078913434707,0.0136651276662421,0.373733679723139,0.401135687296731,0.427180926198363,FALSE,3.3988296126646,"rich_design",5,"maturity_shape_informed","survival"
"survival_80",0.589040434058665,0.615183136979307,0.0158889870973864,0.584182454683802,0.615538845295899,0.645266994150783,TRUE,1.64533476932224,"rich_design",5,"maturity_shape_informed","survival"
"survival_110",0.789181706522253,0.791914116265442,0.022257015391794,0.745370947051939,0.7936151147243,0.835592417455852,TRUE,0.122766224270847,"rich_design",5,"maturity_shape_informed","survival"
"growth_increment_50",12,10.1035669408352,0.1764749697932,9.74603038113912,10.1157052683619,10.4309199576809,FALSE,-10.7461871866989,"rich_design",5,"maturity_shape_informed","growth"
"growth_increment_80",8.4,7.07312464430059,0.117334793615663,6.84540419313404,7.07399552014411,7.28111386718274,FALSE,-11.3084560411438,"rich_design",5,"maturity_shape_informed","growth"
"growth_increment_110",4.8,4.04268234776593,0.10194712865361,3.83788225986329,4.04334840709997,4.22627148014574,FALSE,-7.42853341958495,"rich_design",5,"maturity_shape_informed","growth"
"growth_sd.log_growth_sd",4.5,6.25053940619019,0.356903036865801,5.58048885418426,6.22393261833567,6.94648930929512,FALSE,4.90480389733531,"rich_design",5,"maturity_shape_informed","growth"
"recruitment_50",0.000177489191913507,0.000379910080811992,9.1413436560846e-05,0.000236103758756368,0.00036689765756388,0.00060021596096384,FALSE,2.21434502972384,"rich_design",5,"maturity_shape_informed","recruitment"
"recruitment_80",0.183939720585721,0.292133216109362,0.0398805701871622,0.223640915563125,0.288146127830613,0.379180325548157,FALSE,2.71293752862312,"rich_design",5,"maturity_shape_informed","recruitment"
"recruitment_110",2.3850093400699,2.8396131704721,0.116401699153208,2.62603520455025,2.83655450103005,3.07913347680959,FALSE,3.90547417872183,"rich_design",5,"maturity_shape_informed","recruitment"
"recruit_mean_50",44,44.1795901627351,0.742578802756223,42.7057367738073,44.1673971804315,45.601810458831,TRUE,0.241846605462639,"rich_design",5,"maturity_shape_informed","recruit_size"
"recruit_mean_80",44.6,44.6277513827803,0.433209839893039,43.7564376794592,44.6336412943113,45.4222271892789,TRUE,0.0640599086742733,"rich_design",5,"maturity_shape_informed","recruit_size"
"recruit_mean_110",45.2,45.0759126028257,0.144122599253451,44.7701609916234,45.0816027537502,45.3485330331775,TRUE,-0.860985007327761,"rich_design",5,"maturity_shape_informed","recruit_size"
"recruit_sd.log_recruit_sd",3.5,3.33505577972385,0.0775999120520848,3.19963193752596,3.33409638325397,3.48932739176583,FALSE,-2.12557225793556,"rich_design",5,"maturity_shape_informed","recruit_size"
"lambda",1.04584764197332,1.03001213916451,0.0193871205302038,0.989916557175722,1.03199350975646,1.0652383554603,TRUE,-0.816805300412304,"rich_design",5,"maturity_shape_informed","lambda"
"survival_50",0.354343693774205,0.406531654495743,0.0136000020409144,0.381655514672829,0.406111916864304,0.433680504425871,FALSE,3.83734947719386,"rich_design",5,"maturity_fixed_recruitment_slope","survival"
"survival_80",0.589040434058665,0.61754658451985,0.0161758043012648,0.585855831653236,0.617918734054506,0.648422037587891,TRUE,1.76227097770684,"rich_design",5,"maturity_fixed_recruitment_slope","survival"
"survival_110",0.789181706522253,0.791211952041152,0.0233443406731312,0.742403009061951,0.793342997225472,0.831791354665848,TRUE,0.0869694949764019,"rich_design",5,"maturity_fixed_recruitment_slope","survival"
"growth_increment_50",12,9.9027997820253,0.196803472847579,9.50922554084871,9.91760230678755,10.2387115850101,FALSE,-10.6563171250487,"rich_design",5,"maturity_fixed_recruitment_slope","growth"
"growth_increment_80",8.4,6.93392136841376,0.124273128002922,6.69808683220661,6.93707412345552,7.14016887358942,FALSE,-11.797229659752,"rich_design",5,"maturity_fixed_recruitment_slope","growth"
"growth_increment_110",4.8,3.96504295480223,0.0983562541056054,3.76992248811724,3.96577323886629,4.15405974994657,FALSE,-8.48910984655101,"rich_design",5,"maturity_fixed_recruitment_slope","growth"
"growth_sd.log_growth_sd",4.5,6.34201512204173,0.365959938101577,5.70910542021154,6.32336433163685,7.09139536619282,FALSE,5.03337914963373,"rich_design",5,"maturity_fixed_recruitment_slope","growth"
"recruitment_50",0.000177489191913507,0.000189625105206089,5.3354647029082e-06,0.00018030501038999,0.000189342445144934,0.000201032433388402,FALSE,2.27457474996818,"rich_design",5,"maturity_fixed_recruitment_slope","recruitment"
"recruitment_80",0.183939720585721,0.196516692039723,0.00552937266808991,0.186857874971351,0.196223759201903,0.208338599254821,FALSE,2.27457474996818,"rich_design",5,"maturity_fixed_recruitment_slope","recruitment"
"recruitment_110",2.3850093400699,2.5480855603233,0.071695256555399,2.42284687425409,2.54428731842107,2.70137142503847,FALSE,2.2745747499682,"rich_design",5,"maturity_fixed_recruitment_slope","recruitment"
"recruit_mean_50",44,43.7246523109367,0.775562125833009,42.3184303131559,43.7099973073478,45.349764855458,TRUE,-0.355029829193312,"rich_design",5,"maturity_fixed_recruitment_slope","recruit_size"
"recruit_mean_80",44.6,44.3381996981223,0.458008884342771,43.4932811281124,44.3254333823487,45.3066226389343,TRUE,-0.571605291572867,"rich_design",5,"maturity_fixed_recruitment_slope","recruit_size"
"recruit_mean_110",45.2,44.9517470853079,0.157921459676068,44.6370311458432,44.9555410415075,45.3111532792783,TRUE,-1.57200240677415,"rich_design",5,"maturity_fixed_recruitment_slope","recruit_size"
"recruit_sd.log_recruit_sd",3.5,3.30134999419565,0.070857143611906,3.17068130990934,3.30234585293328,3.43948649259061,FALSE,-2.8035282778598,"rich_design",5,"maturity_fixed_recruitment_slope","recruit_size"
"lambda",1.04584764197332,1.03692618138964,0.0201778099256172,0.993185187007036,1.03851254372728,1.07129967951086,TRUE,-0.442142165902249,"rich_design",5,"maturity_fixed_recruitment_slope","lambda"
"survival_50",0.354343693774205,0.411294348157098,0.0367320622330383,0.341398172418749,0.412194162496217,0.479482809724657,TRUE,1.5504344412133,"standard",6,"ungated_weak","survival"
"survival_80",0.589040434058665,0.60301358232657,0.0419948225345798,0.527490812017491,0.602189261348174,0.685940840331722,TRUE,0.332735023618655,"standard",6,"ungated_weak","survival"
"survival_110",0.789181706522253,0.764194213345816,0.0579771164585423,0.645707795152602,0.770568800540629,0.861317660604578,TRUE,-0.430988891872624,"standard",6,"ungated_weak","survival"
"growth_increment_50",12,10.0397416457521,1.44197696989186,7.21672296176933,10.0742134179546,12.993734293442,TRUE,-1.35942417609826,"standard",6,"ungated_weak","growth"
"growth_increment_80",8.4,7.04880203733509,1.10881505469974,4.87207259910195,7.07866779383932,9.15020960550115,TRUE,-1.21859633573501,"standard",6,"ungated_weak","growth"
"growth_increment_110",4.8,4.05786242891808,1.18541271596931,1.7440988903746,4.06719680117584,6.4121076547948,TRUE,-0.626058385475541,"standard",6,"ungated_weak","growth"
"growth_sd.log_growth_sd",4.5,6.16979444079082,0.810129805332404,4.72008283974966,6.1794192942379,7.81384477800144,FALSE,2.06114431267677,"standard",6,"ungated_weak","growth"
"recruitment_50",0.000177489191913507,0.0604411955290118,0.0334213244558875,0.0186100507653195,0.0538537059116694,0.137759468149803,FALSE,1.80315135076827,"standard",6,"ungated_weak","recruitment"
"recruitment_80",0.183939720585721,0.348970935437723,0.0980469310405768,0.191670249560024,0.339848506258325,0.567061653269746,FALSE,1.68318593045716,"standard",6,"ungated_weak","recruitment"
"recruitment_110",2.3850093400699,2.14529419730371,0.163479652386692,1.86609339951451,2.13917854555933,2.4919346826742,TRUE,-1.46633014730895,"standard",6,"ungated_weak","recruitment"
"recruit_mean_50",44,44.1138048872171,1.5165196931922,41.2327984491392,44.1669032244484,46.9880143804819,TRUE,0.075043461504651,"standard",6,"ungated_weak","recruit_size"
"recruit_mean_80",44.6,44.7496207036437,0.815702298386189,43.1874634344386,44.7516666829386,46.3456354484343,TRUE,0.18342562469141,"standard",6,"ungated_weak","recruit_size"
"recruit_mean_110",45.2,45.3854365200702,0.259832022309591,44.8421500547897,45.3943176807135,45.8919893446317,TRUE,0.713678469735698,"standard",6,"ungated_weak","recruit_size"
"recruit_sd.log_recruit_sd",3.5,3.14298948060192,0.205670264455557,2.74288059968713,3.13912664216003,3.58125962621944,TRUE,-1.73583925874335,"standard",6,"ungated_weak","recruit_size"
"lambda",1.04584764197332,0.995231251746216,0.0550367228495296,0.875196464704576,0.996334547388586,1.09681839759086,TRUE,-0.919683942037876,"standard",6,"ungated_weak","lambda"
"survival_50",0.354343693774205,0.411865535556927,0.0330831537023762,0.35238274461953,0.408426021153827,0.485394689259842,TRUE,1.73870491006396,"standard",6,"maturity_weak","survival"
"survival_80",0.589040434058665,0.597453644154579,0.0348282643013302,0.524700871349207,0.600813108655899,0.663400350014788,TRUE,0.241562715360243,"standard",6,"maturity_weak","survival"
"survival_110",0.789181706522253,0.755807983597803,0.0545700738682373,0.641468897668989,0.758125251343392,0.843730741961995,TRUE,-0.611575549724056,"standard",6,"maturity_weak","survival"
"growth_increment_50",12,9.98418916377665,0.637897520992658,8.78897794827925,9.95478061147448,11.2734386235486,FALSE,-3.16008570324347,"standard",6,"maturity_weak","growth"
"growth_increment_80",8.4,6.98116929867963,0.418087506975854,6.15922866852111,6.98215171367308,7.82999918224774,FALSE,-3.3936213774556,"standard",6,"maturity_weak","growth"
"growth_increment_110",4.8,3.9781494335826,0.300411424825544,3.38673579305576,3.97883039917311,4.53237197510111,FALSE,-2.73575003645308,"standard",6,"maturity_weak","growth"
"growth_sd.log_growth_sd",4.5,6.24352518750264,0.747469236067435,4.93804713153943,6.19032334564891,7.77000667057135,FALSE,2.33257116597284,"standard",6,"maturity_weak","growth"
"recruitment_50",0.000177489191913507,0.000503394269174428,0.00030900457836172,0.000131525730933124,0.000409232189433228,0.00135470569861143,TRUE,1.05469336081945,"standard",6,"maturity_weak","recruitment"
"recruitment_80",0.183939720585721,0.301361005728714,0.100098180856989,0.145663466748323,0.28020381286004,0.563529155755007,TRUE,1.17306112995953,"standard",6,"maturity_weak","recruitment"
"recruitment_110",2.3850093400699,2.41051103299824,0.211975097953091,2.02212453086297,2.39500598679182,2.83104509040903,TRUE,0.120305135719182,"standard",6,"maturity_weak","recruitment"
"recruit_mean_50",44,43.3042937879287,1.80837180339784,39.8915722763687,43.266406693819,46.9624482039114,TRUE,-0.38471414493639,"standard",6,"maturity_weak","recruit_size"
"recruit_mean_80",44.6,44.2535291456605,1.0191484768323,42.3136428440592,44.251468714818,46.277315591549,TRUE,-0.339961116771113,"standard",6,"maturity_weak","recruit_size"
"recruit_mean_110",45.2,45.2027645033923,0.295565201749138,44.6337161814857,45.2143947189934,45.7517674947836,TRUE,0.0093532776385362,"standard",6,"maturity_weak","recruit_size"
"recruit_sd.log_recruit_sd",3.5,3.11771579541482,0.178971910887633,2.7892786492213,3.10600320192661,3.51050801102298,TRUE,-2.13600113386057,"standard",6,"maturity_weak","recruit_size"
"lambda",1.04584764197332,0.982750906349157,0.0514689362787745,0.864944456217442,0.985185233655592,1.07081830368383,TRUE,-1.22591878103727,"standard",6,"maturity_weak","lambda"
"survival_50",0.354343693774205,0.417127959154034,0.0341871078994227,0.354183985098335,0.416649315925831,0.488586783609384,TRUE,1.83648952010035,"standard",6,"maturity_shape_informed","survival"
"survival_80",0.589040434058665,0.604968129437021,0.0373153110866365,0.528816476931281,0.607135381009546,0.68319418002897,TRUE,0.426840750205078,"standard",6,"maturity_shape_informed","survival"
"survival_110",0.789181706522253,0.763072950366338,0.0541899984510354,0.650364626852446,0.766250155594608,0.86713328930881,TRUE,-0.481800274999201,"standard",6,"maturity_shape_informed","survival"
"growth_increment_50",12,9.76059437518662,0.465485233918937,8.81254100269958,9.7502593527902,10.6684629990678,FALSE,-4.8109058282252,"standard",6,"maturity_shape_informed","growth"
"growth_increment_80",8.4,6.84215347429046,0.302867856999278,6.25163597281464,6.85499933586617,7.40949371725424,FALSE,-5.14365090156548,"standard",6,"maturity_shape_informed","growth"
"growth_increment_110",4.8,3.92371257339429,0.256565688581658,3.38431829668618,3.93141526315303,4.40627754898747,FALSE,-3.41545056726014,"standard",6,"maturity_shape_informed","growth"
"growth_sd.log_growth_sd",4.5,6.26933433544313,0.754522056766829,4.91331407351618,6.20689402417489,7.7735023779581,FALSE,2.34497364202291,"standard",6,"maturity_shape_informed","growth"
"recruitment_50",0.000177489191913507,0.000301946599308394,0.000133446275123609,0.000112367585333702,0.00028464802590117,0.000633006059082567,TRUE,0.932640549761341,"standard",6,"maturity_shape_informed","recruitment"
"recruitment_80",0.183939720585721,0.231911846546405,0.057699013945271,0.135180796980791,0.23004092586757,0.366930646568257,TRUE,0.831420204272245,"standard",6,"maturity_shape_informed","recruitment"
"recruitment_110",2.3850093400699,2.30815238736308,0.197059753261482,1.94661030492477,2.30202633462747,2.70580046138064,TRUE,-0.390018516895438,"standard",6,"maturity_shape_informed","recruitment"
"recruit_mean_50",44,43.1292950753813,2.13442125665276,38.9171462017407,43.13616494689,47.1624871469411,TRUE,-0.407934901278181,"standard",6,"maturity_shape_informed","recruit_size"
"recruit_mean_80",44.6,44.1208162635958,1.21016129803693,41.7200176603342,44.1350253005279,46.4262431005677,TRUE,-0.395966832835843,"standard",6,"maturity_shape_informed","recruit_size"
"recruit_mean_110",45.2,45.1123374518103,0.342037176304291,44.4545905279072,45.0982869457891,45.7908604110466,TRUE,-0.256295380335359,"standard",6,"maturity_shape_informed","recruit_size"
"recruit_sd.log_recruit_sd",3.5,3.08639668801935,0.193962145172302,2.71753826328361,3.09246992693976,3.46347320050923,FALSE,-2.13239192427592,"standard",6,"maturity_shape_informed","recruit_size"
"lambda",1.04584764197332,0.994508262012194,0.0505251319809494,0.890190087980715,0.997497298038811,1.08331195201284,TRUE,-1.01611570219116,"standard",6,"maturity_shape_informed","lambda"
"survival_50",0.354343693774205,0.423155654911124,0.0330241022155685,0.364327229379334,0.422490704766326,0.488165962825088,FALSE,2.08368907919862,"standard",6,"maturity_fixed_recruitment_slope","survival"
"survival_80",0.589040434058665,0.610261534326429,0.0352797973155771,0.543974479129252,0.610735344713224,0.675608522480514,TRUE,0.60150856531124,"standard",6,"maturity_fixed_recruitment_slope","survival"
"survival_110",0.789181706522253,0.766640305078604,0.0521672834373776,0.660118208407277,0.768369217144153,0.860675711383882,TRUE,-0.432098433316111,"standard",6,"maturity_fixed_recruitment_slope","survival"
"growth_increment_50",12,9.53121844422963,0.549618942893445,8.48828260147807,9.51789766065641,10.6259699418071,FALSE,-4.49180580053078,"standard",6,"maturity_fixed_recruitment_slope","growth"
"growth_increment_80",8.4,6.66973258343388,0.366033682511815,5.9038781162817,6.68069114446735,7.36869617836217,FALSE,-4.72707157628934,"standard",6,"maturity_fixed_recruitment_slope","growth"
"growth_increment_110",4.8,3.80824672263815,0.286968876440386,3.2411877126296,3.81076267889846,4.35742911544233,FALSE,-3.45596111210295,"standard",6,"maturity_fixed_recruitment_slope","growth"
"growth_sd.log_growth_sd",4.5,6.24865599874126,0.746901267515395,4.85908703839908,6.23481764640881,7.75754245568356,FALSE,2.34121439445169,"standard",6,"maturity_fixed_recruitment_slope","growth"
"recruitment_50",0.000177489191913507,0.000159156210046305,1.17848757035973e-05,0.000138960261639948,0.000158574280178117,0.000182189789401519,TRUE,-1.55563642148607,"standard",6,"maturity_fixed_recruitment_slope","recruitment"
"recruitment_80",0.183939720585721,0.164940459133229,0.0122131760288451,0.144010524939606,0.164337380060069,0.188811152920329,TRUE,-1.55563642148606,"standard",6,"maturity_fixed_recruitment_slope","recruitment"
"recruitment_110",2.3850093400699,2.13866006937224,0.158359155966743,1.86727720339917,2.1308403922644,2.44817357442103,TRUE,-1.55563642148606,"standard",6,"maturity_fixed_recruitment_slope","recruitment"
"recruit_mean_50",44,42.7356276053778,1.91471692759358,38.6336380846933,42.802571639711,46.3066885519289,TRUE,-0.660344292360352,"standard",6,"maturity_fixed_recruitment_slope","recruit_size"
"recruit_mean_80",44.6,43.8717222060522,1.0998320972868,41.5065546617829,43.9048054897672,45.9188829685062,TRUE,-0.662171794898864,"standard",6,"maturity_fixed_recruitment_slope","recruit_size"
"recruit_mean_110",45.2,45.0078168067266,0.336710357656876,44.3450023000294,45.0094476346176,45.6238800171715,TRUE,-0.570767096714074,"standard",6,"maturity_fixed_recruitment_slope","recruit_size"
"recruit_sd.log_recruit_sd",3.5,3.07312943224341,0.18000868337577,2.7298398516572,3.06351305381956,3.44196064053065,FALSE,-2.371388756094,"standard",6,"maturity_fixed_recruitment_slope","recruit_size"
"lambda",1.04584764197332,1.00185014415447,0.0482081023515088,0.903813957318688,1.0072611235127,1.08612875429849,TRUE,-0.912657741597872,"standard",6,"maturity_fixed_recruitment_slope","lambda"
"survival_50",0.354343693774205,0.331509016677352,0.0117997421402164,0.309919924059138,0.331568327187208,0.353807066478776,FALSE,-1.93518441551588,"dense_profiles",6,"ungated_weak","survival"
"survival_80",0.589040434058665,0.572794672204219,0.0188505727278476,0.533384066474689,0.574541824956055,0.612041097334344,TRUE,-0.86181794521536,"dense_profiles",6,"ungated_weak","survival"
"survival_110",0.789181706522253,0.782910924286796,0.0258255260215735,0.729890476496418,0.785181074663466,0.831524952668764,TRUE,-0.242813340189804,"dense_profiles",6,"ungated_weak","survival"
"growth_increment_50",12,13.0567759941852,0.409331375019888,12.2576022838901,13.0797269353501,13.8063849506739,FALSE,2.58171266283664,"dense_profiles",6,"ungated_weak","growth"
"growth_increment_80",8.4,8.78966056909062,0.378528856137162,8.040357455855,8.78455746286311,9.53298040145248,TRUE,1.02940783185476,"dense_profiles",6,"ungated_weak","growth"
"growth_increment_110",4.8,4.52254514399607,0.518807162919715,3.5005669824564,4.53195641553558,5.53977755541429,TRUE,-0.534793803621533,"dense_profiles",6,"ungated_weak","growth"
"growth_sd.log_growth_sd",4.5,3.99823267004732,0.400957943955785,3.24998228471725,3.99195498746823,4.80828898057222,TRUE,-1.25142134609512,"dense_profiles",6,"ungated_weak","growth"
"recruitment_50",0.000177489191913507,0.0203108411812415,0.0050151906226648,0.012457921643828,0.0199377601905488,0.0316810249046433,FALSE,4.01447392614366,"dense_profiles",6,"ungated_weak","recruitment"
"recruitment_80",0.183939720585721,0.220516499118577,0.0304794020525043,0.168159518661358,0.219150122749736,0.282745930685668,TRUE,1.20004908461946,"dense_profiles",6,"ungated_weak","recruitment"
"recruitment_110",2.3850093400699,2.42142065720876,0.088815020530933,2.25954032457067,2.42333133126436,2.5974422382518,TRUE,0.409968009028073,"dense_profiles",6,"ungated_weak","recruitment"
"recruit_mean_50",44,44.3324976962057,1.03403601342363,42.208890695882,44.4129367576397,46.1555874716761,TRUE,0.321553303646378,"dense_profiles",6,"ungated_weak","recruit_size"
"recruit_mean_80",44.6,44.8967249116501,0.587923704895348,43.7012215339498,44.9617974553636,45.9334384402061,TRUE,0.504699690077775,"dense_profiles",6,"ungated_weak","recruit_size"
"recruit_mean_110",45.2,45.4609521270944,0.163703842416519,45.1211759814236,45.4644906521911,45.7469566970182,TRUE,1.59405010439809,"dense_profiles",6,"ungated_weak","recruit_size"
"recruit_sd.log_recruit_sd",3.5,3.51475162052676,0.0838606490827529,3.36141200299988,3.51319598678935,3.68239021948768,TRUE,0.175906348067986,"dense_profiles",6,"ungated_weak","recruit_size"
"lambda",1.04584764197332,1.03653944221826,0.0289431676294863,0.974162718014797,1.036480287603,1.09074794560573,TRUE,-0.321602661955277,"dense_profiles",6,"ungated_weak","lambda"
"survival_50",0.354343693774205,0.329072692864898,0.0120967507111519,0.306553201938114,0.328107465479872,0.354509806212963,TRUE,-2.08907346383602,"dense_profiles",6,"maturity_weak","survival"
"survival_80",0.589040434058665,0.571671336468429,0.0174651465822129,0.537247816431272,0.571535023454268,0.606203055391735,TRUE,-0.994500533303581,"dense_profiles",6,"maturity_weak","survival"
"survival_110",0.789181706522253,0.783393142108429,0.0235076177343509,0.732782236681839,0.784707098765352,0.826842527077898,TRUE,-0.246242068389816,"dense_profiles",6,"maturity_weak","survival"
"growth_increment_50",12,13.1194319429822,0.414220609474317,12.3002790423541,13.1400637178267,13.9921682771874,FALSE,2.70250180067783,"dense_profiles",6,"maturity_weak","growth"
"growth_increment_80",8.4,8.8174685614343,0.373530886369547,8.13446812883958,8.81651461509106,9.59899125656386,TRUE,1.11762795706615,"dense_profiles",6,"maturity_weak","growth"
"growth_increment_110",4.8,4.51550517988641,0.527365669493323,3.50626104016125,4.51447942857867,5.54673516891832,TRUE,-0.539464050412919,"dense_profiles",6,"maturity_weak","growth"
"growth_sd.log_growth_sd",4.5,3.92871739282612,0.392294825425531,3.25396911681446,3.89478267606831,4.76159001308787,TRUE,-1.4562583295719,"dense_profiles",6,"maturity_weak","growth"
"recruitment_50",0.000177489191913507,0.000185157961403538,4.79151062001629e-05,0.00010867806719541,0.000180251958782745,0.00030697433142168,TRUE,0.160049097209442,"dense_profiles",6,"maturity_weak","recruitment"
"recruitment_80",0.183939720585721,0.196350857531627,0.0289779650435515,0.145162909187139,0.195267131757546,0.264536874029156,TRUE,0.428295669735699,"dense_profiles",6,"maturity_weak","recruitment"
"recruitment_110",2.3850093400699,2.63651612361458,0.111152578077894,2.42944328540098,2.62944622095886,2.85396131001856,FALSE,2.2627165999553,"dense_profiles",6,"maturity_weak","recruitment"
"recruit_mean_50",44,44.100191214319,1.04961892908943,41.9679832548972,44.1742450961345,45.9539702471318,TRUE,0.095454847032846,"dense_profiles",6,"maturity_weak","recruit_size"
"recruit_mean_80",44.6,44.7533129230423,0.607195211855366,43.4673794041386,44.7775913496146,45.7897565073702,TRUE,0.252493629806178,"dense_profiles",6,"maturity_weak","recruit_size"
"recruit_mean_110",45.2,45.4064346317655,0.182697141034528,45.0314207352059,45.4112667250136,45.7464263876211,TRUE,1.12992809080934,"dense_profiles",6,"maturity_weak","recruit_size"
"recruit_sd.log_recruit_sd",3.5,3.51882393121932,0.0763252712055305,3.37048835773196,3.51515708289891,3.66553170195984,TRUE,0.246627767212618,"dense_profiles",6,"maturity_weak","recruit_size"
"lambda",1.04584764197332,1.03335965115071,0.0265542500117581,0.979966969537381,1.03367984457143,1.08332337456537,TRUE,-0.470282188993259,"dense_profiles",6,"maturity_weak","lambda"
"survival_50",0.354343693774205,0.329765158093264,0.0120244742222133,0.305999659070796,0.329735457361076,0.352048052389217,FALSE,-2.04404244432871,"dense_profiles",6,"maturity_shape_informed","survival"
"survival_80",0.589040434058665,0.574287308494333,0.018642743507015,0.536854874319212,0.575394707739379,0.609016928828437,TRUE,-0.79136021791968,"dense_profiles",6,"maturity_shape_informed","survival"
"survival_110",0.789181706522253,0.786366023425209,0.0247534725530652,0.731551122455444,0.787500782806005,0.827739351928334,TRUE,-0.113749014042671,"dense_profiles",6,"maturity_shape_informed","survival"
"growth_increment_50",12,13.0733281056337,0.415480528218925,12.2447721298254,13.0870151002883,13.899509248228,FALSE,2.58334153524553,"dense_profiles",6,"maturity_shape_informed","growth"
"growth_increment_80",8.4,8.80854523448835,0.377390521593695,8.16392677610915,8.79912911651067,9.58666694494022,TRUE,1.08255298189019,"dense_profiles",6,"maturity_shape_informed","growth"
"growth_increment_110",4.8,4.54376236334302,0.519277847622564,3.62668072991418,4.52066420668591,5.53238172327016,TRUE,-0.493449966776216,"dense_profiles",6,"maturity_shape_informed","growth"
"growth_sd.log_growth_sd",4.5,3.92035916968963,0.371850907467391,3.20238676100206,3.90885948050548,4.70471918975774,TRUE,-1.55879902044127,"dense_profiles",6,"maturity_shape_informed","growth"
"recruitment_50",0.000177489191913507,0.000184354389463611,4.78808311657155e-05,0.000108858983543701,0.000178449634412554,0.000290476909985178,TRUE,0.143380918479524,"dense_profiles",6,"maturity_shape_informed","recruitment"
"recruitment_80",0.183939720585721,0.195824293834324,0.0292103754284504,0.144865945085493,0.194620748641844,0.258524628679022,TRUE,0.406861366014063,"dense_profiles",6,"maturity_shape_informed","recruitment"
"recruitment_110",2.3850093400699,2.63371605537758,0.114208215611667,2.42036289370442,2.6311287440879,2.88281818175288,FALSE,2.17766045967602,"dense_profiles",6,"maturity_shape_informed","recruitment"
"recruit_mean_50",44,44.1141059028961,1.04811145969534,42.1779707707332,44.1467218270028,46.0403128377581,TRUE,0.108868099704999,"dense_profiles",6,"maturity_shape_informed","recruit_size"
"recruit_mean_80",44.6,44.7616682617108,0.608033035981623,43.6728928256006,44.7551012605275,45.8532320147047,TRUE,0.265887299116534,"dense_profiles",6,"maturity_shape_informed","recruit_size"
"recruit_mean_110",45.2,45.4092306205256,0.184102516259799,45.0534249227773,45.3990973864829,45.7461490646736,TRUE,1.13648973830611,"dense_profiles",6,"maturity_shape_informed","recruit_size"
"recruit_sd.log_recruit_sd",3.5,3.51795552866804,0.08420566071051,3.36023540524035,3.51560471535936,3.67566008594859,TRUE,0.21323422340654,"dense_profiles",6,"maturity_shape_informed","recruit_size"
"lambda",1.04584764197332,1.03690835268203,0.0280249487804827,0.985162082381166,1.0373238006243,1.09090326056994,TRUE,-0.318976115221674,"dense_profiles",6,"maturity_shape_informed","lambda"
"survival_50",0.354343693774205,0.330389157355243,0.0124027105196997,0.30655676032245,0.330742745893916,0.355197947119879,TRUE,-1.93139526887398,"dense_profiles",6,"maturity_fixed_recruitment_slope","survival"
"survival_80",0.589040434058665,0.574282566414105,0.0181001209162688,0.539952066193996,0.574309531312367,0.610215823949642,TRUE,-0.815346356680699,"dense_profiles",6,"maturity_fixed_recruitment_slope","survival"
"survival_110",0.789181706522253,0.785915751972742,0.0243944246256329,0.734793174132724,0.788239282491209,0.828868880791807,TRUE,-0.13388118800225,"dense_profiles",6,"maturity_fixed_recruitment_slope","survival"
"growth_increment_50",12,13.0760819999503,0.426945241422095,12.268185195574,13.0826505251,13.9153532049978,FALSE,2.5204215799806,"dense_profiles",6,"maturity_fixed_recruitment_slope","growth"
"growth_increment_80",8.4,8.80727677002505,0.363954292391064,8.14481693483656,8.78531135838994,9.61979605964153,TRUE,1.11903274268142,"dense_profiles",6,"maturity_fixed_recruitment_slope","growth"
"growth_increment_110",4.8,4.53847154009984,0.510388281293968,3.64385769573782,4.52645461733967,5.62846398771383,TRUE,-0.512410785053922,"dense_profiles",6,"maturity_fixed_recruitment_slope","growth"
"growth_sd.log_growth_sd",4.5,3.91889170854666,0.353473307651795,3.29191975320561,3.90240462573599,4.74605430785209,TRUE,-1.64399483319908,"dense_profiles",6,"maturity_fixed_recruitment_slope","growth"
"recruitment_50",0.000177489191913507,0.000198808150010123,4.39054307434855e-06,0.000190980518958922,0.000198981964226839,0.000208079119109974,FALSE,4.85565401263679,"dense_profiles",6,"maturity_fixed_recruitment_slope","recruitment"
"recruitment_80",0.183939720585721,0.206033478257349,0.00455010954531134,0.197921365892177,0.206213609442307,0.215641384222781,FALSE,4.85565401263679,"dense_profiles",6,"maturity_fixed_recruitment_slope","recruitment"
"recruitment_110",2.3850093400699,2.67148263814973,0.0589978810957875,2.56629891982601,2.6738182650453,2.79606119787082,FALSE,4.85565401263676,"dense_profiles",6,"maturity_fixed_recruitment_slope","recruitment"
"recruit_mean_50",44,44.1922798373634,1.09210954205074,42.0542193278618,44.1743072998949,46.3311394694617,TRUE,0.176062775719666,"dense_profiles",6,"maturity_fixed_recruitment_slope","recruit_size"
"recruit_mean_80",44.6,44.8073817007822,0.627070057090276,43.5620553467458,44.7899087978212,46.0055780274796,TRUE,0.330715361764403,"dense_profiles",6,"maturity_fixed_recruitment_slope","recruit_size"
"recruit_mean_110",45.2,45.422483564201,0.179883106803061,45.0810895391518,45.4203416216518,45.7689792038743,TRUE,1.23682300219875,"dense_profiles",6,"maturity_fixed_recruitment_slope","recruit_size"
"recruit_sd.log_recruit_sd",3.5,3.51524294262725,0.082187596568749,3.35014872522896,3.51715694577813,3.68005874628543,TRUE,0.18546524370621,"dense_profiles",6,"maturity_fixed_recruitment_slope","recruit_size"
"lambda",1.04584764197332,1.03486566219213,0.026575406220805,0.985988963930667,1.03533441960569,1.08294044210848,TRUE,-0.41323845400316,"dense_profiles",6,"maturity_fixed_recruitment_slope","lambda"
"survival_50",0.354343693774205,0.409327783237131,0.0203606525245674,0.370131081855614,0.409847085577061,0.450083079367643,FALSE,2.70050723554079,"rich_design",6,"ungated_weak","survival"
"survival_80",0.589040434058665,0.622988481893158,0.0223073637237806,0.577263480511547,0.623126555522197,0.665015352452934,TRUE,1.52183145686118,"rich_design",6,"ungated_weak","survival"
"survival_110",0.789181706522253,0.796694758757428,0.0269314061209055,0.742759320433102,0.796591887134999,0.84495396539421,TRUE,0.278969920896285,"rich_design",6,"ungated_weak","survival"
"growth_increment_50",12,10.0549979846426,0.726339260237968,8.64712960094149,10.0708513115161,11.4645854324621,FALSE,-2.67781479238803,"rich_design",6,"ungated_weak","growth"
"growth_increment_80",8.4,7.18915567731863,0.53800083192708,6.09307350975887,7.1844822628735,8.19185260013639,FALSE,-2.25063652475074,"rich_design",6,"ungated_weak","growth"
"growth_increment_110",4.8,4.32331336999467,0.575122482925444,3.17753858207343,4.33090623103553,5.4622467236094,TRUE,-0.828843670970036,"rich_design",6,"ungated_weak","growth"
"growth_sd.log_growth_sd",4.5,6.39194916474485,0.402751746578684,5.67430158910284,6.3724585228934,7.29377872998738,FALSE,4.69755669793284,"rich_design",6,"ungated_weak","growth"
"recruitment_50",0.000177489191913507,0.0176284866173526,0.00515571343351539,0.00965482105575685,0.0167101914341654,0.0300907638857902,FALSE,3.38478809004328,"rich_design",6,"ungated_weak","recruitment"
"recruitment_80",0.183939720585721,0.182684887739716,0.0303372241645968,0.130936560070346,0.179442301936681,0.254479533272636,TRUE,-0.0413628102293455,"rich_design",6,"ungated_weak","recruitment"
"recruitment_110",2.3850093400699,1.92216950705976,0.104912753817602,1.72501249074149,1.92275260134912,2.13858942593588,FALSE,-4.41166413203511,"rich_design",6,"ungated_weak","recruitment"
"recruit_mean_50",44,43.2002856194596,0.80028752372777,41.6828559609517,43.2104068887034,44.8098025744232,TRUE,-0.99928382841123,"rich_design",6,"ungated_weak","recruit_size"
"recruit_mean_80",44.6,44.036883563319,0.463197343767747,43.2079596746835,44.0391167990442,44.9703627965548,TRUE,-1.21571603174673,"rich_design",6,"ungated_weak","recruit_size"
"recruit_mean_110",45.2,44.8734815071785,0.170757792006252,44.5454610679976,44.869953726108,45.2113123097993,TRUE,-1.91217331276753,"rich_design",6,"ungated_weak","recruit_size"
"recruit_sd.log_recruit_sd",3.5,3.34464215289091,0.109638186362241,3.12736468401913,3.3435647648779,3.54616351856094,TRUE,-1.41700489823675,"rich_design",6,"ungated_weak","recruit_size"
"lambda",1.04584764197332,1.05089688684697,0.0280702443832064,0.997700483309635,1.05127996573799,1.10486411125869,TRUE,0.179878906813992,"rich_design",6,"ungated_weak","lambda"
"survival_50",0.354343693774205,0.407222632385862,0.0193842540530992,0.363257709322987,0.407610599554393,0.446466651623036,FALSE,2.72793260276132,"rich_design",6,"maturity_weak","survival"
"survival_80",0.589040434058665,0.622216497575462,0.0219350666402894,0.574668920756881,0.621939333331059,0.664224862694011,TRUE,1.51246695808348,"rich_design",6,"maturity_weak","survival"
"survival_110",0.789181706522253,0.797072433978145,0.0264812276907892,0.743323149561919,0.798065123636799,0.844818866109005,TRUE,0.297974382004815,"rich_design",6,"maturity_weak","survival"
"growth_increment_50",12,10.0854300426434,0.701933223185826,8.7394353445219,10.0897880034421,11.37681732536,FALSE,-2.72756708774531,"rich_design",6,"maturity_weak","growth"
"growth_increment_80",8.4,7.17616364513273,0.531895277058229,6.09658200734151,7.18362043298846,8.21049978918833,FALSE,-2.30089720223873,"rich_design",6,"maturity_weak","growth"
"growth_increment_110",4.8,4.26689724762207,0.606747091558388,3.14036801807771,4.2646043854861,5.45980637404585,TRUE,-0.878624322711942,"rich_design",6,"maturity_weak","growth"
"growth_sd.log_growth_sd",4.5,6.41565273286018,0.398974272289798,5.69553595621136,6.4053928535496,7.26940466415699,FALSE,4.80144426823775,"rich_design",6,"maturity_weak","growth"
"recruitment_50",0.000177489191913507,0.000140854492977051,4.25746099706114e-05,7.37790557349909e-05,0.00013503798207387,0.000235778327240888,TRUE,-0.860482314735107,"rich_design",6,"maturity_weak","recruitment"
"recruitment_80",0.183939720585721,0.151094204160666,0.0266877617448565,0.103941230730642,0.148736287125823,0.206895041552084,TRUE,-1.23073327538927,"rich_design",6,"maturity_weak","recruitment"
"recruitment_110",2.3850093400699,2.05943684457747,0.125936279049829,1.83085608406343,2.05843618833231,2.30535596183639,FALSE,-2.58521609459031,"rich_design",6,"maturity_weak","recruitment"
"recruit_mean_50",44,42.9845211841917,1.00239953221437,41.0971000585944,43.0165717052716,44.8768907887069,TRUE,-1.01304797455868,"rich_design",6,"maturity_weak","recruit_size"
"recruit_mean_80",44.6,43.8901058379299,0.594245794723487,42.7905707555756,43.9054633620072,44.9937214070674,TRUE,-1.19461369078836,"rich_design",6,"maturity_weak","recruit_size"
"recruit_mean_110",45.2,44.7956904916681,0.214186805736166,44.4002615625965,44.7972659867783,45.2110708739991,TRUE,-1.88764899379418,"rich_design",6,"maturity_weak","recruit_size"
"recruit_sd.log_recruit_sd",3.5,3.36009571750864,0.11261230364271,3.14831458238964,3.35879807285247,3.58267002440589,TRUE,-1.24235343710965,"rich_design",6,"maturity_weak","recruit_size"
"lambda",1.04584764197332,1.04810334892991,0.0269939969405088,0.990482529217247,1.04813310781046,1.09950634931943,TRUE,0.083563281183187,"rich_design",6,"maturity_weak","lambda"
"survival_50",0.354343693774205,0.40772852630896,0.0200030539533602,0.372219006432409,0.406421488295549,0.448483745210545,FALSE,2.66883410199408,"rich_design",6,"maturity_shape_informed","survival"
"survival_80",0.589040434058665,0.62041135128109,0.0198861797575056,0.58003994044892,0.62035087705407,0.658607301244264,TRUE,1.57752356686734,"rich_design",6,"maturity_shape_informed","survival"
"survival_110",0.789181706522253,0.794304195435608,0.0254892989107588,0.746073885356677,0.795011324361994,0.84017659982694,TRUE,0.20096625377141,"rich_design",6,"maturity_shape_informed","survival"
"growth_increment_50",12,10.140747431817,0.72886823140065,8.82588977082685,10.092822856903,11.6573992208293,FALSE,-2.55087612284883,"rich_design",6,"maturity_shape_informed","growth"
"growth_increment_80",8.4,7.2256855164705,0.558999785805507,6.04797162225343,7.2252649200812,8.41738482780012,TRUE,-2.10074227816982,"rich_design",6,"maturity_shape_informed","growth"
"growth_increment_110",4.8,4.31062360112397,0.617422114552841,3.00389561630685,4.3493581765092,5.41589982152326,TRUE,-0.792612359261623,"rich_design",6,"maturity_shape_informed","growth"
"growth_sd.log_growth_sd",4.5,6.3995222413681,0.404417543320202,5.69315910846068,6.38029154472084,7.2076443811043,FALSE,4.69693333719732,"rich_design",6,"maturity_shape_informed","growth"
"recruitment_50",0.000177489191913507,0.00014002839780837,4.07220985707961e-05,7.93995352562186e-05,0.000133759931633802,0.000228607933291145,TRUE,-0.919913153297135,"rich_design",6,"maturity_shape_informed","recruitment"
"recruitment_80",0.183939720585721,0.15060800993366,0.0255788855104285,0.108866629052698,0.147800604378113,0.207003524600106,TRUE,-1.30309471999754,"rich_design",6,"maturity_shape_informed","recruitment"
"recruitment_110",2.3850093400699,2.05503623337242,0.128381461948042,1.81472792329305,2.04473206578059,2.3267452278402,FALSE,-2.57025509517117,"rich_design",6,"maturity_shape_informed","recruitment"
"recruit_mean_50",44,42.9798247326518,0.955901796923832,41.0203781973791,43.0514992920856,44.6714197308004,TRUE,-1.06723857056363,"rich_design",6,"maturity_shape_informed","recruit_size"
"recruit_mean_80",44.6,43.8908105601171,0.560763158809933,42.7208118405648,43.9303357335594,44.8564191937683,TRUE,-1.26468622044997,"rich_design",6,"maturity_shape_informed","recruit_size"
"recruit_mean_110",45.2,44.8017963875824,0.195785251404592,44.3788952636283,44.8144845183432,45.157280068314,FALSE,-2.03387951626017,"rich_design",6,"maturity_shape_informed","recruit_size"
"recruit_sd.log_recruit_sd",3.5,3.35581780513406,0.112312379812369,3.15907763358677,3.35152268492157,3.57759785987052,TRUE,-1.28376048220872,"rich_design",6,"maturity_shape_informed","recruit_size"
"lambda",1.04584764197332,1.04750082430634,0.0256175528137366,0.99863955525267,1.04685461067951,1.0949177249211,TRUE,0.0645331872657993,"rich_design",6,"maturity_shape_informed","lambda"
"survival_50",0.354343693774205,0.406806277617768,0.019512435248377,0.372638947810454,0.407458098555493,0.44576581136503,FALSE,2.68867433386752,"rich_design",6,"maturity_fixed_recruitment_slope","survival"
"survival_80",0.589040434058665,0.622896791874843,0.0209982973461687,0.583554089431881,0.622853811696532,0.664866544445796,TRUE,1.61233824143151,"rich_design",6,"maturity_fixed_recruitment_slope","survival"
"survival_110",0.789181706522253,0.798318868990775,0.0258083401953042,0.747032032165937,0.799267316869574,0.844946463234584,TRUE,0.354039136162058,"rich_design",6,"maturity_fixed_recruitment_slope","survival"
"growth_increment_50",12,10.122600724562,0.707403551169595,8.68804448230058,10.125166499265,11.5647264009129,FALSE,-2.65392967328759,"rich_design",6,"maturity_fixed_recruitment_slope","growth"
"growth_increment_80",8.4,7.22496231127878,0.543971313088577,6.13479417726567,7.19142425926375,8.32926221756726,FALSE,-2.16010966102156,"rich_design",6,"maturity_fixed_recruitment_slope","growth"
"growth_increment_110",4.8,4.32732389799558,0.605569702690505,3.09534041164745,4.33414938219043,5.48389533843509,TRUE,-0.780547804661226,"rich_design",6,"maturity_fixed_recruitment_slope","growth"
"growth_sd.log_growth_sd",4.5,6.41287160582289,0.409718274407168,5.65368492768062,6.38635091688796,7.17896756757145,FALSE,4.66874856531766,"rich_design",6,"maturity_fixed_recruitment_slope","growth"
"recruitment_50",0.000177489191913507,0.000156364260142128,6.47229053210149e-06,0.000143906312205675,0.000156637859549494,0.000169531130933983,FALSE,-3.26390350782365,"rich_design",6,"maturity_fixed_recruitment_slope","recruitment"
"recruitment_80",0.183939720585721,0.162047040780668,0.00670751440800129,0.149136330907025,0.16233058367137,0.175692438048702,FALSE,-3.26390350782365,"rich_design",6,"maturity_fixed_recruitment_slope","recruitment"
"recruitment_110",2.3850093400699,2.10114326890297,0.0869713428986168,1.93373971116395,2.1048197583555,2.27807297081616,FALSE,-3.26390350782366,"rich_design",6,"maturity_fixed_recruitment_slope","recruitment"
"recruit_mean_50",44,43.0752707209572,0.906316570936921,41.3817939846501,43.0815055792356,44.7938877661712,TRUE,-1.02031597865064,"rich_design",6,"maturity_fixed_recruitment_slope","recruit_size"
"recruit_mean_80",44.6,43.9568668081498,0.530796364421677,42.9759445724433,43.9781607738182,44.957917654881,TRUE,-1.21163827591576,"rich_design",6,"maturity_fixed_recruitment_slope","recruit_size"
"recruit_mean_110",45.2,44.8384628953424,0.187860860367926,44.470845378866,44.8400168029983,45.1987190338051,FALSE,-1.92449403217649,"rich_design",6,"maturity_fixed_recruitment_slope","recruit_size"
"recruit_sd.log_recruit_sd",3.5,3.36211776812981,0.100855385103122,3.16710337902027,3.35988143178954,3.56820236766622,TRUE,-1.36712810852102,"rich_design",6,"maturity_fixed_recruitment_slope","recruit_size"
"lambda",1.04584764197332,1.04866996797845,0.0253706616629085,1.0033079488657,1.04929582732616,1.10007747029333,TRUE,0.111243689369804,"rich_design",6,"maturity_fixed_recruitment_slope","lambda"
"survival_50",0.354343693774205,0.439551805186619,0.0339969343854525,0.375949757374667,0.440794369444805,0.508961250629815,FALSE,2.50634690899882,"standard",7,"ungated_weak","survival"
"survival_80",0.589040434058665,0.556767607623553,0.0370602403434298,0.482318229017234,0.557269560425832,0.625630765485925,TRUE,-0.870820753887343,"standard",7,"ungated_weak","survival"
"survival_110",0.789181706522253,0.665731145374667,0.0644343901353115,0.53598077895409,0.668775366959936,0.77946702036349,FALSE,-1.91591106687502,"standard",7,"ungated_weak","survival"
"growth_increment_50",12,10.3394363104333,1.22973124065631,7.94517517277404,10.3378888365186,12.6230849188865,TRUE,-1.35034683568779,"standard",7,"ungated_weak","growth"
"growth_increment_80",8.4,9.33244158306678,1.36863755476666,6.65525261772792,9.39617111205855,12.0740713134039,TRUE,0.681291829103545,"standard",7,"ungated_weak","growth"
"growth_increment_110",4.8,8.32544685570023,2.07991100827475,4.25159651427896,8.32302609189762,12.4155500547934,TRUE,1.69499889258461,"standard",7,"ungated_weak","growth"
"growth_sd.log_growth_sd",4.5,7.09532164202875,0.763685195934738,5.67891130372837,7.07966040181402,8.60152995983481,FALSE,3.39841816476764,"standard",7,"ungated_weak","growth"
"recruitment_50",0.000177489191913507,0.61088612733348,0.040684371092152,0.534704112530139,0.608683090984707,0.685172817384046,FALSE,15.0108904659798,"standard",7,"ungated_weak","recruitment"
"recruitment_80",0.183939720585721,0.126022179899193,0.078959611204718,0.028328809632201,0.105364268836124,0.307998723652414,TRUE,-0.733508433018566,"standard",7,"ungated_weak","recruitment"
"recruitment_110",2.3850093400699,0.0351834105777335,0.0468651025848703,0.00141276569719624,0.018852849675192,0.151470395621574,FALSE,-50.1402066758897,"standard",7,"ungated_weak","recruitment"
"recruit_mean_50",44,45.2354486650625,0.273620459767212,44.7123211218119,45.2297795155494,45.7489038447987,FALSE,4.51519110125611,"standard",7,"ungated_weak","recruit_size"
"recruit_mean_80",44.6,47.1801972424628,2.25959898820192,42.7908526155531,47.1598062463361,51.514623693366,TRUE,1.14188281015119,"standard",7,"ungated_weak","recruit_size"
"recruit_mean_110",45.2,49.1249458198631,4.34818905144953,40.8499108008306,49.1453347767407,57.5266966001695,TRUE,0.902662182674572,"standard",7,"ungated_weak","recruit_size"
"recruit_sd.log_recruit_sd",3.5,3.34388379919134,0.207128523227505,2.93343587618064,3.33671997755214,3.75228017719147,TRUE,-0.753716573536267,"standard",7,"ungated_weak","recruit_size"
"lambda",1.04584764197332,1.10432647396023,0.0529580209132819,1.0129027769387,1.09831971832299,1.22707432580901,TRUE,1.10424881780739,"standard",7,"ungated_weak","lambda"
"survival_50",0.354343693774205,0.476757556844387,0.0429945287770089,0.394136411530715,0.475745589629605,0.563381479288835,FALSE,2.8471962957213,"standard",7,"maturity_weak","survival"
"survival_80",0.589040434058665,0.580921232623067,0.0395486095686734,0.508463314018779,0.581002095392662,0.660870247895582,TRUE,-0.205296760724276,"standard",7,"maturity_weak","survival"
"survival_110",0.789181706522253,0.675641680056015,0.0680486639655411,0.528623289093437,0.677475124372659,0.808836475602213,TRUE,-1.66851220655461,"standard",7,"maturity_weak","survival"
"growth_increment_50",12,9.05127218619884,1.31945287234012,6.35342516932426,9.05539191056398,11.487724095012,FALSE,-2.23481101569883,"standard",7,"maturity_weak","growth"
"growth_increment_80",8.4,8.56457500367891,1.34812747131432,6.06069254157762,8.51999008328026,11.1170363460343,TRUE,0.122076737683017,"standard",7,"maturity_weak","growth"
"growth_increment_110",4.8,8.07787782115897,2.17099899784513,3.93977789135838,8.05350272548219,12.1226578240149,TRUE,1.50984768966384,"standard",7,"maturity_weak","growth"
"growth_sd.log_growth_sd",4.5,7.36703649560278,0.725249904092306,6.00541075141207,7.31692504665849,8.87821053316562,FALSE,3.9531704581072,"standard",7,"maturity_weak","growth"
"recruitment_50",0.000177489191913507,0.00393881553260784,0.00285864335701466,0.00083970362631163,0.003116989316514,0.0114961630904462,FALSE,1.31577320810749,"standard",7,"maturity_weak","recruitment"
"recruitment_80",0.183939720585721,0.867733061621033,0.284137424167449,0.440938337453289,0.836963448313946,1.54200415267563,FALSE,2.40655852722989,"standard",7,"maturity_weak","recruitment"
"recruitment_110",2.3850093400699,2.73358796851385,0.292757270095688,2.23254445749787,2.69809891328071,3.38650408385089,TRUE,1.19067454184833,"standard",7,"maturity_weak","recruitment"
"recruit_mean_50",44,44.4935117855553,2.07287967244799,40.0540981297979,44.4846852395211,48.6002478717886,TRUE,0.238080286142453,"standard",7,"maturity_weak","recruit_size"
"recruit_mean_80",44.6,44.7795215298428,0.97776528836598,42.8086996424765,44.7707806342357,46.6698134657931,TRUE,0.183603909832777,"standard",7,"maturity_weak","recruit_size"
"recruit_mean_110",45.2,45.0655312741303,0.306497251801018,44.3998917412768,45.0829396330156,45.6407674356476,TRUE,-0.438727346100437,"standard",7,"maturity_weak","recruit_size"
"recruit_sd.log_recruit_sd",3.5,3.1814256415649,0.213257472006748,2.78004221487786,3.17179884997718,3.61590853444134,TRUE,-1.49384851765017,"standard",7,"maturity_weak","recruit_size"
"lambda",1.04584764197332,0.966487321591059,0.0531307151052148,0.862152463717784,0.963008176577957,1.08168613748677,TRUE,-1.49368063699314,"standard",7,"maturity_weak","lambda"
"survival_50",0.354343693774205,0.477206721285313,0.0411048528569275,0.401090855602103,0.479141458931626,0.563764304919654,FALSE,2.98901513986084,"standard",7,"maturity_shape_informed","survival"
"survival_80",0.589040434058665,0.584750483484511,0.0402181019026451,0.507303157640991,0.584179776195753,0.667346655103667,TRUE,-0.10666715660871,"standard",7,"maturity_shape_informed","survival"
"survival_110",0.789181706522253,0.681838175504841,0.0693793837447027,0.540778034463408,0.68179210385895,0.811124912830363,TRUE,-1.54719637482521,"standard",7,"maturity_shape_informed","survival"
"growth_increment_50",12,8.95014258379647,1.31651564228275,6.39034390312931,8.99186827585428,11.5679724068945,FALSE,-2.31661312501786,"standard",7,"maturity_shape_informed","growth"
"growth_increment_80",8.4,8.43523222284543,1.45017961660494,5.68501430517908,8.39194173810076,11.2931759097825,TRUE,0.024295075204486,"standard",7,"maturity_shape_informed","growth"
"growth_increment_110",4.8,7.9203218618944,2.32440673232514,3.64868126253808,7.82772942183269,12.7788178282918,TRUE,1.34241646201613,"standard",7,"maturity_shape_informed","growth"
"growth_sd.log_growth_sd",4.5,7.42338822976431,0.753063167011675,6.02978540862955,7.4056935730906,8.92406613345151,FALSE,3.88199603675344,"standard",7,"maturity_shape_informed","growth"
"recruitment_50",0.000177489191913507,0.000752829662641477,0.000424224373426767,0.000281452565536218,0.000661673260696884,0.00171642652537403,FALSE,1.35621738581527,"standard",7,"maturity_shape_informed","recruitment"
"recruitment_80",0.183939720585721,0.397162284693353,0.113240431887912,0.233435355082446,0.383846207097002,0.64144000395465,FALSE,1.88291902947424,"standard",7,"maturity_shape_informed","recruitment"
"recruitment_110",2.3850093400699,2.7673079554927,0.273230908240856,2.30716247697841,2.74634098850006,3.33410749968166,TRUE,1.39917777927889,"standard",7,"maturity_shape_informed","recruitment"
"recruit_mean_50",44,43.3662351362444,2.10242894472001,39.3400003779987,43.348982825695,47.5096833724088,TRUE,-0.301444129822883,"standard",7,"maturity_shape_informed","recruit_size"
"recruit_mean_80",44.6,44.1547815146054,1.12630505516398,41.9221894909683,44.131503792056,46.3277122289109,TRUE,-0.395291207611422,"standard",7,"maturity_shape_informed","recruit_size"
"recruit_mean_110",45.2,44.9433278929664,0.271295260517234,44.4398635243165,44.9501658021266,45.4708309756137,TRUE,-0.946098750653611,"standard",7,"maturity_shape_informed","recruit_size"
"recruit_sd.log_recruit_sd",3.5,3.14053412277308,0.230771268934958,2.7140316609667,3.13547639303636,3.58966717647213,TRUE,-1.55767171054659,"standard",7,"maturity_shape_informed","recruit_size"
"lambda",1.04584764197332,1.01927480649578,0.0608973665735169,0.898077230231276,1.0253955354085,1.13626727915325,TRUE,-0.436354426680474,"standard",7,"maturity_shape_informed","lambda"
"survival_50",0.354343693774205,0.496054366767665,0.047504907976889,0.402868421912726,0.497313430442909,0.589004166521446,FALSE,2.983074360704,"standard",7,"maturity_fixed_recruitment_slope","survival"
"survival_80",0.589040434058665,0.59467627160276,0.0434754101014634,0.501069750358631,0.596506055534719,0.674001433846179,TRUE,0.129632763231937,"standard",7,"maturity_fixed_recruitment_slope","survival"
"survival_110",0.789181706522253,0.682961137717258,0.0726461050554625,0.516815700106205,0.688012556897538,0.816562752161247,TRUE,-1.46216467798101,"standard",7,"maturity_fixed_recruitment_slope","survival"
"growth_increment_50",12,8.42200920193579,1.34059883164898,5.83240743760579,8.41708502119739,11.3099809152236,FALSE,-2.668949661595,"standard",7,"maturity_fixed_recruitment_slope","growth"
"growth_increment_80",8.4,8.19360666776459,1.341743039022,5.545265159635,8.13524532710677,10.8970008565929,TRUE,-0.15382478331011,"standard",7,"maturity_fixed_recruitment_slope","growth"
"growth_increment_110",4.8,7.96520413359338,2.17105575424158,3.983613146705,7.92749452634668,12.8080858103231,TRUE,1.45791011005108,"standard",7,"maturity_fixed_recruitment_slope","growth"
"growth_sd.log_growth_sd",4.5,7.39840208994082,0.775061502215567,5.95936576106968,7.36311312522857,9.01050593807166,FALSE,3.73957690022732,"standard",7,"maturity_fixed_recruitment_slope","growth"
"recruitment_50",0.000177489191913507,0.000177482693129929,1.71474949931745e-05,0.000145651980212645,0.000177112973961882,0.000211784018992757,TRUE,-0.000378993175446598,"standard",7,"maturity_fixed_recruitment_slope","recruitment"
"recruitment_80",0.183939720585721,0.183932985615424,0.0177706901687095,0.150945442109662,0.183549829662476,0.219480932095473,TRUE,-0.000378993175446022,"standard",7,"maturity_fixed_recruitment_slope","recruitment"
"recruitment_110",2.3850093400699,2.38492201272694,0.23041930202405,1.95719710852094,2.37995391489807,2.8458457550554,TRUE,-0.000378993175452206,"standard",7,"maturity_fixed_recruitment_slope","recruitment"
"recruit_mean_50",44,42.0462955133333,2.24987784953879,37.7538468761257,42.0491878888227,46.5554892157523,TRUE,-0.868360247676204,"standard",7,"maturity_fixed_recruitment_slope","recruit_size"
"recruit_mean_80",44.6,43.3503647332808,1.26966391196764,40.8137487326191,43.3316587532523,45.8728493184666,TRUE,-0.984225238616543,"standard",7,"maturity_fixed_recruitment_slope","recruit_size"
"recruit_mean_110",45.2,44.6544339532283,0.358950738331582,43.9716870145811,44.6639552819437,45.3678303077342,TRUE,-1.51989113967985,"standard",7,"maturity_fixed_recruitment_slope","recruit_size"
"recruit_sd.log_recruit_sd",3.5,3.02214951829565,0.255528675260126,2.56432491795267,2.98290712772907,3.55115148791789,TRUE,-1.8700464095386,"standard",7,"maturity_fixed_recruitment_slope","recruit_size"
"lambda",1.04584764197332,1.06449888117258,0.0680565727132197,0.927343242376617,1.06150680765904,1.19470913820721,TRUE,0.27405492894648,"standard",7,"maturity_fixed_recruitment_slope","lambda"
"survival_50",0.354343693774205,0.358944304863804,0.0148787851656748,0.330550319707781,0.358359525543429,0.388630356688403,TRUE,0.309206097028194,"dense_profiles",7,"ungated_weak","survival"
"survival_80",0.589040434058665,0.595689208553248,0.0210874527187833,0.556721483467779,0.595149379452614,0.639845913503679,TRUE,0.31529528877905,"dense_profiles",7,"ungated_weak","survival"
"survival_110",0.789181706522253,0.79388434552316,0.0277184254921536,0.736613129593757,0.794079325139524,0.849980909656563,TRUE,0.169657508224554,"dense_profiles",7,"ungated_weak","survival"
"growth_increment_50",12,11.9190986988814,0.609296969405591,10.6483301560429,11.9479313208634,13.1151596557413,TRUE,-0.132778111792591,"dense_profiles",7,"ungated_weak","growth"
"growth_increment_80",8.4,8.39653401702446,0.487175707998609,7.43633926029693,8.42179699663694,9.41419621378436,TRUE,-0.00711444129629264,"dense_profiles",7,"ungated_weak","growth"
"growth_increment_110",4.8,4.87396933516755,0.582078551588258,3.8247208536748,4.86819555991677,5.9899679198777,TRUE,0.1270779261076,"dense_profiles",7,"ungated_weak","growth"
"growth_sd.log_growth_sd",4.5,4.56982887300872,0.5262121802183,3.64199173447806,4.555253693875,5.66119863282205,TRUE,0.132700981911429,"dense_profiles",7,"ungated_weak","growth"
"recruitment_50",0.000177489191913507,0.00643300608022791,0.00246789995919378,0.00307421194092497,0.00615704289280979,0.0126714621946434,FALSE,2.53475302554727,"dense_profiles",7,"ungated_weak","recruitment"
"recruitment_80",0.183939720585721,0.103465193062003,0.0225493354603454,0.067407244019824,0.101956748844261,0.156075228749805,FALSE,-3.568820361258,"dense_profiles",7,"ungated_weak","recruitment"
"recruitment_110",2.3850093400699,1.70496994654014,0.109912400484946,1.51217961558276,1.69960333256015,1.92914854995259,FALSE,-6.18710346175092,"dense_profiles",7,"ungated_weak","recruitment"
"recruit_mean_50",44,43.214540169407,1.22838823075347,40.8587781505072,43.2425322251273,45.5360466596674,TRUE,-0.639423116347559,"dense_profiles",7,"ungated_weak","recruit_size"
"recruit_mean_80",44.6,44.047183343044,0.727599679207216,42.6649968700106,44.0608541380448,45.3990820762679,TRUE,-0.759781336844993,"dense_profiles",7,"ungated_weak","recruit_size"
"recruit_mean_110",45.2,44.8798265166809,0.243187996202754,44.3906639352866,44.8754819526577,45.3250761928748,TRUE,-1.31656779248315,"dense_profiles",7,"ungated_weak","recruit_size"
"recruit_sd.log_recruit_sd",3.5,3.44069916261766,0.0987596426865278,3.25144426692986,3.44142465049934,3.6424113215501,TRUE,-0.600456175915545,"dense_profiles",7,"ungated_weak","recruit_size"
"lambda",1.04584764197332,1.07116478865512,0.0325134109378359,1.00922732008749,1.07294530006737,1.12935759311754,TRUE,0.778667815881055,"dense_profiles",7,"ungated_weak","lambda"
"survival_50",0.354343693774205,0.359784549847365,0.0158976656433467,0.329363647446183,0.360328644921759,0.390802131725681,TRUE,0.342242452145015,"dense_profiles",7,"maturity_weak","survival"
"survival_80",0.589040434058665,0.598282614711059,0.0199658013013841,0.55858298919684,0.5975134935345,0.637176458922793,TRUE,0.462900562460925,"dense_profiles",7,"maturity_weak","survival"
"survival_110",0.789181706522253,0.796853775852083,0.0272225346889159,0.737999365211043,0.800175161393857,0.842077665746241,TRUE,0.281827883314396,"dense_profiles",7,"maturity_weak","survival"
"growth_increment_50",12,11.8732577692711,0.62803267606087,10.6176763777259,11.8904519767677,13.0452557363214,TRUE,-0.201808338260087,"dense_profiles",7,"maturity_weak","growth"
"growth_increment_80",8.4,8.35935928791664,0.481855871832542,7.46307018476484,8.33609326959639,9.24791020542986,TRUE,-0.0843420501005731,"dense_profiles",7,"maturity_weak","growth"
"growth_increment_110",4.8,4.84546080656218,0.562900952613764,3.75164664756608,4.8487408155052,5.99569896719895,TRUE,0.0807616443906954,"dense_profiles",7,"maturity_weak","growth"
"growth_sd.log_growth_sd",4.5,4.5509987355911,0.498925874832109,3.70099831983523,4.5270894377173,5.63238051228964,TRUE,0.102217059013559,"dense_profiles",7,"maturity_weak","growth"
"recruitment_50",0.000177489191913507,5.07386674707958e-05,2.28747243658551e-05,2.11464280765883e-05,4.61262869999032e-05,0.000115422987041219,FALSE,-5.54107330062131,"dense_profiles",7,"maturity_weak","recruitment"
"recruitment_80",0.183939720585721,0.0836540173963543,0.0212886613478824,0.0507928689912522,0.0809364805275681,0.137535413138406,FALSE,-4.71075665823123,"dense_profiles",7,"maturity_weak","recruitment"
"recruitment_110",2.3850093400699,1.78009874012142,0.137140735187838,1.54008953245788,1.77870569562151,2.09061116942621,FALSE,-4.41087470560775,"dense_profiles",7,"maturity_weak","recruitment"
"recruit_mean_50",44,42.7573044731476,1.47936860439229,39.7479907400005,42.7935851704382,45.3945062589596,TRUE,-0.84001750690316,"dense_profiles",7,"maturity_weak","recruit_size"
"recruit_mean_80",44.6,43.766051183793,0.873627347610605,41.9642127933423,43.7861157849783,45.3280589344023,TRUE,-0.954581857456607,"dense_profiles",7,"maturity_weak","recruit_size"
"recruit_mean_110",45.2,44.7747978944384,0.28535957627779,44.2469807497775,44.7557707912125,45.3145154828635,TRUE,-1.49005725025203,"dense_profiles",7,"maturity_weak","recruit_size"
"recruit_sd.log_recruit_sd",3.5,3.41909825246668,0.103743509873865,3.21781657426529,3.41931665496486,3.62232718836963,TRUE,-0.779824662108303,"dense_profiles",7,"maturity_weak","recruit_size"
"lambda",1.04584764197332,1.07157849068795,0.0318566333270221,1.00176955108902,1.07172453143947,1.13121174254224,TRUE,0.807707721355693,"dense_profiles",7,"maturity_weak","lambda"
"survival_50",0.354343693774205,0.359795726026221,0.0150143145970027,0.332610750889554,0.359646883755577,0.388444650692081,TRUE,0.363122286854488,"dense_profiles",7,"maturity_shape_informed","survival"
"survival_80",0.589040434058665,0.598237923843349,0.0207786629299877,0.554722259895119,0.598554950406839,0.635928160175348,TRUE,0.442641079249128,"dense_profiles",7,"maturity_shape_informed","survival"
"survival_110",0.789181706522253,0.796737969781188,0.0275582324851909,0.739721985741333,0.797846414109664,0.846218768470784,TRUE,0.274192594281799,"dense_profiles",7,"maturity_shape_informed","survival"
"growth_increment_50",12,11.9322071278326,0.614744091083442,10.7570758785693,11.9158032839976,13.004152198154,TRUE,-0.110278200556405,"dense_profiles",7,"maturity_shape_informed","growth"
"growth_increment_80",8.4,8.41201912544049,0.487074607902829,7.48390641985837,8.42877597010127,9.28839321138616,TRUE,0.0246761486751364,"dense_profiles",7,"maturity_shape_informed","growth"
"growth_increment_110",4.8,4.89183112304838,0.559767947387785,3.86095391701688,4.9157206797572,5.94858052801105,TRUE,0.164052128166536,"dense_profiles",7,"maturity_shape_informed","growth"
"growth_sd.log_growth_sd",4.5,4.60536659090718,0.515166243465339,3.64871850768354,4.59647075867125,5.73681318326744,TRUE,0.204529299510023,"dense_profiles",7,"maturity_shape_informed","growth"
"recruitment_50",0.000177489191913507,6.61965436914376e-05,2.49279088334632e-05,3.13952418736953e-05,6.28905719320272e-05,0.000129969961437474,FALSE,-4.46458020067333,"dense_profiles",7,"maturity_shape_informed","recruitment"
"recruitment_80",0.183939720585721,0.098240805117745,0.0210513369205552,0.0643636235299673,0.0967358792196306,0.148486896292374,FALSE,-4.07094883291223,"dense_profiles",7,"maturity_shape_informed","recruitment"
"recruitment_110",2.3850093400699,1.86697450798222,0.121623913356341,1.64757202746978,1.85761540517815,2.09466460206093,FALSE,-4.2593172493136,"dense_profiles",7,"maturity_shape_informed","recruitment"
"recruit_mean_50",44,43.1229378332239,1.40066666684733,40.4489645106426,43.156278439185,45.9001897726657,TRUE,-0.62617479771276,"dense_profiles",7,"maturity_shape_informed","recruit_size"
"recruit_mean_80",44.6,43.989831150253,0.824071691698687,42.337336094603,44.0111682466329,45.6399526454989,TRUE,-0.740431755991079,"dense_profiles",7,"maturity_shape_informed","recruit_size"
"recruit_mean_110",45.2,44.856724467282,0.262225197656058,44.322855685786,44.8479409887028,45.391305940372,TRUE,-1.30908675362408,"dense_profiles",7,"maturity_shape_informed","recruit_size"
"recruit_sd.log_recruit_sd",3.5,3.43254755297155,0.103264113444813,3.23479468065686,3.43569462238009,3.6309509541601,TRUE,-0.653203177544355,"dense_profiles",7,"maturity_shape_informed","recruit_size"
"lambda",1.04584764197332,1.06899227681592,0.0306393760996857,1.00965092703318,1.06908463757771,1.12731838439414,TRUE,0.755388581258979,"dense_profiles",7,"maturity_shape_informed","lambda"
"survival_50",0.354343693774205,0.360427186955291,0.0155230018355389,0.328388116647088,0.360116576054495,0.392039510988532,TRUE,0.391901852846424,"dense_profiles",7,"maturity_fixed_recruitment_slope","survival"
"survival_80",0.589040434058665,0.59852262903523,0.021578027197031,0.552849908406513,0.599868508803182,0.637550578652287,TRUE,0.439437530131069,"dense_profiles",7,"maturity_fixed_recruitment_slope","survival"
"survival_110",0.789181706522253,0.796669468181294,0.0279299624316008,0.735975539481918,0.798312218541308,0.846668153490634,TRUE,0.268090645570264,"dense_profiles",7,"maturity_fixed_recruitment_slope","survival"
"growth_increment_50",12,11.8761238603513,0.66067221175553,10.6568994218358,11.8790271638191,13.1763040219002,TRUE,-0.187500151277081,"dense_profiles",7,"maturity_fixed_recruitment_slope","growth"
"growth_increment_80",8.4,8.34828053600168,0.502525339729654,7.33686998260613,8.36256315043005,9.31440499143523,TRUE,-0.102919116528823,"dense_profiles",7,"maturity_fixed_recruitment_slope","growth"
"growth_increment_110",4.8,4.82043721165208,0.60104563712888,3.65834561635701,4.81464908230841,5.92501018214632,TRUE,0.0340027618363704,"dense_profiles",7,"maturity_fixed_recruitment_slope","growth"
"growth_sd.log_growth_sd",4.5,4.57158247145948,0.519720338548314,3.67535987587406,4.54103017390767,5.69856182391616,TRUE,0.137732673036089,"dense_profiles",7,"maturity_fixed_recruitment_slope","growth"
"recruitment_50",0.000177489191913507,0.000157391354431391,4.85557414735418e-06,0.000148269350152843,0.000157061449630023,0.000167436448324622,FALSE,-4.13912688225922,"dense_profiles",7,"maturity_fixed_recruitment_slope","recruitment"
"recruitment_80",0.183939720585721,0.163111462983201,0.00503204134470798,0.15365793570028,0.162769568379201,0.173521627929349,FALSE,-4.1391268822592,"dense_profiles",7,"maturity_fixed_recruitment_slope","recruitment"
"recruitment_110",2.3850093400699,2.11494483871473,0.0652467317473901,1.99236799237302,2.11051174606208,2.24992569303576,FALSE,-4.1391268822592,"dense_profiles",7,"maturity_fixed_recruitment_slope","recruitment"
"recruit_mean_50",44,43.618416808297,1.41412308615711,40.883612316123,43.6405502024247,46.2609948041001,TRUE,-0.26983732564606,"dense_profiles",7,"maturity_fixed_recruitment_slope","recruit_size"
"recruit_mean_80",44.6,44.3057761965913,0.803174985477399,42.7189525358648,44.3319303328412,45.8347592291377,TRUE,-0.36632590497557,"dense_profiles",7,"maturity_fixed_recruitment_slope","recruit_size"
"recruit_mean_110",45.2,44.9931355848855,0.218878375867968,44.566945719121,44.9988573757414,45.4136985231073,TRUE,-0.945111248629408,"dense_profiles",7,"maturity_fixed_recruitment_slope","recruit_size"
"recruit_sd.log_recruit_sd",3.5,3.43574681848598,0.110795880055921,3.22517591773081,3.43710487854574,3.66334058637158,TRUE,-0.57992392390037,"dense_profiles",7,"maturity_fixed_recruitment_slope","recruit_size"
"lambda",1.04584764197332,1.04837476923002,0.0294077424207381,0.993434880029821,1.0482542252402,1.10503767548596,TRUE,0.085934078874326,"dense_profiles",7,"maturity_fixed_recruitment_slope","lambda"
"survival_50",0.354343693774205,0.385227369406495,0.0162843754371812,0.350643528939783,0.384915628203555,0.416074275337688,TRUE,1.89652196066268,"rich_design",7,"ungated_weak","survival"
"survival_80",0.589040434058665,0.586350713443865,0.0186374836990345,0.550818264635448,0.585558449614844,0.624820794708977,TRUE,-0.144317798380655,"rich_design",7,"ungated_weak","survival"
"survival_110",0.789181706522253,0.761662219795802,0.0248323116489785,0.712094319547854,0.761444670285063,0.808303997961438,TRUE,-1.10821284443663,"rich_design",7,"ungated_weak","survival"
"growth_increment_50",12,11.1746930675664,0.610354805257942,10.0039951286097,11.1772642920019,12.4002156257097,TRUE,-1.35217569407824,"rich_design",7,"ungated_weak","growth"
"growth_increment_80",8.4,8.18216695273179,0.484951161278443,7.21683214773265,8.17449546696611,9.15028170779141,TRUE,-0.449185535908295,"rich_design",7,"ungated_weak","growth"
"growth_increment_110",4.8,5.18964083789723,0.508644908363945,4.19470529578872,5.17091847071725,6.27773163218238,TRUE,0.766037035838035,"rich_design",7,"ungated_weak","growth"
"growth_sd.log_growth_sd",4.5,5.31541662797672,0.447406955406076,4.55578874576425,5.27766008467183,6.28461036278425,FALSE,1.82253900643237,"rich_design",7,"ungated_weak","growth"
"recruitment_50",0.000177489191913507,0.0430370667970916,0.00883592436676719,0.0280680456631581,0.0419947725704954,0.0631365041547285,FALSE,4.850604851981,"rich_design",7,"ungated_weak","recruitment"
"recruitment_80",0.183939720585721,0.29349533825346,0.0335931127534397,0.233447215800695,0.291628750491029,0.368535031577311,FALSE,3.2612523427595,"rich_design",7,"ungated_weak","recruitment"
"recruitment_110",2.3850093400699,2.01817773851375,0.0737099093267147,1.87487051773304,2.01430704787186,2.18296218962221,FALSE,-4.97669315980556,"rich_design",7,"ungated_weak","recruitment"
"recruit_mean_50",44,45.4120637679805,0.743378320922929,43.8703800016736,45.4330770626357,46.8824167059825,TRUE,1.89952239423304,"rich_design",7,"ungated_weak","recruit_size"
"recruit_mean_80",44.6,45.3630428721269,0.41859467126086,44.484871904163,45.3632285744282,46.2497623388901,TRUE,1.82286809774351,"rich_design",7,"ungated_weak","recruit_size"
"recruit_mean_110",45.2,45.3140219762733,0.128944774712721,45.0773476222528,45.3069388645894,45.5685338601291,TRUE,0.884269847516586,"rich_design",7,"ungated_weak","recruit_size"
"recruit_sd.log_recruit_sd",3.5,3.37345900126273,0.0848950792678381,3.21801533108281,3.37637239381464,3.52559658387233,TRUE,-1.49055751909998,"rich_design",7,"ungated_weak","recruit_size"
"lambda",1.04584764197332,1.01865637475094,0.0251278938835533,0.969998198055338,1.01774781858687,1.06503143023001,TRUE,-1.08211485404951,"rich_design",7,"ungated_weak","lambda"
"survival_50",0.354343693774205,0.384600770100889,0.0163129723637736,0.35385182924911,0.384296714130737,0.415624288552447,TRUE,1.85478621871981,"rich_design",7,"maturity_weak","survival"
"survival_80",0.589040434058665,0.587179527788029,0.0181194358711252,0.550030439756856,0.587423768107153,0.623186250749578,TRUE,-0.102702218980327,"rich_design",7,"maturity_weak","survival"
"survival_110",0.789181706522253,0.763436081575493,0.0239924259522094,0.71224879002996,0.764110020864042,0.808746572643978,TRUE,-1.07307301887865,"rich_design",7,"maturity_weak","survival"
"growth_increment_50",12,11.1634725369454,0.633456010420991,10.0053241750702,11.1518247141808,12.4036282238434,TRUE,-1.32057703975159,"rich_design",7,"maturity_weak","growth"
"growth_increment_80",8.4,8.16392381790367,0.50897642528012,7.2373928620011,8.14436382247061,9.18723287596405,TRUE,-0.463825376521907,"rich_design",7,"maturity_weak","growth"
"growth_increment_110",4.8,5.16437509886196,0.532908947732928,4.02873928339511,5.20268856011938,6.25711271621729,TRUE,0.683747383886248,"rich_design",7,"maturity_weak","growth"
"growth_sd.log_growth_sd",4.5,5.32628693579027,0.444473255796881,4.54382482576074,5.30797159790997,6.34603180800396,FALSE,1.85902509321701,"rich_design",7,"maturity_weak","growth"
"recruitment_50",0.000177489191913507,0.000365573408996282,9.29421538760002e-05,0.000222393051691135,0.000352551040461008,0.000578712435941174,FALSE,2.02366966160166,"rich_design",7,"maturity_weak","recruitment"
"recruitment_80",0.183939720585721,0.254932133883608,0.0374130893459097,0.192672392458225,0.25241172961066,0.338088017714734,FALSE,1.89752876704495,"rich_design",7,"maturity_weak","recruitment"
"recruitment_110",2.3850093400699,2.24881711083525,0.113200726198693,2.03982862773615,2.2438874749894,2.47015851705578,TRUE,-1.20310384754605,"rich_design",7,"maturity_weak","recruitment"
"recruit_mean_50",44,45.4899138562871,0.883205362776661,43.8468488664952,45.5007179976901,47.3452026634249,TRUE,1.68693932247311,"rich_design",7,"maturity_weak","recruit_size"
"recruit_mean_80",44.6,45.4160480392857,0.520642916269136,44.4437546085452,45.4296750624772,46.5148115767135,TRUE,1.56738527268058,"rich_design",7,"maturity_weak","recruit_size"
"recruit_mean_110",45.2,45.3421822222844,0.179988699826724,45.0080419865826,45.3378216491963,45.7183242899528,TRUE,0.789950827031116,"rich_design",7,"maturity_weak","recruit_size"
"recruit_sd.log_recruit_sd",3.5,3.36822042937689,0.0823926362557232,3.19684575709832,3.37852247393249,3.51566107661382,TRUE,-1.59940956633677,"rich_design",7,"maturity_weak","recruit_size"
"lambda",1.04584764197332,1.01743311108869,0.0240615868190083,0.966412437089237,1.019321716694,1.06091122221443,TRUE,-1.18090843710182,"rich_design",7,"maturity_weak","lambda"
"survival_50",0.354343693774205,0.385094678748431,0.016489951016602,0.353515936477859,0.385133391764539,0.417313208945913,TRUE,1.86483179624163,"rich_design",7,"maturity_shape_informed","survival"
"survival_80",0.589040434058665,0.586558861121139,0.0195790930430697,0.549976674077918,0.585974900565475,0.6227942051585,TRUE,-0.126746061835824,"rich_design",7,"maturity_shape_informed","survival"
"survival_110",0.789181706522253,0.762012369882916,0.0260657879155794,0.709732982597816,0.761559642738651,0.80873982835214,TRUE,-1.04233705604187,"rich_design",7,"maturity_shape_informed","survival"
"growth_increment_50",12,11.1430736346765,0.626157475877576,9.96171002916716,11.1329147323292,12.383532415485,TRUE,-1.36854768702154,"rich_design",7,"maturity_shape_informed","growth"
"growth_increment_80",8.4,8.15333444203583,0.506121149613319,7.17408480974026,8.14800931927514,9.13070130608956,TRUE,-0.487364652025757,"rich_design",7,"maturity_shape_informed","growth"
"growth_increment_110",4.8,5.16359524939517,0.556797955284368,4.04260255223744,5.1675126468006,6.138351964205,TRUE,0.653011107430293,"rich_design",7,"maturity_shape_informed","growth"
"growth_sd.log_growth_sd",4.5,5.30911476765612,0.454620856013246,4.4565927099193,5.27000497844347,6.31900817233436,TRUE,1.77975725696258,"rich_design",7,"maturity_shape_informed","growth"
"recruitment_50",0.000177489191913507,0.000337209534363077,8.12540321144648e-05,0.00021438633257103,0.000325182903172627,0.000535220590084183,FALSE,1.96569128070552,"rich_design",7,"maturity_shape_informed","recruitment"
"recruitment_80",0.183939720585721,0.243421578544861,0.0341178273238052,0.187048128027725,0.240436623169905,0.31806657656614,FALSE,1.74342455615974,"rich_design",7,"maturity_shape_informed","recruitment"
"recruitment_110",2.3850093400699,2.21981782534232,0.112580863746774,2.01410026616812,2.22716895579399,2.41914062731732,TRUE,-1.46731433060549,"rich_design",7,"maturity_shape_informed","recruitment"
"recruit_mean_50",44,45.4314890734281,0.852660509683013,43.8074574117578,45.4480641142311,47.1610497809158,TRUE,1.67884997272866,"rich_design",7,"maturity_shape_informed","recruit_size"
"recruit_mean_80",44.6,45.3777707200336,0.506549543200419,44.4024611648907,45.3797872440995,46.3936282554797,TRUE,1.53542872651624,"rich_design",7,"maturity_shape_informed","recruit_size"
"recruit_mean_110",45.2,45.3240523666391,0.18138527421351,44.9868422607435,45.320104529837,45.668636713135,TRUE,0.683916415910705,"rich_design",7,"maturity_shape_informed","recruit_size"
"recruit_sd.log_recruit_sd",3.5,3.36562995392811,0.0839985031506266,3.19726231873863,3.37004968556204,3.5334454831956,TRUE,-1.599671911188,"rich_design",7,"maturity_shape_informed","recruit_size"
"lambda",1.04584764197332,1.01708179138939,0.0270300522669362,0.963969403785681,1.01757206858524,1.06560760240983,TRUE,-1.06421734963176,"rich_design",7,"maturity_shape_informed","lambda"
"survival_50",0.354343693774205,0.391319152216949,0.0175115560848632,0.35765419966539,0.390584284745655,0.426118148369413,FALSE,2.11148902265205,"rich_design",7,"maturity_fixed_recruitment_slope","survival"
"survival_80",0.589040434058665,0.59173064886178,0.0193566061339068,0.550455927060755,0.592477027503055,0.628221980222842,TRUE,0.138981740110011,"rich_design",7,"maturity_fixed_recruitment_slope","survival"
"survival_110",0.789181706522253,0.765105597896655,0.0246306741894952,0.713148115468268,0.767092200231672,0.809989667703997,TRUE,-0.977484759059729,"rich_design",7,"maturity_fixed_recruitment_slope","survival"
"growth_increment_50",12,10.8807277407762,0.642007249874925,9.61917582853256,10.8706979849488,12.1528024517969,TRUE,-1.74339504646072,"rich_design",7,"maturity_fixed_recruitment_slope","growth"
"growth_increment_80",8.4,7.97269203301185,0.498701697283328,6.9937217807288,7.94612766394564,9.06681007740829,TRUE,-0.856840811482906,"rich_design",7,"maturity_fixed_recruitment_slope","growth"
"growth_increment_110",4.8,5.06465632524753,0.549477279690297,4.02699388385454,5.05596742944203,6.22171642191045,TRUE,0.481651080089604,"rich_design",7,"maturity_fixed_recruitment_slope","growth"
"growth_sd.log_growth_sd",4.5,5.46032971704622,0.456691332267061,4.60879221885542,5.46240425349048,6.34101630532604,FALSE,2.10279821226089,"rich_design",7,"maturity_fixed_recruitment_slope","growth"
"recruitment_50",0.000177489191913507,0.000142330194677925,4.80769279201139e-06,0.00013326468633279,0.000142499772199592,0.000151685391993897,FALSE,-7.31307068829441,"rich_design",7,"maturity_fixed_recruitment_slope","recruitment"
"recruitment_80",0.183939720585721,0.147502932193903,0.00498241982675487,0.138107954088509,0.147678672708674,0.157198127500009,FALSE,-7.3130706882944,"rich_design",7,"maturity_fixed_recruitment_slope","recruitment"
"recruitment_110",2.3850093400699,1.9125606467702,0.0646033264871791,1.79074296400018,1.91483934311605,2.03827102234994,FALSE,-7.31307068829444,"rich_design",7,"maturity_fixed_recruitment_slope","recruitment"
"recruit_mean_50",44,44.9445366588638,0.867580374118202,43.1436166216686,44.9407223467504,46.5052721194499,TRUE,1.08870219640896,"rich_design",7,"maturity_fixed_recruitment_slope","recruit_size"
"recruit_mean_80",44.6,45.0738621718232,0.516081751713124,44.0380812753693,45.0729997810209,46.0097383301253,TRUE,0.918192069861471,"rich_design",7,"maturity_fixed_recruitment_slope","recruit_size"
"recruit_mean_110",45.2,45.2031876847827,0.182599328237278,44.8387417280433,45.2051792516929,45.5423841494347,TRUE,0.01745726456626,"rich_design",7,"maturity_fixed_recruitment_slope","recruit_size"
"recruit_sd.log_recruit_sd",3.5,3.33020155952008,0.0838076913663328,3.17758754335833,3.33011784259896,3.50383979257895,TRUE,-2.02604841765307,"rich_design",7,"maturity_fixed_recruitment_slope","recruit_size"
"lambda",1.04584764197332,1.02996575324845,0.0264201403472453,0.977358567480695,1.02978782171885,1.07736266194693,TRUE,-0.601128098341954,"rich_design",7,"maturity_fixed_recruitment_slope","lambda"
"survival_50",0.354343693774205,0.364492237990631,0.0325518857011541,0.305917200793085,0.362566762346593,0.431478636207744,TRUE,0.311765171136199,"standard",8,"ungated_weak","survival"
"survival_80",0.589040434058665,0.549536842600967,0.0374461292269261,0.479896159785382,0.550372215776238,0.625151967231532,TRUE,-1.05494459035549,"standard",8,"ungated_weak","survival"
"survival_110",0.789181706522253,0.719289715248702,0.0556887018031772,0.616023884592862,0.71728217394252,0.820181481047361,TRUE,-1.25504795426141,"standard",8,"ungated_weak","survival"
"growth_increment_50",12,12.109807244592,1.48364393759315,9.25131606554173,12.159695352614,14.9429349550081,TRUE,0.0740118581080556,"standard",8,"ungated_weak","growth"
"growth_increment_80",8.4,8.66664397787903,1.30865073214353,6.1487187979939,8.68957811771372,11.1151532516384,TRUE,0.203754883812487,"standard",8,"ungated_weak","growth"
"growth_increment_110",4.8,5.22348071116606,1.60410397219653,2.09298760680735,5.22171804160853,8.22930852732293,TRUE,0.263998293443647,"standard",8,"ungated_weak","growth"
"growth_sd.log_growth_sd",4.5,7.4637276749184,0.955650949057132,5.82832386669616,7.38053908073672,9.54132450567582,FALSE,3.10126587311245,"standard",8,"ungated_weak","growth"
"recruitment_50",0.000177489191913507,0.0579572107852199,0.0280716738809729,0.0213447888926264,0.0526470486213099,0.124071125693138,FALSE,2.05829270596043,"standard",8,"ungated_weak","recruitment"
"recruitment_80",0.183939720585721,0.378170926179268,0.086987880522632,0.237006720153189,0.37058387910226,0.56373161667867,FALSE,2.23285363922636,"standard",8,"ungated_weak","recruitment"
"recruitment_110",2.3850093400699,2.60717006355315,0.171168920704862,2.30285214897647,2.60467954939834,2.96022511801604,TRUE,1.29790339606284,"standard",8,"ungated_weak","recruitment"
"recruit_mean_50",44,44.7938488040973,1.53789491636469,41.9644271693891,44.8451324874347,47.7823996441095,TRUE,0.516191838369417,"standard",8,"ungated_weak","recruit_size"
"recruit_mean_80",44.6,45.105760206205,0.779505068358345,43.6223701145072,45.1353033760883,46.6335870770542,TRUE,0.648822216473987,"standard",8,"ungated_weak","recruit_size"
"recruit_mean_110",45.2,45.4176716083126,0.250394543930074,44.952669183363,45.4284810966424,45.9038740270697,TRUE,0.86931450220988,"standard",8,"ungated_weak","recruit_size"
"recruit_sd.log_recruit_sd",3.5,3.46238662985544,0.203404229866153,3.08033676462774,3.44786850280878,3.88393581385553,TRUE,-0.184919311507498,"standard",8,"ungated_weak","recruit_size"
"lambda",1.04584764197332,1.01738927555102,0.0585520575007995,0.900954366788108,1.01505173110541,1.13124205602239,TRUE,-0.486035292985346,"standard",8,"ungated_weak","lambda"
"survival_50",0.354343693774205,0.366431433160892,0.031744785874945,0.307982403173792,0.365482290679828,0.433611197111495,TRUE,0.380778734318941,"standard",8,"maturity_weak","survival"
"survival_80",0.589040434058665,0.547286889240827,0.0386314327327549,0.4706332770122,0.546360883560306,0.628131621677117,TRUE,-1.0808179211649,"standard",8,"maturity_weak","survival"
"survival_110",0.789181706522253,0.71387363925642,0.058498367448796,0.58571300911961,0.720369984191067,0.825156411634485,TRUE,-1.28735331514594,"standard",8,"maturity_weak","survival"
"growth_increment_50",12,12.1087522756808,1.51387660686185,9.22527428241989,12.0703337667916,14.9136844688651,TRUE,0.0718369483932078,"standard",8,"maturity_weak","growth"
"growth_increment_80",8.4,8.59970488228495,1.28102960322211,5.84311608922502,8.57969150353432,11.0356694021517,TRUE,0.155894041622956,"standard",8,"maturity_weak","growth"
"growth_increment_110",4.8,5.09065748888907,1.49225114956999,2.09916087291757,5.1685116019446,7.87483752157789,TRUE,0.194777862273939,"standard",8,"maturity_weak","growth"
"growth_sd.log_growth_sd",4.5,7.49379611894773,0.962928961738199,5.8947146226081,7.39491768611962,9.48668683593294,FALSE,3.10905190092484,"standard",8,"maturity_weak","growth"
"recruitment_50",0.000177489191913507,0.000597032989446421,0.000326580581879397,0.000202590227402574,0.000511616997094469,0.0014101823411634,FALSE,1.28465628641646,"standard",8,"maturity_weak","recruitment"
"recruitment_80",0.183939720585721,0.363947591840563,0.102051241716774,0.210152761578857,0.347353369589316,0.612155272904947,FALSE,1.76389692302248,"standard",8,"maturity_weak","recruitment"
"recruitment_110",2.3850093400699,2.95263259388853,0.202433054736083,2.59405201517637,2.93598391637872,3.42187081614894,FALSE,2.80400478350067,"standard",8,"maturity_weak","recruitment"
"recruit_mean_50",44,44.6009347602028,1.67769668636225,41.3979559044264,44.7041066336536,47.7721255313859,TRUE,0.358190348164686,"standard",8,"maturity_weak","recruit_size"
"recruit_mean_80",44.6,44.981365231008,0.883949034055985,43.250195977426,45.0496953069658,46.7144037384744,TRUE,0.431433506135701,"standard",8,"maturity_weak","recruit_size"
"recruit_mean_110",45.2,45.3617957018132,0.240124608653403,44.9105602798985,45.3571418469471,45.7781244361197,TRUE,0.673798919321682,"standard",8,"maturity_weak","recruit_size"
"recruit_sd.log_recruit_sd",3.5,3.45064755246033,0.199301046525234,3.07016303366136,3.45118379401078,3.85500128933033,TRUE,-0.247627638690883,"standard",8,"maturity_weak","recruit_size"
"lambda",1.04584764197332,1.00202997899002,0.058335484908536,0.87477445842747,0.999435903818197,1.10751950396613,TRUE,-0.751132231985378,"standard",8,"maturity_weak","lambda"
"survival_50",0.354343693774205,0.366449321843552,0.0344550976738936,0.299740403457405,0.366130129114422,0.434595155398936,TRUE,0.351345051577666,"standard",8,"maturity_shape_informed","survival"
"survival_80",0.589040434058665,0.552310298842952,0.04177004154404,0.471347455669864,0.554829843371865,0.630803494114637,TRUE,-0.879341601252346,"standard",8,"maturity_shape_informed","survival"
"survival_110",0.789181706522253,0.72155082167051,0.0624349696035163,0.583017113748748,0.730232339469933,0.827768225389413,TRUE,-1.08322123452966,"standard",8,"maturity_shape_informed","survival"
"growth_increment_50",12,12.231198493765,1.49240851156593,9.26374545392934,12.231111327129,15.1790393738397,TRUE,0.154916359678527,"standard",8,"maturity_shape_informed","growth"
"growth_increment_80",8.4,8.66183439216587,1.23315756326249,6.15453714179057,8.72241512440913,10.8843868077677,TRUE,0.212328416064816,"standard",8,"maturity_shape_informed","growth"
"growth_increment_110",4.8,5.09247029056671,1.55698333656983,1.85928196149961,5.24753161651652,7.88327620781816,TRUE,0.187844200832003,"standard",8,"maturity_shape_informed","growth"
"growth_sd.log_growth_sd",4.5,7.44756913921656,0.920029987698718,5.74241524379765,7.41282178165938,9.29283787811325,FALSE,3.20377507105975,"standard",8,"maturity_shape_informed","growth"
"recruitment_50",0.000177489191913507,0.000384848146289867,0.000161198422470072,0.000152162249780186,0.000358636083572515,0.00074433227379368,TRUE,1.28635845933826,"standard",8,"maturity_shape_informed","recruitment"
"recruitment_80",0.183939720585721,0.293733311156459,0.0656992311190819,0.183808697927824,0.288127810309948,0.424932700498242,TRUE,1.67115487807968,"standard",8,"maturity_shape_informed","recruitment"
"recruitment_110",2.3850093400699,2.90755922195168,0.214658883746906,2.45994287410342,2.89113485605637,3.34776743589862,FALSE,2.43432683875267,"standard",8,"maturity_shape_informed","recruitment"
"recruit_mean_50",44,44.4255166852099,1.82416396972198,40.9713809851662,44.4795647472387,48.0237675489477,TRUE,0.233266686697461,"standard",8,"maturity_shape_informed","recruit_size"
"recruit_mean_80",44.6,44.883319056063,0.973396895409735,43.0377447027079,44.9187432628282,46.7891235999468,TRUE,0.291062214600322,"standard",8,"maturity_shape_informed","recruit_size"
"recruit_mean_110",45.2,45.3411214269162,0.258376237329105,44.7689221212037,45.3674818163585,45.8635507376255,TRUE,0.546185780762796,"standard",8,"maturity_shape_informed","recruit_size"
"recruit_sd.log_recruit_sd",3.5,3.45884899636731,0.194822590075143,3.1131481810164,3.46125130127315,3.86000723401176,TRUE,-0.211222957341926,"standard",8,"maturity_shape_informed","recruit_size"
"lambda",1.04584764197332,1.0212110683659,0.0645499258576213,0.883998701150611,1.02489107382726,1.14601528155218,TRUE,-0.381666954378129,"standard",8,"maturity_shape_informed","lambda"
"survival_50",0.354343693774205,0.362588495111336,0.033539244917709,0.300091014892224,0.361098569740522,0.428285298056624,TRUE,0.245825490626295,"standard",8,"maturity_fixed_recruitment_slope","survival"
"survival_80",0.589040434058665,0.54883435001038,0.0412736195549803,0.467995993274831,0.55077855294709,0.623604134666749,TRUE,-0.974135161437122,"standard",8,"maturity_fixed_recruitment_slope","survival"
"survival_110",0.789181706522253,0.719401190221208,0.0612833540025178,0.589781596701061,0.723875499652454,0.819866355011413,TRUE,-1.13865367581183,"standard",8,"maturity_fixed_recruitment_slope","survival"
"growth_increment_50",12,12.1847719653682,1.51690058321845,9.43927848428788,12.2590010777998,14.9469518129133,TRUE,0.121808882805062,"standard",8,"maturity_fixed_recruitment_slope","growth"
"growth_increment_80",8.4,8.62687513595637,1.2218779333923,6.21444102522812,8.6672195801358,11.1153976484853,TRUE,0.18567741486786,"standard",8,"maturity_fixed_recruitment_slope","growth"
"growth_increment_110",4.8,5.06897830654457,1.4929338347482,2.2158502347845,5.00212084843369,8.06222207635027,TRUE,0.180167600387952,"standard",8,"maturity_fixed_recruitment_slope","growth"
"growth_sd.log_growth_sd",4.5,7.52318953514462,0.9145042606237,5.82466511080638,7.47663946733546,9.31485801161204,FALSE,3.30582334639182,"standard",8,"maturity_fixed_recruitment_slope","growth"
"recruitment_50",0.000177489191913507,0.000208053616310981,1.47360427037976e-05,0.000182572001370887,0.000206627369725548,0.000239407167566317,FALSE,2.07412702391241,"standard",8,"maturity_fixed_recruitment_slope","recruitment"
"recruitment_80",0.183939720585721,0.215614954569965,0.0152715979393081,0.189207255703219,0.214136873591723,0.248107994822731,FALSE,2.07412702391241,"standard",8,"maturity_fixed_recruitment_slope","recruitment"
"recruitment_110",2.3850093400699,2.79571850425021,0.198015434660117,2.45330954414967,2.77655332922841,3.21703155313027,FALSE,2.07412702391241,"standard",8,"maturity_fixed_recruitment_slope","recruitment"
"recruit_mean_50",44,44.3872296156999,1.73473938019115,40.9343042112764,44.4329082684319,47.4971352267595,TRUE,0.223220629059123,"standard",8,"maturity_fixed_recruitment_slope","recruit_size"
"recruit_mean_80",44.6,44.8514010653988,0.956248656920642,43.0027821987911,44.8628157847134,46.5328670786836,TRUE,0.262903444181974,"standard",8,"maturity_fixed_recruitment_slope","recruit_size"
"recruit_mean_110",45.2,45.3155725150978,0.291024671162736,44.7595607042862,45.3014745646049,45.8925884193011,TRUE,0.397122740955519,"standard",8,"maturity_fixed_recruitment_slope","recruit_size"
"recruit_sd.log_recruit_sd",3.5,3.45918768265718,0.205124908843322,3.084067286283,3.45689318193575,3.87254544798032,TRUE,-0.198963244263968,"standard",8,"maturity_fixed_recruitment_slope","recruit_size"
"lambda",1.04584764197332,1.03110561834635,0.0599899431560404,0.912936438963471,1.03077833991787,1.13838102961075,TRUE,-0.245741583528746,"standard",8,"maturity_fixed_recruitment_slope","lambda"
"survival_50",0.354343693774205,0.338987274299023,0.0129652841719609,0.314489917705647,0.338720676704213,0.365338478680577,TRUE,-1.18442598492299,"dense_profiles",8,"ungated_weak","survival"
"survival_80",0.589040434058665,0.605123560187628,0.0211810586220455,0.562857904359789,0.605093371772572,0.646441762124721,TRUE,0.75931644475141,"dense_profiles",8,"ungated_weak","survival"
"survival_110",0.789181706522253,0.819688743761018,0.025479142106971,0.763664625163374,0.821263035617284,0.865791136846337,TRUE,1.19733376856586,"dense_profiles",8,"ungated_weak","survival"
"growth_increment_50",12,11.7197197423294,0.501591104501447,10.7645290672413,11.7143596516919,12.7006986976697,TRUE,-0.558782353106499,"dense_profiles",8,"ungated_weak","growth"
"growth_increment_80",8.4,8.03387383773442,0.388852464769266,7.25830350749421,8.03570009514657,8.77127324298895,TRUE,-0.941555462385528,"dense_profiles",8,"ungated_weak","growth"
"growth_increment_110",4.8,4.34802793313943,0.481539983399344,3.45048891346345,4.34984097285926,5.22276077974384,TRUE,-0.93859717249221,"dense_profiles",8,"ungated_weak","growth"
"growth_sd.log_growth_sd",4.5,4.0004821511633,0.397998462808939,3.26391868338845,3.96626863541163,4.90016577201845,TRUE,-1.25507481941329,"dense_profiles",8,"ungated_weak","growth"
"recruitment_50",0.000177489191913507,0.0189300195486273,0.00550159984088523,0.0103894538222363,0.0179758918492126,0.0315593952412627,FALSE,3.40855949161444,"dense_profiles",8,"ungated_weak","recruitment"
"recruitment_80",0.183939720585721,0.201286614848129,0.0322257566364266,0.1459833572814,0.198023650500886,0.271370502391146,TRUE,0.53829284625081,"dense_profiles",8,"ungated_weak","recruitment"
"recruitment_110",2.3850093400699,2.17594619846049,0.0825157608290465,2.02468566645805,2.17198232762978,2.33839164864624,FALSE,-2.53361466353737,"dense_profiles",8,"ungated_weak","recruitment"
"recruit_mean_50",44,45.7691925828031,0.949232450009231,43.8020662605453,45.7765367104423,47.4680563825512,TRUE,1.8638138453715,"dense_profiles",8,"ungated_weak","recruit_size"
"recruit_mean_80",44.6,45.53765750868,0.529029079711562,44.4578164242429,45.5449011163189,46.5109242162707,TRUE,1.77241203676598,"dense_profiles",8,"ungated_weak","recruit_size"
"recruit_mean_110",45.2,45.306122434557,0.142053297219044,45.0171074875095,45.3065414814375,45.5623959400542,TRUE,0.747060692250834,"dense_profiles",8,"ungated_weak","recruit_size"
"recruit_sd.log_recruit_sd",3.5,3.45698063661927,0.0837518600845758,3.28394741960499,3.44919936371265,3.62653582153803,TRUE,-0.513652632159885,"dense_profiles",8,"ungated_weak","recruit_size"
"lambda",1.04584764197332,1.0468618802594,0.0262243810268172,0.997603114120701,1.04882723480161,1.09597309845577,TRUE,0.0386753946658516,"dense_profiles",8,"ungated_weak","lambda"
"survival_50",0.354343693774205,0.338838366561414,0.0140334542666954,0.313342296687347,0.339118741319471,0.367973291455224,TRUE,-1.10488315407766,"dense_profiles",8,"maturity_weak","survival"
"survival_80",0.589040434058665,0.604202512242966,0.0191172136279863,0.565955234370535,0.603854842734125,0.640554586779183,TRUE,0.793111301644124,"dense_profiles",8,"maturity_weak","survival"
"survival_110",0.789181706522253,0.818890926641421,0.0229335667614721,0.774173399635042,0.818890750434046,0.859265236511202,TRUE,1.29544699383959,"dense_profiles",8,"maturity_weak","survival"
"growth_increment_50",12,11.7460982185673,0.459372512594568,10.8527795563444,11.7579317204508,12.612479897636,TRUE,-0.552714353757565,"dense_profiles",8,"maturity_weak","growth"
"growth_increment_80",8.4,8.05075173274793,0.362685674261209,7.38924934779282,8.0404592069404,8.74239416270233,TRUE,-0.962950268061987,"dense_profiles",8,"maturity_weak","growth"
"growth_increment_110",4.8,4.35540524692855,0.49481737102219,3.45346831750062,4.37803778104086,5.27155479905634,TRUE,-0.898502718594972,"dense_profiles",8,"maturity_weak","growth"
"growth_sd.log_growth_sd",4.5,3.94525020227238,0.427119831825133,3.11454805434456,3.92045990134405,4.8153390161971,TRUE,-1.29881535904598,"dense_profiles",8,"maturity_weak","growth"
"recruitment_50",0.000177489191913507,0.000163458446814656,5.14516996691803e-05,8.89906895448546e-05,0.000157163761545628,0.000283888452145095,TRUE,-0.272697407258941,"dense_profiles",8,"maturity_weak","recruitment"
"recruitment_80",0.183939720585721,0.173006753761259,0.0301559895349405,0.124126316598869,0.171441500946344,0.24031699492196,TRUE,-0.362547108984582,"dense_profiles",8,"maturity_weak","recruitment"
"recruitment_110",2.3850093400699,2.33261415789333,0.103067135808693,2.13316981995195,2.33496802900498,2.53324926631086,TRUE,-0.508359738198464,"dense_profiles",8,"maturity_weak","recruitment"
"recruit_mean_50",44,46.0833972831591,1.15861272864623,43.8693618835252,46.1117511009772,48.196160798296,TRUE,1.79818262966383,"dense_profiles",8,"maturity_weak","recruit_size"
"recruit_mean_80",44.6,45.7274784081384,0.655577374747812,44.4713832967357,45.7390654828351,46.9628487884354,TRUE,1.71982507567786,"dense_profiles",8,"maturity_weak","recruit_size"
"recruit_mean_110",45.2,45.3715595331176,0.175273367554692,45.0313423012814,45.3751321914002,45.6971589007565,TRUE,0.978811187980547,"dense_profiles",8,"maturity_weak","recruit_size"
"recruit_sd.log_recruit_sd",3.5,3.46338110060402,0.0828522764591074,3.31378801917557,3.46175359308379,3.62768854619285,TRUE,-0.44197819252506,"dense_profiles",8,"maturity_weak","recruit_size"
"lambda",1.04584764197332,1.04347506942062,0.0250322897980715,0.990966086292498,1.04345088732101,1.08996468730615,TRUE,-0.0947804843999205,"dense_profiles",8,"maturity_weak","lambda"
"survival_50",0.354343693774205,0.338100175103456,0.0138763085243846,0.310448125740993,0.337237542287966,0.365326570829831,TRUE,-1.1705936519215,"dense_profiles",8,"maturity_shape_informed","survival"
"survival_80",0.589040434058665,0.604347143021954,0.020158436630945,0.566796142140262,0.6053067568906,0.642061358150503,TRUE,0.759320241123827,"dense_profiles",8,"maturity_shape_informed","survival"
"survival_110",0.789181706522253,0.819492758023493,0.0235858163461452,0.772240589049308,0.820370429004351,0.865633733153291,TRUE,1.2851389604835,"dense_profiles",8,"maturity_shape_informed","survival"
"growth_increment_50",12,11.726544341571,0.526888963266627,10.6702780808022,11.7672496967361,12.7158180267383,TRUE,-0.519000543745684,"dense_profiles",8,"maturity_shape_informed","growth"
"growth_increment_80",8.4,8.00978658177882,0.430628331758906,7.17132193737763,8.00637344363691,8.81344524012348,TRUE,-0.906148967550158,"dense_profiles",8,"maturity_shape_informed","growth"
"growth_increment_110",4.8,4.29302882198663,0.516322385595451,3.36736116205697,4.31158918361831,5.31519495616936,TRUE,-0.981888820157794,"dense_profiles",8,"maturity_shape_informed","growth"
"growth_sd.log_growth_sd",4.5,3.99684063148477,0.43060361246549,3.1729910850345,3.96700744882655,4.85282960239498,TRUE,-1.16849778763886,"dense_profiles",8,"maturity_shape_informed","growth"
"recruitment_50",0.000177489191913507,0.00016537434773679,5.11112113034854e-05,9.02368618853513e-05,0.000155689052846403,0.000281119449465349,TRUE,-0.237029095334528,"dense_profiles",8,"maturity_shape_informed","recruitment"
"recruitment_80",0.183939720585721,0.174052250226176,0.0299300987366056,0.12331920278327,0.16912296161724,0.239044635786034,TRUE,-0.330352079575752,"dense_profiles",8,"maturity_shape_informed","recruitment"
"recruitment_110",2.3850093400699,2.33247199969516,0.103011209567827,2.14406985011728,2.33006345840947,2.53820319825471,TRUE,-0.510015760373593,"dense_profiles",8,"maturity_shape_informed","recruitment"
"recruit_mean_50",44,45.9951974613573,1.17402953599434,43.8074690446832,46.046971022573,48.2542219660341,TRUE,1.69944400901927,"dense_profiles",8,"maturity_shape_informed","recruit_size"
"recruit_mean_80",44.6,45.6731443739233,0.663188570636504,44.4764337632579,45.7084961593538,46.9339150361782,TRUE,1.61815872805734,"dense_profiles",8,"maturity_shape_informed","recruit_size"
"recruit_mean_110",45.2,45.3510912864895,0.176664176747127,45.0108890003113,45.3525491099214,45.7176768793827,TRUE,0.855245750845203,"dense_profiles",8,"maturity_shape_informed","recruit_size"
"recruit_sd.log_recruit_sd",3.5,3.4647743994514,0.0798528542347149,3.31471678283265,3.46606097923778,3.6394160404004,TRUE,-0.441131389556342,"dense_profiles",8,"maturity_shape_informed","recruit_size"
"lambda",1.04584764197332,1.04159570791725,0.0243575369215465,0.993720016505483,1.04218605616855,1.0890779805045,TRUE,-0.174563383389774,"dense_profiles",8,"maturity_shape_informed","lambda"
"survival_50",0.354343693774205,0.337880708949707,0.0138783406968955,0.311527778239142,0.337486321449886,0.364840464820814,TRUE,-1.1862358176709,"dense_profiles",8,"maturity_fixed_recruitment_slope","survival"
"survival_80",0.589040434058665,0.60403840419887,0.0187963610768646,0.567817136437574,0.605523603050609,0.639210946494547,TRUE,0.797918814119054,"dense_profiles",8,"maturity_fixed_recruitment_slope","survival"
"survival_110",0.789181706522253,0.819338252576324,0.0227468468868152,0.771272259645006,0.820634162805219,0.859194246267695,TRUE,1.32574621019456,"dense_profiles",8,"maturity_fixed_recruitment_slope","survival"
"growth_increment_50",12,11.7061379493713,0.477947727853418,10.7658712985192,11.6716611199994,12.6313468642634,TRUE,-0.614841401063935,"dense_profiles",8,"maturity_fixed_recruitment_slope","growth"
"growth_increment_80",8.4,7.99783463186166,0.393727807839103,7.22651490356288,7.96762937073031,8.84509741328681,TRUE,-1.02142993238283,"dense_profiles",8,"maturity_fixed_recruitment_slope","growth"
"growth_increment_110",4.8,4.28953131435208,0.500412620947783,3.3271349286584,4.27349500243744,5.24685813652485,TRUE,-1.02009554571404,"dense_profiles",8,"maturity_fixed_recruitment_slope","growth"
"growth_sd.log_growth_sd",4.5,3.9644618807853,0.431763689084696,3.11028635308431,3.97984055271447,4.84926788455843,TRUE,-1.24035006359613,"dense_profiles",8,"maturity_fixed_recruitment_slope","growth"
"recruitment_50",0.000177489191913507,0.000175905263317719,4.56781487558812e-06,0.000166305711568987,0.000175972272103513,0.000183954850068062,TRUE,-0.346758491517218,"dense_profiles",8,"maturity_fixed_recruitment_slope","recruitment"
"recruitment_80",0.183939720585721,0.1822982269252,0.00473382397454613,0.172349796559533,0.182367671026009,0.190640361574222,TRUE,-0.346758491517207,"dense_profiles",8,"maturity_fixed_recruitment_slope","recruitment"
"recruitment_110",2.3850093400699,2.36372531452315,0.0613799692507295,2.23473142856097,2.3646257444494,2.47189156045787,TRUE,-0.346758491517213,"dense_profiles",8,"maturity_fixed_recruitment_slope","recruitment"
"recruit_mean_50",44,46.0044982496122,1.19343533060896,43.5292640917468,46.0109922871867,48.1258223434644,TRUE,1.67960357649993,"dense_profiles",8,"maturity_fixed_recruitment_slope","recruit_size"
"recruit_mean_80",44.6,45.6750114447089,0.665123780539276,44.2138616624162,45.6663244369033,46.8554561625458,TRUE,1.61625771948379,"dense_profiles",8,"maturity_fixed_recruitment_slope","recruit_size"
"recruit_mean_110",45.2,45.3455246398054,0.158810238786416,45.0324105014015,45.3518493162176,45.6346767439169,TRUE,0.916342931775076,"dense_profiles",8,"maturity_fixed_recruitment_slope","recruit_size"
"recruit_sd.log_recruit_sd",3.5,3.45754574862586,0.0762209823297068,3.31701369282138,3.45717594381276,3.61417153408387,TRUE,-0.556989034731926,"dense_profiles",8,"maturity_fixed_recruitment_slope","recruit_size"
"lambda",1.04584764197332,1.03930632816885,0.0239112716703419,0.988019979499985,1.03884268969875,1.08685590894951,TRUE,-0.273566119554393,"dense_profiles",8,"maturity_fixed_recruitment_slope","lambda"
"survival_50",0.354343693774205,0.40938483275503,0.0187885326555204,0.372386012267255,0.409846404965341,0.445532450878356,FALSE,2.92950705571217,"rich_design",8,"ungated_weak","survival"
"survival_80",0.589040434058665,0.6100978472879,0.020163096743298,0.574255854922169,0.610248488437992,0.648428217681017,TRUE,1.04435412364096,"rich_design",8,"ungated_weak","survival"
"survival_110",0.789181706522253,0.778638607876264,0.0260718215409936,0.723352669560448,0.778475967562635,0.826363765080458,TRUE,-0.404386729535239,"rich_design",8,"ungated_weak","survival"
"growth_increment_50",12,9.71016377910654,0.699354632562032,8.2590055556527,9.68414346344164,11.0841313638823,FALSE,-3.27421327360745,"rich_design",8,"ungated_weak","growth"
"growth_increment_80",8.4,7.14493901043202,0.533470665010187,6.13513825838116,7.12948970543988,8.2365418554426,FALSE,-2.35263355960541,"rich_design",8,"ungated_weak","growth"
"growth_increment_110",4.8,4.5797142417575,0.59243773385848,3.42484401367826,4.58279618031502,5.82917667831722,TRUE,-0.371829385018757,"rich_design",8,"ungated_weak","growth"
"growth_sd.log_growth_sd",4.5,6.56951619163509,0.363281570580824,5.86478608288323,6.58350423833727,7.31128247142587,FALSE,5.69672771543652,"rich_design",8,"ungated_weak","growth"
"recruitment_50",0.000177489191913507,0.0407060819266137,0.00984465719784807,0.0252020602838323,0.0397043976286152,0.0620230305139348,FALSE,4.11681096865001,"rich_design",8,"ungated_weak","recruitment"
"recruitment_80",0.183939720585721,0.303526674898981,0.04158799779437,0.232500800989198,0.30250552713338,0.394585066607659,FALSE,2.87551602999866,"rich_design",8,"ungated_weak","recruitment"
"recruitment_110",2.3850093400699,2.28784478604477,0.104375849701359,2.08636302818234,2.28386962971473,2.50676220684833,TRUE,-0.930910304473145,"rich_design",8,"ungated_weak","recruitment"
"recruit_mean_50",44,44.6255402060207,0.711339040930211,43.3010012803677,44.6066053226339,45.9624123539919,TRUE,0.879384048993978,"rich_design",8,"ungated_weak","recruit_size"
"recruit_mean_80",44.6,44.9413304493058,0.401801451929053,44.1822193714036,44.9269725380335,45.7270830062376,TRUE,0.849500288431259,"rich_design",8,"ungated_weak","recruit_size"
"recruit_mean_110",45.2,45.257120692591,0.134838497240071,44.9974373744794,45.2561637469082,45.4959314372932,TRUE,0.423623028735415,"rich_design",8,"ungated_weak","recruit_size"
"recruit_sd.log_recruit_sd",3.5,3.41783103975828,0.0974157553748361,3.20232614784554,3.41931857914507,3.58801348606187,TRUE,-0.843487379690787,"rich_design",8,"ungated_weak","recruit_size"
"lambda",1.04584764197332,1.03267891266995,0.0251992745804075,0.981567777322387,1.0332726901515,1.08278727893181,TRUE,-0.52258366650005,"rich_design",8,"ungated_weak","lambda"
"survival_50",0.354343693774205,0.411749633885519,0.0210489575497568,0.370619992215855,0.412134509362481,0.455823440599197,FALSE,2.7272581065174,"rich_design",8,"maturity_weak","survival"
"survival_80",0.589040434058665,0.611755134731159,0.0209959002217586,0.572829555713588,0.612069570756727,0.652422183905531,TRUE,1.08186362254446,"rich_design",8,"maturity_weak","survival"
"survival_110",0.789181706522253,0.779420744784679,0.0256352909420035,0.729510441211634,0.78066106925394,0.82631587945465,TRUE,-0.380762666577762,"rich_design",8,"maturity_weak","survival"
"growth_increment_50",12,9.60955881510835,0.74156171968565,8.0875752480226,9.61007673795508,10.9784205355669,FALSE,-3.22352289962454,"rich_design",8,"maturity_weak","growth"
"growth_increment_80",8.4,7.0933290881404,0.558439241395331,5.98340035126759,7.07607590630385,8.14474149367472,FALSE,-2.33986227148852,"rich_design",8,"maturity_weak","growth"
"growth_increment_110",4.8,4.57709936117243,0.63304585739357,3.37775679661569,4.56566851820039,5.74282718156849,TRUE,-0.352108202311466,"rich_design",8,"maturity_weak","growth"
"growth_sd.log_growth_sd",4.5,6.6295149603984,0.360593786903538,5.96721719206296,6.60713475752233,7.42387913372997,FALSE,5.90557862542446,"rich_design",8,"maturity_weak","growth"
"recruitment_50",0.000177489191913507,0.000297135925977699,7.30113687793694e-05,0.000171908379773139,0.000288718022963458,0.000464963920101684,TRUE,1.63874114489961,"rich_design",8,"maturity_weak","recruitment"
"recruitment_80",0.183939720585721,0.241393837799589,0.035432836310962,0.176340675081804,0.239234451343982,0.315116833001639,TRUE,1.62149359734131,"rich_design",8,"maturity_weak","recruitment"
"recruitment_110",2.3850093400699,2.47879084215439,0.140868146284131,2.21875805403047,2.48274227923501,2.7542235649349,TRUE,0.665739590945761,"rich_design",8,"maturity_weak","recruitment"
"recruit_mean_50",44,44.401049098302,0.900944772034062,42.7085780689789,44.4124108886171,46.2658625168164,TRUE,0.44514282201397,"rich_design",8,"maturity_weak","recruit_size"
"recruit_mean_80",44.6,44.7937957418909,0.527980775243885,43.8036954302747,44.8118084266843,45.8362938289972,TRUE,0.367050754454889,"rich_design",8,"maturity_weak","recruit_size"
"recruit_mean_110",45.2,45.1865423854799,0.177920093672611,44.8366654546219,45.1797417388858,45.5580972919392,TRUE,-0.0756385309963826,"rich_design",8,"maturity_weak","recruit_size"
"recruit_sd.log_recruit_sd",3.5,3.40890733208436,0.0953841380355554,3.21980567772182,3.4121329208585,3.59479295563855,TRUE,-0.955008555842772,"rich_design",8,"maturity_weak","recruit_size"
"lambda",1.04584764197332,1.03394499949522,0.0274383622274651,0.982564051596242,1.03315274089547,1.09034874402215,TRUE,-0.433795660959097,"rich_design",8,"maturity_weak","lambda"
"survival_50",0.354343693774205,0.413857126152693,0.0188260595045509,0.380094816070847,0.413028685486614,0.451029714372079,FALSE,3.16122619096694,"rich_design",8,"maturity_shape_informed","survival"
"survival_80",0.589040434058665,0.613928933040006,0.0195941907361762,0.573538186266765,0.614203729634549,0.651355067905534,TRUE,1.27019785182504,"rich_design",8,"maturity_shape_informed","survival"
"survival_110",0.789181706522253,0.781026748406873,0.0254519438313239,0.72385195287109,0.78225153775622,0.825355842074407,TRUE,-0.320406102159626,"rich_design",8,"maturity_shape_informed","survival"
"growth_increment_50",12,9.53556647101086,0.661563681381973,8.23397821115787,9.56474641922733,10.7953734924259,FALSE,-3.72516448279183,"rich_design",8,"maturity_shape_informed","growth"
"growth_increment_80",8.4,7.01243559285641,0.548967716812226,5.84546251509314,6.99043655156615,8.0201918987815,FALSE,-2.52758835291986,"rich_design",8,"maturity_shape_informed","growth"
"growth_increment_110",4.8,4.48930471470195,0.64363898318446,3.25709933723187,4.48618283799063,5.72059443677893,TRUE,-0.48271669898063,"rich_design",8,"maturity_shape_informed","growth"
"growth_sd.log_growth_sd",4.5,6.69169447365882,0.35904319700688,6.03419108722614,6.68278859600366,7.33169542638093,FALSE,6.10426403265573,"rich_design",8,"maturity_shape_informed","growth"
"recruitment_50",0.000177489191913507,0.000280007714822559,6.97540445910374e-05,0.0001599617309562,0.000274619331380344,0.000418925514049076,TRUE,1.46971438731775,"rich_design",8,"maturity_shape_informed","recruitment"
"recruitment_80",0.183939720585721,0.233145548239173,0.0347368408760636,0.170171509381232,0.233012288559703,0.301461812191973,TRUE,1.41653145227026,"rich_design",8,"maturity_shape_informed","recruitment"
"recruitment_110",2.3850093400699,2.45435573630726,0.134604168026383,2.18648273034712,2.45839264382282,2.70075817965261,TRUE,0.515187584858193,"rich_design",8,"maturity_shape_informed","recruitment"
"recruit_mean_50",44,44.3734818707973,0.829107109075891,42.6280153332031,44.3883915057843,45.8028245902393,TRUE,0.450462752892787,"rich_design",8,"maturity_shape_informed","recruit_size"
"recruit_mean_80",44.6,44.775400135311,0.488243252548427,43.7311990700177,44.8161565089055,45.6581489996795,TRUE,0.359247433314161,"rich_design",8,"maturity_shape_informed","recruit_size"
"recruit_mean_110",45.2,45.1773183998246,0.168273615316231,44.825169469084,45.1950851445102,45.4813010669659,TRUE,-0.134789997426215,"rich_design",8,"maturity_shape_informed","recruit_size"
"recruit_sd.log_recruit_sd",3.5,3.4080731709894,0.0946656969866765,3.24563371200648,3.40567034632433,3.62219374743582,TRUE,-0.971067999674024,"rich_design",8,"maturity_shape_informed","recruit_size"
"lambda",1.04584764197332,1.03416976978128,0.025222550283047,0.985236997877574,1.03377101517193,1.0850234846563,TRUE,-0.462993315941166,"rich_design",8,"maturity_shape_informed","lambda"
"survival_50",0.354343693774205,0.414612064993688,0.0203993716968979,0.374718550251793,0.415006169373595,0.452880032892013,FALSE,2.9544229163023,"rich_design",8,"maturity_fixed_recruitment_slope","survival"
"survival_80",0.589040434058665,0.613643296573091,0.0209179949786001,0.573127261569436,0.614215521756986,0.649358574749542,TRUE,1.17615777896476,"rich_design",8,"maturity_fixed_recruitment_slope","survival"
"survival_110",0.789181706522253,0.780055741751705,0.0265025241485553,0.72427685872383,0.781508454995973,0.825028198413398,TRUE,-0.34434323007854,"rich_design",8,"maturity_fixed_recruitment_slope","survival"
"growth_increment_50",12,9.47955374773523,0.697329790763083,8.04797879139067,9.47370333545905,10.8146907059742,FALSE,-3.61442503339297,"rich_design",8,"maturity_fixed_recruitment_slope","growth"
"growth_increment_80",8.4,6.99170760523174,0.550386245633935,5.88427439920822,6.99004753498757,8.09711088902419,FALSE,-2.55873471755493,"rich_design",8,"maturity_fixed_recruitment_slope","growth"
"growth_increment_110",4.8,4.50386146272823,0.65793908345864,3.22302780691729,4.48476725855836,5.75619498541361,TRUE,-0.450100236810733,"rich_design",8,"maturity_fixed_recruitment_slope","growth"
"growth_sd.log_growth_sd",4.5,6.70947084408725,0.380459895046837,6.03195626124517,6.69810915565705,7.49952965711964,FALSE,5.80736858957302,"rich_design",8,"maturity_fixed_recruitment_slope","growth"
"recruitment_50",0.000177489191913507,0.000167309769605015,6.49484543214398e-06,0.000153919883136826,0.000167310437850318,0.000180144709306032,TRUE,-1.56730786203362,"rich_design",8,"maturity_fixed_recruitment_slope","recruitment"
"recruitment_80",0.183939720585721,0.173390345297221,0.0067308890257283,0.159513827245162,0.173391037828711,0.186691748029902,TRUE,-1.56730786203362,"rich_design",8,"maturity_fixed_recruitment_slope","recruitment"
"recruitment_110",2.3850093400699,2.24822344893744,0.0872744241549216,2.06829697597975,2.24823242847739,2.42069282995234,TRUE,-1.56730786203362,"rich_design",8,"maturity_fixed_recruitment_slope","recruitment"
"recruit_mean_50",44,44.1733146992684,0.90343597874999,42.453443989036,44.1575465991837,45.969046459006,TRUE,0.19183949205587,"rich_design",8,"maturity_fixed_recruitment_slope","recruit_size"
"recruit_mean_80",44.6,44.6467483018978,0.541709950870715,43.5765451215627,44.6118031160309,45.6977156560191,TRUE,0.0862976613641187,"rich_design",8,"maturity_fixed_recruitment_slope","recruit_size"
"recruit_mean_110",45.2,45.1201819045273,0.197225816462077,44.7507127025931,45.1222817670212,45.5116884511668,TRUE,-0.404704094547815,"rich_design",8,"maturity_fixed_recruitment_slope","recruit_size"
"recruit_sd.log_recruit_sd",3.5,3.39749655832898,0.097131381538989,3.20524603295554,3.399555735352,3.58869759537374,TRUE,-1.05530715250737,"rich_design",8,"maturity_fixed_recruitment_slope","recruit_size"
"lambda",1.04584764197332,1.04103542417385,0.0284542552795746,0.985484074609918,1.04129887055662,1.09985438278208,TRUE,-0.169121200051851,"rich_design",8,"maturity_fixed_recruitment_slope","lambda"
"survival_50",0.354343693774205,0.420335495761335,0.0410381299230121,0.343838848209075,0.423318896976786,0.503949848918269,TRUE,1.60806065264017,"standard",9,"ungated_weak","survival"
"survival_80",0.589040434058665,0.610349523222973,0.0410122837568849,0.531150462059771,0.610006528025477,0.689206788856989,TRUE,0.519578214435098,"standard",9,"ungated_weak","survival"
"survival_110",0.789181706522253,0.768509100289492,0.0569190071087933,0.661299464866031,0.771713226966162,0.865138010827828,TRUE,-0.363193373933039,"standard",9,"ungated_weak","survival"
"growth_increment_50",12,8.94445246386002,1.32010428558303,6.47924043834698,8.93855695170087,11.3803132399769,FALSE,-2.31462587426605,"standard",9,"ungated_weak","growth"
"growth_increment_80",8.4,6.56687554429265,1.02526983126723,4.79320443249234,6.50094783092593,8.54244700947257,TRUE,-1.78794342699191,"standard",9,"ungated_weak","growth"
"growth_increment_110",4.8,4.1892986247253,1.30020601408402,1.68562635370077,4.17903739659852,6.72194108607769,TRUE,-0.469695854856456,"standard",9,"ungated_weak","growth"
"growth_sd.log_growth_sd",4.5,7.04617096791754,0.755396496727556,5.76625781103362,7.04321532733252,8.64465504209236,FALSE,3.37064174767526,"standard",9,"ungated_weak","growth"
"recruitment_50",0.000177489191913507,0.261987539280414,0.165539343543272,0.0743084395509236,0.221505888497556,0.678586601033575,FALSE,1.58155786101727,"standard",9,"ungated_weak","recruitment"
"recruitment_80",0.183939720585721,0.526873850078227,0.064879785419432,0.41246222140527,0.525930237500186,0.66038045509448,FALSE,5.28568532210025,"standard",9,"ungated_weak","recruitment"
"recruitment_110",2.3850093400699,1.32962463959484,0.532253783048992,0.579880697752898,1.21719835462715,2.53191791863906,TRUE,-1.98285993277368,"standard",9,"ungated_weak","recruitment"
"recruit_mean_50",44,44.6826782238635,1.2771860217994,42.197558940043,44.699309661714,47.261113154938,TRUE,0.53451745651094,"standard",9,"ungated_weak","recruit_size"
"recruit_mean_80",44.6,45.1525159118352,0.399913218671423,44.3641913566167,45.1638699390871,45.8856089040966,TRUE,1.38158952002312,"standard",9,"ungated_weak","recruit_size"
"recruit_mean_110",45.2,45.6223535998067,0.90942437442235,43.995115454748,45.6188837954167,47.4046027465663,TRUE,0.464418605532755,"standard",9,"ungated_weak","recruit_size"
"recruit_sd.log_recruit_sd",3.5,3.00300457884059,0.294430210289632,2.52141604009103,2.98069764271083,3.61532842234849,TRUE,-1.68799057905952,"standard",9,"ungated_weak","recruit_size"
"lambda",1.04584764197332,0.974115127479973,0.0821970266047858,0.875695591163291,0.965768895851437,1.1337553815493,TRUE,-0.87268989471169,"standard",9,"ungated_weak","lambda"
"survival_50",0.354343693774205,0.438997203263308,0.0397873269177386,0.359183619452109,0.438338810908777,0.511223083671233,FALSE,2.12765008476511,"standard",9,"maturity_weak","survival"
"survival_80",0.589040434058665,0.625066772841728,0.0403436299723613,0.54636105857804,0.623758199161636,0.701450664976942,TRUE,0.892987041764556,"standard",9,"maturity_weak","survival"
"survival_110",0.789181706522253,0.776925981603835,0.0560898731880666,0.655647981291898,0.782143736869726,0.866501466804975,TRUE,-0.218501562257499,"standard",9,"maturity_weak","survival"
"growth_increment_50",12,8.27843078944449,1.33025279295159,5.58185753015186,8.2791630736874,10.8207584163276,FALSE,-2.79764059152848,"standard",9,"maturity_weak","growth"
"growth_increment_80",8.4,6.17933825457606,1.01798892452448,4.01228629211038,6.21887929855756,8.11614352983947,FALSE,-2.18142033957909,"standard",9,"maturity_weak","growth"
"growth_increment_110",4.8,4.08146710325924,1.35320817435608,1.28542150632166,4.07765607445709,6.55393658087474,TRUE,-0.530984744518463,"standard",9,"maturity_weak","growth"
"growth_sd.log_growth_sd",4.5,7.09937370200326,0.679988348370025,5.9017112841178,7.0718434659856,8.45620135852366,FALSE,3.82267388586013,"standard",9,"maturity_weak","growth"
"recruitment_50",0.000177489191913507,0.00185587794389445,0.00101574598415178,0.000541198431061582,0.00163322993904373,0.00437921299384298,FALSE,1.65237055146471,"standard",9,"maturity_weak","recruitment"
"recruitment_80",0.183939720585721,0.538088237844937,0.137143586378625,0.311149003085853,0.523200149807921,0.821783551244691,FALSE,2.58231920726854,"standard",9,"maturity_weak","recruitment"
"recruitment_110",2.3850093400699,2.10603288614616,0.21029184212683,1.70459326968882,2.10394261946429,2.51427392467538,TRUE,-1.32661567420903,"standard",9,"maturity_weak","recruitment"
"recruit_mean_50",44,43.5882549849081,1.82597566848188,40.2641425491748,43.5782437220938,47.320333124309,TRUE,-0.225493155357463,"standard",9,"maturity_weak","recruit_size"
"recruit_mean_80",44.6,44.4314711307105,0.876603476736017,42.8586025489121,44.4226378000411,46.1201874945095,TRUE,-0.192252111430085,"standard",9,"maturity_weak","recruit_size"
"recruit_mean_110",45.2,45.274687276513,0.272161786966597,44.6874396707188,45.2672013094829,45.8494401234191,TRUE,0.274422347624241,"standard",9,"maturity_weak","recruit_size"
"recruit_sd.log_recruit_sd",3.5,2.85583119594502,0.240118816859336,2.41405955326948,2.84293152500029,3.33142201590511,FALSE,-2.68270855437515,"standard",9,"maturity_weak","recruit_size"
"lambda",1.04584764197332,0.964237433349708,0.0516099173287843,0.854287561235141,0.966079910488672,1.06051249430207,TRUE,-1.5812892724417,"standard",9,"maturity_weak","lambda"
"survival_50",0.354343693774205,0.438152354037643,0.0397391345747891,0.36035870294788,0.436337559738855,0.518961527586444,FALSE,2.10897044337265,"standard",9,"maturity_shape_informed","survival"
"survival_80",0.589040434058665,0.618951476713464,0.0400626149271924,0.537886404050891,0.61861051202306,0.692309253577927,TRUE,0.746607347252732,"standard",9,"maturity_shape_informed","survival"
"survival_110",0.789181706522253,0.76839094882857,0.0571460298674475,0.648899180084995,0.770244782180385,0.865384134589048,TRUE,-0.363818059485643,"standard",9,"maturity_shape_informed","survival"
"growth_increment_50",12,8.2900510355308,1.23389800914487,5.8715465414533,8.25360972865294,10.7245534954071,FALSE,-3.00669012914633,"standard",9,"maturity_shape_informed","growth"
"growth_increment_80",8.4,6.20519252884574,0.998756083292568,4.23729900625464,6.19638928515859,8.15837234174,FALSE,-2.19754102915569,"standard",9,"maturity_shape_informed","growth"
"growth_increment_110",4.8,4.12033402216069,1.44338266082376,1.37476060847122,4.12293627277414,6.95282597505735,TRUE,-0.470884122614731,"standard",9,"maturity_shape_informed","growth"
"growth_sd.log_growth_sd",4.5,7.09507343193815,0.698435641487071,5.83224862648276,7.06160515032367,8.47872325276791,FALSE,3.7155512659876,"standard",9,"maturity_shape_informed","growth"
"recruitment_50",0.000177489191913507,0.000652953734750663,0.000282375724633045,0.000270664336545381,0.000606739502730953,0.0013470606869985,FALSE,1.68380105426922,"standard",9,"maturity_shape_informed","recruitment"
"recruitment_80",0.183939720585721,0.32917313579144,0.0776452916784057,0.207081470945332,0.319472362691901,0.499387009862375,FALSE,1.87047291685441,"standard",9,"maturity_shape_informed","recruitment"
"recruitment_110",2.3850093400699,2.15524906621988,0.211515949381526,1.78129803164831,2.14397399583158,2.62701108171295,TRUE,-1.08625507684808,"standard",9,"maturity_shape_informed","recruitment"
"recruit_mean_50",44,43.1174130303904,1.71455488470674,40.2018491180394,43.1221338595269,46.2424877606383,TRUE,-0.514761573095169,"standard",9,"maturity_shape_informed","recruit_size"
"recruit_mean_80",44.6,44.1324436518442,0.895584975161994,42.5763035804111,44.1616217231685,45.7431613656328,TRUE,-0.52206810199251,"standard",9,"maturity_shape_informed","recruit_size"
"recruit_mean_110",45.2,45.1474742732981,0.270689835551205,44.6288542594634,45.1548841669219,45.6544471813198,TRUE,-0.194043956600657,"standard",9,"maturity_shape_informed","recruit_size"
"recruit_sd.log_recruit_sd",3.5,2.86294861950315,0.261883927455591,2.4036100714618,2.84149886993961,3.39564050418288,FALSE,-2.43257150863098,"standard",9,"maturity_shape_informed","recruit_size"
"lambda",1.04584764197332,0.97971221915761,0.053451876255755,0.866872230191178,0.986538686272937,1.07377079051456,TRUE,-1.23728908035453,"standard",9,"maturity_shape_informed","lambda"
"survival_50",0.354343693774205,0.460923729058506,0.0451821405589509,0.373917320002087,0.463501314229805,0.541856237245369,FALSE,2.35889743083868,"standard",9,"maturity_fixed_recruitment_slope","survival"
"survival_80",0.589040434058665,0.639000761975454,0.0418130694792779,0.553415760645053,0.637581086882278,0.72219072684529,TRUE,1.19484956591262,"standard",9,"maturity_fixed_recruitment_slope","survival"
"survival_110",0.789181706522253,0.781519593210883,0.0595807346914947,0.652973458779581,0.789732852731807,0.885877135343383,TRUE,-0.128600517449869,"standard",9,"maturity_fixed_recruitment_slope","survival"
"growth_increment_50",12,7.46810713007255,1.19846710524898,4.96514617366329,7.50432037714704,9.7019232932668,FALSE,-3.7814078084237,"standard",9,"maturity_fixed_recruitment_slope","growth"
"growth_increment_80",8.4,5.70183644865004,0.97576438814853,3.73242505012419,5.70183899865121,7.66202083921589,FALSE,-2.76517936514327,"standard",9,"maturity_fixed_recruitment_slope","growth"
"growth_increment_110",4.8,3.93798670968308,1.46571853902442,1.09972405230713,3.92466561077022,7.11259387528573,TRUE,-0.588116522624237,"standard",9,"maturity_fixed_recruitment_slope","growth"
"growth_sd.log_growth_sd",4.5,7.10173463609701,0.727370774422079,5.70574778151779,7.07437748135788,8.69434735202647,FALSE,3.57690290507503,"standard",9,"maturity_fixed_recruitment_slope","growth"
"recruitment_50",0.000177489191913507,0.000140214478510464,1.54275536174047e-05,0.000112434113517641,0.000140157683687936,0.000173702729565996,FALSE,-2.41611303563979,"standard",9,"maturity_fixed_recruitment_slope","recruitment"
"recruitment_80",0.183939720585721,0.14531032408923,0.0159882405858804,0.116520331191864,0.145251465159997,0.180015646005738,FALSE,-2.41611303563979,"standard",9,"maturity_fixed_recruitment_slope","recruitment"
"recruitment_110",2.3850093400699,1.88413073075149,0.20730760603085,1.51083233852757,1.88336755086015,2.33412878803585,FALSE,-2.41611303563978,"standard",9,"maturity_fixed_recruitment_slope","recruitment"
"recruit_mean_50",44,42.6941335021148,1.50427603519678,39.804774547579,42.7802438719242,45.5500101451719,TRUE,-0.86810297267974,"standard",9,"maturity_fixed_recruitment_slope","recruit_size"
"recruit_mean_80",44.6,43.7847962537091,0.850587044499095,42.0646765981453,43.8201902928275,45.3047149177964,TRUE,-0.958401320080039,"standard",9,"maturity_fixed_recruitment_slope","recruit_size"
"recruit_mean_110",45.2,44.8754590053034,0.30837049947754,44.2705201380357,44.8825773945041,45.4703915211878,TRUE,-1.05243852847944,"standard",9,"maturity_fixed_recruitment_slope","recruit_size"
"recruit_sd.log_recruit_sd",3.5,2.67492038057492,0.25070541894684,2.19888128827296,2.66707650935298,3.17050572471135,FALSE,-3.29103225168031,"standard",9,"maturity_fixed_recruitment_slope","recruit_size"
"lambda",1.04584764197332,1.0123315460406,0.061052015873327,0.896255119773974,1.01607288688707,1.12687051896259,TRUE,-0.548976073161258,"standard",9,"maturity_fixed_recruitment_slope","lambda"
"survival_50",0.354343693774205,0.37470329417067,0.0219989877156135,0.331787523071025,0.373247483266101,0.418063658354085,TRUE,0.925478965653314,"dense_profiles",9,"ungated_weak","survival"
"survival_80",0.589040434058665,0.598641973275625,0.0248505097163618,0.550297715233257,0.599042347364589,0.646723909354774,TRUE,0.38637192261041,"dense_profiles",9,"ungated_weak","survival"
"survival_110",0.789181706522253,0.78672504306593,0.0307928437616785,0.72091154853461,0.78776160228451,0.843894593771196,TRUE,-0.0797803371242947,"dense_profiles",9,"ungated_weak","survival"
"growth_increment_50",12,10.8375532115611,0.884394315452042,9.18064219769859,10.8554386949919,12.4492680564238,TRUE,-1.31439875644697,"dense_profiles",9,"ungated_weak","growth"
"growth_increment_80",8.4,7.56425023025254,0.677273094018037,6.15487860396087,7.55767182551169,8.84456107424596,TRUE,-1.23399228040971,"dense_profiles",9,"ungated_weak","growth"
"growth_increment_110",4.8,4.29094724894401,0.685018998810764,2.89987530475195,4.33799339493986,5.59522802267427,TRUE,-0.743122091416066,"dense_profiles",9,"ungated_weak","growth"
"growth_sd.log_growth_sd",4.5,5.27257527992062,0.607810188936472,4.18505213500094,5.27537256361799,6.70567422259813,TRUE,1.27107984364732,"dense_profiles",9,"ungated_weak","growth"
"recruitment_50",0.000177489191913507,0.0597000335620048,0.0264574437299857,0.0231458076378286,0.054655673115039,0.12670658530253,FALSE,2.24974661110707,"dense_profiles",9,"ungated_weak","recruitment"
"recruitment_80",0.183939720585721,0.338947933332551,0.0755474041360845,0.213631137082929,0.332810564419428,0.512170487152328,FALSE,2.05180064781063,"dense_profiles",9,"ungated_weak","recruitment"
"recruitment_110",2.3850093400699,2.01391510868809,0.089604343179286,1.83987470166361,2.01210115654633,2.18670444570881,FALSE,-4.14147593983588,"dense_profiles",9,"ungated_weak","recruitment"
"recruit_mean_50",44,44.2333298947653,1.29234069754027,41.6075095522339,44.234363203401,46.600687172382,TRUE,0.180548283598449,"dense_profiles",9,"ungated_weak","recruit_size"
"recruit_mean_80",44.6,44.7922004680024,0.68156380638395,43.3693167102165,44.7745201351381,46.0567292587408,TRUE,0.281999229128786,"dense_profiles",9,"ungated_weak","recruit_size"
"recruit_mean_110",45.2,45.3510710412394,0.173162439229607,45.0239191916538,45.3539248218407,45.6652946995479,TRUE,0.872423846138381,"dense_profiles",9,"ungated_weak","recruit_size"
"recruit_sd.log_recruit_sd",3.5,3.29865120467996,0.134784690182154,3.046083084768,3.30615817361253,3.55986141586135,TRUE,-1.49385508879331,"dense_profiles",9,"ungated_weak","recruit_size"
"lambda",1.04584764197332,1.00554341084374,0.0285167203497379,0.95329124509572,1.00586928710112,1.06606112833779,TRUE,-1.41335436316934,"dense_profiles",9,"ungated_weak","lambda"
"survival_50",0.354343693774205,0.376524528589584,0.0219869991647794,0.336023046550782,0.376176413644709,0.419277513101186,TRUE,1.00881592113353,"dense_profiles",9,"maturity_weak","survival"
"survival_80",0.589040434058665,0.600730279365557,0.0229767158674414,0.554916934149465,0.601161446498532,0.644231892458941,TRUE,0.508769198101816,"dense_profiles",9,"maturity_weak","survival"
"survival_110",0.789181706522253,0.788547576603861,0.0281723063243449,0.731121703532188,0.789909916217241,0.834577654729748,TRUE,-0.0225089813766421,"dense_profiles",9,"maturity_weak","survival"
"growth_increment_50",12,10.7303815243631,0.924755482271708,9.12352139255099,10.681794378327,12.672720207179,TRUE,-1.3729234375751,"dense_profiles",9,"maturity_weak","growth"
"growth_increment_80",8.4,7.50788351835906,0.707556298912474,6.19871823639999,7.46790594288357,8.86648558837721,TRUE,-1.26084169275595,"dense_profiles",9,"maturity_weak","growth"
"growth_increment_110",4.8,4.28538551235503,0.715887361926556,2.99890085024992,4.25647696438152,5.65221434927143,TRUE,-0.718848404112168,"dense_profiles",9,"maturity_weak","growth"
"growth_sd.log_growth_sd",4.5,5.30273162956773,0.600961702378038,4.19208589172567,5.2714634408698,6.61669844071325,TRUE,1.33574506726682,"dense_profiles",9,"maturity_weak","growth"
"recruitment_50",0.000177489191913507,0.000559142695477458,0.00029238342504885,0.00019106316519512,0.000500216019539378,0.00127477945256773,FALSE,1.30531853336141,"dense_profiles",9,"maturity_weak","recruitment"
"recruitment_80",0.183939720585721,0.313495776710473,0.0863964467691866,0.180235276492351,0.302743139039154,0.49766196089266,TRUE,1.49955305998717,"dense_profiles",9,"maturity_weak","recruitment"
"recruitment_110",2.3850093400699,2.31236198775155,0.148121412766369,2.04828845885889,2.30290284788212,2.63222505399281,TRUE,-0.490458138101474,"dense_profiles",9,"maturity_weak","recruitment"
"recruit_mean_50",44,43.8177163119286,1.43144461974951,41.0661005314556,43.8113643863665,46.4400808958773,TRUE,-0.1273424661747,"dense_profiles",9,"maturity_weak","recruit_size"
"recruit_mean_80",44.6,44.5102726092378,0.79054609402947,42.9999736552775,44.5066036113848,45.9555158944743,TRUE,-0.113500517477575,"dense_profiles",9,"maturity_weak","recruit_size"
"recruit_mean_110",45.2,45.202828906547,0.203450561024206,44.815326070193,45.2054807314163,45.5703807111338,TRUE,0.0139046387130508,"dense_profiles",9,"maturity_weak","recruit_size"
"recruit_sd.log_recruit_sd",3.5,3.29763138798888,0.114896497881098,3.08916991162552,3.29122753500556,3.53825634058912,TRUE,-1.76131227446583,"dense_profiles",9,"maturity_weak","recruit_size"
"lambda",1.04584764197332,1.00506261011183,0.0286765270900138,0.945440577491591,1.00499196350509,1.06182567083041,TRUE,-1.42224446263883,"dense_profiles",9,"maturity_weak","lambda"
"survival_50",0.354343693774205,0.377995842536384,0.0214219559670119,0.338804564536529,0.376909264566695,0.420671194719856,TRUE,1.10410780409602,"dense_profiles",9,"maturity_shape_informed","survival"
"survival_80",0.589040434058665,0.601681403663217,0.0231021019506292,0.557085030244931,0.601346065856025,0.646889438052675,TRUE,0.547178331719178,"dense_profiles",9,"maturity_shape_informed","survival"
"survival_110",0.789181706522253,0.788697007446985,0.0291384075743341,0.728370321269012,0.791077111622498,0.840642326487333,TRUE,-0.016634370771002,"dense_profiles",9,"maturity_shape_informed","survival"
"growth_increment_50",12,10.6595784651333,0.917890777223044,9.03646187706143,10.6535975497477,12.5580335587349,TRUE,-1.46032792585842,"dense_profiles",9,"maturity_shape_informed","growth"
"growth_increment_80",8.4,7.46098851575037,0.70327409675534,6.14729432407286,7.45181568644921,8.97214357634234,TRUE,-1.33519987239954,"dense_profiles",9,"maturity_shape_informed","growth"
"growth_increment_110",4.8,4.26239856636744,0.708184853148428,2.86401057610133,4.22989849154495,5.75423378603759,TRUE,-0.75912585710144,"dense_profiles",9,"maturity_shape_informed","growth"
"growth_sd.log_growth_sd",4.5,5.3753742242601,0.599308498916513,4.33172766394122,5.33411559947523,6.58120904513571,TRUE,1.46064043116806,"dense_profiles",9,"maturity_shape_informed","growth"
"recruitment_50",0.000177489191913507,0.000352690594474504,0.00015044687795,0.000135744582396556,0.00032843775104476,0.000680482287636082,TRUE,1.16453996884684,"dense_profiles",9,"maturity_shape_informed","recruitment"
"recruitment_80",0.183939720585721,0.245343775030282,0.0581632739006409,0.14603718200784,0.241085134595273,0.370262661825449,TRUE,1.05571867480253,"dense_profiles",9,"maturity_shape_informed","recruitment"
"recruitment_110",2.3850093400699,2.20838089850203,0.147319293057349,1.92554523006507,2.2054011055877,2.53198943295502,TRUE,-1.19894983136466,"dense_profiles",9,"maturity_shape_informed","recruitment"
"recruit_mean_50",44,43.3655965823793,1.5432932783604,40.4139056840228,43.5339982695286,46.0791561480166,TRUE,-0.411071198531181,"dense_profiles",9,"maturity_shape_informed","recruit_size"
"recruit_mean_80",44.6,44.2428842319676,0.871409898624796,42.5379134106407,44.325323997054,45.7556003810682,TRUE,-0.409813761119693,"dense_profiles",9,"maturity_shape_informed","recruit_size"
"recruit_mean_110",45.2,45.1201718815561,0.242494523377736,44.6474656832691,45.1290740668472,45.5268357147604,TRUE,-0.329195551849992,"dense_profiles",9,"maturity_shape_informed","recruit_size"
"recruit_sd.log_recruit_sd",3.5,3.29012213763672,0.128077828499173,3.01372931125864,3.29966837915013,3.51856052841214,TRUE,-1.63867442806184,"dense_profiles",9,"maturity_shape_informed","recruit_size"
"lambda",1.04584764197332,1.01142755609664,0.028535363453267,0.955427470133745,1.01124041727924,1.06399469360798,TRUE,-1.20622559909033,"dense_profiles",9,"maturity_shape_informed","lambda"
"survival_50",0.354343693774205,0.381926939961896,0.0235822358722618,0.338151092589465,0.382375881363453,0.425185378835899,TRUE,1.16966204295056,"dense_profiles",9,"maturity_fixed_recruitment_slope","survival"
"survival_80",0.589040434058665,0.605636849242785,0.0252408816286675,0.553543563597555,0.606929231259578,0.657261537831171,TRUE,0.657521216108025,"dense_profiles",9,"maturity_fixed_recruitment_slope","survival"
"survival_110",0.789181706522253,0.791393163786931,0.0300518056535791,0.731814075343889,0.79551967828965,0.846102780515208,TRUE,0.0735881660546718,"dense_profiles",9,"maturity_fixed_recruitment_slope","survival"
"growth_increment_50",12,10.4099513713032,1.02526499204554,8.55980726652626,10.3706059975058,12.3403638751406,TRUE,-1.55086601125869,"dense_profiles",9,"maturity_fixed_recruitment_slope","growth"
"growth_increment_80",8.4,7.27396486637018,0.775838339710447,5.84353159089751,7.21543329320493,8.78636363707383,TRUE,-1.45137856173758,"dense_profiles",9,"maturity_fixed_recruitment_slope","growth"
"growth_increment_110",4.8,4.13797836143717,0.735723223276499,2.72039134870955,4.09995502000506,5.64030590348804,TRUE,-0.899824305687342,"dense_profiles",9,"maturity_fixed_recruitment_slope","growth"
"growth_sd.log_growth_sd",4.5,5.49712821756483,0.711595920900913,4.30284894090944,5.45751973095781,7.05547545059518,TRUE,1.40125623022462,"dense_profiles",9,"maturity_fixed_recruitment_slope","growth"
"recruitment_50",0.000177489191913507,0.000148385668345546,8.14760677654321e-06,0.000132990246572892,0.000147997327973415,0.000164086043469082,FALSE,-3.57203340393767,"dense_profiles",9,"maturity_fixed_recruitment_slope","recruitment"
"recruitment_80",0.183939720585721,0.1537784812706,0.00844371703855638,0.137823540304159,0.153376027359058,0.170049458574511,FALSE,-3.57203340393765,"dense_profiles",9,"maturity_fixed_recruitment_slope","recruitment"
"recruitment_110",2.3850093400699,1.99393101698893,0.10948338911105,1.78705518231845,1.98871269690603,2.20490465943179,FALSE,-3.57203340393766,"dense_profiles",9,"maturity_fixed_recruitment_slope","recruitment"
"recruit_mean_50",44,42.9431592309356,1.64109635840258,39.569268252644,43.0009603777314,46.0387199708289,TRUE,-0.643984592161973,"dense_profiles",9,"maturity_fixed_recruitment_slope","recruit_size"
"recruit_mean_80",44.6,43.9529192046969,0.942713722883346,42.0650242331406,43.9932081022827,45.8113946255817,TRUE,-0.686402223279328,"dense_profiles",9,"maturity_fixed_recruitment_slope","recruit_size"
"recruit_mean_110",45.2,44.9626791784582,0.27290780849628,44.4129699672905,44.9659376937864,45.4773283397691,TRUE,-0.869600700871925,"dense_profiles",9,"maturity_fixed_recruitment_slope","recruit_size"
"recruit_sd.log_recruit_sd",3.5,3.25048064333788,0.13343413543404,2.98948596617659,3.24739064741394,3.52238467582768,TRUE,-1.86998143953552,"dense_profiles",9,"maturity_fixed_recruitment_slope","recruit_size"
"lambda",1.04584764197332,1.0219593197464,0.0283420019953585,0.96962224667913,1.02179648217018,1.08387698558828,TRUE,-0.842859379899442,"dense_profiles",9,"maturity_fixed_recruitment_slope","lambda"
"survival_50",0.354343693774205,0.414273473779603,0.0175273024962185,0.379309562132664,0.413881917521621,0.447872066319557,FALSE,3.41922437969724,"rich_design",9,"ungated_weak","survival"
"survival_80",0.589040434058665,0.6218482227503,0.0202861248090566,0.585106690440454,0.621988927563402,0.660994518374118,TRUE,1.61725262958987,"rich_design",9,"ungated_weak","survival"
"survival_110",0.789181706522253,0.7918586279197,0.0258197714649173,0.743046731628514,0.791794621447092,0.839835015606013,TRUE,0.10367719176308,"rich_design",9,"ungated_weak","survival"
"growth_increment_50",12,9.78509434199478,0.69481752769352,8.4744968626705,9.80203098204891,11.1558224945246,FALSE,-3.18775156026606,"rich_design",9,"ungated_weak","growth"
"growth_increment_80",8.4,6.93488103419113,0.55822096587711,5.9194457759685,6.92801790463857,8.01404215425632,FALSE,-2.62462188876548,"rich_design",9,"ungated_weak","growth"
"growth_increment_110",4.8,4.0846677263875,0.649453162327506,2.80994371430652,4.06677444715135,5.33035464230524,TRUE,-1.10143781739224,"rich_design",9,"ungated_weak","growth"
"growth_sd.log_growth_sd",4.5,6.75815307609214,0.390162634640907,6.01418902607859,6.75457178107876,7.57298980248729,FALSE,5.78772254337085,"rich_design",9,"ungated_weak","growth"
"recruitment_50",0.000177489191913507,0.0359858477171772,0.00905712303482948,0.0221937023901106,0.0343224894614269,0.0570426667020362,FALSE,3.95361290638997,"rich_design",9,"ungated_weak","recruitment"
"recruitment_80",0.183939720585721,0.282408749053147,0.0387794714306858,0.218168997133103,0.277828195062639,0.36692428688386,FALSE,2.53920501839301,"rich_design",9,"ungated_weak","recruitment"
"recruitment_110",2.3850093400699,2.24394966291606,0.0921853411085684,2.06987951153134,2.23731201252983,2.42224793855435,TRUE,-1.53017470519219,"rich_design",9,"ungated_weak","recruitment"
"recruit_mean_50",44,44.7658093583648,0.801362484509285,43.1268524790244,44.8018607701587,46.233870198342,TRUE,0.955634152045142,"rich_design",9,"ungated_weak","recruit_size"
"recruit_mean_80",44.6,45.017525146203,0.442914690704623,44.1093585660508,45.032182729529,45.8288098873844,TRUE,0.942676219519227,"rich_design",9,"ungated_weak","recruit_size"
"recruit_mean_110",45.2,45.2692409340409,0.127313880477044,45.0244148392941,45.2739014338343,45.4955656776901,TRUE,0.54386005501905,"rich_design",9,"ungated_weak","recruit_size"
"recruit_sd.log_recruit_sd",3.5,3.26010437525153,0.0969022517655077,3.07478339258752,3.25943968281599,3.44194641943194,FALSE,-2.47564551264491,"rich_design",9,"ungated_weak","recruit_size"
"lambda",1.04584764197332,1.03407774828018,0.0266342711315178,0.97846668091192,1.03419398570085,1.08277967373109,TRUE,-0.44190785755023,"rich_design",9,"ungated_weak","lambda"
"survival_50",0.354343693774205,0.415803018674619,0.0190687896965568,0.378170703722223,0.415856378352498,0.456342539741926,FALSE,3.22303228880395,"rich_design",9,"maturity_weak","survival"
"survival_80",0.589040434058665,0.621676117796958,0.0200268800444149,0.588227554488174,0.621454127428168,0.660966682637356,TRUE,1.62959400894772,"rich_design",9,"maturity_weak","survival"
"survival_110",0.789181706522253,0.790610014781548,0.0256467636556712,0.742854512659374,0.791917789086342,0.836611143721737,TRUE,0.0556915593121938,"rich_design",9,"maturity_weak","survival"
"growth_increment_50",12,9.72591859142057,0.664650802266069,8.45109935166577,9.72429481667777,10.9418526694504,FALSE,-3.42146793598404,"rich_design",9,"maturity_weak","growth"
"growth_increment_80",8.4,6.89457432926885,0.519576420447437,5.92373603747934,6.87805499191103,7.90944431714333,FALSE,-2.89740952723516,"rich_design",9,"maturity_weak","growth"
"growth_increment_110",4.8,4.06323006711712,0.649343608262243,2.89243794176239,4.07606074112045,5.38771124562474,TRUE,-1.13463799983279,"rich_design",9,"maturity_weak","growth"
"growth_sd.log_growth_sd",4.5,6.77290361257027,0.380289070830953,6.0377320537825,6.78506217647897,7.51536941365321,FALSE,5.9767786847091,"rich_design",9,"maturity_weak","growth"
"recruitment_50",0.000177489191913507,0.000276446740876512,7.0967202478354e-05,0.000162662995072178,0.000265435075496942,0.000446613493851443,TRUE,1.3944124258412,"rich_design",9,"maturity_weak","recruitment"
"recruitment_80",0.183939720585721,0.230870891830092,0.0341795288535138,0.170402571234434,0.227419182935405,0.306272530676234,TRUE,1.37307835475168,"rich_design",9,"maturity_weak","recruitment"
"recruitment_110",2.3850093400699,2.44086716718724,0.120155989040557,2.20791625938785,2.44529898815052,2.67523584557956,TRUE,0.464877594228616,"rich_design",9,"maturity_weak","recruitment"
"recruit_mean_50",44,44.7178942822658,0.869621100365182,43.0647779716433,44.7019413949797,46.5232424348475,TRUE,0.825525371870922,"rich_design",9,"maturity_weak","recruit_size"
"recruit_mean_80",44.6,44.9711766501813,0.501573367365346,44.0062445462306,44.9576135231396,46.0171665209176,TRUE,0.740024639129107,"rich_design",9,"maturity_weak","recruit_size"
"recruit_mean_110",45.2,45.2244590180969,0.158270382907951,44.9018734445004,45.2145384425721,45.5566375547499,TRUE,0.15453945108052,"rich_design",9,"maturity_weak","recruit_size"
"recruit_sd.log_recruit_sd",3.5,3.2553394062417,0.097637728925921,3.07143627041751,3.25753452586164,3.42978653099016,FALSE,-2.50579971953187,"rich_design",9,"maturity_weak","recruit_size"
"lambda",1.04584764197332,1.03159701638068,0.0269848312486043,0.977309583232071,1.03157378624042,1.08013294088719,TRUE,-0.52809763608866,"rich_design",9,"maturity_weak","lambda"
"survival_50",0.354343693774205,0.414625165899123,0.0176599542645448,0.380079728131936,0.414966198679102,0.450026474810934,FALSE,3.41345573277861,"rich_design",9,"maturity_shape_informed","survival"
"survival_80",0.589040434058665,0.622548115372515,0.01952422969255,0.583443227299285,0.623488445118901,0.658052417959649,TRUE,1.71621015740433,"rich_design",9,"maturity_shape_informed","survival"
"survival_110",0.789181706522253,0.792615103770043,0.0253788290583677,0.744651211907812,0.79376601964439,0.840081520535602,TRUE,0.135285880995285,"rich_design",9,"maturity_shape_informed","survival"
"growth_increment_50",12,9.73943412993637,0.648730579705165,8.47190039457181,9.72059465364016,11.0552081233129,FALSE,-3.48459890867333,"rich_design",9,"maturity_shape_informed","growth"
"growth_increment_80",8.4,6.91059811138035,0.53186249960652,5.8568433429985,6.89754836841934,7.89534897758554,FALSE,-2.80035138728812,"rich_design",9,"maturity_shape_informed","growth"
"growth_increment_110",4.8,4.08176209282434,0.623956123298482,2.84908442584485,4.08086670196754,5.2872305615534,TRUE,-1.15110322722497,"rich_design",9,"maturity_shape_informed","growth"
"growth_sd.log_growth_sd",4.5,6.79998888861218,0.37383511671906,6.11001425072001,6.79180987108055,7.5131697359188,FALSE,6.15241529152715,"rich_design",9,"maturity_shape_informed","growth"
"recruitment_50",0.000177489191913507,0.000255890002830785,6.35658499294053e-05,0.000152428374843217,0.000248415745034113,0.00039043116195396,TRUE,1.23337941684643,"rich_design",9,"maturity_shape_informed","recruitment"
"recruitment_80",0.183939720585721,0.221038542887885,0.0316620081585723,0.165526340093795,0.217136967727328,0.283257001313269,TRUE,1.17171412869211,"rich_design",9,"maturity_shape_informed","recruitment"
"recruitment_110",2.3850093400699,2.41490353502743,0.117217971241925,2.20969465140175,2.40556780755123,2.65713448215715,TRUE,0.255030816868791,"rich_design",9,"maturity_shape_informed","recruitment"
"recruit_mean_50",44,44.6959784166622,0.87245038281271,43.0557642363976,44.7103290361053,46.4094913192825,TRUE,0.797728364125885,"rich_design",9,"maturity_shape_informed","recruit_size"
"recruit_mean_80",44.6,44.9627515462329,0.502996437585979,43.9922548539651,44.965042039725,45.9438258758211,TRUE,0.721181143893974,"rich_design",9,"maturity_shape_informed","recruit_size"
"recruit_mean_110",45.2,45.2295246758036,0.160504157463075,44.8982464791938,45.2271113141257,45.5385709062162,TRUE,0.183949601494855,"rich_design",9,"maturity_shape_informed","recruit_size"
"recruit_sd.log_recruit_sd",3.5,3.25490234468257,0.095233397386968,3.07448268051207,3.25029607447401,3.45993303310023,FALSE,-2.5736523325059,"rich_design",9,"maturity_shape_informed","recruit_size"
"lambda",1.04584764197332,1.03520535452164,0.025499442166455,0.98333196955372,1.03479301727898,1.08882340994977,TRUE,-0.417353735905589,"rich_design",9,"maturity_shape_informed","lambda"
"survival_50",0.354343693774205,0.420265870463807,0.0192659039492957,0.380990674235091,0.422604535697615,0.454271892229544,FALSE,3.4217017204642,"rich_design",9,"maturity_fixed_recruitment_slope","survival"
"survival_80",0.589040434058665,0.625350815976774,0.0204181079573801,0.587713266405485,0.62354352995979,0.66062237625597,TRUE,1.77834214580025,"rich_design",9,"maturity_fixed_recruitment_slope","survival"
"survival_110",0.789181706522253,0.792750620801952,0.0256656159609711,0.739837144575664,0.792160497914311,0.838200482961326,TRUE,0.139054300708227,"rich_design",9,"maturity_fixed_recruitment_slope","survival"
"growth_increment_50",12,9.53375285967673,0.697736406330252,8.21675473003946,9.50980677418951,10.9668911623546,FALSE,-3.53464018495825,"rich_design",9,"maturity_fixed_recruitment_slope","growth"
"growth_increment_80",8.4,6.7943145869396,0.54382367653008,5.71293882023404,6.79355166705184,7.75859648842197,FALSE,-2.95258460114431,"rich_design",9,"maturity_fixed_recruitment_slope","growth"
"growth_increment_110",4.8,4.05487631420246,0.630874312006373,2.67067560206577,4.07037664194389,5.29798116446474,TRUE,-1.18109688668067,"rich_design",9,"maturity_fixed_recruitment_slope","growth"
"growth_sd.log_growth_sd",4.5,6.85329330552532,0.378695653399598,6.17771111895633,6.84577705774758,7.62980527459356,FALSE,6.21420733087245,"rich_design",9,"maturity_fixed_recruitment_slope","growth"
"recruitment_50",0.000177489191913507,0.000168671466867389,6.62283844540318e-06,0.000156120821057803,0.000168527987883782,0.0001813272672095,TRUE,-1.33141176835421,"rich_design",9,"maturity_fixed_recruitment_slope","recruitment"
"recruitment_80",0.183939720585721,0.174801531022183,0.00686353371717123,0.161794754336251,0.174652837550372,0.187917283894905,TRUE,-1.3314117683542,"rich_design",9,"maturity_fixed_recruitment_slope","recruitment"
"recruitment_110",2.3850093400699,2.26652124304025,0.0889943290617829,2.09787205850648,2.2645932455531,2.43658344061173,TRUE,-1.33141176835425,"rich_design",9,"maturity_fixed_recruitment_slope","recruitment"
"recruit_mean_50",44,44.4058458446463,0.909134653398332,42.5122978153458,44.4454889277543,46.0257165807051,TRUE,0.446408948475624,"rich_design",9,"maturity_fixed_recruitment_slope","recruit_size"
"recruit_mean_80",44.6,44.7810213630422,0.530722910151572,43.6501991327838,44.7974966589456,45.784659270176,TRUE,0.34108450865723,"rich_design",9,"maturity_fixed_recruitment_slope","recruit_size"
"recruit_mean_110",45.2,45.1561968814381,0.176208052758313,44.787502690111,45.1578267100196,45.483313572943,TRUE,-0.248587495725814,"rich_design",9,"maturity_fixed_recruitment_slope","recruit_size"
"recruit_sd.log_recruit_sd",3.5,3.22311876814655,0.106543188736214,3.02202947452145,3.21610132794748,3.42433205374112,FALSE,-2.59876989920932,"rich_design",9,"maturity_fixed_recruitment_slope","recruit_size"
"lambda",1.04584764197332,1.04099122612158,0.0270747283098101,0.990810619892306,1.04108920985825,1.09955757478922,TRUE,-0.179370806464509,"rich_design",9,"maturity_fixed_recruitment_slope","lambda"
"survival_50",0.354343693774205,0.462087313167754,0.0331100873550733,0.399716080108397,0.460485694223654,0.527163912918946,FALSE,3.25410254095993,"standard",10,"ungated_weak","survival"
"survival_80",0.589040434058665,0.606409238349051,0.0394911610395168,0.524854984453085,0.607708297289325,0.679958274554761,TRUE,0.439814982218582,"standard",10,"ungated_weak","survival"
"survival_110",0.789181706522253,0.731143088741569,0.0615050488909961,0.591754936302985,0.737248367274375,0.832977628968435,TRUE,-0.943639893426386,"standard",10,"ungated_weak","survival"
"growth_increment_50",12,9.87499688348569,1.12920450354691,7.84757108729495,9.85799967129158,12.0972535879945,TRUE,-1.88185852061298,"standard",10,"ungated_weak","growth"
"growth_increment_80",8.4,7.97580543438946,1.06493045674955,5.77766573946823,8.008943715643,9.86787941989514,TRUE,-0.39833076697355,"standard",10,"ungated_weak","growth"
"growth_increment_110",4.8,6.07661398529324,1.50058872896578,3.243932803719,6.10842821546584,8.88682989044069,TRUE,0.850742085856591,"standard",10,"ungated_weak","growth"
"growth_sd.log_growth_sd",4.5,7.54980704063521,0.624494376274241,6.37293588544622,7.52521479346266,8.80869844499174,FALSE,4.88364212153595,"standard",10,"ungated_weak","growth"
"recruitment_50",0.000177489191913507,0.0566373798713373,0.0201411049599781,0.0285129142735984,0.053912596096841,0.108704283538798,FALSE,2.80321714184072,"standard",10,"ungated_weak","recruitment"
"recruitment_80",0.183939720585721,0.328594167299306,0.0623437467363096,0.221334408050241,0.321426380001352,0.476256523170562,FALSE,2.32027194845087,"standard",10,"ungated_weak","recruitment"
"recruitment_110",2.3850093400699,1.95546549285025,0.124245579676243,1.72545208652315,1.95479029329932,2.21858896976059,FALSE,-3.45721633187235,"standard",10,"ungated_weak","recruitment"
"recruit_mean_50",44,44.2007028466236,1.1054774566312,42.1332682067923,44.2019602288896,46.2532529552848,TRUE,0.181553088595022,"standard",10,"ungated_weak","recruit_size"
"recruit_mean_80",44.6,44.5063815519111,0.614938055356957,43.3051320006346,44.5158208609907,45.6174000037787,TRUE,-0.152240452958428,"standard",10,"ungated_weak","recruit_size"
"recruit_mean_110",45.2,44.8120602571986,0.228019309442028,44.3615816037831,44.8119091297915,45.2258471493277,TRUE,-1.7013460121018,"standard",10,"ungated_weak","recruit_size"
"recruit_sd.log_recruit_sd",3.5,3.2427732186802,0.18826199758315,2.90529387079486,3.23460272484192,3.64814855435876,TRUE,-1.36632344616543,"standard",10,"ungated_weak","recruit_size"
"lambda",1.04584764197332,1.02660447370482,0.0571161710883644,0.921681021941344,1.03062504600727,1.12420072286245,TRUE,-0.336912784975203,"standard",10,"ungated_weak","lambda"
"survival_50",0.354343693774205,0.461009758094794,0.0339048900118549,0.398515138038804,0.460941799714049,0.529372286253896,FALSE,3.14603776279154,"standard",10,"maturity_weak","survival"
"survival_80",0.589040434058665,0.604613171686867,0.0373025969842886,0.538912393361048,0.60550268160585,0.671809967118769,TRUE,0.41747060224147,"standard",10,"maturity_weak","survival"
"survival_110",0.789181706522253,0.729355811215439,0.0577220537308039,0.619573724386521,0.733225621907606,0.828425209753102,TRUE,-1.03644779490732,"standard",10,"maturity_weak","survival"
"growth_increment_50",12,9.82466763083673,1.13387437445923,7.68644605651114,9.78328992816801,11.9590139401139,FALSE,-1.91849504509769,"standard",10,"maturity_weak","growth"
"growth_increment_80",8.4,7.97552901547127,1.0287930825941,5.81977726212517,8.00043322100733,9.96301588558887,TRUE,-0.41259121169286,"standard",10,"maturity_weak","growth"
"growth_increment_110",4.8,6.1263904001058,1.48343356787581,3.3001882832285,6.12937527470048,9.21483747502547,TRUE,0.894135355184872,"standard",10,"maturity_weak","growth"
"growth_sd.log_growth_sd",4.5,7.55042878892907,0.688885932491429,6.2878871826246,7.51955167091017,8.92690228966814,FALSE,4.42806079360174,"standard",10,"maturity_weak","growth"
"recruitment_50",0.000177489191913507,0.000538254439473239,0.000196703499268093,0.000268946562970401,0.000501697439375531,0.00103371067475773,FALSE,1.83405607374597,"standard",10,"maturity_weak","recruitment"
"recruitment_80",0.183939720585721,0.308637347932898,0.064243395724564,0.207722639711065,0.30107647320437,0.4558150795209,FALSE,1.94101862052566,"standard",10,"maturity_weak","recruitment"
"recruitment_110",2.3850093400699,2.26620830218518,0.176329562156479,1.92023800415552,2.26512438826244,2.59950905393653,TRUE,-0.673744302610446,"standard",10,"maturity_weak","recruitment"
"recruit_mean_50",44,44.2629942172495,1.18241786671959,42.0026743634247,44.2663244963273,46.6968013031119,TRUE,0.22242070646237,"standard",10,"maturity_weak","recruit_size"
"recruit_mean_80",44.6,44.5156271043434,0.682752564837522,43.1396721263239,44.5101878419385,45.8877176395542,TRUE,-0.123577559429099,"standard",10,"maturity_weak","recruit_size"
"recruit_mean_110",45.2,44.7682599914373,0.250242256942694,44.2639673625076,44.7518788894181,45.2374415015023,TRUE,-1.72528818208981,"standard",10,"maturity_weak","recruit_size"
"recruit_sd.log_recruit_sd",3.5,3.23586658483816,0.181156759600918,2.90708792425803,3.2340159792127,3.61498378303215,TRUE,-1.45803786589978,"standard",10,"maturity_weak","recruit_size"
"lambda",1.04584764197332,1.01989744502955,0.0564135524546614,0.897314072063787,1.02158709203374,1.12178183010638,TRUE,-0.459999340843254,"standard",10,"maturity_weak","lambda"
"survival_50",0.354343693774205,0.466696705585265,0.0338157833011268,0.403604590211091,0.466459807516201,0.534967741773769,FALSE,3.32250212306385,"standard",10,"maturity_shape_informed","survival"
"survival_80",0.589040434058665,0.61217366761411,0.0378891127591437,0.532817326185807,0.613282385588353,0.68416635532336,TRUE,0.610550943815956,"standard",10,"maturity_shape_informed","survival"
"survival_110",0.789181706522253,0.737334132785109,0.0575447021911184,0.601956662434453,0.74001457695499,0.827751071220252,TRUE,-0.900996473401614,"standard",10,"maturity_shape_informed","survival"
"growth_increment_50",12,9.70298720485267,1.22165324521483,7.36813741286218,9.63789963683313,12.2657181082316,TRUE,-1.88024941131589,"standard",10,"maturity_shape_informed","growth"
"growth_increment_80",8.4,7.87488046934606,1.0831187301302,5.89459361471119,7.7987106619647,10.0955062312731,TRUE,-0.484821761498682,"standard",10,"maturity_shape_informed","growth"
"growth_increment_110",4.8,6.04677373383947,1.46893066990924,3.37323989367405,5.94455817217487,8.87338590657816,TRUE,0.848762817319688,"standard",10,"maturity_shape_informed","growth"
"growth_sd.log_growth_sd",4.5,7.58497653609917,0.655060989255192,6.45931669390584,7.5104499302377,8.93575827281988,FALSE,4.70944932869046,"standard",10,"maturity_shape_informed","growth"
"recruitment_50",0.000177489191913507,0.000387010881522169,0.000132952532595569,0.000189094662410193,0.000371252146071761,0.000667296427330382,FALSE,1.57591348971148,"standard",10,"maturity_shape_informed","recruitment"
"recruitment_80",0.183939720585721,0.256397138688608,0.0514511843834273,0.171826381676811,0.255339959514259,0.361350595218294,TRUE,1.40827502750793,"standard",10,"maturity_shape_informed","recruitment"
"recruitment_110",2.3850093400699,2.16796586296632,0.174965131196507,1.85483490973299,2.16543264250334,2.53416360293742,TRUE,-1.24049560972132,"standard",10,"maturity_shape_informed","recruitment"
"recruit_mean_50",44,44.0680612700468,1.26803631639443,41.8138708902002,44.012912365776,46.6671552792893,TRUE,0.0536745432026484,"standard",10,"maturity_shape_informed","recruit_size"
"recruit_mean_80",44.6,44.3976301964799,0.739333289497854,43.111821583436,44.3731078469922,45.9209081596849,TRUE,-0.273719317653858,"standard",10,"maturity_shape_informed","recruit_size"
"recruit_mean_110",45.2,44.7271991229129,0.265155107945245,44.2346360491203,44.7267662161613,45.220928764694,TRUE,-1.78311057535712,"standard",10,"maturity_shape_informed","recruit_size"
"recruit_sd.log_recruit_sd",3.5,3.2030811025873,0.181342896686593,2.84801090029298,3.1913884333926,3.55790674920304,TRUE,-1.63733403865193,"standard",10,"maturity_shape_informed","recruit_size"
"lambda",1.04584764197332,1.03367979250274,0.0561935370545802,0.912018844399444,1.03652683024187,1.1356970100184,TRUE,-0.216534678334257,"standard",10,"maturity_shape_informed","lambda"
"survival_50",0.354343693774205,0.482933923000891,0.0380333297946621,0.411881571662176,0.483570416636669,0.553541362574511,FALSE,3.38098793665796,"standard",10,"maturity_fixed_recruitment_slope","survival"
"survival_80",0.589040434058665,0.621625626360881,0.0390272420294967,0.542227799479033,0.626415524334569,0.691447651734644,TRUE,0.834934538228145,"standard",10,"maturity_fixed_recruitment_slope","survival"
"survival_110",0.789181706522253,0.739888792552005,0.0591096582389962,0.61787573115242,0.746692238046382,0.837856348257122,TRUE,-0.833923176665029,"standard",10,"maturity_fixed_recruitment_slope","survival"
"growth_increment_50",12,9.11958261734555,1.21239117737762,6.74640366742519,9.18310236558213,11.5320657066951,FALSE,-2.37581519595412,"standard",10,"maturity_fixed_recruitment_slope","growth"
"growth_increment_80",8.4,7.45405569978593,1.10318208447356,5.48761031743868,7.47424205918595,9.59589707641802,TRUE,-0.857468874383934,"standard",10,"maturity_fixed_recruitment_slope","growth"
"growth_increment_110",4.8,5.78852878222631,1.55492348424699,2.8656681822127,5.73548887348165,8.81176469568004,TRUE,0.635741110248286,"standard",10,"maturity_fixed_recruitment_slope","growth"
"growth_sd.log_growth_sd",4.5,7.81006764469492,0.690562658590409,6.54874255700824,7.76769062610259,9.3268024687388,FALSE,4.79329080934017,"standard",10,"maturity_fixed_recruitment_slope","growth"
"recruitment_50",0.000177489191913507,0.000137117409916768,1.06938950184427e-05,0.000117086599797646,0.000136777775528364,0.000157925923215966,FALSE,-3.7752177225524,"standard",10,"maturity_fixed_recruitment_slope","recruitment"
"recruitment_80",0.183939720585721,0.142100698051624,0.0110825455931082,0.121341903802269,0.14174872025607,0.163665459718487,FALSE,-3.7752177225524,"standard",10,"maturity_fixed_recruitment_slope","recruitment"
"recruitment_110",2.3850093400699,1.84251390077345,0.143699113313569,1.57335007897549,1.8379500668869,2.12212810170881,FALSE,-3.77521772255241,"standard",10,"maturity_fixed_recruitment_slope","recruitment"
"recruit_mean_50",44,43.7349181202519,1.32385962025609,41.0547185461873,43.725589445087,46.2820072169977,TRUE,-0.200234130335389,"standard",10,"maturity_fixed_recruitment_slope","recruit_size"
"recruit_mean_80",44.6,44.1852529850188,0.787365277747,42.6422410215145,44.182394768292,45.7231145080106,TRUE,-0.52675299089634,"standard",10,"maturity_fixed_recruitment_slope","recruit_size"
"recruit_mean_110",45.2,44.6355878497857,0.303351838477879,44.042384893017,44.6495171094605,45.2337802928063,TRUE,-1.86058588946202,"standard",10,"maturity_fixed_recruitment_slope","recruit_size"
"recruit_sd.log_recruit_sd",3.5,3.12342082264053,0.205031214212541,2.74777381426192,3.1141518032684,3.56595477538371,TRUE,-1.83669193398569,"standard",10,"maturity_fixed_recruitment_slope","recruit_size"
"lambda",1.04584764197332,1.05072218362153,0.063860049398301,0.918297687826,1.05550130634097,1.16354511635711,TRUE,0.076331629776994,"standard",10,"maturity_fixed_recruitment_slope","lambda"
"survival_50",0.354343693774205,0.335553365761107,0.0173837243303901,0.301733754071134,0.336006450469998,0.370700807812699,TRUE,-1.08091497863026,"dense_profiles",10,"ungated_weak","survival"
"survival_80",0.589040434058665,0.569587467710294,0.0204970960017668,0.532426977559548,0.569652625028985,0.611336858687541,TRUE,-0.949059630041965,"dense_profiles",10,"ungated_weak","survival"
"survival_110",0.789181706522253,0.775262154490176,0.028244873840921,0.71529385376894,0.776102286437412,0.830315750486983,TRUE,-0.492816930621582,"dense_profiles",10,"ungated_weak","survival"
"growth_increment_50",12,12.462910367681,0.616558259545425,11.1610314527879,12.4621371375854,13.6470539272203,TRUE,0.750797447790658,"dense_profiles",10,"ungated_weak","growth"
"growth_increment_80",8.4,8.82041271480031,0.460156751154806,7.95809521063193,8.84531388777041,9.71164251632443,TRUE,0.91362935292212,"dense_profiles",10,"ungated_weak","growth"
"growth_increment_110",4.8,5.17791506191966,0.547961122492679,4.17619763847445,5.1771600974513,6.32648323675902,TRUE,0.689674953946588,"dense_profiles",10,"ungated_weak","growth"
"growth_sd.log_growth_sd",4.5,4.35058933103195,0.414873170585547,3.56485349442091,4.33691639319078,5.19422889547992,TRUE,-0.360135770546875,"dense_profiles",10,"ungated_weak","growth"
"recruitment_50",0.000177489191913507,0.0216142966233112,0.00645005333067301,0.0106563609468033,0.0210264719291472,0.0354643811265315,FALSE,3.3235085560387,"dense_profiles",10,"ungated_weak","recruitment"
"recruitment_80",0.183939720585721,0.22180217424991,0.0379499881341436,0.15289914925059,0.221031781785293,0.300842038128983,TRUE,0.997693425630461,"dense_profiles",10,"ungated_weak","recruitment"
"recruitment_110",2.3850093400699,2.31462557483528,0.115252747714781,2.09216717330846,2.31289446938795,2.55308088920533,TRUE,-0.610690561658457,"dense_profiles",10,"ungated_weak","recruitment"
"recruit_mean_50",44,44.1217296643768,1.21930371728826,41.7653340724764,44.0674016949527,46.6678911116093,TRUE,0.099835391831244,"dense_profiles",10,"ungated_weak","recruit_size"
"recruit_mean_80",44.6,44.7779199909185,0.699735949051366,43.4466291862133,44.7449466957896,46.2376773972123,TRUE,0.254267329211402,"dense_profiles",10,"ungated_weak","recruit_size"
"recruit_mean_110",45.2,45.4341103174603,0.209123522642422,45.0518888506096,45.421297575444,45.8475120709962,TRUE,1.11948342540381,"dense_profiles",10,"ungated_weak","recruit_size"
"recruit_sd.log_recruit_sd",3.5,3.66213449588574,0.104877623015057,3.45742354350017,3.66864689182297,3.8591714276113,TRUE,1.54593984135643,"dense_profiles",10,"ungated_weak","recruit_size"
"lambda",1.04584764197332,1.05165328724596,0.0308819033757389,0.990323995058433,1.05138954803571,1.11014761659327,TRUE,0.187995059825444,"dense_profiles",10,"ungated_weak","lambda"
"survival_50",0.354343693774205,0.334719510199328,0.0164267293331599,0.303022864327642,0.334281850405466,0.366804422597963,TRUE,-1.19464947506393,"dense_profiles",10,"maturity_weak","survival"
"survival_80",0.589040434058665,0.571688870855354,0.0207613661488993,0.53349596311893,0.571180164941879,0.615937096575738,TRUE,-0.835762111166819,"dense_profiles",10,"maturity_weak","survival"
"survival_110",0.789181706522253,0.77889196878508,0.0274341732081452,0.727077528210552,0.781317806866219,0.828880378745214,TRUE,-0.375070087190295,"dense_profiles",10,"maturity_weak","survival"
"growth_increment_50",12,12.3988238648322,0.601473496055025,11.20170637863,12.3847339170763,13.5043917196539,TRUE,0.663078036601759,"dense_profiles",10,"maturity_weak","growth"
"growth_increment_80",8.4,8.75857325469111,0.485896854675743,7.78352652605782,8.77599694266652,9.7266601213839,TRUE,0.737961670755001,"dense_profiles",10,"maturity_weak","growth"
"growth_increment_110",4.8,5.11832264455006,0.570239853867792,4.07296723720565,5.09836536407931,6.17790141896084,TRUE,0.558225880550019,"dense_profiles",10,"maturity_weak","growth"
"growth_sd.log_growth_sd",4.5,4.35276174444458,0.445881082087951,3.57500953137192,4.30653094004161,5.25388721236318,TRUE,-0.330218664729922,"dense_profiles",10,"maturity_weak","growth"
"recruitment_50",0.000177489191913507,0.000192108768544886,6.70687205659753e-05,9.29751527115789e-05,0.000182752598184351,0.000362247963745165,TRUE,0.217979059508039,"dense_profiles",10,"maturity_weak","recruitment"
"recruitment_80",0.183939720585721,0.194098021068068,0.0389658980801652,0.129862365611039,0.191661587210463,0.284764661706322,TRUE,0.260697198905776,"dense_profiles",10,"maturity_weak","recruitment"
"recruitment_110",2.3850093400699,2.50538231278465,0.149901023940685,2.22644326884424,2.50966033053384,2.82469855359606,TRUE,0.803016347389166,"dense_profiles",10,"maturity_weak","recruitment"
"recruit_mean_50",44,44.0900757397878,1.26896814063088,41.5530607413071,44.1920170654033,46.5596926547666,TRUE,0.0709834525420084,"dense_profiles",10,"maturity_weak","recruit_size"
"recruit_mean_80",44.6,44.7451945747386,0.735798295601253,43.2535912528041,44.7899972231779,46.167568817013,TRUE,0.197329316480586,"dense_profiles",10,"maturity_weak","recruit_size"
"recruit_mean_110",45.2,45.4003134096894,0.232672594623147,44.9250620043334,45.4086602327937,45.8238067919427,TRUE,0.860923952018772,"dense_profiles",10,"maturity_weak","recruit_size"
"recruit_sd.log_recruit_sd",3.5,3.67138586984257,0.0965912813055628,3.47782240547439,3.66685321844407,3.87002780379571,TRUE,1.77434099150625,"dense_profiles",10,"maturity_weak","recruit_size"
"lambda",1.04584764197332,1.04909164945261,0.0309762988075066,0.987529966568174,1.05028902524342,1.10573905716252,TRUE,0.104725470897904,"dense_profiles",10,"maturity_weak","lambda"
"survival_50",0.354343693774205,0.334498048562735,0.0158896002652201,0.304869299972601,0.334102579062751,0.364926256891636,TRUE,-1.24897070286333,"dense_profiles",10,"maturity_shape_informed","survival"
"survival_80",0.589040434058665,0.57064755954133,0.0210428036815,0.529218253894397,0.570395112741064,0.613381425412924,TRUE,-0.874069577216349,"dense_profiles",10,"maturity_shape_informed","survival"
"survival_110",0.789181706522253,0.777585741112528,0.0277844916539807,0.717397680719416,0.778496715489576,0.827131874288142,TRUE,-0.417353880507767,"dense_profiles",10,"maturity_shape_informed","survival"
"growth_increment_50",12,12.4265489508717,0.626467531048197,11.2658951601816,12.418343770532,13.6114079138567,TRUE,0.680879582311334,"dense_profiles",10,"maturity_shape_informed","growth"
"growth_increment_80",8.4,8.78491971822797,0.504861608294765,7.82577579349957,8.76448945316484,9.80432061872538,TRUE,0.76242620136652,"dense_profiles",10,"maturity_shape_informed","growth"
"growth_increment_110",4.8,5.14329048558423,0.570358899390201,4.08808427097976,5.10566360798466,6.19875890527303,TRUE,0.601885034057071,"dense_profiles",10,"maturity_shape_informed","growth"
"growth_sd.log_growth_sd",4.5,4.33596638175684,0.444443944956445,3.54624399505393,4.31447093029127,5.26701704418563,TRUE,-0.369076055832494,"dense_profiles",10,"maturity_shape_informed","growth"
"recruitment_50",0.000177489191913507,0.00019095014148157,6.40744294719772e-05,9.35247945266961e-05,0.000182454817087457,0.000333525201306983,TRUE,0.210083018748533,"dense_profiles",10,"maturity_shape_informed","recruitment"
"recruitment_80",0.183939720585721,0.193599442915659,0.0377562822194165,0.129629436500738,0.191333021325389,0.269155746183096,TRUE,0.255844107579262,"dense_profiles",10,"maturity_shape_informed","recruitment"
"recruitment_110",2.3850093400699,2.5034521514587,0.151596087228509,2.2287947382594,2.50074375709441,2.78600978537862,TRUE,0.781305200907109,"dense_profiles",10,"maturity_shape_informed","recruitment"
"recruit_mean_50",44,43.954773626485,1.30513640383486,41.5577598136007,44.0209523773337,46.199826326093,TRUE,-0.0346526028866391,"dense_profiles",10,"maturity_shape_informed","recruit_size"
"recruit_mean_80",44.6,44.6650898365801,0.762649936740584,43.2753347950542,44.719549306748,46.0002741497886,TRUE,0.0853469376242107,"dense_profiles",10,"maturity_shape_informed","recruit_size"
"recruit_mean_110",45.2,45.3754060466753,0.24470270499698,44.9139316535498,45.379971262348,45.818650179649,TRUE,0.716812863500716,"dense_profiles",10,"maturity_shape_informed","recruit_size"
"recruit_sd.log_recruit_sd",3.5,3.6662656547278,0.100157674343049,3.47141313449563,3.66972072138541,3.87527769339826,TRUE,1.66003909154609,"dense_profiles",10,"maturity_shape_informed","recruit_size"
"lambda",1.04584764197332,1.0489011798645,0.0289526877373003,0.989079521154507,1.04817945715158,1.10906146003286,TRUE,0.105466474093506,"dense_profiles",10,"maturity_shape_informed","lambda"
"survival_50",0.354343693774205,0.335619209866139,0.0153510908623219,0.307404478673142,0.335442281038871,0.366211571838098,TRUE,-1.21974940256676,"dense_profiles",10,"maturity_fixed_recruitment_slope","survival"
"survival_80",0.589040434058665,0.572047125393541,0.0194935656800607,0.534740752895079,0.572396970733944,0.609119221396966,TRUE,-0.87173937000688,"dense_profiles",10,"maturity_fixed_recruitment_slope","survival"
"survival_110",0.789181706522253,0.778826550664912,0.0256007147665207,0.722956253609909,0.778929416387537,0.82279908204985,TRUE,-0.40448698217139,"dense_profiles",10,"maturity_fixed_recruitment_slope","survival"
"growth_increment_50",12,12.423905412951,0.576109617074855,11.2190024198875,12.4709764427322,13.4781184156062,TRUE,0.735806867976433,"dense_profiles",10,"maturity_fixed_recruitment_slope","growth"
"growth_increment_80",8.4,8.79400978944151,0.482348494782621,7.79862040399414,8.80652962146143,9.64168477170792,TRUE,0.816857093374112,"dense_profiles",10,"maturity_fixed_recruitment_slope","growth"
"growth_increment_110",4.8,5.16411416593206,0.575310243926812,4.04234556269135,5.18542927770009,6.28889105055483,TRUE,0.632900543273454,"dense_profiles",10,"maturity_fixed_recruitment_slope","growth"
"growth_sd.log_growth_sd",4.5,4.36110673332019,0.44675306680183,3.58381256302423,4.32980080355704,5.39193165140945,TRUE,-0.31089493727286,"dense_profiles",10,"maturity_fixed_recruitment_slope","growth"
"recruitment_50",0.000177489191913507,0.00018710730422059,5.49371771084674e-06,0.00017607958708637,0.00018703009896413,0.000198235458265305,TRUE,1.75074745615207,"dense_profiles",10,"maturity_fixed_recruitment_slope","recruitment"
"recruitment_80",0.183939720585721,0.193907386060185,0.00569337709984285,0.18247888618085,0.193827374916139,0.205439973050706,TRUE,1.75074745615206,"dense_profiles",10,"maturity_fixed_recruitment_slope","recruitment"
"recruitment_110",2.3850093400699,2.51425263335963,0.0738217798549782,2.36606778851802,2.5132151884551,2.66378709823744,TRUE,1.75074745615211,"dense_profiles",10,"maturity_fixed_recruitment_slope","recruitment"
"recruit_mean_50",44,44.0366575746413,1.17149943573282,41.6830060633542,43.9530405970742,46.2343240116433,TRUE,0.0312911585982794,"dense_profiles",10,"maturity_fixed_recruitment_slope","recruit_size"
"recruit_mean_80",44.6,44.7156720332306,0.682450926542514,43.371826439954,44.6618395831347,46.0105218786644,TRUE,0.169495019688219,"dense_profiles",10,"maturity_fixed_recruitment_slope","recruit_size"
"recruit_mean_110",45.2,45.3946864918198,0.218036100047974,44.967772274096,45.389191117231,45.7846938525052,TRUE,0.892909439202864,"dense_profiles",10,"maturity_fixed_recruitment_slope","recruit_size"
"recruit_sd.log_recruit_sd",3.5,3.66334451226096,0.100399832362565,3.46912731752017,3.66595648566579,3.85652809862102,TRUE,1.62694008961175,"dense_profiles",10,"maturity_fixed_recruitment_slope","recruit_size"
"lambda",1.04584764197332,1.05074237888108,0.0294431743653754,0.989031734548201,1.05167353238673,1.10842598472799,TRUE,0.166243518685109,"dense_profiles",10,"maturity_fixed_recruitment_slope","lambda"
"survival_50",0.354343693774205,0.408241326478988,0.0197229002271282,0.371283448809352,0.4081608367204,0.45164959463259,FALSE,2.73274376912625,"rich_design",10,"ungated_weak","survival"
"survival_80",0.589040434058665,0.613452991274408,0.0199636876740818,0.573056065644396,0.61438280970145,0.651273689716924,TRUE,1.22284808369532,"rich_design",10,"ungated_weak","survival"
"survival_110",0.789181706522253,0.784343341994345,0.0244840527593877,0.735668570909989,0.784999693749421,0.830428828626022,TRUE,-0.197612894215497,"rich_design",10,"ungated_weak","survival"
"growth_increment_50",12,10.1913915967049,0.706536619518446,8.86093365448304,10.2112765966233,11.4625631340156,FALSE,-2.55982259564661,"rich_design",10,"ungated_weak","growth"
"growth_increment_80",8.4,7.47124631499922,0.532860318088615,6.5536543663303,7.5053764847083,8.50388642623575,TRUE,-1.74295899595648,"rich_design",10,"ungated_weak","growth"
"growth_increment_110",4.8,4.75110103329353,0.57129391502902,3.56131977378857,4.78985049499403,5.7551516573375,TRUE,-0.0855933617006623,"rich_design",10,"ungated_weak","growth"
"growth_sd.log_growth_sd",4.5,6.17405844608777,0.430988426574465,5.38941868812925,6.13984888224332,7.05319542771633,FALSE,3.8842306263148,"rich_design",10,"ungated_weak","growth"
"recruitment_50",0.000177489191913507,0.0563287592531588,0.0151650806372141,0.0327818051142521,0.0553862320741052,0.0898333468680575,FALSE,3.70266874304999,"rich_design",10,"ungated_weak","recruitment"
"recruitment_80",0.183939720585721,0.366271827091872,0.0517612253875025,0.278126692508219,0.364996959267772,0.475763672181806,FALSE,3.52256163066367,"rich_design",10,"ungated_weak","recruitment"
"recruitment_110",2.3850093400699,2.41987472676849,0.100409752230595,2.23886174686819,2.42149173911569,2.6224667814822,TRUE,0.347231079890701,"rich_design",10,"ungated_weak","recruitment"
"recruit_mean_50",44,44.4160015185827,0.946572382385436,42.6597653464216,44.4312970994967,46.1505887265833,TRUE,0.439481994535165,"rich_design",10,"ungated_weak","recruit_size"
"recruit_mean_80",44.6,44.8152332721889,0.50366307097574,43.9170501192594,44.817193251022,45.7576812533455,TRUE,0.427335821488601,"rich_design",10,"ungated_weak","recruit_size"
"recruit_mean_110",45.2,45.214465025795,0.118623298884845,44.9779427831969,45.2160314704939,45.4433215790349,TRUE,0.121940849149746,"rich_design",10,"ungated_weak","recruit_size"
"recruit_sd.log_recruit_sd",3.5,3.40168107607953,0.0988865713124119,3.20957085264047,3.3987628465809,3.61695993431826,TRUE,-0.994259610942047,"rich_design",10,"ungated_weak","recruit_size"
"lambda",1.04584764197332,1.04161887389869,0.0256691249027437,0.989703817232213,1.04297839323962,1.08689747263583,TRUE,-0.164741419532028,"rich_design",10,"ungated_weak","lambda"
"survival_50",0.354343693774205,0.408258164330305,0.0197061833173743,0.367639053863594,0.408266124555779,0.446840535844318,FALSE,2.73591642216003,"rich_design",10,"maturity_weak","survival"
"survival_80",0.589040434058665,0.613095963276578,0.0196134906565158,0.572827455850713,0.615673702392495,0.650177368257264,TRUE,1.22647873543719,"rich_design",10,"maturity_weak","survival"
"survival_110",0.789181706522253,0.783885966103702,0.0236499691240001,0.738117916970073,0.784284927417046,0.827702459096571,TRUE,-0.223921663101748,"rich_design",10,"maturity_weak","survival"
"growth_increment_50",12,10.1777258302985,0.740843558049107,8.73595032121163,10.1568449910068,11.5876250482193,FALSE,-2.4597287104718,"rich_design",10,"maturity_weak","growth"
"growth_increment_80",8.4,7.47230242292656,0.539647298688105,6.42803411420723,7.46985347175714,8.5325512027642,TRUE,-1.71908129500266,"rich_design",10,"maturity_weak","growth"
"growth_increment_110",4.8,4.7668790155546,0.572764930459179,3.6157142127235,4.7593941231844,5.8575906648942,TRUE,-0.0578264881176473,"rich_design",10,"maturity_weak","growth"
"growth_sd.log_growth_sd",4.5,6.18314866372586,0.419803519550713,5.40038307311966,6.1856040092841,7.00831486972945,FALSE,4.00937244529826,"rich_design",10,"maturity_weak","growth"
"recruitment_50",0.000177489191913507,0.000485304721360816,0.000144661768718438,0.000255042508251176,0.00046930161605683,0.00084261247289086,FALSE,2.1278291574495,"rich_design",10,"maturity_weak","recruitment"
"recruitment_80",0.183939720585721,0.323608407145378,0.0542400194550881,0.227917563383478,0.322216800520791,0.4442313231687,FALSE,2.57501173419206,"rich_design",10,"maturity_weak","recruitment"
"recruitment_110",2.3850093400699,2.74375329138596,0.141957864755551,2.4589412592969,2.74273193790891,3.02001319335231,FALSE,2.52711571799006,"rich_design",10,"maturity_weak","recruitment"
"recruit_mean_50",44,44.1517472907061,0.98618464247236,42.2321927480149,44.1661652736308,45.9428858902237,TRUE,0.153873102632887,"rich_design",10,"maturity_weak","recruit_size"
"recruit_mean_80",44.6,44.6350738529347,0.561753516596875,43.5682823749416,44.6221067025241,45.6760466245987,TRUE,0.0624363744925148,"rich_design",10,"maturity_weak","recruit_size"
"recruit_mean_110",45.2,45.1184004151634,0.168591289330138,44.8078859417931,45.118170882577,45.4476857257058,TRUE,-0.48400830885671,"rich_design",10,"maturity_weak","recruit_size"
"recruit_sd.log_recruit_sd",3.5,3.40604631094379,0.0970941807689397,3.21361105513534,3.40507802871944,3.5873683558679,TRUE,-0.967655201497616,"rich_design",10,"maturity_weak","recruit_size"
"lambda",1.04584764197332,1.03977601066831,0.0263227008540668,0.991611267801053,1.03878604108276,1.09076456364089,TRUE,-0.230661410417944,"rich_design",10,"maturity_weak","lambda"
"survival_50",0.354343693774205,0.407746050075552,0.020606193216626,0.368507175704631,0.405372416130419,0.448814657162111,FALSE,2.5915682600831,"rich_design",10,"maturity_shape_informed","survival"
"survival_80",0.589040434058665,0.612394307047115,0.0199899868385052,0.575810472065286,0.611615523544455,0.650027885882659,TRUE,1.16827855751584,"rich_design",10,"maturity_shape_informed","survival"
"survival_110",0.789181706522253,0.783204344567847,0.0244456276067701,0.736225351924156,0.783426649335761,0.828121197457587,TRUE,-0.244516608473194,"rich_design",10,"maturity_shape_informed","survival"
"growth_increment_50",12,10.1766284229572,0.737146283501787,8.71170424120662,10.1882188366861,11.6410595402589,FALSE,-2.47355459540673,"rich_design",10,"maturity_shape_informed","growth"
"growth_increment_80",8.4,7.4638637036404,0.523331373419834,6.44185730954684,7.48444911984884,8.4765386294587,TRUE,-1.78880216991806,"rich_design",10,"maturity_shape_informed","growth"
"growth_increment_110",4.8,4.75109898432365,0.557783478984138,3.73370072208193,4.72138038316675,5.89973589289524,TRUE,-0.0876702475401596,"rich_design",10,"maturity_shape_informed","growth"
"growth_sd.log_growth_sd",4.5,6.19146342409645,0.441308529375541,5.43512531524369,6.18291787432634,7.071995288997,FALSE,3.83283646588453,"rich_design",10,"maturity_shape_informed","growth"
"recruitment_50",0.000177489191913507,0.000425042969227594,0.000118322610989778,0.000244901646997573,0.000405696259342607,0.000681248165958589,FALSE,2.09219332842033,"rich_design",10,"maturity_shape_informed","recruitment"
"recruitment_80",0.183939720585721,0.301026107630036,0.0474028705792612,0.220912202616273,0.295849945295985,0.403102162018465,FALSE,2.47002735516907,"rich_design",10,"maturity_shape_informed","recruitment"
"recruitment_110",2.3850093400699,2.70452284719714,0.13641459721004,2.47475668540214,2.69458748444385,2.99575136030608,FALSE,2.34222373310443,"rich_design",10,"maturity_shape_informed","recruitment"
"recruit_mean_50",44,44.0401234610681,1.00297126956166,41.9690525976641,44.107635359299,45.6793632458823,TRUE,0.0400045966277766,"rich_design",10,"maturity_shape_informed","recruit_size"
"recruit_mean_80",44.6,44.5714244773142,0.572660264711216,43.4410346936578,44.6299086841913,45.5451575901974,TRUE,-0.0498996079293967,"rich_design",10,"maturity_shape_informed","recruit_size"
"recruit_mean_110",45.2,45.1027254935601,0.174048522436932,44.7640364727604,45.1120942365167,45.4252913994275,TRUE,-0.558893032114736,"rich_design",10,"maturity_shape_informed","recruit_size"
"recruit_sd.log_recruit_sd",3.5,3.40349127570548,0.100849371849991,3.20983256798341,3.4034521801401,3.61150333511255,TRUE,-0.956959101719292,"rich_design",10,"maturity_shape_informed","recruit_size"
"lambda",1.04584764197332,1.0410299711303,0.0249854450395529,0.990586532775311,1.04178217918547,1.09457988759839,TRUE,-0.192819092691267,"rich_design",10,"maturity_shape_informed","lambda"
"survival_50",0.354343693774205,0.412126821658424,0.021618757959155,0.370410564003949,0.411700486499072,0.455061383209268,FALSE,2.6728236651426,"rich_design",10,"maturity_fixed_recruitment_slope","survival"
"survival_80",0.589040434058665,0.614260003942931,0.0215822492879629,0.572934774654665,0.615284375466574,0.654843009587703,TRUE,1.16853297113622,"rich_design",10,"maturity_fixed_recruitment_slope","survival"
"survival_110",0.789181706522253,0.782790648184234,0.0253789172777997,0.730639181880991,0.785017333856891,0.829215802720086,TRUE,-0.251825492319527,"rich_design",10,"maturity_fixed_recruitment_slope","survival"
"growth_increment_50",12,10.072126424187,0.729852494772863,8.69404747936652,10.0530867502384,11.4225185870388,FALSE,-2.64145644444634,"rich_design",10,"maturity_fixed_recruitment_slope","growth"
"growth_increment_80",8.4,7.37539610009479,0.559338996811253,6.23567444947185,7.33913135281483,8.48046726475718,TRUE,-1.831812024097,"rich_design",10,"maturity_fixed_recruitment_slope","growth"
"growth_increment_110",4.8,4.6786657760026,0.586759050728328,3.38027059899643,4.70562820480824,5.7368847745279,TRUE,-0.206787136639467,"rich_design",10,"maturity_fixed_recruitment_slope","growth"
"growth_sd.log_growth_sd",4.5,6.2627196737909,0.428592001719056,5.44888207803298,6.26603227985553,7.16245840498672,FALSE,4.11281514055497,"rich_design",10,"maturity_fixed_recruitment_slope","growth"
"recruitment_50",0.000177489191913507,0.000177484082717842,6.64625654371836e-06,0.00016490486558527,0.00017750766041967,0.000190116544874721,TRUE,-0.000768732839623317,"rich_design",10,"maturity_fixed_recruitment_slope","recruitment"
"recruitment_80",0.183939720585721,0.183934425705435,0.00688780290457528,0.170898039322653,0.183958860296859,0.197025992208135,TRUE,-0.000768732839637049,"rich_design",10,"maturity_fixed_recruitment_slope","recruitment"
"recruitment_110",2.3850093400699,2.3849406853014,0.0893090095367247,2.21590757388484,2.38525751044705,2.55468927622922,TRUE,-0.000768732839626222,"rich_design",10,"maturity_fixed_recruitment_slope","recruitment"
"recruit_mean_50",44,43.6026481036371,0.969342195879154,41.7942694665651,43.5426249519178,45.5706272846654,TRUE,-0.409919116336992,"rich_design",10,"maturity_fixed_recruitment_slope","recruit_size"
"recruit_mean_80",44.6,44.2935100137489,0.565021925315995,43.2471776968466,44.267831651869,45.4841976177706,TRUE,-0.542439102835991,"rich_design",10,"maturity_fixed_recruitment_slope","recruit_size"
"recruit_mean_110",45.2,44.9843719238608,0.186459761854927,44.6509185224222,44.9796950000297,45.3503839012794,TRUE,-1.15643221890936,"rich_design",10,"maturity_fixed_recruitment_slope","recruit_size"
"recruit_sd.log_recruit_sd",3.5,3.38505123184454,0.0996198163080037,3.18066404460891,3.38724604668264,3.57660721015662,TRUE,-1.15387452432221,"rich_design",10,"maturity_fixed_recruitment_slope","recruit_size"
"lambda",1.04584764197332,1.05421037832309,0.0268223812414972,1.00349383482137,1.05409045137299,1.10488098528647,TRUE,0.311782025409137,"rich_design",10,"maturity_fixed_recruitment_slope","lambda"
