"quantity","truth","posterior_mean","posterior_sd","q025","median","q975","covers_truth","standardized_bias","prior_sd","contraction","scenario","replicate","method","group"
"survival_at_80",0.36,0.468513736367101,0.197102495864471,0.0611651570441287,0.471354931923655,0.85626395576774,TRUE,0.55054470970127,1.5,0.868598336090353,"standard",1,"ungated_weak","survival"
"survival_slope_20",0.64,0.56564834988982,0.13899851237088,0.267734216716937,0.568189830835899,0.833532656504989,TRUE,-0.534909682427338,1,0.86100148762912,"standard",1,"ungated_weak","survival"
"growth_increment_80",8.4,7.80853103639132,1.29233130713038,5.12455716326407,7.86819635740132,10.2402958444039,TRUE,-0.45767595379395,6,0.784611448811604,"standard",1,"ungated_weak","growth"
"growth_slope_20",-2.4,-0.760143292318189,0.69536999202672,-2.05153058593109,-0.775655590608226,0.6081034069148,FALSE,2.35825060972547,3,0.76821000265776,"standard",1,"ungated_weak","growth"
"log_growth_sd",1.50407739677627,2.00596861845843,0.114894083380439,1.79182754934321,2.00682024496285,2.22323250424369,FALSE,4.36829475387593,0.7,0.835865595170801,"standard",1,"ungated_weak","growth"
"log_recruitment_at_80",-1.69314718055995,-0.737245659468311,0.120464042436212,-0.970637570674581,-0.746308473516429,-0.50909548239977,FALSE,7.93516058202845,1.5,0.919690638375859,"standard",1,"ungated_weak","recruitment"
"recruitment_slope_20",1.5,0.870822661203741,0.126411471440662,0.625812807897117,0.872746956539231,1.10710823153387,FALSE,-4.97721711191058,1,0.873588528559338,"standard",1,"ungated_weak","recruitment"
"recruit_mean_80",44.6,44.848277379704,0.395018285460165,44.1094964338013,44.8555821808469,45.5937295485815,TRUE,0.628521232668429,10,0.960498171453984,"standard",1,"ungated_weak","recruit_size"
"recruit_mean_slope_20",0.4,0.236886415192797,0.394274549303564,-0.518193262689122,0.240592799163143,1.04337570041219,TRUE,-0.41370558940546,2,0.802862725348218,"standard",1,"ungated_weak","recruit_size"
"log_recruit_sd",1.25276296849537,1.12703785851807,0.0832081755460357,0.964330550659049,1.12998661288605,1.29025550778406,TRUE,-1.51097063662621,0.7,0.881131177791378,"standard",1,"ungated_weak","recruit_size"
"log_process_precision",NA,3.96750226163048,0.741143516889455,2.4119735615014,3.97688775422597,5.35170144221286,NA,NA,2,0.629428241555273,"standard",1,"ungated_weak","process"
"survival_at_80",0.36,0.482436025095671,0.198443888441627,0.0860779616683577,0.472739715200207,0.890072079931708,TRUE,0.616980578526034,1.5,0.867704074372249,"standard",1,"maturity_weak","survival"
"survival_slope_20",0.64,0.567626100025101,0.139030524699359,0.301980845788333,0.565180463186282,0.825132691095683,TRUE,-0.520561223022076,1,0.860969475300641,"standard",1,"maturity_weak","survival"
"growth_increment_80",8.4,7.96264327055481,1.23038220808342,5.64139503068144,7.94221106768094,10.4536979447298,TRUE,-0.355464120475589,6,0.794936298652763,"standard",1,"maturity_weak","growth"
"growth_slope_20",-2.4,-0.655144137121529,0.704925984480292,-1.8669894288871,-0.678401112995628,0.816812265547794,FALSE,2.4752327212975,3,0.765024671839903,"standard",1,"maturity_weak","growth"
"log_growth_sd",1.50407739677627,1.99057573757905,0.114652288796517,1.77970249189262,1.9877356961835,2.19955290957522,FALSE,4.24325014275294,0.7,0.836211016004976,"standard",1,"maturity_weak","growth"
"log_recruitment_at_80",-1.69314718055995,-0.432697767443012,0.205240444555767,-0.837289814968837,-0.436998913646773,-0.0479065709663611,FALSE,6.14133055424389,1.5,0.863173036962822,"standard",1,"maturity_weak","recruitment"
"recruitment_slope_20",1.5,0.643028626828781,0.1537167902913,0.35979518137247,0.644858344020684,0.934245358564599,FALSE,-5.57500173889411,1,0.8462832097087,"standard",1,"maturity_weak","recruitment"
"recruit_mean_80",44.6,44.6123706720044,0.689045607865352,43.3455390009465,44.5967886323619,45.9659982831807,TRUE,0.0179533428022333,10,0.931095439213465,"standard",1,"maturity_weak","recruit_size"
"recruit_mean_slope_20",0.4,0.325524222426818,0.528215025354038,-0.804860054141733,0.359253441413323,1.28249413511244,TRUE,-0.140995189455779,2,0.735892487322981,"standard",1,"maturity_weak","recruit_size"
"log_recruit_sd",1.25276296849537,1.13520715151266,0.0788747380789653,0.978329029934285,1.14132225848163,1.28787527580308,TRUE,-1.49041150368086,0.7,0.887321802744335,"standard",1,"maturity_weak","recruit_size"
"log_process_precision",NA,3.98750693781874,0.679187065105046,2.48946926741339,3.99015039641133,5.32351145512157,NA,NA,2,0.660406467447477,"standard",1,"maturity_weak","process"
"survival_at_80",0.36,0.494124220934586,0.19385131079926,0.101068777194458,0.512281020976425,0.822911066510542,TRUE,0.691892256913738,1.5,0.870765792800493,"standard",1,"maturity_shape_informed","survival"
"survival_slope_20",0.64,0.552233414471944,0.148625587876083,0.269372712781577,0.551489524017258,0.832444593540303,TRUE,-0.590521368374548,1,0.851374412123917,"standard",1,"maturity_shape_informed","survival"
"growth_increment_80",8.4,7.82297486550092,1.25704204911209,5.49702341903973,7.73412092954572,10.3979639118688,TRUE,-0.459034075197933,6,0.790492991814652,"standard",1,"maturity_shape_informed","growth"
"growth_slope_20",-2.4,-0.587694788448836,0.720858123028196,-2.10780379532655,-0.588397268768949,0.74138570755734,FALSE,2.51409417977839,3,0.759713958990601,"standard",1,"maturity_shape_informed","growth"
"log_growth_sd",1.50407739677627,1.98769622027578,0.110219241738668,1.77128224387825,1.99128692829029,2.19334081050962,FALSE,4.38778942651571,0.7,0.842543940373332,"standard",1,"maturity_shape_informed","growth"
"log_recruitment_at_80",-1.69314718055995,-0.875863807687251,0.208366508813237,-1.26800687103247,-0.891635899118333,-0.456752168953127,FALSE,3.92233558803465,1.5,0.861088994124509,"standard",1,"maturity_shape_informed","recruitment"
"recruitment_slope_20",1.5,0.957975681034084,0.123821871270341,0.713875958953284,0.962308216703323,1.19944697090746,FALSE,-4.37745216903168,0.2,0.380890643648294,"standard",1,"maturity_shape_informed","recruitment"
"recruit_mean_80",44.6,44.7006126715568,0.807914499609973,43.1664381929979,44.7145992831334,46.1323028210209,TRUE,0.124533810948298,10,0.919208550039003,"standard",1,"maturity_shape_informed","recruit_size"
"recruit_mean_slope_20",0.4,0.194613675165855,0.510821781607928,-0.7894758893617,0.207407924282119,1.20432905113061,TRUE,-0.402070413261636,2,0.744589109196036,"standard",1,"maturity_shape_informed","recruit_size"
"log_recruit_sd",1.25276296849537,1.11844092163237,0.0798829970124119,0.968025014551035,1.11394167605355,1.27889053209383,TRUE,-1.68148482013177,0.7,0.885881432839412,"standard",1,"maturity_shape_informed","recruit_size"
"log_process_precision",NA,3.70263080027533,0.649427572320431,2.38055970262879,3.72413406345766,4.88999609184216,NA,NA,2,0.675286213839784,"standard",1,"maturity_shape_informed","process"
"survival_at_80",0.36,0.568386742111798,0.197918511139896,0.171411961642859,0.568452738878103,0.947278396259478,TRUE,1.05289162146386,1.5,0.868054325906736,"standard",1,"maturity_fixed_recruitment_slope","survival"
"survival_slope_20",0.64,0.497960523111046,0.149574492358424,0.187373046423605,0.497591961275508,0.774805506572246,TRUE,-0.94962366008628,1,0.850425507641576,"standard",1,"maturity_fixed_recruitment_slope","survival"
"growth_increment_80",8.4,7.23729953863941,1.1639136608035,5.00805734933347,7.22177973527215,9.35599532211595,TRUE,-0.998957655121885,6,0.806014389866084,"standard",1,"maturity_fixed_recruitment_slope","growth"
"growth_slope_20",-2.4,-0.120068334666099,0.68448349408595,-1.34979716909767,-0.122819199043311,1.20239408597798,FALSE,3.33087895476353,3,0.771838835304683,"standard",1,"maturity_fixed_recruitment_slope","growth"
"log_growth_sd",1.50407739677627,1.97736545707263,0.101438961834357,1.77334784328791,1.97691428580987,2.16913440986935,FALSE,4.66574235123973,0.7,0.855087197379489,"standard",1,"maturity_fixed_recruitment_slope","growth"
"log_recruitment_at_80",-1.69314718055995,-1.85480676182055,0.102511232877918,-2.05507121273793,-1.8641472147595,-1.65659478718013,TRUE,-1.57699382518527,1.5,0.931659178081388,"standard",1,"maturity_fixed_recruitment_slope","recruitment"
"recruitment_slope_20",1.5,1.5,0,1.5,1.5,1.5,TRUE,NA,NA,NA,"standard",1,"maturity_fixed_recruitment_slope","recruitment"
"recruit_mean_80",44.6,44.717175945235,0.985181098869907,42.6736852146656,44.7328303750275,46.7868228818348,TRUE,0.118938482852937,10,0.901481890113009,"standard",1,"maturity_fixed_recruitment_slope","recruit_size"
"recruit_mean_slope_20",0.4,0.110718063145007,0.502687939223862,-0.946832929632409,0.085149936609757,1.16954823049481,TRUE,-0.57547021577967,2,0.748656030388069,"standard",1,"maturity_fixed_recruitment_slope","recruit_size"
"log_recruit_sd",1.25276296849537,1.04967500350577,0.0947666470026211,0.872116895261449,1.04864599450495,1.22645514026301,FALSE,-2.14303208368216,0.7,0.864619075710541,"standard",1,"maturity_fixed_recruitment_slope","recruit_size"
"log_process_precision",NA,2.86654600686641,0.349529147893657,2.23074091228251,2.85323241668075,3.61283732049935,NA,NA,2,0.825235426053171,"standard",1,"maturity_fixed_recruitment_slope","process"
"survival_at_80",0.36,0.328505245123912,0.0834617301473567,0.160999637334047,0.32821191201434,0.49508299004437,TRUE,-0.377355643364715,1.5,0.944358846568429,"dense_profiles",1,"ungated_weak","survival"
"survival_slope_20",0.64,0.684718420257873,0.0629567435916358,0.575454723251625,0.683438655304316,0.810513306972376,TRUE,0.710303896083561,1,0.937043256408364,"dense_profiles",1,"ungated_weak","survival"
"growth_increment_80",8.4,8.17722229761384,0.537486060421657,7.15994595687908,8.17777871577817,9.15778782854202,TRUE,-0.414480893162877,6,0.910418989929724,"dense_profiles",1,"ungated_weak","growth"
"growth_slope_20",-2.4,-2.25713818674885,0.240978303922655,-2.70992956863305,-2.2574025637976,-1.79189837735872,TRUE,0.592840977489009,3,0.919673898692448,"dense_profiles",1,"ungated_weak","growth"
"log_growth_sd",1.50407739677627,1.40853031287243,0.135945365902027,1.15900521732004,1.40258875222597,1.68853350742645,TRUE,-0.702834431095665,0.7,0.805792334425676,"dense_profiles",1,"ungated_weak","growth"
"log_recruitment_at_80",-1.69314718055995,-1.10620053119708,0.121820749479825,-1.3380480782914,-1.10248016209124,-0.864090608141758,FALSE,4.81811720802189,1.5,0.91878616701345,"dense_profiles",1,"ungated_weak","recruitment"
"recruitment_slope_20",1.5,1.18578550910835,0.0854535941243799,1.00849276893245,1.18636591656376,1.35386315610139,FALSE,-3.67701901963656,1,0.91454640587562,"dense_profiles",1,"ungated_weak","recruitment"
"recruit_mean_80",44.6,45.6166130193768,0.458133019204461,44.6947322138394,45.6460446123361,46.5171817033656,FALSE,2.2190345964195,10,0.954186698079554,"dense_profiles",1,"ungated_weak","recruit_size"
"recruit_mean_slope_20",0.4,-0.139431530313241,0.32921361016123,-0.798937613141343,-0.161566108361076,0.536213558906833,TRUE,-1.6385456544432,2,0.835393194919385,"dense_profiles",1,"ungated_weak","recruit_size"
"log_recruit_sd",1.25276296849537,1.30125167760432,0.0266781636523709,1.25139553839469,1.30055234900835,1.35489902558555,TRUE,1.81754298162294,0.7,0.96188833763947,"dense_profiles",1,"ungated_weak","recruit_size"
"log_process_precision",NA,5.20082451640525,0.631409996879226,4.06240329443184,5.1803443487035,6.45732593777426,NA,NA,2,0.684295001560387,"dense_profiles",1,"ungated_weak","process"
"survival_at_80",0.36,0.323010926207173,0.0792409476456491,0.165993009480086,0.324596697238117,0.474740832985999,TRUE,-0.466792420987124,1.5,0.947172701569567,"dense_profiles",1,"maturity_weak","survival"
"survival_slope_20",0.64,0.682156873919736,0.0580126212602007,0.573058496117724,0.68006520582894,0.79449027097563,TRUE,0.726684521470801,1,0.941987378739799,"dense_profiles",1,"maturity_weak","survival"
"growth_increment_80",8.4,8.14508307147391,0.486473109164323,7.21742351327469,8.11269473485741,9.11466137259008,TRUE,-0.524010317783014,6,0.918921148472613,"dense_profiles",1,"maturity_weak","growth"
"growth_slope_20",-2.4,-2.25239450486162,0.212933534709233,-2.67240653625288,-2.25993951162566,-1.83018708999026,TRUE,0.693199853841454,3,0.929022155096922,"dense_profiles",1,"maturity_weak","growth"
"log_growth_sd",1.50407739677627,1.42150121133602,0.126282516091385,1.15806831788111,1.42212586166064,1.65821388458011,TRUE,-0.653900381431257,0.7,0.819596405583735,"dense_profiles",1,"maturity_weak","growth"
"log_recruitment_at_80",-1.69314718055995,-1.03672593727606,0.166845546960182,-1.34106033772497,-1.03888414008699,-0.722407323241336,FALSE,3.93430484207373,1.5,0.888769635359878,"dense_profiles",1,"maturity_weak","recruitment"
"recruitment_slope_20",1.5,1.0261034514366,0.102671545349979,0.827684980914729,1.03089344689432,1.20918953861264,FALSE,-4.61565613868984,1,0.897328454650021,"dense_profiles",1,"maturity_weak","recruitment"
"recruit_mean_80",44.6,45.6440877725977,0.663733069155323,44.3399564935901,45.614166911939,46.9353432872998,TRUE,1.5730537186077,10,0.933626693084468,"dense_profiles",1,"maturity_weak","recruit_size"
"recruit_mean_slope_20",0.4,-0.136289079199466,0.420708090480836,-0.945984703355617,-0.113130635248272,0.651845910961353,TRUE,-1.27472965539249,2,0.789645954759582,"dense_profiles",1,"maturity_weak","recruit_size"
"log_recruit_sd",1.25276296849537,1.3023493259164,0.0293383145986481,1.24583328163896,1.30336186445522,1.36090084002895,TRUE,1.6901569875222,0.7,0.958088122001931,"dense_profiles",1,"maturity_weak","recruit_size"
"log_process_precision",NA,5.22514905086718,0.629609007906224,3.86125877387996,5.28078093773397,6.42714772213196,NA,NA,2,0.685195496046888,"dense_profiles",1,"maturity_weak","process"
"survival_at_80",0.36,0.322367971295222,0.0810943545961935,0.149947750005175,0.324024626055202,0.487556549596744,TRUE,-0.464052385547245,1.5,0.945937096935871,"dense_profiles",1,"maturity_shape_informed","survival"
"survival_slope_20",0.64,0.681513435161133,0.0626207752759646,0.555971171328132,0.683088441224688,0.796928596171718,TRUE,0.6629339061707,1,0.937379224724035,"dense_profiles",1,"maturity_shape_informed","survival"
"growth_increment_80",8.4,8.15119762131572,0.5159237776343,7.10249460924559,8.15067515221343,9.15166490345534,TRUE,-0.482246388846689,6,0.914012703727617,"dense_profiles",1,"maturity_shape_informed","growth"
"growth_slope_20",-2.4,-2.24938145650876,0.245211289254744,-2.71532491524264,-2.2549705025907,-1.77803783725152,TRUE,0.614239841685144,3,0.918262903581752,"dense_profiles",1,"maturity_shape_informed","growth"
"log_growth_sd",1.50407739677627,1.41715837046397,0.141659736924531,1.14494202467071,1.41240382034965,1.68842526116565,TRUE,-0.613576081668183,0.7,0.79762894725067,"dense_profiles",1,"maturity_shape_informed","growth"
"log_recruitment_at_80",-1.69314718055995,-1.208242719108,0.159961584840452,-1.50013534680159,-1.21171638914002,-0.88230389336528,FALSE,3.03138070265805,1.5,0.893358943439699,"dense_profiles",1,"maturity_shape_informed","recruitment"
"recruitment_slope_20",1.5,1.13390121151797,0.0962867412978247,0.944200964292254,1.13315065743709,1.30502378181721,FALSE,-3.80217238165379,0.2,0.518566293510877,"dense_profiles",1,"maturity_shape_informed","recruitment"
"recruit_mean_80",44.6,45.6152069776557,0.719243529687379,44.2672344008789,45.6156066218746,46.9849422128052,TRUE,1.41149268050692,10,0.928075647031262,"dense_profiles",1,"maturity_shape_informed","recruit_size"
"recruit_mean_slope_20",0.4,-0.11871908568202,0.435846220628689,-0.970668100485768,-0.122180874664524,0.665934634261337,TRUE,-1.19014244274917,2,0.782076889685655,"dense_profiles",1,"maturity_shape_informed","recruit_size"
"log_recruit_sd",1.25276296849537,1.30252383664401,0.0272063785325085,1.25310283968316,1.3034972854589,1.35684609943033,FALSE,1.82901476906172,0.7,0.961133744953559,"dense_profiles",1,"maturity_shape_informed","recruit_size"
"log_process_precision",NA,5.13785886616429,0.622368411101053,3.80115202722584,5.11358954600963,6.33556835730048,NA,NA,2,0.688815794449473,"dense_profiles",1,"maturity_shape_informed","process"
"survival_at_80",0.36,0.335565287899923,0.0845527394200681,0.174538117812651,0.331062372301995,0.509105949148638,TRUE,-0.288987823075522,1.5,0.943631507053288,"dense_profiles",1,"maturity_fixed_recruitment_slope","survival"
"survival_slope_20",0.64,0.670678423757217,0.0626320042590085,0.540621846181795,0.674022675883221,0.79317689407791,TRUE,0.489820246376744,1,0.937367995740991,"dense_profiles",1,"maturity_fixed_recruitment_slope","survival"
"growth_increment_80",8.4,8.00969348599843,0.565870881272906,6.9862384744262,7.96919675182103,9.17178273152249,TRUE,-0.689744828579246,6,0.905688186454516,"dense_profiles",1,"maturity_fixed_recruitment_slope","growth"
"growth_slope_20",-2.4,-2.19030909472459,0.238989814840211,-2.62229363497704,-2.21225456099677,-1.69733068454277,TRUE,0.877405195763726,3,0.920336728386596,"dense_profiles",1,"maturity_fixed_recruitment_slope","growth"
"log_growth_sd",1.50407739677627,1.46867614661629,0.138078910241097,1.186404882072,1.47647602089577,1.75163515235623,TRUE,-0.256384194357925,0.7,0.80274441394129,"dense_profiles",1,"maturity_fixed_recruitment_slope","growth"
"log_recruitment_at_80",-1.69314718055995,-1.85508825101369,0.0343186983543234,-1.91900241536837,-1.85518452800456,-1.7912396707637,FALSE,-4.71874162538993,1.5,0.977120867763784,"dense_profiles",1,"maturity_fixed_recruitment_slope","recruitment"
"recruitment_slope_20",1.5,1.5,0,1.5,1.5,1.5,TRUE,NA,NA,NA,"dense_profiles",1,"maturity_fixed_recruitment_slope","recruitment"
"recruit_mean_80",44.6,45.3510817641484,0.8555890383582,43.719713588763,45.3550416403488,47.0205590790273,TRUE,0.877853420831177,10,0.91444109616418,"dense_profiles",1,"maturity_fixed_recruitment_slope","recruit_size"
"recruit_mean_slope_20",0.4,0.0192061538593529,0.448792852074331,-0.842243987955035,0.0205787339749738,0.86739493340117,TRUE,-0.848484650280434,2,0.775603573962835,"dense_profiles",1,"maturity_fixed_recruitment_slope","recruit_size"
"log_recruit_sd",1.25276296849537,1.29467919613037,0.0309005983612626,1.23937097834352,1.29391596801887,1.35481191408828,TRUE,1.35648595360366,0.7,0.955856288055339,"dense_profiles",1,"maturity_fixed_recruitment_slope","recruit_size"
"log_process_precision",NA,4.56029495154062,0.398843678948599,3.76820038843667,4.58693320558322,5.24048437463114,NA,NA,2,0.800578160525701,"dense_profiles",1,"maturity_fixed_recruitment_slope","process"
"survival_at_80",0.36,0.396491059821281,0.063454851660527,0.278642787330434,0.395283938477482,0.528301792572897,TRUE,0.575071233583555,1.5,0.957696765559649,"rich_design",1,"ungated_weak","survival"
"survival_slope_20",0.64,0.525513592084122,0.052043268258093,0.427572293152001,0.52317925664539,0.627999896345039,FALSE,-2.1998312509529,1,0.947956731741907,"rich_design",1,"ungated_weak","survival"
"growth_increment_80",8.4,7.38666886814626,0.107702846605751,7.18583749848753,7.38948769488688,7.58219731704141,FALSE,-9.40858263071786,6,0.982049525565708,"rich_design",1,"ungated_weak","growth"
"growth_slope_20",-2.4,-2.10946976836443,0.0541402313872446,-2.21281368064294,-2.1106872822003,-2.00871961828825,FALSE,5.36625397031487,3,0.981953256204252,"rich_design",1,"ungated_weak","growth"
"log_growth_sd",1.50407739677627,1.79786518407821,0.059325500131103,1.68422527387229,1.79632899302062,1.92256876303685,FALSE,4.95213334321163,0.7,0.915249285526996,"rich_design",1,"ungated_weak","growth"
"log_recruitment_at_80",-1.69314718055995,-1.23160188752439,0.110974528377074,-1.46685580231875,-1.22766340180796,-1.01663141097493,FALSE,4.15902009033367,1.5,0.926016981081951,"rich_design",1,"ungated_weak","recruitment"
"recruitment_slope_20",1.5,1.24571017954427,0.0642191445981085,1.12876386105646,1.24056637166482,1.3760175209949,FALSE,-3.95971983194585,1,0.935780855401891,"rich_design",1,"ungated_weak","recruitment"
"recruit_mean_80",44.6,44.5795274871722,0.366120720618038,43.7989176449377,44.5814845384881,45.2776317504812,TRUE,-0.0559173837341898,10,0.963387927938196,"rich_design",1,"ungated_weak","recruit_size"
"recruit_mean_slope_20",0.4,0.410971082553751,0.211368027083211,0.0389915993260941,0.419321597491919,0.813946668900198,TRUE,0.0519051187880567,2,0.894315986458395,"rich_design",1,"ungated_weak","recruit_size"
"log_recruit_sd",1.25276296849537,1.23958402910155,0.0271493445755307,1.18863401856847,1.2375241491699,1.29377941240582,TRUE,-0.485423850920355,0.7,0.961215222034956,"rich_design",1,"ungated_weak","recruit_size"
"log_process_precision",NA,3.70606053680876,0.241227639419399,3.20135497505319,3.71811493281163,4.15539205933732,NA,NA,2,0.879386180290301,"rich_design",1,"ungated_weak","process"
"survival_at_80",0.36,0.404086655288203,0.06318657658889,0.284959689446349,0.405740585819908,0.521518691069295,TRUE,0.697721852776476,1.5,0.957875615607407,"rich_design",1,"maturity_weak","survival"
"survival_slope_20",0.64,0.529847416059646,0.0479472362268195,0.435676041338461,0.528217841071404,0.623387308910421,FALSE,-2.29737087283332,1,0.95205276377318,"rich_design",1,"maturity_weak","survival"
"growth_increment_80",8.4,7.31754861367904,0.135220374752689,7.07258348007856,7.31758815426369,7.59689612971707,FALSE,-8.00509086223658,6,0.977463270874552,"rich_design",1,"maturity_weak","growth"
"growth_slope_20",-2.4,-2.09136428549452,0.0606249447725382,-2.2060617802802,-2.08910293511721,-1.96915924047859,FALSE,5.09090302124747,3,0.979791685075821,"rich_design",1,"maturity_weak","growth"
"log_growth_sd",1.50407739677627,1.80571496314207,0.0631521377174912,1.68473443717399,1.80725166163623,1.93864766036257,FALSE,4.77636351306368,0.7,0.909782660403584,"rich_design",1,"maturity_weak","growth"
"log_recruitment_at_80",-1.69314718055995,-1.31505150912778,0.126095545663087,-1.56981441631381,-1.31021922768997,-1.09395776870122,FALSE,2.99848554874728,1.5,0.915936302891275,"rich_design",1,"maturity_weak","recruitment"
"recruitment_slope_20",1.5,1.17831054525361,0.0645199182599749,1.06884541301283,1.17210203372637,1.31164970989471,FALSE,-4.98589371192601,1,0.935480081740025,"rich_design",1,"maturity_weak","recruitment"
"recruit_mean_80",44.6,44.4249537707792,0.492543011036472,43.4237507803013,44.4469389771427,45.3543975465213,TRUE,-0.355392778495453,10,0.950745698896353,"rich_design",1,"maturity_weak","recruit_size"
"recruit_mean_slope_20",0.4,0.442742562753741,0.250802538662001,-0.024878004357608,0.441958000718131,0.946411089704742,TRUE,0.170423166295552,2,0.874598730669,"rich_design",1,"maturity_weak","recruit_size"
"log_recruit_sd",1.25276296849537,1.24492681317552,0.0239108601472957,1.19500950580393,1.24637099854921,1.28922476924606,TRUE,-0.327723690054393,0.7,0.965841628361006,"rich_design",1,"maturity_weak","recruit_size"
"log_process_precision",NA,3.68195721441486,0.232843652579248,3.21256839485733,3.68005007054078,4.12510380456397,NA,NA,2,0.883578173710376,"rich_design",1,"maturity_weak","process"
"survival_at_80",0.36,0.406544973374331,0.0669900889437685,0.28383067314927,0.403323916716174,0.533589905876873,TRUE,0.694803874844851,1.5,0.955339940704154,"rich_design",1,"maturity_shape_informed","survival"
"survival_slope_20",0.64,0.525538061789994,0.0516114033455031,0.417623582767894,0.526006940506604,0.616413494693434,FALSE,-2.21776450145643,1,0.948388596654497,"rich_design",1,"maturity_shape_informed","survival"
"growth_increment_80",8.4,7.31155755420874,0.126313781740043,7.01857922306614,7.31928496012551,7.55022862585515,FALSE,-8.61697299215777,6,0.978947703043326,"rich_design",1,"maturity_shape_informed","growth"
"growth_slope_20",-2.4,-2.08967350108166,0.0613986317793092,-2.21065814383948,-2.09197471425917,-1.96472985825892,FALSE,5.05429013522282,3,0.979533789406897,"rich_design",1,"maturity_shape_informed","growth"
"log_growth_sd",1.50407739677627,1.81010393831208,0.060240559597685,1.69312905825567,1.80917539947479,1.92853479154207,FALSE,5.08007468024199,0.7,0.913942057717593,"rich_design",1,"maturity_shape_informed","growth"
"log_recruitment_at_80",-1.69314718055995,-1.38006298697204,0.119862861450926,-1.61377654869911,-1.37375864117805,-1.15102380237544,FALSE,2.6120200185283,1.5,0.920091425699383,"rich_design",1,"maturity_shape_informed","recruitment"
"recruitment_slope_20",1.5,1.2114947885414,0.0609670549224228,1.09660332535894,1.20930329414387,1.33144889286863,FALSE,-4.73214938503601,0.2,0.695164725387886,"rich_design",1,"maturity_shape_informed","recruitment"
"recruit_mean_80",44.6,44.3315242889985,0.464191346745825,43.403910458404,44.3414057075563,45.1991777776947,TRUE,-0.578372933669806,10,0.953580865325418,"rich_design",1,"maturity_shape_informed","recruit_size"
"recruit_mean_slope_20",0.4,0.481318781787934,0.23439348923076,0.0297935308452949,0.474604007965599,0.940997140260716,TRUE,0.346932767009906,2,0.88280325538462,"rich_design",1,"maturity_shape_informed","recruit_size"
"log_recruit_sd",1.25276296849537,1.2421089669563,0.0241364030906453,1.1958608745274,1.24313135867837,1.28685607708892,TRUE,-0.441408005122218,0.7,0.965519424156221,"rich_design",1,"maturity_shape_informed","recruit_size"
"log_process_precision",NA,3.68276313571624,0.233689674900504,3.24050376833795,3.67898225455949,4.1201516639446,NA,NA,2,0.883155162549748,"rich_design",1,"maturity_shape_informed","process"
"survival_at_80",0.36,0.437427162670113,0.060922131450563,0.31745954208203,0.43615756842021,0.556054337773442,TRUE,1.27092012092426,1.5,0.959385245699625,"rich_design",1,"maturity_fixed_recruitment_slope","survival"
"survival_slope_20",0.64,0.515752993525629,0.0484476833705341,0.425144591941554,0.514159387196628,0.611287411150985,FALSE,-2.56456032219568,1,0.951552316629466,"rich_design",1,"maturity_fixed_recruitment_slope","survival"
"growth_increment_80",8.4,6.94243889929561,0.0981191699212152,6.74973446015314,6.94429051307741,7.13501873438633,FALSE,-14.8550084746409,6,0.983646805013131,"rich_design",1,"maturity_fixed_recruitment_slope","growth"
"growth_slope_20",-2.4,-1.98527395439486,0.0516113247960868,-2.08587586390445,-1.98013310198269,-1.89081664471615,FALSE,8.03556287779276,3,0.982796225067971,"rich_design",1,"maturity_fixed_recruitment_slope","growth"
"log_growth_sd",1.50407739677627,1.84951803763588,0.0559350658679504,1.74347887092364,1.84872338419223,1.96203265431747,FALSE,6.17574388264975,0.7,0.920092763045785,"rich_design",1,"maturity_fixed_recruitment_slope","growth"
"log_recruitment_at_80",-1.69314718055995,-1.97721365004679,0.0296734850813054,-2.03652007729743,-1.97911455725409,-1.91017816802423,FALSE,-9.57307403254118,1.5,0.980217676612463,"rich_design",1,"maturity_fixed_recruitment_slope","recruitment"
"recruitment_slope_20",1.5,1.5,0,1.5,1.5,1.5,TRUE,NA,NA,NA,"rich_design",1,"maturity_fixed_recruitment_slope","recruitment"
"recruit_mean_80",44.6,43.9023163875435,0.515773352680315,42.9402634804712,43.9345975538877,44.9130444357674,TRUE,-1.35269418016815,10,0.948422664731968,"rich_design",1,"maturity_fixed_recruitment_slope","recruit_size"
"recruit_mean_slope_20",0.4,0.633661715154398,0.241760562295669,0.163844311554204,0.616834618218813,1.0903819044319,TRUE,0.966500544735804,2,0.879119718852166,"rich_design",1,"maturity_fixed_recruitment_slope","recruit_size"
"log_recruit_sd",1.25276296849537,1.22595286379858,0.025553122756389,1.17669417281877,1.22669656389598,1.27819082554252,TRUE,-1.04919093264573,0.7,0.963495538919444,"rich_design",1,"maturity_fixed_recruitment_slope","recruit_size"
"log_process_precision",NA,3.45511721557452,0.195224308459965,3.0739889934319,3.45613005215172,3.80923890966444,NA,NA,2,0.902387845770017,"rich_design",1,"maturity_fixed_recruitment_slope","process"
"survival_at_80",0.36,0.403938868361236,0.155769908174522,0.0733112558335127,0.407313899537373,0.676142439073055,TRUE,0.282075459093212,1.5,0.896153394550319,"standard",2,"ungated_weak","survival"
"survival_slope_20",0.64,0.416093146775451,0.113759257624471,0.196091662658482,0.414356006176441,0.634909453716027,FALSE,-1.96825170891748,1,0.886240742375529,"standard",2,"ungated_weak","survival"
"growth_increment_80",8.4,6.9501973353944,1.13212508833762,4.90757982998374,6.97017314456352,9.1819691767407,TRUE,-1.28060289409754,6,0.811312485277063,"standard",2,"ungated_weak","growth"
"growth_slope_20",-2.4,-1.3994183684836,0.516279652749832,-2.47352397734022,-1.38148351664382,-0.364050035828141,TRUE,1.93806133204564,3,0.827906782416723,"standard",2,"ungated_weak","growth"
"log_growth_sd",1.50407739677627,1.99670020553096,0.097542814468625,1.80892038152397,1.99893228396551,2.18374380990038,FALSE,5.05032391610084,0.7,0.860653122187679,"standard",2,"ungated_weak","growth"
"log_recruitment_at_80",-1.69314718055995,-1.1155548759305,0.207033164452154,-1.51006499527027,-1.11786142323696,-0.71979177774872,FALSE,2.78985401279962,1.5,0.861977890365231,"standard",2,"ungated_weak","recruitment"
"recruitment_slope_20",1.5,1.08901093319505,0.134903549112588,0.836465122444272,1.0880372006677,1.37342777604555,FALSE,-3.04654006146233,1,0.865096450887412,"standard",2,"ungated_weak","recruitment"
"recruit_mean_80",44.6,44.9564851358606,0.753609751498342,43.5630246886374,44.9405609999171,46.439663469845,TRUE,0.473036787477702,10,0.924639024850166,"standard",2,"ungated_weak","recruit_size"
"recruit_mean_slope_20",0.4,-0.00347056755565132,0.516009749986334,-1.08437565574099,-0.00842407875293886,1.01240680729953,TRUE,-0.78190493021951,2,0.741995125006833,"standard",2,"ungated_weak","recruit_size"
"log_recruit_sd",1.25276296849537,1.19113503238015,0.0793614899114087,1.03841955054131,1.18740835665629,1.34930896474099,TRUE,-0.776547116038408,0.7,0.886626442983702,"standard",2,"ungated_weak","recruit_size"
"log_process_precision",NA,3.92456704231026,0.749083465497166,2.54325804234942,3.88034417673085,5.49679693969639,NA,NA,2,0.625458267251417,"standard",2,"ungated_weak","process"
"survival_at_80",0.36,0.411121981505851,0.15621724340417,0.105075514720802,0.408025840475222,0.727370106290635,TRUE,0.32724928690226,1.5,0.895855171063887,"standard",2,"maturity_weak","survival"
"survival_slope_20",0.64,0.408559048820771,0.114267224309928,0.163864966496853,0.408712608298428,0.621603830365289,FALSE,-2.02543601261801,1,0.885732775690072,"standard",2,"maturity_weak","survival"
"growth_increment_80",8.4,6.88001137083059,1.0729471931664,4.81740070834931,6.88849580935055,9.07780360360156,TRUE,-1.41664812476347,6,0.8211754678056,"standard",2,"maturity_weak","growth"
"growth_slope_20",-2.4,-1.40771914241041,0.53460567237764,-2.42442141533989,-1.41075654104028,-0.37784201690303,TRUE,1.85609863280435,3,0.821798109207453,"standard",2,"maturity_weak","growth"
"log_growth_sd",1.50407739677627,2.00651820370629,0.094241845097423,1.83157189857896,2.00418188185403,2.1857992045248,FALSE,5.33139823833683,0.7,0.865368792717967,"standard",2,"maturity_weak","growth"
"log_recruitment_at_80",-1.69314718055995,-1.16383551138197,0.264897518353966,-1.70517465646663,-1.1418207595593,-0.660865777045818,TRUE,1.99817526591807,1.5,0.823401654430689,"standard",2,"maturity_weak","recruitment"
"recruitment_slope_20",1.5,1.0176403858667,0.149027047483124,0.736503673318956,1.01259051911633,1.33524466795609,FALSE,-3.23672529436593,1,0.850972952516876,"standard",2,"maturity_weak","recruitment"
"recruit_mean_80",44.6,45.2607919043145,1.04135924424095,43.3121260087028,45.2752538561214,47.1875491290808,TRUE,0.634547499308158,10,0.895864075575905,"standard",2,"maturity_weak","recruit_size"
"recruit_mean_slope_20",0.4,-0.178069391284284,0.596920943616271,-1.28959870682543,-0.152067110388721,0.902485688880553,TRUE,-0.968418678329864,2,0.701539528191864,"standard",2,"maturity_weak","recruit_size"
"log_recruit_sd",1.25276296849537,1.17939738733931,0.0765068028860989,1.03483492207967,1.18128039313225,1.32513528350107,TRUE,-0.958941929194014,0.7,0.890704567305573,"standard",2,"maturity_weak","recruit_size"
"log_process_precision",NA,3.83835811849944,0.736111477047496,2.56563407677527,3.80373253987357,5.22603221595532,NA,NA,2,0.631944261476252,"standard",2,"maturity_weak","process"
"survival_at_80",0.36,0.433447085487092,0.149815557652177,0.147812709689604,0.441030945166826,0.716035397120395,TRUE,0.490250055722601,1.5,0.900122961565215,"standard",2,"maturity_shape_informed","survival"
"survival_slope_20",0.64,0.417639346330008,0.109218966215,0.197195883139872,0.417197198646059,0.625469018165907,FALSE,-2.03591611764819,1,0.890781033785,"standard",2,"maturity_shape_informed","survival"
"growth_increment_80",8.4,6.74071387294063,1.07716110372289,4.86160128557829,6.71180047421438,8.7990318382201,TRUE,-1.54042521710498,6,0.820473149379519,"standard",2,"maturity_shape_informed","growth"
"growth_slope_20",-2.4,-1.34071797863338,0.495759162347555,-2.38074140835525,-1.34209062215833,-0.358488545020076,FALSE,2.13668672576949,3,0.834746945884148,"standard",2,"maturity_shape_informed","growth"
"log_growth_sd",1.50407739677627,2.01455687021741,0.0896255961035744,1.85001017471979,2.01581663479925,2.18028442239538,FALSE,5.69568845992625,0.7,0.871963434137751,"standard",2,"maturity_shape_informed","growth"
"log_recruitment_at_80",-1.69314718055995,-1.4963889191192,0.268527774376847,-2.02951265031958,-1.48485315954511,-0.990679002950892,TRUE,0.73272964741674,1.5,0.820981483748769,"standard",2,"maturity_shape_informed","recruitment"
"recruitment_slope_20",1.5,1.20228414300725,0.132993067476617,0.948358290236563,1.2062548743752,1.47839495717758,FALSE,-2.23858177453565,0.2,0.335034662616915,"standard",2,"maturity_shape_informed","recruitment"
"recruit_mean_80",44.6,45.2198626866414,1.15298253327492,43.0925779802665,45.1879573750217,47.2861906149548,TRUE,0.537616719032772,10,0.884701746672508,"standard",2,"maturity_shape_informed","recruit_size"
"recruit_mean_slope_20",0.4,-0.14032269754677,0.620151490632449,-1.27518547806012,-0.0937107711184529,1.05881547286912,TRUE,-0.871275334669812,2,0.689924254683775,"standard",2,"maturity_shape_informed","recruit_size"
"log_recruit_sd",1.25276296849537,1.17480944562656,0.0755871249201405,1.03818087994247,1.17204035201565,1.32280392305459,TRUE,-1.03130689189682,0.7,0.892018392971228,"standard",2,"maturity_shape_informed","recruit_size"
"log_process_precision",NA,3.64472566703063,0.647067771870497,2.37831808391086,3.66777109388854,4.96618786920753,NA,NA,2,0.676466114064751,"standard",2,"maturity_shape_informed","process"
"survival_at_80",0.36,0.458546275875055,0.167166132217581,0.105077525072692,0.460855161117945,0.756433876957399,TRUE,0.589511012594276,1.5,0.888555911854946,"standard",2,"maturity_fixed_recruitment_slope","survival"
"survival_slope_20",0.64,0.404875710167882,0.110058396518881,0.193100716672042,0.404937178884967,0.610789996268384,FALSE,-2.13635939891039,1,0.889941603481119,"standard",2,"maturity_fixed_recruitment_slope","survival"
"growth_increment_80",8.4,6.50195817312153,1.01226053299425,4.49897976489163,6.52141632134365,8.49194479657251,TRUE,-1.87505268160964,6,0.831289911167625,"standard",2,"maturity_fixed_recruitment_slope","growth"
"growth_slope_20",-2.4,-1.30163224929275,0.516305876344677,-2.36917023387906,-1.28829434229463,-0.388240338993895,FALSE,2.1273586085896,3,0.827898041218441,"standard",2,"maturity_fixed_recruitment_slope","growth"
"log_growth_sd",1.50407739677627,2.01513109827371,0.0860396573483448,1.84423161561711,2.02028433292708,2.19370523497963,FALSE,5.93974589448166,0.7,0.877086203788079,"standard",2,"maturity_fixed_recruitment_slope","growth"
"log_recruitment_at_80",-1.69314718055995,-2.07346512326933,0.086058505754892,-2.24268345804713,-2.07439246155748,-1.90785036792576,FALSE,-4.41929521519458,1.5,0.942627662830072,"standard",2,"maturity_fixed_recruitment_slope","recruitment"
"recruitment_slope_20",1.5,1.5,0,1.5,1.5,1.5,TRUE,NA,NA,NA,"standard",2,"maturity_fixed_recruitment_slope","recruitment"
"recruit_mean_80",44.6,45.1257167470678,1.2040539667975,42.9529424561573,45.0600136391008,47.7027069005292,TRUE,0.436622245816858,10,0.87959460332025,"standard",2,"maturity_fixed_recruitment_slope","recruit_size"
"recruit_mean_slope_20",0.4,-0.100436854916406,0.607586199102792,-1.44625450066135,-0.0465499251186215,0.956541830904231,TRUE,-0.823647501630861,2,0.696206900448604,"standard",2,"maturity_fixed_recruitment_slope","recruit_size"
"log_recruit_sd",1.25276296849537,1.15912403398221,0.0854173012060588,1.00513722101467,1.16006931877991,1.32758259177622,TRUE,-1.09625255294897,0.7,0.877975283991345,"standard",2,"maturity_fixed_recruitment_slope","recruit_size"
"log_process_precision",NA,3.23027388862168,0.443830297231197,2.35342762792394,3.2601792974046,4.06602884263334,NA,NA,2,0.778084851384401,"standard",2,"maturity_fixed_recruitment_slope","process"
"survival_at_80",0.36,0.398334951664195,0.0904496347246266,0.226451559435516,0.398437564364099,0.568261352031332,TRUE,0.423826495053365,1.5,0.939700243516916,"dense_profiles",2,"ungated_weak","survival"
"survival_slope_20",0.64,0.639876206111445,0.0628222151454222,0.510816942789421,0.639803962146726,0.759914338922162,TRUE,-0.00197054319507814,1,0.937177784854578,"dense_profiles",2,"ungated_weak","survival"
"growth_increment_80",8.4,7.64804509691107,0.508953429807413,6.62851354378519,7.66703709920211,8.51964115880767,TRUE,-1.47745325809763,6,0.915174428365431,"dense_profiles",2,"ungated_weak","growth"
"growth_slope_20",-2.4,-2.21307598634061,0.260416283168012,-2.7376378751387,-2.20869014193645,-1.73884505996982,TRUE,0.717789269493521,3,0.913194572277329,"dense_profiles",2,"ungated_weak","growth"
"log_growth_sd",1.50407739677627,1.52918538509867,0.0971645053051017,1.33304898039681,1.53328233903522,1.72533162042201,TRUE,0.258407000000252,0.7,0.861193563849855,"dense_profiles",2,"ungated_weak","growth"
"log_recruitment_at_80",-1.69314718055995,-1.24158604698014,0.109375549681943,-1.45576483855024,-1.23498321416601,-1.03941011719763,FALSE,4.12853818694318,1.5,0.927082966878705,"dense_profiles",2,"ungated_weak","recruitment"
"recruitment_slope_20",1.5,1.25126149897646,0.0774277087475893,1.112507684675,1.248699536871,1.40531624165084,FALSE,-3.21252565841014,1,0.922572291252411,"dense_profiles",2,"ungated_weak","recruitment"
"recruit_mean_80",44.6,45.2648944693696,0.430667336228447,44.3861066926855,45.2557947347949,46.1150192542868,TRUE,1.5438702066249,10,0.956933266377155,"dense_profiles",2,"ungated_weak","recruit_size"
"recruit_mean_slope_20",0.4,-0.0484730603779765,0.301899784160726,-0.629976384352114,-0.0429066245581604,0.531064212329778,TRUE,-1.4855030838287,2,0.849050107919637,"dense_profiles",2,"ungated_weak","recruit_size"
"log_recruit_sd",1.25276296849537,1.26000552702104,0.0287760908652703,1.20588847845247,1.26195224903641,1.31888720023516,TRUE,0.251686671396026,0.7,0.9588912987639,"dense_profiles",2,"ungated_weak","recruit_size"
"log_process_precision",NA,6.01052638209205,0.876988272668119,4.33215638279497,5.95868987609404,7.77514229153191,NA,NA,2,0.561505863665941,"dense_profiles",2,"ungated_weak","process"
"survival_at_80",0.36,0.4011783593231,0.0912606827702986,0.228251076287145,0.400850523080177,0.578196387604835,TRUE,0.451216866596818,1.5,0.939159544819801,"dense_profiles",2,"maturity_weak","survival"
"survival_slope_20",0.64,0.637778583291369,0.0609776997939849,0.511007979381418,0.639733921790001,0.74723497637924,TRUE,-0.0364299853247332,1,0.939022300206015,"dense_profiles",2,"maturity_weak","survival"
"growth_increment_80",8.4,7.65434390594648,0.521999207672325,6.54558378454949,7.67582481264425,8.63384882410355,TRUE,-1.42846211851263,6,0.913000132054613,"dense_profiles",2,"maturity_weak","growth"
"growth_slope_20",-2.4,-2.23483665049606,0.260563600046708,-2.74398156589561,-2.22992349585953,-1.77655091207058,TRUE,0.63386961753035,3,0.913145466651097,"dense_profiles",2,"maturity_weak","growth"
"log_growth_sd",1.50407739677627,1.53972141122872,0.0983495539739752,1.34550770092505,1.539648943685,1.73303716051281,TRUE,0.362421719389568,0.7,0.859500637180035,"dense_profiles",2,"maturity_weak","growth"
"log_recruitment_at_80",-1.69314718055995,-1.21276992919469,0.146924499718665,-1.49798745456119,-1.20126549464701,-0.945723296974514,FALSE,3.26955172408343,1.5,0.90205033352089,"dense_profiles",2,"maturity_weak","recruitment"
"recruitment_slope_20",1.5,1.10636562467774,0.0933618292625604,0.93245492048722,1.11003469495877,1.29145014028724,FALSE,-4.21622389397752,1,0.90663817073744,"dense_profiles",2,"maturity_weak","recruitment"
"recruit_mean_80",44.6,45.2418951766686,0.61661065855636,43.9567692735046,45.2251121952132,46.5210344820938,TRUE,1.04100564555833,10,0.938338934144364,"dense_profiles",2,"maturity_weak","recruit_size"
"recruit_mean_slope_20",0.4,-0.0195278663101957,0.39534946708051,-0.825159178998542,-0.0227311037144533,0.754767246559951,TRUE,-1.06115703002772,2,0.802325266459745,"dense_profiles",2,"maturity_weak","recruit_size"
"log_recruit_sd",1.25276296849537,1.26233439623838,0.0289520371683191,1.21301466406946,1.25934786827934,1.32523079391138,TRUE,0.330596002187006,0.7,0.958639946902401,"dense_profiles",2,"maturity_weak","recruit_size"
"log_process_precision",NA,6.03856891902447,1.01062506891205,4.08284068006698,6.08352058703196,8.02122025706289,NA,NA,2,0.494687465543976,"dense_profiles",2,"maturity_weak","process"
"survival_at_80",0.36,0.411561987865478,0.0943540025636794,0.234636193649757,0.411681729221753,0.599973791565991,TRUE,0.546473773920494,1.5,0.937097331624214,"dense_profiles",2,"maturity_shape_informed","survival"
"survival_slope_20",0.64,0.648452308287906,0.0670202710154688,0.514541996394526,0.646941934628551,0.781688355086134,TRUE,0.126115698427348,1,0.932979728984531,"dense_profiles",2,"maturity_shape_informed","survival"
"growth_increment_80",8.4,7.57072801861074,0.506599848708478,6.55266673149056,7.5419744714844,8.56405660360933,TRUE,-1.63693689112501,6,0.91556669188192,"dense_profiles",2,"maturity_shape_informed","growth"
"growth_slope_20",-2.4,-2.20392170154077,0.27005609581433,-2.73128946901386,-2.19411171581017,-1.68735875677389,TRUE,0.726065071288143,3,0.909981301395223,"dense_profiles",2,"maturity_shape_informed","growth"
"log_growth_sd",1.50407739677627,1.54288746459988,0.101668146174772,1.33927578345349,1.54068790446036,1.72678219121965,TRUE,0.381732816853857,0.7,0.854759791178897,"dense_profiles",2,"maturity_shape_informed","growth"
"log_recruitment_at_80",-1.69314718055995,-1.33794735434954,0.144304667629874,-1.61908135365642,-1.3371539860887,-1.05693593654994,FALSE,2.46145763712547,1.5,0.903796888246751,"dense_profiles",2,"maturity_shape_informed","recruitment"
"recruitment_slope_20",1.5,1.18539640449946,0.0877525506005512,1.01853031035029,1.18557070402518,1.35881748084657,FALSE,-3.58512195198304,0.2,0.561237246997244,"dense_profiles",2,"maturity_shape_informed","recruitment"
"recruit_mean_80",44.6,45.2325087417435,0.591149029177608,44.1073793231494,45.2235477425892,46.32847512743,TRUE,1.06996495050232,10,0.940885097082239,"dense_profiles",2,"maturity_shape_informed","recruit_size"
"recruit_mean_slope_20",0.4,-0.022955023074509,0.370477703900813,-0.738215811981312,-0.0088304192578544,0.688638644147443,TRUE,-1.1416477121866,2,0.814761148049594,"dense_profiles",2,"maturity_shape_informed","recruit_size"
"log_recruit_sd",1.25276296849537,1.25955825387598,0.0280774304062278,1.21029992963368,1.2590561302821,1.31993941868939,TRUE,0.242019489757328,0.7,0.95988938513396,"dense_profiles",2,"maturity_shape_informed","recruit_size"
"log_process_precision",NA,5.97048015219335,0.989260151282967,4.20662065645818,6.00531319843753,7.73503497763265,NA,NA,2,0.505369924358516,"dense_profiles",2,"maturity_shape_informed","process"
"survival_at_80",0.36,0.415435503424946,0.0893840944792596,0.250203178921328,0.40982819792185,0.592690722950489,TRUE,0.620194272234963,1.5,0.940410603680494,"dense_profiles",2,"maturity_fixed_recruitment_slope","survival"
"survival_slope_20",0.64,0.632082402334152,0.0684609449661188,0.492046886158135,0.631912037578455,0.765422243130504,TRUE,-0.115651305569417,1,0.931539055033881,"dense_profiles",2,"maturity_fixed_recruitment_slope","survival"
"growth_increment_80",8.4,7.41445530658485,0.552644340259287,6.30323992125621,7.42164764991248,8.4120295282027,TRUE,-1.78332540771657,6,0.907892609956785,"dense_profiles",2,"maturity_fixed_recruitment_slope","growth"
"growth_slope_20",-2.4,-2.15431665474299,0.279075342454689,-2.71651057711192,-2.1428587739523,-1.64819300117909,TRUE,0.88034773368379,3,0.906974885848437,"dense_profiles",2,"maturity_fixed_recruitment_slope","growth"
"log_growth_sd",1.50407739677627,1.57497143653901,0.0975277599638088,1.39484122489475,1.57017352416519,1.79190109547905,TRUE,0.726911392090239,0.7,0.86067462862313,"dense_profiles",2,"maturity_fixed_recruitment_slope","growth"
"log_recruitment_at_80",-1.69314718055995,-1.87268668938406,0.0397491245973898,-1.94999470329004,-1.87478880599437,-1.79928634204803,FALSE,-4.51681667565351,1.5,0.97350058360174,"dense_profiles",2,"maturity_fixed_recruitment_slope","recruitment"
"recruitment_slope_20",1.5,1.5,0,1.5,1.5,1.5,TRUE,NA,NA,NA,"dense_profiles",2,"maturity_fixed_recruitment_slope","recruitment"
"recruit_mean_80",44.6,44.8333003940852,0.689395702515024,43.4588103903751,44.833833953232,46.2241032958973,TRUE,0.338412892964141,10,0.931060429748498,"dense_profiles",2,"maturity_fixed_recruitment_slope","recruit_size"
"recruit_mean_slope_20",0.4,0.190071056363123,0.384691361445206,-0.536340905851774,0.194345992809019,0.95165529853998,TRUE,-0.545707454537625,2,0.807654319277397,"dense_profiles",2,"maturity_fixed_recruitment_slope","recruit_size"
"log_recruit_sd",1.25276296849537,1.25152622773373,0.0296207858292817,1.19718044573777,1.25159599244104,1.30749536106959,TRUE,-0.0417524629079787,0.7,0.957684591672455,"dense_profiles",2,"maturity_fixed_recruitment_slope","recruit_size"
"log_process_precision",NA,5.14357797686994,0.631402430432316,4.00955775882897,5.12709286656069,6.34557138065818,NA,NA,2,0.684298784783842,"dense_profiles",2,"maturity_fixed_recruitment_slope","process"
"survival_at_80",0.36,0.394884009670018,0.078857624909983,0.249384517207127,0.394739015411435,0.52980422004084,TRUE,0.442366983659967,1.5,0.947428250060011,"rich_design",2,"ungated_weak","survival"
"survival_slope_20",0.64,0.592788769726303,0.0564380282981693,0.482340065870567,0.592389813469442,0.697695714718409,TRUE,-0.836514522163567,1,0.943561971701831,"rich_design",2,"ungated_weak","survival"
"growth_increment_80",8.4,7.72902041390655,0.482763539282474,6.86519192541005,7.74465540920914,8.63808330051458,TRUE,-1.3898721247481,6,0.919539410119588,"rich_design",2,"ungated_weak","growth"
"growth_slope_20",-2.4,-2.12572436754483,0.20967086188467,-2.57419871838126,-2.11405331057662,-1.7457094984973,TRUE,1.30812469596293,3,0.93010971270511,"rich_design",2,"ungated_weak","growth"
"log_growth_sd",1.50407739677627,1.78145467120773,0.0711398447300147,1.6401663275598,1.77998046837467,1.91225558712895,FALSE,3.8990424491948,0.7,0.898371650385693,"rich_design",2,"ungated_weak","growth"
"log_recruitment_at_80",-1.69314718055995,-1.18322228849132,0.146834792759747,-1.46833784677128,-1.18290819243072,-0.899598062809893,FALSE,3.47277973077518,1.5,0.902110138160168,"rich_design",2,"ungated_weak","recruitment"
"recruitment_slope_20",1.5,1.37984552482235,0.076938412498016,1.23422825977779,1.3796040851156,1.53135287939802,TRUE,-1.5616968335648,1,0.923061587501984,"rich_design",2,"ungated_weak","recruitment"
"recruit_mean_80",44.6,44.5358225531455,0.412975884687994,43.7057706256256,44.553258852836,45.2898847066701,TRUE,-0.155402407825775,10,0.958702411531201,"rich_design",2,"ungated_weak","recruit_size"
"recruit_mean_slope_20",0.4,0.444955683573284,0.215010302078712,0.00524358180716965,0.446753321301778,0.849345737375192,TRUE,0.209086183957947,2,0.892494848960644,"rich_design",2,"ungated_weak","recruit_size"
"log_recruit_sd",1.25276296849537,1.23033153814689,0.0250036622066702,1.17932343473731,1.2312592258601,1.27994729365846,TRUE,-0.897125795536153,0.7,0.9642804825619,"rich_design",2,"ungated_weak","recruit_size"
"log_process_precision",NA,3.16752546230813,0.155200023471972,2.84950929360483,3.17122958868342,3.45914572515642,NA,NA,2,0.922399988264014,"rich_design",2,"ungated_weak","process"
"survival_at_80",0.36,0.400213945943929,0.084011476172162,0.238530186997907,0.40497915306589,0.556749995607626,TRUE,0.478672055012098,1.5,0.943992349218559,"rich_design",2,"maturity_weak","survival"
"survival_slope_20",0.64,0.58891221926739,0.0560399344023505,0.471715174264278,0.591464271194445,0.701570078400906,TRUE,-0.911631701168939,1,0.94396006559765,"rich_design",2,"maturity_weak","survival"
"growth_increment_80",8.4,7.66995697170613,0.475432271965572,6.77479938537618,7.68766224047535,8.6125158323295,TRUE,-1.53553528302921,6,0.920761288005738,"rich_design",2,"maturity_weak","growth"
"growth_slope_20",-2.4,-2.11183910754747,0.224346167240053,-2.53358185151948,-2.11153373725083,-1.68347643025974,TRUE,1.28444758382787,3,0.925217944253315,"rich_design",2,"maturity_weak","growth"
"log_growth_sd",1.50407739677627,1.78471121557773,0.0687169690724859,1.65300662374023,1.78492581226795,1.90590808544947,FALSE,4.08390856857254,0.7,0.90183290132502,"rich_design",2,"maturity_weak","growth"
"log_recruitment_at_80",-1.69314718055995,-1.42247957270613,0.143654574058178,-1.6950542255665,-1.42164406076443,-1.15061025865954,TRUE,1.88415586227136,1.5,0.904230283961215,"rich_design",2,"maturity_weak","recruitment"
"recruitment_slope_20",1.5,1.37941953414831,0.0675625858245063,1.24991327304323,1.37935924779466,1.50928503994445,TRUE,-1.78472248183185,1,0.932437414175494,"rich_design",2,"maturity_weak","recruitment"
"recruit_mean_80",44.6,44.4041347281488,0.480722296371481,43.4422349597678,44.3758913582933,45.4071958579964,TRUE,-0.4074395411438,10,0.951927770362852,"rich_design",2,"maturity_weak","recruit_size"
"recruit_mean_slope_20",0.4,0.453160709289915,0.224647295307789,0.0122863698261348,0.461575325107182,0.862493757085595,TRUE,0.236640771557385,2,0.887676352346105,"rich_design",2,"maturity_weak","recruit_size"
"log_recruit_sd",1.25276296849537,1.23154593293913,0.0250112462356969,1.18354238652263,1.2321130865976,1.27858120908994,TRUE,-0.84829981506303,0.7,0.964269648234719,"rich_design",2,"maturity_weak","recruit_size"
"log_process_precision",NA,3.12056310522576,0.147564426540218,2.86057576953391,3.11800908930521,3.41936916809068,NA,NA,2,0.926217786729891,"rich_design",2,"maturity_weak","process"
"survival_at_80",0.36,0.397605150994317,0.0885314856726336,0.226468926732824,0.397675036557908,0.574590782478735,TRUE,0.424765841311765,1.5,0.940979009551578,"rich_design",2,"maturity_shape_informed","survival"
"survival_slope_20",0.64,0.593660258513335,0.054864491723308,0.48689331666003,0.59589215200986,0.701624239614426,TRUE,-0.844621722194468,1,0.945135508276692,"rich_design",2,"maturity_shape_informed","survival"
"growth_increment_80",8.4,7.71167299536326,0.487252534242187,6.79501299583351,7.714741485523,8.70026725247521,TRUE,-1.41266993245563,6,0.918791244292969,"rich_design",2,"maturity_shape_informed","growth"
"growth_slope_20",-2.4,-2.11964000797554,0.209239562717709,-2.5576141044073,-2.12653155962548,-1.73086579462554,TRUE,1.33989953134579,3,0.930253479094097,"rich_design",2,"maturity_shape_informed","growth"
"log_growth_sd",1.50407739677627,1.77768264598519,0.0697246796397197,1.64746814971123,1.77454094177507,1.9087835196525,FALSE,3.92408040628778,0.7,0.9003933148004,"rich_design",2,"maturity_shape_informed","growth"
"log_recruitment_at_80",-1.69314718055995,-1.44172892740147,0.153823297089216,-1.75119526139906,-1.43983154476105,-1.15019737635242,TRUE,1.63446147570645,1.5,0.897451135273856,"rich_design",2,"maturity_shape_informed","recruitment"
"recruitment_slope_20",1.5,1.38842104276133,0.0712384389916364,1.24687805591732,1.38606016350101,1.52478131054957,TRUE,-1.56627459582271,0.2,0.643807805041818,"rich_design",2,"maturity_shape_informed","recruitment"
"recruit_mean_80",44.6,44.4077381715453,0.516876402627533,43.4633355926866,44.3845792411403,45.4151081731009,TRUE,-0.37196867080287,10,0.948312359737247,"rich_design",2,"maturity_shape_informed","recruit_size"
"recruit_mean_slope_20",0.4,0.447845500120219,0.242497456869899,-0.0194522850833793,0.457514213397392,0.896634481353368,TRUE,0.197303100567725,2,0.87875127156505,"rich_design",2,"maturity_shape_informed","recruit_size"
"log_recruit_sd",1.25276296849537,1.23332367919752,0.0251882359523914,1.1829172187591,1.2337382665131,1.28167676210353,TRUE,-0.771760647891001,0.7,0.964016805782298,"rich_design",2,"maturity_shape_informed","recruit_size"
"log_process_precision",NA,3.12003602007528,0.154578545317229,2.79586200455577,3.12977303373434,3.41726409342632,NA,NA,2,0.922710727341385,"rich_design",2,"maturity_shape_informed","process"
"survival_at_80",0.36,0.402642862369143,0.0807834731374511,0.234047921111567,0.402756091453485,0.554110998440502,TRUE,0.527866167583404,1.5,0.946144351241699,"rich_design",2,"maturity_fixed_recruitment_slope","survival"
"survival_slope_20",0.64,0.587202589196503,0.0555976620518404,0.470194684846655,0.587942758370226,0.695395460842105,TRUE,-0.949633651038554,1,0.94440233794816,"rich_design",2,"maturity_fixed_recruitment_slope","survival"
"growth_increment_80",8.4,7.62526588554201,0.490408495981773,6.65701855663832,7.61262518143263,8.53511055738412,TRUE,-1.5797730276002,6,0.918265250669704,"rich_design",2,"maturity_fixed_recruitment_slope","growth"
"growth_slope_20",-2.4,-2.10426735351689,0.209612513930238,-2.51025245027166,-2.10159701107979,-1.72234660372899,TRUE,1.4108539654342,3,0.930129162023254,"rich_design",2,"maturity_fixed_recruitment_slope","growth"
"log_growth_sd",1.50407739677627,1.79092106698178,0.0687878077608645,1.66833305628142,1.788354358551,1.93656285796134,FALSE,4.16997836597283,0.7,0.901731703198765,"rich_design",2,"maturity_fixed_recruitment_slope","growth"
"log_recruitment_at_80",-1.69314718055995,-1.67429600504415,0.0331897799467907,-1.73896526646983,-1.67304241739845,-1.60410604955347,TRUE,0.567981334797062,1.5,0.977873480035473,"rich_design",2,"maturity_fixed_recruitment_slope","recruitment"
"recruitment_slope_20",1.5,1.5,0,1.5,1.5,1.5,TRUE,NA,NA,NA,"rich_design",2,"maturity_fixed_recruitment_slope","recruitment"
"recruit_mean_80",44.6,44.285178784002,0.54944942068216,43.1049951254495,44.2713384880437,45.3574787730181,TRUE,-0.57297579021403,10,0.945055057931784,"rich_design",2,"maturity_fixed_recruitment_slope","recruit_size"
"recruit_mean_slope_20",0.4,0.496294060709956,0.250410781008895,-0.0242668059441317,0.495007614143194,1.03537020097726,TRUE,0.384544388711982,2,0.874794609495552,"rich_design",2,"maturity_fixed_recruitment_slope","recruit_size"
"log_recruit_sd",1.25276296849537,1.22966587411066,0.02520338212553,1.17925075333328,1.23087491210873,1.27491404664745,TRUE,-0.916428369401907,0.7,0.9639951683921,"rich_design",2,"maturity_fixed_recruitment_slope","recruit_size"
"log_process_precision",NA,3.11182767349483,0.159053393770799,2.80791477810994,3.11005032546925,3.39822421023267,NA,NA,2,0.920473303114601,"rich_design",2,"maturity_fixed_recruitment_slope","process"
"survival_at_80",0.36,0.553184234758219,0.174218506262259,0.209252405343692,0.563009142576765,0.897356409237638,TRUE,1.10886173290574,1.5,0.883854329158494,"standard",3,"ungated_weak","survival"
"survival_slope_20",0.64,0.595258078195718,0.129351514823647,0.337993100391432,0.5926006090925,0.832479804551922,TRUE,-0.34589406908208,1,0.870648485176353,"standard",3,"ungated_weak","survival"
"growth_increment_80",8.4,7.43903701903018,1.00855276487616,5.55717042832156,7.35964708861184,9.41565044237365,TRUE,-0.952813788664606,6,0.83190787252064,"standard",3,"ungated_weak","growth"
"growth_slope_20",-2.4,-1.71807982334082,0.617913239529867,-2.98528594395677,-1.77539480659812,-0.57075784003529,TRUE,1.10358563797405,3,0.794028920156711,"standard",3,"ungated_weak","growth"
"log_growth_sd",1.50407739677627,2.00059000477061,0.108529170541583,1.77393012516895,2.00763957662959,2.18081804358904,FALSE,4.5749230876513,0.7,0.844958327797738,"standard",3,"ungated_weak","growth"
"log_recruitment_at_80",-1.69314718055995,-0.679441478043614,0.268626153624768,-1.24416946041083,-0.669482212466174,-0.165601238955824,FALSE,3.77366719076927,1.5,0.820915897583488,"standard",3,"ungated_weak","recruitment"
"recruitment_slope_20",1.5,0.88913381477796,0.313469898571837,0.271083372969872,0.889172504292335,1.50556103887054,TRUE,-1.94872358719333,1,0.686530101428163,"standard",3,"ungated_weak","recruitment"
"recruit_mean_80",44.6,45.1249660010079,0.710822602925814,43.8727047982211,45.166517765346,46.5676123876893,TRUE,0.738533072593752,10,0.928917739707419,"standard",3,"ungated_weak","recruit_size"
"recruit_mean_slope_20",0.4,-0.133984792686102,0.86754621588261,-1.8451348446394,-0.1610140817192,1.45207624824575,TRUE,-0.615511638354442,2,0.566226892058695,"standard",3,"ungated_weak","recruit_size"
"log_recruit_sd",1.25276296849537,1.1371945698941,0.0607907564790841,1.01576463199963,1.13870713456963,1.26453127819496,TRUE,-1.90108505461737,0.7,0.913156062172737,"standard",3,"ungated_weak","recruit_size"
"log_process_precision",NA,3.86605396715467,0.759405541545134,2.38724088856593,3.84674690394783,5.32979317053879,NA,NA,2,0.620297229227433,"standard",3,"ungated_weak","process"
"survival_at_80",0.36,0.547848953778988,0.200842921022895,0.216545794667125,0.542074808714357,0.958746585795448,TRUE,0.935302836775486,1.5,0.86610471931807,"standard",3,"maturity_weak","survival"
"survival_slope_20",0.64,0.581548520122175,0.134039838485463,0.333410106417387,0.576028211990308,0.852589837478165,TRUE,-0.436075427561518,1,0.865960161514536,"standard",3,"maturity_weak","survival"
"growth_increment_80",8.4,7.4440289665138,1.12943926358128,5.20833557874199,7.43701316262655,9.60388193655531,TRUE,-0.846412077489635,6,0.811760122736453,"standard",3,"maturity_weak","growth"
"growth_slope_20",-2.4,-1.65972431870193,0.614286393357296,-2.96377286768752,-1.63959341927122,-0.55893585071084,TRUE,1.20509861410441,3,0.795237868880901,"standard",3,"maturity_weak","growth"
"log_growth_sd",1.50407739677627,2.00374836711793,0.107767656081177,1.78424506846358,2.00964514015513,2.21308902745256,FALSE,4.63655783665993,0.7,0.846046205598318,"standard",3,"maturity_weak","growth"
"log_recruitment_at_80",-1.69314718055995,-0.781357205097802,0.320889246328236,-1.39415116594664,-0.79976688148213,-0.140634270045655,FALSE,2.84144758945732,1.5,0.786073835781176,"standard",3,"maturity_weak","recruitment"
"recruitment_slope_20",1.5,0.945310322843245,0.20290252429963,0.544914148336367,0.954275195777351,1.33046457688576,FALSE,-2.73377415619352,1,0.79709747570037,"standard",3,"maturity_weak","recruitment"
"recruit_mean_80",44.6,44.7357034154297,1.0046312520105,42.8389422045922,44.7468373575407,46.5049069574238,TRUE,0.135077835930426,10,0.89953687479895,"standard",3,"maturity_weak","recruit_size"
"recruit_mean_slope_20",0.4,0.173675770220132,0.648086937896001,-0.950912473759936,0.194680139315128,1.45492413338941,TRUE,-0.349218934290859,2,0.675956531051999,"standard",3,"maturity_weak","recruit_size"
"log_recruit_sd",1.25276296849537,1.1300944669099,0.0613779932528947,1.00392931395616,1.13022403254376,1.25438531281728,TRUE,-1.9985746532969,0.7,0.912317152495865,"standard",3,"maturity_weak","recruit_size"
"log_process_precision",NA,3.56796210139506,0.619813651876123,2.35784784274337,3.58011603518588,4.84370113926719,NA,NA,2,0.690093174061938,"standard",3,"maturity_weak","process"
"survival_at_80",0.36,0.555822226273197,0.186066393451654,0.183500569003732,0.562631076410667,0.904091397640499,TRUE,1.05243199828065,1.5,0.875955737698897,"standard",3,"maturity_shape_informed","survival"
"survival_slope_20",0.64,0.570463034783631,0.129182293167021,0.320362899026765,0.575358565363503,0.833389687815572,TRUE,-0.538285577006007,1,0.870817706832979,"standard",3,"maturity_shape_informed","survival"
"growth_increment_80",8.4,7.46333689729997,1.0446229792951,5.55456877324762,7.47468743164842,9.52260933618347,TRUE,-0.896651826797917,6,0.825896170117483,"standard",3,"maturity_shape_informed","growth"
"growth_slope_20",-2.4,-1.62130997938478,0.612726574013663,-2.79890201017763,-1.64224272971357,-0.512640958958663,TRUE,1.27086053329533,3,0.795757808662112,"standard",3,"maturity_shape_informed","growth"
"log_growth_sd",1.50407739677627,2.00511648489162,0.106878986465442,1.794943855211,2.00860941252133,2.1963171725567,FALSE,4.68791017472219,0.7,0.847315733620797,"standard",3,"maturity_shape_informed","growth"
"log_recruitment_at_80",-1.69314718055995,-1.18490825751996,0.232371791974004,-1.61084970607394,-1.17769041737689,-0.707822434782528,FALSE,2.18717994435764,1.5,0.845085472017331,"standard",3,"maturity_shape_informed","recruitment"
"recruitment_slope_20",1.5,1.19410518375421,0.131229648625906,0.928001071790636,1.19480970192445,1.4417017316513,FALSE,-2.33098861003428,0.2,0.343851756870468,"standard",3,"maturity_shape_informed","recruitment"
"recruit_mean_80",44.6,44.6848469561791,0.954393564221911,42.8481032505676,44.6613377647798,46.5205756481993,TRUE,0.088901433705999,10,0.904560643577809,"standard",3,"maturity_shape_informed","recruit_size"
"recruit_mean_slope_20",0.4,0.185946119651788,0.543892595054036,-0.893622491428581,0.173071843085862,1.23771817682422,TRUE,-0.393559100261231,2,0.728053702472982,"standard",3,"maturity_shape_informed","recruit_size"
"log_recruit_sd",1.25276296849537,1.12888681941024,0.0634633403408329,1.00947347796274,1.1261443799553,1.25676592356898,TRUE,-1.95193238206255,0.7,0.909338085227382,"standard",3,"maturity_shape_informed","recruit_size"
"log_process_precision",NA,3.46162350572159,0.536046288959388,2.41497895803959,3.43740670747459,4.49735747344316,NA,NA,2,0.731976855520306,"standard",3,"maturity_shape_informed","process"
"survival_at_80",0.36,0.554943140424523,0.198674461123945,0.155312944731552,0.545774130933928,0.956687181289123,TRUE,0.98121892125282,1.5,0.867550359250703,"standard",3,"maturity_fixed_recruitment_slope","survival"
"survival_slope_20",0.64,0.564002415550142,0.147844863360343,0.248135389305081,0.56240836513147,0.854869337054784,TRUE,-0.514036015337437,1,0.852155136639657,"standard",3,"maturity_fixed_recruitment_slope","survival"
"growth_increment_80",8.4,7.34104403819895,1.18014285791088,4.94250243246142,7.28844337498722,9.5333790742088,TRUE,-0.897311672652617,6,0.80330952368152,"standard",3,"maturity_fixed_recruitment_slope","growth"
"growth_slope_20",-2.4,-1.62529855233239,0.633903179769223,-2.86984688927576,-1.61386310304198,-0.381097520331511,TRUE,1.22211320654621,3,0.788698940076926,"standard",3,"maturity_fixed_recruitment_slope","growth"
"log_growth_sd",1.50407739677627,2.01635401441357,0.111007923392988,1.80171662203591,2.01360306371352,2.2410866957604,FALSE,4.61477525188676,0.7,0.841417252295732,"standard",3,"maturity_fixed_recruitment_slope","growth"
"log_recruitment_at_80",-1.69314718055995,-1.73369414018222,0.0789627021412073,-1.87790708452493,-1.73582679693024,-1.58688069968834,TRUE,-0.513495087209187,1.5,0.947358198572528,"standard",3,"maturity_fixed_recruitment_slope","recruitment"
"recruitment_slope_20",1.5,1.5,0,1.5,1.5,1.5,TRUE,NA,NA,NA,"standard",3,"maturity_fixed_recruitment_slope","recruitment"
"recruit_mean_80",44.6,44.4802593755294,0.995118770606613,42.5115414871217,44.5424933274575,46.5522902225151,TRUE,-0.120327972908832,10,0.900488122939339,"standard",3,"maturity_fixed_recruitment_slope","recruit_size"
"recruit_mean_slope_20",0.4,0.264722642911417,0.519735698901241,-0.738111180291376,0.239680751689635,1.32066249233571,TRUE,-0.260281057034506,2,0.740132150549379,"standard",3,"maturity_fixed_recruitment_slope","recruit_size"
"log_recruit_sd",1.25276296849537,1.1141108397211,0.064877943234562,0.987513603610336,1.11125189482433,1.24092717912473,FALSE,-2.13712275484723,0.7,0.907317223950626,"standard",3,"maturity_fixed_recruitment_slope","recruit_size"
"log_process_precision",NA,3.06940005481311,0.453567252547325,2.19556411310328,3.08684143713256,3.92428063458932,NA,NA,2,0.773216373726338,"standard",3,"maturity_fixed_recruitment_slope","process"
"survival_at_80",0.36,0.455674220920825,0.0910767375211468,0.276439019946097,0.458197687729276,0.627758095617632,TRUE,1.05047922800936,1.5,0.939282174985902,"dense_profiles",3,"ungated_weak","survival"
"survival_slope_20",0.64,0.694241046078554,0.0665965318668075,0.56513487544374,0.691658913873891,0.828123073801818,TRUE,0.814472534200963,1,0.933403468133193,"dense_profiles",3,"ungated_weak","survival"
"growth_increment_80",8.4,8.33356480004903,0.451637097242461,7.50546452549644,8.34189884638423,9.24029872508584,TRUE,-0.14709863374067,6,0.92472715045959,"dense_profiles",3,"ungated_weak","growth"
"growth_slope_20",-2.4,-2.46474431238124,0.224615971682479,-2.94477161728137,-2.44272164398855,-2.06501299645812,TRUE,-0.288244472983286,3,0.925128009439174,"dense_profiles",3,"ungated_weak","growth"
"log_growth_sd",1.50407739677627,1.38825960171159,0.128311635402574,1.14426967111488,1.38439436330861,1.65779713416308,TRUE,-0.902628936972959,0.7,0.816697663710608,"dense_profiles",3,"ungated_weak","growth"
"log_recruitment_at_80",-1.69314718055995,-1.67041477718545,0.239856453955414,-2.125686234195,-1.67567370767602,-1.21307016150149,TRUE,0.0947750331484462,1.5,0.840095697363057,"dense_profiles",3,"ungated_weak","recruitment"
"recruitment_slope_20",1.5,1.57932418312266,0.135836004456899,1.31212569464373,1.58308079426896,1.84457517970387,TRUE,0.583970232633216,1,0.864163995543101,"dense_profiles",3,"ungated_weak","recruitment"
"recruit_mean_80",44.6,45.0280360204839,0.799972899063829,43.5473461966896,44.96167920607,46.5446014479653,TRUE,0.535063151495298,10,0.920002710093617,"dense_profiles",3,"ungated_weak","recruit_size"
"recruit_mean_slope_20",0.4,0.132887935392546,0.447373186043289,-0.715097410514228,0.156024760367713,0.962638007538092,TRUE,-0.597067667308982,2,0.776313406978355,"dense_profiles",3,"ungated_weak","recruit_size"
"log_recruit_sd",1.25276296849537,1.23443671514868,0.0320423281386534,1.16925188505716,1.23540788569594,1.2929730789468,TRUE,-0.571938882449053,0.7,0.95422524551621,"dense_profiles",3,"ungated_weak","recruit_size"
"log_process_precision",NA,3.87318156390209,0.270861710570006,3.37509405161266,3.87982858662653,4.41774821625691,NA,NA,2,0.864569144714997,"dense_profiles",3,"ungated_weak","process"
"survival_at_80",0.36,0.458806580884827,0.093663657431125,0.282324047465986,0.455408204148082,0.647035660820237,TRUE,1.05490842013599,1.5,0.937557561712583,"dense_profiles",3,"maturity_weak","survival"
"survival_slope_20",0.64,0.691855329964258,0.0696814056847145,0.557230041438214,0.691923180023357,0.823885731686138,TRUE,0.74417743807992,1,0.930318594315285,"dense_profiles",3,"maturity_weak","survival"
"growth_increment_80",8.4,8.35333559372728,0.469902185618747,7.49226356523199,8.34909271602056,9.26061826991562,TRUE,-0.0993066380639968,6,0.921682969063542,"dense_profiles",3,"maturity_weak","growth"
"growth_slope_20",-2.4,-2.43730590387591,0.220552103337814,-2.87241637917808,-2.43729603687892,-1.99060068074414,TRUE,-0.169147803676873,3,0.926482632220729,"dense_profiles",3,"maturity_weak","growth"
"log_growth_sd",1.50407739677627,1.38704314134861,0.123737904767813,1.12189415654783,1.38304384913153,1.63156110395348,TRUE,-0.94582380110015,0.7,0.82323156461741,"dense_profiles",3,"maturity_weak","growth"
"log_recruitment_at_80",-1.69314718055995,-1.77578328324301,0.254788281302504,-2.25414229553991,-1.76808878391464,-1.29324411591914,TRUE,-0.324332431070314,1.5,0.830141145798331,"dense_profiles",3,"maturity_weak","recruitment"
"recruitment_slope_20",1.5,1.49470371259839,0.138159286570385,1.23185442436047,1.48991666022308,1.75976606449673,TRUE,-0.0383346464293739,1,0.861840713429615,"dense_profiles",3,"maturity_weak","recruitment"
"recruit_mean_80",44.6,45.1000561852984,0.97086460811107,43.1663601508437,45.0827727057052,46.9780784908182,TRUE,0.515062740077962,10,0.902913539188893,"dense_profiles",3,"maturity_weak","recruit_size"
"recruit_mean_slope_20",0.4,0.0817484178175282,0.523937253595652,-0.920789292801627,0.100266384370535,1.09494164742908,TRUE,-0.607423083581841,2,0.738031373202174,"dense_profiles",3,"maturity_weak","recruit_size"
"log_recruit_sd",1.25276296849537,1.23380895679319,0.0304805235255139,1.1743270453055,1.23287730577766,1.29728352358929,TRUE,-0.621840096883763,0.7,0.956456394963552,"dense_profiles",3,"maturity_weak","recruit_size"
"log_process_precision",NA,3.90726513800892,0.264154912002837,3.33243856296481,3.93132066222884,4.38713604789636,NA,NA,2,0.867922543998581,"dense_profiles",3,"maturity_weak","process"
"survival_at_80",0.36,0.469459640480906,0.0918931854733568,0.291244427543497,0.467373301403618,0.647182020987098,TRUE,1.19116167229443,1.5,0.938737876351095,"dense_profiles",3,"maturity_shape_informed","survival"
"survival_slope_20",0.64,0.697867551744849,0.0690467681323703,0.565107683864903,0.696624237196186,0.831870248995458,TRUE,0.838092112202996,1,0.93095323186763,"dense_profiles",3,"maturity_shape_informed","survival"
"growth_increment_80",8.4,8.31165164397832,0.450203385004367,7.45594745040552,8.31736995718803,9.24495172518909,TRUE,-0.196240985662131,6,0.924966102499272,"dense_profiles",3,"maturity_shape_informed","growth"
"growth_slope_20",-2.4,-2.43789326962819,0.211844382775863,-2.87183752777302,-2.42644425729983,-2.07215708645963,TRUE,-0.178873138535299,3,0.929385205741379,"dense_profiles",3,"maturity_shape_informed","growth"
"log_growth_sd",1.50407739677627,1.39057628797784,0.125544038993491,1.15255799028762,1.39050633570641,1.63107859591132,TRUE,-0.904074058062745,0.7,0.820651372866442,"dense_profiles",3,"maturity_shape_informed","growth"
"log_recruitment_at_80",-1.69314718055995,-1.82492548259694,0.215664095475384,-2.25377536143842,-1.82722382103006,-1.42040430878779,TRUE,-0.611034960393016,1.5,0.856223936349744,"dense_profiles",3,"maturity_shape_informed","recruitment"
"recruitment_slope_20",1.5,1.52007013560407,0.116210373452319,1.29321119617043,1.52241310982086,1.76139417942298,TRUE,0.17270519840732,0.2,0.418948132738403,"dense_profiles",3,"maturity_shape_informed","recruitment"
"recruit_mean_80",44.6,45.0836966374573,0.96708210999018,43.211454381761,45.0107559969873,46.9822847202705,TRUE,0.500160878234214,10,0.903291789000982,"dense_profiles",3,"maturity_shape_informed","recruit_size"
"recruit_mean_slope_20",0.4,0.097528259183854,0.521326757654443,-0.942770264769468,0.118303179112958,1.14490048901943,TRUE,-0.580196079282462,2,0.739336621172779,"dense_profiles",3,"maturity_shape_informed","recruit_size"
"log_recruit_sd",1.25276296849537,1.23710972109366,0.03197217211157,1.17588371424599,1.23439037512791,1.29374772917852,TRUE,-0.489589739073139,0.7,0.954325468412043,"dense_profiles",3,"maturity_shape_informed","recruit_size"
"log_process_precision",NA,3.89164477833219,0.27771592303988,3.36729479004959,3.89726693789476,4.41668293659288,NA,NA,2,0.86114203848006,"dense_profiles",3,"maturity_shape_informed","process"
"survival_at_80",0.36,0.471959007066232,0.0952419620537001,0.297201535444902,0.466203464956463,0.658020635129872,TRUE,1.17552184617014,1.5,0.936505358630867,"dense_profiles",3,"maturity_fixed_recruitment_slope","survival"
"survival_slope_20",0.64,0.701258591355699,0.0707364393917529,0.580565116192452,0.696929009059406,0.845869728791625,TRUE,0.866011802155276,1,0.929263560608247,"dense_profiles",3,"maturity_fixed_recruitment_slope","survival"
"growth_increment_80",8.4,8.30842437049082,0.460308237723307,7.31045046199141,8.29969197241538,9.28421079048288,TRUE,-0.1989441465617,6,0.923281960379449,"dense_profiles",3,"maturity_fixed_recruitment_slope","growth"
"growth_slope_20",-2.4,-2.44386646318571,0.222684845514373,-2.87798175100497,-2.44174845648884,-1.99934956145748,TRUE,-0.196988991704343,3,0.925771718161876,"dense_profiles",3,"maturity_fixed_recruitment_slope","growth"
"log_growth_sd",1.50407739677627,1.39368271014618,0.131415426546865,1.12919514895722,1.39540548746726,1.64379607852337,TRUE,-0.840043589484694,0.7,0.812263676361621,"dense_profiles",3,"maturity_fixed_recruitment_slope","growth"
"log_recruitment_at_80",-1.69314718055995,-1.78418852025338,0.0369137367789113,-1.85279754304001,-1.78503059465348,-1.71668433105575,FALSE,-2.46632683758648,1.5,0.975390842147392,"dense_profiles",3,"maturity_fixed_recruitment_slope","recruitment"
"recruitment_slope_20",1.5,1.5,0,1.5,1.5,1.5,TRUE,NA,NA,NA,"dense_profiles",3,"maturity_fixed_recruitment_slope","recruitment"
"recruit_mean_80",44.6,45.055224979475,0.967220814211587,43.1846733623406,45.0231731440411,46.8825022695602,TRUE,0.470652588102168,10,0.903277918578841,"dense_profiles",3,"maturity_fixed_recruitment_slope","recruit_size"
"recruit_mean_slope_20",0.4,0.105709207407536,0.524645586461651,-0.93032983001495,0.115628079528916,1.12357020682152,TRUE,-0.560932561307223,2,0.737677206769175,"dense_profiles",3,"maturity_fixed_recruitment_slope","recruit_size"
"log_recruit_sd",1.25276296849537,1.23295634986709,0.0308242434387839,1.17032581639303,1.23239387851041,1.28783732350804,TRUE,-0.642566253657096,0.7,0.955965366516023,"dense_profiles",3,"maturity_fixed_recruitment_slope","recruit_size"
"log_process_precision",NA,3.868625687731,0.245163638734735,3.42074833761369,3.86274054529344,4.3424865944577,NA,NA,2,0.877418180632632,"dense_profiles",3,"maturity_fixed_recruitment_slope","process"
"survival_at_80",0.36,0.586255711447061,0.104490820652503,0.38544693666411,0.585003387282387,0.787914310883344,FALSE,2.16531662814193,1.5,0.930339452898331,"rich_design",3,"ungated_weak","survival"
"survival_slope_20",0.64,0.599927204965259,0.0685538021162434,0.470716945134959,0.598235363000555,0.735078314829173,TRUE,-0.584545186374802,1,0.931446197883757,"rich_design",3,"ungated_weak","survival"
"growth_increment_80",8.4,6.10431578928443,0.526321758503189,4.93395442775101,6.11631285058576,7.19638145175902,FALSE,-4.36175053306609,6,0.912279706916135,"rich_design",3,"ungated_weak","growth"
"growth_slope_20",-2.4,-1.83450391570198,0.257116161512065,-2.33183856843516,-1.83426441414491,-1.34470554891522,FALSE,2.19937977049913,3,0.914294612829312,"rich_design",3,"ungated_weak","growth"
"log_growth_sd",1.50407739677627,1.86400851556168,0.054688823409294,1.75893826589689,1.86370127625848,1.97096641455814,FALSE,6.58143833323433,0.7,0.921873109415294,"rich_design",3,"ungated_weak","growth"
"log_recruitment_at_80",-1.69314718055995,-1.35769123390562,0.173083917808084,-1.71013947135733,-1.34017392265689,-1.05036538014283,TRUE,1.93811158715671,1.5,0.884610721461277,"rich_design",3,"ungated_weak","recruitment"
"recruitment_slope_20",1.5,1.4526766912862,0.0872962906432558,1.29183708214562,1.44544695186209,1.61963441598368,TRUE,-0.542099880362533,1,0.912703709356744,"rich_design",3,"ungated_weak","recruitment"
"recruit_mean_80",44.6,44.8747432581182,0.46722571619121,43.9249759398516,44.8975136038803,45.7825654856168,TRUE,0.588031113436642,10,0.953277428380879,"rich_design",3,"ungated_weak","recruit_size"
"recruit_mean_slope_20",0.4,0.120180628812537,0.233912985806545,-0.307695250334855,0.111465557945188,0.571989536888633,TRUE,-1.19625411228295,2,0.883043507096728,"rich_design",3,"ungated_weak","recruit_size"
"log_recruit_sd",1.25276296849537,1.18323017706055,0.032580494488139,1.12254376605569,1.18323476002051,1.24798452590211,FALSE,-2.13418465640948,0.7,0.953456436445516,"rich_design",3,"ungated_weak","recruit_size"
"log_process_precision",NA,2.78747364536698,0.137651586810102,2.51326549228771,2.79335558388268,3.04340838987857,NA,NA,2,0.931174206594949,"rich_design",3,"ungated_weak","process"
"survival_at_80",0.36,0.607534346732476,0.104071600449639,0.416869827778939,0.612365068841673,0.794012966299331,FALSE,2.37850043300007,1.5,0.930618933033574,"rich_design",3,"maturity_weak","survival"
"survival_slope_20",0.64,0.59842277917702,0.0660115701532331,0.453344422218901,0.602496701423703,0.723405962984182,TRUE,-0.629847475623845,1,0.933988429846767,"rich_design",3,"maturity_weak","survival"
"growth_increment_80",8.4,6.00392936197045,0.530700624686074,4.97998229892463,5.95182777206205,7.06490888762796,FALSE,-4.5149195734354,6,0.911549895885654,"rich_design",3,"maturity_weak","growth"
"growth_slope_20",-2.4,-1.77778435831629,0.271385204762561,-2.30034755915573,-1.8110549246853,-1.2438655405907,FALSE,2.29273973217552,3,0.909538265079146,"rich_design",3,"maturity_weak","growth"
"log_growth_sd",1.50407739677627,1.86489390938836,0.0527702685903367,1.77331457513909,1.8635869252631,1.96025603214716,FALSE,6.83749623131846,0.7,0.924613902013805,"rich_design",3,"maturity_weak","growth"
"log_recruitment_at_80",-1.69314718055995,-1.66528738888973,0.179098536615434,-2.02825273444962,-1.66272561606609,-1.32172427652759,TRUE,0.15555566336107,1.5,0.880600975589711,"rich_design",3,"maturity_weak","recruitment"
"recruitment_slope_20",1.5,1.47842453977152,0.0839565427961148,1.31755405361749,1.48094001070146,1.64300399114779,TRUE,-0.256983666905786,1,0.916043457203885,"rich_design",3,"maturity_weak","recruitment"
"recruit_mean_80",44.6,44.8455825733858,0.560124231717988,43.7807624435714,44.890641583248,45.8636739789521,TRUE,0.438443044380567,10,0.943987576828201,"rich_design",3,"maturity_weak","recruit_size"
"recruit_mean_slope_20",0.4,0.114146254001094,0.254786137602289,-0.341193594210438,0.0973047189609254,0.621953555121227,TRUE,-1.1219360232428,2,0.872606931198855,"rich_design",3,"maturity_weak","recruit_size"
"log_recruit_sd",1.25276296849537,1.17319116335175,0.0352478518572802,1.1109112624391,1.17381552375552,1.24184489438219,FALSE,-2.25749374645027,0.7,0.949645925918171,"rich_design",3,"maturity_weak","recruit_size"
"log_process_precision",NA,2.74861979065479,0.128775368224018,2.50700620529205,2.74952020820888,3.01108065032039,NA,NA,2,0.935612315887991,"rich_design",3,"maturity_weak","process"
"survival_at_80",0.36,0.604616139999674,0.10491137530311,0.41506461296992,0.605060766895196,0.813847705959141,FALSE,2.33164553693943,1.5,0.93005908313126,"rich_design",3,"maturity_shape_informed","survival"
"survival_slope_20",0.64,0.601406280577382,0.0668366290976233,0.472035172463774,0.601805728328002,0.734162918424418,TRUE,-0.577433660908403,1,0.933163370902377,"rich_design",3,"maturity_shape_informed","survival"
"growth_increment_80",8.4,6.00521117715796,0.534520199943641,4.94522903892256,6.02198306074373,7.07013486394503,FALSE,-4.48025878740325,6,0.910913300009393,"rich_design",3,"maturity_shape_informed","growth"
"growth_slope_20",-2.4,-1.78305699926602,0.273196989062583,-2.29039054365391,-1.77973305319383,-1.22573631385524,FALSE,2.25823499318529,3,0.908934336979139,"rich_design",3,"maturity_shape_informed","growth"
"log_growth_sd",1.50407739677627,1.86389599735294,0.0531108083589981,1.76125023353745,1.86305190633691,1.96656345022083,FALSE,6.77486582664118,0.7,0.924127416630003,"rich_design",3,"maturity_shape_informed","growth"
"log_recruitment_at_80",-1.69314718055995,-1.67390861861331,0.185305021993017,-2.03482628626009,-1.67080921746606,-1.29188413797681,TRUE,0.103821049962496,1.5,0.876463318671322,"rich_design",3,"maturity_shape_informed","recruitment"
"recruitment_slope_20",1.5,1.48269713286507,0.0849972805065853,1.31627536495313,1.47946424030318,1.64295566139751,TRUE,-0.203569655779625,0.2,0.575013597467073,"rich_design",3,"maturity_shape_informed","recruitment"
"recruit_mean_80",44.6,44.8156661385911,0.54450259217756,43.7441119974549,44.8052307283022,45.8601455088332,TRUE,0.396079177012998,10,0.945549740782244,"rich_design",3,"maturity_shape_informed","recruit_size"
"recruit_mean_slope_20",0.4,0.131178256720632,0.250005756440277,-0.324611262169135,0.132920025742641,0.656270182590806,TRUE,-1.07526221438659,2,0.874997121779861,"rich_design",3,"maturity_shape_informed","recruit_size"
"log_recruit_sd",1.25276296849537,1.1775626297235,0.0322435136328576,1.11265329392154,1.17762156054553,1.23816362944009,FALSE,-2.332262532804,0.7,0.953937837667346,"rich_design",3,"maturity_shape_informed","recruit_size"
"log_process_precision",NA,2.74578206986213,0.122228917077153,2.51547381702113,2.74416520894765,2.97979693169582,NA,NA,2,0.938885541461424,"rich_design",3,"maturity_shape_informed","process"
"survival_at_80",0.36,0.603120762221071,0.10142044603858,0.400972030339896,0.61055653021793,0.791813194599529,FALSE,2.39715729635609,1.5,0.932386369307613,"rich_design",3,"maturity_fixed_recruitment_slope","survival"
"survival_slope_20",0.64,0.603200567579372,0.0675114581773993,0.472067671697189,0.602860360477957,0.741009398444767,TRUE,-0.545084248127637,1,0.932488541822601,"rich_design",3,"maturity_fixed_recruitment_slope","survival"
"growth_increment_80",8.4,6.01040805318068,0.519196807285217,5.04374452926796,6.02047049737127,7.04540944230779,FALSE,-4.60247812253324,6,0.913467198785797,"rich_design",3,"maturity_fixed_recruitment_slope","growth"
"growth_slope_20",-2.4,-1.79173819048599,0.247898878090401,-2.2435173108099,-1.7786447383831,-1.32642704352139,FALSE,2.45366906941868,3,0.917367040636533,"rich_design",3,"maturity_fixed_recruitment_slope","growth"
"log_growth_sd",1.50407739677627,1.86299608608545,0.0539171035670698,1.7506911339586,1.86530418398826,1.97108600556421,FALSE,6.65686146999161,0.7,0.922975566332757,"rich_design",3,"maturity_fixed_recruitment_slope","growth"
"log_recruitment_at_80",-1.69314718055995,-1.70883951315787,0.0445418060057589,-1.79195381890242,-1.70877731319578,-1.61928917687387,TRUE,-0.352305710188174,1.5,0.970305462662827,"rich_design",3,"maturity_fixed_recruitment_slope","recruitment"
"recruitment_slope_20",1.5,1.5,0,1.5,1.5,1.5,TRUE,NA,NA,NA,"rich_design",3,"maturity_fixed_recruitment_slope","recruitment"
"recruit_mean_80",44.6,44.78795768218,0.540242595602979,43.6504034606336,44.7861783193342,45.8465248362342,TRUE,0.347913481294838,10,0.945975740439702,"rich_design",3,"maturity_fixed_recruitment_slope","recruit_size"
"recruit_mean_slope_20",0.4,0.140385892616073,0.249937147429552,-0.34633274905692,0.1383048406573,0.638194735953011,TRUE,-1.03871757381364,2,0.875031426285224,"rich_design",3,"maturity_fixed_recruitment_slope","recruit_size"
"log_recruit_sd",1.25276296849537,1.17463742207625,0.0328332470930548,1.11295363636267,1.17527611908198,1.23773072439549,FALSE,-2.37946451649137,0.7,0.953095361295636,"rich_design",3,"maturity_fixed_recruitment_slope","recruit_size"
"log_process_precision",NA,2.74968167773614,0.124466782676645,2.51139908486603,2.74799610734329,2.98639412210718,NA,NA,2,0.937766608661677,"rich_design",3,"maturity_fixed_recruitment_slope","process"
"survival_at_80",0.36,0.321869713741812,0.168281696902111,-0.000618163656354206,0.31956402950924,0.644801308738347,TRUE,-0.226586057545925,1.5,0.88781220206526,"standard",4,"ungated_weak","survival"
"survival_slope_20",0.64,0.552146051701069,0.113330922375797,0.310442955720676,0.551368793012825,0.769382579489149,TRUE,-0.775198387670519,1,0.886669077624203,"standard",4,"ungated_weak","survival"
"growth_increment_80",8.4,7.9755692026237,1.36470337954271,5.07245865210843,7.99980594661146,10.547039129138,TRUE,-0.311005896034725,6,0.772549436742882,"standard",4,"ungated_weak","growth"
"growth_slope_20",-2.4,-2.52427430690252,0.508387189386643,-3.48824729546927,-2.57149324868234,-1.46370961568263,TRUE,-0.244448147980394,3,0.830537603537786,"standard",4,"ungated_weak","growth"
"log_growth_sd",1.50407739677627,1.99587351475387,0.14804932473919,1.7004275641354,1.99331920239042,2.27754392134402,FALSE,3.32183965610088,0.7,0.7885009646583,"standard",4,"ungated_weak","growth"
"log_recruitment_at_80",-1.69314718055995,-0.74839788453263,0.309627442147388,-1.3260227990251,-0.743557194577254,-0.131963183877045,FALSE,3.05124535950401,1.5,0.793581705235075,"standard",4,"ungated_weak","recruitment"
"recruitment_slope_20",1.5,1.12332477212446,0.213477365832778,0.716873756525284,1.12820234376684,1.52960373670711,TRUE,-1.76447384202126,1,0.786522634167222,"standard",4,"ungated_weak","recruitment"
"recruit_mean_80",44.6,45.3158749873394,0.776988607389814,43.6715221055284,45.3251467825505,46.8320448638489,TRUE,0.921345539086209,10,0.922301139261019,"standard",4,"ungated_weak","recruit_size"
"recruit_mean_slope_20",0.4,0.142053567851799,0.532450447524347,-0.827150409125833,0.142107521366054,1.19939713327994,TRUE,-0.484451526611603,2,0.733774776237827,"standard",4,"ungated_weak","recruit_size"
"log_recruit_sd",1.25276296849537,1.19300184672831,0.0490102502549102,1.08858741466406,1.19297685698039,1.28555559458384,TRUE,-1.21935965346501,0.7,0.9299853567787,"standard",4,"ungated_weak","recruit_size"
"log_process_precision",NA,4.86612795342618,0.92768063814145,3.09472317737306,4.87953499209863,6.6078171412986,NA,NA,2,0.536159680929275,"standard",4,"ungated_weak","process"
"survival_at_80",0.36,0.346917448918645,0.169553410356059,0.0216786119124486,0.331559318633774,0.676955211761058,TRUE,-0.0771588790451456,1.5,0.886964393095961,"standard",4,"maturity_weak","survival"
"survival_slope_20",0.64,0.553304366892254,0.111887757209694,0.323808667352123,0.551492292988056,0.774199188867774,TRUE,-0.774844677110345,1,0.888112242790306,"standard",4,"maturity_weak","survival"
"growth_increment_80",8.4,7.83342393253132,1.36036061406084,5.19908971708782,7.89937606534589,10.3984302732813,TRUE,-0.416489614307039,6,0.77327323098986,"standard",4,"maturity_weak","growth"
"growth_slope_20",-2.4,-2.49813672538398,0.534088950324634,-3.48258305337879,-2.48994660986058,-1.43582080920053,TRUE,-0.183746032050149,3,0.821970349891789,"standard",4,"maturity_weak","growth"
"log_growth_sd",1.50407739677627,2.0202903594247,0.134239927839619,1.76567540687407,2.02003329633085,2.27592850668297,FALSE,3.8454502394039,0.7,0.808228674514829,"standard",4,"maturity_weak","growth"
"log_recruitment_at_80",-1.69314718055995,-1.10556016755811,0.31588612131907,-1.68058729815473,-1.11390945080041,-0.526103912474075,FALSE,1.86012291565139,1.5,0.789409252453954,"standard",4,"maturity_weak","recruitment"
"recruitment_slope_20",1.5,1.23160526962607,0.155658187865318,0.956267776735512,1.23025151177995,1.52484409200346,TRUE,-1.7242570664266,1,0.844341812134682,"standard",4,"maturity_weak","recruitment"
"recruit_mean_80",44.6,45.002595719841,0.878392790928161,43.4080687278352,44.9787555849086,46.7370877804346,TRUE,0.458332222211852,10,0.912160720907184,"standard",4,"maturity_weak","recruit_size"
"recruit_mean_slope_20",0.4,0.262734329961886,0.444952155272456,-0.65480017649729,0.26918664376275,1.05785568341541,TRUE,-0.308495348121334,2,0.777523922363772,"standard",4,"maturity_weak","recruit_size"
"log_recruit_sd",1.25276296849537,1.18636315581567,0.0533022638762031,1.09311892389076,1.1878738991522,1.28869981982404,TRUE,-1.24572218609548,0.7,0.923853908748281,"standard",4,"maturity_weak","recruit_size"
"log_process_precision",NA,4.36917033157968,0.848411295462415,2.66935649262583,4.36358568028229,6.02381262096321,NA,NA,2,0.575794352268793,"standard",4,"maturity_weak","process"
"survival_at_80",0.36,0.350925960782646,0.181038849809245,-0.00274245686447204,0.343904606438244,0.699681651001832,TRUE,-0.0501220551661396,1.5,0.879307433460503,"standard",4,"maturity_shape_informed","survival"
"survival_slope_20",0.64,0.548899887329777,0.116471258248078,0.337063951179613,0.544543484936505,0.78666699995982,TRUE,-0.782168185014233,1,0.883528741751922,"standard",4,"maturity_shape_informed","survival"
"growth_increment_80",8.4,7.71015975703037,1.35841645381344,4.87585903034408,7.76959785683321,10.271770395315,TRUE,-0.50782677214566,6,0.77359725769776,"standard",4,"maturity_shape_informed","growth"
"growth_slope_20",-2.4,-2.49407334786196,0.512228807639073,-3.4679121710826,-2.49182771639935,-1.55179473672543,TRUE,-0.183654934004116,3,0.829257064120309,"standard",4,"maturity_shape_informed","growth"
"log_growth_sd",1.50407739677627,2.02302252075641,0.126678992200048,1.7628599057429,2.02635337687016,2.26685536145155,FALSE,4.09653656827828,0.7,0.819030011142789,"standard",4,"maturity_shape_informed","growth"
"log_recruitment_at_80",-1.69314718055995,-1.30234307054888,0.248835832439443,-1.78415841309645,-1.29491126255896,-0.780970357636389,TRUE,1.57052987980006,1.5,0.834109445040371,"standard",4,"maturity_shape_informed","recruitment"
"recruitment_slope_20",1.5,1.32948796304744,0.117478990147822,1.09217671169556,1.32933281264662,1.55747578813363,TRUE,-1.45142579739581,0.2,0.412605049260892,"standard",4,"maturity_shape_informed","recruitment"
"recruit_mean_80",44.6,44.8672994814069,0.882941632920906,43.1119917367104,44.8653868063174,46.3570146455417,TRUE,0.302737430698139,10,0.911705836707909,"standard",4,"maturity_shape_informed","recruit_size"
"recruit_mean_slope_20",0.4,0.315449202726844,0.426631105874374,-0.485815578922274,0.325829236116474,1.20073142735885,TRUE,-0.198182448745433,2,0.786684447062813,"standard",4,"maturity_shape_informed","recruit_size"
"log_recruit_sd",1.25276296849537,1.18113961964749,0.0500475126998179,1.0805730432839,1.18265411797764,1.27063487981334,TRUE,-1.4311070617529,0.7,0.928503553285974,"standard",4,"maturity_shape_informed","recruit_size"
"log_process_precision",NA,4.43472602049278,0.818363770559907,2.81054778116683,4.4663911471522,5.86189907225132,NA,NA,2,0.590818114720047,"standard",4,"maturity_shape_informed","process"
"survival_at_80",0.36,0.354423343250805,0.182220926931855,-0.005474091505709,0.354934818819651,0.706753109562481,TRUE,-0.0306038216526046,1.5,0.87851938204543,"standard",4,"maturity_fixed_recruitment_slope","survival"
"survival_slope_20",0.64,0.544293932236893,0.120271447775469,0.320633407019607,0.540495381173723,0.779638675853305,TRUE,-0.795750525442895,1,0.879728552224531,"standard",4,"maturity_fixed_recruitment_slope","survival"
"growth_increment_80",8.4,7.64755583046224,1.35845079752047,5.10344824146657,7.6338978515544,10.2887470145949,TRUE,-0.55389872854517,6,0.773591533746589,"standard",4,"maturity_fixed_recruitment_slope","growth"
"growth_slope_20",-2.4,-2.47104393646319,0.518281667348989,-3.38305602557062,-2.46315047775272,-1.54193631639253,TRUE,-0.137075920177877,3,0.827239444217004,"standard",4,"maturity_fixed_recruitment_slope","growth"
"log_growth_sd",1.50407739677627,2.03862811621121,0.127517015171668,1.80570450905131,2.02528752353868,2.28862667192746,FALSE,4.19199523071724,0.7,0.817832835469045,"standard",4,"maturity_fixed_recruitment_slope","growth"
"log_recruitment_at_80",-1.69314718055995,-1.66849904520571,0.0587796879294892,-1.78208145749399,-1.66657583398538,-1.54903060439162,TRUE,0.419330830469945,1.5,0.96081354138034,"standard",4,"maturity_fixed_recruitment_slope","recruitment"
"recruitment_slope_20",1.5,1.5,0,1.5,1.5,1.5,TRUE,NA,NA,NA,"standard",4,"maturity_fixed_recruitment_slope","recruitment"
"recruit_mean_80",44.6,44.6759178200273,0.919667099366053,42.830527740543,44.7376710049911,46.3142013842419,TRUE,0.0825492399147278,10,0.908033290063395,"standard",4,"maturity_fixed_recruitment_slope","recruit_size"
"recruit_mean_slope_20",0.4,0.379938843345582,0.424673247891601,-0.351189443382604,0.359989285121287,1.25333591485122,TRUE,-0.0472390402598153,2,0.7876633760542,"standard",4,"maturity_fixed_recruitment_slope","recruit_size"
"log_recruit_sd",1.25276296849537,1.17153698519077,0.0540674761502969,1.06722296944317,1.17224701399794,1.27701533547879,TRUE,-1.50230765495336,0.7,0.922760748356719,"standard",4,"maturity_fixed_recruitment_slope","recruit_size"
"log_process_precision",NA,4.32096292927347,0.791050332474283,2.72440541410042,4.37310143332696,5.82452189279576,NA,NA,2,0.604474833762859,"standard",4,"maturity_fixed_recruitment_slope","process"
"survival_at_80",0.36,0.440340627791667,0.0919169823795217,0.251374799397297,0.443281526568723,0.622074951322667,TRUE,0.874056411686182,1.5,0.938722011746986,"dense_profiles",4,"ungated_weak","survival"
"survival_slope_20",0.64,0.594138084552551,0.0646852771159954,0.466582851270879,0.593461579865791,0.72450273457776,TRUE,-0.709000834381651,1,0.935314722884005,"dense_profiles",4,"ungated_weak","survival"
"growth_increment_80",8.4,7.6551853860138,0.569972984251137,6.53555840019854,7.66537337780479,8.76604233771819,TRUE,-1.3067542402291,6,0.90500450262481,"dense_profiles",4,"ungated_weak","growth"
"growth_slope_20",-2.4,-2.21330254347951,0.243928022676471,-2.70046927047636,-2.2043027752276,-1.75270171244393,TRUE,0.765379288824513,3,0.918690659107843,"dense_profiles",4,"ungated_weak","growth"
"log_growth_sd",1.50407739677627,1.70130233782307,0.0903964172444553,1.51221588318365,1.70366788090105,1.86993984303136,FALSE,2.18177829452521,0.7,0.87086226107935,"dense_profiles",4,"ungated_weak","growth"
"log_recruitment_at_80",-1.69314718055995,-1.22322768702145,0.214444541927948,-1.64456869681396,-1.21739842344463,-0.820792259862095,FALSE,2.19133342967708,1.5,0.857036972048035,"dense_profiles",4,"ungated_weak","recruitment"
"recruitment_slope_20",1.5,1.40499224720101,0.120597549900067,1.1888243043676,1.40281942176951,1.63751183855638,TRUE,-0.787808316816742,1,0.879402450099933,"dense_profiles",4,"ungated_weak","recruitment"
"recruit_mean_80",44.6,44.2952923190584,0.6824525494824,42.9669869410109,44.2319603319005,45.6479619023052,TRUE,-0.446489182541273,10,0.93175474505176,"dense_profiles",4,"ungated_weak","recruit_size"
"recruit_mean_slope_20",0.4,0.521633793278905,0.37743818278347,-0.23004551585837,0.5538304478806,1.28860592458235,TRUE,0.32226149559618,2,0.811280908608265,"dense_profiles",4,"ungated_weak","recruit_size"
"log_recruit_sd",1.25276296849537,1.22951398237199,0.0342127105835649,1.15766589308281,1.22901987916597,1.29460375666465,TRUE,-0.679542360918548,0.7,0.951124699166336,"dense_profiles",4,"ungated_weak","recruit_size"
"log_process_precision",NA,4.05573311501876,0.260477268932793,3.57976251529857,4.04793491608444,4.57740166476639,NA,NA,2,0.869761365533604,"dense_profiles",4,"ungated_weak","process"
"survival_at_80",0.36,0.434780857678574,0.0934321390879996,0.252344961724395,0.432417868615984,0.616272257501032,TRUE,0.800376170432543,1.5,0.937711907274667,"dense_profiles",4,"maturity_weak","survival"
"survival_slope_20",0.64,0.592867210365187,0.0645313672626407,0.470632725124743,0.593612564363666,0.713010916128144,TRUE,-0.73038572765681,1,0.935468632737359,"dense_profiles",4,"maturity_weak","survival"
"growth_increment_80",8.4,7.70663718685768,0.540670866962183,6.7356958242999,7.67755779443253,8.77177426008866,TRUE,-1.28241200980191,6,0.909888188839636,"dense_profiles",4,"maturity_weak","growth"
"growth_slope_20",-2.4,-2.19422728608841,0.243212265153905,-2.64260226976295,-2.19239801974122,-1.6953059466182,TRUE,0.846062240246728,3,0.918929244948698,"dense_profiles",4,"maturity_weak","growth"
"log_growth_sd",1.50407739677627,1.69859449957127,0.0864423631251551,1.53313039624863,1.6973223678453,1.86055590476787,FALSE,2.25025202646719,0.7,0.876510909821207,"dense_profiles",4,"maturity_weak","growth"
"log_recruitment_at_80",-1.69314718055995,-1.35985213728548,0.224502900438346,-1.79528150039618,-1.35490525647703,-0.923351473987143,TRUE,1.48459125750134,1.5,0.85033139970777,"dense_profiles",4,"maturity_weak","recruitment"
"recruitment_slope_20",1.5,1.35354917339948,0.114690296723388,1.13421691902567,1.35101593299227,1.58361160657835,TRUE,-1.27692429773494,1,0.885309703276612,"dense_profiles",4,"maturity_weak","recruitment"
"recruit_mean_80",44.6,44.0848732760382,0.797791190614281,42.552658793752,44.0471605118966,45.6320314838433,TRUE,-0.645691165836477,10,0.920220880938572,"dense_profiles",4,"maturity_weak","recruit_size"
"recruit_mean_slope_20",0.4,0.587018125976904,0.409169735820569,-0.210328071122771,0.598566311314595,1.35915006520076,TRUE,0.457067347862004,2,0.795415132089716,"dense_profiles",4,"maturity_weak","recruit_size"
"log_recruit_sd",1.25276296849537,1.23536152663528,0.031295027328438,1.17035503296163,1.23321933673841,1.29670918753392,TRUE,-0.556044948530059,0.7,0.955292818102232,"dense_profiles",4,"maturity_weak","recruit_size"
"log_process_precision",NA,4.05638834026204,0.270609967703854,3.55456807754943,4.04490212635589,4.56486551029352,NA,NA,2,0.864695016148073,"dense_profiles",4,"maturity_weak","process"
"survival_at_80",0.36,0.440817081643879,0.0910418656538173,0.280059060286836,0.434177755412203,0.608121009432934,TRUE,0.8876914050859,1.5,0.939305422897455,"dense_profiles",4,"maturity_shape_informed","survival"
"survival_slope_20",0.64,0.59771165911214,0.0631619290098448,0.469660691773067,0.597866184824799,0.719619173254879,TRUE,-0.669522630970769,1,0.936838070990155,"dense_profiles",4,"maturity_shape_informed","survival"
"growth_increment_80",8.4,7.64591492489479,0.538909590824872,6.60997648964,7.61810099443104,8.75402346289071,TRUE,-1.3992793743956,6,0.910181734862521,"dense_profiles",4,"maturity_shape_informed","growth"
"growth_slope_20",-2.4,-2.20105380644599,0.238546795432379,-2.68493113860733,-2.2024904228385,-1.72414214245481,TRUE,0.833992312466046,3,0.92048440152254,"dense_profiles",4,"maturity_shape_informed","growth"
"log_growth_sd",1.50407739677627,1.70723950204288,0.0941958678051142,1.51983981486798,1.7128172224368,1.8855452218254,FALSE,2.1568048577984,0.7,0.865434474564122,"dense_profiles",4,"maturity_shape_informed","growth"
"log_recruitment_at_80",-1.69314718055995,-1.42482037188595,0.212713714209851,-1.85841218546152,-1.41814060363301,-1.05696345397854,TRUE,1.26144574020873,1.5,0.858190857193432,"dense_profiles",4,"maturity_shape_informed","recruitment"
"recruitment_slope_20",1.5,1.3869469077055,0.107984813713014,1.19728731661174,1.38292223680486,1.60978692641347,TRUE,-1.04693510510616,0.2,0.460075931434929,"dense_profiles",4,"maturity_shape_informed","recruitment"
"recruit_mean_80",44.6,44.0985724760638,0.864508173506919,42.494080261953,44.084073029434,45.5878818253983,TRUE,-0.580014786791588,10,0.913549182649308,"dense_profiles",4,"maturity_shape_informed","recruit_size"
"recruit_mean_slope_20",0.4,0.581637333245542,0.42977496708232,-0.220065736964642,0.591541502171045,1.40104219511222,TRUE,0.422633580728657,2,0.78511251645884,"dense_profiles",4,"maturity_shape_informed","recruit_size"
"log_recruit_sd",1.25276296849537,1.2374404739168,0.0314635267960971,1.17363684747284,1.23632185463759,1.29834609695181,TRUE,-0.486992277689161,0.7,0.955052104577004,"dense_profiles",4,"maturity_shape_informed","recruit_size"
"log_process_precision",NA,4.06685915855021,0.266579600210039,3.54694731811612,4.05731317983028,4.56639738042131,NA,NA,2,0.86671019989498,"dense_profiles",4,"maturity_shape_informed","process"
"survival_at_80",0.36,0.432935504297322,0.0883669656202325,0.272126699876051,0.430829946867454,0.614112132942139,TRUE,0.825370700299605,1.5,0.941088689586512,"dense_profiles",4,"maturity_fixed_recruitment_slope","survival"
"survival_slope_20",0.64,0.594396554488558,0.0599795814454666,0.484725864823672,0.597409067407666,0.706828599512269,TRUE,-0.760316167809621,1,0.940020418554533,"dense_profiles",4,"maturity_fixed_recruitment_slope","survival"
"growth_increment_80",8.4,7.64981443421017,0.57369258238832,6.52483569516888,7.64481205900257,8.61716015007708,TRUE,-1.30764383019693,6,0.904384569601947,"dense_profiles",4,"maturity_fixed_recruitment_slope","growth"
"growth_slope_20",-2.4,-2.22146941893555,0.237657641015458,-2.70773841508472,-2.21837830534334,-1.78576825414682,TRUE,0.751209093474252,3,0.920780786328181,"dense_profiles",4,"maturity_fixed_recruitment_slope","growth"
"log_growth_sd",1.50407739677627,1.70227336729386,0.0909716755168208,1.53799382973947,1.69925989631968,1.87547832100509,FALSE,2.1786558221733,0.7,0.870040463547399,"dense_profiles",4,"maturity_fixed_recruitment_slope","growth"
"log_recruitment_at_80",-1.69314718055995,-1.65219807779046,0.0360759650958165,-1.72491566527073,-1.65389343146367,-1.58007684026623,TRUE,1.13507989767512,1.5,0.975949356602789,"dense_profiles",4,"maturity_fixed_recruitment_slope","recruitment"
"recruitment_slope_20",1.5,1.5,0,1.5,1.5,1.5,TRUE,NA,NA,NA,"dense_profiles",4,"maturity_fixed_recruitment_slope","recruitment"
"recruit_mean_80",44.6,43.9959729253984,0.85728235425401,42.170668198599,43.9931408644352,45.6561713286641,TRUE,-0.704583585098028,10,0.914271764574599,"dense_profiles",4,"maturity_fixed_recruitment_slope","recruit_size"
"recruit_mean_slope_20",0.4,0.613625927544008,0.425015469517114,-0.230343443845777,0.609360328088889,1.48462463592654,TRUE,0.502630946084671,2,0.787492265241443,"dense_profiles",4,"maturity_fixed_recruitment_slope","recruit_size"
"log_recruit_sd",1.25276296849537,1.23535817498439,0.0316377650029402,1.17563841835088,1.23497792098205,1.29527790760803,TRUE,-0.550127150554299,0.7,0.954803192852943,"dense_profiles",4,"maturity_fixed_recruitment_slope","recruit_size"
"log_process_precision",NA,4.0635228986888,0.245439244961344,3.54592986215254,4.06318555107973,4.52205972497886,NA,NA,2,0.877280377519328,"dense_profiles",4,"maturity_fixed_recruitment_slope","process"
"survival_at_80",0.36,0.448104376329629,0.0853843469940982,0.295426370045972,0.442350648566895,0.613848639177858,TRUE,1.03185629955944,1.5,0.943077102003935,"rich_design",4,"ungated_weak","survival"
"survival_slope_20",0.64,0.567896229109806,0.0509724289893956,0.463021314480868,0.569760881040534,0.656322222345455,TRUE,-1.41456415398989,1,0.949027571010604,"rich_design",4,"ungated_weak","survival"
"growth_increment_80",8.4,7.85023548340049,0.520689843475324,6.82615668861177,7.87733513920101,8.91819415165644,TRUE,-1.05583875600516,6,0.913218359420779,"rich_design",4,"ungated_weak","growth"
"growth_slope_20",-2.4,-1.75431042212593,0.219995484666842,-2.20939275489194,-1.75911206272111,-1.31286378472381,FALSE,2.93501286561355,3,0.926668171777719,"rich_design",4,"ungated_weak","growth"
"log_growth_sd",1.50407739677627,1.74387813585733,0.0739862447605151,1.61007675907237,1.74282159598977,1.88947323917152,FALSE,3.24115299887521,0.7,0.894305364627836,"rich_design",4,"ungated_weak","growth"
"log_recruitment_at_80",-1.69314718055995,-0.900286203623967,0.113794827419212,-1.1185469712351,-0.897334825342147,-0.669606078980738,FALSE,6.96746060359262,1.5,0.924136781720526,"rich_design",4,"ungated_weak","recruitment"
"recruitment_slope_20",1.5,1.23036345625885,0.0621317277988102,1.11121152913936,1.22947391113815,1.34726372488973,FALSE,-4.33975608427097,1,0.93786827220119,"rich_design",4,"ungated_weak","recruitment"
"recruit_mean_80",44.6,45.0213460526577,0.359586173587026,44.354406922508,45.0361530108874,45.6965085955457,TRUE,1.17175265237437,10,0.964041382641297,"rich_design",4,"ungated_weak","recruit_size"
"recruit_mean_slope_20",0.4,0.116993205352526,0.198227151046925,-0.246731375572347,0.115608282345969,0.473542952633008,TRUE,-1.42768936118382,2,0.900886424476537,"rich_design",4,"ungated_weak","recruit_size"
"log_recruit_sd",1.25276296849537,1.22738060668354,0.0226554023627879,1.18224619889393,1.22709340968904,1.27064735285259,TRUE,-1.12036685137482,0.7,0.967635139481732,"rich_design",4,"ungated_weak","recruit_size"
"log_process_precision",NA,3.75677269587287,0.187467133204097,3.41640926286134,3.75242657220276,4.14330413324599,NA,NA,2,0.906266433397951,"rich_design",4,"ungated_weak","process"
"survival_at_80",0.36,0.453336031909651,0.083047366573606,0.285787549314094,0.451109712341623,0.609580981710261,TRUE,1.12388912208223,1.5,0.944635088950929,"rich_design",4,"maturity_weak","survival"
"survival_slope_20",0.64,0.559069626802096,0.0519855696897992,0.459958683441903,0.560356000481086,0.671082045053779,TRUE,-1.55678534794983,1,0.948014430310201,"rich_design",4,"maturity_weak","survival"
"growth_increment_80",8.4,7.72660854620253,0.52899494309667,6.68304568492728,7.74160942402763,8.74437385027928,TRUE,-1.27296387722635,6,0.911834176150555,"rich_design",4,"maturity_weak","growth"
"growth_slope_20",-2.4,-1.73594160636106,0.211487187102866,-2.14932259695442,-1.72109310090095,-1.35244116732807,FALSE,3.1399462196069,3,0.929504270965711,"rich_design",4,"maturity_weak","growth"
"log_growth_sd",1.50407739677627,1.76001493527885,0.0794568116376798,1.6023300447664,1.76126158071143,1.93242982546822,FALSE,3.22108996355963,0.7,0.886490269089029,"rich_design",4,"maturity_weak","growth"
"log_recruitment_at_80",-1.69314718055995,-1.06527326646765,0.122697446501308,-1.32181300600958,-1.06456429129454,-0.832085450297552,FALSE,5.11725330881768,1.5,0.918201702332461,"rich_design",4,"maturity_weak","recruitment"
"recruitment_slope_20",1.5,1.21294352332397,0.0576199137607991,1.09072017285353,1.2136836262669,1.32627674841294,FALSE,-4.98189702032014,1,0.942380086239201,"rich_design",4,"maturity_weak","recruitment"
"recruit_mean_80",44.6,45.0543591333608,0.447498514552776,44.2718599727656,45.0445843597084,46.0224944394413,TRUE,1.0153310426402,10,0.955250148544722,"rich_design",4,"maturity_weak","recruit_size"
"recruit_mean_slope_20",0.4,0.0768682026646,0.211708903019861,-0.348082127635552,0.0668166185615968,0.450224894432179,TRUE,-1.526302355386,2,0.894145548490069,"rich_design",4,"maturity_weak","recruit_size"
"log_recruit_sd",1.25276296849537,1.22497612823837,0.0226255620374097,1.18061278918383,1.22607548842152,1.26649991950593,TRUE,-1.22811712747968,0.7,0.967677768517986,"rich_design",4,"maturity_weak","recruit_size"
"log_process_precision",NA,3.66325138916666,0.191385591366281,3.27919619657741,3.66399052564725,4.01438629862548,NA,NA,2,0.904307204316859,"rich_design",4,"maturity_weak","process"
"survival_at_80",0.36,0.456636416918038,0.0811067452317165,0.304139876172574,0.455799105649381,0.616373010498497,TRUE,1.19147201187711,1.5,0.945928836512189,"rich_design",4,"maturity_shape_informed","survival"
"survival_slope_20",0.64,0.562410009214663,0.0549303619345982,0.460827834124647,0.55961814009049,0.674633498352724,TRUE,-1.41251555701959,1,0.945069638065402,"rich_design",4,"maturity_shape_informed","survival"
"growth_increment_80",8.4,7.70361434031406,0.513790853603694,6.76665071915487,7.67480878559642,8.66677054285306,TRUE,-1.35538742039011,6,0.914368191066051,"rich_design",4,"maturity_shape_informed","growth"
"growth_slope_20",-2.4,-1.73888016059596,0.222631609546578,-2.15469385839172,-1.73017393789076,-1.34065750338493,FALSE,2.96956861045252,3,0.925789463484474,"rich_design",4,"maturity_shape_informed","growth"
"log_growth_sd",1.50407739677627,1.75743424136191,0.0727487283542022,1.61092290365528,1.75629777524197,1.90095737669293,FALSE,3.48262918565507,0.7,0.896073245208282,"rich_design",4,"maturity_shape_informed","growth"
"log_recruitment_at_80",-1.69314718055995,-1.1001995156299,0.118819512224067,-1.33482358231946,-1.10170016449101,-0.874303046841134,FALSE,4.99032232864143,1.5,0.920786991850622,"rich_design",4,"maturity_shape_informed","recruitment"
"recruitment_slope_20",1.5,1.22933496978441,0.0554861925007885,1.12483916932775,1.23133999444029,1.33602509198102,FALSE,-4.87806097366921,0.2,0.722569037496057,"rich_design",4,"maturity_shape_informed","recruitment"
"recruit_mean_80",44.6,45.0023558919966,0.40818165755307,44.2367759473505,45.0053124246091,45.7964555923158,TRUE,0.985727517519052,10,0.959181834244693,"rich_design",4,"maturity_shape_informed","recruit_size"
"recruit_mean_slope_20",0.4,0.0996079003898843,0.193119366682398,-0.271488664431997,0.0836651709835795,0.46778974738223,TRUE,-1.55547371954744,2,0.903440316658801,"rich_design",4,"maturity_shape_informed","recruit_size"
"log_recruit_sd",1.25276296849537,1.2235036188856,0.02251582137284,1.17945449304623,1.22242187265123,1.26655027756118,TRUE,-1.29950176479277,0.7,0.967834540895943,"rich_design",4,"maturity_shape_informed","recruit_size"
"log_process_precision",NA,3.66651093110444,0.197596689426888,3.28532506786553,3.67425597931986,4.02794027593396,NA,NA,2,0.901201655286556,"rich_design",4,"maturity_shape_informed","process"
"survival_at_80",0.36,0.478627612495526,0.0806756031032682,0.319401182851472,0.477161099563443,0.634622543409653,TRUE,1.4704273402664,1.5,0.946216264597821,"rich_design",4,"maturity_fixed_recruitment_slope","survival"
"survival_slope_20",0.64,0.56021506131559,0.0567091380702456,0.451955539753445,0.562499945310663,0.663325482156404,TRUE,-1.40691502991248,1,0.943290861929754,"rich_design",4,"maturity_fixed_recruitment_slope","survival"
"growth_increment_80",8.4,7.52052648633745,0.533042603717658,6.56682610422874,7.49972909680441,8.49168167991676,TRUE,-1.64991223502351,6,0.911159566047057,"rich_design",4,"maturity_fixed_recruitment_slope","growth"
"growth_slope_20",-2.4,-1.68822936931129,0.216068438922749,-2.12249434431885,-1.68444436281468,-1.26869665857174,FALSE,3.29419064735866,3,0.92797718702575,"rich_design",4,"maturity_fixed_recruitment_slope","growth"
"log_growth_sd",1.50407739677627,1.7897825268017,0.0760054998586403,1.6463964202937,1.79145223291206,1.94231408061165,FALSE,3.75900600031307,0.7,0.891420714487657,"rich_design",4,"maturity_fixed_recruitment_slope","growth"
"log_recruitment_at_80",-1.69314718055995,-1.68626623891558,0.0352191131421418,-1.75837921728897,-1.68427650628661,-1.62120139689992,TRUE,0.195375210516963,1.5,0.976520591238572,"rich_design",4,"maturity_fixed_recruitment_slope","recruitment"
"recruitment_slope_20",1.5,1.5,0,1.5,1.5,1.5,TRUE,NA,NA,NA,"rich_design",4,"maturity_fixed_recruitment_slope","recruitment"
"recruit_mean_80",44.6,44.6278493543247,0.460989005110201,43.7964596377897,44.6181387775759,45.5584072645643,TRUE,0.0604121877441535,10,0.95390109948898,"rich_design",4,"maturity_fixed_recruitment_slope","recruit_size"
"recruit_mean_slope_20",0.4,0.255731036913822,0.205366037791064,-0.146399499447887,0.248501428467032,0.627344759974094,TRUE,-0.702496696327925,2,0.897316981104468,"rich_design",4,"maturity_fixed_recruitment_slope","recruit_size"
"log_recruit_sd",1.25276296849537,1.21466632049238,0.0246076171579817,1.16420479728615,1.21511918563186,1.26321663738397,TRUE,-1.54816485311887,0.7,0.964846261202883,"rich_design",4,"maturity_fixed_recruitment_slope","recruit_size"
"log_process_precision",NA,3.44703463414495,0.170128424516148,3.10257552888735,3.43975305137117,3.74987042685466,NA,NA,2,0.914935787741926,"rich_design",4,"maturity_fixed_recruitment_slope","process"
"survival_at_80",0.36,0.454832964929352,0.186821468425079,0.10766669427696,0.455903175544808,0.831899762476486,TRUE,0.507612779884464,1.5,0.875452354383281,"standard",5,"ungated_weak","survival"
"survival_slope_20",0.64,0.55455824699859,0.132785258964704,0.300769035313228,0.551129651387059,0.836174773052008,TRUE,-0.643458119279049,1,0.867214741035296,"standard",5,"ungated_weak","survival"
"growth_increment_80",8.4,6.9024094118438,1.18076934410281,4.53606015129556,6.88304993313083,9.19321782893598,TRUE,-1.26831764021967,6,0.803205109316198,"standard",5,"ungated_weak","growth"
"growth_slope_20",-2.4,-1.57659475029652,0.606404835538838,-2.80927056612819,-1.54245431200688,-0.43230796404456,TRUE,1.35784743367328,3,0.797865054820387,"standard",5,"ungated_weak","growth"
"log_growth_sd",1.50407739677627,2.05369299161964,0.0973301158854799,1.86685430486391,2.05768434925639,2.24293832938882,FALSE,5.64692222795716,0.7,0.860956977306457,"standard",5,"ungated_weak","growth"
"log_recruitment_at_80",-1.69314718055995,-0.866310408792366,0.197134429479556,-1.26028584011147,-0.865070567174047,-0.454982779263574,FALSE,4.19427886823457,1.5,0.86857704701363,"standard",5,"ungated_weak","recruitment"
"recruitment_slope_20",1.5,0.961860920434605,0.148457321914435,0.64037342449009,0.960459734729523,1.2434729752333,FALSE,-3.62487395451978,1,0.851542678085565,"standard",5,"ungated_weak","recruitment"
"recruit_mean_80",44.6,45.8149917950101,0.715757710513778,44.4332007372896,45.8233449532911,47.15670806778,TRUE,1.69749033389795,10,0.928424228948622,"standard",5,"ungated_weak","recruit_size"
"recruit_mean_slope_20",0.4,-0.37743369658217,0.531109029343813,-1.35637182687045,-0.359969234399811,0.636874805544685,TRUE,-1.46379303236982,2,0.734445485328093,"standard",5,"ungated_weak","recruit_size"
"log_recruit_sd",1.25276296849537,1.26528956782868,0.0684182301250386,1.13267817529286,1.26686656277105,1.40005301608848,TRUE,0.183088619954397,0.7,0.902259671249945,"standard",5,"ungated_weak","recruit_size"
"log_process_precision",NA,3.25437841127459,0.399811033984659,2.48263222250799,3.26104522093035,3.99075610208822,NA,NA,2,0.80009448300767,"standard",5,"ungated_weak","process"
"survival_at_80",0.36,0.452996581395986,0.174347685704185,0.115391172841679,0.454305805848836,0.795000554719575,TRUE,0.533397280384744,1.5,0.883768209530543,"standard",5,"maturity_weak","survival"
"survival_slope_20",0.64,0.545982975186321,0.122340264064529,0.30831219206279,0.545848423611649,0.781844302854787,TRUE,-0.768487999699669,1,0.877659735935471,"standard",5,"maturity_weak","survival"
"growth_increment_80",8.4,6.81206836143926,1.11303813021441,4.78448147469135,6.79497914403561,8.96953728687265,TRUE,-1.42666418647746,6,0.814493644964265,"standard",5,"maturity_weak","growth"
"growth_slope_20",-2.4,-1.60362260461363,0.595876250233026,-2.77465715801152,-1.59172534679362,-0.463693348886525,TRUE,1.33648118225041,3,0.801374583255658,"standard",5,"maturity_weak","growth"
"log_growth_sd",1.50407739677627,2.05246800176126,0.0947618658411521,1.88572009611401,2.052384508079,2.23238902426574,FALSE,5.78703891187883,0.7,0.864625905941211,"standard",5,"maturity_weak","growth"
"log_recruitment_at_80",-1.69314718055995,-0.911973240434157,0.265951046896199,-1.41323992841844,-0.895565102268099,-0.417080722395404,FALSE,2.93728469672346,1.5,0.8226993020692,"standard",5,"maturity_weak","recruitment"
"recruitment_slope_20",1.5,0.923074121877696,0.146728491776536,0.639112509735338,0.925543375421628,1.2065448520469,FALSE,-3.93192808797454,1,0.853271508223464,"standard",5,"maturity_weak","recruitment"
"recruit_mean_80",44.6,45.752036189098,1.20823972331983,43.353400913291,45.7473114720428,48.0870459290984,TRUE,0.953483126620403,10,0.879176027668017,"standard",5,"maturity_weak","recruit_size"
"recruit_mean_slope_20",0.4,-0.240371037007402,0.694332867557974,-1.54835931868964,-0.24988789092268,1.2564778063776,TRUE,-0.922282477077082,2,0.652833566221013,"standard",5,"maturity_weak","recruit_size"
"log_recruit_sd",1.25276296849537,1.27392429262915,0.0650219492553959,1.14445084463666,1.2741428648671,1.40006756171796,TRUE,0.325448934953651,0.7,0.90711150106372,"standard",5,"maturity_weak","recruit_size"
"log_process_precision",NA,3.21043266996238,0.390267312092848,2.43516151806619,3.21989325419325,3.91488723799694,NA,NA,2,0.804866343953576,"standard",5,"maturity_weak","process"
"survival_at_80",0.36,0.485961665563526,0.183015149503998,0.140163451124954,0.486809034423209,0.841334565029249,TRUE,0.688258135487163,1.5,0.877989900330668,"standard",5,"maturity_shape_informed","survival"
"survival_slope_20",0.64,0.542669582922556,0.136539889540357,0.265025047004856,0.543840142373536,0.802677918443082,TRUE,-0.712835036011044,1,0.863460110459643,"standard",5,"maturity_shape_informed","survival"
"growth_increment_80",8.4,6.47463496339909,1.13322766363669,4.17981512267,6.45568018220951,8.64936183923599,TRUE,-1.69900991511462,6,0.811128722727218,"standard",5,"maturity_shape_informed","growth"
"growth_slope_20",-2.4,-1.54069208316302,0.618589291720199,-2.74454871065888,-1.54625178435003,-0.300213882763306,TRUE,1.38914127408734,3,0.7938035694266,"standard",5,"maturity_shape_informed","growth"
"log_growth_sd",1.50407739677627,2.05030019031382,0.0904365805467083,1.8697041101742,2.0516257693875,2.22789454794203,FALSE,6.03984350398384,0.7,0.870804884933274,"standard",5,"maturity_shape_informed","growth"
"log_recruitment_at_80",-1.69314718055995,-1.27697830610562,0.241358985803277,-1.75783703606494,-1.26945603860088,-0.826550231522143,TRUE,1.72427338086983,1.5,0.839094009464482,"standard",5,"maturity_shape_informed","recruitment"
"recruitment_slope_20",1.5,1.12111227201388,0.116581863466976,0.887532124976129,1.12055463250479,1.35305409525308,FALSE,-3.24997145112067,0.2,0.417090682665118,"standard",5,"maturity_shape_informed","recruitment"
"recruit_mean_80",44.6,45.5209082678092,1.14360332032265,43.4027151844504,45.5190440803753,47.7657840124097,TRUE,0.805268969968854,10,0.885639667967735,"standard",5,"maturity_shape_informed","recruit_size"
"recruit_mean_slope_20",0.4,-0.109796499862813,0.609567039787886,-1.25779320871177,-0.0991323522453395,0.986262568564406,TRUE,-0.836325566487665,2,0.695216480106057,"standard",5,"maturity_shape_informed","recruit_size"
"log_recruit_sd",1.25276296849537,1.26100801383948,0.065154138912436,1.12846976642583,1.26502218527426,1.39202255385484,TRUE,0.126546762519503,0.7,0.90692265869652,"standard",5,"maturity_shape_informed","recruit_size"
"log_process_precision",NA,3.14403726081197,0.355127213300994,2.46945499080964,3.12766458534925,3.84757167974241,NA,NA,2,0.822436393349503,"standard",5,"maturity_shape_informed","process"
"survival_at_80",0.36,0.528158032865567,0.174672248542316,0.20940552751566,0.524613804347243,0.879213954016609,TRUE,0.962706063893307,1.5,0.883551834305123,"standard",5,"maturity_fixed_recruitment_slope","survival"
"survival_slope_20",0.64,0.523252878450062,0.133621703698756,0.253608387699727,0.52668093462928,0.769706699350407,TRUE,-0.873713762946322,1,0.866378296301244,"standard",5,"maturity_fixed_recruitment_slope","survival"
"growth_increment_80",8.4,6.24470972654247,1.07647136963438,4.24556422971081,6.26158154603711,8.31524216150894,FALSE,-2.00218076788197,6,0.820588105060936,"standard",5,"maturity_fixed_recruitment_slope","growth"
"growth_slope_20",-2.4,-1.33199725724961,0.596973918235261,-2.50804585000557,-1.32118112118561,-0.233312779181071,TRUE,1.78902747695838,3,0.80100869392158,"standard",5,"maturity_fixed_recruitment_slope","growth"
"log_growth_sd",1.50407739677627,2.04744100832583,0.0929987525328071,1.87057026694621,2.04448319546924,2.24192838290181,FALSE,5.84269785078976,0.7,0.867144639238847,"standard",5,"maturity_fixed_recruitment_slope","growth"
"log_recruitment_at_80",-1.69314718055995,-2.04668210693946,0.0905385413776288,-2.19869905113176,-2.04767950507842,-1.86955822879727,FALSE,-3.9048003314406,1.5,0.939640972414914,"standard",5,"maturity_fixed_recruitment_slope","recruitment"
"recruitment_slope_20",1.5,1.5,0,1.5,1.5,1.5,TRUE,NA,NA,NA,"standard",5,"maturity_fixed_recruitment_slope","recruitment"
"recruit_mean_80",44.6,45.0715352961891,1.16601294276968,42.8268517913225,45.075698499523,47.3688652057824,TRUE,0.404399710237387,10,0.883398705723032,"standard",5,"maturity_fixed_recruitment_slope","recruit_size"
"recruit_mean_slope_20",0.4,0.0813668256046488,0.555253078610285,-1.00033370163632,0.116531368643494,1.11785253922911,TRUE,-0.573852152594709,2,0.722373460694858,"standard",5,"maturity_fixed_recruitment_slope","recruit_size"
"log_recruit_sd",1.25276296849537,1.22979019225743,0.068306397940333,1.09326583073429,1.22849717091176,1.37113382347293,TRUE,-0.336319538588594,0.7,0.90241943151381,"standard",5,"maturity_fixed_recruitment_slope","recruit_size"
"log_process_precision",NA,2.72014851473737,0.284511650996981,2.17070125363951,2.73125475654644,3.27600050321135,NA,NA,2,0.857744174501509,"standard",5,"maturity_fixed_recruitment_slope","process"
"survival_at_80",0.36,0.414556512376135,0.0888758330297844,0.23330678800814,0.413937362014416,0.582317580624629,TRUE,0.613850925682481,1.5,0.94074944464681,"dense_profiles",5,"ungated_weak","survival"
"survival_slope_20",0.64,0.673202102076393,0.0623744689849983,0.551291399103161,0.672603086682642,0.793425444092484,TRUE,0.532302761316952,1,0.937625531015002,"dense_profiles",5,"ungated_weak","survival"
"growth_increment_80",8.4,8.25076550738711,0.445080372180718,7.41809294217266,8.23812644890204,9.14684374614279,TRUE,-0.335297851670468,6,0.92581993796988,"dense_profiles",5,"ungated_weak","growth"
"growth_slope_20",-2.4,-2.00742910050252,0.207628065090985,-2.42529703013279,-2.00688875682616,-1.60336537810033,TRUE,1.89074101964706,3,0.930790644969672,"dense_profiles",5,"ungated_weak","growth"
"log_growth_sd",1.50407739677627,1.50924264366438,0.0965210641459768,1.30821960645738,1.51721091072943,1.69401111275863,TRUE,0.0535141933401397,0.7,0.862112765505747,"dense_profiles",5,"ungated_weak","growth"
"log_recruitment_at_80",-1.69314718055995,-1.39092138084867,0.12609982404294,-1.63101352654818,-1.39040714237992,-1.15727138196715,FALSE,2.39671864735007,1.5,0.91593345063804,"dense_profiles",5,"ungated_weak","recruitment"
"recruitment_slope_20",1.5,1.44936509772612,0.0625494275536435,1.33195019623042,1.45148893548708,1.56870578928861,TRUE,-0.809518236285292,1,0.937450572446357,"dense_profiles",5,"ungated_weak","recruitment"
"recruit_mean_80",44.6,44.7075744590978,0.575892158813024,43.3947050802822,44.737189876578,45.7511669337347,TRUE,0.186796186493502,10,0.942410784118697,"dense_profiles",5,"ungated_weak","recruit_size"
"recruit_mean_slope_20",0.4,0.327624386893478,0.286329530467335,-0.203859834475922,0.310233958866569,0.980148007750848,TRUE,-0.252770341181342,2,0.856835234766333,"dense_profiles",5,"ungated_weak","recruit_size"
"log_recruit_sd",1.25276296849537,1.22005914556295,0.0241529296694517,1.17160256484429,1.22129869337362,1.2647634087402,TRUE,-1.35403130717422,0.7,0.965495814757926,"dense_profiles",5,"ungated_weak","recruit_size"
"log_process_precision",NA,5.57493606964955,0.658168491618661,4.15513781130614,5.61027268379238,6.82845890286386,NA,NA,2,0.670915754190669,"dense_profiles",5,"ungated_weak","process"
"survival_at_80",0.36,0.413879178948352,0.089899923057468,0.232625581217915,0.410388926431378,0.588439812392314,TRUE,0.599323971767026,1.5,0.940066717961688,"dense_profiles",5,"maturity_weak","survival"
"survival_slope_20",0.64,0.67625053958747,0.0617357001350205,0.560376207349062,0.676076206765806,0.809130123763701,TRUE,0.58718925205654,1,0.93826429986498,"dense_profiles",5,"maturity_weak","survival"
"growth_increment_80",8.4,8.22612313276745,0.447807438309414,7.36270959582888,8.21786815063939,9.08785285311518,TRUE,-0.388284901851961,6,0.925365426948431,"dense_profiles",5,"maturity_weak","growth"
"growth_slope_20",-2.4,-2.01040840264674,0.2091437586978,-2.40291208186944,-2.00719303557833,-1.60378194708649,TRUE,1.86279332349666,3,0.9302854137674,"dense_profiles",5,"maturity_weak","growth"
"log_growth_sd",1.50407739677627,1.51007776598844,0.102515855500264,1.32614988587407,1.50984271731398,1.70681909582871,TRUE,0.0585311333831007,0.7,0.853548777856766,"dense_profiles",5,"maturity_weak","growth"
"log_recruitment_at_80",-1.69314718055995,-1.47540212038414,0.155732975893755,-1.7922911719673,-1.47055031322621,-1.17590617551307,TRUE,1.3981949482835,1.5,0.89617801607083,"dense_profiles",5,"maturity_weak","recruitment"
"recruitment_slope_20",1.5,1.36790606139812,0.0746903248198598,1.21866905774824,1.36405977357141,1.52479540674272,TRUE,-1.76855488204754,1,0.92530967518014,"dense_profiles",5,"maturity_weak","recruitment"
"recruit_mean_80",44.6,44.6630706210177,0.628254683569066,43.5192465181698,44.6363989044613,45.9378852102254,TRUE,0.100390212229483,10,0.937174531643093,"dense_profiles",5,"maturity_weak","recruit_size"
"recruit_mean_slope_20",0.4,0.328889919973635,0.300587176962304,-0.279847956537232,0.350521125589515,0.903415337184182,TRUE,-0.236570570790791,2,0.849706411518848,"dense_profiles",5,"maturity_weak","recruit_size"
"log_recruit_sd",1.25276296849537,1.22167563459866,0.0228710519674562,1.17761868743291,1.22046257964071,1.26506728091288,TRUE,-1.3592437261278,0.7,0.96732706861792,"dense_profiles",5,"maturity_weak","recruit_size"
"log_process_precision",NA,5.77079773749569,0.69686871233162,4.43505849051934,5.7733936287898,7.12751699961988,NA,NA,2,0.65156564383419,"dense_profiles",5,"maturity_weak","process"
"survival_at_80",0.36,0.41890965108416,0.0849301715832835,0.269094578162793,0.41941908241514,0.605851775722302,TRUE,0.693624538676377,1.5,0.943379885611144,"dense_profiles",5,"maturity_shape_informed","survival"
"survival_slope_20",0.64,0.676288312383047,0.0580164175326508,0.561539701029075,0.675538293235464,0.793154476108899,TRUE,0.625483508398707,1,0.941983582467349,"dense_profiles",5,"maturity_shape_informed","survival"
"growth_increment_80",8.4,8.2067949174488,0.479159216185288,7.30090194708912,8.18551631760364,9.18194138014492,TRUE,-0.40321687661433,6,0.920140130635785,"dense_profiles",5,"maturity_shape_informed","growth"
"growth_slope_20",-2.4,-2.00872608505018,0.206767279448702,-2.42835739809894,-2.00690041098206,-1.61553338400285,TRUE,1.89233961965872,3,0.931077573517099,"dense_profiles",5,"maturity_shape_informed","growth"
"log_growth_sd",1.50407739677627,1.51595216723472,0.0992834564544382,1.32071146942174,1.51947552744189,1.70461425736603,TRUE,0.119604724518176,0.7,0.858166490779374,"dense_profiles",5,"maturity_shape_informed","growth"
"log_recruitment_at_80",-1.69314718055995,-1.50389069322307,0.147633255723448,-1.77870945396659,-1.5078936314465,-1.21346941045203,TRUE,1.28193669108941,1.5,0.901577829517701,"dense_profiles",5,"maturity_shape_informed","recruitment"
"recruitment_slope_20",1.5,1.38077767030632,0.0707485742654935,1.23878023175004,1.37969186987272,1.51695793747944,TRUE,-1.68515522653905,0.2,0.646257128672532,"dense_profiles",5,"maturity_shape_informed","recruitment"
"recruit_mean_80",44.6,44.6133745155337,0.621473321795869,43.4373845175251,44.6520301381672,45.8837439441754,TRUE,0.02152065915719,10,0.937852667820413,"dense_profiles",5,"maturity_shape_informed","recruit_size"
"recruit_mean_slope_20",0.4,0.352976901634213,0.296764533687622,-0.248307058591669,0.345711331710998,0.899166372329152,TRUE,-0.158452554223625,2,0.851617733156189,"dense_profiles",5,"maturity_shape_informed","recruit_size"
"log_recruit_sd",1.25276296849537,1.22124448331953,0.022809751323429,1.17491640169096,1.22127186424716,1.26580723280143,TRUE,-1.38179871971964,0.7,0.96741464096653,"dense_profiles",5,"maturity_shape_informed","recruit_size"
"log_process_precision",NA,5.75914452175006,0.739347346839633,4.4650194999599,5.73914993453441,7.22276589792804,NA,NA,2,0.630326326580184,"dense_profiles",5,"maturity_shape_informed","process"
"survival_at_80",0.36,0.418566906672409,0.0861749589138044,0.246402855799493,0.421961531041737,0.579500859382376,TRUE,0.679627903634856,1.5,0.942550027390797,"dense_profiles",5,"maturity_fixed_recruitment_slope","survival"
"survival_slope_20",0.64,0.676052140773823,0.0624057185062627,0.563669391350023,0.677600712892937,0.797683416756273,TRUE,0.577705723718328,1,0.937594281493737,"dense_profiles",5,"maturity_fixed_recruitment_slope","survival"
"growth_increment_80",8.4,8.21641905519282,0.476507643850514,7.26444474515141,8.21755428454231,9.1760883186314,TRUE,-0.385263378618054,6,0.920582059358248,"dense_profiles",5,"maturity_fixed_recruitment_slope","growth"
"growth_slope_20",-2.4,-2.01252227642736,0.21773114880474,-2.47300060560656,-2.01365360975311,-1.57864625767773,TRUE,1.77961548313019,3,0.92742295039842,"dense_profiles",5,"maturity_fixed_recruitment_slope","growth"
"log_growth_sd",1.50407739677627,1.51636427176587,0.10332994445804,1.29335255960016,1.52701099116852,1.7067282897693,TRUE,0.118909141527514,0.7,0.852385793631371,"dense_profiles",5,"maturity_fixed_recruitment_slope","growth"
"log_recruitment_at_80",-1.69314718055995,-1.75410732912264,0.0272555969208077,-1.8142948834806,-1.7545193256866,-1.69800700717709,FALSE,-2.23661029108309,1.5,0.981829602052795,"dense_profiles",5,"maturity_fixed_recruitment_slope","recruitment"
"recruitment_slope_20",1.5,1.5,0,1.5,1.5,1.5,TRUE,NA,NA,NA,"dense_profiles",5,"maturity_fixed_recruitment_slope","recruitment"
"recruit_mean_80",44.6,44.5879633138864,0.686214098849937,43.3013658025773,44.6355048069804,45.8205379201777,TRUE,-0.0175407152575234,10,0.931378590115006,"dense_profiles",5,"maturity_fixed_recruitment_slope","recruit_size"
"recruit_mean_slope_20",0.4,0.349210536219858,0.316244277383611,-0.223313436409791,0.326332710627671,0.940823711937713,TRUE,-0.16060200108707,2,0.841877861308194,"dense_profiles",5,"maturity_fixed_recruitment_slope","recruit_size"
"log_recruit_sd",1.25276296849537,1.22192912096985,0.0217327348953445,1.1794700079188,1.22156350184522,1.26255934754745,TRUE,-1.41877438223932,0.7,0.968953235863794,"dense_profiles",5,"maturity_fixed_recruitment_slope","recruit_size"
"log_process_precision",NA,5.48991672356249,0.658578629366628,4.15704941735451,5.49599600264779,6.8400804762119,NA,NA,2,0.670710685316686,"dense_profiles",5,"maturity_fixed_recruitment_slope","process"
"survival_at_80",0.36,0.461996666321899,0.0718105289638388,0.324341578078785,0.46118048549533,0.606964026194202,TRUE,1.42035809781127,1.5,0.952126314024107,"rich_design",5,"ungated_weak","survival"
"survival_slope_20",0.64,0.581834410989626,0.0531052888146845,0.477019679072444,0.582558296420149,0.683674127865424,TRUE,-1.09528806468501,1,0.946894711185316,"rich_design",5,"ungated_weak","survival"
"growth_increment_80",8.4,7.13268495950403,0.139587373631973,6.89442729870016,7.12625191221587,7.42438711288847,FALSE,-9.07900913615073,6,0.976735437728004,"rich_design",5,"ungated_weak","growth"
"growth_slope_20",-2.4,-2.03676630971908,0.0684283688836994,-2.16778310655049,-2.04044789116964,-1.91597107934191,FALSE,5.30823248027832,3,0.977190543705434,"rich_design",5,"ungated_weak","growth"
"log_growth_sd",1.50407739677627,1.82537391966767,0.0626392633779318,1.71640506166183,1.82185300933281,1.95571742688903,FALSE,5.1293151541847,0.7,0.910515338031526,"rich_design",5,"ungated_weak","growth"
"log_recruitment_at_80",-1.69314718055995,-1.05737442855435,0.114787567463881,-1.27869570015781,-1.05721581118845,-0.846768890857499,FALSE,5.53868999973053,1.5,0.923474955024079,"rich_design",5,"ungated_weak","recruitment"
"recruitment_slope_20",1.5,1.33369179315341,0.0652803927902375,1.20540145130862,1.33476082219174,1.45362858752846,FALSE,-2.54759813380687,1,0.934719607209763,"rich_design",5,"ungated_weak","recruitment"
"recruit_mean_80",44.6,44.718196063214,0.365811025664798,44.0060336382571,44.7175263742981,45.4219833466102,TRUE,0.323106891048869,10,0.96341889743352,"rich_design",5,"ungated_weak","recruit_size"
"recruit_mean_slope_20",0.4,0.288735219453084,0.197640927715607,-0.0761252264539741,0.296269391909095,0.700227928439707,TRUE,-0.5629642697641,2,0.901179536142196,"rich_design",5,"ungated_weak","recruit_size"
"log_recruit_sd",1.25276296849537,1.20528337314259,0.0221498351898178,1.16344105490889,1.20483601258729,1.24682063477406,FALSE,-2.14356427241516,0.7,0.96835737830026,"rich_design",5,"ungated_weak","recruit_size"
"log_process_precision",NA,3.57579101688785,0.189733419599703,3.19833571191875,3.59179202203077,3.94570394098297,NA,NA,2,0.905133290200148,"rich_design",5,"ungated_weak","process"
"survival_at_80",0.36,0.465956229485718,0.069324872063437,0.332034413577137,0.466317556353385,0.603206852223447,TRUE,1.52840137070517,1.5,0.953783418624375,"rich_design",5,"maturity_weak","survival"
"survival_slope_20",0.64,0.576980146189631,0.053250004110315,0.46151973716204,0.580921126390546,0.674979000633278,TRUE,-1.18347134170758,1,0.946749995889685,"rich_design",5,"maturity_weak","survival"
"growth_increment_80",8.4,7.07895636897713,0.11661138933549,6.84878789513336,7.08449642884478,7.29766095441974,FALSE,-11.3285986776321,6,0.980564768444085,"rich_design",5,"maturity_weak","growth"
"growth_slope_20",-2.4,-2.02110078710152,0.0610006776355373,-2.14108534898321,-2.0194224156627,-1.90702849075959,FALSE,6.2113935055328,3,0.979666440788154,"rich_design",5,"maturity_weak","growth"
"log_growth_sd",1.50407739677627,1.82878761765731,0.0579103685979544,1.72651038225921,1.82876624317947,1.95257646085134,FALSE,5.60711714918195,0.7,0.917270902002922,"rich_design",5,"maturity_weak","growth"
"log_recruitment_at_80",-1.69314718055995,-1.21053562809253,0.134666977047717,-1.45449077642356,-1.21667662981413,-0.945418658405246,FALSE,3.58374089214467,1.5,0.910222015301522,"rich_design",5,"maturity_weak","recruitment"
"recruitment_slope_20",1.5,1.29891552478615,0.0664725649430818,1.16502984986,1.29824631270548,1.41812094773085,FALSE,-3.02507471143973,1,0.933527435056918,"rich_design",5,"maturity_weak","recruitment"
"recruit_mean_80",44.6,44.611022878636,0.425950593015343,43.742152116119,44.6150446847213,45.4245460263564,TRUE,0.025878303297863,10,0.957404940698466,"rich_design",5,"maturity_weak","recruit_size"
"recruit_mean_slope_20",0.4,0.303641304111653,0.208103352337052,-0.106823591494768,0.299482355947072,0.717874961447657,TRUE,-0.463032886333716,2,0.895948323831474,"rich_design",5,"maturity_weak","recruit_size"
"log_recruit_sd",1.25276296849537,1.20424990349284,0.022745817931116,1.15692431767144,1.20463032953815,1.24789030343439,FALSE,-2.13283449069407,0.7,0.96750597438412,"rich_design",5,"maturity_weak","recruit_size"
"log_process_precision",NA,3.54370368537616,0.184548744430922,3.18406890766413,3.5582464613619,3.88148199592556,NA,NA,2,0.907725627784539,"rich_design",5,"maturity_weak","process"
"survival_at_80",0.36,0.469669472099787,0.0671639126171948,0.339966788564632,0.470655299831345,0.598298799485548,TRUE,1.63286306330686,1.5,0.955224058255204,"rich_design",5,"maturity_shape_informed","survival"
"survival_slope_20",0.64,0.581447427447818,0.0529489542294379,0.480352225345737,0.580754365376104,0.682838915080373,TRUE,-1.10583057596307,1,0.947051045770562,"rich_design",5,"maturity_shape_informed","survival"
"growth_increment_80",8.4,7.07312464430059,0.117334793615663,6.84540419313404,7.07399552014411,7.28111386718274,FALSE,-11.3084560411438,6,0.980444201064056,"rich_design",5,"maturity_shape_informed","growth"
"growth_slope_20",-2.4,-2.02029486435644,0.0557807701205069,-2.12576450600084,-2.0216728964359,-1.90671363318196,FALSE,6.80709740692464,3,0.981406409959831,"rich_design",5,"maturity_shape_informed","growth"
"log_growth_sd",1.50407739677627,1.83103903112719,0.0571915462645654,1.71927569849472,1.82840195468597,1.9382359913007,FALSE,5.71695741252397,0.7,0.918297791050621,"rich_design",5,"maturity_shape_informed","growth"
"log_recruitment_at_80",-1.69314718055995,-1.2396411846774,0.134607943396846,-1.49771357841879,-1.24428753946396,-0.96974351477892,FALSE,3.36908791887222,1.5,0.910261371068769,"rich_design",5,"maturity_shape_informed","recruitment"
"recruitment_slope_20",1.5,1.31341633309696,0.067340713885824,1.17885869194484,1.31498842591365,1.45232566770029,FALSE,-2.77074085106068,0.2,0.66329643057088,"rich_design",5,"maturity_shape_informed","recruitment"
"recruit_mean_80",44.6,44.6277513827803,0.433209839893039,43.7564376794592,44.6336412943113,45.4222271892789,TRUE,0.0640599086742733,10,0.956679016010696,"rich_design",5,"maturity_shape_informed","recruit_size"
"recruit_mean_slope_20",0.4,0.298774146696856,0.209153357429493,-0.120462175103603,0.303286962850144,0.719159983587843,TRUE,-0.483979098147006,2,0.895423321285254,"rich_design",5,"maturity_shape_informed","recruit_size"
"log_recruit_sd",1.25276296849537,1.20421985750125,0.0232383756902003,1.16303575546473,1.20420169066242,1.24970898983975,FALSE,-2.08892013974059,0.7,0.966802320442571,"rich_design",5,"maturity_shape_informed","recruit_size"
"log_process_precision",NA,3.53178223840124,0.184297984374607,3.187205190004,3.5312017391214,3.88253719204764,NA,NA,2,0.907851007812697,"rich_design",5,"maturity_shape_informed","process"
"survival_at_80",0.36,0.479698580269925,0.068564561185339,0.346859606598027,0.480723705218551,0.612110291089814,TRUE,1.74577913430182,1.5,0.954290292543107,"rich_design",5,"maturity_fixed_recruitment_slope","survival"
"survival_slope_20",0.64,0.572211038522556,0.0551631340513502,0.462845191918683,0.57555805433544,0.674881811638448,TRUE,-1.22888161891492,1,0.94483686594865,"rich_design",5,"maturity_fixed_recruitment_slope","survival"
"growth_increment_80",8.4,6.93392136841376,0.124273128002922,6.69808683220661,6.93707412345552,7.14016887358942,FALSE,-11.797229659752,6,0.979287811999513,"rich_design",5,"maturity_fixed_recruitment_slope","growth"
"growth_slope_20",-2.4,-1.97925227574102,0.062392910849609,-2.0977455430514,-1.98020976814217,-1.85369559489257,FALSE,6.74351811014465,3,0.97920236305013,"rich_design",5,"maturity_fixed_recruitment_slope","growth"
"log_growth_sd",1.50407739677627,1.84554068367209,0.0575957779725626,1.74206215451219,1.84425138349257,1.95888195574641,FALSE,5.92861662635205,0.7,0.917720317182053,"rich_design",5,"maturity_fixed_recruitment_slope","growth"
"log_recruitment_at_80",-1.69314718055995,-1.62740142780068,0.028067859832129,-1.67740697801039,-1.62849964244759,-1.56859065304818,FALSE,2.34238567359562,1.5,0.981288093445247,"rich_design",5,"maturity_fixed_recruitment_slope","recruitment"
"recruitment_slope_20",1.5,1.5,0,1.5,1.5,1.5,TRUE,NA,NA,NA,"rich_design",5,"maturity_fixed_recruitment_slope","recruitment"
"recruit_mean_80",44.6,44.3381996981223,0.458008884342771,43.4932811281124,44.3254333823487,45.3066226389343,TRUE,-0.571605291572867,10,0.954199111565723,"rich_design",5,"maturity_fixed_recruitment_slope","recruit_size"
"recruit_mean_slope_20",0.4,0.409031591457081,0.214419900703174,-0.0353092157189092,0.410413500729908,0.794775942860932,TRUE,0.0421210504596927,2,0.892790049648413,"rich_design",5,"maturity_fixed_recruitment_slope","recruit_size"
"log_recruit_sd",1.25276296849537,1.19410122515259,0.0214987708924738,1.15394648104448,1.1946330795435,1.2353221360474,FALSE,-2.72860916729484,0.7,0.969287470153609,"rich_design",5,"maturity_fixed_recruitment_slope","recruit_size"
"log_process_precision",NA,3.46400625561567,0.173619373522173,3.11693610413263,3.47708009340436,3.7721857877868,NA,NA,2,0.913190313238914,"rich_design",5,"maturity_fixed_recruitment_slope","process"
"survival_at_80",0.36,0.42127857181364,0.176982976386539,0.110074263160589,0.414595428863463,0.781210029796942,TRUE,0.346239921289407,1.5,0.882011349075641,"standard",6,"ungated_weak","survival"
"survival_slope_20",0.64,0.52132751846319,0.121899429677913,0.292250692289948,0.524995222868378,0.76734860155936,TRUE,-0.973527783110808,1,0.878100570322087,"standard",6,"ungated_weak","survival"
"growth_increment_80",8.4,7.04880203733509,1.10881505469974,4.87207259910195,7.07866779383932,9.15020960550115,TRUE,-1.21859633573501,6,0.815197490883377,"standard",6,"ungated_weak","growth"
"growth_slope_20",-2.4,-1.99395973894467,0.477390880567994,-2.90709123972711,-1.97843960946353,-1.09666851440926,TRUE,0.850540463974147,3,0.840869706477335,"standard",6,"ungated_weak","growth"
"log_growth_sd",1.50407739677627,1.81099773143761,0.132403575467288,1.55182622408496,1.82122389573012,2.05589555682465,FALSE,2.31806681638416,0.7,0.810852035046731,"standard",6,"ungated_weak","growth"
"log_recruitment_at_80",-1.69314718055995,-1.0915112553373,0.280174577131907,-1.65200184727807,-1.07926010156077,-0.567287772776622,FALSE,2.14736087542801,1.5,0.813216948578729,"standard",6,"ungated_weak","recruitment"
"recruitment_slope_20",1.5,1.23460249858273,0.169324328825644,0.924484243461174,1.22734098180003,1.56549629453631,TRUE,-1.56739142719742,1,0.830675671174356,"standard",6,"ungated_weak","recruitment"
"recruit_mean_80",44.6,44.7496207036437,0.815702298386189,43.1874634344386,44.7516666829386,46.3456354484343,TRUE,0.18342562469141,10,0.918429770161381,"standard",6,"ungated_weak","recruit_size"
"recruit_mean_slope_20",0.4,0.423877210951036,0.479954669265114,-0.505006223484121,0.391354160948466,1.38165104022303,TRUE,0.0497488877180744,2,0.760022665367443,"standard",6,"ungated_weak","recruit_size"
"log_recruit_sd",1.25276296849537,1.14304224285693,0.0653894323851721,1.00900865629699,1.14394461570632,1.27571457740851,TRUE,-1.67795806808868,0.7,0.90658652516404,"standard",6,"ungated_weak","recruit_size"
"log_process_precision",NA,3.0322138408871,0.374824459163283,2.35343627186346,3.0391696751395,3.77843104767302,NA,NA,2,0.812587770418359,"standard",6,"ungated_weak","process"
"survival_at_80",0.36,0.396846598721177,0.14507437575955,0.0988840575378215,0.408854236841303,0.678485040682622,TRUE,0.253984196232199,1.5,0.903283749493634,"standard",6,"maturity_weak","survival"
"survival_slope_20",0.64,0.503112615329439,0.118784002547579,0.249495242011625,0.501760030135163,0.733699127191887,TRUE,-1.15240589418369,1,0.88121599745242,"standard",6,"maturity_weak","survival"
"growth_increment_80",8.4,6.98116929867963,0.418087506975854,6.15922866852111,6.98215171367308,7.82999918224774,FALSE,-3.3936213774556,6,0.930318748837358,"standard",6,"maturity_weak","growth"
"growth_slope_20",-2.4,-2.00201324339801,0.181086808204563,-2.36443886543651,-2.0054871220585,-1.66825187481665,FALSE,2.19776780290038,3,0.939637730598479,"standard",6,"maturity_weak","growth"
"log_growth_sd",1.50407739677627,1.82451747664535,0.118388973613741,1.5969699034455,1.82298685915347,2.05027097291845,FALSE,2.70667166111728,0.7,0.830872894837512,"standard",6,"maturity_weak","growth"
"log_recruitment_at_80",-1.69314718055995,-1.25286949696561,0.32928402433219,-1.92645634857801,-1.27223810612286,-0.573537004189101,TRUE,1.33707574938459,1.5,0.780477317111873,"standard",6,"maturity_weak","recruitment"
"recruitment_slope_20",1.5,1.21099421746823,0.174932122562587,0.873938720012378,1.21024253271644,1.56414537863518,TRUE,-1.6521024172011,1,0.825067877437413,"standard",6,"maturity_weak","recruitment"
"recruit_mean_80",44.6,44.2535291456605,1.0191484768323,42.3136428440592,44.251468714818,46.277315591549,TRUE,-0.339961116771113,10,0.89808515231677,"standard",6,"maturity_weak","recruit_size"
"recruit_mean_slope_20",0.4,0.632823571821174,0.533383358518513,-0.459264269460122,0.637306100081737,1.64418500805482,TRUE,0.436503254371954,2,0.733308320740743,"standard",6,"maturity_weak","recruit_size"
"log_recruit_sd",1.25276296849537,1.13545914627688,0.0573788270340084,1.02578301359567,1.13333675458772,1.25576074506881,TRUE,-2.04437469850958,0.7,0.918030247094274,"standard",6,"maturity_weak","recruit_size"
"log_process_precision",NA,2.97608216574836,0.390192504099533,2.27473978505831,2.94602515792226,3.85286656765564,NA,NA,2,0.804903747950233,"standard",6,"maturity_weak","process"
"survival_at_80",0.36,0.428765795321839,0.157105626409557,0.115394093477938,0.435286781005331,0.768490173345636,TRUE,0.437704217814419,1.5,0.895262915726962,"standard",6,"maturity_shape_informed","survival"
"survival_slope_20",0.64,0.509968561551677,0.11944608233271,0.288755637289944,0.50628454673112,0.755986634822658,TRUE,-1.08862037087267,1,0.88055391766729,"standard",6,"maturity_shape_informed","survival"
"growth_increment_80",8.4,6.84215347429046,0.302867856999278,6.25163597281464,6.85499933586617,7.40949371725424,FALSE,-5.14365090156548,6,0.949522023833454,"standard",6,"maturity_shape_informed","growth"
"growth_slope_20",-2.4,-1.94562726726411,0.1483573598124,-2.22423150567168,-1.94408082582772,-1.65013826985219,FALSE,3.06269087903996,3,0.9505475467292,"standard",6,"maturity_shape_informed","growth"
"log_growth_sd",1.50407739677627,1.82850016096556,0.119865190298019,1.59194856297232,1.82566061061412,2.05071791377016,FALSE,2.7065636268768,0.7,0.828764013859972,"standard",6,"maturity_shape_informed","growth"
"log_recruitment_at_80",-1.69314718055995,-1.49220761727097,0.250423338209177,-2.00114907252797,-1.46949896636905,-1.00258718967957,TRUE,0.80239950767342,1.5,0.833051107860549,"standard",6,"maturity_shape_informed","recruitment"
"recruitment_slope_20",1.5,1.34177222053734,0.127715543083699,1.10879782556867,1.33844279751304,1.61206913686111,TRUE,-1.23890777615818,0.2,0.361422284581506,"standard",6,"maturity_shape_informed","recruitment"
"recruit_mean_80",44.6,44.1208162635958,1.21016129803693,41.7200176603342,44.1350253005279,46.4262431005677,TRUE,-0.395966832835843,10,0.878983870196307,"standard",6,"maturity_shape_informed","recruit_size"
"recruit_mean_slope_20",0.4,0.661014125476327,0.622497263946239,-0.527229788714072,0.674455999176772,1.8973912850295,TRUE,0.419301642904681,2,0.68875136802688,"standard",6,"maturity_shape_informed","recruit_size"
"log_recruit_sd",1.25276296849537,1.12502655723612,0.063060608508972,0.999724463412506,1.12897009894045,1.24227092518552,FALSE,-2.02561336275514,0.7,0.909913416415754,"standard",6,"maturity_shape_informed","recruit_size"
"log_process_precision",NA,2.92816117379467,0.394601060318822,2.18590421429476,2.92828492380506,3.68231118748232,NA,NA,2,0.802699469840589,"standard",6,"maturity_shape_informed","process"
"survival_at_80",0.36,0.450867990929705,0.14922277477709,0.176353605002347,0.450404305854872,0.733662754022114,TRUE,0.608941839242996,1.5,0.900518150148607,"standard",6,"maturity_fixed_recruitment_slope","survival"
"survival_slope_20",0.64,0.508066099022024,0.118719134952548,0.283559368505295,0.504916987931496,0.740736532778776,TRUE,-1.1113111717897,1,0.881280865047452,"standard",6,"maturity_fixed_recruitment_slope","survival"
"growth_increment_80",8.4,6.66973258343388,0.366033682511815,5.9038781162817,6.68069114446735,7.36869617836217,FALSE,-4.72707157628934,6,0.938994386248031,"standard",6,"maturity_fixed_recruitment_slope","growth"
"growth_slope_20",-2.4,-1.90765724053049,0.16088008299244,-2.22988110540926,-1.89301354849798,-1.59775367196194,FALSE,3.06030896001367,3,0.946373305669187,"standard",6,"maturity_fixed_recruitment_slope","growth"
"log_growth_sd",1.50407739677627,1.82522243622466,0.119929527195514,1.58085047897241,1.83014933164814,2.04866499940408,FALSE,2.67778125169158,0.7,0.828672104006409,"standard",6,"maturity_fixed_recruitment_slope","growth"
"log_recruitment_at_80",-1.69314718055995,-1.80489143360486,0.0738037034686037,-1.93786891713224,-1.80583379491922,-1.66700801441949,TRUE,-1.51407379024614,1.5,0.950797531020931,"standard",6,"maturity_fixed_recruitment_slope","recruitment"
"recruitment_slope_20",1.5,1.5,0,1.5,1.5,1.5,TRUE,NA,NA,NA,"standard",6,"maturity_fixed_recruitment_slope","recruitment"
"recruit_mean_80",44.6,43.8717222060522,1.0998320972868,41.5065546617829,43.9048054897672,45.9188829685062,TRUE,-0.662171794898864,10,0.89001679027132,"standard",6,"maturity_fixed_recruitment_slope","recruit_size"
"recruit_mean_slope_20",0.4,0.757396400449612,0.549798648662957,-0.248472760744853,0.751076049310212,1.92550409244497,TRUE,0.650049616016257,2,0.725100675668521,"standard",6,"maturity_fixed_recruitment_slope","recruit_size"
"log_recruit_sd",1.25276296849537,1.12098781215922,0.0585363948089486,1.00424272812578,1.11956229947767,1.23604059746952,FALSE,-2.25116624907006,0.7,0.916376578844359,"standard",6,"maturity_fixed_recruitment_slope","recruit_size"
"log_process_precision",NA,2.84333079576186,0.364745542784748,2.10440522508917,2.83995808566305,3.49631961581066,NA,NA,2,0.817627228607626,"standard",6,"maturity_fixed_recruitment_slope","process"
"survival_at_80",0.36,0.293694488078658,0.0771538200355063,0.133735232573495,0.300406249839455,0.455900045664058,TRUE,-0.859393765478206,1.5,0.948564119976329,"dense_profiles",6,"ungated_weak","survival"
"survival_slope_20",0.64,0.663693175985116,0.0560642903545545,0.558217069227571,0.664764393424971,0.768827007700865,TRUE,0.422607257405359,1,0.943935709645445,"dense_profiles",6,"ungated_weak","survival"
"growth_increment_80",8.4,8.78966056909062,0.378528856137162,8.040357455855,8.78455746286311,9.53298040145248,TRUE,1.02940783185476,6,0.936911857310473,"dense_profiles",6,"ungated_weak","growth"
"growth_slope_20",-2.4,-2.8447436167297,0.182662321733884,-3.22334130811076,-2.83357571664535,-2.49748385612596,FALSE,-2.43478574293848,3,0.939112559422039,"dense_profiles",6,"ungated_weak","growth"
"log_growth_sd",1.50407739677627,1.38084364086518,0.100312961763517,1.17864926698222,1.38428108249917,1.57034121724011,TRUE,-1.22849284623471,0.7,0.856695768909261,"dense_profiles",6,"ungated_weak","growth"
"log_recruitment_at_80",-1.69314718055995,-1.52120668054789,0.137356962347015,-1.78284226177506,-1.5179982936106,-1.26320951749953,TRUE,1.25177855620942,1.5,0.908428691768657,"dense_profiles",6,"ungated_weak","recruitment"
"recruitment_slope_20",1.5,1.60326026941454,0.0708943764761498,1.46421803082085,1.60179678866832,1.7391465480147,TRUE,1.45653681641835,1,0.92910562352385,"dense_profiles",6,"ungated_weak","recruitment"
"recruit_mean_80",44.6,44.8967249116501,0.587923704895348,43.7012215339498,44.9617974553636,45.9334384402061,TRUE,0.504699690077775,10,0.941207629510465,"dense_profiles",6,"ungated_weak","recruit_size"
"recruit_mean_slope_20",0.4,0.376151476962892,0.299896596817868,-0.148905307076097,0.344955720439469,1.01282407187892,TRUE,-0.079522486384171,2,0.850051701591066,"dense_profiles",6,"ungated_weak","recruit_size"
"log_recruit_sd",1.25276296849537,1.25668442169933,0.023893114825817,1.21236105587007,1.25652615995849,1.30356205750137,TRUE,0.164124821420478,0.7,0.965866978820261,"dense_profiles",6,"ungated_weak","recruit_size"
"log_process_precision",NA,6.37348910372975,0.989986677073698,4.48533501560652,6.32870844247113,8.20579351936183,NA,NA,2,0.505006661463151,"dense_profiles",6,"ungated_weak","process"
"survival_at_80",0.36,0.28903671063221,0.0714093065168962,0.149267803114704,0.288116865760552,0.431379598264438,TRUE,-0.993754075331896,1.5,0.952393795655402,"dense_profiles",6,"maturity_weak","survival"
"survival_slope_20",0.64,0.66795235053834,0.0516668095369768,0.569253501881425,0.66827682037403,0.765843507899527,TRUE,0.541011740203067,1,0.948333190463023,"dense_profiles",6,"maturity_weak","survival"
"growth_increment_80",8.4,8.8174685614343,0.373530886369547,8.13446812883958,8.81651461509106,9.59899125656386,TRUE,1.11762795706615,6,0.937744852271742,"dense_profiles",6,"maturity_weak","growth"
"growth_slope_20",-2.4,-2.8679755876986,0.194732076071131,-3.26305010395662,-2.87314031397921,-2.50892178270753,FALSE,-2.40317669867423,3,0.93508930797629,"dense_profiles",6,"maturity_weak","growth"
"log_growth_sd",1.50407739677627,1.36333751949801,0.10004611812084,1.17987538359694,1.359637864259,1.56058162857758,TRUE,-1.40675000611495,0.7,0.857076974113086,"dense_profiles",6,"maturity_weak","growth"
"log_recruitment_at_80",-1.69314718055995,-1.63866959044029,0.147484451621466,-1.92990170016143,-1.63338677068736,-1.32977462725689,TRUE,0.369378531233071,1.5,0.901677032252356,"dense_profiles",6,"maturity_weak","recruitment"
"recruitment_slope_20",1.5,1.52992673429736,0.0733137439948137,1.37814442343034,1.52830993254648,1.67420255397767,TRUE,0.408200872942418,1,0.926686256005186,"dense_profiles",6,"maturity_weak","recruitment"
"recruit_mean_80",44.6,44.7533129230423,0.607195211855366,43.4673794041386,44.7775913496146,45.7897565073702,TRUE,0.252493629806178,10,0.939280478814463,"dense_profiles",6,"maturity_weak","recruit_size"
"recruit_mean_slope_20",0.4,0.435414472482159,0.297286278430915,-0.106710775327605,0.424052674325074,1.00606220864069,TRUE,0.119125822655111,2,0.851356860784543,"dense_profiles",6,"maturity_weak","recruit_size"
"log_recruit_sd",1.25276296849537,1.25789218933982,0.0216908722956289,1.21505763761608,1.25708421263175,1.2989734001442,TRUE,0.236469090525668,0.7,0.969013039577673,"dense_profiles",6,"maturity_weak","recruit_size"
"log_process_precision",NA,6.59661443289478,0.993926720855203,4.7215228705059,6.50781821664896,8.45313176608659,NA,NA,2,0.503036639572398,"dense_profiles",6,"maturity_weak","process"
"survival_at_80",0.36,0.299790980849807,0.0762995469047499,0.147687354110429,0.303896244099287,0.443181809915585,TRUE,-0.78911371813722,1.5,0.949133635396833,"dense_profiles",6,"maturity_shape_informed","survival"
"survival_slope_20",0.64,0.673026743749464,0.0537737864604381,0.566890796461753,0.673009615323332,0.780633683148009,TRUE,0.61417924835482,1,0.946226213539562,"dense_profiles",6,"maturity_shape_informed","survival"
"growth_increment_80",8.4,8.80854523448835,0.377390521593695,8.16392677610915,8.79912911651067,9.58666694494022,TRUE,1.08255298189019,6,0.937101579734384,"dense_profiles",6,"maturity_shape_informed","growth"
"growth_slope_20",-2.4,-2.84318858076357,0.18703911699195,-3.18103835667153,-2.84577146247486,-2.47508081824668,FALSE,-2.36949675496298,3,0.93765362766935,"dense_profiles",6,"maturity_shape_informed","growth"
"log_growth_sd",1.50407739677627,1.36167648040012,0.0952857081183878,1.16389638066097,1.36324562998276,1.54856596710967,TRUE,-1.49446248748271,0.7,0.863877559830875,"dense_profiles",6,"maturity_shape_informed","growth"
"log_recruitment_at_80",-1.69314718055995,-1.64157719090393,0.148932354662392,-1.93194754405522,-1.63670262205168,-1.35276453741293,TRUE,0.346264515678364,1.5,0.900711763558405,"dense_profiles",6,"maturity_shape_informed","recruitment"
"recruitment_slope_20",1.5,1.53112458205001,0.0732926233630319,1.3929891315011,1.5305541929871,1.67287797621843,TRUE,0.424661863934748,0.2,0.63353688318484,"dense_profiles",6,"maturity_shape_informed","recruitment"
"recruit_mean_80",44.6,44.7616682617108,0.608033035981623,43.6728928256006,44.7551012605275,45.8532320147047,TRUE,0.265887299116534,10,0.939196696401838,"dense_profiles",6,"maturity_shape_informed","recruit_size"
"recruit_mean_slope_20",0.4,0.431708239209815,0.295530792811029,-0.105839693280622,0.429659088450873,0.984059989025726,TRUE,0.107292505488897,2,0.852234603594485,"dense_profiles",6,"maturity_shape_informed","recruit_size"
"log_recruit_sd",1.25276296849537,1.2575943096391,0.0239350537572453,1.21201103076882,1.25721154754907,1.30173265326973,TRUE,0.201852111665883,0.7,0.965807066061078,"dense_profiles",6,"maturity_shape_informed","recruit_size"
"log_process_precision",NA,6.57725748783562,1.05686783768079,4.39320261737964,6.61984795452371,8.69409377381071,NA,NA,2,0.471566081159606,"dense_profiles",6,"maturity_shape_informed","process"
"survival_at_80",0.36,0.299754535873958,0.0741598031964752,0.160149684099639,0.299456026033925,0.448219513143392,TRUE,-0.812373570712296,1.5,0.95056013120235,"dense_profiles",6,"maturity_fixed_recruitment_slope","survival"
"survival_slope_20",0.64,0.671139710176204,0.0541476395404326,0.56475159979805,0.6769474720354,0.771162690269979,TRUE,0.575088968614263,1,0.945852360459567,"dense_profiles",6,"maturity_fixed_recruitment_slope","survival"
"growth_increment_80",8.4,8.80727677002505,0.363954292391064,8.14481693483656,8.78531135838994,9.61979605964153,TRUE,1.11903274268142,6,0.939340951268156,"dense_profiles",6,"maturity_fixed_recruitment_slope","growth"
"growth_slope_20",-2.4,-2.84587015328348,0.19880363452715,-3.21126465893958,-2.84050522191074,-2.44740269499056,FALSE,-2.24276660909126,3,0.933732121824283,"dense_profiles",6,"maturity_fixed_recruitment_slope","growth"
"log_growth_sd",1.50407739677627,1.36176140230873,0.0901496801731034,1.19147074601916,1.36159279271588,1.5573134734661,TRUE,-1.57866333185291,0.7,0.871214742609852,"dense_profiles",6,"maturity_fixed_recruitment_slope","growth"
"log_recruitment_at_80",-1.69314718055995,-1.57995915622016,0.0220377744249823,-1.61988547430171,-1.57884271092358,-1.53413854289436,FALSE,5.13609142906342,1.5,0.985308150383345,"dense_profiles",6,"maturity_fixed_recruitment_slope","recruitment"
"recruitment_slope_20",1.5,1.5,0,1.5,1.5,1.5,TRUE,NA,NA,NA,"dense_profiles",6,"maturity_fixed_recruitment_slope","recruitment"
"recruit_mean_80",44.6,44.8073817007822,0.627070057090276,43.5620553467458,44.7899087978212,46.0055780274796,TRUE,0.330715361764403,10,0.937292994290972,"dense_profiles",6,"maturity_fixed_recruitment_slope","recruit_size"
"recruit_mean_slope_20",0.4,0.410067908945883,0.312206296097449,-0.215102838249628,0.420157207624932,1.02957492970581,TRUE,0.0322476166295527,2,0.843896851951276,"dense_profiles",6,"maturity_fixed_recruitment_slope","recruit_size"
"log_recruit_sd",1.25276296849537,1.25683577813993,0.0233962579947337,1.20900473919548,1.25765297739314,1.30292867803784,TRUE,0.174079532097607,0.7,0.966576774293238,"dense_profiles",6,"maturity_fixed_recruitment_slope","recruit_size"
"log_process_precision",NA,6.49399818669311,0.941752297968813,4.68724955511048,6.49456136553605,8.35003132331893,NA,NA,2,0.529123851015593,"dense_profiles",6,"maturity_fixed_recruitment_slope","process"
"survival_at_80",0.36,0.503356870628769,0.0951273282520712,0.311549710991584,0.502840403318461,0.685725457886616,TRUE,1.50699986284591,1.5,0.936581781165286,"rich_design",6,"ungated_weak","survival"
"survival_slope_20",0.64,0.580497834781523,0.0621275573248121,0.461844652839168,0.581067557816787,0.702661368294517,TRUE,-0.957741906822302,1,0.937872442675188,"rich_design",6,"ungated_weak","survival"
"growth_increment_80",8.4,7.18915567731863,0.53800083192708,6.09307350975887,7.1844822628735,8.19185260013639,FALSE,-2.25063652475074,6,0.91033319467882,"rich_design",6,"ungated_weak","growth"
"growth_slope_20",-2.4,-1.91056153821597,0.249196397789599,-2.39580718579977,-1.92212422968871,-1.3945727829078,FALSE,1.9640671619871,3,0.916934534070134,"rich_design",6,"ungated_weak","growth"
"log_growth_sd",1.50407739677627,1.85307532493143,0.0626568335264596,1.73594737229352,1.85198534790552,1.98702172721131,FALSE,5.5699898720189,0.7,0.910490237819343,"rich_design",6,"ungated_weak","growth"
"log_recruitment_at_80",-1.69314718055995,-1.71347469863881,0.164126128168419,-2.03304237855076,-1.71790161234288,-1.36853512628935,TRUE,-0.123853028799919,1.5,0.890582581221054,"rich_design",6,"ungated_weak","recruitment"
"recruitment_slope_20",1.5,1.57696679106727,0.08208037847261,1.40385346680129,1.57724493934039,1.73771407854923,TRUE,0.937700245777446,1,0.91791962152739,"rich_design",6,"ungated_weak","recruitment"
"recruit_mean_80",44.6,44.036883563319,0.463197343767747,43.2079596746835,44.0391167990442,44.9703627965548,TRUE,-1.21571603174673,10,0.953680265623225,"rich_design",6,"ungated_weak","recruit_size"
"recruit_mean_slope_20",0.4,0.557731962572988,0.231187651351395,0.102948135070024,0.553847179328492,1.00394843216734,TRUE,0.682268112725631,2,0.884406174324302,"rich_design",6,"ungated_weak","recruit_size"
"log_recruit_sd",1.25276296849537,1.2068221597046,0.0328580965203709,1.14019069518173,1.20703753240537,1.26586631953675,TRUE,-1.39815794753306,0.7,0.953059862113756,"rich_design",6,"ungated_weak","recruit_size"
"log_process_precision",NA,2.78279298173486,0.133275314647987,2.52116318579957,2.79288378420291,3.02068773087242,NA,NA,2,0.933362342676006,"rich_design",6,"ungated_weak","process"
"survival_at_80",0.36,0.500025819621623,0.0934300723604707,0.300926210077886,0.497787893134095,0.682179039698892,TRUE,1.49872322779948,1.5,0.93771328509302,"rich_design",6,"maturity_weak","survival"
"survival_slope_20",0.64,0.584063349480872,0.0600592540823364,0.478123944496301,0.580760949315066,0.706702783145153,TRUE,-0.931357729525627,1,0.939940745917664,"rich_design",6,"maturity_weak","survival"
"growth_increment_80",8.4,7.17616364513273,0.531895277058229,6.09658200734151,7.18362043298846,8.21049978918833,FALSE,-2.30089720223873,6,0.911350787156962,"rich_design",6,"maturity_weak","growth"
"growth_slope_20",-2.4,-1.93951093167376,0.256049956676386,-2.44830116289412,-1.94144007810526,-1.45032294918152,TRUE,1.79843447077102,3,0.914650014441205,"rich_design",6,"maturity_weak","growth"
"log_growth_sd",1.50407739677627,1.85681224985394,0.0622083496251217,1.73968262945045,1.85714021776578,1.98367438665772,FALSE,5.67021718472363,0.7,0.911130929106969,"rich_design",6,"maturity_weak","growth"
"log_recruitment_at_80",-1.69314718055995,-1.90533605165378,0.176642222439112,-2.26392984144335,-1.90558139369023,-1.575543726799,TRUE,-1.20123528884479,1.5,0.882238518373926,"rich_design",6,"maturity_weak","recruitment"
"recruitment_slope_20",1.5,1.54236661161888,0.0837973092229725,1.3890607867084,1.53981649312506,1.71084834230138,TRUE,0.505584391810861,1,0.916202690777027,"rich_design",6,"maturity_weak","recruitment"
"recruit_mean_80",44.6,43.8901058379299,0.594245794723487,42.7905707555756,43.9054633620072,44.9937214070674,TRUE,-1.19461369078836,10,0.940575420527651,"rich_design",6,"maturity_weak","recruit_size"
"recruit_mean_slope_20",0.4,0.603723102492152,0.276656498143237,0.0876031363741272,0.5955937939874,1.12963719878329,TRUE,0.736375627752926,2,0.861671750928382,"rich_design",6,"maturity_weak","recruit_size"
"log_recruit_sd",1.25276296849537,1.21141016384538,0.0334780220003266,1.14686722133164,1.21158318411658,1.27610830755102,TRUE,-1.23522245876951,0.7,0.952174254285248,"rich_design",6,"maturity_weak","recruit_size"
"log_process_precision",NA,2.76624879459133,0.13037137554313,2.50267621632158,2.75885967971829,3.03398664816456,NA,NA,2,0.934814312228435,"rich_design",6,"maturity_weak","process"
"survival_at_80",0.36,0.492152209785929,0.0845831533699781,0.322937355349827,0.491037784191827,0.657094154326183,TRUE,1.56239398178828,1.5,0.943611231086681,"rich_design",6,"maturity_shape_informed","survival"
"survival_slope_20",0.64,0.577426182553466,0.0619557988199267,0.457852035399882,0.576158538019936,0.706066112953854,TRUE,-1.00997515387388,1,0.938044201180073,"rich_design",6,"maturity_shape_informed","survival"
"growth_increment_80",8.4,7.2256855164705,0.558999785805507,6.04797162225343,7.2252649200812,8.41738482780012,TRUE,-2.10074227816982,6,0.906833369032416,"rich_design",6,"maturity_shape_informed","growth"
"growth_slope_20",-2.4,-1.94337461023102,0.252761391752427,-2.43782432003633,-1.94223070527451,-1.49615078484286,TRUE,1.80654722069356,3,0.915746202749191,"rich_design",6,"maturity_shape_informed","growth"
"log_growth_sd",1.50407739677627,1.85424132030575,0.0629893356513011,1.73926527911535,1.85321376928895,1.9751421560907,FALSE,5.55909853483659,0.7,0.910015234783855,"rich_design",6,"maturity_shape_informed","growth"
"log_recruitment_at_80",-1.69314718055995,-1.90713009477489,0.167436303772223,-2.21763176495214,-1.91189228358965,-1.5750254312753,TRUE,-1.27799592677372,1.5,0.888375797485184,"rich_design",6,"maturity_shape_informed","recruitment"
"recruitment_slope_20",1.5,1.54209412898068,0.0782484835794638,1.3880834765571,1.540387210076,1.69878128967524,TRUE,0.537954565444497,0.2,0.608757582102681,"rich_design",6,"maturity_shape_informed","recruitment"
"recruit_mean_80",44.6,43.8908105601171,0.560763158809933,42.7208118405648,43.9303357335594,44.8564191937683,TRUE,-1.26468622044997,10,0.943923684119007,"rich_design",6,"maturity_shape_informed","recruit_size"
"recruit_mean_slope_20",0.4,0.607323884976862,0.267984025010109,0.120321267826015,0.597253426504129,1.1369697147545,TRUE,0.773642701161164,2,0.866007987494946,"rich_design",6,"maturity_shape_informed","recruit_size"
"log_recruit_sd",1.25276296849537,1.21013796444148,0.0334220911444619,1.1502800113098,1.20941476983915,1.27469158369846,TRUE,-1.2753541922212,0.7,0.952254155507911,"rich_design",6,"maturity_shape_informed","recruit_size"
"log_process_precision",NA,2.76939179716752,0.135863861235024,2.52061678151049,2.77164445887532,3.01732224544893,NA,NA,2,0.932068069382488,"rich_design",6,"maturity_shape_informed","process"
"survival_at_80",0.36,0.50284861030549,0.0896198824264524,0.337380559104547,0.501678960302421,0.685057546946314,TRUE,1.59393882738823,1.5,0.940253411715698,"rich_design",6,"maturity_fixed_recruitment_slope","survival"
"survival_slope_20",0.64,0.587092538083641,0.0602743527083038,0.471557839429595,0.588554368752998,0.697843633072603,TRUE,-0.877777355360464,1,0.939725647291696,"rich_design",6,"maturity_fixed_recruitment_slope","survival"
"growth_increment_80",8.4,7.22496231127878,0.543971313088577,6.13479417726567,7.19142425926375,8.32926221756726,FALSE,-2.16010966102156,6,0.909338114485237,"rich_design",6,"maturity_fixed_recruitment_slope","growth"
"growth_slope_20",-2.4,-1.93175894218881,0.247352591387454,-2.42442938609219,-1.94542303837053,-1.44322031011623,TRUE,1.89301052066901,3,0.917549136204182,"rich_design",6,"maturity_fixed_recruitment_slope","growth"
"log_growth_sd",1.50407739677627,1.85627040093264,0.063939048628377,1.73230713630669,1.8541629683077,1.97115454699061,FALSE,5.50826156647026,0.7,0.908658501959461,"rich_design",6,"maturity_fixed_recruitment_slope","growth"
"log_recruitment_at_80",-1.69314718055995,-1.82072199107394,0.0413602601947541,-1.90289454301216,-1.81812038878774,-1.73902034798437,FALSE,-3.08447794847721,1.5,0.972426493203497,"rich_design",6,"maturity_fixed_recruitment_slope","recruitment"
"recruitment_slope_20",1.5,1.5,0,1.5,1.5,1.5,TRUE,NA,NA,NA,"rich_design",6,"maturity_fixed_recruitment_slope","recruitment"
"recruit_mean_80",44.6,43.9568668081498,0.530796364421677,42.9759445724433,43.9781607738182,44.957917654881,TRUE,-1.21163827591576,10,0.946920363557832,"rich_design",6,"maturity_fixed_recruitment_slope","recruit_size"
"recruit_mean_slope_20",0.4,0.587730724795069,0.255261029208446,0.0941394349973677,0.585552083265343,1.05410653519959,TRUE,0.735446085825222,2,0.872369485395777,"rich_design",6,"maturity_fixed_recruitment_slope","recruit_size"
"log_recruit_sd",1.25276296849537,1.21212247087242,0.0299905212322869,1.15281737328029,1.21190568368359,1.27206190401984,TRUE,-1.355111413642,0.7,0.95715639823959,"rich_design",6,"maturity_fixed_recruitment_slope","recruit_size"
"log_process_precision",NA,2.7520915945937,0.133924494996602,2.49208861380928,2.75306020291523,3.00569955300334,NA,NA,2,0.933037752501699,"rich_design",6,"maturity_fixed_recruitment_slope","process"
"survival_at_80",0.36,0.229343122325285,0.150955203365573,-0.0707565907989108,0.230087984876553,0.513517797216135,TRUE,-0.865534110528799,1.5,0.899363197756285,"standard",7,"ungated_weak","survival"
"survival_slope_20",0.64,0.315654178252136,0.115113990188994,0.0988943736475343,0.318821781568815,0.543440525629223,FALSE,-2.81760558569252,1,0.884886009811006,"standard",7,"ungated_weak","survival"
"growth_increment_80",8.4,9.33244158306678,1.36863755476666,6.65525261772792,9.39617111205855,12.0740713134039,TRUE,0.681291829103545,6,0.771893740872223,"standard",7,"ungated_weak","growth"
"growth_slope_20",-2.4,-0.671329818244369,0.681816399847291,-2.06440629855604,-0.66400751351076,0.658833430547577,FALSE,2.5353895596275,3,0.77272786671757,"standard",7,"ungated_weak","growth"
"log_growth_sd",1.50407739677627,1.9536506891968,0.107852886600409,1.7367592206426,1.95722588149846,2.15194003978983,FALSE,4.16839369433083,0.7,0.845924447713702,"standard",7,"ungated_weak","growth"
"log_recruitment_at_80",-1.69314718055995,-2.26067261308328,0.632295198271628,-3.56387992882235,-2.25034200610617,-1.1776723680693,TRUE,-0.897564039826105,1.5,0.578469867818914,"standard",7,"ungated_weak","recruitment"
"recruitment_slope_20",1.5,-1.17707400028217,0.399125728069005,-1.98579777025019,-1.16131223010907,-0.481683302615882,FALSE,-6.7073451096075,1,0.600874271930995,"standard",7,"ungated_weak","recruitment"
"recruit_mean_80",44.6,47.1801972424628,2.25959898820192,42.7908526155531,47.1598062463361,51.514623693366,TRUE,1.14188281015119,10,0.774040101179808,"standard",7,"ungated_weak","recruit_size"
"recruit_mean_slope_20",0.4,1.29649905160022,1.39602936996982,-1.29360580099861,1.32368568693642,4.03925274363045,TRUE,0.642177787147559,2,0.301985315015091,"standard",7,"ungated_weak","recruit_size"
"log_recruit_sd",1.25276296849537,1.20520858796589,0.0622302133206092,1.07617426210389,1.20498828049465,1.32236366113516,TRUE,-0.764168689001221,0.7,0.911099695256273,"standard",7,"ungated_weak","recruit_size"
"log_process_precision",NA,4.65323952740109,1.02740206719405,2.66113680108367,4.69978019579378,6.7137939118669,NA,NA,2,0.486298966402976,"standard",7,"ungated_weak","process"
"survival_at_80",0.36,0.328748322437505,0.163781295056966,0.0338565079317655,0.326888458234109,0.667175415273508,TRUE,-0.190813472024535,1.5,0.890812469962023,"standard",7,"maturity_weak","survival"
"survival_slope_20",0.64,0.281607388886614,0.131091267605398,0.0102550051079417,0.280721880408152,0.548708477617087,FALSE,-2.73391674106161,1,0.868908732394602,"standard",7,"maturity_weak","survival"
"growth_increment_80",8.4,8.56457500367891,1.34812747131432,6.06069254157762,8.51999008328026,11.1170363460343,TRUE,0.122076737683017,6,0.77531208811428,"standard",7,"maturity_weak","growth"
"growth_slope_20",-2.4,-0.324464788346622,0.79152415182446,-2.01946323015158,-0.303221632262725,1.11088458893033,FALSE,2.62220073369748,3,0.736158616058513,"standard",7,"maturity_weak","growth"
"log_growth_sd",1.50407739677627,1.99220889146954,0.0981520950675494,1.79266068542338,1.99018995974543,2.18359966572354,FALSE,4.97321523659099,0.7,0.859782721332072,"standard",7,"maturity_weak","growth"
"log_recruitment_at_80",-1.69314718055995,-0.194281015865284,0.32606660140913,-0.818867497357406,-0.177974968036635,0.433082459836588,FALSE,4.59680984871545,1.5,0.782622265727247,"standard",7,"maturity_weak","recruitment"
"recruitment_slope_20",1.5,0.58795151721688,0.249302257158247,0.121473745886124,0.59075474161588,1.09455047267542,FALSE,-3.65840443315436,1,0.750697742841753,"standard",7,"maturity_weak","recruitment"
"recruit_mean_80",44.6,44.7795215298428,0.97776528836598,42.8086996424765,44.7707806342357,46.6698134657931,TRUE,0.183603909832777,10,0.902223471163402,"standard",7,"maturity_weak","recruit_size"
"recruit_mean_slope_20",0.4,0.190673162858307,0.742177095299567,-1.32024724895894,0.193511936175556,1.72019917349869,TRUE,-0.282044324012993,2,0.628911452350217,"standard",7,"maturity_weak","recruit_size"
"log_recruit_sd",1.25276296849537,1.15508384679376,0.0671717877700196,1.022466103151,1.15429879835432,1.2853430796147,TRUE,-1.4541688548776,0.7,0.904040303185686,"standard",7,"maturity_weak","recruit_size"
"log_process_precision",NA,2.74892758459772,0.296439941927566,2.20521334041831,2.74705881523684,3.37710247577412,NA,NA,2,0.851780029036217,"standard",7,"maturity_weak","process"
"survival_at_80",0.36,0.344715271485571,0.167074794719832,0.0292147164495723,0.339955890328362,0.696208735360146,TRUE,-0.0914843471156731,1.5,0.888616803520112,"standard",7,"maturity_shape_informed","survival"
"survival_slope_20",0.64,0.291045483532331,0.132037873272799,0.0322405345652919,0.292592979211299,0.563728003862439,FALSE,-2.64283654241162,1,0.867962126727201,"standard",7,"maturity_shape_informed","survival"
"growth_increment_80",8.4,8.43523222284543,1.45017961660494,5.68501430517908,8.39194173810076,11.2931759097825,TRUE,0.024295075204486,6,0.75830339723251,"standard",7,"maturity_shape_informed","growth"
"growth_slope_20",-2.4,-0.343273573967361,0.806919829808343,-1.95377491772698,-0.348511842747437,1.27055098242982,FALSE,2.54886092775926,3,0.731026723397219,"standard",7,"maturity_shape_informed","growth"
"log_growth_sd",1.50407739677627,1.99951416892426,0.10140066808863,1.79671142140456,2.00224904922316,2.18875113129009,FALSE,4.8859320306938,0.7,0.855141902730528,"standard",7,"maturity_shape_informed","growth"
"log_recruitment_at_80",-1.69314718055995,-0.961185512309569,0.273961683103645,-1.45485487373049,-0.957513315797254,-0.444046318136831,FALSE,2.67176657683717,1.5,0.817358877930903,"standard",7,"maturity_shape_informed","recruitment"
"recruitment_slope_20",1.5,1.10795185168465,0.151843166380198,0.808079109043704,1.10746895837617,1.37972519724947,FALSE,-2.58192816747318,0.2,0.24078416809901,"standard",7,"maturity_shape_informed","recruitment"
"recruit_mean_80",44.6,44.1547815146054,1.12630505516398,41.9221894909683,44.131503792056,46.3277122289109,TRUE,-0.395291207611422,10,0.887369494483602,"standard",7,"maturity_shape_informed","recruit_size"
"recruit_mean_slope_20",0.4,0.525697585573984,0.659407550827885,-0.826222001596782,0.513756759142072,1.87677800201724,TRUE,0.19062199912053,2,0.670296224586058,"standard",7,"maturity_shape_informed","recruit_size"
"log_recruit_sd",1.25276296849537,1.14168963015079,0.0737382246445778,0.998435211135362,1.14278112086182,1.27805946924872,TRUE,-1.50631967178436,0.7,0.894659679079175,"standard",7,"maturity_shape_informed","recruit_size"
"log_process_precision",NA,2.6221568175643,0.285926728361116,2.07771081924049,2.61424211587661,3.19313513087156,NA,NA,2,0.857036635819442,"standard",7,"maturity_shape_informed","process"
"survival_at_80",0.36,0.38637277104509,0.181348279780621,0.00427900814011333,0.390927966591142,0.72633929490319,TRUE,0.14542608883301,1.5,0.879101146812919,"standard",7,"maturity_fixed_recruitment_slope","survival"
"survival_slope_20",0.64,0.268225853661262,0.141390768785581,-0.00699584367895817,0.260875041059021,0.554820158546319,FALSE,-2.62940890365008,1,0.858609231214419,"standard",7,"maturity_fixed_recruitment_slope","survival"
"growth_increment_80",8.4,8.19360666776459,1.341743039022,5.545265159635,8.13524532710677,10.8970008565929,TRUE,-0.15382478331011,6,0.776376160163001,"standard",7,"maturity_fixed_recruitment_slope","growth"
"growth_slope_20",-2.4,-0.152268356114139,0.804175153656927,-1.83678583165312,-0.122298998207861,1.42390030875273,FALSE,2.79507720882008,3,0.731941615447691,"standard",7,"maturity_fixed_recruitment_slope","growth"
"log_growth_sd",1.50407739677627,1.99578060741026,0.105054014995986,1.78496392568091,1.99648282014805,2.19839088772771,FALSE,4.68047994788945,0.7,0.84992283572002,"standard",7,"maturity_fixed_recruitment_slope","growth"
"log_recruitment_at_80",-1.69314718055995,-1.69789168282516,0.0975602374111455,-1.89083777113802,-1.69526911442292,-1.51649072937354,TRUE,-0.048631516190506,1.5,0.934959841725903,"standard",7,"maturity_fixed_recruitment_slope","recruitment"
"recruitment_slope_20",1.5,1.5,0,1.5,1.5,1.5,TRUE,NA,NA,NA,"standard",7,"maturity_fixed_recruitment_slope","recruitment"
"recruit_mean_80",44.6,43.3503647332808,1.26966391196764,40.8137487326191,43.3316587532523,45.8728493184666,TRUE,-0.984225238616543,10,0.873033608803236,"standard",7,"maturity_fixed_recruitment_slope","recruit_size"
"recruit_mean_slope_20",0.4,0.869379479964991,0.661093886707334,-0.471995908850915,0.860132657751388,2.10251758150136,TRUE,0.710004266266623,2,0.669453056646333,"standard",7,"maturity_fixed_recruitment_slope","recruit_size"
"log_recruit_sd",1.25276296849537,1.10241481818458,0.084412370387703,0.941695198811975,1.09289826151466,1.26727188354054,TRUE,-1.78111513301003,0.7,0.879410899446138,"standard",7,"maturity_fixed_recruitment_slope","recruit_size"
"log_process_precision",NA,2.43429014424203,0.26182644506354,1.93227901975001,2.43808766031993,2.94740221564674,NA,NA,2,0.86908677746823,"standard",7,"maturity_fixed_recruitment_slope","process"
"survival_at_80",0.36,0.38827727513091,0.087827438521128,0.22786681006335,0.385294273193756,0.574695429426901,TRUE,0.321964019525718,1.5,0.941448374319248,"dense_profiles",7,"ungated_weak","survival"
"survival_slope_20",0.64,0.645874356058129,0.0636018696731483,0.528690537066273,0.639699068636583,0.779833263831954,TRUE,0.0923613737822112,1,0.936398130326852,"dense_profiles",7,"ungated_weak","survival"
"growth_increment_80",8.4,8.39653401702446,0.487175707998609,7.43633926029693,8.42179699663694,9.41419621378436,TRUE,-0.00711444129629264,6,0.918804048666899,"dense_profiles",7,"ungated_weak","growth"
"growth_slope_20",-2.4,-2.34837645457127,0.228705485635046,-2.77206326050136,-2.3618981076448,-1.92931494834575,TRUE,0.225720626181681,3,0.923764838121651,"dense_profiles",7,"ungated_weak","growth"
"log_growth_sd",1.50407739677627,1.5128807112721,0.115084621250354,1.29253071142371,1.51628106704141,1.73363460973891,TRUE,0.0764942735196115,0.7,0.83559339821378,"dense_profiles",7,"ungated_weak","growth"
"log_recruitment_at_80",-1.69314718055995,-2.29165909428758,0.215363784891046,-2.69700290501737,-2.28320658825352,-1.85741718798009,FALSE,-2.77907408634382,1.5,0.856424143405969,"dense_profiles",7,"ungated_weak","recruitment"
"recruitment_slope_20",1.5,1.88209401194839,0.104032922540666,1.6766210144142,1.87494399304544,2.07400372277921,FALSE,3.67281820616961,1,0.895967077459334,"dense_profiles",7,"ungated_weak","recruitment"
"recruit_mean_80",44.6,44.047183343044,0.727599679207216,42.6649968700106,44.0608541380448,45.3990820762679,TRUE,-0.759781336844993,10,0.927240032079278,"dense_profiles",7,"ungated_weak","recruit_size"
"recruit_mean_slope_20",0.4,0.555095449091346,0.336410945979222,-0.0782873812578244,0.545807439265898,1.20941008249957,TRUE,0.461029734451401,2,0.831794527010389,"dense_profiles",7,"ungated_weak","recruit_size"
"log_recruit_sd",1.25276296849537,1.23526407997034,0.0286914853881049,1.17909926194349,1.2358855017622,1.2926458977513,TRUE,-0.60989831262902,0.7,0.959012163731279,"dense_profiles",7,"ungated_weak","recruit_size"
"log_process_precision",NA,5.44776450019073,0.720166824461562,3.98116458447183,5.43446991384369,6.86528962536301,NA,NA,2,0.639916587769219,"dense_profiles",7,"ungated_weak","process"
"survival_at_80",0.36,0.398991897773891,0.0832010895846524,0.235413169445054,0.395115297111074,0.563130231738902,TRUE,0.468646480094704,1.5,0.944532606943565,"dense_profiles",7,"maturity_weak","survival"
"survival_slope_20",0.64,0.650640764769495,0.064577842175506,0.525939538250452,0.652475949274797,0.770150093575087,TRUE,0.164774238516309,1,0.935422157824494,"dense_profiles",7,"maturity_weak","survival"
"growth_increment_80",8.4,8.35935928791664,0.481855871832542,7.46307018476484,8.33609326959639,9.24791020542986,TRUE,-0.0843420501005731,6,0.91969068802791,"dense_profiles",7,"maturity_weak","growth"
"growth_slope_20",-2.4,-2.34259898756965,0.234242211877963,-2.84314199406638,-2.35317475233006,-1.86078466792359,TRUE,0.245049822447272,3,0.921919262707346,"dense_profiles",7,"maturity_weak","growth"
"log_growth_sd",1.50407739677627,1.50938828360637,0.109290024399609,1.30860071796959,1.51007919888032,1.72853196455802,TRUE,0.0485944335658291,0.7,0.843871393714845,"dense_profiles",7,"maturity_weak","growth"
"log_recruitment_at_80",-1.69314718055995,-2.5116714890034,0.246317001525127,-2.98000306891679,-2.51409070159907,-1.9838748653946,FALSE,-3.32305242177918,1.5,0.835788665649916,"dense_profiles",7,"maturity_weak","recruitment"
"recruitment_slope_20",1.5,1.84870729393988,0.11591634438476,1.59895528109989,1.85111086438489,2.07067689827439,FALSE,3.00826683062417,1,0.88408365561524,"dense_profiles",7,"maturity_weak","recruitment"
"recruit_mean_80",44.6,43.766051183793,0.873627347610605,41.9642127933423,43.7861157849783,45.3280589344023,TRUE,-0.954581857456607,10,0.91263726523894,"dense_profiles",7,"maturity_weak","recruit_size"
"recruit_mean_slope_20",0.4,0.672497807096953,0.406478664316062,-0.0414283458846558,0.650652666562374,1.5204458060897,TRUE,0.670386495083219,2,0.796760667841969,"dense_profiles",7,"maturity_weak","recruit_size"
"log_recruit_sd",1.25276296849537,1.22891735623318,0.0303606587754471,1.16870302934158,1.22944068429915,1.2871166844322,TRUE,-0.785411556401122,0.7,0.95662763032079,"dense_profiles",7,"maturity_weak","recruit_size"
"log_process_precision",NA,5.32963161980387,0.63516823078524,4.17219761824347,5.34365936622298,6.51970174392822,NA,NA,2,0.68241588460738,"dense_profiles",7,"maturity_weak","process"
"survival_at_80",0.36,0.398856979370299,0.0865538784690398,0.219769334045456,0.399447681223464,0.557734465486268,TRUE,0.448934005703719,1.5,0.942297414353973,"dense_profiles",7,"maturity_shape_informed","survival"
"survival_slope_20",0.64,0.650465577356867,0.0636022010571761,0.528599565188854,0.650411240105452,0.772996234743383,TRUE,0.164547408468753,1,0.936397798942824,"dense_profiles",7,"maturity_shape_informed","survival"
"growth_increment_80",8.4,8.41201912544049,0.487074607902829,7.48390641985837,8.42877597010127,9.28839321138616,TRUE,0.0246761486751364,6,0.918820898682862,"dense_profiles",7,"maturity_shape_informed","growth"
"growth_slope_20",-2.4,-2.34679200159475,0.219477715961908,-2.77565496316216,-2.3465697753158,-1.93161490280637,TRUE,0.242430071645555,3,0.92684076134603,"dense_profiles",7,"maturity_shape_informed","growth"
"log_growth_sd",1.50407739677627,1.52098728289448,0.111945470493287,1.29437600589168,1.52528875798164,1.74690326564473,TRUE,0.151054670132636,0.7,0.840077899295304,"dense_profiles",7,"maturity_shape_informed","growth"
"log_recruitment_at_80",-1.69314718055995,-2.34279137956721,0.212539639125199,-2.74320744815842,-2.33577098109265,-1.90725879904788,FALSE,-3.05657900653807,1.5,0.858306907249867,"dense_profiles",7,"maturity_shape_informed","recruitment"
"recruitment_slope_20",1.5,1.76842829402128,0.101889648928166,1.56742535832188,1.76320012337603,1.95461510754582,FALSE,2.63450013661863,0.2,0.490551755359171,"dense_profiles",7,"maturity_shape_informed","recruitment"
"recruit_mean_80",44.6,43.989831150253,0.824071691698687,42.337336094603,44.0111682466329,45.6399526454989,TRUE,-0.740431755991079,10,0.917592830830131,"dense_profiles",7,"maturity_shape_informed","recruit_size"
"recruit_mean_slope_20",0.4,0.577928878019366,0.386563451679513,-0.196800669330633,0.582664211423471,1.30954265000967,TRUE,0.460283757417606,2,0.806718274160244,"dense_profiles",7,"maturity_shape_informed","recruit_size"
"log_recruit_sd",1.25276296849537,1.23285137402027,0.0300848047920449,1.17396536730452,1.23421912416068,1.28949456878076,TRUE,-0.661848883937611,0.7,0.957021707439936,"dense_profiles",7,"maturity_shape_informed","recruit_size"
"log_process_precision",NA,5.35138329517954,0.630025013621304,4.17743945731216,5.37436231060774,6.60645450369636,NA,NA,2,0.684987493189348,"dense_profiles",7,"maturity_shape_informed","process"
"survival_at_80",0.36,0.400090265413487,0.089764396610431,0.212192242739739,0.404917260315136,0.564748676337199,TRUE,0.446616553191744,1.5,0.940157068926379,"dense_profiles",7,"maturity_fixed_recruitment_slope","survival"
"survival_slope_20",0.64,0.649488089997596,0.063264186318581,0.526852329874751,0.647679809264033,0.77885547127307,TRUE,0.149975690034434,1,0.936735813681419,"dense_profiles",7,"maturity_fixed_recruitment_slope","survival"
"growth_increment_80",8.4,8.34828053600168,0.502525339729654,7.33686998260613,8.36256315043005,9.31440499143523,TRUE,-0.102919116528823,6,0.916245776711724,"dense_profiles",7,"maturity_fixed_recruitment_slope","growth"
"growth_slope_20",-2.4,-2.3518955495664,0.255029495094542,-2.8603139859939,-2.34986100730448,-1.85698074304955,TRUE,0.188623086187614,3,0.914990168301819,"dense_profiles",7,"maturity_fixed_recruitment_slope","growth"
"log_growth_sd",1.50407739677627,1.5134957377719,0.112746786961657,1.30165078517669,1.51315388197327,1.740213775199,TRUE,0.0835353383403621,0.7,0.838933161483347,"dense_profiles",7,"maturity_fixed_recruitment_slope","growth"
"log_recruitment_at_80",-1.69314718055995,-1.81379520368116,0.0308063519957714,-1.8730263579952,-1.81541977061675,-1.75145303084768,FALSE,-3.91633592766111,1.5,0.979462432002819,"dense_profiles",7,"maturity_fixed_recruitment_slope","recruitment"
"recruitment_slope_20",1.5,1.5,0,1.5,1.5,1.5,TRUE,NA,NA,NA,"dense_profiles",7,"maturity_fixed_recruitment_slope","recruitment"
"recruit_mean_80",44.6,44.3057761965913,0.803174985477399,42.7189525358648,44.3319303328412,45.8347592291377,TRUE,-0.36632590497557,10,0.91968250145226,"dense_profiles",7,"maturity_fixed_recruitment_slope","recruit_size"
"recruit_mean_slope_20",0.4,0.458239592196148,0.410276798605217,-0.333326303173841,0.45182102354061,1.24510131676687,TRUE,0.14195195144873,2,0.794861600697392,"dense_profiles",7,"maturity_fixed_recruitment_slope","recruit_size"
"log_recruit_sd",1.25276296849537,1.23371580980264,0.0322442801707674,1.17098740282384,1.23462950525651,1.29837545877166,TRUE,-0.590714340399476,0.7,0.953936742613189,"dense_profiles",7,"maturity_fixed_recruitment_slope","recruit_size"
"log_process_precision",NA,4.88184407140346,0.455571299473667,3.96355709487671,4.89233474722792,5.74792745266229,NA,NA,2,0.772214350263166,"dense_profiles",7,"maturity_fixed_recruitment_slope","process"
"survival_at_80",0.36,0.349411204978821,0.0769728420777092,0.203977448522123,0.345634054449928,0.510061087680208,TRUE,-0.137565337791334,1.5,0.948684771948194,"rich_design",7,"ungated_weak","survival"
"survival_slope_20",0.64,0.544916126614225,0.0515755440565812,0.448585444075506,0.54222244414684,0.647354494517528,TRUE,-1.84358449581187,1,0.948424455943419,"rich_design",7,"ungated_weak","survival"
"growth_increment_80",8.4,8.18216695273179,0.484951161278443,7.21683214773265,8.17449546696611,9.15028170779141,TRUE,-0.449185535908295,6,0.919174806453593,"rich_design",7,"ungated_weak","growth"
"growth_slope_20",-2.4,-1.99501740988971,0.189089851337873,-2.3676026754689,-1.9945646527838,-1.60049176112319,FALSE,2.14174683223298,3,0.936970049554042,"rich_design",7,"ungated_weak","growth"
"log_growth_sd",1.50407739677627,1.667128130647,0.0833332858354105,1.51639854283639,1.66348278276155,1.83810384501855,FALSE,1.95660992166755,0.7,0.880952448806556,"rich_design",7,"ungated_weak","growth"
"log_recruitment_at_80",-1.69314718055995,-1.23237966773588,0.11402053677044,-1.45480062976654,-1.23227388860994,-0.998220360102578,FALSE,4.04109229683541,1.5,0.923986308819707,"rich_design",7,"ungated_weak","recruitment"
"recruitment_slope_20",1.5,1.28927372657671,0.0607781339463203,1.16995154842952,1.29261583638349,1.41708137855103,FALSE,-3.46713957373882,1,0.93922186605368,"rich_design",7,"ungated_weak","recruitment"
"recruit_mean_80",44.6,45.3630428721269,0.41859467126086,44.484871904163,45.3632285744282,46.2497623388901,TRUE,1.82286809774351,10,0.958140532873914,"rich_design",7,"ungated_weak","recruit_size"
"recruit_mean_slope_20",0.4,-0.0326805972357373,0.220501995621069,-0.46697529220083,-0.0409115243248415,0.421765216953405,TRUE,-1.96225252300798,2,0.889749002189466,"rich_design",7,"ungated_weak","recruit_size"
"log_recruit_sd",1.25276296849537,1.21562278188163,0.0251667596809499,1.16876474723089,1.21680185735108,1.26004965679844,TRUE,-1.47576355019803,0.7,0.964047486170072,"rich_design",7,"ungated_weak","recruit_size"
"log_process_precision",NA,3.458086221044,0.178336721721014,3.11918630661985,3.46382788423554,3.78543164318872,NA,NA,2,0.910831639139493,"rich_design",7,"ungated_weak","process"
"survival_at_80",0.36,0.352800973916233,0.0748029791552182,0.200793703428508,0.353325518258978,0.503094440426524,TRUE,-0.0962398311546996,1.5,0.950131347229854,"rich_design",7,"maturity_weak","survival"
"survival_slope_20",0.64,0.54894290308175,0.0497983661365386,0.451461315038493,0.547519877090538,0.642476289654144,TRUE,-1.82851575227564,1,0.950201633863461,"rich_design",7,"maturity_weak","survival"
"growth_increment_80",8.4,8.16392381790367,0.50897642528012,7.2373928620011,8.14436382247061,9.18723287596405,TRUE,-0.463825376521907,6,0.915170595786647,"rich_design",7,"maturity_weak","growth"
"growth_slope_20",-2.4,-1.99969914602781,0.1927257468416,-2.37401389754428,-1.99483926114135,-1.63691064624568,FALSE,2.07704917756109,3,0.935758084386133,"rich_design",7,"maturity_weak","growth"
"log_growth_sd",1.50407739677627,1.66921919148015,0.0828409386697035,1.51376898451568,1.66920976409775,1.84782945736842,FALSE,1.99348048628849,0.7,0.881655801900423,"rich_design",7,"maturity_weak","growth"
"log_recruitment_at_80",-1.69314718055995,-1.37734506028309,0.145523137002891,-1.64676699358447,-1.37669372110808,-1.08444901006226,FALSE,2.17011622193509,1.5,0.902984575331406,"rich_design",7,"maturity_weak","recruitment"
"recruitment_slope_20",1.5,1.24942272892667,0.0694466371185412,1.1072001574133,1.2512150857591,1.37495596473127,FALSE,-3.60819877635848,1,0.930553362881459,"rich_design",7,"maturity_weak","recruitment"
"recruit_mean_80",44.6,45.4160480392857,0.520642916269136,44.4437546085452,45.4296750624772,46.5148115767135,TRUE,1.56738527268058,10,0.947935708373086,"rich_design",7,"maturity_weak","recruit_size"
"recruit_mean_slope_20",0.4,-0.0492438780009094,0.245089349866219,-0.540613406273355,-0.0595006512786026,0.416748859239831,TRUE,-1.83298000605137,2,0.87745532506689,"rich_design",7,"maturity_weak","recruit_size"
"log_recruit_sd",1.25276296849537,1.2140848170808,0.0245420310418038,1.16216462232161,1.2174384741917,1.25722754342126,TRUE,-1.57599635289712,0.7,0.964939955654566,"rich_design",7,"maturity_weak","recruit_size"
"log_process_precision",NA,3.43291481123954,0.17260262256566,3.12066602871046,3.43306567700804,3.75562191978191,NA,NA,2,0.91369868871717,"rich_design",7,"maturity_weak","process"
"survival_at_80",0.36,0.350324416018094,0.0808803344261903,0.200576449770543,0.347350422173063,0.501425222023608,TRUE,-0.119628387426309,1.5,0.946079777049206,"rich_design",7,"maturity_shape_informed","survival"
"survival_slope_20",0.64,0.545905204996762,0.0529812742980058,0.448447825603706,0.54289458010458,0.643096144970004,TRUE,-1.77600097864727,1,0.947018725701994,"rich_design",7,"maturity_shape_informed","survival"
"growth_increment_80",8.4,8.15333444203583,0.506121149613319,7.17408480974026,8.14800931927514,9.13070130608956,TRUE,-0.487364652025757,6,0.915646475064447,"rich_design",7,"maturity_shape_informed","growth"
"growth_slope_20",-2.4,-1.99315946176044,0.205361422015169,-2.36326742183615,-2.00972728845592,-1.58408853965001,FALSE,1.98109525268825,3,0.93154619266161,"rich_design",7,"maturity_shape_informed","growth"
"log_growth_sd",1.50407739677627,1.6657668271712,0.0857343798092062,1.49438052117704,1.66203126639155,1.84356219079165,TRUE,1.88593456621193,0.7,0.877522314558277,"rich_design",7,"maturity_shape_informed","growth"
"log_recruitment_at_80",-1.69314718055995,-1.4225647124322,0.138428531089916,-1.67638979451133,-1.42529880999966,-1.14549461373871,FALSE,1.9546726819776,1.5,0.907714312606722,"rich_design",7,"maturity_shape_informed","recruitment"
"recruitment_slope_20",1.5,1.27090424196347,0.0649814028880085,1.13942475066528,1.27030535273182,1.38880395117201,FALSE,-3.52555881921112,0.2,0.675092985559957,"rich_design",7,"maturity_shape_informed","recruitment"
"recruit_mean_80",44.6,45.3777707200336,0.506549543200419,44.4024611648907,45.3797872440995,46.3936282554797,TRUE,1.53542872651624,10,0.949345045679958,"rich_design",7,"maturity_shape_informed","recruit_size"
"recruit_mean_slope_20",0.4,-0.0358122355963342,0.234163135461536,-0.520219700704567,-0.0402663013948124,0.402200030833815,TRUE,-1.86114793320198,2,0.882918432269232,"rich_design",7,"maturity_shape_informed","recruit_size"
"log_recruit_sd",1.25276296849537,1.21330409174726,0.0249835099169782,1.16229469355944,1.21492748758981,1.26227345119868,TRUE,-1.57939684532845,0.7,0.964309271547174,"rich_design",7,"maturity_shape_informed","recruit_size"
"log_process_precision",NA,3.41852916890845,0.192314555970144,3.06398970907856,3.41891284285923,3.77019001142537,NA,NA,2,0.903842722014928,"rich_design",7,"maturity_shape_informed","process"
"survival_at_80",0.36,0.371704254018054,0.0801381135404305,0.202513001650028,0.374214798024876,0.524596642080738,TRUE,0.146051029915365,1.5,0.946574590973046,"rich_design",7,"maturity_fixed_recruitment_slope","survival"
"survival_slope_20",0.64,0.542707365291724,0.0497909305644451,0.437502585686464,0.543306516111276,0.647770120938247,TRUE,-1.95402322481899,1,0.950209069435555,"rich_design",7,"maturity_fixed_recruitment_slope","survival"
"growth_increment_80",8.4,7.97269203301185,0.498701697283328,6.9937217807288,7.94612766394564,9.06681007740829,TRUE,-0.856840811482906,6,0.916883050452779,"rich_design",7,"maturity_fixed_recruitment_slope","growth"
"growth_slope_20",-2.4,-1.93869047184288,0.219439601430183,-2.36387374374249,-1.95937775691,-1.49051711425638,FALSE,2.1022163964506,3,0.926853466189939,"rich_design",7,"maturity_fixed_recruitment_slope","growth"
"log_growth_sd",1.50407739677627,1.69402881617265,0.083556910357681,1.52796575520019,1.69788893853659,1.8470390550839,FALSE,2.2733178929577,0.7,0.880632985203313,"rich_design",7,"maturity_fixed_recruitment_slope","growth"
"log_recruitment_at_80",-1.69314718055995,-1.9144762739138,0.0337820056866187,-1.979719627209,-1.91271649802859,-1.85024832441914,FALSE,-6.55168598948888,1.5,0.977478662875587,"rich_design",7,"maturity_fixed_recruitment_slope","recruitment"
"recruitment_slope_20",1.5,1.5,0,1.5,1.5,1.5,TRUE,NA,NA,NA,"rich_design",7,"maturity_fixed_recruitment_slope","recruitment"
"recruit_mean_80",44.6,45.0738621718232,0.516081751713124,44.0380812753693,45.0729997810209,46.0097383301253,TRUE,0.918192069861471,10,0.948391824828688,"rich_design",7,"maturity_fixed_recruitment_slope","recruit_size"
"recruit_mean_slope_20",0.4,0.0862170086396194,0.237279708981808,-0.348817920141895,0.0895553185635523,0.56575499913807,TRUE,-1.32241813978471,2,0.881360145509096,"rich_design",7,"maturity_fixed_recruitment_slope","recruit_size"
"log_recruit_sd",1.25276296849537,1.20271768846285,0.0251242054674749,1.15612227335492,1.2030076512559,1.2538594452657,TRUE,-1.99191493228724,0.7,0.964108277903607,"rich_design",7,"maturity_fixed_recruitment_slope","recruit_size"
"log_process_precision",NA,3.31983073431808,0.17977522363415,2.95393876617683,3.32433548400943,3.66088249004205,NA,NA,2,0.910112388182925,"rich_design",7,"maturity_fixed_recruitment_slope","process"
"survival_at_80",0.36,0.200008984567321,0.152446055335146,-0.0804587434865787,0.202174746348257,0.511474130768785,TRUE,-1.04949265549013,1.5,0.898369296443236,"standard",8,"ungated_weak","survival"
"survival_slope_20",0.64,0.505733943825773,0.10984420571752,0.296425181191622,0.499167372614978,0.7285333282227,TRUE,-1.22233171333145,1,0.89015579428248,"standard",8,"ungated_weak","survival"
"growth_increment_80",8.4,8.66664397787903,1.30865073214353,6.1487187979939,8.68957811771372,11.1151532516384,TRUE,0.203754883812487,6,0.781891544642745,"standard",8,"ungated_weak","growth"
"growth_slope_20",-2.4,-2.29544217780865,0.54756337222158,-3.40327099182032,-2.32209389449667,-1.29715234768401,TRUE,0.190951088943619,3,0.81747887592614,"standard",8,"ungated_weak","growth"
"log_growth_sd",1.50407739677627,2.00200433202421,0.1268013843456,1.76272903785416,1.9988465847952,2.25563205715165,FALSE,3.92682570318657,0.7,0.818855165220572,"standard",8,"ungated_weak","growth"
"log_recruitment_at_80",-1.69314718055995,-0.998157258258606,0.227367005424547,-1.43966678317374,-0.992675653262836,-0.573176997756305,FALSE,3.05668767112286,1.5,0.848421996383635,"standard",8,"ungated_weak","recruitment"
"recruitment_slope_20",1.5,1.30285049688427,0.156572398753189,1.00091821270858,1.30393504402289,1.62456412065926,TRUE,-1.25915873222654,1,0.843427601246811,"standard",8,"ungated_weak","recruitment"
"recruit_mean_80",44.6,45.105760206205,0.779505068358345,43.6223701145072,45.1353033760883,46.6335870770542,TRUE,0.648822216473987,10,0.922049493164166,"standard",8,"ungated_weak","recruit_size"
"recruit_mean_slope_20",0.4,0.20794093473847,0.519093632790768,-0.75879120866552,0.187825233486485,1.14627375512487,TRUE,-0.369989252669073,2,0.740453183604616,"standard",8,"ungated_weak","recruit_size"
"log_recruit_sd",1.25276296849537,1.24024699883328,0.0585077644905038,1.12503892779828,1.23775620744512,1.35684900926955,TRUE,-0.213919806560313,0.7,0.91641747929928,"standard",8,"ungated_weak","recruit_size"
"log_process_precision",NA,3.08847078341552,0.423617138743201,2.30096805670317,3.05953474922171,3.87368067283292,NA,NA,2,0.7881914306284,"standard",8,"ungated_weak","process"
"survival_at_80",0.36,0.190909895457231,0.157009356864516,-0.117602264982311,0.185977771560118,0.524209929578518,TRUE,-1.07694285181155,1.5,0.895327095423656,"standard",8,"maturity_weak","survival"
"survival_slope_20",0.64,0.493968397107926,0.109000575910981,0.289710623769011,0.501110074990199,0.6924874601979,TRUE,-1.33973239748142,1,0.890999424089019,"standard",8,"maturity_weak","survival"
"growth_increment_80",8.4,8.59970488228495,1.28102960322211,5.84311608922502,8.57969150353432,11.0356694021517,TRUE,0.155894041622956,6,0.786495066129648,"standard",8,"maturity_weak","growth"
"growth_slope_20",-2.4,-2.33936492893059,0.524205681755996,-3.35928623753789,-2.37470923034467,-1.33206754462075,TRUE,0.115670381263891,3,0.825264772748001,"standard",8,"maturity_weak","growth"
"log_growth_sd",1.50407739677627,2.00595099004775,0.127402808607578,1.77405555838942,2.00079295938594,2.24988913316044,FALSE,3.93926632196411,0.7,0.81799598770346,"standard",8,"maturity_weak","growth"
"log_recruitment_at_80",-1.69314718055995,-1.0493567681575,0.279464315088675,-1.55992198663676,-1.05741270080988,-0.490769739031944,FALSE,2.30365874153973,1.5,0.81369045660755,"standard",8,"maturity_weak","recruitment"
"recruitment_slope_20",1.5,1.21159052273977,0.167301904398148,0.908422762735742,1.21297854746883,1.50891197188846,TRUE,-1.72388639745465,1,0.832698095601852,"standard",8,"maturity_weak","recruitment"
"recruit_mean_80",44.6,44.981365231008,0.883949034055985,43.250195977426,45.0496953069658,46.7144037384744,TRUE,0.431433506135701,10,0.911605096594401,"standard",8,"maturity_weak","recruit_size"
"recruit_mean_slope_20",0.4,0.253620313870141,0.539463562665068,-0.777121161788956,0.22302036235229,1.33175940924461,TRUE,-0.271343045685442,2,0.730268218667466,"standard",8,"maturity_weak","recruit_size"
"log_recruit_sd",1.25276296849537,1.23689823632011,0.0577785323743125,1.12173053175824,1.23871728075279,1.34937130256702,TRUE,-0.274578316951312,0.7,0.917459239465268,"standard",8,"maturity_weak","recruit_size"
"log_process_precision",NA,3.14311455250895,0.40568467338191,2.38790816416158,3.15634299260616,3.92511164988133,NA,NA,2,0.797157663309045,"standard",8,"maturity_weak","process"
"survival_at_80",0.36,0.211477311850473,0.169939373390762,-0.114735920702254,0.220204895008354,0.535665388962115,TRUE,-0.873974554490156,1.5,0.886707084406159,"standard",8,"maturity_shape_informed","survival"
"survival_slope_20",0.64,0.507948438034572,0.117989366055988,0.267406409656955,0.515103730283044,0.722188979068172,TRUE,-1.11918189222889,1,0.882010633944012,"standard",8,"maturity_shape_informed","survival"
"growth_increment_80",8.4,8.66183439216587,1.23315756326249,6.15453714179057,8.72241512440913,10.8843868077677,TRUE,0.212328416064816,6,0.794473739456251,"standard",8,"maturity_shape_informed","growth"
"growth_slope_20",-2.4,-2.37957606773278,0.598168524021925,-3.52082451803508,-2.36988970426808,-1.27174184270503,TRUE,0.0341441106427596,3,0.800610491992692,"standard",8,"maturity_shape_informed","growth"
"log_growth_sd",1.50407739677627,2.00031463467083,0.123263163096913,1.74787988986906,2.00321116592058,2.22924391531032,FALSE,4.0258356627146,0.7,0.82390976700441,"standard",8,"maturity_shape_informed","growth"
"log_recruitment_at_80",-1.69314718055995,-1.25020817642955,0.226320149864258,-1.69386649053921,-1.24435119145573,-0.855824478483972,TRUE,1.95713463602805,1.5,0.849119900090495,"standard",8,"maturity_shape_informed","recruitment"
"recruitment_slope_20",1.5,1.33496582757879,0.128296115133023,1.10236213815495,1.33195968948915,1.59415942576776,TRUE,-1.2863536222441,0.2,0.358519424334887,"standard",8,"maturity_shape_informed","recruitment"
"recruit_mean_80",44.6,44.883319056063,0.973396895409735,43.0377447027079,44.9187432628282,46.7891235999468,TRUE,0.291062214600322,10,0.902660310459027,"standard",8,"maturity_shape_informed","recruit_size"
"recruit_mean_slope_20",0.4,0.305201580568734,0.577221204750558,-0.851880918935425,0.300024987093604,1.38975336029371,TRUE,-0.16423239245383,2,0.711389397624721,"standard",8,"maturity_shape_informed","recruit_size"
"log_recruit_sd",1.25276296849537,1.23935345612274,0.0563474552372362,1.13563371109459,1.24163013968584,1.35066905573641,TRUE,-0.237979023474377,0.7,0.919503635375377,"standard",8,"maturity_shape_informed","recruit_size"
"log_process_precision",NA,3.10066155190912,0.385755270201967,2.35786299352904,3.08673496082935,3.82282787479755,NA,NA,2,0.807122364899016,"standard",8,"maturity_shape_informed","process"
"survival_at_80",0.36,0.197315305329079,0.167836756408916,-0.12819129470507,0.203816896111459,0.504874370164435,TRUE,-0.969303138071595,1.5,0.888108829060722,"standard",8,"maturity_fixed_recruitment_slope","survival"
"survival_slope_20",0.64,0.50959709421117,0.11478079844271,0.270942895206667,0.509791020861335,0.72760094473756,TRUE,-1.13610383930128,1,0.88521920155729,"standard",8,"maturity_fixed_recruitment_slope","survival"
"growth_increment_80",8.4,8.62687513595637,1.2218779333923,6.21444102522812,8.6672195801358,11.1153976484853,TRUE,0.18567741486786,6,0.796353677767949,"standard",8,"maturity_fixed_recruitment_slope","growth"
"growth_slope_20",-2.4,-2.37193121960787,0.585731725865146,-3.54905541196674,-2.36734429970277,-1.2785585596152,TRUE,0.0479208811007624,3,0.804756091378285,"standard",8,"maturity_fixed_recruitment_slope","growth"
"log_growth_sd",1.50407739677627,2.01059143427685,0.122120865528124,1.76210144042907,2.01178316961418,2.23161072686201,FALSE,4.14764532915897,0.7,0.825541620674108,"standard",8,"maturity_fixed_recruitment_slope","growth"
"log_recruitment_at_80",-1.69314718055995,-1.53674628118915,0.0705088225764757,-1.66491382132111,-1.54113988086112,-1.39389240729263,FALSE,2.2181748844432,1.5,0.95299411828235,"standard",8,"maturity_fixed_recruitment_slope","recruitment"
"recruitment_slope_20",1.5,1.5,0,1.5,1.5,1.5,TRUE,NA,NA,NA,"standard",8,"maturity_fixed_recruitment_slope","recruitment"
"recruit_mean_80",44.6,44.8514010653988,0.956248656920642,43.0027821987911,44.8628157847134,46.5328670786836,TRUE,0.262903444181974,10,0.904375134307936,"standard",8,"maturity_fixed_recruitment_slope","recruit_size"
"recruit_mean_slope_20",0.4,0.309447633132642,0.530239587081219,-0.661512796044287,0.302316992528249,1.36938966019755,TRUE,-0.170776322767255,2,0.73488020645939,"standard",8,"maturity_fixed_recruitment_slope","recruit_size"
"log_recruit_sd",1.25276296849537,1.23928669831429,0.0591531137735865,1.12624927277854,1.24037025851991,1.35391186252886,TRUE,-0.227820131881101,0.7,0.915495551752019,"standard",8,"maturity_fixed_recruitment_slope","recruit_size"
"log_process_precision",NA,3.00131973832357,0.382693451293751,2.21554053157182,3.01483590671703,3.68624158665026,NA,NA,2,0.808653274353125,"standard",8,"maturity_fixed_recruitment_slope","process"
"survival_at_80",0.36,0.427687319734454,0.0888240087910433,0.252768909207314,0.426733495545968,0.603434991215269,TRUE,0.762038559796226,1.5,0.940783994139304,"dense_profiles",8,"ungated_weak","survival"
"survival_slope_20",0.64,0.730688607006418,0.0622518708163415,0.60833215118725,0.730553730894317,0.849558797113345,TRUE,1.45680131082281,1,0.937748129183659,"dense_profiles",8,"ungated_weak","survival"
"growth_increment_80",8.4,8.03387383773442,0.388852464769266,7.25830350749421,8.03570009514657,8.77127324298895,TRUE,-0.941555462385528,6,0.935191255871789,"dense_profiles",8,"ungated_weak","growth"
"growth_slope_20",-2.4,-2.45723060306332,0.200589084123602,-2.8543621315058,-2.46223463927042,-2.06340139295731,TRUE,-0.285312649556026,3,0.933136971958799,"dense_profiles",8,"ungated_weak","growth"
"log_growth_sd",1.50407739677627,1.3815261147849,0.0988800584148351,1.18292714006737,1.37782574579676,1.58926902315032,TRUE,-1.23939330089426,0.7,0.858742773693093,"dense_profiles",8,"ungated_weak","growth"
"log_recruitment_at_80",-1.69314718055995,-1.61582282726542,0.160845640892554,-1.92426274100659,-1.61936880844838,-1.30427117698396,TRUE,0.480736393385846,1.5,0.892769572738298,"dense_profiles",8,"ungated_weak","recruitment"
"recruitment_slope_20",1.5,1.59504639559608,0.0867279470556921,1.43365463154917,1.60006630046235,1.76774374954962,TRUE,1.09591427933887,1,0.913272052944308,"dense_profiles",8,"ungated_weak","recruitment"
"recruit_mean_80",44.6,45.53765750868,0.529029079711562,44.4578164242429,45.5449011163189,46.5109242162707,TRUE,1.77241203676598,10,0.947097092028844,"dense_profiles",8,"ungated_weak","recruit_size"
"recruit_mean_slope_20",0.4,-0.154356716082046,0.283422671813438,-0.66341485080437,-0.156777312259975,0.429684814809807,TRUE,-1.95593638481734,2,0.858288664093281,"dense_profiles",8,"ungated_weak","recruit_size"
"log_recruit_sd",1.25276296849537,1.24010287422035,0.0242254286927601,1.1890461740446,1.2381421355788,1.2882778315584,TRUE,-0.522595262836246,0.7,0.965392244724628,"dense_profiles",8,"ungated_weak","recruit_size"
"log_process_precision",NA,5.93818404962399,0.793858407469781,4.46189271724117,5.9304701261656,7.43307899665773,NA,NA,2,0.603070796265109,"dense_profiles",8,"ungated_weak","process"
"survival_at_80",0.36,0.423673473592158,0.0800708283529279,0.265367308465355,0.421553148007874,0.577772023105397,TRUE,0.795214373348361,1.5,0.946619447764715,"dense_profiles",8,"maturity_weak","survival"
"survival_slope_20",0.64,0.728517456285203,0.0578485725465458,0.617761623663421,0.73036931734728,0.841983202778856,TRUE,1.53015800370839,1,0.942151427453454,"dense_profiles",8,"maturity_weak","survival"
"growth_increment_80",8.4,8.05075173274793,0.362685674261209,7.38924934779282,8.0404592069404,8.74239416270233,TRUE,-0.962950268061987,6,0.939552387623132,"dense_profiles",8,"maturity_weak","growth"
"growth_slope_20",-2.4,-2.46356432387959,0.206981233375901,-2.8758342837237,-2.45688502848501,-2.05112353776135,TRUE,-0.307101870265446,3,0.931006255541366,"dense_profiles",8,"maturity_weak","growth"
"log_growth_sd",1.50407739677627,1.36664611437328,0.108708227426999,1.1360840541904,1.36620874301939,1.57180644049592,TRUE,-1.26422153737431,0.7,0.844702532247145,"dense_profiles",8,"maturity_weak","growth"
"log_recruitment_at_80",-1.69314718055995,-1.7693212455454,0.172706403465617,-2.08645555369273,-1.76351326235856,-1.42579643910451,TRUE,-0.441061034547082,1.5,0.884862397689589,"dense_profiles",8,"maturity_weak","recruitment"
"recruitment_slope_20",1.5,1.53532421841377,0.0891533605514976,1.35811240813627,1.53142894015998,1.69730388521797,TRUE,0.396218585539098,1,0.910846639448502,"dense_profiles",8,"maturity_weak","recruitment"
"recruit_mean_80",44.6,45.7274784081384,0.655577374747812,44.4713832967357,45.7390654828351,46.9628487884354,TRUE,1.71982507567786,10,0.934442262525219,"dense_profiles",8,"maturity_weak","recruit_size"
"recruit_mean_slope_20",0.4,-0.237279250013827,0.33781678788379,-0.861300154027427,-0.24552025817403,0.458547774816331,TRUE,-1.88646412159082,2,0.831091606058105,"dense_profiles",8,"maturity_weak","recruit_size"
"log_recruit_sd",1.25276296849537,1.24196060530947,0.0238786969903314,1.19809194899745,1.24177527635792,1.28859568102139,TRUE,-0.452384951753157,0.7,0.965887575728098,"dense_profiles",8,"maturity_weak","recruit_size"
"log_process_precision",NA,5.97811716474636,0.778025114232644,4.52444993676502,6.0155704120425,7.43971377632336,NA,NA,2,0.610987442883678,"dense_profiles",8,"maturity_weak","process"
"survival_at_80",0.36,0.424355080458731,0.0844621311150834,0.268791281515036,0.42762651057479,0.584322292501903,TRUE,0.761940050636945,1.5,0.943691912589944,"dense_profiles",8,"maturity_shape_informed","survival"
"survival_slope_20",0.64,0.73116635033256,0.0585009716628903,0.628415755319517,0.730767951032342,0.852376989490495,TRUE,1.55837326699293,1,0.94149902833711,"dense_profiles",8,"maturity_shape_informed","survival"
"growth_increment_80",8.4,8.00978658177882,0.430628331758906,7.17132193737763,8.00637344363691,8.81344524012348,TRUE,-0.906148967550158,6,0.928228611373516,"dense_profiles",8,"maturity_shape_informed","growth"
"growth_slope_20",-2.4,-2.47783850652814,0.196253387940886,-2.85562920532237,-2.46999690627431,-2.09688728008409,TRUE,-0.396622485577581,3,0.934582204019705,"dense_profiles",8,"maturity_shape_informed","growth"
"log_growth_sd",1.50407739677627,1.37971296636979,0.107955817292877,1.15467468676,1.37801201721984,1.57955746807002,TRUE,-1.1519937834299,0.7,0.845777403867319,"dense_profiles",8,"maturity_shape_informed","growth"
"log_recruitment_at_80",-1.69314718055995,-1.76291801658584,0.170505502850689,-2.09297914291996,-1.77712943640276,-1.43110498433381,TRUE,-0.409199907682718,1.5,0.886329664766207,"dense_profiles",8,"maturity_shape_informed","recruitment"
"recruitment_slope_20",1.5,1.53101672830218,0.0883569413809514,1.36550625172588,1.53442765520743,1.69103188390484,TRUE,0.351038954239604,0.2,0.558215293095243,"dense_profiles",8,"maturity_shape_informed","recruitment"
"recruit_mean_80",44.6,45.6731443739233,0.663188570636504,44.4764337632579,45.7084961593538,46.9339150361782,TRUE,1.61815872805734,10,0.93368114293635,"dense_profiles",8,"maturity_shape_informed","recruit_size"
"recruit_mean_slope_20",0.4,-0.21470205828924,0.343160934803048,-0.869164847529838,-0.217475276710745,0.445976479049832,TRUE,-1.7912938098331,2,0.828419532598476,"dense_profiles",8,"maturity_shape_informed","recruit_size"
"log_recruit_sd",1.25276296849537,1.24238345371316,0.0229932194828727,1.19837218483815,1.24301878443726,1.29182323751029,TRUE,-0.451416331233731,0.7,0.967152543595896,"dense_profiles",8,"maturity_shape_informed","recruit_size"
"log_process_precision",NA,5.95958020479694,0.747540703275451,4.49725742873327,6.01056456520796,7.29394850804177,NA,NA,2,0.626229648362274,"dense_profiles",8,"maturity_shape_informed","process"
"survival_at_80",0.36,0.422954834136107,0.0785910861870923,0.27295071047038,0.428534235537536,0.571941126275035,TRUE,0.801042932352883,1.5,0.947605942541938,"dense_profiles",8,"maturity_fixed_recruitment_slope","survival"
"survival_slope_20",0.64,0.730886614286597,0.0573961920743557,0.613750045751925,0.734525943888078,0.835951338330607,TRUE,1.58349554215817,1,0.942603807925644,"dense_profiles",8,"maturity_fixed_recruitment_slope","survival"
"growth_increment_80",8.4,7.99783463186166,0.393727807839103,7.22651490356288,7.96762937073031,8.84509741328681,TRUE,-1.02142993238283,6,0.934378698693483,"dense_profiles",8,"maturity_fixed_recruitment_slope","growth"
"growth_slope_20",-2.4,-2.47220221167306,0.19367994701024,-2.83906186621075,-2.44754667413141,-2.08358877856296,TRUE,-0.372791364246114,3,0.935440017663253,"dense_profiles",8,"maturity_fixed_recruitment_slope","growth"
"log_growth_sd",1.50407739677627,1.37142596431364,0.109450229163035,1.13471465159716,1.38124175448679,1.57882764511211,TRUE,-1.21197948580848,0.7,0.843642529767093,"dense_profiles",8,"maturity_fixed_recruitment_slope","growth"
"log_recruitment_at_80",-1.69314718055995,-1.70244827548638,0.026006664227416,-1.75822917005323,-1.70173046501708,-1.65736656963999,TRUE,-0.357642750531296,1.5,0.982662223848389,"dense_profiles",8,"maturity_fixed_recruitment_slope","recruitment"
"recruitment_slope_20",1.5,1.5,0,1.5,1.5,1.5,TRUE,NA,NA,NA,"dense_profiles",8,"maturity_fixed_recruitment_slope","recruitment"
"recruit_mean_80",44.6,45.6750114447089,0.665123780539276,44.2138616624162,45.6663244369033,46.8554561625458,TRUE,1.61625771948379,10,0.933487621946072,"dense_profiles",8,"maturity_fixed_recruitment_slope","recruit_size"
"recruit_mean_slope_20",0.4,-0.219657869935552,0.354253297141846,-0.87151569511349,-0.217546334998076,0.478705860500063,TRUE,-1.74919436159104,2,0.822873351429077,"dense_profiles",8,"maturity_fixed_recruitment_slope","recruit_size"
"log_recruit_sd",1.25276296849537,1.24031685726214,0.0220309874972715,1.1990647380595,1.24045205457092,1.28486265346141,TRUE,-0.56493660280882,0.7,0.968527160718184,"dense_profiles",8,"maturity_fixed_recruitment_slope","recruit_size"
"log_process_precision",NA,5.96395762421574,0.777637875114409,4.45687917082749,5.99529868947433,7.49491698304349,NA,NA,2,0.611181062442796,"dense_profiles",8,"maturity_fixed_recruitment_slope","process"
"survival_at_80",0.36,0.448522064986926,0.0850060850333698,0.29923647017845,0.448356847012479,0.612137545776254,TRUE,1.04136150902816,1.5,0.94332927664442,"rich_design",8,"ungated_weak","survival"
"survival_slope_20",0.64,0.543723280620777,0.0569059184750439,0.436543560485735,0.541950511996774,0.649644734120778,TRUE,-1.69185775327474,1,0.943094081524956,"rich_design",8,"ungated_weak","survival"
"growth_increment_80",8.4,7.14493901043202,0.533470665010187,6.13513825838116,7.12948970543988,8.2365418554426,FALSE,-2.35263355960541,6,0.911088222498302,"rich_design",8,"ungated_weak","growth"
"growth_slope_20",-2.4,-1.71014984578301,0.245355737080547,-2.18575570907797,-1.71542134858432,-1.19323060686293,FALSE,2.81163245834564,3,0.918214754306484,"rich_design",8,"ungated_weak","growth"
"log_growth_sd",1.50407739677627,1.88091045159651,0.0554402570553772,1.76896598655968,1.88456713040823,1.98941867681753,FALSE,6.79710150773343,0.7,0.920799632778033,"rich_design",8,"ungated_weak","growth"
"log_recruitment_at_80",-1.69314718055995,-1.20147959941462,0.135444521777411,-1.45886182178086,-1.19565589718998,-0.929920915785711,FALSE,3.6300292894336,1.5,0.909703652148393,"rich_design",8,"ungated_weak","recruitment"
"recruitment_slope_20",1.5,1.35203698667995,0.0692229360503983,1.22226870923591,1.35061111121652,1.48470165978721,FALSE,-2.13748537352304,1,0.930777063949602,"rich_design",8,"ungated_weak","recruitment"
"recruit_mean_80",44.6,44.9413304493058,0.401801451929053,44.1822193714036,44.9269725380335,45.7270830062376,TRUE,0.849500288431259,10,0.959819854807095,"rich_design",8,"ungated_weak","recruit_size"
"recruit_mean_slope_20",0.4,0.210526828856757,0.211500374543867,-0.174349243580225,0.215559932286676,0.599773314199361,TRUE,-0.895852650624714,2,0.894249812728066,"rich_design",8,"ungated_weak","recruit_size"
"log_recruit_sd",1.25276296849537,1.22859855073122,0.0286339718243338,1.16387743842414,1.22944128438188,1.2775985907294,TRUE,-0.843907296982481,0.7,0.959094325965237,"rich_design",8,"ungated_weak","recruit_size"
"log_process_precision",NA,3.29980332930988,0.161524696029979,2.98805385502462,3.29137853903975,3.59867970226586,NA,NA,2,0.919237651985011,"rich_design",8,"ungated_weak","process"
"survival_at_80",0.36,0.455569997429177,0.0885664724989178,0.293405120855351,0.456019984863339,0.629703848104614,TRUE,1.07907648044067,1.5,0.940955685000721,"rich_design",8,"maturity_weak","survival"
"survival_slope_20",0.64,0.541981617142275,0.0565231899074204,0.440084784543121,0.539418822960461,0.651514189907024,TRUE,-1.73412687815868,1,0.94347681009258,"rich_design",8,"maturity_weak","survival"
"growth_increment_80",8.4,7.0933290881404,0.558439241395331,5.98340035126759,7.07607590630385,8.14474149367472,FALSE,-2.33986227148852,6,0.906926793100778,"rich_design",8,"maturity_weak","growth"
"growth_slope_20",-2.4,-1.67748648464531,0.269547797866441,-2.19128030561184,-1.67603399468185,-1.1202432808957,FALSE,2.68046528694956,3,0.91015073404452,"rich_design",8,"maturity_weak","growth"
"log_growth_sd",1.50407739677627,1.89006788169925,0.0540873938470898,1.78628068642033,1.88815008163048,2.00470171151937,FALSE,7.13642232447371,0.7,0.922732294504157,"rich_design",8,"maturity_weak","growth"
"log_recruitment_at_80",-1.69314718055995,-1.43217520806362,0.148209958255242,-1.73533751265329,-1.43031138663926,-1.15481189042013,TRUE,1.76082616558658,1.5,0.901193361163172,"rich_design",8,"maturity_weak","recruitment"
"recruitment_slope_20",1.5,1.35065284899777,0.0683356161108417,1.22092678217505,1.34874095154095,1.49804836366592,FALSE,-2.18549505370652,1,0.931664383889158,"rich_design",8,"maturity_weak","recruitment"
"recruit_mean_80",44.6,44.7937957418909,0.527980775243885,43.8036954302747,44.8118084266843,45.8362938289972,TRUE,0.367050754454889,10,0.947201922475612,"rich_design",8,"maturity_weak","recruit_size"
"recruit_mean_slope_20",0.4,0.261831095725956,0.252027178399347,-0.244223102299509,0.261126927877886,0.725830053723775,TRUE,-0.548230175616655,2,0.873986410800327,"rich_design",8,"maturity_weak","recruit_size"
"log_recruit_sd",1.25276296849537,1.22599986583472,0.0280614612575292,1.16932099026555,1.22733758544935,1.27948638003597,TRUE,-0.953731611302449,0.7,0.95991219820353,"rich_design",8,"maturity_weak","recruit_size"
"log_process_precision",NA,3.24706185578519,0.164759149584266,2.94004981952769,3.24528832049946,3.56139893246079,NA,NA,2,0.917620425207867,"rich_design",8,"maturity_weak","process"
"survival_at_80",0.36,0.464629465860169,0.0827101097200513,0.296301803694611,0.465017276187905,0.625000900341348,TRUE,1.26501423120231,1.5,0.944859926853299,"rich_design",8,"maturity_shape_informed","survival"
"survival_slope_20",0.64,0.542120453552311,0.0565131439223597,0.426459812830242,0.542162742647283,0.649539110998551,TRUE,-1.73197843287856,1,0.94348685607764,"rich_design",8,"maturity_shape_informed","survival"
"growth_increment_80",8.4,7.01243559285641,0.548967716812226,5.84546251509314,6.99043655156615,8.0201918987815,FALSE,-2.52758835291986,6,0.908505380531296,"rich_design",8,"maturity_shape_informed","growth"
"growth_slope_20",-2.4,-1.68208725210297,0.235327921087121,-2.15059121816963,-1.69364808455274,-1.1926377836622,FALSE,3.05069090221235,3,0.921557359637626,"rich_design",8,"maturity_shape_informed","growth"
"log_growth_sd",1.50407739677627,1.89942872079194,0.0537388578679337,1.79744180752721,1.89953535418287,1.99220677331693,FALSE,7.35689852187147,0.7,0.923230203045809,"rich_design",8,"maturity_shape_informed","growth"
"log_recruitment_at_80",-1.69314718055995,-1.46734415930406,0.151114186774526,-1.77094987821532,-1.45666414436699,-1.19911193225326,TRUE,1.4942542859513,1.5,0.899257208816983,"rich_design",8,"maturity_shape_informed","recruitment"
"recruitment_slope_20",1.5,1.36756420592165,0.0694586737277236,1.24951523690655,1.36638101426016,1.51743425621314,TRUE,-1.90668475182078,0.2,0.652706631361382,"rich_design",8,"maturity_shape_informed","recruitment"
"recruit_mean_80",44.6,44.775400135311,0.488243252548427,43.7311990700177,44.8161565089055,45.6581489996795,TRUE,0.359247433314161,10,0.951175674745157,"rich_design",8,"maturity_shape_informed","recruit_size"
"recruit_mean_slope_20",0.4,0.26794550967577,0.230444816539011,-0.140733379441769,0.258789730281958,0.768753208226317,TRUE,-0.5730417038991,2,0.884777591730495,"rich_design",8,"maturity_shape_informed","recruit_size"
"log_recruit_sd",1.25276296849537,1.22576357350374,0.0277084446861306,1.1773106197847,1.22544179115702,1.28707983539208,TRUE,-0.97441033942781,0.7,0.960416507591242,"rich_design",8,"maturity_shape_informed","recruit_size"
"log_process_precision",NA,3.25164709123387,0.15538613229248,2.92556643536238,3.2401025066554,3.56488467448283,NA,NA,2,0.92230693385376,"rich_design",8,"maturity_shape_informed","process"
"survival_at_80",0.36,0.463524494455242,0.0882024955004198,0.29462189954702,0.465067020438439,0.61622096923833,TRUE,1.17371389401051,1.5,0.941198336333053,"rich_design",8,"maturity_fixed_recruitment_slope","survival"
"survival_slope_20",0.64,0.539377058916323,0.0582165334109771,0.419148138888216,0.538083584831082,0.646379371605829,TRUE,-1.72842550368524,1,0.941783466589023,"rich_design",8,"maturity_fixed_recruitment_slope","survival"
"growth_increment_80",8.4,6.99170760523174,0.550386245633935,5.88427439920822,6.99004753498757,8.09711088902419,FALSE,-2.55873471755493,6,0.908268959061011,"rich_design",8,"maturity_fixed_recruitment_slope","growth"
"growth_slope_20",-2.4,-1.65856409500234,0.263861342317026,-2.17305482827114,-1.63524765773156,-1.13528570337471,FALSE,2.80994517228991,3,0.912046219227658,"rich_design",8,"maturity_fixed_recruitment_slope","growth"
"log_growth_sd",1.50407739677627,1.90192373802105,0.0565288086819337,1.79707137063037,1.90182523366282,2.01484030608992,FALSE,7.03793960143954,0.7,0.919244559025809,"rich_design",8,"maturity_fixed_recruitment_slope","growth"
"log_recruitment_at_80",-1.69314718055995,-1.75296195464449,0.0388446902353667,-1.83562467344183,-1.75220591013492,-1.67829645568416,TRUE,-1.53984428044389,1.5,0.974103539843089,"rich_design",8,"maturity_fixed_recruitment_slope","recruitment"
"recruitment_slope_20",1.5,1.5,0,1.5,1.5,1.5,TRUE,NA,NA,NA,"rich_design",8,"maturity_fixed_recruitment_slope","recruitment"
"recruit_mean_80",44.6,44.6467483018978,0.541709950870715,43.5765451215627,44.6118031160309,45.6977156560191,TRUE,0.0862976613641187,10,0.945829004912929,"rich_design",8,"maturity_fixed_recruitment_slope","recruit_size"
"recruit_mean_slope_20",0.4,0.315622401752962,0.244128949821552,-0.180327296157893,0.318819249967414,0.78773030861513,TRUE,-0.345627170840306,2,0.877935525089224,"rich_design",8,"maturity_fixed_recruitment_slope","recruit_size"
"log_recruit_sd",1.25276296849537,1.22263123246055,0.02859114921378,1.1647888525957,1.22364475557492,1.2777893148498,TRUE,-1.05388334723854,0.7,0.959155501123171,"rich_design",8,"maturity_fixed_recruitment_slope","recruit_size"
"log_process_precision",NA,3.2183937368082,0.144773254780653,2.92282324898331,3.22618319290611,3.49249391075782,NA,NA,2,0.927613372609673,"rich_design",8,"maturity_fixed_recruitment_slope","process"
"survival_at_80",0.36,0.452104147908717,0.173724137034056,0.124763445679553,0.447339671194794,0.796413877331318,TRUE,0.530174732660558,1.5,0.884183908643963,"standard",9,"ungated_weak","survival"
"survival_slope_20",0.64,0.517197464289754,0.12881076616571,0.275039034757724,0.513360031285402,0.749385273823919,TRUE,-0.95335614689431,1,0.87118923383429,"standard",9,"ungated_weak","survival"
"growth_increment_80",8.4,6.56687554429265,1.02526983126723,4.79320443249234,6.50094783092593,8.54244700947257,TRUE,-1.78794342699191,6,0.829121694788796,"standard",9,"ungated_weak","growth"
"growth_slope_20",-2.4,-1.58505127971157,0.543824839051347,-2.70133147825209,-1.54602596839552,-0.5893857062066,TRUE,1.49855001421051,3,0.818725053649551,"standard",9,"ungated_weak","growth"
"log_growth_sd",1.50407739677627,1.94679246352435,0.106792251906439,1.75202317399831,1.95206455183038,2.15694102179702,FALSE,4.14557291231151,0.7,0.847439640133659,"standard",9,"ungated_weak","growth"
"log_recruitment_at_80",-1.69314718055995,-0.648322372190748,0.122964123464009,-0.885610678892327,-0.64258673434062,-0.414941448748448,FALSE,8.49698903172365,1.5,0.918023917690661,"standard",9,"ungated_weak","recruitment"
"recruitment_slope_20",1.5,0.571893538237504,0.318413207668016,-0.0353042539969842,0.567066378086792,1.14281326562273,FALSE,-2.91478631982553,1,0.681586792331984,"standard",9,"ungated_weak","recruitment"
"recruit_mean_80",44.6,45.1525159118352,0.399913218671423,44.3641913566167,45.1638699390871,45.8856089040966,TRUE,1.38158952002312,10,0.960008678132858,"standard",9,"ungated_weak","recruit_size"
"recruit_mean_slope_20",0.4,0.313225125314409,0.689346818394369,-1.06917752403095,0.306046964165788,1.66802143594803,TRUE,-0.125879850853171,2,0.655326590802815,"standard",9,"ungated_weak","recruit_size"
"log_recruit_sd",1.25276296849537,1.09487544583593,0.0972631140909639,0.924819874356511,1.09215735004474,1.28518161480054,TRUE,-1.62330318266156,0.7,0.861052694155766,"standard",9,"ungated_weak","recruit_size"
"log_process_precision",NA,2.75951753196436,0.32178655145625,2.0797848689836,2.77039711443184,3.39009867822043,NA,NA,2,0.839106724271875,"standard",9,"ungated_weak","process"
"survival_at_80",0.36,0.51480521209112,0.172992305608278,0.185978438510093,0.505530852677115,0.85421544335849,TRUE,0.894867615913848,1.5,0.884671796261148,"standard",9,"maturity_weak","survival"
"survival_slope_20",0.64,0.507796126972132,0.126516268181883,0.252834672293662,0.508278867035032,0.752168744805337,TRUE,-1.04495552175004,1,0.873483731818117,"standard",9,"maturity_weak","survival"
"growth_increment_80",8.4,6.17933825457606,1.01798892452448,4.01228629211038,6.21887929855756,8.11614352983947,FALSE,-2.18142033957909,6,0.83033517924592,"standard",9,"maturity_weak","growth"
"growth_slope_20",-2.4,-1.39939502324562,0.584757067835947,-2.5106808712241,-1.42753377487648,-0.263179441322005,TRUE,1.71114644318433,3,0.805080977388018,"standard",9,"maturity_weak","growth"
"log_growth_sd",1.50407739677627,1.95543841194034,0.0957467418225201,1.7752422549282,1.95612119062602,2.1348999322005,FALSE,4.71411357266574,0.7,0.863218940253543,"standard",9,"maturity_weak","growth"
"log_recruitment_at_80",-1.69314718055995,-0.651667482620404,0.254510352308355,-1.16748404472092,-0.64779119471764,-0.196278552961925,FALSE,4.09209169094121,1.5,0.83032643179443,"standard",9,"maturity_weak","recruitment"
"recruitment_slope_20",1.5,0.719411329894363,0.187452998274859,0.348722193873555,0.708408066677776,1.1346527937425,FALSE,-4.16418343419117,1,0.812547001725141,"standard",9,"maturity_weak","recruitment"
"recruit_mean_80",44.6,44.4314711307105,0.876603476736017,42.8586025489121,44.4226378000411,46.1201874945095,TRUE,-0.192252111430085,10,0.912339652326398,"standard",9,"maturity_weak","recruit_size"
"recruit_mean_slope_20",0.4,0.562144097201654,0.644875848399664,-0.789326235791094,0.562126235094458,1.72724066980507,TRUE,0.251434594122316,2,0.677562075800168,"standard",9,"maturity_weak","recruit_size"
"log_recruit_sd",1.25276296849537,1.04584042441718,0.0840947790615684,0.881308497737648,1.04483573021244,1.20339924350456,FALSE,-2.46058728481455,0.7,0.879864601340617,"standard",9,"maturity_weak","recruit_size"
"log_process_precision",NA,2.56080621374513,0.289840007041823,2.0082665587489,2.58822311588604,3.07719942198583,NA,NA,2,0.855079996479088,"standard",9,"maturity_weak","process"
"survival_at_80",0.36,0.488556396816985,0.170989061329453,0.15183684650944,0.483654729231334,0.810938379045582,TRUE,0.751839888572105,1.5,0.886007292447031,"standard",9,"maturity_shape_informed","survival"
"survival_slope_20",0.64,0.492511325095161,0.128744754309965,0.236127271734762,0.487182558174803,0.746532019768997,TRUE,-1.14558978107758,1,0.871255245690035,"standard",9,"maturity_shape_informed","survival"
"growth_increment_80",8.4,6.20519252884574,0.998756083292568,4.23729900625464,6.19638928515859,8.15837234174,FALSE,-2.19754102915569,6,0.833540652784572,"standard",9,"maturity_shape_informed","growth"
"growth_slope_20",-2.4,-1.38990567112337,0.59829951152515,-2.66400334839275,-1.37578837258855,-0.231338855525568,TRUE,1.68827536947465,3,0.800566829491617,"standard",9,"maturity_shape_informed","growth"
"log_growth_sd",1.50407739677627,1.95453377991326,0.0990526310394187,1.76340245534711,1.95467222434865,2.13755970598164,FALSE,4.5476468258347,0.7,0.858496241372259,"standard",9,"maturity_shape_informed","growth"
"log_recruitment_at_80",-1.69314718055995,-1.1380281991513,0.231555461653489,-1.57464493809046,-1.14108454438688,-0.694373917027312,FALSE,2.39734782088344,1.5,0.845629692231008,"standard",9,"maturity_shape_informed","recruitment"
"recruitment_slope_20",1.5,1.05922187905683,0.129306909701236,0.826844963130015,1.05113133311074,1.30678487263712,FALSE,-3.40877468931547,0.2,0.353465451493822,"standard",9,"maturity_shape_informed","recruitment"
"recruit_mean_80",44.6,44.1324436518442,0.895584975161994,42.5763035804111,44.1616217231685,45.7431613656328,TRUE,-0.52206810199251,10,0.910441502483801,"standard",9,"maturity_shape_informed","recruit_size"
"recruit_mean_slope_20",0.4,0.676687080969234,0.559528878069292,-0.402723455920924,0.680383747543055,1.63271297182396,TRUE,0.494500090726271,2,0.720235560965354,"standard",9,"maturity_shape_informed","recruit_size"
"log_recruit_sd",1.25276296849537,1.04769551740208,0.0912916243888538,0.876971399092225,1.04433167565215,1.22249237176941,FALSE,-2.24628987013982,0.7,0.869583393730209,"standard",9,"maturity_shape_informed","recruit_size"
"log_process_precision",NA,2.45763726171123,0.250640025420027,1.97757989906245,2.44188192442717,2.94582529785958,NA,NA,2,0.874679987289986,"standard",9,"maturity_shape_informed","process"
"survival_at_80",0.36,0.575742369010335,0.183493661149161,0.214481498184477,0.56488070274053,0.955356335760436,TRUE,1.17574834824926,1.5,0.877670892567226,"standard",9,"maturity_fixed_recruitment_slope","survival"
"survival_slope_20",0.64,0.489184106252101,0.144234157708127,0.200472772430143,0.492053015036554,0.771808165248654,TRUE,-1.04563229781596,1,0.855765842291873,"standard",9,"maturity_fixed_recruitment_slope","survival"
"growth_increment_80",8.4,5.70183644865004,0.97576438814853,3.73242505012419,5.70183899865121,7.66202083921589,FALSE,-2.76517936514327,6,0.837372601975245,"standard",9,"maturity_fixed_recruitment_slope","growth"
"growth_slope_20",-2.4,-1.17751378761501,0.614976315115791,-2.2907979065167,-1.21990332772649,0.172980335862307,FALSE,1.9878590156026,3,0.795007894961403,"standard",9,"maturity_fixed_recruitment_slope","growth"
"log_growth_sd",1.50407739677627,1.9550872627419,0.102841242192973,1.74147066125531,1.95647940768022,2.16267297974319,FALSE,4.38549609425517,0.7,0.853083939724325,"standard",9,"maturity_fixed_recruitment_slope","growth"
"log_recruitment_at_80",-1.69314718055995,-1.93491898887709,0.11013257723535,-2.14968958599282,-1.9292887961639,-1.71471159284223,FALSE,-2.1952796746097,1.5,0.9265782818431,"standard",9,"maturity_fixed_recruitment_slope","recruitment"
"recruitment_slope_20",1.5,1.5,0,1.5,1.5,1.5,TRUE,NA,NA,NA,"standard",9,"maturity_fixed_recruitment_slope","recruitment"
"recruit_mean_80",44.6,43.7847962537091,0.850587044499095,42.0646765981453,43.8201902928275,45.3047149177964,TRUE,-0.958401320080039,10,0.91494129555009,"standard",9,"maturity_fixed_recruitment_slope","recruit_size"
"recruit_mean_slope_20",0.4,0.727108501062869,0.449923972460524,-0.129873065562912,0.7185036713415,1.60791074998538,TRUE,0.727030612025389,2,0.775038013769738,"standard",9,"maturity_fixed_recruitment_slope","recruit_size"
"log_recruit_sd",1.25276296849537,0.979516024374969,0.0941934725671774,0.787948343676665,0.980982834005481,1.15389110953688,FALSE,-2.9009116733171,0.7,0.865437896332604,"standard",9,"maturity_fixed_recruitment_slope","recruit_size"
"log_process_precision",NA,2.17533165257113,0.221721419149298,1.71870931888142,2.17601651939818,2.60188453521349,NA,NA,2,0.889139290425351,"standard",9,"maturity_fixed_recruitment_slope","process"
"survival_at_80",0.36,0.40086230571579,0.103648800247893,0.201873732535221,0.40147648295196,0.604670080689128,TRUE,0.39423809651497,1.5,0.930900799834738,"dense_profiles",9,"ungated_weak","survival"
"survival_slope_20",0.64,0.609369431139639,0.0685647123385331,0.474721085800771,0.606085392555706,0.75719886341711,TRUE,-0.446739551813836,1,0.931435287661467,"dense_profiles",9,"ungated_weak","survival"
"growth_increment_80",8.4,7.56425023025254,0.677273094018037,6.15487860396087,7.55767182551169,8.84456107424596,TRUE,-1.23399228040971,6,0.887121150996994,"dense_profiles",9,"ungated_weak","growth"
"growth_slope_20",-2.4,-2.18220198753902,0.27244026712252,-2.68419737895476,-2.17983287509731,-1.62714126632397,TRUE,0.799433999831726,3,0.909186577625827,"dense_profiles",9,"ungated_weak","growth"
"log_growth_sd",1.50407739677627,1.65593439454571,0.114913157635346,1.43151898187783,1.66304928575489,1.90295406395344,TRUE,1.32149355995703,0.7,0.83583834623522,"dense_profiles",9,"ungated_weak","growth"
"log_recruitment_at_80",-1.69314718055995,-1.10656855127676,0.223283242173333,-1.54350554037661,-1.10018197173633,-0.669097814058992,FALSE,2.6270606946303,1.5,0.851144505217778,"dense_profiles",9,"ungated_weak","recruitment"
"recruitment_slope_20",1.5,1.20377600162617,0.144256061093152,0.91899527015696,1.20397710874935,1.48825874974294,FALSE,-2.05345963371723,1,0.855743938906848,"dense_profiles",9,"ungated_weak","recruitment"
"recruit_mean_80",44.6,44.7922004680024,0.68156380638395,43.3693167102165,44.7745201351381,46.0567292587408,TRUE,0.281999229128786,10,0.931843619361605,"dense_profiles",9,"ungated_weak","recruit_size"
"recruit_mean_slope_20",0.4,0.372580382158035,0.413943438039995,-0.395973274317387,0.375482231111369,1.21700122403674,TRUE,-0.0662400108860175,2,0.793028280980003,"dense_profiles",9,"ungated_weak","recruit_size"
"log_recruit_sd",1.25276296849537,1.19267972017385,0.0409145546676176,1.11385648250798,1.19578683304782,1.26972161222209,TRUE,-1.46850549418473,0.7,0.941550636189118,"dense_profiles",9,"ungated_weak","recruit_size"
"log_process_precision",NA,3.86443537677719,0.256380901710655,3.38138633822593,3.85706636020444,4.37851737552149,NA,NA,2,0.871809549144672,"dense_profiles",9,"ungated_weak","process"
"survival_at_80",0.36,0.409417665823563,0.0958226585049524,0.220557525249612,0.410306902861105,0.593779696174824,TRUE,0.515720045703059,1.5,0.936118227663365,"dense_profiles",9,"maturity_weak","survival"
"survival_slope_20",0.64,0.609887834366122,0.064259603735438,0.490627353263838,0.610642586325089,0.735745029453285,TRUE,-0.468601794649286,1,0.935740396264562,"dense_profiles",9,"maturity_weak","survival"
"growth_increment_80",8.4,7.50788351835906,0.707556298912474,6.19871823639999,7.46790594288357,8.86648558837721,TRUE,-1.26084169275595,6,0.882073950181254,"dense_profiles",9,"maturity_weak","growth"
"growth_slope_20",-2.4,-2.14833200400269,0.285344074835319,-2.70979277762584,-2.13117824686246,-1.59737577775248,TRUE,0.881980802098493,3,0.904885308388227,"dense_profiles",9,"maturity_weak","growth"
"log_growth_sd",1.50407739677627,1.66179976196224,0.113722991426347,1.43319838162601,1.66230801674832,1.88959630476073,TRUE,1.3868995460616,0.7,0.837538583676647,"dense_profiles",9,"maturity_weak","growth"
"log_recruitment_at_80",-1.69314718055995,-1.19678131395821,0.272353860188098,-1.7134994055188,-1.1948717122274,-0.69783518179806,TRUE,1.82250351164079,1.5,0.818430759874601,"dense_profiles",9,"maturity_weak","recruitment"
"recruitment_slope_20",1.5,1.147110822576,0.150433381551471,0.856278689973799,1.14220178377187,1.43741156974182,FALSE,-2.34581695754317,1,0.849566618448529,"dense_profiles",9,"maturity_weak","recruitment"
"recruit_mean_80",44.6,44.5102726092378,0.79054609402947,42.9999736552775,44.5066036113848,45.9555158944743,TRUE,-0.113500517477575,10,0.920945390597053,"dense_profiles",9,"maturity_weak","recruit_size"
"recruit_mean_slope_20",0.4,0.461704198206175,0.432177838040567,-0.329471096526815,0.469719469739375,1.27451706008926,TRUE,0.142775017076148,2,0.783911080979717,"dense_profiles",9,"maturity_weak","recruit_size"
"log_recruit_sd",1.25276296849537,1.19260090274726,0.034764113934909,1.12790235961331,1.1912605828022,1.26363377421141,TRUE,-1.73057958159824,0.7,0.950336980092987,"dense_profiles",9,"maturity_weak","recruit_size"
"log_process_precision",NA,3.79145601517759,0.264158021847844,3.28593451091651,3.78205841468501,4.33096937379544,NA,NA,2,0.867920989076078,"dense_profiles",9,"maturity_weak","process"
"survival_at_80",0.36,0.413424645395604,0.0966444216490416,0.229340198187747,0.411076889747666,0.605394640761646,TRUE,0.552795955359041,1.5,0.935570385567306,"dense_profiles",9,"maturity_shape_informed","survival"
"survival_slope_20",0.64,0.608330926277493,0.0674113022320025,0.482264280803847,0.609250735567247,0.733293654146666,TRUE,-0.469788784283009,1,0.932588697767997,"dense_profiles",9,"maturity_shape_informed","survival"
"growth_increment_80",8.4,7.46098851575037,0.70327409675534,6.14729432407286,7.45181568644921,8.97214357634234,TRUE,-1.33519987239954,6,0.882787650540777,"dense_profiles",9,"maturity_shape_informed","growth"
"growth_slope_20",-2.4,-2.13239329958862,0.280816410887139,-2.61011511349655,-2.15400417779095,-1.52974997507743,TRUE,0.952959620721499,3,0.906394529704287,"dense_profiles",9,"maturity_shape_informed","growth"
"log_growth_sd",1.50407739677627,1.67562623825195,0.111714272138224,1.46596601669276,1.67412309448723,1.88421847384183,TRUE,1.53560362693337,0.7,0.84040818265968,"dense_profiles",9,"maturity_shape_informed","growth"
"log_recruitment_at_80",-1.69314718055995,-1.43294281498792,0.237647107863531,-1.9238994524744,-1.42260953353259,-0.993542690205383,TRUE,1.0949191341367,1.5,0.841568594757646,"dense_profiles",9,"maturity_shape_informed","recruitment"
"recruitment_slope_20",1.5,1.2737627307835,0.124812412613339,1.04890552988615,1.26893303458294,1.52963160881306,TRUE,-1.81261834844402,0.2,0.375937936933306,"dense_profiles",9,"maturity_shape_informed","recruitment"
"recruit_mean_80",44.6,44.2428842319676,0.871409898624796,42.5379134106407,44.325323997054,45.7556003810682,TRUE,-0.409813761119693,10,0.91285901013752,"dense_profiles",9,"maturity_shape_informed","recruit_size"
"recruit_mean_slope_20",0.4,0.584858433058954,0.452609057222194,-0.21305188749887,0.534763216789836,1.43698780033244,TRUE,0.408428488359224,2,0.773695471388903,"dense_profiles",9,"maturity_shape_informed","recruit_size"
"log_recruit_sd",1.25276296849537,1.19016195485441,0.0392035854150947,1.103178283685,1.19382190992055,1.25805189956619,TRUE,-1.59681858121195,0.7,0.943994877978436,"dense_profiles",9,"maturity_shape_informed","recruit_size"
"log_process_precision",NA,3.78172618292884,0.269973271603491,3.24171010194991,3.77467811215985,4.33657557217509,NA,NA,2,0.865013364198254,"dense_profiles",9,"maturity_shape_informed","process"
"survival_at_80",0.36,0.430175252976002,0.105815683576853,0.214998675948711,0.434422634055018,0.651114363879458,TRUE,0.663183855208333,1.5,0.929456210948765,"dense_profiles",9,"maturity_fixed_recruitment_slope","survival"
"survival_slope_20",0.64,0.60848995945714,0.0678691908424384,0.48069442295395,0.613964869140089,0.742677712590045,TRUE,-0.464276060341011,1,0.932130809157562,"dense_profiles",9,"maturity_fixed_recruitment_slope","survival"
"growth_increment_80",8.4,7.27396486637018,0.775838339710447,5.84353159089751,7.21543329320493,8.78636363707383,TRUE,-1.45137856173758,6,0.870693610048259,"dense_profiles",9,"maturity_fixed_recruitment_slope","growth"
"growth_slope_20",-2.4,-2.09065766995533,0.293865693605908,-2.6429045730728,-2.07881912758092,-1.54721766188852,TRUE,1.05266567951111,3,0.902044768798031,"dense_profiles",9,"maturity_fixed_recruitment_slope","growth"
"log_growth_sd",1.50407739677627,1.69587443246419,0.129649704495639,1.45927734700701,1.69698935166248,1.95380373461986,TRUE,1.47934803580188,0.7,0.814786136434802,"dense_profiles",9,"maturity_fixed_recruitment_slope","growth"
"log_recruitment_at_80",-1.69314718055995,-1.87373938691745,0.0547540500466379,-1.98178110715098,-1.87486268109464,-1.77166604243518,FALSE,-3.29824380486335,1.5,0.963497299968908,"dense_profiles",9,"maturity_fixed_recruitment_slope","recruitment"
"recruitment_slope_20",1.5,1.5,0,1.5,1.5,1.5,TRUE,NA,NA,NA,"dense_profiles",9,"maturity_fixed_recruitment_slope","recruitment"
"recruit_mean_80",44.6,43.9529192046969,0.942713722883346,42.0650242331406,43.9932081022827,45.8113946255817,TRUE,-0.686402223279328,10,0.905728627711665,"dense_profiles",9,"maturity_fixed_recruitment_slope","recruit_size"
"recruit_mean_slope_20",0.4,0.673173315840877,0.469102595477153,-0.192535394929325,0.673531698623553,1.66583354192826,TRUE,0.58233170840382,2,0.765448702261423,"dense_profiles",9,"maturity_fixed_recruitment_slope","recruit_size"
"log_recruit_sd",1.25276296849537,1.17796279518556,0.0410450053656669,1.09510145370899,1.17785170432773,1.25913822098116,TRUE,-1.82239404388953,0.7,0.941364278049047,"dense_profiles",9,"maturity_fixed_recruitment_slope","recruit_size"
"log_process_precision",NA,3.73081762024232,0.258261528889929,3.25554199551294,3.71983380033947,4.24802081543687,NA,NA,2,0.870869235555036,"dense_profiles",9,"maturity_fixed_recruitment_slope","process"
"survival_at_80",0.36,0.498315759093199,0.0865326065181218,0.343772805874363,0.497998921198986,0.667729270309816,TRUE,1.59842358457367,1.5,0.942311595654585,"rich_design",9,"ungated_weak","survival"
"survival_slope_20",0.64,0.563394286935732,0.0581782541436772,0.45300823127514,0.559086201770872,0.678458368163924,TRUE,-1.31674135279278,1,0.941821745856323,"rich_design",9,"ungated_weak","survival"
"growth_increment_80",8.4,6.93488103419113,0.55822096587711,5.9194457759685,6.92801790463857,8.01404215425632,FALSE,-2.62462188876548,6,0.906963172353815,"rich_design",9,"ungated_weak","growth"
"growth_slope_20",-2.4,-1.90014220520242,0.250039780549588,-2.37021741002327,-1.9098021360451,-1.42441734601257,FALSE,1.99911307592292,3,0.916653406483471,"rich_design",9,"ungated_weak","growth"
"log_growth_sd",1.50407739677627,1.90909003158835,0.0576822215016722,1.79412151193282,1.91021957065139,2.02458784080855,FALSE,7.02144654398114,0.7,0.917596826426183,"rich_design",9,"ungated_weak","growth"
"log_recruitment_at_80",-1.69314718055995,-1.27362215521651,0.135617687420192,-1.52248543900718,-1.28075236073223,-1.00259995932217,FALSE,3.09343886718549,1.5,0.909588208386539,"rich_design",9,"ungated_weak","recruitment"
"recruitment_slope_20",1.5,1.3873467722307,0.0736636731849105,1.24153692974218,1.39369070943701,1.52535111064123,TRUE,-1.52929147975717,1,0.92633632681509,"rich_design",9,"ungated_weak","recruitment"
"recruit_mean_80",44.6,45.017525146203,0.442914690704623,44.1093585660508,45.032182729529,45.8288098873844,TRUE,0.942676219519227,10,0.955708530929538,"rich_design",9,"ungated_weak","recruit_size"
"recruit_mean_slope_20",0.4,0.167810525225386,0.243147787367214,-0.269552723397457,0.164258027698301,0.657147924193845,TRUE,-0.954931473112484,2,0.878426106316393,"rich_design",9,"ungated_weak","recruit_size"
"log_recruit_sd",1.25276296849537,1.18131725982741,0.0297927274431914,1.12323440799479,1.18155528157354,1.23603711208409,FALSE,-2.39809224597483,0.7,0.957438960795441,"rich_design",9,"ungated_weak","recruit_size"
"log_process_precision",NA,3.30813990737362,0.172372455821602,2.9690980211149,3.30981995373075,3.61964470704108,NA,NA,2,0.913813772089199,"rich_design",9,"ungated_weak","process"
"survival_at_80",0.36,0.497561817523202,0.0854560992409859,0.356642991537088,0.495724848232359,0.66760532227701,TRUE,1.60973668052971,1.5,0.943029267172676,"rich_design",9,"maturity_weak","survival"
"survival_slope_20",0.64,0.558735537829393,0.0596418465860766,0.45525873227558,0.56348316817222,0.674575485799654,TRUE,-1.36254101477768,1,0.940358153413923,"rich_design",9,"maturity_weak","survival"
"growth_increment_80",8.4,6.89457432926885,0.519576420447437,5.92373603747934,6.87805499191103,7.90944431714333,FALSE,-2.89740952723516,6,0.913403929925427,"rich_design",9,"maturity_weak","growth"
"growth_slope_20",-2.4,-1.88756284143448,0.268116267140464,-2.3832163135745,-1.90054109693857,-1.34007339305904,FALSE,1.91124978738069,3,0.910627910953179,"rich_design",9,"maturity_weak","growth"
"log_growth_sd",1.50407739677627,1.91135687612296,0.0561837938243167,1.79802826573161,1.914723455784,2.01695017620054,FALSE,7.24905620685249,0.7,0.919737437393833,"rich_design",9,"maturity_weak","growth"
"log_recruitment_at_80",-1.69314718055995,-1.47678391109156,0.14802583534973,-1.76959171964025,-1.48096034407664,-1.18328043973177,TRUE,1.46165883108986,1.5,0.901316109766847,"rich_design",9,"maturity_weak","recruitment"
"recruitment_slope_20",1.5,1.37038664570433,0.0729299178618961,1.22800353320941,1.37287542122931,1.5126813822697,TRUE,-1.77723159569589,1,0.927070082138104,"rich_design",9,"maturity_weak","recruitment"
"recruit_mean_80",44.6,44.9711766501813,0.501573367365346,44.0062445462306,44.9576135231396,46.0171665209176,TRUE,0.740024639129107,10,0.949842663263465,"rich_design",9,"maturity_weak","recruit_size"
"recruit_mean_slope_20",0.4,0.168854911943716,0.248613348441915,-0.325880291260796,0.170519904993228,0.647829289707123,TRUE,-0.929737238587122,2,0.875693325779043,"rich_design",9,"maturity_weak","recruit_size"
"log_recruit_sd",1.25276296849537,1.17984784662642,0.0299979305852649,1.12214529270164,1.18097060236243,1.23249801578132,FALSE,-2.43067173122807,0.7,0.957145813449622,"rich_design",9,"maturity_weak","recruit_size"
"log_process_precision",NA,3.27337122004908,0.157070641453766,2.97949529206344,3.2793939481993,3.58800258000117,NA,NA,2,0.921464679273117,"rich_design",9,"maturity_weak","process"
"survival_at_80",0.36,0.501221079868302,0.0831744020753441,0.336924428803474,0.504381495650422,0.65462714089221,TRUE,1.69789113410609,1.5,0.944550398616437,"rich_design",9,"maturity_shape_informed","survival"
"survival_slope_20",0.64,0.564366121847187,0.0588199422397957,0.456405752834166,0.563480948981186,0.676477966306879,TRUE,-1.28585434246893,1,0.941180057760204,"rich_design",9,"maturity_shape_informed","survival"
"growth_increment_80",8.4,6.91059811138035,0.53186249960652,5.8568433429985,6.89754836841934,7.89534897758554,FALSE,-2.80035138728812,6,0.91135625006558,"rich_design",9,"maturity_shape_informed","growth"
"growth_slope_20",-2.4,-1.88589067903734,0.233055630874728,-2.36601976222913,-1.89468532079428,-1.45449083739436,FALSE,2.20595108143514,3,0.922314789708424,"rich_design",9,"maturity_shape_informed","growth"
"log_growth_sd",1.50407739677627,1.91541743533292,0.0548914393282987,1.80992906842773,1.91571745532176,2.01665742262048,FALSE,7.49370108691217,0.7,0.92158365810243,"rich_design",9,"maturity_shape_informed","growth"
"log_recruitment_at_80",-1.69314718055995,-1.51954654453547,0.142462389024651,-1.79862508243989,-1.52722693740739,-1.26140090510942,TRUE,1.21857170312113,1.5,0.905025073983566,"rich_design",9,"maturity_shape_informed","recruitment"
"recruitment_slope_20",1.5,1.39178929007801,0.0694521102927452,1.25763986248977,1.39450321850727,1.52361619203531,TRUE,-1.55806223116733,0.2,0.652739448536274,"rich_design",9,"maturity_shape_informed","recruitment"
"recruit_mean_80",44.6,44.9627515462329,0.502996437585979,43.9922548539651,44.965042039725,45.9438258758211,TRUE,0.721181143893974,10,0.949700356241402,"rich_design",9,"maturity_shape_informed","recruit_size"
"recruit_mean_slope_20",0.4,0.177848753047118,0.249853478211444,-0.316301872907235,0.174644002494075,0.655013540126994,TRUE,-0.889126093193234,2,0.875073260894278,"rich_design",9,"maturity_shape_informed","recruit_size"
"log_recruit_sd",1.25276296849537,1.17973650375621,0.0292001837346773,1.12313663311385,1.17874606331034,1.2412492306979,FALSE,-2.50089059037109,0.7,0.958285451807604,"rich_design",9,"maturity_shape_informed","recruit_size"
"log_process_precision",NA,3.26876202229455,0.163084523404738,2.95767245761865,3.27276902032399,3.57690814069327,NA,NA,2,0.918457738297631,"rich_design",9,"maturity_shape_informed","process"
"survival_at_80",0.36,0.513279164367225,0.0873517737494088,0.354520155224117,0.504616268852471,0.666069839514682,TRUE,1.75473442367577,1.5,0.941765484167061,"rich_design",9,"maturity_fixed_recruitment_slope","survival"
"survival_slope_20",0.64,0.556982216945187,0.0589822386187203,0.446754464908247,0.554932308490492,0.670078489887537,TRUE,-1.40750478447362,1,0.94101776138128,"rich_design",9,"maturity_fixed_recruitment_slope","survival"
"growth_increment_80",8.4,6.7943145869396,0.54382367653008,5.71293882023404,6.79355166705184,7.75859648842197,FALSE,-2.95258460114431,6,0.90936272057832,"rich_design",9,"maturity_fixed_recruitment_slope","growth"
"growth_slope_20",-2.4,-1.82629218182475,0.255321195516019,-2.32159681941428,-1.82048573625066,-1.30430318181217,FALSE,2.24700427638116,3,0.914892934827993,"rich_design",9,"maturity_fixed_recruitment_slope","growth"
"log_growth_sd",1.50407739677627,1.92321161544046,0.0551352432865059,1.82094778745229,1.92363192954162,2.03206221492597,FALSE,7.60192925033794,0.7,0.921235366733563,"rich_design",9,"maturity_fixed_recruitment_slope","growth"
"log_recruitment_at_80",-1.69314718055995,-1.7448748373833,0.0393439133140651,-1.82142669668657,-1.74495510930515,-1.67175343356583,TRUE,-1.31475627272862,1.5,0.97377072445729,"rich_design",9,"maturity_fixed_recruitment_slope","recruitment"
"recruitment_slope_20",1.5,1.5,0,1.5,1.5,1.5,TRUE,NA,NA,NA,"rich_design",9,"maturity_fixed_recruitment_slope","recruitment"
"recruit_mean_80",44.6,44.7810213630422,0.530722910151572,43.6501991327838,44.7974966589456,45.784659270176,TRUE,0.34108450865723,10,0.946927708984843,"rich_design",9,"maturity_fixed_recruitment_slope","recruit_size"
"recruit_mean_slope_20",0.4,0.250117012263925,0.255708810584346,-0.216671258535629,0.238998700884013,0.771371755085774,TRUE,-0.586147138980321,2,0.872145594707827,"rich_design",9,"maturity_fixed_recruitment_slope","recruit_size"
"log_recruit_sd",1.25276296849537,1.1698054330321,0.0330158858343834,1.10592860968386,1.16816985531652,1.23090631868266,FALSE,-2.51265514665907,0.7,0.952834448808024,"rich_design",9,"maturity_fixed_recruitment_slope","recruit_size"
"log_process_precision",NA,3.25418797883296,0.159240072726532,2.95881089437722,3.2575150431556,3.57193900797648,NA,NA,2,0.920379963636734,"rich_design",9,"maturity_fixed_recruitment_slope","process"
"survival_at_80",0.36,0.435108740873547,0.166108229858767,0.0995019604478663,0.437689475975879,0.75358005632571,TRUE,0.452167487049907,1.5,0.889261180094156,"standard",10,"ungated_weak","survival"
"survival_slope_20",0.64,0.391808758062523,0.117389425698982,0.162649311018784,0.394277283778674,0.598655215519352,FALSE,-2.11425552565447,1,0.882610574301018,"standard",10,"ungated_weak","survival"
"growth_increment_80",8.4,7.97580543438946,1.06493045674955,5.77766573946823,8.008943715643,9.86787941989514,TRUE,-0.39833076697355,6,0.822511590541741,"standard",10,"ungated_weak","growth"
"growth_slope_20",-2.4,-1.26612763273081,0.528880492466904,-2.27234435332676,-1.29146530209744,-0.254795407122247,FALSE,2.14391036050576,3,0.823706502511032,"standard",10,"ungated_weak","growth"
"log_growth_sd",1.50407739677627,2.01811284280467,0.0827311273709538,1.85205919699921,2.0182593521817,2.1757396739749,FALSE,6.21332577427036,0.7,0.881812675184352,"standard",10,"ungated_weak","growth"
"log_recruitment_at_80",-1.69314718055995,-1.13028025769046,0.185703704456844,-1.50808138066461,-1.13498824654367,-0.741799015025705,FALSE,3.0309945863266,1.5,0.876197530362104,"standard",10,"ungated_weak","recruitment"
"recruitment_slope_20",1.5,1.19926268025617,0.105355135087868,0.97627015423076,1.1969873099998,1.39411196296231,FALSE,-2.85451031402515,1,0.894644864912132,"standard",10,"ungated_weak","recruitment"
"recruit_mean_80",44.6,44.5063815519111,0.614938055356957,43.3051320006346,44.5158208609907,45.6174000037787,TRUE,-0.152240452958428,10,0.938506194464304,"standard",10,"ungated_weak","recruit_size"
"recruit_mean_slope_20",0.4,0.203785803525006,0.339206783457396,-0.403166495302197,0.220498749306299,0.844694270779407,TRUE,-0.578450096059586,2,0.830396608271302,"standard",10,"ungated_weak","recruit_size"
"log_recruit_sd",1.25276296849537,1.17476735172224,0.057580629978638,1.06653428378218,1.17390610949751,1.29421919221421,TRUE,-1.35454608263345,0.7,0.917741957173374,"standard",10,"ungated_weak","recruit_size"
"log_process_precision",NA,4.00560588359921,0.644400247833349,2.72655197726495,4.00839451842161,5.34358977024077,NA,NA,2,0.677799876083325,"standard",10,"ungated_weak","process"
"survival_at_80",0.36,0.427316012632717,0.157174603334996,0.15596497931414,0.428446732650358,0.716382736023752,TRUE,0.428288102558417,1.5,0.895216931110002,"standard",10,"maturity_weak","survival"
"survival_slope_20",0.64,0.38952028094384,0.114311387343002,0.188427252313966,0.391556622049875,0.625183519364206,FALSE,-2.19120531102095,1,0.885688612656998,"standard",10,"maturity_weak","survival"
"growth_increment_80",8.4,7.97552901547127,1.0287930825941,5.81977726212517,8.00043322100733,9.96301588558887,TRUE,-0.41259121169286,6,0.828534486234316,"standard",10,"maturity_weak","growth"
"growth_slope_20",-2.4,-1.23275907691031,0.551647196790184,-2.26807227347417,-1.23811756477067,-0.0875082201219125,FALSE,2.1159192503495,3,0.816117601069939,"standard",10,"maturity_weak","growth"
"log_growth_sd",1.50407739677627,2.01744859818352,0.0913628671733945,1.83862511276866,2.01750651794073,2.18906941711486,FALSE,5.61903558075664,0.7,0.869481618323722,"standard",10,"maturity_weak","growth"
"log_recruitment_at_80",-1.69314718055995,-1.19675367160698,0.205781984715934,-1.57155171975451,-1.20039185835173,-0.785668198820505,FALSE,2.41223015531798,1.5,0.862812010189377,"standard",10,"maturity_weak","recruitment"
"recruitment_slope_20",1.5,1.13298523311995,0.100997525548481,0.930284564574682,1.1384994459974,1.31634236360894,FALSE,-3.63389860184127,1,0.899002474451519,"standard",10,"maturity_weak","recruitment"
"recruit_mean_80",44.6,44.5156271043434,0.682752564837522,43.1396721263239,44.5101878419385,45.8877176395542,TRUE,-0.123577559429099,10,0.931724743516248,"standard",10,"maturity_weak","recruit_size"
"recruit_mean_slope_20",0.4,0.168421924729264,0.342679334757097,-0.562601514035218,0.174405821856517,0.795987448552343,TRUE,-0.675786520464931,2,0.828660332621451,"standard",10,"maturity_weak","recruit_size"
"log_recruit_sd",1.25276296849537,1.17274129742302,0.0557965169040704,1.06715186532455,1.17372443377308,1.28508724773894,TRUE,-1.43416964915437,0.7,0.920290690137042,"standard",10,"maturity_weak","recruit_size"
"log_process_precision",NA,3.90417419333785,0.634937692125065,2.64386726760891,3.93401762587669,5.16051067637543,NA,NA,2,0.682531153937467,"standard",10,"maturity_weak","process"
"survival_at_80",0.36,0.459279132101947,0.160232349045065,0.131458292970529,0.461130787973818,0.77298552281779,TRUE,0.619594811494806,1.5,0.893178433969957,"standard",10,"maturity_shape_informed","survival"
"survival_slope_20",0.64,0.395527575367732,0.111368813875008,0.180344623082976,0.391023849425754,0.599987428516956,FALSE,-2.19516053126547,1,0.888631186124992,"standard",10,"maturity_shape_informed","survival"
"growth_increment_80",8.4,7.87488046934606,1.0831187301302,5.89459361471119,7.7987106619647,10.0955062312731,TRUE,-0.484821761498682,6,0.819480211644967,"standard",10,"maturity_shape_informed","growth"
"growth_slope_20",-2.4,-1.21873782367107,0.538289801630276,-2.2534623564808,-1.22005407104789,-0.216382942849035,FALSE,2.19447251787297,3,0.820570066123241,"standard",10,"maturity_shape_informed","growth"
"log_growth_sd",1.50407739677627,2.0224822794141,0.0858830394631619,1.86552219323385,2.0162953535299,2.19006100124685,FALSE,6.03617298454125,0.7,0.877309943624054,"standard",10,"maturity_shape_informed","growth"
"log_recruitment_at_80",-1.69314718055995,-1.38085038347138,0.19964421968984,-1.76127103589275,-1.36515945038593,-1.0179094345645,TRUE,1.56426666183343,1.5,0.866903853540107,"standard",10,"maturity_shape_informed","recruitment"
"recruitment_slope_20",1.5,1.22604190058682,0.0945572524564034,1.04653860723626,1.22250415209006,1.41354134313635,FALSE,-2.89727220595262,0.2,0.527213737717983,"standard",10,"maturity_shape_informed","recruitment"
"recruit_mean_80",44.6,44.3976301964799,0.739333289497854,43.111821583436,44.3731078469922,45.9209081596849,TRUE,-0.273719317653858,10,0.926066671050215,"standard",10,"maturity_shape_informed","recruit_size"
"recruit_mean_slope_20",0.4,0.219712617622009,0.360553865615167,-0.540220380780819,0.241229475128718,0.861748341298805,TRUE,-0.500028981995214,2,0.819723067192417,"standard",10,"maturity_shape_informed","recruit_size"
"log_recruit_sd",1.25276296849537,1.16252057743424,0.0564794106341272,1.04662082072862,1.16045605218164,1.26917226364528,TRUE,-1.59779271858415,0.7,0.919315127665532,"standard",10,"maturity_shape_informed","recruit_size"
"log_process_precision",NA,3.82420208015296,0.594404091275341,2.64211916280869,3.84800697956075,4.87937914386392,NA,NA,2,0.70279795436233,"standard",10,"maturity_shape_informed","process"
"survival_at_80",0.36,0.499752913368367,0.166491142248091,0.169314897484913,0.51686978979032,0.806895930501573,TRUE,0.839401492964229,1.5,0.88900590516794,"standard",10,"maturity_fixed_recruitment_slope","survival"
"survival_slope_20",0.64,0.378940028101051,0.119935183613968,0.148100059452758,0.378110257629759,0.603847136578754,FALSE,-2.17667546780281,1,0.880064816386032,"standard",10,"maturity_fixed_recruitment_slope","survival"
"growth_increment_80",8.4,7.45405569978593,1.10318208447356,5.48761031743868,7.47424205918595,9.59589707641802,TRUE,-0.857468874383934,6,0.816136319254406,"standard",10,"maturity_fixed_recruitment_slope","growth"
"growth_slope_20",-2.4,-1.11035127837308,0.568361775600915,-2.27890273232434,-1.11616752034992,-0.0148313004948615,FALSE,2.26906308092835,3,0.810546074799695,"standard",10,"maturity_fixed_recruitment_slope","growth"
"log_growth_sd",1.50407739677627,2.05154130414479,0.0880427746056302,1.87927305003842,2.04997290222812,2.23289220661181,FALSE,6.21815827387056,0.7,0.874224607706243,"standard",10,"maturity_fixed_recruitment_slope","growth"
"log_recruitment_at_80",-1.69314718055995,-1.95426049594647,0.0781862370760518,-2.1091433693631,-1.95369969162492,-1.80993085215864,FALSE,-3.33963271736098,1.5,0.947875841949299,"standard",10,"maturity_fixed_recruitment_slope","recruitment"
"recruitment_slope_20",1.5,1.5,0,1.5,1.5,1.5,TRUE,NA,NA,NA,"standard",10,"maturity_fixed_recruitment_slope","recruitment"
"recruit_mean_80",44.6,44.1852529850188,0.787365277747,42.6422410215145,44.182394768292,45.7231145080106,TRUE,-0.52675299089634,10,0.9212634722253,"standard",10,"maturity_fixed_recruitment_slope","recruit_size"
"recruit_mean_slope_20",0.4,0.300223243177946,0.366587406842348,-0.371626868877475,0.303561413239843,1.03092028249689,TRUE,-0.272177262392876,2,0.816706296578826,"standard",10,"maturity_fixed_recruitment_slope","recruit_size"
"log_recruit_sd",1.25276296849537,1.1368036931276,0.0651336587120265,1.01079088142823,1.13595665083724,1.27143183014154,TRUE,-1.78032798495874,0.7,0.906951916125676,"standard",10,"maturity_fixed_recruitment_slope","recruit_size"
"log_process_precision",NA,3.40418774493966,0.409597440107077,2.60026861985807,3.41016265030037,4.10133549020276,NA,NA,2,0.795201279946462,"standard",10,"maturity_fixed_recruitment_slope","process"
"survival_at_80",0.36,0.28065829060848,0.0837908390043019,0.129890235528684,0.280434024218752,0.452935160302988,TRUE,-0.946901956518731,1.5,0.944139440663799,"dense_profiles",10,"ungated_weak","survival"
"survival_slope_20",0.64,0.643220549479364,0.0641228394214982,0.520620069714819,0.63954898495452,0.764382044768656,TRUE,0.0502246860622392,1,0.935877160578502,"dense_profiles",10,"ungated_weak","survival"
"growth_increment_80",8.4,8.82041271480031,0.460156751154806,7.95809521063193,8.84531388777041,9.71164251632443,TRUE,0.91362935292212,6,0.923307208140866,"dense_profiles",10,"ungated_weak","growth"
"growth_slope_20",-2.4,-2.4283317685871,0.238940721570309,-2.86457463450454,-2.43181732171563,-1.91122977828637,TRUE,-0.11857237393821,3,0.920353092809897,"dense_profiles",10,"ungated_weak","growth"
"log_growth_sd",1.50407739677627,1.4657681800189,0.0955778714544789,1.27112295677563,1.46716293047946,1.64754807484552,TRUE,-0.400816801780481,0.7,0.863460183636459,"dense_profiles",10,"ungated_weak","growth"
"log_recruitment_at_80",-1.69314718055995,-1.52090919518135,0.174712732890558,-1.87797760517188,-1.5094487992646,-1.20116994293947,TRUE,0.985835333973571,1.5,0.883524844739628,"dense_profiles",10,"ungated_weak","recruitment"
"recruitment_slope_20",1.5,1.57261054733524,0.0889714187068747,1.41294181165423,1.56850668498847,1.76336017351991,TRUE,0.816110930797523,1,0.911028581293125,"dense_profiles",10,"ungated_weak","recruitment"
"recruit_mean_80",44.6,44.7779199909185,0.699735949051366,43.4466291862133,44.7449466957896,46.2376773972123,TRUE,0.254267329211402,10,0.930026405094863,"dense_profiles",10,"ungated_weak","recruit_size"
"recruit_mean_slope_20",0.4,0.437460217694504,0.349975683576159,-0.308142300871543,0.443137158333274,1.15764049608365,TRUE,0.107036629835892,2,0.82501215821192,"dense_profiles",10,"ungated_weak","recruit_size"
"log_recruit_sd",1.25276296849537,1.29763604946783,0.0286972760858924,1.24052367074308,1.29982289083174,1.35045238871683,TRUE,1.56367039290272,0.7,0.959003891305868,"dense_profiles",10,"ungated_weak","recruit_size"
"log_process_precision",NA,4.49048536729363,0.352590536166603,3.79896953674784,4.47815780433049,5.22688010579628,NA,NA,2,0.823704731916698,"dense_profiles",10,"ungated_weak","process"
"survival_at_80",0.36,0.289263835579508,0.0849725427667662,0.13418483217189,0.28666787869194,0.472338577940111,TRUE,-0.832459075805808,1.5,0.943351638155489,"dense_profiles",10,"maturity_weak","survival"
"survival_slope_20",0.64,0.651385194994529,0.0609118224168512,0.535333606080951,0.654737084326959,0.766626501411268,TRUE,0.186912729627665,1,0.939088177583149,"dense_profiles",10,"maturity_weak","survival"
"growth_increment_80",8.4,8.75857325469111,0.485896854675743,7.78352652605782,8.77599694266652,9.7266601213839,TRUE,0.737961670755001,6,0.919017190887376,"dense_profiles",10,"maturity_weak","growth"
"growth_slope_20",-2.4,-2.42683374009404,0.218455360621013,-2.81173222146474,-2.43493088523897,-1.99685047911534,TRUE,-0.122833974033674,3,0.927181546459662,"dense_profiles",10,"maturity_weak","growth"
"log_growth_sd",1.50407739677627,1.46561136837104,0.102046589321273,1.27396784178693,1.46013268724632,1.65896812430051,TRUE,-0.376945752533965,0.7,0.854219158112467,"dense_profiles",10,"maturity_weak","growth"
"log_recruitment_at_80",-1.69314718055995,-1.65927730694175,0.199940666305986,-2.04128510889427,-1.65202417929631,-1.2560921980419,TRUE,0.169399623618143,1.5,0.866706222462676,"dense_profiles",10,"maturity_weak","recruitment"
"recruitment_slope_20",1.5,1.50905668112225,0.0972153276859128,1.31178433110337,1.50748185204373,1.69709385168067,TRUE,0.0931610409369386,1,0.902784672314087,"dense_profiles",10,"maturity_weak","recruitment"
"recruit_mean_80",44.6,44.7451945747386,0.735798295601253,43.2535912528041,44.7899972231779,46.167568817013,TRUE,0.197329316480586,10,0.926420170439875,"dense_profiles",10,"maturity_weak","recruit_size"
"recruit_mean_slope_20",0.4,0.436745889967222,0.359511524959889,-0.244163012306273,0.410480731144643,1.14887212749669,TRUE,0.102210603599764,2,0.820244237520055,"dense_profiles",10,"maturity_weak","recruit_size"
"log_recruit_sd",1.25276296849537,1.30022426396968,0.0262959479206811,1.24640634975616,1.29933385364801,1.35326165629712,TRUE,1.8048900772649,0.7,0.962434360113313,"dense_profiles",10,"maturity_weak","recruit_size"
"log_process_precision",NA,4.44834684040778,0.336715149868181,3.82505293754998,4.44485339914244,5.06957043980342,NA,NA,2,0.831642425065909,"dense_profiles",10,"maturity_weak","process"
"survival_at_80",0.36,0.285015126474329,0.0860451251134051,0.117006338890577,0.283463382840664,0.461548384077818,TRUE,-0.871459869769999,1.5,0.94263658325773,"dense_profiles",10,"maturity_shape_informed","survival"
"survival_slope_20",0.64,0.649176735957553,0.0599000344073235,0.519971757854293,0.646708361244131,0.76630098408788,TRUE,0.153200846182332,1,0.940099965592677,"dense_profiles",10,"maturity_shape_informed","survival"
"growth_increment_80",8.4,8.78491971822797,0.504861608294765,7.82577579349957,8.76448945316484,9.80432061872538,TRUE,0.76242620136652,6,0.915856398617539,"dense_profiles",10,"maturity_shape_informed","growth"
"growth_slope_20",-2.4,-2.42775282176249,0.214993723170015,-2.87873545074004,-2.4212897336535,-2.0029504950307,TRUE,-0.129086660546582,3,0.928335425609995,"dense_profiles",10,"maturity_shape_informed","growth"
"log_growth_sd",1.50407739677627,1.46172450713173,0.102359240344604,1.26588809850167,1.461974676052,1.66146406770305,TRUE,-0.413767135257737,0.7,0.853772513793422,"dense_profiles",10,"maturity_shape_informed","growth"
"log_recruitment_at_80",-1.69314718055995,-1.66089463057394,0.1953093986385,-2.04307538831125,-1.65373983596806,-1.31246675128097,TRUE,0.165135678112981,1.5,0.869793734241,"dense_profiles",10,"maturity_shape_informed","recruitment"
"recruitment_slope_20",1.5,1.50958922463845,0.0933638276987264,1.33956544907561,1.50680061755573,1.69493011539725,TRUE,0.102708135204054,0.2,0.533180861506368,"dense_profiles",10,"maturity_shape_informed","recruitment"
"recruit_mean_80",44.6,44.6650898365801,0.762649936740584,43.2753347950542,44.719549306748,46.0002741497886,TRUE,0.0853469376242107,10,0.923735006325942,"dense_profiles",10,"maturity_shape_informed","recruit_size"
"recruit_mean_slope_20",0.4,0.47354414006341,0.365145509634171,-0.142801556519148,0.454588841435885,1.1764282606281,TRUE,0.201410501082408,2,0.817427245182914,"dense_profiles",10,"maturity_shape_informed","recruit_size"
"log_recruit_sd",1.25276296849537,1.29880075308573,0.0273559542577545,1.24456175353496,1.30011556033427,1.35461727754324,TRUE,1.68291641945965,0.7,0.960920065346065,"dense_profiles",10,"maturity_shape_informed","recruit_size"
"log_process_precision",NA,4.4542258708197,0.330253318300618,3.82576860638143,4.44768734861212,5.13218345524257,NA,NA,2,0.834873340849691,"dense_profiles",10,"maturity_shape_informed","process"
"survival_at_80",0.36,0.290662352614901,0.0797133950615447,0.139187290544666,0.291637492418385,0.443611414997326,TRUE,-0.869836836476046,1.5,0.946857736625637,"dense_profiles",10,"maturity_fixed_recruitment_slope","survival"
"survival_slope_20",0.64,0.649543277392464,0.056097991893495,0.536465983519916,0.649644128412427,0.762725245192946,TRUE,0.170117985873407,1,0.943902008106505,"dense_profiles",10,"maturity_fixed_recruitment_slope","survival"
"growth_increment_80",8.4,8.79400978944151,0.482348494782621,7.79862040399414,8.80652962146143,9.64168477170792,TRUE,0.816857093374112,6,0.919608584202896,"dense_profiles",10,"maturity_fixed_recruitment_slope","growth"
"growth_slope_20",-2.4,-2.41993041567296,0.209530706747321,-2.79857031374694,-2.42516402161012,-1.97707650053818,TRUE,-0.095119307247885,3,0.930156431084226,"dense_profiles",10,"maturity_fixed_recruitment_slope","growth"
"log_growth_sd",1.50407739677627,1.46755734100136,0.101581413938999,1.27642716357228,1.46552148539547,1.68490365500335,TRUE,-0.359515135286912,0.7,0.854883694372859,"dense_profiles",10,"maturity_fixed_recruitment_slope","growth"
"log_recruitment_at_80",-1.69314718055995,-1.64080436090535,0.0293527281946365,-1.70112081608812,-1.64078733617612,-1.58260142034112,TRUE,1.7832352518482,1.5,0.980431514536909,"dense_profiles",10,"maturity_fixed_recruitment_slope","recruitment"
"recruitment_slope_20",1.5,1.5,0,1.5,1.5,1.5,TRUE,NA,NA,NA,"dense_profiles",10,"maturity_fixed_recruitment_slope","recruitment"
"recruit_mean_80",44.6,44.7156720332306,0.682450926542514,43.371826439954,44.6618395831347,46.0105218786644,TRUE,0.169495019688219,10,0.931754907345749,"dense_profiles",10,"maturity_fixed_recruitment_slope","recruit_size"
"recruit_mean_slope_20",0.4,0.452676305726163,0.329468303843556,-0.166768272671518,0.462184969236674,1.12236067159112,TRUE,0.15988277206531,2,0.835265848078222,"dense_profiles",10,"maturity_fixed_recruitment_slope","recruit_size"
"log_recruit_sd",1.25276296849537,1.29800101025905,0.0274587310057691,1.24390305993994,1.29908927780088,1.34976732216185,TRUE,1.64749207653393,0.7,0.96077324142033,"dense_profiles",10,"maturity_fixed_recruitment_slope","recruit_size"
"log_process_precision",NA,4.46911551199392,0.331156788139405,3.86095461664042,4.46074004892219,5.11014486542813,NA,NA,2,0.834421605930297,"dense_profiles",10,"maturity_fixed_recruitment_slope","process"
"survival_at_80",0.36,0.462654293405361,0.0843241878530573,0.294330856180403,0.465773066580807,0.624642672023831,TRUE,1.21737660354637,1.5,0.943783874764628,"rich_design",10,"ungated_weak","survival"
"survival_slope_20",0.64,0.556336285079764,0.0551448816624736,0.45462657413952,0.557203109678869,0.66166480661399,TRUE,-1.51716192687326,1,0.944855118337526,"rich_design",10,"ungated_weak","survival"
"growth_increment_80",8.4,7.47124631499922,0.532860318088615,6.5536543663303,7.5053764847083,8.50388642623575,TRUE,-1.74295899595648,6,0.911189946985231,"rich_design",10,"ungated_weak","growth"
"growth_slope_20",-2.4,-1.81343018780379,0.23930013459751,-2.29682399412471,-1.80696889031068,-1.37531493465063,FALSE,2.45118881016422,3,0.920233288467497,"rich_design",10,"ungated_weak","growth"
"log_growth_sd",1.50407739677627,1.81794329928926,0.069479981278254,1.68443748583143,1.81480012947992,1.95348058090107,FALSE,4.51735732708413,0.7,0.900742883888209,"rich_design",10,"ungated_weak","growth"
"log_recruitment_at_80",-1.69314718055995,-1.01426683482689,0.140836817277022,-1.27967988958606,-1.00786628196572,-0.742835423638712,FALSE,4.82033291335828,1.5,0.906108788481985,"rich_design",10,"ungated_weak","recruitment"
"recruitment_slope_20",1.5,1.26474830173398,0.0840545939872967,1.09549561500494,1.2593883822664,1.42140334844801,FALSE,-2.7987964382003,1,0.915945406012703,"rich_design",10,"ungated_weak","recruitment"
"recruit_mean_80",44.6,44.8152332721889,0.50366307097574,43.9170501192594,44.817193251022,45.7576812533455,TRUE,0.427335821488601,10,0.949633692902426,"rich_design",10,"ungated_weak","recruit_size"
"recruit_mean_slope_20",0.4,0.26615450240411,0.29915354066051,-0.291397993018058,0.272749304819029,0.843897401700787,TRUE,-0.447414051327518,2,0.850423229669745,"rich_design",10,"ungated_weak","recruit_size"
"log_recruit_sd",1.25276296849537,1.22384913123365,0.0290282840393647,1.16613723670317,1.22341149649003,1.28563387576962,TRUE,-0.996057404650896,0.7,0.958531022800908,"rich_design",10,"ungated_weak","recruit_size"
"log_process_precision",NA,3.28419126954268,0.147458270136858,2.99937399162927,3.28540319592114,3.56143334188038,NA,NA,2,0.926270864931571,"rich_design",10,"ungated_weak","process"
"survival_at_80",0.36,0.461114902576716,0.0827878215365321,0.293396531561355,0.471225210564503,0.61981896398586,TRUE,1.22137411880196,1.5,0.944808118975645,"rich_design",10,"maturity_weak","survival"
"survival_slope_20",0.64,0.555264225630507,0.0530222422216516,0.453589599735837,0.555192262570507,0.659202204553188,TRUE,-1.59811752236481,1,0.946977757778348,"rich_design",10,"maturity_weak","survival"
"growth_increment_80",8.4,7.47230242292656,0.539647298688105,6.42803411420723,7.46985347175714,8.5325512027642,TRUE,-1.71908129500266,6,0.910058783551982,"rich_design",10,"maturity_weak","growth"
"growth_slope_20",-2.4,-1.80361560491464,0.255808274170772,-2.33862119977908,-1.80231078035147,-1.30939214772017,FALSE,2.33137257588166,3,0.914730575276409,"rich_design",10,"maturity_weak","growth"
"log_growth_sd",1.50407739677627,1.81953091907885,0.067874882320347,1.68646988401537,1.82222465813099,1.94709538868321,FALSE,4.6475737639403,0.7,0.903035882399504,"rich_design",10,"maturity_weak","growth"
"log_recruitment_at_80",-1.69314718055995,-1.1420370972341,0.166434381457469,-1.47877197377556,-1.1325307275636,-0.81141282336711,FALSE,3.31127546183523,1.5,0.889043745695021,"rich_design",10,"maturity_weak","recruitment"
"recruitment_slope_20",1.5,1.22511735496741,0.0847007917309122,1.05271192217675,1.22062303081668,1.39335508666116,FALSE,-3.24533737424643,1,0.915299208269088,"rich_design",10,"maturity_weak","recruitment"
"recruit_mean_80",44.6,44.6350738529347,0.561753516596875,43.5682823749416,44.6221067025241,45.6760466245987,TRUE,0.0624363744925148,10,0.943824648340312,"rich_design",10,"maturity_weak","recruit_size"
"recruit_mean_slope_20",0.4,0.32221770815243,0.286685714509974,-0.219533434691172,0.311256877402698,0.911115546592801,TRUE,-0.271315548389015,2,0.856657142745013,"rich_design",10,"maturity_weak","recruit_size"
"log_recruit_sd",1.25276296849537,1.22514643374484,0.0285326475695577,1.16739524316503,1.22526784315009,1.27741888417655,TRUE,-0.967892470658455,0.7,0.959239074900632,"rich_design",10,"maturity_weak","recruit_size"
"log_process_precision",NA,3.27071865898307,0.159339001767654,2.94458292087449,3.27900919424396,3.5599520562877,NA,NA,2,0.920330499116173,"rich_design",10,"maturity_weak","process"
"survival_at_80",0.36,0.45818631524819,0.084370813827822,0.305598566458541,0.454108089558381,0.619161789809022,TRUE,1.16374740023916,1.5,0.943752790781452,"rich_design",10,"maturity_shape_informed","survival"
"survival_slope_20",0.64,0.554759051594923,0.0556874085027253,0.446994095827896,0.551703149302864,0.666841751929651,TRUE,-1.53070416988259,1,0.944312591497275,"rich_design",10,"maturity_shape_informed","survival"
"growth_increment_80",8.4,7.4638637036404,0.523331373419834,6.44185730954684,7.48444911984884,8.4765386294587,TRUE,-1.78880216991806,6,0.912778104430028,"rich_design",10,"maturity_shape_informed","growth"
"growth_slope_20",-2.4,-1.80850981287784,0.261089852518743,-2.30402922452158,-1.81469756233741,-1.26315959192415,FALSE,2.26546601262376,3,0.912970049160419,"rich_design",10,"maturity_shape_informed","growth"
"log_growth_sd",1.50407739677627,1.82064974563655,0.0710583557809881,1.69288256340306,1.82179029451275,1.95614264493732,FALSE,4.45510377183499,0.7,0.898488063170017,"rich_design",10,"maturity_shape_informed","growth"
"log_recruitment_at_80",-1.69314718055995,-1.2126692559568,0.155483323902797,-1.50999211262072,-1.21790297828045,-0.908565340466317,FALSE,3.09022159124619,1.5,0.896344450731469,"rich_design",10,"maturity_shape_informed","recruitment"
"recruitment_slope_20",1.5,1.26265430327316,0.0781253459071199,1.12200195778635,1.26183667008446,1.40863683989807,FALSE,-3.03801146697016,0.2,0.6093732704644,"rich_design",10,"maturity_shape_informed","recruitment"
"recruit_mean_80",44.6,44.5714244773142,0.572660264711216,43.4410346936578,44.6299086841913,45.5451575901974,TRUE,-0.0498996079293967,10,0.942733973528878,"rich_design",10,"maturity_shape_informed","recruit_size"
"recruit_mean_slope_20",0.4,0.354200677497353,0.29073267529176,-0.11190275387061,0.335656422817646,0.967360875559,TRUE,-0.15753070223939,2,0.85463366235412,"rich_design",10,"maturity_shape_informed","recruit_size"
"log_recruit_sd",1.25276296849537,1.2243638921755,0.0296319882955974,1.16621871926971,1.22479026356452,1.28412411233356,TRUE,-0.95839253298055,0.7,0.957668588149147,"rich_design",10,"maturity_shape_informed","recruit_size"
"log_process_precision",NA,3.28407328703859,0.14806583932384,2.97776246180622,3.28033136068321,3.58916130459606,NA,NA,2,0.92596708033808,"rich_design",10,"maturity_shape_informed","process"
"survival_at_80",0.36,0.466195774611959,0.091170031547077,0.293835126985995,0.469580150568894,0.640396168697458,TRUE,1.16481011150165,1.5,0.939219978968615,"rich_design",10,"maturity_fixed_recruitment_slope","survival"
"survival_slope_20",0.64,0.548047054703193,0.0550594141289928,0.436086719148372,0.548505710592942,0.664515766526585,TRUE,-1.67006763060319,1,0.944940585871007,"rich_design",10,"maturity_fixed_recruitment_slope","survival"
"growth_increment_80",8.4,7.37539610009479,0.559338996811253,6.23567444947185,7.33913135281483,8.48046726475718,TRUE,-1.831812024097,6,0.906776833864791,"rich_design",10,"maturity_fixed_recruitment_slope","growth"
"growth_slope_20",-2.4,-1.79782021606146,0.23629107333971,-2.26846587767577,-1.79810842956407,-1.32706425015189,FALSE,2.54846607375979,3,0.921236308886763,"rich_design",10,"maturity_fixed_recruitment_slope","growth"
"log_growth_sd",1.50407739677627,1.83227845132831,0.0684735302226904,1.69541034102606,1.83514328859844,1.96885313932381,FALSE,4.79310842430148,0.7,0.902180671110442,"rich_design",10,"maturity_fixed_recruitment_slope","growth"
"log_recruitment_at_80",-1.69314718055995,-1.69387548855733,0.0374578916052871,-1.76668816878107,-1.69304313176926,-1.62441962008217,TRUE,-0.0194433793834833,1.5,0.975028072263142,"rich_design",10,"maturity_fixed_recruitment_slope","recruitment"
"recruitment_slope_20",1.5,1.5,0,1.5,1.5,1.5,TRUE,NA,NA,NA,"rich_design",10,"maturity_fixed_recruitment_slope","recruitment"
"recruit_mean_80",44.6,44.2935100137489,0.565021925315995,43.2471776968466,44.267831651869,45.4841976177706,TRUE,-0.542439102835991,10,0.9434978074684,"rich_design",10,"maturity_fixed_recruitment_slope","recruit_size"
"recruit_mean_slope_20",0.4,0.460574606741244,0.273208094612158,-0.0925347098384258,0.462095797588367,0.97781363717232,TRUE,0.221716003060723,2,0.863395952693921,"rich_design",10,"maturity_fixed_recruitment_slope","recruit_size"
"log_recruit_sd",1.25276296849537,1.21893618004628,0.0294780592469066,1.15708999405046,1.2200172155307,1.2744146063985,TRUE,-1.14752427104367,0.7,0.957888486790133,"rich_design",10,"maturity_fixed_recruitment_slope","recruit_size"
"log_process_precision",NA,3.21057289069101,0.139657089079952,2.960279143324,3.21426089835749,3.47115315494372,NA,NA,2,0.930171455460024,"rich_design",10,"maturity_fixed_recruitment_slope","process"
