"scenario_id","quantity","task_id","replicate","sample_size","accuracy","borrowing","robust_responsibility","failed","error","positive_definite","truth","posterior_mean","posterior_sd","q025","median","q975","covers_truth","standardized_bias","interval_width","weak_error","weak_interval_width","absolute_error_ratio_to_weak","width_ratio_to_weak"
2,"survival_50",1,1,0,"weak","none",NA,FALSE,-0.0380316132241293,TRUE,0.354343693774205,0.316312080550075,0.0249534069226008,0.268024640916144,0.315814625343733,0.367940514933657,TRUE,-1.52410503872653,0.0999158740175122,-0.0380316132241293,0.0999158740175122,1,1
2,"survival_50",71,1,50,"correct","robust",0.785519219603534,FALSE,-0.0261158711685476,TRUE,0.354343693774205,0.328227822605657,0.0257867023523404,0.280263531577161,0.327309071588464,0.380009814552971,TRUE,-1.01276506052265,0.0997462829758105,-0.0380316132241293,0.0999158740175122,0.686688492929304,0.998302661680445
2,"survival_50",81,1,200,"correct","robust",0.975669292211453,FALSE,-0.0265471862720253,TRUE,0.354343693774205,0.327796507502179,0.0244935241380325,0.280165957803837,0.32744249343882,0.375924008126422,TRUE,-1.08384510625827,0.0957580503225855,-0.0380316132241293,0.0999158740175122,0.698029455536805,0.958386755499952
2,"survival_50",91,1,800,"correct","robust",0.990694980544151,FALSE,-0.0259563219295716,TRUE,0.354343693774205,0.328387371844633,0.0233021318894401,0.286129224012505,0.326933688850338,0.377027788682157,TRUE,-1.1139033137708,0.0908985646696528,-0.0380316132241293,0.0999158740175122,0.682493318824127,0.909750983649715
2,"survival_50",101,1,50,"biased","robust",0.976171182740079,FALSE,-0.0371036362599349,TRUE,0.354343693774205,0.31724005751427,0.0235405416351435,0.271941326196672,0.31620089699702,0.362364362732095,TRUE,-1.57615898712131,0.0904230365354234,-0.0380316132241293,0.0999158740175122,0.97559985271396,0.90499169851204
2,"survival_50",21,1,200,"correct","full",NA,FALSE,-0.0250055479061469,TRUE,0.354343693774205,0.329338145868058,0.0229205573818989,0.285595654335151,0.329188906591049,0.37351153716311,TRUE,-1.09096596079704,0.0879158828279585,-0.0380316132241293,0.0999158740175122,0.657493747603691,0.879899052001982
2,"survival_50",31,1,800,"correct","full",NA,FALSE,-0.026716623036639,TRUE,0.354343693774205,0.327627070737566,0.0240643385220616,0.279498343613822,0.327473552700807,0.373561964961451,TRUE,-1.11021638978964,0.0940636213476289,-0.0380316132241293,0.0999158740175122,0.702484611399248,0.941428199198282
2,"survival_50",111,1,200,"biased","robust",0.991215166799651,FALSE,-0.0367981634489086,TRUE,0.354343693774205,0.317545530325296,0.0239774051838626,0.272051819693365,0.316748259629178,0.366254156337446,TRUE,-1.53470165627741,0.0942023366440807,-0.0380316132241293,0.0999158740175122,0.967567776629622,0.9428165201014
2,"survival_50",11,1,50,"correct","full",NA,FALSE,-0.0224151628147482,TRUE,0.354343693774205,0.331928530959456,0.0247889180305007,0.281864909417539,0.331522023009364,0.37991637741985,TRUE,-0.904241273748546,0.0980514680023114,-0.0380316132241293,0.0999158740175122,0.589382382562904,0.981340242143365
2,"survival_50",51,1,200,"biased","full",NA,FALSE,-0.0372024355359663,TRUE,0.354343693774205,0.317141258238238,0.0230294928540364,0.275779480124195,0.316534116353088,0.363498587207186,TRUE,-1.6154257400178,0.0877191070829914,-0.0380316132241293,0.0999158740175122,0.97819767246589,0.877929637763233
2,"survival_50",121,1,800,"biased","robust",0.99402336613933,FALSE,-0.0407991865221433,TRUE,0.354343693774205,0.313544507252061,0.0221769030137734,0.271234204547084,0.313853241627608,0.357734969957569,TRUE,-1.8397152432332,0.0865007654104854,-0.0380316132241293,0.0999158740175122,1.07277033665924,0.865735962989469
2,"survival_50",61,1,800,"biased","full",NA,FALSE,-0.0425363415485037,TRUE,0.354343693774205,0.311807352225701,0.0208889660970195,0.270810948745031,0.311597272203572,0.353389591306904,FALSE,-2.03630669660443,0.082578642561873,-0.0380316132241293,0.0999158740175122,1.11844694301625,0.826481711478593
2,"survival_50",41,1,50,"biased","full",NA,FALSE,-0.0380095843465834,TRUE,0.354343693774205,0.316334109427621,0.0235620016779585,0.269193215474488,0.316429370189751,0.36371811098596,TRUE,-1.61317297511867,0.0945248955114717,-0.0380316132241293,0.0999158740175122,0.999420774569406,0.946044824618202
2,"survival_80",111,1,200,"biased","robust",0.991215166799651,FALSE,-0.0146787707098699,TRUE,0.589040434058665,0.574361663348795,0.024632441481941,0.524644218377733,0.574533195570616,0.623573933226145,TRUE,-0.59591213159408,0.0989297148484117,-0.0161299346629636,0.105250249025739,0.910032868488562,0.939947560829226
2,"survival_80",91,1,800,"correct","robust",0.990694980544151,FALSE,-0.0110482613488561,TRUE,0.589040434058665,0.577992172709809,0.0238429849312933,0.532818615629433,0.577218939675413,0.625911921165475,TRUE,-0.46337576359223,0.0930933055360419,-0.0161299346629636,0.105250249025739,0.684953881073322,0.884494871962499
2,"survival_80",71,1,50,"correct","robust",0.785519219603534,FALSE,-0.0121312212299527,TRUE,0.589040434058665,0.576909212828712,0.0244481338011061,0.529190501920567,0.576969382759251,0.623192176557337,TRUE,-0.496202341194806,0.0940016746367702,-0.0161299346629636,0.105250249025739,0.752093637292128,0.893125436822314
2,"survival_80",61,1,800,"biased","full",NA,FALSE,-0.0191672182675573,TRUE,0.589040434058665,0.569873215791108,0.0240663889127519,0.523989997178989,0.569482094881524,0.620179748537769,TRUE,-0.796431003298599,0.09618975135878,-0.0161299346629636,0.105250249025739,1.18830104820992,0.913914715159078
2,"survival_80",1,1,0,"weak","none",NA,FALSE,-0.0161299346629636,TRUE,0.589040434058665,0.572910499395701,0.0260046217580715,0.521012469157487,0.572841142436927,0.626262718183225,TRUE,-0.620271842944884,0.105250249025739,-0.0161299346629636,0.105250249025739,1,1
2,"survival_80",21,1,200,"correct","full",NA,FALSE,-0.0118360970133558,TRUE,0.589040434058665,0.577204337045309,0.024580262176286,0.52852709552277,0.577472012838788,0.624493620822765,TRUE,-0.481528509682648,0.0959665252999949,-0.0161299346629636,0.105250249025739,0.733796959545839,0.911793807504688
2,"survival_80",31,1,800,"correct","full",NA,FALSE,-0.0120012526867195,TRUE,0.589040434058665,0.577039181371946,0.0239348005722828,0.532941273426887,0.576551701400821,0.622516672428366,TRUE,-0.501414358998975,0.0895753990014789,-0.0161299346629636,0.105250249025739,0.744036038427103,0.851070660930915
2,"survival_80",101,1,50,"biased","robust",0.976171182740079,FALSE,-0.0165640147148942,TRUE,0.589040434058665,0.572476419343771,0.0254046819173607,0.52138275372811,0.572891530580652,0.621636788040948,TRUE,-0.652006380901583,0.100254034312838,-0.0161299346629636,0.105250249025739,1.02691145754777,0.952530138796355
2,"survival_80",51,1,200,"biased","full",NA,FALSE,-0.0132542875589906,TRUE,0.589040434058665,0.575786146499675,0.0251432299847009,0.530327506270166,0.575246371408207,0.624738208506477,TRUE,-0.527151347183937,0.0944107022363114,-0.0161299346629636,0.105250249025739,0.821719854168047,0.897011675603955
2,"survival_80",121,1,800,"biased","robust",0.99402336613933,FALSE,-0.0171528991437573,TRUE,0.589040434058665,0.571887534914908,0.0232951469973515,0.524784661594182,0.571085212657574,0.62059683091019,TRUE,-0.736329294067448,0.0958121693160078,-0.0161299346629636,0.105250249025739,1.06342024950309,0.910327245806108
2,"survival_80",11,1,50,"correct","full",NA,FALSE,-0.0115623683172028,TRUE,0.589040434058665,0.577478065741462,0.0243747845228558,0.527471819626687,0.577849570034626,0.625765194647528,TRUE,-0.47435776535218,0.0982933750208411,-0.0161299346629636,0.105250249025739,0.716826729853498,0.933901591024299
2,"survival_80",81,1,200,"correct","robust",0.975669292211453,FALSE,-0.0124915429423749,TRUE,0.589040434058665,0.57654889111629,0.0240943635258714,0.529240728814406,0.576447156838259,0.623189780323734,TRUE,-0.518442536527766,0.0939490515093279,-0.0161299346629636,0.105250249025739,0.774432333632263,0.89262545579681
2,"survival_80",41,1,50,"biased","full",NA,FALSE,-0.0171627610631521,TRUE,0.589040434058665,0.571877672995513,0.0245885695289904,0.523094750349935,0.570734865779158,0.620332509467192,TRUE,-0.697997540805162,0.0972377591172563,-0.0161299346629636,0.105250249025739,1.06403165429801,0.923872009970038
2,"survival_110",61,1,800,"biased","full",NA,FALSE,0.00460948206122602,TRUE,0.789181706522253,0.793791188583479,0.0295410373742288,0.730938586815503,0.795118477650715,0.848320660544518,TRUE,0.156036567126355,0.117382073729015,0.00514251468564009,0.126547472719137,0.896347865393073,0.927573433169512
2,"survival_110",31,1,800,"correct","full",NA,FALSE,0.00233811005555784,TRUE,0.789181706522253,0.791519816577811,0.0299241332671054,0.729513980819778,0.792560910828408,0.846794766951681,TRUE,0.0781345957354109,0.117280786131903,0.00514251468564009,0.126547472719137,0.454662786299232,0.926773041072098
2,"survival_110",121,1,800,"biased","robust",0.99402336613933,FALSE,0.0059617138995548,TRUE,0.789181706522253,0.795143420421808,0.029560527469868,0.733612192198546,0.797166032440548,0.850001211715356,TRUE,0.201678197577217,0.116389019516811,0.00514251468564009,0.126547472719137,1.15929934360756,0.919726147160028
2,"survival_110",71,1,50,"correct","robust",0.785519219603534,FALSE,0.00166725468952478,TRUE,0.789181706522253,0.790848961211778,0.0311891552008566,0.723941219863808,0.79273138262961,0.845809967488451,TRUE,0.0534562311414894,0.121868747624643,0.00514251468564009,0.126547472719137,0.324210000640427,0.96302790570241
2,"survival_110",101,1,50,"biased","robust",0.976171182740079,FALSE,0.00393309342708092,TRUE,0.789181706522253,0.793114799949334,0.0308409936903995,0.728066763905051,0.795294011431005,0.848227814712247,TRUE,0.127528103230515,0.120161050807196,0.00514251468564009,0.126547472719137,0.764819094841607,0.949533390318152
2,"survival_110",11,1,50,"correct","full",NA,FALSE,-0.000271281860988903,TRUE,0.789181706522253,0.788910424661264,0.0305266409419572,0.724123283351453,0.790754612384058,0.843495821523664,TRUE,-0.00888672492675213,0.119372538172211,0.00514251468564009,0.126547472719137,0.0527527634965105,0.943302427201765
2,"survival_110",1,1,0,"weak","none",NA,FALSE,0.00514251468564009,TRUE,0.789181706522253,0.794324221207893,0.0316994551740367,0.728402263461163,0.795342343985583,0.8549497361803,TRUE,0.162227226222236,0.126547472719137,0.00514251468564009,0.126547472719137,1,1
2,"survival_110",21,1,200,"correct","full",NA,FALSE,0.00127791116182907,TRUE,0.789181706522253,0.790459617684082,0.0299420046337503,0.729996917397897,0.792571232247749,0.843466753534317,TRUE,0.0426795459242105,0.113469836136419,0.00514251468564009,0.126547472719137,0.248499273205286,0.89665825558016
2,"survival_110",41,1,50,"biased","full",NA,FALSE,0.0039195399487546,TRUE,0.789181706522253,0.793101246471007,0.0297414176221071,0.730860856718344,0.794464157702914,0.846623358452195,TRUE,0.131787260397472,0.11576250173385,0.00514251468564009,0.126547472719137,0.762183520778169,0.91477529536111
2,"survival_110",91,1,800,"correct","robust",0.990694980544151,FALSE,0.00306008882601916,TRUE,0.789181706522253,0.792241795348272,0.0295176365499285,0.732112733132407,0.793312502261986,0.845573477633971,TRUE,0.103669845681685,0.113460744501564,0.00514251468564009,0.126547472719137,0.595056895912057,0.896586411910268
2,"survival_110",51,1,200,"biased","full",NA,FALSE,0.00838749556095586,TRUE,0.789181706522253,0.797569202083209,0.0302225488184256,0.735233272260142,0.799444716006345,0.854375407660945,TRUE,0.277524427583762,0.119142135400803,0.00514251468564009,0.126547472719137,1.63101052183225,0.941481744682731
2,"survival_110",81,1,200,"correct","robust",0.975669292211453,FALSE,0.00160809552064889,TRUE,0.789181706522253,0.790789802042902,0.0298145138418182,0.729602879627898,0.792785610181779,0.841158170524787,TRUE,0.0539366675298041,0.111555290896889,0.00514251468564009,0.126547472719137,0.31270606287996,0.881529188216017
2,"survival_110",111,1,200,"biased","robust",0.991215166799651,FALSE,0.00616473409535712,TRUE,0.789181706522253,0.79534644061761,0.0309776616256373,0.727092804055597,0.797148574394284,0.851616760261891,TRUE,0.199005792298253,0.124523956206294,0.00514251468564009,0.126547472719137,1.19877812163988,0.98400982280117
2,"growth_increment_50",61,1,800,"biased","full",NA,FALSE,2.21065195740933,TRUE,12,14.2106519574093,1.15474636648944,11.9817763382844,14.1927159390704,16.5753820293727,TRUE,1.91440477455666,4.59360569108834,2.12248961105329,4.77758488551305,1.04153723339654,0.961491172039123
2,"growth_increment_50",121,1,800,"biased","robust",0.99402336613933,FALSE,2.06689523864283,TRUE,12,14.0668952386428,1.12856622138394,11.7954762225394,14.0797663799614,16.1500858829244,TRUE,1.83143461099538,4.35460966038502,2.12248961105329,4.77758488551305,0.973806999044455,0.911466727381318
2,"growth_increment_50",31,1,800,"correct","full",NA,FALSE,1.87349825068515,TRUE,12,13.8734982506852,1.13956434795834,11.6303290993884,13.8656856422755,16.0941508923459,TRUE,1.64404779251101,4.46382179295755,2.12248961105329,4.77758488551305,0.882689008666303,0.934326003603429
2,"growth_increment_50",21,1,200,"correct","full",NA,FALSE,1.85914583401447,TRUE,12,13.8591458340145,1.15375535431168,11.5124324045374,13.8610503437164,16.1167181384236,TRUE,1.61138652753956,4.60428573388623,2.12248961105329,4.77758488551305,0.875926941801079,0.963726620085327
2,"growth_increment_50",101,1,50,"biased","robust",0.976171182740079,FALSE,2.04361048286024,TRUE,12,14.0436104828602,1.16540127852969,11.7111651555027,14.0225000237346,16.3081827751191,TRUE,1.75356808037702,4.59701761961644,2.12248961105329,4.77758488551305,0.96283650681621,0.962205325447144
2,"growth_increment_50",71,1,50,"correct","robust",0.785519219603534,FALSE,1.82805773625531,TRUE,12,13.8280577362553,1.1400236123044,11.6439206285902,13.8334588761228,16.060697518345,TRUE,1.60352620465477,4.41677688975478,2.12248961105329,4.77758488551305,0.861279945369501,0.92447899840517
2,"growth_increment_50",11,1,50,"correct","full",NA,FALSE,1.84923329521233,TRUE,12,13.8492332952123,1.15301071975721,11.648531061821,13.8567082553016,16.0591568572176,TRUE,1.60383009760891,4.41062579539659,2.12248961105329,4.77758488551305,0.871256700424859,0.923191508071542
2,"growth_increment_50",51,1,200,"biased","full",NA,FALSE,1.99320592521994,TRUE,12,13.9932059252199,1.17130944238723,11.5932669780202,14.0229503464699,16.1313467115911,TRUE,1.70169030752251,4.53807973357085,2.12248961105329,4.77758488551305,0.93908866024122,0.949868990780585
2,"growth_increment_50",41,1,50,"biased","full",NA,FALSE,2.10743395349183,TRUE,12,14.1074339534918,1.20321541609436,11.6879780362044,14.1022324987328,16.3473986081463,TRUE,1.75150178870926,4.65942057194197,2.12248961105329,4.77758488551305,0.992906604827156,0.975266935825802
2,"growth_increment_50",1,1,0,"weak","none",NA,FALSE,2.12248961105329,TRUE,12,14.1224896110533,1.23533389641496,11.6682994946,14.1373949465725,16.4458843801131,TRUE,1.71815054797162,4.77758488551305,2.12248961105329,4.77758488551305,1,1
2,"growth_increment_50",91,1,800,"correct","robust",0.990694980544151,FALSE,1.84731716440936,TRUE,12,13.8473171644094,1.13660970930834,11.5606695394744,13.9105567447539,16.0352319251083,TRUE,1.62528715818688,4.47456238563384,2.12248961105329,4.77758488551305,0.870353925309736,0.93657412539167
2,"growth_increment_50",81,1,200,"correct","robust",0.975669292211453,FALSE,1.88661688001928,TRUE,12,13.8866168800193,1.16606897171816,11.4851671250117,13.9621563083801,16.0402736918532,TRUE,1.61792906404106,4.55510656684151,2.12248961105329,4.77758488551305,0.888869783010642,0.953432890466029
2,"growth_increment_50",111,1,200,"biased","robust",0.991215166799651,FALSE,2.0667492147651,TRUE,12,14.0667492147651,1.13670218924702,11.8825745163838,14.0785420139962,16.2747558271651,TRUE,1.8181976196722,4.39218131078124,2.12248961105329,4.77758488551305,0.973738200649884,0.919330878682982
2,"growth_increment_80",121,1,800,"biased","robust",0.99402336613933,FALSE,0.909790359552003,TRUE,8.4,9.309790359552,0.759557109309825,7.81179684842134,9.30363343654051,10.7918497217225,TRUE,1.19779059191308,2.9800528733012,0.963081642246312,3.14357961469946,0.9446658721788,0.947980722157122
2,"growth_increment_80",61,1,800,"biased","full",NA,FALSE,1.00255088844348,TRUE,8.4,9.40255088844348,0.773618322025531,7.89707935232859,9.39483981838743,10.9751106350653,TRUE,1.29592443702541,3.07803128273673,0.963081642246312,3.14357961469946,1.04098224331751,0.979148505844665
2,"growth_increment_80",101,1,50,"biased","robust",0.976171182740079,FALSE,0.893838131689302,TRUE,8.4,9.2938381316893,0.776094862710976,7.76705980266167,9.30072079020949,10.8202523688747,TRUE,1.15171247051815,3.05319256621308,0.963081642246312,3.14357961469946,0.928102138469273,0.971247094215866
2,"growth_increment_80",1,1,0,"weak","none",NA,FALSE,0.963081642246312,TRUE,8.4,9.36308164224631,0.82160314721699,7.73025388341147,9.36687868648623,10.8738334981109,TRUE,1.17219809284878,3.14357961469946,0.963081642246312,3.14357961469946,1,1
2,"growth_increment_80",41,1,50,"biased","full",NA,FALSE,0.934985605840666,TRUE,8.4,9.33498560584067,0.794299019391479,7.76101828989874,9.3313694255184,10.8189536617285,TRUE,1.17712043325569,3.05793537182972,0.963081642246312,3.14357961469946,0.970826942210097,0.972755821907846
2,"growth_increment_80",11,1,50,"correct","full",NA,FALSE,0.778899311909148,TRUE,8.4,9.17889931190915,0.784975692042282,7.68085537819803,9.17605081661825,10.6807268277095,TRUE,0.992259148665706,2.99987144951149,0.963081642246312,3.14357961469946,0.808757303370903,0.954285183516274
2,"growth_increment_80",31,1,800,"correct","full",NA,FALSE,0.825264194817374,TRUE,8.4,9.22526419481737,0.766022508174986,7.73608204590868,9.26375715429192,10.6678140777312,TRUE,1.07733674403841,2.93173203182251,0.963081642246312,3.14357961469946,0.856899517773498,0.932609442469234
2,"growth_increment_80",51,1,200,"biased","full",NA,FALSE,0.87606326714732,TRUE,8.4,9.27606326714732,0.779923281008882,7.70448410370845,9.27491588354599,10.7365152460187,TRUE,1.12326851689063,3.0320311423103,0.963081642246312,3.14357961469946,0.909645899909348,0.964515461333455
2,"growth_increment_80",91,1,800,"correct","robust",0.990694980544151,FALSE,0.818703312933666,TRUE,8.4,9.21870331293367,0.760636013916361,7.70381354146821,9.25325083668141,10.7030337637959,TRUE,1.07634045450771,2.99922022232773,0.963081642246312,3.14357961469946,0.850087133863444,0.954078022488536
2,"growth_increment_80",71,1,50,"correct","robust",0.785519219603534,FALSE,0.77166771575763,TRUE,8.4,9.17166771575763,0.756670508926986,7.6653341263029,9.18900888281381,10.6322712467,TRUE,1.0198199964895,2.96693712039711,0.963081642246312,3.14357961469946,0.80124849432056,0.943808487153826
2,"growth_increment_80",111,1,200,"biased","robust",0.991215166799651,FALSE,0.935156646117093,TRUE,8.4,9.33515664611709,0.775289066792684,7.8380953787263,9.33434672273607,10.7544310149916,TRUE,1.20620383566838,2.91633563626528,0.963081642246312,3.14357961469946,0.97100453907097,0.927711715214216
2,"growth_increment_80",81,1,200,"correct","robust",0.975669292211453,FALSE,0.826199516191934,TRUE,8.4,9.22619951619193,0.78488575718017,7.6629784876702,9.2439081875838,10.743806156141,TRUE,1.05263665270241,3.0808276684708,0.963081642246312,3.14357961469946,0.857870693355642,0.980038060453365
2,"growth_increment_80",21,1,200,"correct","full",NA,FALSE,0.823483543923398,TRUE,8.4,9.2234835439234,0.784697710584766,7.65225769646105,9.23660424172312,10.7223091450849,TRUE,1.04942773862527,3.07005144862387,0.963081642246312,3.14357961469946,0.855050608173454,0.976610051251201
2,"growth_increment_110",51,1,200,"biased","full",NA,FALSE,-0.241079390925298,TRUE,4.8,4.5589206090747,0.546323274231725,3.47411255366351,4.54819977889654,5.70128926086071,TRUE,-0.441276076448179,2.2271767071972,-0.196326326560682,2.28924513721048,1.22795243586847,0.972886944694393
2,"growth_increment_110",121,1,800,"biased","robust",0.99402336613933,FALSE,-0.247314519538846,TRUE,4.8,4.55268548046115,0.544742185438518,3.48754536432234,4.56551247432686,5.65704793638643,TRUE,-0.454002877232204,2.16950257206409,-0.196326326560682,2.28924513721048,1.25971143998563,0.947693428196028
2,"growth_increment_110",91,1,800,"correct","robust",0.990694980544151,FALSE,-0.209910538542029,TRUE,4.8,4.59008946145797,0.535777661616268,3.55674238377515,4.58880249470264,5.63983645037471,TRUE,-0.391786656257367,2.08309406659955,-0.196326326560682,2.28924513721048,1.06919200404408,0.909948014190334
2,"growth_increment_110",11,1,50,"correct","full",NA,FALSE,-0.291434671394054,TRUE,4.8,4.50856532860595,0.569209788536712,3.36295936856113,4.49837436795665,5.64036202423775,TRUE,-0.511998699360486,2.27740265567662,-0.196326326560682,2.28924513721048,1.48444009776741,0.994826905453956
2,"growth_increment_110",41,1,50,"biased","full",NA,FALSE,-0.2374627418105,TRUE,4.8,4.5625372581895,0.555645709686207,3.48969148777753,4.56679333159887,5.59831726172052,TRUE,-0.427363583792636,2.108625773943,-0.196326326560682,2.28924513721048,1.20953081520172,0.921100907748318
2,"growth_increment_110",111,1,200,"biased","robust",0.991215166799651,FALSE,-0.196435922530914,TRUE,4.8,4.60356407746909,0.571521528921853,3.45136066530446,4.61664212677751,5.66848713575814,TRUE,-0.343706951689957,2.21712647045368,-0.196326326560682,2.28924513721048,1.00055823369261,0.968496747864812
2,"growth_increment_110",21,1,200,"correct","full",NA,FALSE,-0.212178746167721,TRUE,4.8,4.58782125383228,0.569084429338122,3.49633367173236,4.57996234780154,5.68016965720371,TRUE,-0.37284229760863,2.18383598547135,-0.196326326560682,2.28924513721048,1.08074525655702,0.953954624594036
2,"growth_increment_110",101,1,50,"biased","robust",0.976171182740079,FALSE,-0.25593421948165,TRUE,4.8,4.54406578051835,0.54639567549183,3.47943161003375,4.53184498115086,5.62479283530562,TRUE,-0.468404548134967,2.14536122527187,-0.196326326560682,2.28924513721048,1.30361640216675,0.937147879185215
2,"growth_increment_110",61,1,800,"biased","full",NA,FALSE,-0.205550180522396,TRUE,4.8,4.5944498194776,0.547619124040378,3.54708922332237,4.5882571044236,5.66530699470162,TRUE,-0.375352451181452,2.11821777137925,-0.196326326560682,2.28924513721048,1.04698225715981,0.925290934093834
2,"growth_increment_110",81,1,200,"correct","robust",0.975669292211453,FALSE,-0.23421784763542,TRUE,4.8,4.56578215236458,0.56523841230967,3.49471480174085,4.56527456251541,5.7304390825509,TRUE,-0.414370011900575,2.23572428081005,-0.196326326560682,2.28924513721048,1.19300275076978,0.976620740378355
2,"growth_increment_110",1,1,0,"weak","none",NA,FALSE,-0.196326326560682,TRUE,4.8,4.60367367343932,0.580268426594485,3.46742870173264,4.58720999807081,5.75667383894312,TRUE,-0.338337082568655,2.28924513721048,-0.196326326560682,2.28924513721048,1,1
2,"growth_increment_110",31,1,800,"correct","full",NA,FALSE,-0.222969861050402,TRUE,4.8,4.5770301389496,0.545546631412276,3.54749369161161,4.58731265814814,5.5952680779406,TRUE,-0.408709078586356,2.04777438632899,-0.196326326560682,2.28924513721048,1.13571045186079,0.894519487250838
2,"growth_increment_110",71,1,50,"correct","robust",0.785519219603534,FALSE,-0.28472230474005,TRUE,4.8,4.51527769525995,0.538926888432297,3.45875632340794,4.53002127925517,5.55345619494354,TRUE,-0.528313414771878,2.09469987153561,-0.196326326560682,2.28924513721048,1.45025025287195,0.915017722430577
2,"growth_sd.log_growth_sd",111,1,200,"biased","robust",0.991215166799651,FALSE,-0.591574595695396,TRUE,4.5,3.9084254043046,0.716865354982564,2.72076743742579,3.81766170956112,5.49132766135809,TRUE,-0.825224139489604,2.7705602239323,-0.55547635641364,2.83432854800047,1.06498609502449,0.977501435352951
2,"growth_sd.log_growth_sd",61,1,800,"biased","full",NA,FALSE,-0.60473431054178,TRUE,4.5,3.89526568945822,0.690277874082698,2.72132275989735,3.82181701039405,5.41238046609259,TRUE,-0.876073728055393,2.69105770619524,-0.55547635641364,2.83432854800047,1.08867695908097,0.949451575786335
2,"growth_sd.log_growth_sd",51,1,200,"biased","full",NA,FALSE,-0.551701384770488,TRUE,4.5,3.94829861522951,0.721276492677356,2.68778704649493,3.89647460947831,5.45373176888048,TRUE,-0.764895834498348,2.76594472238555,-0.55547635641364,2.83432854800047,0.993204082226786,0.97587300679621
2,"growth_sd.log_growth_sd",41,1,50,"biased","full",NA,FALSE,-0.586552891553667,TRUE,4.5,3.91344710844633,0.711436495659826,2.75428591171899,3.8505614167963,5.38420063396507,TRUE,-0.82446275265885,2.62991472224608,-0.55547635641364,2.83432854800047,1.05594573879016,0.927879276416772
2,"growth_sd.log_growth_sd",31,1,800,"correct","full",NA,FALSE,-0.507156796064224,TRUE,4.5,3.99284320393578,0.757893107887533,2.78151153601859,3.93180706985153,5.82353713336384,TRUE,-0.669166655279155,3.04202559734525,-0.55547635641364,2.83432854800047,0.913012390551806,1.073279101497
2,"growth_sd.log_growth_sd",121,1,800,"biased","robust",0.99402336613933,FALSE,-0.549829438604406,TRUE,4.5,3.95017056139559,0.776846663343453,2.72136123951571,3.84391122964771,5.75266417078755,TRUE,-0.707770869785303,3.03130293127183,-0.55547635641364,2.83432854800047,0.989834098708194,1.06949595995507
2,"growth_sd.log_growth_sd",81,1,200,"correct","robust",0.975669292211453,FALSE,-0.516815013888829,TRUE,4.5,3.98318498611117,0.771741838963962,2.58174647353306,3.94090043632919,5.57712829220927,TRUE,-0.669673442329674,2.99538181867621,-0.55547635641364,2.83432854800047,0.930399661338563,1.0568223718416
2,"growth_sd.log_growth_sd",101,1,50,"biased","robust",0.976171182740079,FALSE,-0.564010571261413,TRUE,4.5,3.93598942873859,0.724023255518181,2.75679685880078,3.86527502337525,5.46331292245448,TRUE,-0.778995104042276,2.7065160636537,-0.55547635641364,2.83432854800047,1.0153637769623,0.954905550933065
2,"growth_sd.log_growth_sd",1,1,0,"weak","none",NA,FALSE,-0.55547635641364,TRUE,4.5,3.94452364358636,0.725012293066849,2.75204501315117,3.86844088218834,5.58637356115164,TRUE,-0.766161293712605,2.83432854800047,-0.55547635641364,2.83432854800047,1,1
2,"growth_sd.log_growth_sd",21,1,200,"correct","full",NA,FALSE,-0.512360970534659,TRUE,4.5,3.98763902946534,0.751658100075566,2.70429263163862,3.89525248577455,5.61591688026035,TRUE,-0.68164098874628,2.91162424862173,-0.55547635641364,2.83432854800047,0.922381240207325,1.0272712564236
2,"growth_sd.log_growth_sd",71,1,50,"correct","robust",0.785519219603534,FALSE,-0.531787100711536,TRUE,4.5,3.96821289928846,0.742690625273689,2.73639988928152,3.9163524700671,5.5652681557011,TRUE,-0.716027754511601,2.82886826641959,-0.55547635641364,2.83432854800047,0.957353260082842,0.998073518475926
2,"growth_sd.log_growth_sd",11,1,50,"correct","full",NA,FALSE,-0.494504174002429,TRUE,4.5,4.00549582599757,0.758797263663879,2.69310880628362,3.953456604272,5.68929138554643,TRUE,-0.651694724905435,2.99618257926281,-0.55547635641364,2.83432854800047,0.890234423648794,1.05710489398857
2,"growth_sd.log_growth_sd",91,1,800,"correct","robust",0.990694980544151,FALSE,-0.51927512013985,TRUE,4.5,3.98072487986015,0.717845817387503,2.76466755922769,3.95258745629568,5.5226447770177,TRUE,-0.723379739161367,2.75797721779001,-0.55547635641364,2.83432854800047,0.934828483956513,0.973061933746417
2,"recruitment_50",51,1,200,"biased","full",NA,FALSE,0.0259935101385621,TRUE,0.019387103915861,0.0453806140544231,0.0143750262259042,0.0241495942577549,0.0436336276124137,0.0804823015388911,FALSE,1.80824088457808,0.0563327072811362,0.0396317032432927,0.197291624191422,0.655876684859899,0.285530151176005
2,"recruitment_50",31,1,800,"correct","full",NA,FALSE,-0.00174517331421764,TRUE,0.019387103915861,0.0176419306016434,0.00355059435095201,0.0118248857215958,0.0172209909479352,0.0261383515839475,TRUE,-0.491515825723576,0.0143134658623517,0.0396317032432927,0.197291624191422,0.0440347795174056,0.0725497897896775
2,"recruitment_50",71,1,50,"correct","robust",0.785519219603534,FALSE,0.00161965708685545,TRUE,0.019387103915861,0.0210067610027165,0.0380802252340693,0.00179851889853207,0.00886627924617078,0.129163268667754,TRUE,0.0425327601635716,0.127364749769222,0.0396317032432927,0.197291624191422,0.0408677133282069,0.645565924510038
2,"recruitment_50",41,1,50,"biased","full",NA,FALSE,0.0203056171921983,TRUE,0.019387103915861,0.0396927211080593,0.0213065830149615,0.0130191712271325,0.0348878216350938,0.0946496937604214,TRUE,0.953020818868034,0.0816305225332889,0.0396317032432927,0.197291624191422,0.512357923845599,0.413755641517183
2,"recruitment_50",111,1,200,"biased","robust",0.991215166799651,FALSE,0.0263324988170026,TRUE,0.019387103915861,0.0457196027328636,0.0152811143184195,0.0239179655597661,0.0436135130317294,0.079104663617737,FALSE,1.72320540690296,0.055186698057971,0.0396317032432927,0.197291624191422,0.664430157224172,0.27972144425364
2,"recruitment_50",101,1,50,"biased","robust",0.976171182740079,FALSE,0.0207237817843848,TRUE,0.019387103915861,0.0401108857002458,0.0245450374232597,0.0127614088967424,0.0349201123157973,0.0997804987340918,TRUE,0.844316569048953,0.0870190898373494,0.0396317032432927,0.197291624191422,0.52290918856464,0.441068343341931
2,"recruitment_50",21,1,200,"correct","full",NA,FALSE,-0.00197595778646571,TRUE,0.019387103915861,0.0174111461293953,0.00666818749047234,0.00813969492677805,0.0160184658244402,0.0333849161272562,TRUE,-0.296326069008858,0.0252452212004782,0.0396317032432927,0.197291624191422,0.049858008229816,0.127958910085225
2,"recruitment_50",121,1,800,"biased","robust",0.99402336613933,FALSE,0.0315212112447903,TRUE,0.019387103915861,0.0509083151606513,0.00984067421973498,0.036665843098516,0.0503557865043745,0.0683618864852005,FALSE,3.20315565183289,0.0316960433866844,0.0396317032432927,0.197291624191422,0.795353433368397,0.160655798321835
2,"recruitment_50",61,1,800,"biased","full",NA,FALSE,0.0314113893315594,TRUE,0.019387103915861,0.0507984932474204,0.00809354298858393,0.0365721685087363,0.0501022798672137,0.0681358276545641,FALSE,3.88104311991246,0.0315636591458278,0.0396317032432927,0.197291624191422,0.792582371207463,0.159984790409567
2,"recruitment_50",81,1,200,"correct","robust",0.975669292211453,FALSE,-0.00157157844555603,TRUE,0.019387103915861,0.017815525470305,0.0115916692200482,0.00798444182945803,0.0158442000666506,0.0347850963834797,TRUE,-0.135578268817224,0.0268006545540217,0.0396317032432927,0.197291624191422,0.0396545774454448,0.135842840079305
2,"recruitment_50",1,1,0,"weak","none",NA,FALSE,0.0396317032432927,TRUE,0.019387103915861,0.0590188071591537,0.0641536268320156,0.00589345397282163,0.0391949418425477,0.203185078164244,TRUE,0.617762474241201,0.197291624191422,0.0396317032432927,0.197291624191422,1,1
2,"recruitment_50",11,1,50,"correct","full",NA,FALSE,-0.00996392629567202,TRUE,0.019387103915861,0.00942317762018898,0.0082205092672812,0.00178235047465578,0.00707466010025634,0.0327900920463405,TRUE,-1.21208138957155,0.0310077415716847,0.0396317032432927,0.197291624191422,0.251413022410495,0.157167044970948
2,"recruitment_50",91,1,800,"correct","robust",0.990694980544151,FALSE,-0.00114871389150102,TRUE,0.019387103915861,0.01823839002436,0.00961843654481503,0.01152079065497,0.0174587315298942,0.0255298232894294,TRUE,-0.119428338082685,0.0140090326344594,0.0396317032432927,0.197291624191422,0.02898472176301,0.0710067276899052
2,"recruitment_80",31,1,800,"correct","full",NA,FALSE,-0.00966195535130895,TRUE,0.183939720585721,0.174277765234412,0.0170625456192671,0.144105582838722,0.173534285613437,0.211341616836216,TRUE,-0.566266931494598,0.0672360339974935,0.123177496044457,0.556822434520867,0.078439290142915,0.12074950617848
2,"recruitment_80",41,1,50,"biased","full",NA,FALSE,0.0856365480754729,TRUE,0.183939720585721,0.269576268661194,0.0714552464852159,0.152866082573521,0.260566510758458,0.441208595799518,TRUE,1.19846410568594,0.288342513225997,0.123177496044457,0.556822434520867,0.695228843136776,0.517835660616133
2,"recruitment_80",101,1,50,"biased","robust",0.976171182740079,FALSE,0.085682304017926,TRUE,0.183939720585721,0.269622024603647,0.0787229441258647,0.151349106800785,0.259549048054471,0.456609487173633,TRUE,1.08840319641672,0.305260380372847,0.123177496044457,0.556822434520867,0.695600306625826,0.548218536912072
2,"recruitment_80",51,1,200,"biased","full",NA,FALSE,0.108027322026786,TRUE,0.183939720585721,0.291967042612507,0.0449614375941568,0.218363929565258,0.28888841730966,0.392315908669387,FALSE,2.40266610249191,0.17395197910413,0.123177496044457,0.556822434520867,0.877005341850729,0.31240116834339
2,"recruitment_80",121,1,800,"biased","robust",0.99402336613933,FALSE,0.132131954317593,TRUE,0.183939720585721,0.316071674903314,0.0273481220044577,0.274729930343883,0.3157706346535,0.36281493333526,FALSE,4.83148182153261,0.088085002991377,0.123177496044457,0.556822434520867,1.07269556989455,0.158192266565503
2,"recruitment_80",111,1,200,"biased","robust",0.991215166799651,FALSE,0.109069014779105,TRUE,0.183939720585721,0.293008735364826,0.0465523216188965,0.212959758848876,0.29010583294441,0.391010914859097,FALSE,2.34293395014764,0.178051156010221,0.123177496044457,0.556822434520867,0.885462184908673,0.319762899214774
2,"recruitment_80",21,1,200,"correct","full",NA,FALSE,-0.013308864383887,TRUE,0.183939720585721,0.170630856201834,0.0334414204727378,0.116813147558778,0.166815893272691,0.247087690977099,TRUE,-0.397975450676106,0.130274543418322,0.123177496044457,0.556822434520867,0.108046232560885,0.233960658446565
2,"recruitment_80",71,1,50,"correct","robust",0.785519219603534,FALSE,-0.025232951127788,TRUE,0.183939720585721,0.158706769457933,0.122191018243763,0.0468828277240025,0.119879463859217,0.511740310410812,TRUE,-0.206504139915178,0.46485748268681,0.123177496044457,0.556822434520867,0.204850333365122,0.834839715261849
2,"recruitment_80",1,1,0,"weak","none",NA,FALSE,0.123177496044457,TRUE,0.183939720585721,0.307117216630178,0.156298205609587,0.0997764679147069,0.272962904722271,0.656598902435573,TRUE,0.788092835513024,0.556822434520867,0.123177496044457,0.556822434520867,1,1
2,"recruitment_80",61,1,800,"biased","full",NA,FALSE,0.13212174433227,TRUE,0.183939720585721,0.316061464917991,0.0232461782822261,0.27073997347781,0.316042934478462,0.360416016448907,FALSE,5.68358991005802,0.0896760429710975,0.123177496044457,0.556822434520867,1.0726126814965,0.161049622665189
2,"recruitment_80",11,1,50,"correct","full",NA,FALSE,-0.0689318396002071,TRUE,0.183939720585721,0.115007880985514,0.0514013054687593,0.0468043819421273,0.10409027248074,0.244931293440378,TRUE,-1.34105231319665,0.19812691149825,0.123177496044457,0.556822434520867,0.559613905248798,0.35581704187033
2,"recruitment_80",91,1,800,"correct","robust",0.990694980544151,FALSE,-0.00790074415304892,TRUE,0.183939720585721,0.176038976432672,0.0304054802626102,0.142199638644254,0.174354877465148,0.209155005348968,TRUE,-0.259846056855892,0.0669553667047135,0.123177496044457,0.556822434520867,0.0641411329728393,0.120245454481961
2,"recruitment_80",81,1,200,"correct","robust",0.975669292211453,FALSE,-0.0128287211953402,TRUE,0.183939720585721,0.171110999390381,0.0440899335678244,0.114180379001518,0.164272806693905,0.249237008724829,TRUE,-0.290967124629606,0.135056629723311,0.123177496044457,0.556822434520867,0.104148254407689,0.242548829483718
2,"recruitment_110",71,1,50,"correct","robust",0.785519219603534,FALSE,-0.107379392111393,TRUE,1.74517147873092,1.63779208661953,0.251588599878888,1.19665887622955,1.61425095119529,2.16134912159787,TRUE,-0.426805475936048,0.964690245368315,0.181242846971601,0.709524828318166,0.592461406922271,1.35962859489355
2,"recruitment_110",31,1,800,"correct","full",NA,FALSE,-0.00356527915290306,TRUE,1.74517147873092,1.74160619957802,0.0922536898656668,1.55821177900687,1.74257888902579,1.92523403463813,TRUE,-0.0386464666952028,0.367022255631261,0.181242846971601,0.709524828318166,0.0196712819980239,0.517278946391825
2,"recruitment_110",101,1,50,"biased","robust",0.976171182740079,FALSE,0.191142866566111,TRUE,1.74517147873092,1.93631434529703,0.157572383071519,1.6669200047036,1.92898709884965,2.26342299863648,TRUE,1.21304801539591,0.596502993932879,0.181242846971601,0.709524828318166,1.05462295345681,0.840707710464213
2,"recruitment_110",91,1,800,"correct","robust",0.990694980544151,FALSE,-0.00540125750296205,TRUE,1.74517147873092,1.73977022122796,0.0962474718750372,1.57092642606065,1.73583417837923,1.93134948980406,TRUE,-0.0561184350896486,0.360423063743405,0.181242846971601,0.709524828318166,0.0298012175002326,0.507978085273971
2,"recruitment_110",51,1,200,"biased","full",NA,FALSE,0.183292883722809,TRUE,1.74517147873092,1.92846436245373,0.133112361606129,1.67217431920577,1.92439054299248,2.19401970501293,TRUE,1.37697867809724,0.521845385807159,0.181242846971601,0.709524828318166,1.01131099398107,0.735485729293116
2,"recruitment_110",111,1,200,"biased","robust",0.991215166799651,FALSE,0.182956520256022,TRUE,1.74517147873092,1.92812799898694,0.135044761194364,1.68767546312124,1.92260334990005,2.19461876944122,TRUE,1.35478428513566,0.506943306319978,0.181242846971601,0.709524828318166,1.00945512230168,0.71448282863
2,"recruitment_110",21,1,200,"correct","full",NA,FALSE,-0.0192753668792423,TRUE,1.74517147873092,1.72589611185168,0.122367846359845,1.49215718981166,1.72351683969276,1.96813945200215,TRUE,-0.15751986696374,0.475982262190495,0.181242846971601,0.709524828318166,0.106351048890015,0.670846520365958
2,"recruitment_110",41,1,50,"biased","full",NA,FALSE,0.196934059178226,TRUE,1.74517147873092,1.94210553790915,0.159658706830965,1.64992778064718,1.93520498148026,2.25416312923468,TRUE,1.23346896067951,0.604235348587505,0.181242846971601,0.709524828318166,1.08657562198349,0.851605644329269
2,"recruitment_110",1,1,0,"weak","none",NA,FALSE,0.181242846971601,TRUE,1.74517147873092,1.92641432570252,0.185331624755549,1.59329493412309,1.9113228732795,2.30281976244125,TRUE,0.977938045979247,0.709524828318166,0.181242846971601,0.709524828318166,1,1
2,"recruitment_110",121,1,800,"biased","robust",0.99402336613933,FALSE,0.236605290719094,TRUE,1.74517147873092,1.98177676945001,0.112824710129443,1.77542045870908,1.98287127695986,2.21232182809075,FALSE,2.0971052391594,0.43690136938167,0.181242846971601,0.709524828318166,1.30546002047831,0.615766146502987
2,"recruitment_110",61,1,800,"biased","full",NA,FALSE,0.238454380153492,TRUE,1.74517147873092,1.98362585888441,0.106176651962359,1.79364449834106,1.97773697976663,2.20757050525498,FALSE,2.24582689081237,0.413926006913928,0.181242846971601,0.709524828318166,1.31566229585246,0.583384809655054
2,"recruitment_110",81,1,200,"correct","robust",0.975669292211453,FALSE,-0.0195020372186732,TRUE,1.74517147873092,1.72566944151225,0.12800896732842,1.49209589127133,1.71930331192521,1.99251431482999,TRUE,-0.152348992618921,0.500418423558661,0.181242846971601,0.709524828318166,0.107601693222845,0.705286698345478
2,"recruitment_110",11,1,50,"correct","full",NA,FALSE,-0.190134055610057,TRUE,1.74517147873092,1.55503742312086,0.206721626931346,1.18298970884095,1.5405064815629,2.01790737192288,TRUE,-0.919758897182063,0.834917663081929,0.181242846971601,0.709524828318166,1.04905688024118,1.17672790261757
2,"recruit_mean_50",21,1,200,"correct","full",NA,FALSE,-0.174454906825126,TRUE,44,43.8255450931749,3.04098708679596,37.8872560841949,43.8415950605937,49.5421748895798,TRUE,-0.0573678551884068,11.6549188053849,0.462993520489114,11.5663841299525,0.376797728488358,1.00765448168051
2,"recruit_mean_50",31,1,800,"correct","full",NA,FALSE,-0.0708293152106236,TRUE,44,43.9291706847894,2.9629028234368,38.2121299443341,43.9700503847299,49.5335353453104,TRUE,-0.0239053790932184,11.3214054009763,0.462993520489114,11.5663841299525,0.152981223443037,0.978819765431984
2,"recruit_mean_50",71,1,50,"correct","robust",0.785519219603534,FALSE,-0.323920591501263,TRUE,44,43.6760794084987,3.21571949924356,37.5766637153894,43.6772471590186,50.3547024896678,TRUE,-0.10073036270031,12.7780387742784,0.462993520489114,11.5663841299525,0.699622299593023,1.10475656270037
2,"recruit_mean_50",81,1,200,"correct","robust",0.975669292211453,FALSE,-0.217385543354247,TRUE,44,43.7826144566458,2.95374041297746,38.0665865375032,43.5932416438578,50.0884958693336,TRUE,-0.0735966987481868,12.0219093318304,0.462993520489114,11.5663841299525,0.469521783208969,1.03938354430909
2,"recruit_mean_50",91,1,800,"correct","robust",0.990694980544151,FALSE,-0.0600622311518038,TRUE,44,43.9399377688482,2.9683574080662,38.0839492622913,43.9139386537594,49.5755000464757,TRUE,-0.0202341641840672,11.4915507841845,0.462993520489114,11.5663841299525,0.129725856829169,0.993530100251967
2,"recruit_mean_50",111,1,200,"biased","robust",0.991215166799651,FALSE,0.521711970755689,TRUE,44,44.5217119707557,2.74749542679334,39.1894711846772,44.3822531379429,49.891211889458,TRUE,0.189886383674382,10.7017407047808,0.462993520489114,11.5663841299525,1.12682348168619,0.925245140101083
2,"recruit_mean_50",101,1,50,"biased","robust",0.976171182740079,FALSE,0.379842563101285,TRUE,44,44.3798425631013,2.79328850694278,39.132822845755,44.4222279489023,49.8622511866512,TRUE,0.135984006720816,10.7294283408962,0.462993520489114,11.5663841299525,0.820405786024851,0.927638942330395
2,"recruit_mean_50",121,1,800,"biased","robust",0.99402336613933,FALSE,0.874142232834608,TRUE,44,44.8741422328346,2.74169383939022,39.4128382007949,44.9028521246755,50.1622662924641,TRUE,0.318832912805838,10.7494280916692,0.462993520489114,11.5663841299525,1.88802260539445,0.929368069648691
2,"recruit_mean_50",41,1,50,"biased","full",NA,FALSE,0.519918846162554,TRUE,44,44.5199188461626,2.83016098733606,39.2942631210911,44.5907580451948,50.3614893460116,TRUE,0.183706456448591,11.0672262249205,0.462993520489114,11.5663841299525,1.12295058819247,0.956844083732328
2,"recruit_mean_50",51,1,200,"biased","full",NA,FALSE,0.456344081103552,TRUE,44,44.4563440811036,2.86523456816807,38.4474754694067,44.5167669550583,50.0896550795085,TRUE,0.15926936180842,11.6421796101019,0.462993520489114,11.5663841299525,0.985638158869832,1.00655308342675
2,"recruit_mean_50",11,1,50,"correct","full",NA,FALSE,-0.794474196389864,TRUE,44,43.2055258036101,3.25976418550388,36.6721268509478,43.3481550468699,49.3903656145742,TRUE,-0.243721370988392,12.7182387636264,0.462993520489114,11.5663841299525,1.71595100413191,1.0995864066706
2,"recruit_mean_50",61,1,800,"biased","full",NA,FALSE,0.747900021959815,TRUE,44,44.7479000219598,2.65097302039454,39.4575957682872,44.728642385165,49.9242561880081,TRUE,0.28212283422202,10.4666604197209,0.462993520489114,11.5663841299525,1.61535742696727,0.904920699686626
2,"recruit_mean_50",1,1,0,"weak","none",NA,FALSE,0.462993520489114,TRUE,44,44.4629935204891,2.97904360208372,38.6902701943575,44.5114423108705,50.25665432431,TRUE,0.155416832491229,11.5663841299525,0.462993520489114,11.5663841299525,1,1
2,"recruit_mean_80",31,1,800,"correct","full",NA,FALSE,0.144539550992079,TRUE,44.6,44.7445395509921,1.70702046600117,41.3736275810041,44.7827911347125,48.0515763173552,TRUE,0.0846735899603324,6.67794873635106,0.51797513412442,6.44958101393004,0.279047277503788,1.03540814851814
2,"recruit_mean_80",91,1,800,"correct","robust",0.990694980544151,FALSE,0.138543539572971,TRUE,44.6,44.738543539573,1.70412413329304,41.3120298601827,44.7133160723845,47.967101378799,TRUE,0.0812989716337451,6.65507151861626,0.51797513412442,6.44958101393004,0.267471410200345,1.03186106263994
2,"recruit_mean_80",21,1,200,"correct","full",NA,FALSE,0.0679740676612894,TRUE,44.6,44.6679740676613,1.76321387866909,41.2180718723622,44.6434790022735,48.0381093558938,TRUE,0.0385512322036609,6.82003748353155,0.51797513412442,6.44958101393004,0.131230368377031,1.05743884274054
2,"recruit_mean_80",11,1,50,"correct","full",NA,FALSE,-0.337062888848166,TRUE,44.6,44.2629371111518,1.9484488322284,40.3593585872249,44.3877765577222,47.8767112053648,TRUE,-0.172990372276122,7.51735261813991,0.51797513412442,6.44958101393004,0.650731795104284,1.16555673956241
2,"recruit_mean_80",41,1,50,"biased","full",NA,FALSE,0.533139640906626,TRUE,44.6,45.1331396409066,1.57196370905064,42.2065352972887,45.1692318590763,48.3583750556217,TRUE,0.339155183950528,6.15183975833293,0.51797513412442,6.44958101393004,1.02927651499688,0.95383556622453
2,"recruit_mean_80",101,1,50,"biased","robust",0.976171182740079,FALSE,0.450025394620624,TRUE,44.6,45.0500253946206,1.55251091648667,42.1040203092913,45.0862239364091,48.0696385079125,TRUE,0.289869391475218,5.96561819862119,0.51797513412442,6.44958101393004,0.868816599432602,0.924962130987491
2,"recruit_mean_80",1,1,0,"weak","none",NA,FALSE,0.51797513412442,TRUE,44.6,45.1179751341244,1.65055121894934,41.9206155401615,45.1307530550543,48.3701965540916,TRUE,0.313819485380247,6.44958101393004,0.51797513412442,6.44958101393004,1,1
2,"recruit_mean_80",51,1,200,"biased","full",NA,FALSE,0.509468551213871,TRUE,44.6,45.1094685512139,1.55687742472897,41.8664313692005,45.1363533372018,48.2035486485969,TRUE,0.327237419671983,6.33711727939643,0.51797513412442,6.44958101393004,0.983577236917119,0.982562629372249
2,"recruit_mean_80",81,1,200,"correct","robust",0.975669292211453,FALSE,0.0518071483151346,TRUE,44.6,44.6518071483151,1.70389550568234,41.2127739471585,44.5981987540555,48.17103858319,TRUE,0.0304051205853658,6.95826463603151,0.51797513412442,6.44958101393004,0.100018601091168,1.07887080121992
2,"recruit_mean_80",111,1,200,"biased","robust",0.991215166799651,FALSE,0.552858426414275,TRUE,44.6,45.1528584264143,1.491959333109,42.2123808682308,45.1115607649052,48.0672816600505,TRUE,0.370558643352704,5.85490079181969,0.51797513412442,6.44958101393004,1.06734549593548,0.907795526434053
2,"recruit_mean_80",71,1,50,"correct","robust",0.785519219603534,FALSE,-0.0426793554543465,TRUE,44.6,44.5573206445457,1.89912796107109,40.8615300432962,44.5591898380454,48.4593816210718,TRUE,-0.0224731331059314,7.59785157777561,0.51797513412442,6.44958101393004,0.082396533429141,1.17803800919246
2,"recruit_mean_80",121,1,800,"biased","robust",0.99402336613933,FALSE,0.739320005962895,TRUE,44.6,45.3393200059629,1.46287127926932,42.387739877321,45.3337567444129,48.171725281875,TRUE,0.505389651461454,5.78398540455397,0.51797513412442,6.44958101393004,1.4273272156445,0.896800178501753
2,"recruit_mean_80",61,1,800,"biased","full",NA,FALSE,0.698454482077707,TRUE,44.6,45.2984544820777,1.4023716578599,42.5117369699842,45.2872562878479,47.9986129241397,TRUE,0.49805233738365,5.48687595415543,0.51797513412442,6.44958101393004,1.34843245565903,0.850733705384067
2,"recruit_mean_110",31,1,800,"correct","full",NA,FALSE,0.359908417194745,TRUE,45.2,45.5599084171947,0.545238381754211,44.519292070567,45.5780031592373,46.6100573311025,TRUE,0.660093693398476,2.09076526053545,0.572956747759783,1.90530638377275,0.628159836849745,1.09733808606439
2,"recruit_mean_110",11,1,50,"correct","full",NA,FALSE,0.120348418693673,TRUE,45.2,45.3203484186937,0.699978408177819,44.0009085290078,45.3294979429797,46.6798675435164,TRUE,0.171931615729354,2.67895901450868,0.572956747759783,1.90530638377275,0.210047999546609,1.4060515606965
2,"recruit_mean_110",111,1,200,"biased","robust",0.991215166799651,FALSE,0.584004882072819,TRUE,45.2,45.7840048820728,0.394941099954434,44.9938887638017,45.7923955471359,46.5257981097204,TRUE,1.47871386933443,1.53190934591869,0.572956747759783,1.90530638377275,1.01928266724536,0.804022575563579
2,"recruit_mean_110",71,1,50,"correct","robust",0.785519219603534,FALSE,0.238561880592457,TRUE,45.2,45.4385618805925,0.668623696537782,44.0275318756408,45.4500976962308,46.6601076540732,TRUE,0.356795431911492,2.63257577843242,0.572956747759783,1.90530638377275,0.416369789735814,1.38170732059355
2,"recruit_mean_110",21,1,200,"correct","full",NA,FALSE,0.310403042147783,TRUE,45.2,45.5104030421478,0.5719635741983,44.3746352074608,45.5257669416476,46.612415334231,TRUE,0.542697220855127,2.23778012677017,0.572956747759783,1.90530638377275,0.541756499703399,1.17449883432348
2,"recruit_mean_110",121,1,800,"biased","robust",0.99402336613933,FALSE,0.604497779091069,TRUE,45.2,45.8044977790911,0.398109548223245,45.032545114154,45.7895399142778,46.6011162210769,TRUE,1.51842070050551,1.56857110692293,0.572956747759783,1.90530638377275,1.05504958525161,0.823264499758282
2,"recruit_mean_110",101,1,50,"biased","robust",0.976171182740079,FALSE,0.520208226140078,TRUE,45.2,45.7202082261401,0.453540814748882,44.8081139819542,45.7358576443494,46.6108804865195,TRUE,1.14699319052048,1.80276650456531,0.572956747759783,1.90530638377275,0.907936293924545,0.946181947386121
2,"recruit_mean_110",91,1,800,"correct","robust",0.990694980544151,FALSE,0.33714931029774,TRUE,45.2,45.5371493102977,0.527790802527611,44.5216035763294,45.5483863785702,46.5362914344326,TRUE,0.638793455064239,2.01468785810314,0.572956747759783,1.90530638377275,0.588437629220649,1.05740886361479
2,"recruit_mean_110",51,1,200,"biased","full",NA,FALSE,0.562593021324133,TRUE,45.2,45.7625930213241,0.418821997735998,45.0042913510378,45.7514948045576,46.6104603024456,TRUE,1.34327476676323,1.6061689514078,0.572956747759783,1.90530638377275,0.981911852026928,0.842997727340512
2,"recruit_mean_110",81,1,200,"correct","robust",0.975669292211453,FALSE,0.320999839984637,TRUE,45.2,45.5209998399846,0.549937976343097,44.4005597118447,45.5158070240683,46.5577446823184,TRUE,0.583701896928774,2.15718497047371,0.572956747759783,1.90530638377275,0.560251434754407,1.13219846888993
2,"recruit_mean_110",41,1,50,"biased","full",NA,FALSE,0.546360435650762,TRUE,45.2,45.7463604356508,0.46829796699562,44.8131699695015,45.7422981072831,46.6755238221883,TRUE,1.16669401568397,1.86235385268684,0.572956747759783,1.90530638377275,0.95358059362594,0.977456365311257
2,"recruit_mean_110",1,1,0,"weak","none",NA,FALSE,0.572956747759783,TRUE,45.2,45.7729567477598,0.486510863311713,44.8145353282264,45.7790910867272,46.7198417119992,TRUE,1.17768541458587,1.90530638377275,0.572956747759783,1.90530638377275,1,1
2,"recruit_mean_110",61,1,800,"biased","full",NA,FALSE,0.649008942195579,TRUE,45.2,45.8490089421956,0.384564905095668,45.0598421556928,45.8506928930429,46.5680333758336,TRUE,1.68764474759891,1.50819122014084,0.572956747759783,1.90530638377275,1.1327363622702,0.791574117940249
2,"recruit_sd.log_recruit_sd",31,1,800,"correct","full",NA,FALSE,0.17419017111538,TRUE,3.5,3.67419017111538,0.307547067772009,3.10958012496666,3.66553104342908,4.31434292779834,TRUE,0.566385406881884,1.20476280283168,0.208437074271359,1.30243637980617,0.8356966807575,0.925007026455276
2,"recruit_sd.log_recruit_sd",1,1,0,"weak","none",NA,FALSE,0.208437074271359,TRUE,3.5,3.70843707427136,0.31958538078181,3.11579319330326,3.69242997515146,4.41822957310943,TRUE,0.652210917037113,1.30243637980617,0.208437074271359,1.30243637980617,1,1
2,"recruit_sd.log_recruit_sd",91,1,800,"correct","robust",0.990694980544151,FALSE,0.163806625816163,TRUE,3.5,3.66380662581616,0.304653833438583,3.11800940604374,3.65635172996916,4.29051103665091,TRUE,0.537681157552825,1.17250163060717,0.208437074271359,1.30243637980617,0.785880469627522,0.900237162280168
2,"recruit_sd.log_recruit_sd",71,1,50,"correct","robust",0.785519219603534,FALSE,0.149939926767,TRUE,3.5,3.649939926767,0.29374655053337,3.14335244674928,3.63536460049634,4.25077286927757,TRUE,0.510439787274939,1.10742042252829,0.208437074271359,1.30243637980617,0.719353441757665,0.85026834300582
2,"recruit_sd.log_recruit_sd",101,1,50,"biased","robust",0.976171182740079,FALSE,0.180322070633702,TRUE,3.5,3.6803220706337,0.309262589589514,3.14113080184586,3.66973849712357,4.2974525430055,TRUE,0.583071075208433,1.15632174115964,0.208437074271359,1.30243637980617,0.865115149327731,0.88781437549504
2,"recruit_sd.log_recruit_sd",21,1,200,"correct","full",NA,FALSE,0.166159000563299,TRUE,3.5,3.6661590005633,0.30674910488502,3.0958931668209,3.66305905261083,4.31678759786533,TRUE,0.541677214104932,1.22089443104443,0.208437074271359,1.30243637980617,0.797166248586759,0.937392758659064
2,"recruit_sd.log_recruit_sd",11,1,50,"correct","full",NA,FALSE,0.133343045385894,TRUE,3.5,3.63334304538589,0.294940608908151,3.10018300736695,3.62471477875659,4.249899874507,TRUE,0.452101342977219,1.14971686714005,0.208437074271359,1.30243637980617,0.639728061104415,0.882743207242985
2,"recruit_sd.log_recruit_sd",81,1,200,"correct","robust",0.975669292211453,FALSE,0.16069489626564,TRUE,3.5,3.66069489626564,0.302084768763085,3.09687659375491,3.65105142739373,4.27599969423453,TRUE,0.531952990955553,1.17912310047962,0.208437074271359,1.30243637980617,0.770951601711867,0.905321072692313
2,"recruit_sd.log_recruit_sd",41,1,50,"biased","full",NA,FALSE,0.208164393447826,TRUE,3.5,3.70816439344783,0.315176578350688,3.11662774189284,3.69668946940026,4.34836805856568,TRUE,0.660469107625782,1.23174031667284,0.208437074271359,1.30243637980617,0.998691783481964,0.945720140937823
2,"recruit_sd.log_recruit_sd",111,1,200,"biased","robust",0.991215166799651,FALSE,0.217471704322897,TRUE,3.5,3.7174717043229,0.307089471500273,3.1772742342309,3.72336058435474,4.3743072082597,TRUE,0.708170499172271,1.19703297402881,0.208437074271359,1.30243637980617,1.04334464050179,0.919072127121438
2,"recruit_sd.log_recruit_sd",51,1,200,"biased","full",NA,FALSE,0.187909094131763,TRUE,3.5,3.68790909413176,0.310647754864638,3.10552013417086,3.66425304223624,4.30006306848965,TRUE,0.604894422023563,1.1945429343188,0.208437074271359,1.30243637980617,0.901514736707196,0.917160294997724
2,"recruit_sd.log_recruit_sd",121,1,800,"biased","robust",0.99402336613933,FALSE,0.203764954628918,TRUE,3.5,3.70376495462892,0.304691616945791,3.13682657158533,3.6967437926513,4.3141881810779,TRUE,0.668757994300744,1.17736160949257,0.208437074271359,1.30243637980617,0.97758498741755,0.903968614319408
2,"recruit_sd.log_recruit_sd",61,1,800,"biased","full",NA,FALSE,0.221964486397623,TRUE,3.5,3.72196448639762,0.300376245368672,3.168762195495,3.7104066455646,4.342737775699,TRUE,0.738954860179409,1.173975580204,0.208437074271359,1.30243637980617,1.06489926119694,0.901368848725427
2,"lambda",1,1,0,"weak","none",NA,FALSE,-0.00843194780275258,TRUE,1.03119869581319,1.02276674801044,0.0214867398454255,0.981010649423058,1.02205408355097,1.06702005277595,TRUE,-0.392425647790757,0.0860094033528884,-0.00843194780275258,0.0860094033528884,1,1
2,"lambda",31,1,800,"correct","full",NA,FALSE,-0.00321211691193568,TRUE,1.03119869581319,1.02798657890126,0.0187807895854467,0.99189671778443,1.02835937240913,1.06585887214056,TRUE,-0.171032048323717,0.0739621543561265,-0.00843194780275258,0.0860094033528884,0.380946014737792,0.859931024665603
2,"lambda",101,1,50,"biased","robust",0.976171182740079,FALSE,-0.0112887165604447,TRUE,1.03119869581319,1.01990997925275,0.0191361942152966,0.981781151831933,1.02100340230235,1.05670034018727,TRUE,-0.589914401653648,0.0749191883553418,-0.00843194780275258,0.0860094033528884,1.33880294618991,0.871058110331908
2,"lambda",71,1,50,"correct","robust",0.785519219603534,FALSE,0.00157623380327765,TRUE,1.03119869581319,1.03277492961647,0.0204120227910958,0.992693269386059,1.03281682584886,1.0708996307861,TRUE,0.0772208526028707,0.0782063614000427,-0.00843194780275258,0.0860094033528884,0.186935906169046,0.909276873822382
2,"lambda",61,1,800,"biased","full",NA,FALSE,-0.0152814558515755,TRUE,1.03119869581319,1.01591723996162,0.0182745166591172,0.978607540094751,1.01624028681941,1.04928064751878,TRUE,-0.836216691069173,0.0706731074240295,-0.00843194780275258,0.0860094033528884,1.81232808943467,0.821690474169022
2,"lambda",41,1,50,"biased","full",NA,FALSE,-0.0109641800838034,TRUE,1.03119869581319,1.02023451572939,0.0191235852979537,0.981918870552655,1.02027695819554,1.0572694039809,TRUE,-0.573332872104093,0.0753505334282427,-0.00843194780275258,0.0860094033528884,1.30031403660067,0.876073202357731
2,"lambda",21,1,200,"correct","full",NA,FALSE,-0.00279610670197306,TRUE,1.03119869581319,1.02840258911122,0.0195541470135171,0.988604484197847,1.0283473410731,1.06559174197041,TRUE,-0.142993028539686,0.0769872577725653,-0.00843194780275258,0.0860094033528884,0.331608635084325,0.895102800058895
2,"lambda",11,1,50,"correct","full",NA,FALSE,0.00517149905755643,TRUE,1.03119869581319,1.03637019487075,0.0202668911546544,0.994868619056257,1.03686964145313,1.07436327126034,TRUE,0.255169824424145,0.0794946522040841,-0.00843194780275258,0.0860094033528884,0.613321996119118,0.924255361683247
2,"lambda",81,1,200,"correct","robust",0.975669292211453,FALSE,-0.00335225880401313,TRUE,1.03119869581319,1.02784643700918,0.0187838771991571,0.988285584082111,1.02815988359875,1.06393651828462,TRUE,-0.178464689077267,0.0756509342025082,-0.00843194780275258,0.0860094033528884,0.397566360991798,0.879565852725656
2,"lambda",51,1,200,"biased","full",NA,FALSE,-0.0118513683536376,TRUE,1.03119869581319,1.01934732745956,0.0183345922708454,0.981200418780132,1.02001893762659,1.05458232125562,TRUE,-0.646393886406897,0.0733819024754844,-0.00843194780275258,0.0860094033528884,1.40553151310647,0.853184647432158
2,"lambda",111,1,200,"biased","robust",0.991215166799651,FALSE,-0.0122373204856956,TRUE,1.03119869581319,1.0189613753275,0.0189878128565041,0.978179032489873,1.01912498527158,1.05391103999899,TRUE,-0.644482889007609,0.0757320075091171,-0.00843194780275258,0.0860094033528884,1.45130410813273,0.880508462527009
2,"lambda",91,1,800,"correct","robust",0.990694980544151,FALSE,-0.00262107103414788,TRUE,1.03119869581319,1.02857762477904,0.0186304452989417,0.991204735636958,1.02891283753083,1.06391499080223,TRUE,-0.14068751401754,0.0727102551652669,-0.00843194780275258,0.0860094033528884,0.310850007075737,0.845375648833925
2,"lambda",121,1,800,"biased","robust",0.99402336613933,FALSE,-0.0157469989451764,TRUE,1.03119869581319,1.01545169686802,0.01806203750386,0.977234743276466,1.01607053497817,1.05203439990265,TRUE,-0.871828493425014,0.0747996566261834,-0.00843194780275258,0.0860094033528884,1.86753989867393,0.869668358461777
26,"survival_50",62,2,800,"biased","full",NA,FALSE,0.0327479704557052,TRUE,0.354343693774205,0.38709166422991,0.0206124675127853,0.348449385852908,0.386757650350455,0.429602783038554,TRUE,1.58874576444536,0.0811533971856455,0.0597224872522836,0.108516763392221,0.548335676599822,0.747842035173184
26,"survival_50",2,2,0,"weak","none",NA,FALSE,0.0597224872522836,TRUE,0.354343693774205,0.414066181026488,0.0273474608254246,0.361385278889561,0.414398823681371,0.469902042281782,FALSE,2.18384030727856,0.108516763392221,0.0597224872522836,0.108516763392221,1,1
26,"survival_50",112,2,200,"biased","robust",0.0655864003510736,FALSE,0.0562552994210353,TRUE,0.354343693774205,0.41059899319524,0.0270391933890548,0.360565661012959,0.410057032847634,0.464955574707769,FALSE,2.08050952599077,0.10438991369481,0.0597224872522836,0.108516763392221,0.941945019526699,0.961970394541761
26,"survival_50",102,2,50,"biased","robust",0.979096123052481,FALSE,0.0567871132038186,TRUE,0.354343693774205,0.411130806978023,0.0255210898528288,0.363461019665665,0.409699748460174,0.46280947472554,FALSE,2.22510533567688,0.0993484550598751,0.0597224872522836,0.108516763392221,0.950849768931003,0.915512515801746
26,"survival_50",82,2,200,"correct","robust",0.990366466445682,FALSE,0.0570178886550058,TRUE,0.354343693774205,0.41136158242921,0.0241420724339976,0.365153659309783,0.41099776642887,0.460713919127516,FALSE,2.36176445957107,0.0955602598177332,0.0597224872522836,0.108516763392221,0.954713898872751,0.880603667401523
26,"survival_50",22,2,200,"correct","full",NA,FALSE,0.0575002486327932,TRUE,0.354343693774205,0.411843942406998,0.0247460486718928,0.362749905138323,0.411817140525642,0.459641474839436,FALSE,2.32361333298853,0.0968915697011129,0.0597224872522836,0.108516763392221,0.962790588240187,0.892871909116103
26,"survival_50",12,2,50,"correct","full",NA,FALSE,0.0596831209919811,TRUE,0.354343693774205,0.414026814766186,0.0258649056345768,0.365634513879231,0.414345032416516,0.46466267378013,FALSE,2.30749424858506,0.0990281599008982,0.0597224872522836,0.108516763392221,0.999340846938672,0.912560942708664
26,"survival_50",72,2,50,"correct","robust",0.977320327434265,FALSE,0.0609312950483385,TRUE,0.354343693774205,0.415274988822543,0.0258392772541628,0.363797608871645,0.416092775092328,0.464677494488252,FALSE,2.35808821001456,0.100879885616606,0.0597224872522836,0.108516763392221,1.02024041281048,0.929624902762609
26,"survival_50",122,2,800,"biased","robust",0.930996321256113,FALSE,0.0340395085932669,TRUE,0.354343693774205,0.388383202367471,0.0217739013898431,0.347113297233143,0.387811243666507,0.435729051479325,TRUE,1.56331692625123,0.0886157542461821,0.0597224872522836,0.108516763392221,0.569961335492861,0.816608895032106
26,"survival_50",52,2,200,"biased","full",NA,FALSE,0.0240600101002565,TRUE,0.354343693774205,0.378403703874461,0.0211260485244135,0.33742332945878,0.378423139115832,0.418917388497787,TRUE,1.13887886191554,0.0814940590390074,0.0597224872522836,0.108516763392221,0.402863497607202,0.750981290738065
26,"survival_50",42,2,50,"biased","full",NA,FALSE,0.0551059825333842,TRUE,0.354343693774205,0.409449676307589,0.0267597296052709,0.356579643514438,0.409175802285155,0.463467941007494,FALSE,2.05928771875669,0.106888297493056,0.0597224872522836,0.108516763392221,0.922700729134102,0.984993416240411
26,"survival_50",32,2,800,"correct","full",NA,FALSE,0.0450793136841329,TRUE,0.354343693774205,0.399423007458337,0.0224623322334858,0.357087742838595,0.399706934517983,0.445142984811644,FALSE,2.00688482458339,0.0880552419730489,0.0597224872522836,0.108516763392221,0.754813065532685,0.811443681330447
26,"survival_50",92,2,800,"correct","robust",0.972751895218343,FALSE,0.0450347786677675,TRUE,0.354343693774205,0.399378472441972,0.0217808120863909,0.359300129419602,0.398840657623454,0.442919258024854,FALSE,2.06763542558205,0.0836191286052523,0.0597224872522836,0.108516763392221,0.754067366242278,0.770564159778898
26,"survival_80",122,2,800,"biased","robust",0.930996321256113,FALSE,0.0288713778815115,TRUE,0.589040434058665,0.617911811940177,0.0232604612913992,0.573755173314569,0.61743676340184,0.66533109316051,TRUE,1.24122120880668,0.0915759198459415,0.0501078621619612,0.09754567124443,0.576184587324679,0.938800447807371
26,"survival_80",62,2,800,"biased","full",NA,FALSE,0.0278291508213562,TRUE,0.589040434058665,0.616869584880021,0.0220566713026904,0.571233673083121,0.618572759463789,0.659697034473383,TRUE,1.26171127272326,0.0884633613902621,0.0501078621619612,0.09754567124443,0.555384916071761,0.906891718122381
26,"survival_80",42,2,50,"biased","full",NA,FALSE,0.0502628377925224,TRUE,0.589040434058665,0.639303271851188,0.0263982636209224,0.587334491647767,0.64006176555305,0.687444953962617,TRUE,1.90402060204769,0.10011046231485,0.0501078621619612,0.09754567124443,1.00309284060175,1.02629323308456
26,"survival_80",2,2,0,"weak","none",NA,FALSE,0.0501078621619612,TRUE,0.589040434058665,0.639148296220626,0.0255817295305704,0.59016174610737,0.640463809608244,0.6877074173518,FALSE,1.95873629662458,0.09754567124443,0.0501078621619612,0.09754567124443,1,1
26,"survival_80",72,2,50,"correct","robust",0.977320327434265,FALSE,0.0483325723241111,TRUE,0.589040434058665,0.637373006382776,0.0260275365648575,0.583816266227046,0.638227255586909,0.686624530677884,TRUE,1.8569783661113,0.102808264450838,0.0501078621619612,0.09754567124443,0.964570633005419,1.05395004349523
26,"survival_80",52,2,200,"biased","full",NA,FALSE,0.0258498614161617,TRUE,0.589040434058665,0.614890295474827,0.0218902151191657,0.569218808035142,0.614874124125598,0.65741047906299,TRUE,1.1808865867896,0.0881916710278475,0.0501078621619612,0.09754567124443,0.515884340317863,0.904106454984115
26,"survival_80",22,2,200,"correct","full",NA,FALSE,0.0473866735327441,TRUE,0.589040434058665,0.636427107591409,0.0255141798275367,0.581838646699432,0.637045836125305,0.684046244951042,TRUE,1.85726814865516,0.102207598251611,0.0501078621619612,0.09754567124443,0.945693380004488,1.04779224898149
26,"survival_80",12,2,50,"correct","full",NA,FALSE,0.0484538988549431,TRUE,0.589040434058665,0.637494332913608,0.0257172649874676,0.586823857259907,0.638678853911935,0.684645164541212,TRUE,1.88409999580264,0.0978213072813054,0.0501078621619612,0.09754567124443,0.966991940273324,1.00282571264679
26,"survival_80",112,2,200,"biased","robust",0.0655864003510736,FALSE,0.0478355313991965,TRUE,0.589040434058665,0.636875965457862,0.0276133265875695,0.578235144633509,0.637524683584489,0.688295917105172,TRUE,1.73233497411102,0.110060772471662,0.0501078621619612,0.09754567124443,0.954651213108635,1.12829991395387
26,"survival_80",102,2,50,"biased","robust",0.979096123052481,FALSE,0.0511969269360848,TRUE,0.589040434058665,0.64023736099475,0.0260394278674757,0.588704953751053,0.640504932281937,0.68966791086437,TRUE,1.96613102241128,0.100962957113318,0.0501078621619612,0.09754567124443,1.02173440907544,1.03503267572299
26,"survival_80",32,2,800,"correct","full",NA,FALSE,0.0325398238472514,TRUE,0.589040434058665,0.621580257905917,0.0228735132286935,0.574701803773208,0.622307653566119,0.663305277667342,TRUE,1.42259842298437,0.0886034738941346,0.0501078621619612,0.09754567124443,0.649395572736161,0.908328096611401
26,"survival_80",82,2,200,"correct","robust",0.990366466445682,FALSE,0.044456325694978,TRUE,0.589040434058665,0.633496759753643,0.0248484891714281,0.581977041165661,0.633203092928859,0.681038838820131,TRUE,1.78909572281344,0.09906179765447,0.0501078621619612,0.09754567124443,0.887212580558397,1.0155427338876
26,"survival_80",92,2,800,"correct","robust",0.972751895218343,FALSE,0.0332246460908296,TRUE,0.589040434058665,0.622265080149495,0.0227534664324834,0.574651526976713,0.62287946820078,0.662097167968746,TRUE,1.4602015121264,0.0874456409920332,0.0501078621619612,0.09754567124443,0.663062534646544,0.896458447376018
26,"survival_110",52,2,200,"biased","full",NA,FALSE,0.017121049033879,TRUE,0.789181706522253,0.806302755556132,0.0267955413243717,0.749308565181079,0.808059636246032,0.854655064294797,TRUE,0.638951414588765,0.105346499113718,0.02597183963163,0.111191791285224,0.659215876761692,0.947430542273464
26,"survival_110",2,2,0,"weak","none",NA,FALSE,0.02597183963163,TRUE,0.789181706522253,0.815153546153883,0.0285147753779778,0.754609496606657,0.81760591429442,0.865801287891881,TRUE,0.91082041809413,0.111191791285224,0.02597183963163,0.111191791285224,1,1
26,"survival_110",72,2,50,"correct","robust",0.977320327434265,FALSE,0.0228670902636006,TRUE,0.789181706522253,0.812048796785853,0.0289094318456815,0.751643950173338,0.813659699851579,0.863641184763373,TRUE,0.790990649199372,0.111997234590035,0.02597183963163,0.111191791285224,0.880457086903915,1.00724372991478
26,"survival_110",62,2,800,"biased","full",NA,FALSE,0.0139429690179101,TRUE,0.789181706522253,0.803124675540163,0.027381419392366,0.745204298713965,0.805080297373549,0.85302464532269,TRUE,0.509212792007323,0.107820346608726,0.02597183963163,0.111191791285224,0.53684949605686,0.969679014632922
26,"survival_110",42,2,50,"biased","full",NA,FALSE,0.0289310018032244,TRUE,0.789181706522253,0.818112708325477,0.0291234199957912,0.759286816470119,0.82018146572057,0.868323191017759,TRUE,0.993393008355658,0.10903637454764,0.02597183963163,0.111191791285224,1.11393733418832,0.98061532499234
26,"survival_110",112,2,200,"biased","robust",0.0655864003510736,FALSE,0.0249591008692993,TRUE,0.789181706522253,0.814140807391552,0.0309919466720632,0.744689347970472,0.816283566573308,0.867637471403287,TRUE,0.805341501564921,0.122948123432815,0.02597183963163,0.111191791285224,0.961006275385388,1.10573021633795
26,"survival_110",122,2,800,"biased","robust",0.930996321256113,FALSE,0.014396947159984,TRUE,0.789181706522253,0.803578653682237,0.0285583064598583,0.742134130349207,0.805658670276374,0.855558971355566,TRUE,0.504124681910686,0.11342484100636,0.02597183963163,0.111191791285224,0.554329125860247,1.0200828648889
26,"survival_110",12,2,50,"correct","full",NA,FALSE,0.0236964142931665,TRUE,0.789181706522253,0.812878120815419,0.0295592686792402,0.752933399254357,0.813929038495372,0.865136900016827,TRUE,0.801657664481014,0.11220350076247,0.02597183963163,0.111191791285224,0.91238874986382,1.00909877847593
26,"survival_110",82,2,200,"correct","robust",0.990366466445682,FALSE,0.0201952087342917,TRUE,0.789181706522253,0.809376915256545,0.0289831506851222,0.745275574533841,0.811046410753827,0.860293366079146,TRUE,0.696791351419858,0.115017791545305,0.02597183963163,0.111191791285224,0.777580988514069,1.03440901721123
26,"survival_110",102,2,50,"biased","robust",0.979096123052481,FALSE,0.0291449314231312,TRUE,0.789181706522253,0.818326637945384,0.0285219118951241,0.758670319078946,0.820000108934532,0.868212462642282,TRUE,1.02184354016302,0.109542143563337,0.02597183963163,0.111191791285224,1.1221743178961,0.985163943283764
26,"survival_110",22,2,200,"correct","full",NA,FALSE,0.0237239786772987,TRUE,0.789181706522253,0.812905685199552,0.0291518539898103,0.747943938505514,0.813924451599051,0.862334712477533,TRUE,0.813806857210218,0.114390773972019,0.02597183963163,0.111191791285224,0.913450067988495,1.02876995369729
26,"survival_110",32,2,800,"correct","full",NA,FALSE,0.0120823917754934,TRUE,0.789181706522253,0.801264098297746,0.0281570137343568,0.742164743347518,0.802619163260273,0.849551230981524,TRUE,0.429107713249813,0.107386487634005,0.02597183963163,0.111191791285224,0.465211242132375,0.96577711711238
26,"survival_110",92,2,800,"correct","robust",0.972751895218343,FALSE,0.0130549477317498,TRUE,0.789181706522253,0.802236654254003,0.0279134301838479,0.743908843672105,0.80514764663796,0.848673698098918,TRUE,0.467694140267433,0.104764854426813,0.02597183963163,0.111191791285224,0.502657798481502,0.942199538436028
26,"growth_increment_50",112,2,200,"biased","robust",0.0655864003510736,FALSE,-1.98052844751369,TRUE,12,10.0194715524863,1.22024523085953,7.66863725246068,9.99293988958403,12.3670774118244,TRUE,-1.62305772432204,4.69844015936374,-2.11089598762986,4.88513166866681,0.938240661368375,0.961783730313656
26,"growth_increment_50",62,2,800,"biased","full",NA,FALSE,-1.16450172047733,TRUE,12,10.8354982795227,1.03468269391995,8.72292720284012,10.8346045072494,12.9147864012045,TRUE,-1.12546747647392,4.19185919836435,-2.11089598762986,4.88513166866681,0.55166229283748,0.858085202749169
26,"growth_increment_50",2,2,0,"weak","none",NA,FALSE,-2.11089598762986,TRUE,12,9.88910401237014,1.21973414604555,7.49662273380885,9.8544323375931,12.3817544024757,TRUE,-1.7306197374842,4.88513166866681,-2.11089598762986,4.88513166866681,1,1
26,"growth_increment_50",12,2,50,"correct","full",NA,FALSE,-2.086083167895,TRUE,12,9.913916832105,1.1836355437491,7.59692891083808,9.94777380960184,12.2263116346426,TRUE,-1.76243707694638,4.62938272380457,-2.11089598762986,4.88513166866681,0.988245361268264,0.947647481744943
26,"growth_increment_50",82,2,200,"correct","robust",0.990366466445682,FALSE,-1.933738648146,TRUE,12,10.066261351854,1.1791186311041,7.7773113559545,10.0328230501771,12.4707884770145,TRUE,-1.63998650952983,4.69347712106001,-2.11089598762986,4.88513166866681,0.916074813481086,0.960767782609408
26,"growth_increment_50",42,2,50,"biased","full",NA,FALSE,-1.99789263829784,TRUE,12,10.0021073617022,1.2019555919349,7.66877866605934,9.99240554491556,12.4725049764204,TRUE,-1.66220170836898,4.80372631036107,-2.11089598762986,4.88513166866681,0.946466642603786,0.983336097401863
26,"growth_increment_50",22,2,200,"correct","full",NA,FALSE,-2.04848954787446,TRUE,12,9.95151045212554,1.15135305124036,7.68871375531338,9.91681822241812,12.3838384852319,TRUE,-1.77920191002022,4.69512472991853,-2.11089598762986,4.88513166866681,0.97043604226778,0.961105052711889
26,"growth_increment_50",122,2,800,"biased","robust",0.930996321256113,FALSE,-1.23293752563607,TRUE,12,10.7670624743639,1.05629140691838,8.57552808883125,10.8113545545598,12.8594505559486,TRUE,-1.16723237315073,4.28392246711736,-2.11089598762986,4.88513166866681,0.584082556820066,0.876930809172329
26,"growth_increment_50",32,2,800,"correct","full",NA,FALSE,-1.51531448713311,TRUE,12,10.4846855128669,1.04139502038304,8.43532041688116,10.5185316600262,12.524946037007,TRUE,-1.45508136439501,4.08962562012587,-2.11089598762986,4.88513166866681,0.717853696256501,0.83715770577008
26,"growth_increment_50",102,2,50,"biased","robust",0.979096123052481,FALSE,-2.03694291659355,TRUE,12,9.96305708340645,1.20264838346843,7.50228716546173,9.9948578250125,12.4247136694094,TRUE,-1.69371442608939,4.9224265039477,-2.11089598762986,4.88513166866681,0.964966027947523,1.00763435620786
26,"growth_increment_50",72,2,50,"correct","robust",0.977320327434265,FALSE,-2.12522994072149,TRUE,12,9.8747700592785,1.24262074186596,7.37814125369515,9.86434020682,12.2092512450393,TRUE,-1.71028043321584,4.8311099913441,-2.11089598762986,4.88513166866681,1.00679045920577,0.988941612839383
26,"growth_increment_50",52,2,200,"biased","full",NA,FALSE,-1.04461557710768,TRUE,12,10.9553844228923,1.03063418806433,8.99362943265271,10.9367804724918,12.8870734950953,TRUE,-1.01356581142491,3.89344406244261,-2.11089598762986,4.88513166866681,0.494868332323936,0.796998796862555
26,"growth_increment_50",92,2,800,"correct","robust",0.972751895218343,FALSE,-1.53546733856922,TRUE,12,10.4645326614308,1.0743333245989,8.35257716820076,10.435773927687,12.5250386222345,TRUE,-1.42922806489549,4.17246145403379,-2.11089598762986,4.88513166866681,0.727400756630015,0.854114430690972
26,"growth_increment_80",112,2,200,"biased","robust",0.0655864003510736,FALSE,-1.06623700259951,TRUE,8.4,7.33376299740049,0.807299964631408,5.73946787987971,7.34096731505216,8.92133761857416,TRUE,-1.32074451791451,3.18186973869445,-1.13345280708604,3.24116056266195,0.940698188697124,0.981706915525716
26,"growth_increment_80",42,2,50,"biased","full",NA,FALSE,-0.9989021513681,TRUE,8.4,7.4010978486319,0.782137225942878,5.96628551568749,7.36700331568643,8.9546992809323,TRUE,-1.27714436576511,2.98841376524482,-1.13345280708604,3.24116056266195,0.881291347220842,0.922019661620975
26,"growth_increment_80",102,2,50,"biased","robust",0.979096123052481,FALSE,-1.01735553348123,TRUE,8.4,7.38264446651877,0.786204169170042,5.84638891995856,7.38166877065296,8.99012225730872,TRUE,-1.29400933418505,3.14373333735016,-1.13345280708604,3.24116056266195,0.897572026926048,0.969940635945609
26,"growth_increment_80",2,2,0,"weak","none",NA,FALSE,-1.13345280708604,TRUE,8.4,7.26654719291396,0.812476257973657,5.68262099038701,7.24837938330149,8.92378155304896,TRUE,-1.39505960446513,3.24116056266195,-1.13345280708604,3.24116056266195,1,1
26,"growth_increment_80",122,2,800,"biased","robust",0.930996321256113,FALSE,-0.702065203622658,TRUE,8.4,7.69793479637734,0.705473555194205,6.21774696825245,7.71543545391466,9.06491844258685,TRUE,-0.995168703991166,2.8471714743344,-1.13345280708604,3.24116056266195,0.619404000972548,0.878441971414102
26,"growth_increment_80",32,2,800,"correct","full",NA,FALSE,-0.948710245668908,TRUE,8.4,7.45128975433109,0.692749497358313,6.09760584762047,7.47226075599367,8.78219022279034,TRUE,-1.36948528910762,2.68458437516987,-1.13345280708604,3.24116056266195,0.837009039756954,0.828278736356411
26,"growth_increment_80",62,2,800,"biased","full",NA,FALSE,-0.674134893595334,TRUE,8.4,7.72586510640467,0.702069008010045,6.29321783704823,7.70841735854171,9.1159826757812,TRUE,-0.960211725491361,2.82276483873296,-1.13345280708604,3.24116056266195,0.594762207460978,0.870911756502012
26,"growth_increment_80",72,2,50,"correct","robust",0.977320327434265,FALSE,-1.19731044189237,TRUE,8.4,7.20268955810763,0.815407238027598,5.57154800690977,7.19424541199032,8.8422539490634,TRUE,-1.46835885929657,3.27070594215363,-1.13345280708604,3.24116056266195,1.05633903273883,1.00911567906633
26,"growth_increment_80",52,2,200,"biased","full",NA,FALSE,-0.538992662347596,TRUE,8.4,7.8610073376524,0.714986290196013,6.41955899752122,7.86464375468752,9.18619346700492,TRUE,-0.75385034613717,2.7666344694837,-1.13345280708604,3.24116056266195,0.475531631293302,0.853593771735727
26,"growth_increment_80",12,2,50,"correct","full",NA,FALSE,-1.19391373380844,TRUE,8.4,7.20608626619156,0.788895254658841,5.6753700893316,7.23233902164651,8.69037867887525,TRUE,-1.51339956319644,3.01500858954366,-1.13345280708604,3.24116056266195,1.05334225328519,0.930225001586299
26,"growth_increment_80",82,2,200,"correct","robust",0.990366466445682,FALSE,-1.09533682678506,TRUE,8.4,7.30466317321494,0.778454598051687,5.77936458370698,7.28807135359122,8.87856702554886,TRUE,-1.40706578074876,3.09920244184189,-1.13345280708604,3.24116056266195,0.966371797694013,0.956201453746102
26,"growth_increment_80",22,2,200,"correct","full",NA,FALSE,-1.16404193296331,TRUE,8.4,7.23595806703669,0.751735310252064,5.76764221630331,7.20833241833286,8.77130428909618,TRUE,-1.54847313554155,3.00366207279287,-1.13345280708604,3.24116056266195,1.02698756021075,0.926724244208989
26,"growth_increment_80",92,2,800,"correct","robust",0.972751895218343,FALSE,-0.955802732480342,TRUE,8.4,7.44419726751966,0.723630081511423,6.09755544327034,7.46282125002645,8.8018395962813,TRUE,-1.32084438845326,2.70428415301096,-1.13345280708604,3.24116056266195,0.84326645671079,0.834356737572404
26,"growth_increment_110",42,2,50,"biased","full",NA,FALSE,8.83355616361214e-05,TRUE,4.8,4.80008833556164,0.587951948226683,3.6426228608099,4.80904547044615,5.92474704662135,TRUE,0.00015024282494947,2.28212418581145,-0.156009626542228,2.42552030462245,0.000566218659668486,0.940880264519853
26,"growth_increment_110",32,2,800,"correct","full",NA,FALSE,-0.38210600420472,TRUE,4.8,4.41789399579528,0.54361994161616,3.32715227101667,4.41262152645442,5.5024218195067,TRUE,-0.702891809061922,2.17526954849004,-0.156009626542228,2.42552030462245,2.44924632327924,0.896825948784885
26,"growth_increment_110",122,2,800,"biased","robust",0.930996321256113,FALSE,-0.171192881609249,TRUE,4.8,4.62880711839075,0.563087234718247,3.5448858691404,4.6358680734127,5.68270266398137,TRUE,-0.304025506269751,2.13781679484097,-0.156009626542228,2.42552030462245,1.09732255248308,0.881384827315942
26,"growth_increment_110",52,2,200,"biased","full",NA,FALSE,-0.0333697475875221,TRUE,4.8,4.76663025241248,0.585764383248109,3.61191835558415,4.77393813410649,5.89726387310015,TRUE,-0.0569678671866054,2.285345517516,-0.156009626542228,2.42552030462245,0.213895439192592,0.942208363772789
26,"growth_increment_110",2,2,0,"weak","none",NA,FALSE,-0.156009626542228,TRUE,4.8,4.64399037345777,0.624078290708693,3.42670053599417,4.63498498545107,5.85222084061663,TRUE,-0.249984062680767,2.42552030462245,-0.156009626542228,2.42552030462245,1,1
26,"growth_increment_110",72,2,50,"correct","robust",0.977320327434265,FALSE,-0.269390943063269,TRUE,4.8,4.53060905693673,0.605662475370011,3.31467855563354,4.5349881195233,5.7250002593012,TRUE,-0.444787243751056,2.41032170366765,-0.156009626542228,2.42552030462245,1.72675846378205,0.993733880138693
26,"growth_increment_110",102,2,50,"biased","robust",0.979096123052481,FALSE,0.00223184963109002,TRUE,4.8,4.80223184963109,0.599726763803363,3.65952681222154,4.83035177434319,5.9443700944922,TRUE,0.00372144410720645,2.28484328227066,-0.156009626542228,2.42552030462245,0.0143058456106612,0.94200130088225
26,"growth_increment_110",112,2,200,"biased","robust",0.0655864003510736,FALSE,-0.15194555768532,TRUE,4.8,4.64805444231468,0.624769926688431,3.41616154475207,4.67245063317628,5.84707311380443,TRUE,-0.243202419314101,2.43091156905236,-0.156009626542228,2.42552030462245,0.973949884074569,1.002222724922
26,"growth_increment_110",12,2,50,"correct","full",NA,FALSE,-0.301744299721868,TRUE,4.8,4.49825570027813,0.611860117792987,3.28749454803735,4.50232544507736,5.65885458552652,TRUE,-0.493158960597524,2.37136003748917,-0.156009626542228,2.42552030462245,1.93413897853408,0.977670660175441
26,"growth_increment_110",82,2,200,"correct","robust",0.990366466445682,FALSE,-0.256935005424119,TRUE,4.8,4.54306499457588,0.581071564711032,3.38633670054166,4.53852207379684,5.6770544746154,TRUE,-0.442174460131935,2.29071777407375,-0.156009626542228,2.42552030462245,1.64691763655093,0.944423252078407
26,"growth_increment_110",62,2,800,"biased","full",NA,FALSE,-0.183768066713351,TRUE,4.8,4.61623193328665,0.558054579392432,3.49840287485611,4.61955025905888,5.66436372151695,TRUE,-0.329301243103182,2.16596084666083,-0.156009626542228,2.42552030462245,1.17792773937325,0.892988132291879
26,"growth_increment_110",92,2,800,"correct","robust",0.972751895218343,FALSE,-0.376138126391461,TRUE,4.8,4.42386187360854,0.567058795481794,3.30695142588105,4.42154932643237,5.50925595834857,TRUE,-0.663314156113001,2.20230453246752,-0.156009626542228,2.42552030462245,2.41099305682685,0.907972004303763
26,"growth_increment_110",22,2,200,"correct","full",NA,FALSE,-0.279594318052153,TRUE,4.8,4.52040568194785,0.567641099538235,3.37748165712606,4.49676124292858,5.59827243741862,TRUE,-0.492554746792643,2.22079078029256,-0.156009626542228,2.42552030462245,1.79216067783147,0.915593564011924
26,"growth_sd.log_growth_sd",32,2,800,"correct","full",NA,FALSE,0.346699228659831,TRUE,4.5,4.84669922865983,0.701315909172334,3.57526024179369,4.8162965568626,6.28290973911996,TRUE,0.494355288573151,2.70764949732627,0.435846188235451,2.76542299325574,0.79546233973839,0.979108622416765
26,"growth_sd.log_growth_sd",112,2,200,"biased","robust",0.0655864003510736,FALSE,0.395825088570206,TRUE,4.5,4.89582508857021,0.704320551296963,3.61773486329027,4.83835032702585,6.43001034085737,TRUE,0.561995653600222,2.8122754775671,0.435846188235451,2.76542299325574,0.908176093434996,1.01694224877193
26,"growth_sd.log_growth_sd",2,2,0,"weak","none",NA,FALSE,0.435846188235451,TRUE,4.5,4.93584618823545,0.729883656689251,3.66872641091801,4.86506714213209,6.43414940417375,TRUE,0.597144742509303,2.76542299325574,0.435846188235451,2.76542299325574,1,1
26,"growth_sd.log_growth_sd",42,2,50,"biased","full",NA,FALSE,0.433409203794903,TRUE,4.5,4.9334092037949,0.748795649353955,3.67146182285904,4.8627605084909,6.56959050804866,TRUE,0.57880838940349,2.89812868518962,0.435846188235451,2.76542299325574,0.99440861362029,1.04798748410551
26,"growth_sd.log_growth_sd",62,2,800,"biased","full",NA,FALSE,0.360367513124046,TRUE,4.5,4.86036751312405,0.710449767777102,3.64124543213708,4.81319160377994,6.38244577031305,TRUE,0.50723855431973,2.74120033817598,0.435846188235451,2.76542299325574,0.826822679310366,0.991240886063782
26,"growth_sd.log_growth_sd",82,2,200,"correct","robust",0.990366466445682,FALSE,0.378268006607293,TRUE,4.5,4.87826800660729,0.755235962506568,3.63607611202044,4.82682949632582,6.50641966151864,TRUE,0.50086069173911,2.8703435494982,0.435846188235451,2.76542299325574,0.867893345904281,1.03794014749221
26,"growth_sd.log_growth_sd",102,2,50,"biased","robust",0.979096123052481,FALSE,0.386375139577428,TRUE,4.5,4.88637513957743,0.741578497742113,3.64639235138582,4.83492239294804,6.51294335729092,TRUE,0.521017182609563,2.8665510059051,0.435846188235451,2.76542299325574,0.886494249592248,1.0365687321238
26,"growth_sd.log_growth_sd",122,2,800,"biased","robust",0.930996321256113,FALSE,0.364522452560068,TRUE,4.5,4.86452245256007,0.70857445026106,3.59250052936533,4.81301600184041,6.26747054008031,TRUE,0.514444815821071,2.67497001071498,0.435846188235451,2.76542299325574,0.836355719975109,0.967291447723784
26,"growth_sd.log_growth_sd",12,2,50,"correct","full",NA,FALSE,0.360659811940495,TRUE,4.5,4.8606598119405,0.735532878873624,3.60334828858449,4.80522173306358,6.47566554353188,TRUE,0.490338123963677,2.87231725494739,0.435846188235451,2.76542299325574,0.827493326030102,1.0386538558305
26,"growth_sd.log_growth_sd",52,2,200,"biased","full",NA,FALSE,0.35947931562969,TRUE,4.5,4.85947931562969,0.718244920997649,3.61585072644293,4.78501822193764,6.44201521132902,TRUE,0.500496843236106,2.82616448488609,0.435846188235451,2.76542299325574,0.824784810175955,1.02196462956245
26,"growth_sd.log_growth_sd",22,2,200,"correct","full",NA,FALSE,0.394281542625794,TRUE,4.5,4.89428154262579,0.752673603408787,3.56252820111014,4.85253173759381,6.51624867702445,TRUE,0.523841331541494,2.95372047591431,0.435846188235451,2.76542299325574,0.904634601078113,1.06808993890547
26,"growth_sd.log_growth_sd",92,2,800,"correct","robust",0.972751895218343,FALSE,0.326594261476137,TRUE,4.5,4.82659426147614,0.715814402692637,3.58541838693278,4.77536936362392,6.29089820182167,TRUE,0.456255504565997,2.70547981488888,0.435846188235451,2.76542299325574,0.749333756475818,0.978324047166367
26,"growth_sd.log_growth_sd",72,2,50,"correct","robust",0.977320327434265,FALSE,0.375946576539154,TRUE,4.5,4.87594657653915,0.723629206612772,3.57238954208666,4.84892204923266,6.38254154562158,TRUE,0.519529301890561,2.81015200353491,0.435846188235451,2.76542299325574,0.862567086019947,1.01617438286593
26,"recruitment_50",112,2,200,"biased","robust",0.0655864003510736,FALSE,0.0195997134779818,TRUE,0.019387103915861,0.0389868173938428,0.0246786172340663,0.0102883648821967,0.0318868770154205,0.09876968798863,TRUE,0.794198203735923,0.0884813231064333,0.0170915850795221,0.0880335002619585,1.14674638933663,1.00508695943183
26,"recruitment_50",122,2,800,"biased","robust",0.930996321256113,FALSE,0.026629028269186,TRUE,0.019387103915861,0.046016132185047,0.00913475099771597,0.0270052753363287,0.0457504010532918,0.0641881572140238,FALSE,2.91513455329481,0.0371828818776951,0.0170915850795221,0.0880335002619585,1.55801981766401,0.422371958027924
26,"recruitment_50",52,2,200,"biased","full",NA,FALSE,0.0538985456816991,TRUE,0.019387103915861,0.0732856495975601,0.015304208344424,0.0476350975698468,0.0720025316078785,0.106121231795409,FALSE,3.52181207081754,0.0584861342255621,0.0170915850795221,0.0880335002619585,3.15351358173774,0.664362249047542
26,"recruitment_50",102,2,50,"biased","robust",0.979096123052481,FALSE,0.0271425170993589,TRUE,0.019387103915861,0.0465296210152199,0.0188310459020261,0.0202335721301002,0.0426860017304509,0.0899234299438457,FALSE,1.44137066207452,0.0696898578137455,0.0170915850795221,0.0880335002619585,1.58806318858507,0.791628841365748
26,"recruitment_50",12,2,50,"correct","full",NA,FALSE,0.00624469462830108,TRUE,0.019387103915861,0.0256317985441621,0.0141057541644163,0.00858908601716133,0.0223174438600012,0.0593780864657244,TRUE,0.442705477177121,0.0507890004485631,0.0170915850795221,0.0880335002619585,0.365366617504834,0.576928104612811
26,"recruitment_50",62,2,800,"biased","full",NA,FALSE,0.0271548161540058,TRUE,0.019387103915861,0.0465419200698668,0.00727844213169391,0.0335037592070465,0.0457604694809276,0.0622100961541755,FALSE,3.73085554060538,0.0287063369471289,0.0170915850795221,0.0880335002619585,1.58878278566104,0.326084239087488
26,"recruitment_50",22,2,200,"correct","full",NA,FALSE,0.00791118249499596,TRUE,0.019387103915861,0.027298286410857,0.00854172036210231,0.0141446449970028,0.0260666141348646,0.0466046442339063,TRUE,0.926181396676962,0.0324599992369036,0.0170915850795221,0.0880335002619585,0.462870029794636,0.368723260353313
26,"recruitment_50",42,2,50,"biased","full",NA,FALSE,0.0275702685135397,TRUE,0.019387103915861,0.0469573724294007,0.0181833393098457,0.0205029143657765,0.0432972133107573,0.0905260389626426,FALSE,1.51623791668515,0.070023124596866,0.0170915850795221,0.0880335002619585,1.61309020697983,0.795414522749867
26,"recruitment_50",32,2,800,"correct","full",NA,FALSE,0.00462151334456103,TRUE,0.019387103915861,0.024008617260422,0.00450736754612494,0.0166516512343393,0.0235947865137287,0.0336034697732518,TRUE,1.02532427126655,0.0169518185389125,0.0170915850795221,0.0880335002619585,0.270397000808204,0.192560996535063
26,"recruitment_50",92,2,800,"correct","robust",0.972751895218343,FALSE,0.00509136306938984,TRUE,0.019387103915861,0.0244784669852508,0.00706122681059898,0.0162256412206522,0.023724663250519,0.0357375274868305,TRUE,0.7210309491472,0.0195118862661784,0.0170915850795221,0.0880335002619585,0.297887120808353,0.221641604708633
26,"recruitment_50",82,2,200,"correct","robust",0.990366466445682,FALSE,0.00732691022226991,TRUE,0.019387103915861,0.0267140141381309,0.0086505692051046,0.0138096660036649,0.0253895751640719,0.0481253079590055,TRUE,0.846985909082882,0.0343156419553406,0.0170915850795221,0.0880335002619585,0.428685238272515,0.389802085038407
26,"recruitment_50",2,2,0,"weak","none",NA,FALSE,0.0170915850795221,TRUE,0.019387103915861,0.0364786889953831,0.0232279765573852,0.0102367737084156,0.0306520765769064,0.098270273970374,TRUE,0.735818939600573,0.0880335002619585,0.0170915850795221,0.0880335002619585,1,1
26,"recruitment_50",72,2,50,"correct","robust",0.977320327434265,FALSE,0.00683779557122116,TRUE,0.019387103915861,0.0262248994870822,0.0143570323453763,0.00856202925683679,0.0228876127690089,0.0646290501484156,TRUE,0.476268034140305,0.0560670208915788,0.0170915850795221,0.0880335002619585,0.400067959724444,0.63688278581156
26,"recruitment_80",12,2,50,"correct","full",NA,FALSE,0.0101127057151674,TRUE,0.183939720585721,0.194052426300889,0.0525343335812391,0.112517822951804,0.186238745516479,0.311299861143881,TRUE,0.192497078116144,0.198782038192077,0.0461828154094208,0.279031890706341,0.218971182798537,0.712398993852926
26,"recruitment_80",42,2,50,"biased","full",NA,FALSE,0.083430588715674,TRUE,0.183939720585721,0.267370309301395,0.0508182397812951,0.179333826939526,0.262108014522617,0.379875592831882,TRUE,1.6417449536767,0.200541765892356,0.0461828154094208,0.279031890706341,1.80652885658969,0.718705540734808
26,"recruitment_80",112,2,200,"biased","robust",0.0655864003510736,FALSE,0.0550550468505554,TRUE,0.183939720585721,0.238994767436277,0.076149809255197,0.123227440423946,0.223367563487854,0.411120642768983,TRUE,0.722983384844106,0.287893202345037,0.0461828154094208,0.279031890706341,1.19211109938795,1.03175734363647
26,"recruitment_80",102,2,50,"biased","robust",0.979096123052481,FALSE,0.0817064140476385,TRUE,0.183939720585721,0.26564613463336,0.0520428763477212,0.181155897672102,0.260162142933957,0.380678131286782,TRUE,1.56998267162872,0.19952223361468,0.0461828154094208,0.279031890706341,1.76919517191174,0.715051720825207
26,"recruitment_80",32,2,800,"correct","full",NA,FALSE,0.0159321841514924,TRUE,0.183939720585721,0.199871904737214,0.0179043075764653,0.167655491252547,0.198706632629996,0.23911085434045,TRUE,0.889852013737456,0.0714553630879025,0.0461828154094208,0.279031890706341,0.344980790154306,0.256083141274714
26,"recruitment_80",92,2,800,"correct","robust",0.972751895218343,FALSE,0.0171910689700785,TRUE,0.183939720585721,0.2011307895558,0.0230796502956627,0.167516976227661,0.199163177468056,0.241645119816161,TRUE,0.744858295071706,0.0741281435884999,0.0461828154094208,0.279031890706341,0.372239518480542,0.265661904812572
26,"recruitment_80",122,2,800,"biased","robust",0.930996321256113,FALSE,0.098646888847244,TRUE,0.183939720585721,0.282586609432965,0.0296852477667724,0.209331480120237,0.285144701186934,0.333856752633413,FALSE,3.3230946772714,0.124525272513176,0.0461828154094208,0.279031890706341,2.13600855583874,0.446276130652854
26,"recruitment_80",52,2,200,"biased","full",NA,FALSE,0.173715403216045,TRUE,0.183939720585721,0.357655123801767,0.0348878922825915,0.291518830374736,0.357170153052033,0.42994304238184,FALSE,4.97924614674204,0.138424212007103,0.0461828154094208,0.279031890706341,3.76147278324242,0.496087424475735
26,"recruitment_80",22,2,200,"correct","full",NA,FALSE,0.0215429355673495,TRUE,0.183939720585721,0.205482656153071,0.0322155237295646,0.148842460910071,0.203831029270045,0.272462774443133,TRUE,0.668712877313222,0.123620313533062,0.0461828154094208,0.279031890706341,0.466470815526656,0.443032920789555
26,"recruitment_80",72,2,50,"correct","robust",0.977320327434265,FALSE,0.0121861385935664,TRUE,0.183939720585721,0.196125859179288,0.0535692661140233,0.113938391469503,0.188519699015677,0.321664264506864,TRUE,0.227483769660535,0.207725873037361,0.0461828154094208,0.279031890706341,0.263867381958713,0.744452085786768
26,"recruitment_80",82,2,200,"correct","robust",0.990366466445682,FALSE,0.0198947332976249,TRUE,0.183939720585721,0.203834453883346,0.0332873902633097,0.148263051589819,0.201145223001842,0.281950986653805,TRUE,0.597665756920373,0.133687935063986,0.0461828154094208,0.279031890706341,0.430782166943563,0.479113461638986
26,"recruitment_80",2,2,0,"weak","none",NA,FALSE,0.0461828154094208,TRUE,0.183939720585721,0.230122535995142,0.0703327069678018,0.122741669774626,0.220801261297926,0.401773560480967,TRUE,0.656633555005402,0.279031890706341,0.0461828154094208,0.279031890706341,1,1
26,"recruitment_80",62,2,800,"biased","full",NA,FALSE,0.102015754610459,TRUE,0.183939720585721,0.28595547519618,0.0208355387241869,0.246328979007165,0.284598732132663,0.327072007648237,FALSE,4.89623791162328,0.0807430286410721,0.0461828154094208,0.279031890706341,2.20895486137141,0.289368460489156
26,"recruitment_110",92,2,800,"correct","robust",0.972751895218343,FALSE,-0.0653699992211327,TRUE,1.74517147873092,1.67980147950979,0.0853784730763061,1.51227983861334,1.68150972218359,1.84178095657205,TRUE,-0.765649663969851,0.32950111795871,-0.173164573287537,0.455640841011796,0.377502152894673,0.723159752815441
26,"recruitment_110",12,2,50,"correct","full",NA,FALSE,-0.183204319013461,TRUE,1.74517147873092,1.56196715971746,0.110603852528569,1.36075029902253,1.55931894890685,1.79282787668614,TRUE,-1.65640088319834,0.432077577663616,-0.173164573287537,0.455640841011796,1.0579780583021,0.948285444966138
26,"recruitment_110",32,2,800,"correct","full",NA,FALSE,-0.0638782130139923,TRUE,1.74517147873092,1.68129326571693,0.0816238212921418,1.53779092867156,1.68077555074804,1.8458526342314,TRUE,-0.782592777485439,0.308061705559837,-0.173164573287537,0.455640841011796,0.368887306458022,0.676106436981714
26,"recruitment_110",42,2,50,"biased","full",NA,FALSE,-0.164249824519488,TRUE,1.74517147873092,1.58092165421143,0.109636596034177,1.38254660374763,1.58042161862689,1.79876837548188,TRUE,-1.49812955218244,0.416221771734257,-0.173164573287537,0.455640841011796,0.948518634043892,0.913486532089605
26,"recruitment_110",112,2,200,"biased","robust",0.0655864003510736,FALSE,-0.153853492577477,TRUE,1.74517147873092,1.59131798615344,0.124416876868565,1.37310559642322,1.58620240764724,1.85973893888726,TRUE,-1.23659664548572,0.486633342464035,-0.173164573287537,0.455640841011796,0.888481342670511,1.0680195861798
26,"recruitment_110",72,2,50,"correct","robust",0.977320327434265,FALSE,-0.187058154523361,TRUE,1.74517147873092,1.55811332420756,0.113178755175506,1.34699677578832,1.55589961273619,1.80723559026818,TRUE,-1.65276737876548,0.460238814479864,-0.173164573287537,0.455640841011796,1.08023339284735,1.01009122329302
26,"recruitment_110",102,2,50,"biased","robust",0.979096123052481,FALSE,-0.166101397893312,TRUE,1.74517147873092,1.57907008083761,0.111012406310675,1.36027284757588,1.57806359388942,1.8153917343513,TRUE,-1.49624175723627,0.455118886775419,-0.173164573287537,0.455640841011796,0.959211198571794,0.998854461256768
26,"recruitment_110",52,2,200,"biased","full",NA,FALSE,0.0249386954213628,TRUE,1.74517147873092,1.77011017415228,0.106475377713466,1.56803571239146,1.7684482840391,1.97817501741875,TRUE,0.234220304796428,0.410139305027284,-0.173164573287537,0.455640841011796,0.144017306472684,0.900137275044371
26,"recruitment_110",22,2,200,"correct","full",NA,FALSE,-0.159100708941229,TRUE,1.74517147873092,1.58607076978969,0.0990559055242734,1.41047403171099,1.58362749753992,1.78859688965827,TRUE,-1.60617085977011,0.378122857947282,-0.173164573287537,0.455640841011796,0.918783247177494,0.829870424055101
26,"recruitment_110",82,2,200,"correct","robust",0.990366466445682,FALSE,-0.149962437990722,TRUE,1.74517147873092,1.5952090407402,0.0997451771725698,1.41251563182792,1.59544484405054,1.79146635944536,TRUE,-1.50345552779229,0.37895072761744,-0.173164573287537,0.455640841011796,0.866011073418068,0.831687358788869
26,"recruitment_110",122,2,800,"biased","robust",0.930996321256113,FALSE,0.0109696329953572,TRUE,1.74517147873092,1.75614111172628,0.103081846814059,1.51159459920772,1.76014176885998,1.94626710021071,TRUE,0.106416729369862,0.434672501002995,-0.173164573287537,0.455640841011796,0.0633480208283846,0.953980551957899
26,"recruitment_110",2,2,0,"weak","none",NA,FALSE,-0.173164573287537,TRUE,1.74517147873092,1.57200690544338,0.115249638313968,1.35573244601381,1.5671168507997,1.81137328702561,TRUE,-1.50251728179653,0.455640841011796,-0.173164573287537,0.455640841011796,1,1
26,"recruitment_110",62,2,800,"biased","full",NA,FALSE,0.0258175066227249,TRUE,1.74517147873092,1.77098898535365,0.0869032082618371,1.61457004795277,1.76681190127635,1.95677684277982,TRUE,0.29708346951861,0.342206794827053,-0.173164573287537,0.455640841011796,0.149092312200921,0.751045042554018
26,"recruit_mean_50",12,2,50,"correct","full",NA,FALSE,1.91634210763956,TRUE,44,45.9163421076396,2.05613497019424,41.9067771180976,46.0190742989015,49.7814053793852,TRUE,0.932011825789102,7.87462826128758,1.82740556880358,7.48675195700606,1.04866819952519,1.05180835514639
26,"recruit_mean_50",72,2,50,"correct","robust",0.977320327434265,FALSE,1.85869780842535,TRUE,44,45.8586978084253,2.02855827608996,41.8624524606917,45.8803620277458,49.8326926833046,TRUE,0.91626542374123,7.97024022261285,1.82740556880358,7.48675195700606,1.01712386136716,1.06457917510601
26,"recruit_mean_50",42,2,50,"biased","full",NA,FALSE,1.82941772813155,TRUE,44,45.8294177281315,1.85681338023505,42.4573267111029,45.7554325649208,49.6472569672086,TRUE,0.985245877482832,7.18993025610574,1.82740556880358,7.48675195700606,1.0011011016724,0.960353741835596
26,"recruit_mean_50",22,2,200,"correct","full",NA,FALSE,1.91471788454423,TRUE,44,45.9147178845442,2.05625630249471,41.707627399402,45.9828113319089,49.7918971485696,TRUE,0.931166937808892,8.08426974916755,1.82740556880358,7.48675195700606,1.04777938583049,1.07981001582433
26,"recruit_mean_50",32,2,800,"correct","full",NA,FALSE,2.18663140745767,TRUE,44,46.1866314074577,2.22117563883839,41.7051637985089,46.2039593243087,50.2749821146879,TRUE,0.984447771361843,8.56981831617905,1.82740556880358,7.48675195700606,1.19657696396826,1.14466438388672
26,"recruit_mean_50",92,2,800,"correct","robust",0.972751895218343,FALSE,2.01981106216451,TRUE,44,46.0198110621645,2.20871968727515,41.7564688672218,45.9764552990764,50.4441645713235,TRUE,0.914471435103792,8.68769570410173,1.82740556880358,7.48675195700606,1.10528888422229,1.16040918064233
26,"recruit_mean_50",122,2,800,"biased","robust",0.930996321256113,FALSE,2.20841693097329,TRUE,44,46.2084169309733,2.14907116707829,42.0093536316073,46.1738187129458,50.411844807632,TRUE,1.02761461081611,8.4024911760247,1.82740556880358,7.48675195700606,1.20849852308328,1.12231461978137
26,"recruit_mean_50",82,2,200,"correct","robust",0.990366466445682,FALSE,1.91595482506049,TRUE,44,45.9159548250605,2.05485553471469,42.1733726845006,45.8753117018849,49.9046640893551,TRUE,0.932403661810955,7.73129140485453,1.82740556880358,7.48675195700606,1.04845626924235,1.0326629557454
26,"recruit_mean_50",112,2,200,"biased","robust",0.0655864003510736,FALSE,1.96298730450037,TRUE,44,45.9629873045004,2.02230541759165,41.8804989467159,45.9075436142839,49.8951194999632,TRUE,0.970668073884745,8.01462055324733,1.82740556880358,7.48675195700606,1.0741935660104,1.07050702350935
26,"recruit_mean_50",2,2,0,"weak","none",NA,FALSE,1.82740556880358,TRUE,44,45.8274055688036,1.97179044375379,42.0740155314627,45.805218080187,49.5607674884688,TRUE,0.926774736429221,7.48675195700606,1.82740556880358,7.48675195700606,1,1
26,"recruit_mean_50",52,2,200,"biased","full",NA,FALSE,2.37726843445933,TRUE,44,46.3772684344593,2.0956878465646,42.5241893704649,46.401595297134,50.456612279235,TRUE,1.13436189380795,7.9324229087701,1.82740556880358,7.48675195700606,1.30089810113458,1.05952794407019
26,"recruit_mean_50",102,2,50,"biased","robust",0.979096123052481,FALSE,1.89101028787034,TRUE,44,45.8910102878703,1.86338045096103,42.2155976256826,45.8241902948436,49.5922223762946,TRUE,1.01482780228539,7.37662475061198,1.82740556880358,7.48675195700606,1.03480602234807,0.985290389340197
26,"recruit_mean_50",62,2,800,"biased","full",NA,FALSE,2.26535040532942,TRUE,44,46.2653504053294,2.10638384603191,42.2538835147837,46.2576402190742,50.6627300755731,TRUE,1.07546894152126,8.40884656078939,1.82740556880358,7.48675195700606,1.23965388089113,1.12316350389042
26,"recruit_mean_80",72,2,50,"correct","robust",0.977320327434265,FALSE,0.88047466975241,TRUE,44.6,45.4804746697524,1.13542977459476,43.1947923944765,45.4930821196322,47.7471012684271,TRUE,0.77545497700785,4.55230887395057,0.855871143944384,4.11935658396306,1.02874676402179,1.10510192093421
26,"recruit_mean_80",32,2,800,"correct","full",NA,FALSE,1.09752500577239,TRUE,44.6,45.6975250057724,1.23062834366882,43.2479371228424,45.6941444943065,47.9914838178546,TRUE,0.891841156933198,4.74354669501221,0.855871143944384,4.11935658396306,1.28234841604113,1.1515261178115
26,"recruit_mean_80",2,2,0,"weak","none",NA,FALSE,0.855871143944384,TRUE,44.6,45.4558711439444,1.08111371070903,43.3890952860421,45.4502491261848,47.5084518700051,TRUE,0.79165691403828,4.11935658396306,0.855871143944384,4.11935658396306,1,1
26,"recruit_mean_80",52,2,200,"biased","full",NA,FALSE,1.14395618778334,TRUE,44.6,45.7439561877833,1.0225936464255,43.8152628796795,45.7893825581187,47.7000875370248,TRUE,1.11868110249078,3.88482465734536,0.855871143944384,4.11935658396306,1.33659861753404,0.943065883752148
26,"recruit_mean_80",12,2,50,"correct","full",NA,FALSE,0.91357859087168,TRUE,44.6,45.5135785908717,1.14573426076861,43.295949720103,45.5606399452427,47.7082344213484,TRUE,0.797373895635112,4.41228470124535,0.855871143944384,4.11935658396306,1.0674253914688,1.07111016279161
26,"recruit_mean_80",102,2,50,"biased","robust",0.979096123052481,FALSE,0.874721184210927,TRUE,44.6,45.4747211842109,0.991056195764585,43.5123416918304,45.4525400688533,47.4540569872904,TRUE,0.882615121068985,3.94171529545991,0.855871143944384,4.11935658396306,1.02202439047036,0.956876447842674
26,"recruit_mean_80",82,2,200,"correct","robust",0.990366466445682,FALSE,0.916281266473987,TRUE,44.6,45.516281266474,1.13184953908693,43.3693226833421,45.4969190003143,47.6960847795326,TRUE,0.809543349033087,4.32676209619047,0.855871143944384,4.11935658396306,1.0705831981333,1.05034900669557
26,"recruit_mean_80",112,2,200,"biased","robust",0.0655864003510736,FALSE,0.924036721785392,TRUE,44.6,45.5240367217854,1.10183850493747,43.3376158413973,45.4753478235152,47.668901680869,TRUE,0.838631721114004,4.33128583947169,0.855871143944384,4.11935658396306,1.07964467352744,1.05144717413726
26,"recruit_mean_80",42,2,50,"biased","full",NA,FALSE,0.849017740791489,TRUE,44.6,45.4490177407915,0.982570674369867,43.6203499216492,45.4050852891058,47.4595687152798,TRUE,0.864078038290704,3.83921879363059,0.855871143944384,4.11935658396306,0.991992482511665,0.931994770391312
26,"recruit_mean_80",92,2,800,"correct","robust",0.972751895218343,FALSE,1.00217991310088,TRUE,44.6,45.6021799131009,1.22654436093899,43.2328247987529,45.606042786216,48.0273774345554,TRUE,0.817075961552383,4.79455263580252,0.855871143944384,4.11935658396306,1.17094719245028,1.16390813421398
26,"recruit_mean_80",62,2,800,"biased","full",NA,FALSE,1.11916545713972,TRUE,44.6,45.7191654571397,1.10478826303154,43.56585674191,45.7071889762203,48.0074727844218,TRUE,1.01301352900757,4.44161604251182,0.855871143944384,4.11935658396306,1.30763312334835,1.07823053236113
26,"recruit_mean_80",122,2,800,"biased","robust",0.930996321256113,FALSE,1.08642931822256,TRUE,44.6,45.6864293182226,1.1294258579551,43.4027550456796,45.6710755506321,47.8866603799609,TRUE,0.961930622156647,4.48390533428133,0.855871143944384,4.11935658396306,1.26938421269307,1.0884965267968
26,"recruit_mean_80",22,2,200,"correct","full",NA,FALSE,0.90958859120299,TRUE,44.6,45.509588591203,1.13861077227061,43.1953666818638,45.5278214970566,47.6741716109391,TRUE,0.798858234398304,4.47880492907535,0.855871143944384,4.11935658396306,1.06276347513136,1.08725837100669
26,"recruit_mean_110",42,2,50,"biased","full",NA,FALSE,-0.13138224654859,TRUE,45.2,45.0686177534514,0.261749070910608,44.5560117710478,45.0811097611832,45.5722007541429,TRUE,-0.501939686324461,1.0161889830951,-0.11566328091466,1.1162959163929,1.13590281643081,0.910322225650275
26,"recruit_mean_110",2,2,0,"weak","none",NA,FALSE,-0.11566328091466,TRUE,45.2,45.0843367190853,0.288890627971898,44.5223816473139,45.0851011356962,45.6386775637068,TRUE,-0.400370485282448,1.1162959163929,-0.11566328091466,1.1162959163929,1,1
26,"recruit_mean_110",82,2,200,"correct","robust",0.990366466445682,FALSE,-0.0833922921125279,TRUE,45.2,45.1166077078875,0.296002774220973,44.5344501818051,45.1219119788748,45.6626721998883,TRUE,-0.28172807613713,1.12822201808316,-0.11566328091466,1.1162959163929,0.720991929790209,1.01068363819587
26,"recruit_mean_110",72,2,50,"correct","robust",0.977320327434265,FALSE,-0.097748468920507,TRUE,45.2,45.1022515310795,0.320678294535024,44.4385932994179,45.1089126719967,45.7482488528505,TRUE,-0.304817851991636,1.30965555343256,-0.11566328091466,1.1162959163929,0.845112365372282,1.17321539405471
26,"recruit_mean_110",112,2,200,"biased","robust",0.0655864003510736,FALSE,-0.114913860929512,TRUE,45.2,45.0850861390705,0.290975500403071,44.4952102278635,45.103878463386,45.6164795429028,TRUE,-0.394926242141792,1.12126931503933,-0.11566328091466,1.1162959163929,0.993520675021307,1.00445526904954
26,"recruit_mean_110",12,2,50,"correct","full",NA,FALSE,-0.0891849258961059,TRUE,45.2,45.1108150741039,0.3107528137384,44.5023449675698,45.1379263359275,45.7140654465978,TRUE,-0.286996358369853,1.21172047902805,-0.11566328091466,1.1162959163929,0.771073803119154,1.08548321393443
26,"recruit_mean_110",102,2,50,"biased","robust",0.979096123052481,FALSE,-0.141567919448434,TRUE,45.2,45.0584320805516,0.25506680519315,44.5708113030313,45.0622630808254,45.558073572819,TRUE,-0.555022906023507,0.987262269787742,-0.11566328091466,1.1162959163929,1.223965966804,0.884409102720624
26,"recruit_mean_110",52,2,200,"biased","full",NA,FALSE,-0.0893560588926903,TRUE,45.2,45.1106439411073,0.258716226702285,44.5752607946894,45.1098798901982,45.6207778792488,TRUE,-0.345382506662467,1.04551708455945,-0.11566328091466,1.1162959163929,0.772553382422378,0.936594920043998
26,"recruit_mean_110",122,2,800,"biased","robust",0.930996321256113,FALSE,-0.0355582945281441,TRUE,45.2,45.1644417054719,0.245371766338866,44.7056904516327,45.166185232384,45.6525633679089,TRUE,-0.144915998522165,0.946872916276178,-0.11566328091466,1.1162959163929,0.307429412748373,0.848227519577263
26,"recruit_mean_110",32,2,800,"correct","full",NA,FALSE,0.00841860408714723,TRUE,45.2,45.2084186040872,0.315822491425065,44.5815826294063,45.2183976277113,45.8137684366444,TRUE,0.026656125879954,1.23218580723803,-0.11566328091466,1.1162959163929,0.072785451187043,1.10381646044143
26,"recruit_mean_110",62,2,800,"biased","full",NA,FALSE,-0.0270194910499626,TRUE,45.2,45.17298050895,0.247596346568104,44.6620766429994,45.1775039226378,45.6536220195509,TRUE,-0.109127179881593,0.991545376551485,-0.11566328091466,1.1162959163929,0.233604743322977,0.888245994624326
26,"recruit_mean_110",22,2,200,"correct","full",NA,FALSE,-0.0955407021382086,TRUE,45.2,45.1044592978618,0.30423987616208,44.5154157322203,45.1073464257575,45.6732225806369,TRUE,-0.314030834299021,1.15780684841666,-0.11566328091466,1.1162959163929,0.826024485754485,1.03718631539735
26,"recruit_mean_110",92,2,800,"correct","robust",0.972751895218343,FALSE,-0.015451235962658,TRUE,45.2,45.1845487640373,0.31204514680175,44.5648128069316,45.1943393864576,45.7989183488,TRUE,-0.0495160271551171,1.2341055418684,-0.11566328091466,1.1162959163929,0.133588082928915,1.10553619676061
26,"recruit_sd.log_recruit_sd",52,2,200,"biased","full",NA,FALSE,-0.0848051260686771,TRUE,3.5,3.41519487393132,0.248186779921274,2.94405097341827,3.40915402912834,3.91421870920015,TRUE,-0.341698804809739,0.970167735781877,-0.142751835627746,0.791001613511779,0.594073804345491,1.22650538154361
26,"recruit_sd.log_recruit_sd",12,2,50,"correct","full",NA,FALSE,-0.144826646396825,TRUE,3.5,3.35517335360318,0.192475241725028,3.00244585186501,3.34671004591084,3.75700843640933,TRUE,-0.752442990063758,0.754562584544321,-0.142751835627746,0.791001613511779,1.01453438941752,0.953933053555124
26,"recruit_sd.log_recruit_sd",62,2,800,"biased","full",NA,FALSE,-0.0962795237005136,TRUE,3.5,3.40372047629949,0.213301183186671,3.00502873783344,3.39855633040233,3.8291218815833,TRUE,-0.4513782917756,0.824093143749869,-0.142751835627746,0.791001613511779,0.674453839960293,1.04183497185445
26,"recruit_sd.log_recruit_sd",82,2,200,"correct","robust",0.990366466445682,FALSE,-0.139112158347028,TRUE,3.5,3.36088784165297,0.193061873511859,2.991336779926,3.35089988677085,3.7456721215641,TRUE,-0.72055738306343,0.7543353416381,-0.142751835627746,0.791001613511779,0.974503464248203,0.95364576854541
26,"recruit_sd.log_recruit_sd",122,2,800,"biased","robust",0.930996321256113,FALSE,-0.087427175480407,TRUE,3.5,3.41257282451959,0.214236537295864,3.02444173612565,3.39421647467063,3.85510690204417,TRUE,-0.408087138561564,0.830665165918523,-0.142751835627746,0.791001613511779,0.61244169012573,1.05014345322338
26,"recruit_sd.log_recruit_sd",112,2,200,"biased","robust",0.0655864003510736,FALSE,-0.139318625051328,TRUE,3.5,3.36068137494867,0.193881525751859,3.01376225476761,3.36288406880966,3.73813901714035,TRUE,-0.718576071191207,0.724376762372734,-0.142751835627746,0.791001613511779,0.975949797343618,0.915771535732711
26,"recruit_sd.log_recruit_sd",92,2,800,"correct","robust",0.972751895218343,FALSE,-0.104145902773731,TRUE,3.5,3.39585409722627,0.198967463144191,3.03154119581706,3.38645447210407,3.84536871517667,TRUE,-0.523431827133753,0.813827519359604,-0.142751835627746,0.791001613511779,0.729559114359221,1.02885696496431
26,"recruit_sd.log_recruit_sd",102,2,50,"biased","robust",0.979096123052481,FALSE,-0.144299113998275,TRUE,3.5,3.35570088600172,0.196763954024651,2.99202553458548,3.34774244182711,3.74281598832503,TRUE,-0.733361528098777,0.750790453739545,-0.142751835627746,0.791001613511779,1.01083893852381,0.949164250634446
26,"recruit_sd.log_recruit_sd",72,2,50,"correct","robust",0.977320327434265,FALSE,-0.149010980523265,TRUE,3.5,3.35098901947674,0.189743615183064,3.01131105540856,3.33888795309314,3.76811428868671,TRUE,-0.785328035304373,0.75680323327815,-0.142751835627746,0.791001613511779,1.0438463356215,0.956765726327915
26,"recruit_sd.log_recruit_sd",42,2,50,"biased","full",NA,FALSE,-0.138909235009612,TRUE,3.5,3.36109076499039,0.200733220322513,2.98951636883213,3.35558204829255,3.76232328316093,TRUE,-0.692009199007666,0.772806914328805,-0.142751835627746,0.791001613511779,0.973081953018423,0.976997898775205
26,"recruit_sd.log_recruit_sd",2,2,0,"weak","none",NA,FALSE,-0.142751835627746,TRUE,3.5,3.35724816437225,0.199758172258406,2.97089503497237,3.34985121037012,3.76189664848415,TRUE,-0.714623256780115,0.791001613511779,-0.142751835627746,0.791001613511779,1,1
26,"recruit_sd.log_recruit_sd",22,2,200,"correct","full",NA,FALSE,-0.145328647268967,TRUE,3.5,3.35467135273103,0.200848391845442,2.99781617599249,3.34268043741599,3.75256615533625,TRUE,-0.723573865509466,0.754749979343765,-0.142751835627746,0.791001613511779,1.01805098778513,0.954169961794301
26,"recruit_sd.log_recruit_sd",32,2,800,"correct","full",NA,FALSE,-0.0999079479612668,TRUE,3.5,3.40009205203873,0.202503348470997,3.03710933048463,3.38177094635304,3.82186403360141,TRUE,-0.493364424418768,0.784754703116787,-0.142751835627746,0.791001613511779,0.699871546463311,0.99210253141298
26,"lambda",42,2,50,"biased","full",NA,FALSE,-0.000289236781562119,TRUE,1.03119869581319,1.03090945903163,0.0166246899752561,0.997562642148246,1.03147197885703,1.0617395314978,TRUE,-0.0173980255867998,0.0641768893495567,0.000750238312335005,0.06486356584637,0.385526541109201,0.989413525330388
26,"lambda",62,2,800,"biased","full",NA,FALSE,-0.0118034280697126,TRUE,1.03119869581319,1.01939526774348,0.0154212938405735,0.987162879450107,1.01975182805837,1.04917779839744,TRUE,-0.765398039343346,0.0620149189473349,0.000750238312335005,0.06486356584637,15.7329049658583,0.956082480790801
26,"lambda",52,2,200,"biased","full",NA,FALSE,-0.0150021184403235,TRUE,1.03119869581319,1.01619657737287,0.0160445582253822,0.983881696484767,1.01596430933529,1.0469812027921,TRUE,-0.935028451988812,0.0630995063073321,0.000750238312335005,0.06486356584637,19.9964707129281,0.972803537455586
26,"lambda",82,2,200,"correct","robust",0.990366466445682,FALSE,-0.00155126203813971,TRUE,1.03119869581319,1.02964743377505,0.0165842498366151,0.996522741713036,1.03002606156434,1.06195956998615,TRUE,-0.0935382699502509,0.0654368282731126,0.000750238312335005,0.06486356584637,2.06769237538888,1.00883797273959
26,"lambda",102,2,50,"biased","robust",0.979096123052481,FALSE,2.02894078618066e-05,TRUE,1.03119869581319,1.03121898522105,0.0163438624433087,0.996696257961479,1.03239576046983,1.05978740196001,TRUE,0.00124140838386175,0.0630911439985271,0.000750238312335005,0.06486356584637,0.0270439506063864,0.972674615946325
26,"lambda",12,2,50,"correct","full",NA,FALSE,0.000828934746984977,TRUE,1.03119869581319,1.03202763056018,0.0171382680922126,0.996614550268917,1.03228918716422,1.0649841747144,TRUE,0.048367474620241,0.0683696244454877,0.000750238312335005,0.06486356584637,1.10489524909097,1.05405281922708
26,"lambda",112,2,200,"biased","robust",0.0655864003510736,FALSE,-0.00088839236614402,TRUE,1.03119869581319,1.03031030344705,0.0179006439195566,0.988239868259566,1.03212408348908,1.06106020505492,TRUE,-0.0496290731292323,0.0728203367953533,0.000750238312335005,0.06486356584637,1.18414689244412,1.12266934210538
26,"lambda",2,2,0,"weak","none",NA,FALSE,0.000750238312335005,TRUE,1.03119869581319,1.03194893412553,0.0162379520241251,0.999171775304474,1.03175680946294,1.06403534115084,TRUE,0.0462027669019073,0.06486356584637,0.000750238312335005,0.06486356584637,1,1
26,"lambda",122,2,800,"biased","robust",0.930996321256113,FALSE,-0.0112429878386879,TRUE,1.03119869581319,1.0199557079745,0.0164057280811521,0.986787168456149,1.01991643268738,1.05185470051542,TRUE,-0.685308678961014,0.0650675320592714,0.000750238312335005,0.06486356584637,14.9858886887499,1.00314454208985
26,"lambda",92,2,800,"correct","robust",0.972751895218343,FALSE,-0.00703193629587195,TRUE,1.03119869581319,1.02416675951732,0.0160124557985534,0.991834667856654,1.02424791918679,1.05324592180477,TRUE,-0.439154142521177,0.0614112539481142,0.000750238312335005,0.06486356584637,9.3729368125524,0.946775792338759
26,"lambda",72,2,50,"correct","robust",0.977320327434265,FALSE,0.000668798339656052,TRUE,1.03119869581319,1.03186749415285,0.0164990522875945,0.99699942972346,1.0325267263447,1.06332538892466,TRUE,0.0405355609521231,0.0663259592012035,0.000750238312335005,0.06486356584637,0.891447862179307,1.02254568239892
26,"lambda",32,2,800,"correct","full",NA,FALSE,-0.00775345384293535,TRUE,1.03119869581319,1.02344524197026,0.0165408615255414,0.989221921679196,1.02348677165122,1.0540881598559,TRUE,-0.468745465945829,0.0648662381767023,0.000750238312335005,0.06486356584637,10.3346546230142,1.00004119925104
26,"lambda",22,2,200,"correct","full",NA,FALSE,-0.000797672117117898,TRUE,1.03119869581319,1.03040102369607,0.0167982567289453,0.998074602134307,1.0303253634575,1.06345383912737,TRUE,-0.0474854105392626,0.0653792369930615,0.000750238312335005,0.06486356584637,1.06322498331932,1.0079500893909
50,"survival_50",53,3,200,"biased","full",NA,FALSE,0.039306248043399,TRUE,0.354343693774205,0.393649941817604,0.0302224501187458,0.333841669901007,0.393836419693873,0.455426401210989,TRUE,1.30056457662971,0.121584731309983,0.00537447903660138,0.109646917350544,7.31349918303056,1.1088750531971
50,"survival_50",43,3,50,"biased","full",NA,FALSE,0.00909297412358656,TRUE,0.354343693774205,0.363436667897791,0.0275306024358994,0.308290387702197,0.362957989523925,0.421460218370042,TRUE,0.330286056934573,0.113169830667846,0.00537447903660138,0.109646917350544,1.69188009882659,1.03212961570127
50,"survival_50",103,3,50,"biased","robust",0.987560676690273,FALSE,0.00957670932615212,TRUE,0.354343693774205,0.363920403100357,0.0286797215555327,0.310246056964866,0.363533253201145,0.419576814849395,TRUE,0.333919187730212,0.109330757884529,0.00537447903660138,0.109646917350544,1.7818860695023,0.997116567673269
50,"survival_50",63,3,800,"biased","full",NA,FALSE,0.033841220577746,TRUE,0.354343693774205,0.38818491435195,0.026529615329307,0.335200457794359,0.387415763317482,0.441501772923852,TRUE,1.27560163076929,0.106301315129492,0.00537447903660138,0.109646917350544,6.29665133072059,0.969487494022696
50,"survival_50",113,3,200,"biased","robust",0.867014123287719,FALSE,0.0341786767559199,TRUE,0.354343693774205,0.388522370530124,0.0317138664695738,0.324863999356845,0.388084350288773,0.448211731496,TRUE,1.07772027068068,0.123347732139156,0.00537447903660138,0.109646917350544,6.35943996118613,1.12495394416616
50,"survival_50",123,3,800,"biased","robust",0.994827276811565,FALSE,0.0321752400826408,TRUE,0.354343693774205,0.386518933856845,0.0260119791822844,0.336600828648182,0.386229262143191,0.437060960623268,TRUE,1.23693932926695,0.100460131975086,0.00537447903660138,0.109646917350544,5.98667142685279,0.916214832140813
50,"survival_50",13,3,50,"correct","full",NA,FALSE,0.0186883215707949,TRUE,0.354343693774205,0.373032015344999,0.0300249379119067,0.315078602881262,0.372422623809633,0.429834366089729,TRUE,0.622426651659582,0.114755763208467,0.00537447903660138,0.109646917350544,3.47723406185481,1.04659361139712
50,"survival_50",83,3,200,"correct","robust",0.68073632537241,FALSE,0.0385533533494569,TRUE,0.354343693774205,0.392897047123661,0.0395538858670543,0.317141309126532,0.393804118900992,0.475580038908298,TRUE,0.974704570848986,0.158438729781766,0.00537447903660138,0.109646917350544,7.17341217388702,1.44499027980179
50,"survival_50",3,3,0,"weak","none",NA,FALSE,0.00537447903660138,TRUE,0.354343693774205,0.359718172810806,0.0285323036785948,0.309684461090346,0.359126826293665,0.41933137844089,TRUE,0.188364707495854,0.109646917350544,0.00537447903660138,0.109646917350544,1,1
50,"survival_50",33,3,800,"correct","full",NA,FALSE,0.0698076654808377,TRUE,0.354343693774205,0.424151359255042,0.0295711728241436,0.366884666169716,0.424456068880978,0.47927615716918,FALSE,2.36066610871256,0.112391490999464,0.00537447903660138,0.109646917350544,12.9887315599209,1.02503101514606
50,"survival_50",93,3,800,"correct","robust",0.488954301884929,FALSE,0.0367756047184305,TRUE,0.354343693774205,0.391119298492635,0.0423950811505268,0.315256198038735,0.390036828818121,0.468137388651769,TRUE,0.867449801260105,0.152881190613034,0.00537447903660138,0.109646917350544,6.84263618259195,1.39430450310125
50,"survival_50",73,3,50,"correct","robust",0.81175847692386,FALSE,0.0185333386249283,TRUE,0.354343693774205,0.372877032399133,0.0303184073225238,0.318739498780409,0.371375944174285,0.435433117793611,TRUE,0.61128998063034,0.116693619013202,0.00537447903660138,0.109646917350544,3.44839723045011,1.06426721181891
50,"survival_50",23,3,200,"correct","full",NA,FALSE,0.0525707588031764,TRUE,0.354343693774205,0.406914452577381,0.0326365185708518,0.344783949898785,0.406101773986466,0.47233579617322,TRUE,1.61079554760256,0.127551846274435,0.00537447903660138,0.109646917350544,9.78155435069297,1.16329623628769
50,"survival_80",53,3,200,"biased","full",NA,FALSE,0.047377461666823,TRUE,0.589040434058665,0.636417895725488,0.0281349177829857,0.581207293071817,0.637294644893795,0.690551141066659,TRUE,1.68393815941677,0.109343847994842,0.0300135013182751,0.112471205910179,1.57853831062273,0.972194146136972
50,"survival_80",43,3,50,"biased","full",NA,FALSE,0.0315619573847673,TRUE,0.589040434058665,0.620602391443432,0.0284681198526041,0.56649120326847,0.620526016123892,0.673596118430743,TRUE,1.10867726945726,0.107104915162274,0.0300135013182751,0.112471205910179,1.05159198355673,0.952287425883999
50,"survival_80",93,3,800,"correct","robust",0.488954301884929,FALSE,0.048424021169739,TRUE,0.589040434058665,0.637464455228404,0.0337212955819849,0.569760703326109,0.638505819164358,0.699709412849316,TRUE,1.43600713833809,0.129948709523207,0.0300135013182751,0.112471205910179,1.61340793452358,1.15539536072002
50,"survival_80",33,3,800,"correct","full",NA,FALSE,0.0704631039355879,TRUE,0.589040434058665,0.659503537994253,0.0269502820422116,0.606900857256864,0.660295442858303,0.709421906387824,FALSE,2.61455905452949,0.10252104913096,0.0300135013182751,0.112471205910179,2.34771355692124,0.911531518678962
50,"survival_80",123,3,800,"biased","robust",0.994827276811565,FALSE,0.0464753104914065,TRUE,0.589040434058665,0.635515744550072,0.0268238325931934,0.580965749387205,0.635951779929347,0.683413210293859,TRUE,1.7326126059704,0.102447460906654,0.0300135013182751,0.112471205910179,1.5484801322766,0.910877233666989
50,"survival_80",63,3,800,"biased","full",NA,FALSE,0.0478007695695142,TRUE,0.589040434058665,0.636841203628179,0.0269424870383752,0.583456764519698,0.637491320292916,0.69003725316963,TRUE,1.77417806683658,0.106580488649931,0.0300135013182751,0.112471205910179,1.59264222666379,0.94762466346318
50,"survival_80",73,3,50,"correct","robust",0.81175847692386,FALSE,0.0366129753008313,TRUE,0.589040434058665,0.625653409359496,0.0300782030526241,0.564304429705692,0.625563067740269,0.681124689031551,TRUE,1.21725939667254,0.116820259325859,0.0300135013182751,0.112471205910179,1.219883508844,1.03866814959869
50,"survival_80",113,3,200,"biased","robust",0.867014123287719,FALSE,0.0457054938856386,TRUE,0.589040434058665,0.634745927944304,0.0304837033787862,0.578692622916935,0.634695509449373,0.6929236873663,TRUE,1.49934190467965,0.114231064449365,0.0300135013182751,0.112471205910179,1.52283112193274,1.01564719187408
50,"survival_80",13,3,50,"correct","full",NA,FALSE,0.038999901245082,TRUE,0.589040434058665,0.628040335303747,0.0281024114319632,0.572449853734424,0.629329489570065,0.68065049891466,TRUE,1.38777774781007,0.108200645180236,0.0300135013182751,0.112471205910179,1.29941191570792,0.962029741786946
50,"survival_80",3,3,0,"weak","none",NA,FALSE,0.0300135013182751,TRUE,0.589040434058665,0.61905393537694,0.028676359533625,0.563333597338146,0.617915525411933,0.675804803248325,TRUE,1.04662871460662,0.112471205910179,0.0300135013182751,0.112471205910179,1,1
50,"survival_80",23,3,200,"correct","full",NA,FALSE,0.0610892950473763,TRUE,0.589040434058665,0.650129729106041,0.0303940654294524,0.586486154517047,0.651690452950211,0.705818782761159,TRUE,2.00990865105461,0.119332628244112,0.0300135013182751,0.112471205910179,2.03539381825403,1.0610060350861
50,"survival_80",103,3,50,"biased","robust",0.987560676690273,FALSE,0.0325198520198519,TRUE,0.589040434058665,0.621560286078517,0.028329572179998,0.565675968797081,0.621568156832124,0.677472096424352,TRUE,1.14791186443728,0.111796127627271,0.0300135013182751,0.112471205910179,1.08350744136775,0.993997767895839
50,"survival_80",83,3,200,"correct","robust",0.68073632537241,FALSE,0.0508823668810205,TRUE,0.589040434058665,0.639922800939686,0.0319272647443008,0.575545765234343,0.640078225845327,0.698897904275765,TRUE,1.5936963998804,0.123352139041422,0.0300135013182751,0.112471205910179,1.69531592936938,1.09674416703536
50,"survival_110",63,3,800,"biased","full",NA,FALSE,0.0382592968829141,TRUE,0.789181706522253,0.827441003405167,0.0315534555004397,0.759700252485191,0.829285613605099,0.880990681645168,TRUE,1.21252320153591,0.121290429159976,0.0340242795408312,0.126077534626175,1.12447044872767,0.962030464187041
50,"survival_110",53,3,200,"biased","full",NA,FALSE,0.0345779319242552,TRUE,0.789181706522253,0.823759638446508,0.0319425991336972,0.751543695805649,0.826987084234184,0.87895514691248,TRUE,1.08250214015233,0.127411451106831,0.0340242795408312,0.126077534626175,1.01627227353219,1.01058012820929
50,"survival_110",13,3,50,"correct","full",NA,FALSE,0.0368229013146123,TRUE,0.789181706522253,0.826004607836865,0.0311997917070148,0.7559081119703,0.829449639169517,0.879434104831865,TRUE,1.180229075258,0.123525992861565,0.0340242795408312,0.126077534626175,1.0822536674266,0.97976212199759
50,"survival_110",123,3,800,"biased","robust",0.994827276811565,FALSE,0.0376529039221897,TRUE,0.789181706522253,0.826834610444443,0.0313079229098642,0.76243671755819,0.830032927873029,0.878533382781278,TRUE,1.20266374842537,0.116096665223087,0.0340242795408312,0.126077534626175,1.10664808866868,0.920835464996351
50,"survival_110",113,3,200,"biased","robust",0.867014123287719,FALSE,0.0355870829524069,TRUE,0.789181706522253,0.82476878947466,0.0325089515438126,0.756563256749504,0.82699423596666,0.880461279705215,TRUE,1.0946856561783,0.123898022955711,0.0340242795408312,0.126077534626175,1.04593200598708,0.982712926002828
50,"survival_110",43,3,50,"biased","full",NA,FALSE,0.033480706662423,TRUE,0.789181706522253,0.822662413184676,0.0323193016386248,0.756948290981197,0.824670402133435,0.878581219969276,TRUE,1.03593533786046,0.12163292898808,0.0340242795408312,0.126077534626175,0.984023970948278,0.964747045131606
50,"survival_110",33,3,800,"correct","full",NA,FALSE,0.0453102475797704,TRUE,0.789181706522253,0.834491954102023,0.0302157366592139,0.768586505558103,0.837470303420868,0.888666532890556,TRUE,1.49955793204048,0.120080027332452,0.0340242795408312,0.126077534626175,1.331703365692,0.952430008157241
50,"survival_110",73,3,50,"correct","robust",0.81175847692386,FALSE,0.0338464947366535,TRUE,0.789181706522253,0.823028201258906,0.0328418799276162,0.750606975788505,0.825009456933269,0.879615281956672,TRUE,1.0305894428471,0.129008306168167,0.0340242795408312,0.126077534626175,0.994774766532106,1.02324578721088
50,"survival_110",3,3,0,"weak","none",NA,FALSE,0.0340242795408312,TRUE,0.789181706522253,0.823205986063084,0.0314272355428395,0.753837044475618,0.824801855715454,0.879914579101792,TRUE,1.08263673062976,0.126077534626175,0.0340242795408312,0.126077534626175,1,1
50,"survival_110",23,3,200,"correct","full",NA,FALSE,0.0435709151134998,TRUE,0.789181706522253,0.832752621635753,0.0322603637917691,0.765169594054303,0.836099841003773,0.888031744964662,TRUE,1.35060210091668,0.122862150910359,0.0340242795408312,0.126077534626175,1.28058303368957,0.974496775136431
50,"survival_110",93,3,800,"correct","robust",0.488954301884929,FALSE,0.0377338983784257,TRUE,0.789181706522253,0.826915604900679,0.0323159248554482,0.757871052634942,0.829563007073596,0.884547105860315,TRUE,1.16765645876491,0.126676053225373,0.0340242795408312,0.126077534626175,1.10902857864022,1.00474722638711
50,"survival_110",83,3,200,"correct","robust",0.68073632537241,FALSE,0.0397191332307908,TRUE,0.789181706522253,0.828900839753044,0.0308608308117603,0.763644097803829,0.830678003218749,0.881725470039949,TRUE,1.28704030922119,0.11808137223612,0.0340242795408312,0.126077534626175,1.16737617274527,0.936577421078516
50,"survival_110",103,3,50,"biased","robust",0.987560676690273,FALSE,0.0344681986512071,TRUE,0.789181706522253,0.82364990517346,0.0313632773512732,0.757682436638508,0.826172381072891,0.877789582988553,TRUE,1.09899862393711,0.120107146350045,0.0340242795408312,0.126077534626175,1.01304712741509,0.952645106094185
50,"growth_increment_50",53,3,200,"biased","full",NA,FALSE,-2.24028356888418,TRUE,12,9.75971643111582,1.52207421391862,6.67564683404821,9.73502322569519,12.7977727047668,TRUE,-1.47186224455936,6.12212587071861,-0.922079555152305,5.722619235832,2.42959900408392,1.06981184985803
50,"growth_increment_50",123,3,800,"biased","robust",0.994827276811565,FALSE,-1.98190960135739,TRUE,12,10.0180903986426,1.4144218130132,7.33845564383611,10.0460946560476,12.7767262341514,TRUE,-1.40121538223117,5.43827059031528,-0.922079555152305,5.722619235832,2.14939111303691,0.950311451138268
50,"growth_increment_50",43,3,50,"biased","full",NA,FALSE,-1.08311068362613,TRUE,12,10.9168893163739,1.46744060413452,8.19309087100513,10.9142600848459,13.7499642658004,TRUE,-0.738095075585657,5.5568733947953,-0.922079555152305,5.722619235832,1.17463908355199,0.971036716893745
50,"growth_increment_50",113,3,200,"biased","robust",0.867014123287719,FALSE,-2.07534301206135,TRUE,12,9.92465698793865,1.65506279328845,6.70233112904071,9.89665399432418,13.2691505178775,TRUE,-1.25393611679098,6.56681938883684,-0.922079555152305,5.722619235832,2.25072012546526,1.14751988874586
50,"growth_increment_50",33,3,800,"correct","full",NA,FALSE,-3.67645000910661,TRUE,12,8.32354999089339,1.40967472855275,5.55049711169066,8.34092812020599,11.1815770842108,FALSE,-2.60801299380677,5.6310799725201,-0.922079555152305,5.722619235832,3.98712886384229,0.984003957009976
50,"growth_increment_50",3,3,0,"weak","none",NA,FALSE,-0.922079555152305,TRUE,12,11.0779204448477,1.48646062068033,8.19287291699097,11.0747542930496,13.915492152823,TRUE,-0.620318858316128,5.722619235832,-0.922079555152305,5.722619235832,1,1
50,"growth_increment_50",23,3,200,"correct","full",NA,FALSE,-2.90619626707131,TRUE,12,9.09380373292869,1.60155350049968,5.93450478779734,9.01581678580151,12.2587001671394,TRUE,-1.81461079268634,6.32419537934206,-0.922079555152305,5.722619235832,3.15178473574471,1.10512251797976
50,"growth_increment_50",103,3,50,"biased","robust",0.987560676690273,FALSE,-1.10933280126655,TRUE,12,10.8906671987335,1.53439297403739,7.8126177755051,10.9394265028915,13.7629358965288,TRUE,-0.722978285248271,5.95031812102368,-0.922079555152305,5.722619235832,1.2030771044298,1.03978927756821
50,"growth_increment_50",83,3,200,"correct","robust",0.68073632537241,FALSE,-2.2341359219331,TRUE,12,9.7658640780669,1.83357247505085,6.2050625614798,9.73563242011568,13.2199175879262,TRUE,-1.21846065663215,7.01485502644639,-0.922079555152305,5.722619235832,2.42293184948025,1.22581194683076
50,"growth_increment_50",73,3,50,"correct","robust",0.81175847692386,FALSE,-1.40986884990221,TRUE,12,10.5901311500978,1.59270608290404,7.56016161935112,10.5747964064737,13.823150198809,TRUE,-0.885203406350746,6.26298857945789,-0.922079555152305,5.722619235832,1.52900998837279,1.09442692609048
50,"growth_increment_50",63,3,800,"biased","full",NA,FALSE,-2.11324279198848,TRUE,12,9.88675720801152,1.43241348439816,6.8575218481192,9.87613799596493,12.661050776131,TRUE,-1.47530221895138,5.80352892801184,-0.922079555152305,5.722619235832,2.29182263090024,1.0141385769078
50,"growth_increment_50",13,3,50,"correct","full",NA,FALSE,-1.4811976759634,TRUE,12,10.5188023240366,1.51288554508071,7.69901496255243,10.5073574846064,13.4788361676919,TRUE,-0.979054681816252,5.77982120513942,-0.922079555152305,5.722619235832,1.60636646554726,1.00999576713915
50,"growth_increment_50",93,3,800,"correct","robust",0.488954301884929,FALSE,-2.21080742842896,TRUE,12,9.78919257157104,1.95817172322548,6.17468705881214,9.72456294825755,13.6053140261867,TRUE,-1.12901611345267,7.43062696737453,-0.922079555152305,5.722619235832,2.39763197879795,1.29846608015572
50,"growth_increment_80",123,3,800,"biased","robust",0.994827276811565,FALSE,-0.489777749707329,TRUE,8.4,7.91022225029267,0.959498704539104,6.09298732049677,7.928479339109,9.79017037012685,TRUE,-0.510451705031321,3.69718304963008,0.100716550057671,3.71679742707087,4.86293215391989,0.99472277469363
50,"growth_increment_80",113,3,200,"biased","robust",0.867014123287719,FALSE,-0.677419938324273,TRUE,8.4,7.72258006167573,1.08758191205782,5.731588348498,7.68443904506669,9.92544150622371,TRUE,-0.622867970507639,4.19385315772571,0.100716550057671,3.71679742707087,6.72600419629524,1.12835128629294
50,"growth_increment_80",33,3,800,"correct","full",NA,FALSE,-1.70730170220329,TRUE,8.4,6.69269829779671,0.908867087014787,4.9470316360553,6.6888226619015,8.4362708005714,TRUE,-1.87849436578345,3.4892391645161,0.100716550057671,3.71679742707087,16.9515506758888,0.93877571564773
50,"growth_increment_80",53,3,200,"biased","full",NA,FALSE,-0.77651748887163,TRUE,8.4,7.62348251112837,1.01187540639647,5.6372413679218,7.61538017476599,9.56267888611699,TRUE,-0.767404251514516,3.9254375181952,0.100716550057671,3.71679742707087,7.70992938525985,1.05613437245859
50,"growth_increment_80",83,3,200,"correct","robust",0.68073632537241,FALSE,-0.671389333435534,TRUE,8.4,7.72861066656447,1.15081577614457,5.48823111649637,7.69024468739198,9.91119829487289,TRUE,-0.583402962796362,4.42296717837653,0.100716550057671,3.71679742707087,6.66612719608737,1.18999414554109
50,"growth_increment_80",23,3,200,"correct","full",NA,FALSE,-1.08086089456429,TRUE,8.4,7.31913910543571,1.06189818819319,5.2819009862309,7.31913501717736,9.36375894115006,TRUE,-1.01785736766664,4.08185795491916,0.100716550057671,3.71679742707087,10.7317108652489,1.09821910798512
50,"growth_increment_80",63,3,800,"biased","full",NA,FALSE,-0.563157873026542,TRUE,8.4,7.83684212697346,0.968311077444528,5.76488065285398,7.8243053655789,9.63828663597693,TRUE,-0.581587762594613,3.87340598312295,0.100716550057671,3.71679742707087,5.59151274248448,1.0421353488117
50,"growth_increment_80",103,3,50,"biased","robust",0.987560676690273,FALSE,-0.0445226476980398,TRUE,8.4,8.35547735230196,1.03453845619943,6.21026513800434,8.3969846653608,10.2235186522925,TRUE,-0.0430362423274259,4.01325351428816,0.100716550057671,3.71679742707087,0.442058903651346,1.07976116348394
50,"growth_increment_80",13,3,50,"correct","full",NA,FALSE,-0.26102577784318,TRUE,8.4,8.13897422215682,1.00133258769975,6.25470486737163,8.12639570080991,10.059418845394,TRUE,-0.260678401012401,3.80471397802235,0.100716550057671,3.71679742707087,2.59168704342748,1.02365384519241
50,"growth_increment_80",43,3,50,"biased","full",NA,FALSE,-0.0313609951580549,TRUE,8.4,8.36863900484195,0.96439824252153,6.48273836724713,8.37206670850192,10.2487362955158,TRUE,-0.0325187186945281,3.76599792826864,0.100716550057671,3.71679742707087,0.311378766847131,1.01323733729458
50,"growth_increment_80",3,3,0,"weak","none",NA,FALSE,0.100716550057671,TRUE,8.4,8.50071655005767,0.96661406800687,6.56642483574259,8.49187777790295,10.2832222628135,TRUE,0.104195204054236,3.71679742707087,0.100716550057671,3.71679742707087,1,1
50,"growth_increment_80",93,3,800,"correct","robust",0.488954301884929,FALSE,-0.758444749056953,TRUE,8.4,7.64155525094305,1.29538819801601,5.3099325319118,7.60740043836664,10.1603889636636,TRUE,-0.585496108593988,4.85045643175183,0.100716550057671,3.71679742707087,7.53048777606723,1.30500962910275
50,"growth_increment_80",73,3,50,"correct","robust",0.81175847692386,FALSE,-0.209230777015724,TRUE,8.4,8.19076922298428,1.04680677223598,6.20349261183188,8.180562425095,10.2622754544395,TRUE,-0.199875261189615,4.0587828426076,0.100716550057671,3.71679742707087,2.07742200160667,1.09201077600999
50,"growth_increment_110",123,3,800,"biased","robust",0.994827276811565,FALSE,1.00235410194273,TRUE,4.8,5.80235410194273,0.782254284493504,4.24230615634702,5.81129900433908,7.30802957262074,TRUE,1.28136607470516,3.06572341627372,1.12351265526765,3.1172515642303,0.892160935832043,0.983470006544273
50,"growth_increment_110",113,3,200,"biased","robust",0.867014123287719,FALSE,0.720503135412812,TRUE,4.8,5.52050313541281,0.831295895053117,3.86049623209201,5.51746491799417,7.09651842225304,TRUE,0.866722835635768,3.23602219016103,1.12351265526765,3.1172515642303,0.64129507757184,1.03810107188447
50,"growth_increment_110",33,3,800,"correct","full",NA,FALSE,0.261846604700021,TRUE,4.8,5.06184660470002,0.764091158043881,3.6126131923142,5.06714197966526,6.55824688813374,TRUE,0.342690269274106,2.94563369581953,1.12351265526765,3.1172515642303,0.233060663333287,0.944945775188616
50,"growth_increment_110",53,3,200,"biased","full",NA,FALSE,0.68724859114092,TRUE,4.8,5.48724859114092,0.821316019987929,3.75778270398259,5.50986685925751,7.11342809420408,TRUE,0.83676511162052,3.35564539022148,1.12351265526765,3.1172515642303,0.611696350654101,1.07647564563819
50,"growth_increment_110",103,3,50,"biased","robust",0.987560676690273,FALSE,1.02028750587047,TRUE,4.8,5.82028750587047,0.840830983417729,4.10216624152199,5.86227783045614,7.34877830811349,TRUE,1.21342758056239,3.2466120665915,1.12351265526765,3.1172515642303,0.908122842307826,1.04149825565751
50,"growth_increment_110",13,3,50,"correct","full",NA,FALSE,0.959146120277068,TRUE,4.8,5.75914612027707,0.81540713510834,4.14004702607951,5.78151653450746,7.27969329322741,TRUE,1.17627879249503,3.1396462671479,1.12351265526765,3.1172515642303,0.85370299638376,1.00718411795011
50,"growth_increment_110",23,3,200,"correct","full",NA,FALSE,0.744474477942723,TRUE,4.8,5.54447447794272,0.884988728009665,3.82857536312321,5.54140445360604,7.32852427832724,TRUE,0.841224813808694,3.49994891520403,1.12351265526765,3.1172515642303,0.662631145677099,1.12276755439474
50,"growth_increment_110",63,3,800,"biased","full",NA,FALSE,0.98692704593539,TRUE,4.8,5.78692704593539,0.7718153957891,4.20793274116461,5.83299293406759,7.16287636742825,TRUE,1.27870867997698,2.95494362626363,1.12351265526765,3.1172515642303,0.878429843498539,0.947932358161556
50,"growth_increment_110",93,3,800,"correct","robust",0.488954301884929,FALSE,0.693917930315056,TRUE,4.8,5.49391793031506,0.910931638587944,3.83790699692234,5.48384182026126,7.24044574105815,TRUE,0.761767295063672,3.40253874413581,1.12351265526765,3.1172515642303,0.617632500231825,1.09151881842938
50,"growth_increment_110",73,3,50,"correct","robust",0.81175847692386,FALSE,0.991407295870725,TRUE,4.8,5.79140729587073,0.843368830769849,4.06897021389361,5.81473864391625,7.46055559302627,TRUE,1.17553229346375,3.39158537913266,1.12351265526765,3.1172515642303,0.882417559982487,1.0880050291899
50,"growth_increment_110",43,3,50,"biased","full",NA,FALSE,1.02038869331002,TRUE,4.8,5.82038869331002,0.766268322792445,4.28702220153486,5.8496682070022,7.21184915105404,TRUE,1.33163366272471,2.92482694951918,1.12351265526765,3.1172515642303,0.908212905770018,0.938271066435847
50,"growth_increment_110",83,3,200,"correct","robust",0.68073632537241,FALSE,0.891357255062072,TRUE,4.8,5.69135725506207,0.823865225484653,4.03564013706898,5.72293844435864,7.29728236157501,TRUE,1.08192120202393,3.26164222450603,1.12351265526765,3.1172515642303,0.793366457318389,1.04631986135882
50,"growth_increment_110",3,3,0,"weak","none",NA,FALSE,1.12351265526765,TRUE,4.8,5.92351265526765,0.79478474383557,4.34236995420924,5.93192156046816,7.45962151843954,TRUE,1.41360621725785,3.1172515642303,1.12351265526765,3.1172515642303,1,1
50,"growth_sd.log_growth_sd",33,3,800,"correct","full",NA,FALSE,1.95474717105392,TRUE,4.5,6.45474717105392,0.942171341075624,4.87978654205218,6.39304284589091,8.461228790125,FALSE,2.07472578058073,3.58144224807282,1.14553032400734,3.57551817422572,1.70641241884871,1.00165684344434
50,"growth_sd.log_growth_sd",53,3,200,"biased","full",NA,FALSE,1.63873785588406,TRUE,4.5,6.13873785588406,0.943298022272092,4.5473302705221,6.06227822448086,8.21425407158932,FALSE,1.73724296796137,3.66692380106722,1.14553032400734,3.57551817422572,1.43054952063719,1.02556430212001
50,"growth_sd.log_growth_sd",103,3,50,"biased","robust",0.987560676690273,FALSE,1.23856858839913,TRUE,4.5,5.73856858839913,0.920204036732988,4.16084305191884,5.65163620311801,7.77609481812498,TRUE,1.34597169644728,3.61525176620615,1.14553032400734,3.57551817422572,1.08121850853002,1.01111268074844
50,"growth_sd.log_growth_sd",23,3,200,"correct","full",NA,FALSE,1.75128554517084,TRUE,4.5,6.25128554517084,0.984547616925377,4.58258331736207,6.1518825327134,8.395598410883,FALSE,1.77877180855903,3.81301509352094,1.14553032400734,3.57551817422572,1.52879894007905,1.06642307708215
50,"growth_sd.log_growth_sd",43,3,50,"biased","full",NA,FALSE,1.20560716667271,TRUE,4.5,5.7056071666727,0.912252638188773,4.14251056708677,5.600280268665,7.62168843121496,TRUE,1.32157158686476,3.47917786412818,1.14553032400734,3.57551817422572,1.05244456773104,0.973055566940757
50,"growth_sd.log_growth_sd",63,3,800,"biased","full",NA,FALSE,1.49079139900628,TRUE,4.5,5.99079139900628,0.926912642351788,4.40065449006147,5.90426575930221,8.10382152924438,TRUE,1.60834077656316,3.70316703918291,1.14553032400734,3.57551817422572,1.30139845952845,1.03570080160055
50,"growth_sd.log_growth_sd",93,3,800,"correct","robust",0.488954301884929,FALSE,1.60397521124573,TRUE,4.5,6.10397521124573,1.03337780758582,4.27786713986744,6.07305176665314,8.25071783220211,TRUE,1.55216727074191,3.97285069233468,1.14553032400734,3.57551817422572,1.40020318766826,1.11112585609917
50,"growth_sd.log_growth_sd",113,3,200,"biased","robust",0.867014123287719,FALSE,1.63010572065588,TRUE,4.5,6.13010572065588,1.01382289356368,4.32965881317506,6.05812775683303,8.30026787796103,TRUE,1.60788016428187,3.97060906478597,1.14553032400734,3.57551817422572,1.4230140280821,1.11049891828499
50,"growth_sd.log_growth_sd",13,3,50,"correct","full",NA,FALSE,1.39280896277821,TRUE,4.5,5.89280896277821,0.946024441558167,4.27617271587785,5.83987172292413,7.86528082627885,TRUE,1.47227587532956,3.589108110401,1.14553032400734,3.57551817422572,1.21586389603885,1.00380082984146
50,"growth_sd.log_growth_sd",123,3,800,"biased","robust",0.994827276811565,FALSE,1.49308779157358,TRUE,4.5,5.99308779157358,0.939675680216674,4.34519489819291,5.94667416212716,8.08647852433252,TRUE,1.58893948519482,3.74128362613961,1.14553032400734,3.57551817422572,1.30340311407069,1.04636123880136
50,"growth_sd.log_growth_sd",3,3,0,"weak","none",NA,FALSE,1.14553032400734,TRUE,4.5,5.64553032400734,0.93408722645356,4.08807580863322,5.57936221145869,7.66359398285894,TRUE,1.22636333263711,3.57551817422572,1.14553032400734,3.57551817422572,1,1
50,"growth_sd.log_growth_sd",73,3,50,"correct","robust",0.81175847692386,FALSE,1.32243705535062,TRUE,4.5,5.82243705535062,0.946158365375748,4.12215143673123,5.76365462981946,7.89995018145149,TRUE,1.39769102482694,3.77779874472026,1.14553032400734,3.57551817422572,1.15443216791015,1.05657377774016
50,"growth_sd.log_growth_sd",83,3,200,"correct","robust",0.68073632537241,FALSE,1.53456966850601,TRUE,4.5,6.03456966850601,0.961490237975966,4.3269746139306,5.97050972258315,8.07208749194327,TRUE,1.59603250027419,3.74511287801268,1.14553032400734,3.57551817422572,1.33961505544237,1.04743220297676
50,"recruitment_50",33,3,800,"correct","full",NA,FALSE,0.00680687005510814,TRUE,0.019387103915861,0.0261939739709691,0.00546239978157051,0.0171747392395533,0.0255670312398741,0.0377791456583577,TRUE,1.24613179688417,0.0206044064188044,0.0641301501931102,0.0928703629146884,0.106141495608713,0.221862021124348
50,"recruitment_50",103,3,50,"biased","robust",0.987560676690273,FALSE,0.0567225029548382,TRUE,0.019387103915861,0.0761096068706992,0.0220976098673694,0.0414606312270497,0.0732429984317737,0.126751578092872,FALSE,2.56690670598715,0.0852909468658225,0.0641301501931102,0.0928703629146884,0.884490411827106,0.918387138684616
50,"recruitment_50",23,3,200,"correct","full",NA,FALSE,0.0251063390010322,TRUE,0.019387103915861,0.0444934429168932,0.014028501790514,0.022877370050471,0.0427720792769747,0.0747352098641662,FALSE,1.78966645019849,0.0518578398136953,0.0641301501931102,0.0928703629146884,0.391490413252292,0.558389546311264
50,"recruitment_50",43,3,50,"biased","full",NA,FALSE,0.0558034472651878,TRUE,0.019387103915861,0.0751905511810489,0.0216037411350469,0.0437998347348244,0.0721252987618502,0.126942422829502,FALSE,2.58304554365633,0.0831425880946774,0.0641301501931102,0.0928703629146884,0.87015931035794,0.89525426072743
50,"recruitment_50",123,3,800,"biased","robust",0.994827276811565,FALSE,0.037797827940072,TRUE,0.019387103915861,0.057184931855933,0.00932994024059676,0.0415334818484647,0.0563046017464322,0.0761696310193027,FALSE,4.05124009000666,0.034636149170838,0.0641301501931102,0.0928703629146884,0.589392474931905,0.372951586316671
50,"recruitment_50",73,3,50,"correct","robust",0.81175847692386,FALSE,0.0489167923221213,TRUE,0.019387103915861,0.0683038962379823,0.0236989454531993,0.0332917840795009,0.0644912510879278,0.122350567349699,FALSE,2.06409151912359,0.089058783270198,0.0641301501931102,0.0928703629146884,0.762773705890629,0.958958062347709
50,"recruitment_50",93,3,800,"correct","robust",0.488954301884929,FALSE,0.0359218938225806,TRUE,0.019387103915861,0.0553089977384416,0.0344181985838624,0.0182757072624114,0.0435796137931498,0.130117923167451,TRUE,1.04368895818456,0.11184221590504,0.0641301501931102,0.0928703629146884,0.56014049108589,1.20428317920734
50,"recruitment_50",113,3,200,"biased","robust",0.867014123287719,FALSE,0.0303646502298544,TRUE,0.019387103915861,0.0497517541457154,0.0207099985690509,0.0238120553613655,0.0451839155218259,0.103988497016003,FALSE,1.46618311578406,0.0801764416546371,0.0641301501931102,0.0928703629146884,0.473484782717952,0.863315692308513
50,"recruitment_50",53,3,200,"biased","full",NA,FALSE,0.0259258980285928,TRUE,0.019387103915861,0.0453130019444538,0.0142226972019082,0.0234734512632451,0.0433946292110486,0.0793143665239703,FALSE,1.82285382726945,0.0558409152607252,0.0641301501931102,0.0928703629146884,0.404270034461547,0.601278098934762
50,"recruitment_50",13,3,50,"correct","full",NA,FALSE,0.047093659418635,TRUE,0.019387103915861,0.066480763334496,0.0228153046094262,0.0329052348757239,0.0631841599209827,0.116836193134821,FALSE,2.06412582364463,0.0839309582590975,0.0641301501931102,0.0928703629146884,0.73434506666249,0.903743192391714
50,"recruitment_50",3,3,0,"weak","none",NA,FALSE,0.0641301501931102,TRUE,0.019387103915861,0.0835172541089712,0.0249106235277152,0.0445470566215405,0.0798047912078067,0.137417419536229,FALSE,2.57440967391924,0.0928703629146884,0.0641301501931102,0.0928703629146884,1,1
50,"recruitment_50",63,3,800,"biased","full",NA,FALSE,0.037734184252298,TRUE,0.019387103915861,0.057121288168159,0.0087595101942296,0.0420570711220512,0.056200883570209,0.0753024018287589,FALSE,4.30779614562875,0.0332453307067078,0.0641301501931102,0.0928703629146884,0.588400060481254,0.357975673436823
50,"recruitment_50",83,3,200,"correct","robust",0.68073632537241,FALSE,0.0386943132434672,TRUE,0.019387103915861,0.0580814171593282,0.0273110706590387,0.023590334467211,0.0501698535991621,0.13023143674475,FALSE,1.41679957283773,0.106641102277539,0.0641301501931102,0.0928703629146884,0.603371629833238,1.14827915957969
50,"recruitment_80",23,3,200,"correct","full",NA,FALSE,0.0870113333079715,TRUE,0.183939720585721,0.270951053893693,0.0417072778159652,0.197194401002298,0.269024027731596,0.358128817027667,FALSE,2.08623861024716,0.16093441602537,0.203901325838882,0.207426203103445,0.426732552865919,0.775863481168338
50,"recruitment_80",93,3,800,"correct","robust",0.488954301884929,FALSE,0.114647477841635,TRUE,0.183939720585721,0.298587198427356,0.0991617348869996,0.176481398266046,0.288367943279498,0.488076944524775,TRUE,1.15616651899326,0.311595546258729,0.203901325838882,0.207426203103445,0.562269408352091,1.50219953697621
50,"recruitment_80",13,3,50,"correct","full",NA,FALSE,0.159426607769237,TRUE,0.183939720585721,0.343366328354958,0.0558401217453866,0.250582307948342,0.33903647095718,0.468143687530375,FALSE,2.85505480264123,0.217561379582033,0.203901325838882,0.207426203103445,0.781881172735543,1.04886160150911
50,"recruitment_80",33,3,800,"correct","full",NA,FALSE,0.0230335095716129,TRUE,0.183939720585721,0.206973230157334,0.0198977164040419,0.171011133319358,0.205556591954922,0.247726603611961,TRUE,1.15759563076967,0.076715470292603,0.203901325838882,0.207426203103445,0.112964000978657,0.369844644238821
50,"recruitment_80",103,3,50,"biased","robust",0.987560676690273,FALSE,0.18790277654014,TRUE,0.183939720585721,0.371842497125861,0.0502798258361142,0.283772438976075,0.369404855858376,0.479461708659862,FALSE,3.73714056115875,0.195689269683787,0.203901325838882,0.207426203103445,0.921537786804863,0.943416341599787
50,"recruitment_80",53,3,200,"biased","full",NA,FALSE,0.0977832648989905,TRUE,0.183939720585721,0.281722985484712,0.0430099350636687,0.206590054478388,0.280143698392821,0.375345426667599,FALSE,2.27350412769142,0.168755372189211,0.203901325838882,0.207426203103445,0.479561692385741,0.8135682457874
50,"recruitment_80",73,3,50,"correct","robust",0.81175847692386,FALSE,0.164938604377621,TRUE,0.183939720585721,0.348878324963342,0.0574169975144715,0.25032720807813,0.344163502647566,0.473333007785896,FALSE,2.87264419105248,0.223005799707766,0.203901325838882,0.207426203103445,0.8089138395694,1.07510910565408
50,"recruitment_80",83,3,200,"correct","robust",0.68073632537241,FALSE,0.126608968355818,TRUE,0.183939720585721,0.310548688941539,0.074051554948575,0.201065838556334,0.292682533364246,0.479469261642931,FALSE,1.70974084803137,0.278403423086596,0.203901325838882,0.207426203103445,0.620932540948075,1.34218058722193
50,"recruitment_80",113,3,200,"biased","robust",0.867014123287719,FALSE,0.109237516653404,TRUE,0.183939720585721,0.293177237239125,0.0578163289776178,0.205955325274061,0.283224028025725,0.429374548338577,FALSE,1.88938866553933,0.223419223064516,0.203901325838882,0.207426203103445,0.535737157195932,1.07710221621853
50,"recruitment_80",123,3,800,"biased","robust",0.994827276811565,FALSE,0.131948956990116,TRUE,0.183939720585721,0.315888677575837,0.0229806954977813,0.274165056217122,0.314489870918048,0.360264766145536,FALSE,5.74173035811103,0.0860997099284138,0.203901325838882,0.207426203103445,0.647121623399249,0.415085985474435
50,"recruitment_80",43,3,50,"biased","full",NA,FALSE,0.186772879095616,TRUE,0.183939720585721,0.370712599681337,0.0495154263066975,0.289665417741269,0.367495914709721,0.477872898664748,FALSE,3.77201395659504,0.188207480923479,0.203901325838882,0.207426203103445,0.915996393486916,0.907346700212311
50,"recruitment_80",3,3,0,"weak","none",NA,FALSE,0.203901325838882,TRUE,0.183939720585721,0.387841046424603,0.0535041693431104,0.289041258308483,0.385736249805191,0.496467461411928,FALSE,3.81094274226197,0.207426203103445,0.203901325838882,0.207426203103445,1,1
50,"recruitment_80",63,3,800,"biased","full",NA,FALSE,0.131468319059063,TRUE,0.183939720585721,0.315408039644784,0.0224787227479933,0.273626859940901,0.314443259674261,0.360936498855746,FALSE,5.84856713314813,0.087309638914845,0.203901325838882,0.207426203103445,0.644764414935418,0.420919043055052
50,"recruitment_110",73,3,50,"correct","robust",0.81175847692386,FALSE,0.0966733812860354,TRUE,1.74517147873092,1.84184486001696,0.157522526484755,1.55960099146577,1.83662609144271,2.15461279155587,TRUE,0.613711469993414,0.595011800090104,0.107133320378623,0.646190264645634,0.902365211349555,0.92079969730959
50,"recruitment_110",93,3,800,"correct","robust",0.488954301884929,FALSE,0.0152965692842548,TRUE,1.74517147873092,1.76046804801518,0.164704326295586,1.50401604735447,1.739718322862,2.15455443657325,TRUE,0.0928729052132054,0.65053838921878,0.107133320378623,0.646190264645634,0.14278068886687,1.00672886115907
50,"recruitment_110",43,3,50,"biased","full",NA,FALSE,0.1292429787791,TRUE,1.74517147873092,1.87441445751002,0.154511862688427,1.57549518979025,1.87014439649173,2.17885549793275,TRUE,0.836459910134658,0.603360308142497,0.107133320378623,0.646190264645634,1.20637518115129,0.933719279217825
50,"recruitment_110",13,3,50,"correct","full",NA,FALSE,0.0868625405270278,TRUE,1.74517147873092,1.83203401925795,0.154157323822726,1.5591263474434,1.82822519134175,2.16708431118325,TRUE,0.563466842658191,0.607957963739854,0.107133320378623,0.646190264645634,0.810789213104239,0.940834297578367
50,"recruitment_110",33,3,800,"correct","full",NA,FALSE,-0.0861474601275447,TRUE,1.74517147873092,1.65902401860338,0.109851375235013,1.45744025986046,1.65031153255317,1.89185023375548,TRUE,-0.784218312635992,0.434409973895025,0.107133320378623,0.646190264645634,0.804114535263994,0.672263260006326
50,"recruitment_110",103,3,50,"biased","robust",0.987560676690273,FALSE,0.119469620312124,TRUE,1.74517147873092,1.86464109904304,0.152550512616948,1.5824182217396,1.86212529730921,2.17422375407728,TRUE,0.783147944000101,0.591805532337679,0.107133320378623,0.646190264645634,1.11514904877309,0.91583789592098
50,"recruitment_110",123,3,800,"biased","robust",0.994827276811565,FALSE,0.0158744081982332,TRUE,1.74517147873092,1.76104588692915,0.103817520128055,1.57025781911763,1.76094559852393,1.97167863801172,TRUE,0.152906832860703,0.401420818894092,0.107133320378623,0.646190264645634,0.148174332151109,0.621211492739261
50,"recruitment_110",83,3,200,"correct","robust",0.68073632537241,FALSE,-0.00277079244241829,TRUE,1.74517147873092,1.7424006862885,0.164899353167882,1.44966266298149,1.73138338137757,2.11477575841762,TRUE,-0.0168029309344675,0.665113095436139,0.107133320378623,0.646190264645634,0.0258630315258219,1.02928368288074
50,"recruitment_110",53,3,200,"biased","full",NA,FALSE,0.0552760992123027,TRUE,1.74517147873092,1.80044757794322,0.14125622138442,1.53360712341153,1.7990361844591,2.07357512127146,TRUE,0.391317979983848,0.53996799785993,0.107133320378623,0.646190264645634,0.515956184471367,0.835617661550572
50,"recruitment_110",113,3,200,"biased","robust",0.867014123287719,FALSE,0.0561438541508639,TRUE,1.74517147873092,1.80131533288178,0.149300634571728,1.52992153383972,1.79145164929152,2.12226677238218,TRUE,0.37604564985215,0.592345238542453,0.107133320378623,0.646190264645634,0.524055951523246,0.916673108449399
50,"recruitment_110",63,3,800,"biased","full",NA,FALSE,0.0108101423010418,TRUE,1.74517147873092,1.75598162103196,0.100288628677366,1.57023504088018,1.7497248297756,1.96164974882203,TRUE,0.107790309266454,0.391414707941849,0.107133320378623,0.646190264645634,0.100903642889415,0.605726717589126
50,"recruitment_110",23,3,200,"correct","full",NA,FALSE,-0.0486676251962395,TRUE,1.74517147873092,1.69650385353468,0.140450076981511,1.43450653538761,1.68811182625504,1.9888242859048,TRUE,-0.346511915423486,0.55431775051719,0.107133320378623,0.646190264645634,0.454271603122557,0.85782436047868
50,"recruitment_110",3,3,0,"weak","none",NA,FALSE,0.107133320378623,TRUE,1.74517147873092,1.85230479910954,0.162624805947619,1.55677243450205,1.84343831657582,2.20296269914768,TRUE,0.658776007475329,0.646190264645634,0.107133320378623,0.646190264645634,1,1
50,"recruit_mean_50",73,3,50,"correct","robust",0.81175847692386,FALSE,-1.71539466088856,TRUE,44,42.2846053391114,1.27427023537969,39.7860488691629,42.2879978561216,44.6719233288875,TRUE,-1.34617808158834,4.88587445972465,-1.36260074996873,4.82268880220531,1.25891216552458,1.0131017488606
50,"recruit_mean_50",93,3,800,"correct","robust",0.488954301884929,FALSE,-2.09682559190995,TRUE,44,41.90317440809,1.5811723705929,38.5160311487384,41.9568838046772,44.7646730617673,TRUE,-1.32612081447116,6.2486419130289,-1.36260074996873,4.82268880220531,1.5388407733946,1.29567595366542
50,"recruit_mean_50",123,3,800,"biased","robust",0.994827276811565,FALSE,-1.86853201476822,TRUE,44,42.1314679852318,1.29085310030493,39.5565575542881,42.1141287309986,44.6414900012237,TRUE,-1.44751716080384,5.08493244693565,-1.36260074996873,4.82268880220531,1.37129824331235,1.05437706132115
50,"recruit_mean_50",83,3,200,"correct","robust",0.68073632537241,FALSE,-2.12245370973889,TRUE,44,41.8775462902611,1.45567054181853,38.9915799683334,41.9427353686521,44.5945259553999,TRUE,-1.45805912036069,5.60294598706646,-1.36260074996873,4.82268880220531,1.55764901038517,1.16178883126449
50,"recruit_mean_50",3,3,0,"weak","none",NA,FALSE,-1.36260074996873,TRUE,44,42.6373992500313,1.24588478850459,40.1596176223445,42.6337972426914,44.9823064245498,TRUE,-1.09368118347784,4.82268880220531,-1.36260074996873,4.82268880220531,1,1
50,"recruit_mean_50",23,3,200,"correct","full",NA,FALSE,-2.29004419525209,TRUE,44,41.7099558047479,1.33780856436428,39.1424652759912,41.6778379841666,44.325736933779,TRUE,-1.7117876624899,5.18327165778781,-1.36260074996873,4.82268880220531,1.68064210687147,1.07476801227929
50,"recruit_mean_50",33,3,800,"correct","full",NA,FALSE,-2.81683360151278,TRUE,44,41.1831663984872,1.53628243904931,38.1454675662668,41.1849891763524,44.205401888289,TRUE,-1.8335388922729,6.05993432202223,-1.36260074996873,4.82268880220531,2.06724794594265,1.25654682907409
50,"recruit_mean_50",13,3,50,"correct","full",NA,FALSE,-1.69061559949039,TRUE,44,42.3093844005096,1.29431014548487,39.7878896624876,42.3620964962181,44.8463475000895,TRUE,-1.30619048717806,5.05845783760189,-1.36260074996873,4.82268880220531,1.24072704314098,1.04888746611408
50,"recruit_mean_50",103,3,50,"biased","robust",0.987560676690273,FALSE,-1.57187456831377,TRUE,44,42.4281254316862,1.26233360585376,39.941000641075,42.3801113984186,45.0338704627079,TRUE,-1.24521327882312,5.0928698216328,-1.36260074996873,4.82268880220531,1.15358410623936,1.05602290143705
50,"recruit_mean_50",43,3,50,"biased","full",NA,FALSE,-1.4045444037079,TRUE,44,42.5954555962921,1.22855566991745,40.0372747976472,42.6023196784576,44.9100281520904,TRUE,-1.14324848120417,4.87275335444321,-1.36260074996873,4.82268880220531,1.03078205684249,1.01038104557255
50,"recruit_mean_50",53,3,200,"biased","full",NA,FALSE,-2.23445733179197,TRUE,44,41.765542668208,1.33562710801104,39.2385003628224,41.7751106783568,44.2489837153449,TRUE,-1.67296494537269,5.01048335252244,-1.36260074996873,4.82268880220531,1.63984742547899,1.03893980267424
50,"recruit_mean_50",113,3,200,"biased","robust",0.867014123287719,FALSE,-2.15348087011749,TRUE,44,41.8465191298825,1.40364676200346,38.9216030497265,41.9496498089442,44.4214217525082,TRUE,-1.53420428017357,5.49981870278162,-1.36260074996873,4.82268880220531,1.58041955441967,1.14040505791431
50,"recruit_mean_50",63,3,800,"biased","full",NA,FALSE,-2.01261083651419,TRUE,44,41.9873891634858,1.24345139920302,39.5454261132353,41.8989094883639,44.4598616367319,TRUE,-1.61856815457697,4.91443552349657,-1.36260074996873,4.82268880220531,1.47703634873265,1.01902397709122
50,"recruit_mean_80",83,3,200,"correct","robust",0.68073632537241,FALSE,-0.874761965691803,TRUE,44.6,43.7252380343082,0.858997322797877,42.0132598094332,43.7456904901051,45.3482343233048,TRUE,-1.01835237721414,3.33497451387162,-0.324913922273126,2.65575208653826,2.69228834385394,1.25575520801669
50,"recruit_mean_80",73,3,50,"correct","robust",0.81175847692386,FALSE,-0.581349608807756,TRUE,44.6,44.0186503911922,0.705455374607914,42.6385811296747,44.0014360014277,45.3144371195668,TRUE,-0.824077085146406,2.67585598989214,-0.324913922273126,2.65575208653826,1.78924191595295,1.00756994730637
50,"recruit_mean_80",53,3,200,"biased","full",NA,FALSE,-0.980416596889,TRUE,44.6,43.619583403111,0.74865996982085,42.1258656127234,43.6393543895696,45.0398732273927,TRUE,-1.30956193253341,2.91400761466929,-0.324913922273126,2.65575208653826,3.01746564145335,1.09724383892612
50,"recruit_mean_80",113,3,200,"biased","robust",0.867014123287719,FALSE,-0.91599956242618,TRUE,44.6,43.6840004375738,0.799832474557456,41.9912272681836,43.7263598830185,45.1702255606973,TRUE,-1.14523927392795,3.17899829251368,-0.324913922273126,2.65575208653826,2.81920687183168,1.19702373901077
50,"recruit_mean_80",63,3,800,"biased","full",NA,FALSE,-0.804243277326691,TRUE,44.6,43.7957567226733,0.673229525043578,42.4676760105091,43.7679895132375,45.159236624243,TRUE,-1.19460488200459,2.69156061373396,-0.324913922273126,2.65575208653826,2.4752502807517,1.01348338475462
50,"recruit_mean_80",103,3,50,"biased","robust",0.987560676690273,FALSE,-0.460998921991596,TRUE,44.6,44.1390010780084,0.692085389561468,42.7903761752483,44.1396665442085,45.5920910125138,TRUE,-0.666101219509492,2.80171483726554,-0.324913922273126,2.65575208653826,1.41883400614664,1.05496098505095
50,"recruit_mean_80",3,3,0,"weak","none",NA,FALSE,-0.324913922273126,TRUE,44.6,44.2750860777269,0.674138571298832,42.8592684209212,44.2857658947906,45.5150205074594,TRUE,-0.481969043318689,2.65575208653826,-0.324913922273126,2.65575208653826,1,1
50,"recruit_mean_80",33,3,800,"correct","full",NA,FALSE,-1.42822596398249,TRUE,44.6,43.1717740360175,0.876921977098191,41.4391656895312,43.1597663466903,44.9452521521006,TRUE,-1.6286807735263,3.50608646256939,-0.324913922273126,2.65575208653826,4.39570565025499,1.32018590151595
50,"recruit_mean_80",93,3,800,"correct","robust",0.488954301884929,FALSE,-0.880339853210934,TRUE,44.6,43.7196601467891,0.971872766446591,41.6604409189692,43.7772755755214,45.5178016855783,TRUE,-0.905818007875327,3.85736076660908,-0.324913922273126,2.65575208653826,2.70945562151354,1.45245513922841
50,"recruit_mean_80",123,3,800,"biased","robust",0.994827276811565,FALSE,-0.719757873424008,TRUE,44.6,43.880242126576,0.69571070113292,42.5310824108879,43.9009296083162,45.2257130922064,TRUE,-1.03456490212373,2.69463068131859,-0.324913922273126,2.65575208653826,2.21522632329363,1.01463939159736
50,"recruit_mean_80",23,3,200,"correct","full",NA,FALSE,-1.03311650146502,TRUE,44.6,43.566883498535,0.755064101985881,42.0377596559656,43.5675025770881,45.08017347248,TRUE,-1.36825005817101,3.04241381651435,-0.324913922273126,2.65575208653826,3.17966215247796,1.14559406050589
50,"recruit_mean_80",13,3,50,"correct","full",NA,FALSE,-0.574827853941393,TRUE,44.6,44.0251721460586,0.725549382931755,42.5966510396738,44.0300810514759,45.3967430938823,TRUE,-0.792265650642089,2.80009205420856,-0.324913922273126,2.65575208653826,1.76916966167485,1.05434994041874
50,"recruit_mean_80",43,3,50,"biased","full",NA,FALSE,-0.379790624114264,TRUE,44.6,44.2202093758857,0.662761580373604,42.8669213476899,44.2284426539554,45.460668611838,TRUE,-0.573042607418754,2.59374726414813,-0.324913922273126,2.65575208653826,1.16889612318615,0.976652631582431
50,"recruit_mean_110",73,3,50,"correct","robust",0.81175847692386,FALSE,0.552695443272995,TRUE,45.2,45.752695443273,0.331005725822666,45.0893496868367,45.7585085289356,46.3939447650557,TRUE,1.66974586889503,1.30459507821902,0.71277290542249,1.3086119619565,0.775415899044857,0.996930424102589
50,"recruit_mean_110",33,3,800,"correct","full",NA,FALSE,-0.0396183264521355,TRUE,45.2,45.1603816735479,0.309082100462689,44.5652310830901,45.1642786680939,45.7687271323884,TRUE,-0.128180591476594,1.20349604929824,0.71277290542249,1.3086119619565,0.0555833788724784,0.9196737339149
50,"recruit_mean_110",43,3,50,"biased","full",NA,FALSE,0.644963155479275,TRUE,45.2,45.8449631554793,0.326432129430374,45.1781701915197,45.8520446841887,46.4815880161288,TRUE,1.97579557075077,1.30341782460903,0.71277290542249,1.3086119619565,0.904864860283905,0.99603080401336
50,"recruit_mean_110",53,3,200,"biased","full",NA,FALSE,0.273624138013901,TRUE,45.2,45.4736241380139,0.309363073597415,44.8474803150128,45.4671592343834,46.0826800726526,TRUE,0.884475754756617,1.23519975763981,0.71277290542249,1.3086119619565,0.383886839598248,0.943900708192419
50,"recruit_mean_110",63,3,800,"biased","full",NA,FALSE,0.404124281860867,TRUE,45.2,45.6041242818609,0.270318700677147,45.0998959696681,45.5960933954677,46.1482071216803,TRUE,1.49499195153179,1.04831115201222,0.71277290542249,1.3086119619565,0.566974808927852,0.801086328482655
50,"recruit_mean_110",13,3,50,"correct","full",NA,FALSE,0.540959891607599,TRUE,45.2,45.7409598916076,0.333743937301378,45.0951742116728,45.7450603733357,46.3739108125932,TRUE,1.6208830517844,1.27873660092047,0.71277290542249,1.3086119619565,0.758951255711593,0.977170191084478
50,"recruit_mean_110",83,3,200,"correct","robust",0.68073632537241,FALSE,0.372929778355314,TRUE,45.2,45.5729297783553,0.416015290371653,44.8251850299352,45.5341328605184,46.4415889980313,TRUE,0.896432864335711,1.61640396809613,0.71277290542249,1.3086119619565,0.523209812716243,1.23520494622367
50,"recruit_mean_110",3,3,0,"weak","none",NA,FALSE,0.71277290542249,TRUE,45.2,45.9127729054225,0.332612471422734,45.2285963802797,45.9198611211616,46.5372083422362,FALSE,2.14295303592688,1.3086119619565,0.71277290542249,1.3086119619565,1,1
50,"recruit_mean_110",123,3,800,"biased","robust",0.994827276811565,FALSE,0.429016267920289,TRUE,45.2,45.6290162679203,0.269930346269575,45.1035175951696,45.6304604294745,46.1579740387871,TRUE,1.58935915820239,1.05445644361759,0.71277290542249,1.3086119619565,0.601897553423406,0.805782366562717
50,"recruit_mean_110",103,3,50,"biased","robust",0.987560676690273,FALSE,0.649876724330547,TRUE,45.2,45.8498767243305,0.339575645227583,45.1292464996301,45.8593101602545,46.5024301648775,TRUE,1.91379073695053,1.37318366524737,0.71277290542249,1.3086119619565,0.911758456847259,1.04934365967
50,"recruit_mean_110",23,3,200,"correct","full",NA,FALSE,0.223811192321982,TRUE,45.2,45.423811192322,0.306519268710371,44.8052875994588,45.4349825128521,45.9826164104035,TRUE,0.730170058357605,1.17732881094468,0.71277290542249,1.3086119619565,0.314000701512805,0.899677555433973
50,"recruit_mean_110",93,3,800,"correct","robust",0.488954301884929,FALSE,0.336145885488115,TRUE,45.2,45.5361458854881,0.517523609648749,44.5603225780888,45.5103233806834,46.4753597058809,TRUE,0.649527633562963,1.91503712779213,0.71277290542249,1.3086119619565,0.471603063094644,1.46341099077908
50,"recruit_mean_110",113,3,200,"biased","robust",0.867014123287719,FALSE,0.321481745264961,TRUE,45.2,45.521481745265,0.349697329266232,44.8760921514173,45.504817137836,46.2294388035238,TRUE,0.919314270828216,1.35334665210649,0.71277290542249,1.3086119619565,0.451029693776597,1.03418483970077
50,"recruit_sd.log_recruit_sd",63,3,800,"biased","full",NA,FALSE,-0.135586062031135,TRUE,3.5,3.36441393796887,0.355439259865479,2.73300672116457,3.3431040245574,4.11955329239685,TRUE,-0.381460568206364,1.38654657123228,-0.00546533413321404,1.35102934696872,24.8083756136973,1.02628901018564
50,"recruit_sd.log_recruit_sd",123,3,800,"biased","robust",0.994827276811565,FALSE,-0.0992652234688203,TRUE,3.5,3.40073477653118,0.353859751409714,2.75888105068948,3.37982093769262,4.16341698645774,TRUE,-0.280521373434999,1.40453593576826,-0.00546533413321404,1.35102934696872,18.162699854994,1.03960431275575
50,"recruit_sd.log_recruit_sd",103,3,50,"biased","robust",0.987560676690273,FALSE,-0.0283523844259728,TRUE,3.5,3.47164761557403,0.347207401693105,2.86907443514319,3.46581040120037,4.18255865329708,TRUE,-0.0816583525803787,1.3134842181539,-0.00546533413321404,1.35102934696872,5.18767631308561,0.972209982781599
50,"recruit_sd.log_recruit_sd",13,3,50,"correct","full",NA,FALSE,-0.0537680502676414,TRUE,3.5,3.44623194973236,0.34647314365643,2.79862375613069,3.42404856483539,4.14175594474139,TRUE,-0.155186776383912,1.34313218861069,-0.00546533413321404,1.35102934696872,9.83801702825105,0.994154709980397
50,"recruit_sd.log_recruit_sd",53,3,200,"biased","full",NA,FALSE,-0.143728760065326,TRUE,3.5,3.35627123993467,0.34115812986952,2.76717991172065,3.33562579038992,4.11537914969525,TRUE,-0.421296599674458,1.3481992379746,-0.00546533413321404,1.35102934696872,26.2982567144166,0.997905220193428
50,"recruit_sd.log_recruit_sd",73,3,50,"correct","robust",0.81175847692386,FALSE,-0.063310195985153,TRUE,3.5,3.43668980401485,0.359821098934256,2.75476157070153,3.41821716231536,4.1485503579554,TRUE,-0.175949092959445,1.39378878725386,-0.00546533413321404,1.35102934696872,11.5839570723413,1.03164952736303
50,"recruit_sd.log_recruit_sd",93,3,800,"correct","robust",0.488954301884929,FALSE,-0.122712512339147,TRUE,3.5,3.37728748766085,0.375740922102991,2.67636116778502,3.36491900332081,4.14409894914314,TRUE,-0.326588096000658,1.46773778135812,-0.00546533413321404,1.35102934696872,22.4528838215758,1.08638482550454
50,"recruit_sd.log_recruit_sd",83,3,200,"correct","robust",0.68073632537241,FALSE,-0.16068315100269,TRUE,3.5,3.33931684899731,0.37842823023668,2.66735812437042,3.32918857536456,4.12622466571009,TRUE,-0.42460667086648,1.45886654133967,-0.00546533413321404,1.35102934696872,29.4004258634771,1.07981854325586
50,"recruit_sd.log_recruit_sd",3,3,0,"weak","none",NA,FALSE,-0.00546533413321404,TRUE,3.5,3.49453466586679,0.3524249285528,2.83062612026302,3.48615927008057,4.18165546723174,TRUE,-0.0155077966693699,1.35102934696872,-0.00546533413321404,1.35102934696872,1,1
50,"recruit_sd.log_recruit_sd",33,3,800,"correct","full",NA,FALSE,-0.246094107198895,TRUE,3.5,3.2539058928011,0.37211588757667,2.57446010663807,3.22627409845885,4.06171240866134,TRUE,-0.661337275335202,1.48725230202327,-0.00546533413321404,1.35102934696872,45.0281906285157,1.10082901260449
50,"recruit_sd.log_recruit_sd",23,3,200,"correct","full",NA,FALSE,-0.199286803445299,TRUE,3.5,3.3007131965547,0.369674081538424,2.60393639970155,3.27368992511055,4.07389173577374,TRUE,-0.539087843583606,1.46995533607219,-0.00546533413321404,1.35102934696872,36.4637913415374,1.08802620710668
50,"recruit_sd.log_recruit_sd",113,3,200,"biased","robust",0.867014123287719,FALSE,-0.129646060743497,TRUE,3.5,3.3703539392565,0.358770798697317,2.73872628524989,3.34890733048528,4.10666953795745,TRUE,-0.361361797599572,1.36794325270756,-0.00546533413321404,1.35102934696872,23.7215250858331,1.0125192733798
50,"recruit_sd.log_recruit_sd",43,3,50,"biased","full",NA,FALSE,0.00473313283406851,TRUE,3.5,3.50473313283407,0.337983014257301,2.89546549782314,3.48880704587957,4.20554548339611,TRUE,0.0140040553353526,1.31007998557297,-0.00546533413321404,1.35102934696872,0.86602808148622,0.969690250261676
50,"lambda",103,3,50,"biased","robust",0.987560676690273,FALSE,0.0395105655026022,TRUE,1.03119869581319,1.07070926131579,0.0164875575709251,1.03815445543194,1.07117219446377,1.10440443592709,FALSE,2.39638681063815,0.0662499804951475,0.0383080341681685,0.0657933351417466,1.03139110007981,1.00694060199893
50,"lambda",63,3,800,"biased","full",NA,FALSE,0.0436428121296848,TRUE,1.03119869581319,1.07484150794288,0.0158163219780258,1.04166753604946,1.07508067495811,1.10576067048174,FALSE,2.75935278697027,0.064093134432285,0.0383080341681685,0.0657933351417466,1.13926002932171,0.974158465963177
50,"lambda",123,3,800,"biased","robust",0.994827276811565,FALSE,0.0442913131926808,TRUE,1.03119869581319,1.07549000900587,0.0162864982090151,1.04520563319764,1.07528532444823,1.10732013261721,FALSE,2.71951113273472,0.0621144994195704,0.0383080341681685,0.0657933351417466,1.15618862085813,0.944084978907811
50,"lambda",73,3,50,"correct","robust",0.81175847692386,FALSE,0.0408638757317508,TRUE,1.03119869581319,1.07206257154494,0.0159563662418405,1.04071904917399,1.07200280804686,1.1032905883168,FALSE,2.56097629700917,0.062571539142811,0.0383080341681685,0.0657933351417466,1.0667181602784,0.951031574976486
50,"lambda",53,3,200,"biased","full",NA,FALSE,0.04385217401076,TRUE,1.03119869581319,1.07505086982395,0.0164631863107404,1.04157722754679,1.07500287998659,1.10792031221664,FALSE,2.6636504734294,0.0663430846698512,0.0383080341681685,0.0657933351417466,1.14472525053761,1.0083557023963
50,"lambda",33,3,800,"correct","full",NA,FALSE,0.0479660204982315,TRUE,1.03119869581319,1.07916471631142,0.0180268043729144,1.04231978888014,1.07997250641025,1.11246965781611,FALSE,2.66081660986466,0.0701498689359663,0.0383080341681685,0.0657933351417466,1.25211385913632,1.06621542721362
50,"lambda",93,3,800,"correct","robust",0.488954301884929,FALSE,0.0424738021080451,TRUE,1.03119869581319,1.07367249792124,0.0181392445137524,1.03817712108616,1.07326204445965,1.10838550914576,FALSE,2.34154195759604,0.0702083880595978,0.0383080341681685,0.0657933351417466,1.10874397578297,1.06710486568798
50,"lambda",3,3,0,"weak","none",NA,FALSE,0.0383080341681685,TRUE,1.03119869581319,1.06950672998136,0.0166074089845125,1.03688998839234,1.06980650884292,1.10268332353409,FALSE,2.30668337269789,0.0657933351417466,0.0383080341681685,0.0657933351417466,1,1
50,"lambda",83,3,200,"correct","robust",0.68073632537241,FALSE,0.0437679183296933,TRUE,1.03119869581319,1.07496661414289,0.017124831092606,1.04302394215532,1.07443700675234,1.10749870712971,FALSE,2.55581605990794,0.0644747649743933,0.0383080341681685,0.0657933351417466,1.14252582467574,0.979958909751079
50,"lambda",113,3,200,"biased","robust",0.867014123287719,FALSE,0.0435213500359899,TRUE,1.03119869581319,1.07472004584918,0.0170237642487125,1.03994765044964,1.07520104479557,1.1088605365555,FALSE,2.55650568230122,0.0689128861058526,0.0383080341681685,0.0657933351417466,1.13608936039201,1.04741439170678
50,"lambda",13,3,50,"correct","full",NA,FALSE,0.0425634250302751,TRUE,1.03119869581319,1.07376212084347,0.0171306640416149,1.03759883173545,1.07416046673174,1.10767596195509,FALSE,2.48463369119127,0.0700771302196384,0.0383080341681685,0.0657933351417466,1.11108350909957,1.06510986361556
50,"lambda",23,3,200,"correct","full",NA,FALSE,0.0458770967061817,TRUE,1.03119869581319,1.07707579251937,0.0169983806020368,1.04471331537849,1.07687202239635,1.11048157222307,FALSE,2.69890984207546,0.0657682568445841,0.0383080341681685,0.0657933351417466,1.19758420661279,0.999618832255449
50,"lambda",43,3,50,"biased","full",NA,FALSE,0.0391026999806532,TRUE,1.03119869581319,1.07030139579385,0.0165485453536626,1.03691401665557,1.07071253768022,1.10237037169573,FALSE,2.36290859075411,0.0654563550401586,0.0383080341681685,0.0657933351417466,1.02074410315591,0.994878203075403
74,"survival_50",34,4,800,"correct","full",NA,FALSE,0.00406701366757256,TRUE,0.354343693774205,0.358410707441777,0.0184725076208963,0.323460850320263,0.358101863160327,0.397864249753632,TRUE,0.220165759356456,0.0744033994333691,0.00601581557921171,0.0802463771201659,0.676053581434005,0.927187022062726
74,"survival_50",54,4,200,"biased","full",NA,FALSE,-8.65437569422811e-05,TRUE,0.354343693774205,0.354257150017262,0.0193235271313907,0.31794613614976,0.35297057272272,0.391882456641897,TRUE,-0.0044786728817066,0.0739363204921375,0.00601581557921171,0.0802463771201659,0.0143860389007506,0.921366460960856
74,"survival_50",124,4,800,"biased","robust",0.395108488512929,FALSE,-0.00538176119529793,TRUE,0.354343693774205,0.348961932578907,0.0239966869116318,0.302334894977992,0.350280926020163,0.394790553039119,TRUE,-0.224271009373767,0.0924556580611276,0.00601581557921171,0.0802463771201659,0.894602090844535,1.15214744115711
74,"survival_50",14,4,50,"correct","full",NA,FALSE,0.00481703850906418,TRUE,0.354343693774205,0.359160732283269,0.0204811132773044,0.319566813680688,0.358290046811333,0.399614933847296,TRUE,0.235194173473082,0.0800481201666074,0.00601581557921171,0.0802463771201659,0.800729085796772,0.99752939683169
74,"survival_50",64,4,800,"biased","full",NA,FALSE,-0.0220660389305222,TRUE,0.354343693774205,0.332277654843682,0.0178965018761394,0.298566764616477,0.332351354789884,0.367345559888933,TRUE,-1.23298056141026,0.0687787952724564,0.00601581557921171,0.0802463771201659,3.66800455232931,0.857095332409372
74,"survival_50",44,4,50,"biased","full",NA,FALSE,0.00265801369043106,TRUE,0.354343693774205,0.357001707464636,0.0205018934914772,0.316515951805995,0.357044829264343,0.39809898360488,TRUE,0.129647229488145,0.081583031798885,0.00601581557921171,0.0802463771201659,0.441837628735845,1.01665688504189
74,"survival_50",94,4,800,"correct","robust",0.997064864801279,FALSE,0.00542187295595142,TRUE,0.354343693774205,0.359765566730156,0.0188735516028533,0.322406660468925,0.359498257838145,0.397451415867727,TRUE,0.287273591639835,0.075044755398802,0.00601581557921171,0.0802463771201659,0.901269808650265,0.93517935752321
74,"survival_50",4,4,0,"weak","none",NA,FALSE,0.00601581557921171,TRUE,0.354343693774205,0.360359509353416,0.0207228316088895,0.320421717099698,0.36020155214126,0.400668094219863,TRUE,0.29029891728846,0.0802463771201659,0.00601581557921171,0.0802463771201659,1,1
74,"survival_50",84,4,200,"correct","robust",0.977391418419192,FALSE,-0.00268204355679358,TRUE,0.354343693774205,0.351661650217411,0.0189459747968099,0.313736922428521,0.351817895194288,0.388945067511466,TRUE,-0.141562711106592,0.0752081450829449,0.00601581557921171,0.0802463771201659,0.445832077376451,0.937215457967947
74,"survival_50",114,4,200,"biased","robust",0.977172456970572,FALSE,-0.00101204375769542,TRUE,0.354343693774205,0.353331650016509,0.0197279871685078,0.316785845950523,0.353570303555738,0.393941971618272,TRUE,-0.0512998994297285,0.0771561256677488,0.00601581557921171,0.0802463771201659,0.168230515774561,0.96149045522903
74,"survival_50",104,4,50,"biased","robust",0.981769517950274,FALSE,0.00309903733737471,TRUE,0.354343693774205,0.357442731111579,0.0197694677339539,0.32062741368469,0.357092365652887,0.396409666012088,TRUE,0.156758764529211,0.0757822523273975,0.00601581557921171,0.0802463771201659,0.515148328031159,0.94436976530313
74,"survival_50",74,4,50,"correct","robust",0.962136047239372,FALSE,0.00527248607850472,TRUE,0.354343693774205,0.359616179852709,0.0199847266180686,0.323651237177296,0.35903295174861,0.398174504904096,TRUE,0.263825779519934,0.0745232677268001,0.00601581557921171,0.0802463771201659,0.876437452092839,0.928680775397553
74,"survival_50",24,4,200,"correct","full",NA,FALSE,-0.00224288865011657,TRUE,0.354343693774205,0.352100805124088,0.0190285175187693,0.315284823846427,0.352128029347629,0.389885717538598,TRUE,-0.117869857591598,0.0746008936921705,0.00601581557921171,0.0802463771201659,0.372832015972549,0.929648120817449
74,"survival_80",54,4,200,"biased","full",NA,FALSE,-0.0201494493961093,TRUE,0.589040434058665,0.568890984662556,0.0180986315287653,0.53203737950796,0.568600619537861,0.604809701453242,TRUE,-1.11331342174045,0.0727723219452823,-0.0225924410527486,0.0753910038562093,0.891866857107852,0.965265326405235
74,"survival_80",44,4,50,"biased","full",NA,FALSE,-0.0237203330812534,TRUE,0.589040434058665,0.565320100977412,0.0186631761971592,0.527591325813795,0.565330991697061,0.600422577851501,TRUE,-1.27096978727897,0.0728312520377059,-0.0225924410527486,0.0753910038562093,1.04992342464771,0.966046985879303
74,"survival_80",24,4,200,"correct","full",NA,FALSE,-0.028975783798327,TRUE,0.589040434058665,0.560064650260338,0.0184282497452228,0.524407114467197,0.559489822401224,0.593732849331844,TRUE,-1.57235679996351,0.0693257348646465,-0.0225924410527486,0.0753910038562093,1.28254329537364,0.919549167920209
74,"survival_80",114,4,200,"biased","robust",0.977172456970572,FALSE,-0.0214722271433628,TRUE,0.589040434058665,0.567568206915302,0.0181579018235802,0.533254053450273,0.5676780667096,0.602622933889211,TRUE,-1.1825279898517,0.069368880438938,-0.0225924410527486,0.0753910038562093,0.950416428805975,0.920121458672216
74,"survival_80",124,4,800,"biased","robust",0.395108488512929,FALSE,-0.027359387119281,TRUE,0.589040434058665,0.561681046939384,0.0189871324505147,0.527082484223445,0.561452684112196,0.600151617528465,TRUE,-1.44094360697101,0.0730691333050199,-0.0225924410527486,0.0753910038562093,1.21099738870194,0.969202286314984
74,"survival_80",64,4,800,"biased","full",NA,FALSE,-0.0349558561472163,TRUE,0.589040434058665,0.554084577911449,0.0168768493040896,0.520872485386966,0.552697395941892,0.587432300007072,FALSE,-2.07123115916819,0.0665598146201068,-0.0225924410527486,0.0753910038562093,1.5472367977237,0.882861498263826
74,"survival_80",4,4,0,"weak","none",NA,FALSE,-0.0225924410527486,TRUE,0.589040434058665,0.566447993005917,0.0187971402785891,0.529335286499986,0.565948589583561,0.604726290356195,TRUE,-1.20190841361559,0.0753910038562093,-0.0225924410527486,0.0753910038562093,1,1
74,"survival_80",84,4,200,"correct","robust",0.977391418419192,FALSE,-0.0285827694743218,TRUE,0.589040434058665,0.560457664584343,0.0182902784568993,0.524431854050152,0.560514817387499,0.597250074407725,TRUE,-1.56273014332049,0.0728182203575738,-0.0225924410527486,0.0753910038562093,1.26514746271052,0.965874131301627
74,"survival_80",34,4,800,"correct","full",NA,FALSE,-0.0230767640709395,TRUE,0.589040434058665,0.565963669987726,0.0178917946075064,0.530912211775253,0.566356981597564,0.59830454611589,TRUE,-1.28979594150146,0.0673923343406373,-0.0225924410527486,0.0753910038562093,1.02143739213749,0.893904191396262
74,"survival_80",74,4,50,"correct","robust",0.962136047239372,FALSE,-0.0202827557354758,TRUE,0.589040434058665,0.568757678323189,0.0184228499627386,0.531719512045194,0.569087065026181,0.602676088990837,TRUE,-1.10095646311504,0.0709565769456432,-0.0225924410527486,0.0753910038562093,0.897767341214692,0.941180954175596
74,"survival_80",104,4,50,"biased","robust",0.981769517950274,FALSE,-0.0230264183921898,TRUE,0.589040434058665,0.566014015666475,0.0189718441945823,0.527895472397969,0.566618527547339,0.603600697590946,TRUE,-1.21371534343326,0.0757052251929773,-0.0225924410527486,0.0753910038562093,1.01920896190137,1.00416788901455
74,"survival_80",94,4,800,"correct","robust",0.997064864801279,FALSE,-0.0233069705992247,TRUE,0.589040434058665,0.56573346345944,0.0182233676072245,0.532749978986522,0.566084511713896,0.60245713966989,TRUE,-1.2789606784854,0.0697071606833672,-0.0225924410527486,0.0753910038562093,1.03162692976858,0.92460846941788
74,"survival_80",14,4,50,"correct","full",NA,FALSE,-0.0203775054445641,TRUE,0.589040434058665,0.568662928614101,0.019074333544693,0.532698901796852,0.568197370172784,0.605694657319783,TRUE,-1.06832070419748,0.0729957555229312,-0.0225924410527486,0.0753910038562093,0.901961208927662,0.968228990055014
74,"survival_110",24,4,200,"correct","full",NA,FALSE,-0.0410209574103588,TRUE,0.789181706522253,0.748160749111894,0.0283455795405582,0.69018528891693,0.74963606542155,0.796623550191909,TRUE,-1.44717300105521,0.106438261274979,-0.0380678373037336,0.112708949317429,1.07757520037356,0.944363885206763
74,"survival_110",44,4,50,"biased","full",NA,FALSE,-0.036982174642376,TRUE,0.789181706522253,0.752199531879877,0.027523598460866,0.696453566848149,0.753405217553263,0.802039941627171,TRUE,-1.34365332697898,0.105586374779023,-0.0380678373037336,0.112708949317429,0.97148084214253,0.9368055990093
74,"survival_110",104,4,50,"biased","robust",0.981769517950274,FALSE,-0.0363463329851476,TRUE,0.789181706522253,0.752835373537105,0.0280454047781303,0.693655749091493,0.753998715041034,0.803030499910503,TRUE,-1.29598175789177,0.10937475081901,-0.0380678373037336,0.112708949317429,0.954777984763079,0.970417624167281
74,"survival_110",84,4,200,"correct","robust",0.977391418419192,FALSE,-0.0400561790233773,TRUE,0.789181706522253,0.749125527498876,0.0279738659655806,0.692143802295008,0.749788398537145,0.801630526598698,TRUE,-1.43191431147425,0.10948672430369,-0.0380678373037336,0.112708949317429,1.05223153876011,0.971411098823532
74,"survival_110",54,4,200,"biased","full",NA,FALSE,-0.0295086254618554,TRUE,0.789181706522253,0.759673081060397,0.0276304909921753,0.699494408875036,0.760574154769455,0.811116463765999,TRUE,-1.06797325716043,0.111622054890963,-0.0380678373037336,0.112708949317429,0.775158967566598,0.990356627108595
74,"survival_110",64,4,800,"biased","full",NA,FALSE,-0.0336098592039197,TRUE,0.789181706522253,0.755571847318333,0.0266599221285538,0.701699308923233,0.756267122610847,0.8054916230263,TRUE,-1.26068857372701,0.103792314103067,-0.0380678373037336,0.112708949317429,0.882893843843955,0.920887957270817
74,"survival_110",34,4,800,"correct","full",NA,FALSE,-0.0372802380988484,TRUE,0.789181706522253,0.751901468423404,0.0286091501563111,0.692431872452898,0.75335176999784,0.805293777748426,TRUE,-1.30308792449833,0.112861905295528,-0.0380678373037336,0.112708949317429,0.979310639619446,1.00135708813741
74,"survival_110",4,4,0,"weak","none",NA,FALSE,-0.0380678373037336,TRUE,0.789181706522253,0.751113869218519,0.0286666181759139,0.692641854366862,0.752339385137171,0.805350803684291,TRUE,-1.32795005919878,0.112708949317429,-0.0380678373037336,0.112708949317429,1,1
74,"survival_110",74,4,50,"correct","robust",0.962136047239372,FALSE,-0.0339029667850117,TRUE,0.789181706522253,0.755278739737241,0.0272225957888876,0.699574966366379,0.757820828483566,0.804475613339376,TRUE,-1.24539801596919,0.104900646972998,-0.0380678373037336,0.112708949317429,0.890593455953605,0.93072154082068
74,"survival_110",124,4,800,"biased","robust",0.395108488512929,FALSE,-0.035884389493688,TRUE,0.789181706522253,0.753297317028565,0.0280708279405538,0.694670714091884,0.753966530775292,0.802563953928004,TRUE,-1.27835165993967,0.10789323983612,-0.0380678373037336,0.112708949317429,0.942643239944931,0.957273051426052
74,"survival_110",94,4,800,"correct","robust",0.997064864801279,FALSE,-0.0386660833590304,TRUE,0.789181706522253,0.750515623163222,0.0280606115521258,0.694224656592043,0.751210034618384,0.801691538009185,TRUE,-1.37794870533038,0.107466881417142,-0.0380678373037336,0.112708949317429,1.0157152624806,0.953490224760025
74,"survival_110",114,4,200,"biased","robust",0.977172456970572,FALSE,-0.0306967737594827,TRUE,0.789181706522253,0.75848493276277,0.0271817093140436,0.702619319254134,0.759430822055884,0.809287142201557,TRUE,-1.12931727011086,0.106667822947423,-0.0380678373037336,0.112708949317429,0.806370309785682,0.946400650466608
74,"survival_110",14,4,50,"correct","full",NA,FALSE,-0.0337678965991688,TRUE,0.789181706522253,0.755413809923084,0.0284024616609934,0.698027903228013,0.755380497366807,0.807553421963086,TRUE,-1.18890739127531,0.109525518735073,-0.0380678373037336,0.112708949317429,0.887045311498609,0.971755298921385
74,"growth_increment_50",54,4,200,"biased","full",NA,FALSE,1.26954929005557,TRUE,12,13.2695492900556,0.968143799213914,11.3752437458161,13.2922883127105,15.141796331024,TRUE,1.31132306077505,3.76655258520796,1.11928220268402,3.75666603331172,1.13425308381677,1.00263173564234
74,"growth_increment_50",24,4,200,"correct","full",NA,FALSE,1.310397830291,TRUE,12,13.310397830291,0.950819389218559,11.4614601127336,13.3134329206855,15.1398934200277,TRUE,1.37817743848068,3.67843330729404,1.11928220268402,3.75666603331172,1.17074838423116,0.979174958507367
74,"growth_increment_50",114,4,200,"biased","robust",0.977172456970572,FALSE,1.26508446424775,TRUE,12,13.2650844642478,0.932724082646095,11.5056573850491,13.2460852415813,15.1646452161532,TRUE,1.35633301185788,3.65898783110412,1.11928220268402,3.75666603331172,1.13026407568539,0.973998699553953
74,"growth_increment_50",124,4,800,"biased","robust",0.395108488512929,FALSE,1.24775694941283,TRUE,12,13.2477569494128,0.964569657105553,11.3566369559364,13.2618324403674,15.1553095134465,TRUE,1.29358926047607,3.79867255751013,1.11928220268402,3.75666603331172,1.11478315872506,1.01118186280759
74,"growth_increment_50",64,4,800,"biased","full",NA,FALSE,1.50121620557485,TRUE,12,13.5012162055749,0.913697567597729,11.7009543314901,13.4828143499903,15.2975125406917,TRUE,1.64301215064172,3.59655820920164,1.11928220268402,3.75666603331172,1.34123119439849,0.957380341321177
74,"growth_increment_50",44,4,50,"biased","full",NA,FALSE,1.205578008678,TRUE,12,13.205578008678,0.966675136235399,11.2913741636427,13.1943334236961,15.0946319725347,TRUE,1.24713873719043,3.80325780889196,1.11928220268402,3.75666603331172,1.07709923894711,1.01240242682397
74,"growth_increment_50",104,4,50,"biased","robust",0.981769517950274,FALSE,1.23233682946955,TRUE,12,13.2323368294695,1.01031999126458,11.3613129795005,13.2317260130727,15.209073098266,TRUE,1.21974903013359,3.84776011876552,1.11928220268402,3.75666603331172,1.10100636507436,1.0242486515027
74,"growth_increment_50",4,4,0,"weak","none",NA,FALSE,1.11928220268402,TRUE,12,13.119282202684,1.00127074222937,11.3101974588053,13.1081232665439,15.066863492117,TRUE,1.11786168862968,3.75666603331172,1.11928220268402,3.75666603331172,1,1
74,"growth_increment_50",74,4,50,"correct","robust",0.962136047239372,FALSE,1.13492120344249,TRUE,12,13.1349212034425,1.02291501256085,11.0540829839511,13.0934162564152,15.1870851218081,TRUE,1.10949706427833,4.13300213785702,1.11928220268402,3.75666603331172,1.01397234827908,1.10017821685723
74,"growth_increment_50",94,4,800,"correct","robust",0.997064864801279,FALSE,1.14033760487992,TRUE,12,13.1403376048799,0.990284598967112,11.20458661015,13.1552658284616,15.02965431538,TRUE,1.15152513334986,3.82506770523003,1.11928220268402,3.75666603331172,1.01881152237158,1.01820807900191
74,"growth_increment_50",14,4,50,"correct","full",NA,FALSE,1.18074992277558,TRUE,12,13.1807499227756,1.00282875356133,11.2849314550792,13.1266468665434,15.1643681453166,TRUE,1.17741929375519,3.87943669023742,1.11928220268402,3.75666603331172,1.05491708877722,1.03268074825844
74,"growth_increment_50",34,4,800,"correct","full",NA,FALSE,1.08063308040217,TRUE,12,13.0806330804022,0.968098524550295,11.188648644058,13.0677370273912,14.9550045225356,TRUE,1.11624287507736,3.76635587847754,1.11928220268402,3.75666603331172,0.96546972498163,1.00257937359347
74,"growth_increment_50",84,4,200,"correct","robust",0.977391418419192,FALSE,1.30572844734946,TRUE,12,13.3057284473495,0.946099288165366,11.5408296984063,13.2652030524644,15.2157400439079,TRUE,1.38011777799926,3.67491034550158,1.11928220268402,3.75666603331172,1.16657661867432,0.978237169052246
74,"growth_increment_80",64,4,800,"biased","full",NA,FALSE,1.23918147273035,TRUE,8.4,9.63918147273035,0.671618044051379,8.31092976818575,9.6241967942896,10.9248500068502,TRUE,1.84506876148722,2.61392023866445,1.07072086468302,2.81058339893853,1.15733382397213,0.930027637554412
74,"growth_increment_80",114,4,200,"biased","robust",0.977172456970572,FALSE,1.28388193142356,TRUE,8.4,9.68388193142356,0.684865752569098,8.31445001086902,9.69829875368122,11.0558741597009,TRUE,1.87464758838854,2.74142414883184,1.07072086468302,2.81058339893853,1.19908182774008,0.975393275953736
74,"growth_increment_80",124,4,800,"biased","robust",0.395108488512929,FALSE,1.12928927531016,TRUE,8.4,9.52928927531016,0.705415352249891,8.16833857450594,9.53650762431817,10.8634545988513,TRUE,1.6008855941515,2.69511602434535,1.07072086468302,2.81058339893853,1.05469998069429,0.958916937089719
74,"growth_increment_80",44,4,50,"biased","full",NA,FALSE,1.18117824128934,TRUE,8.4,9.58117824128934,0.704448047825822,8.21210190974062,9.56543474236189,11.0008644958857,TRUE,1.67674286973309,2.7887625861451,1.07072086468302,2.81058339893853,1.10316169250986,0.992236198078424
74,"growth_increment_80",104,4,50,"biased","robust",0.981769517950274,FALSE,1.18364266567112,TRUE,8.4,9.58364266567112,0.732706301088202,8.19568295822268,9.57192876342894,11.0210649552527,TRUE,1.61543945222416,2.82538199703,1.07072086468302,2.81058339893853,1.10546334223302,1.00526531185556
74,"growth_increment_80",4,4,0,"weak","none",NA,FALSE,1.07072086468302,TRUE,8.4,9.47072086468302,0.73762674850621,8.08235236522085,9.46951564111522,10.8929357641594,TRUE,1.45157543005506,2.81058339893853,1.07072086468302,2.81058339893853,1,1
74,"growth_increment_80",54,4,200,"biased","full",NA,FALSE,1.27612936254732,TRUE,8.4,9.67612936254733,0.705275500399104,8.26456731443963,9.68857296526121,11.0548070356683,TRUE,1.80940549023067,2.79023972122864,1.07072086468302,2.81058339893853,1.19184131423937,0.99276175981201
74,"growth_increment_80",34,4,800,"correct","full",NA,FALSE,1.03364186041959,TRUE,8.4,9.43364186041959,0.711134003010921,8.07044160162594,9.42588517558918,10.8013843511028,TRUE,1.4535120751408,2.73094274947682,1.07072086468302,2.81058339893853,0.965370055365073,0.971664014847668
74,"growth_increment_80",94,4,800,"correct","robust",0.997064864801279,FALSE,1.07560348664741,TRUE,8.4,9.47560348664741,0.727672632904838,8.07813352739187,9.48230944711601,10.875120477667,TRUE,1.47814200783345,2.79698695027511,1.07072086468302,2.81058339893853,1.00456012591651,0.995162410527098
74,"growth_increment_80",74,4,50,"correct","robust",0.962136047239372,FALSE,1.1656245545041,TRUE,8.4,9.5656245545041,0.73431665839641,8.16336554640708,9.54257746530177,10.9819214628038,TRUE,1.58735954193055,2.81855591639677,1.07072086468302,2.81058339893853,1.08863532312801,1.00283660590227
74,"growth_increment_80",24,4,200,"correct","full",NA,FALSE,1.15528546821929,TRUE,8.4,9.55528546821929,0.701532652770088,8.24223447581676,9.55302351478379,10.9598672997051,TRUE,1.64680213195709,2.71763282388838,1.07072086468302,2.81058339893853,1.07897913109343,0.966928369716674
74,"growth_increment_80",14,4,50,"correct","full",NA,FALSE,1.20279873829492,TRUE,8.4,9.60279873829492,0.749230374305198,8.20161994811802,9.5730605255355,11.1848560802167,TRUE,1.60537903900431,2.98323613209869,1.07072086468302,2.81058339893853,1.12335416070462,1.06142950009075
74,"growth_increment_80",84,4,200,"correct","robust",0.977391418419192,FALSE,1.13805763056113,TRUE,8.4,9.53805763056113,0.708613780272786,8.11183229497196,9.53400061726268,11.0300448412354,TRUE,1.60603372703679,2.91821254626345,1.07072086468302,2.81058339893853,1.06288918811538,1.03829423719131
74,"growth_increment_110",114,4,200,"biased","robust",0.977172456970572,FALSE,1.30267939859935,TRUE,4.8,6.10267939859935,0.653298195464875,4.79477537922344,6.10989212139061,7.34054183315732,TRUE,1.99400428111145,2.54576645393388,1.022159526682,2.76780404286851,1.27443844585388,0.919778428857083
74,"growth_increment_110",124,4,800,"biased","robust",0.395108488512929,FALSE,1.01082160120749,TRUE,4.8,5.81082160120749,0.664658723783936,4.4488653924695,5.83774838976742,7.09668918633754,TRUE,1.52081296015018,2.64782379386804,1.022159526682,2.76780404286851,0.988907870857193,0.956651465514834
74,"growth_increment_110",14,4,50,"correct","full",NA,FALSE,1.22484755381425,TRUE,4.8,6.02484755381425,0.684589308696725,4.68695005104476,6.02013860013049,7.3602617235818,TRUE,1.78917131520215,2.67331167253705,1.022159526682,2.76780404286851,1.19829392755374,0.965860166085481
74,"growth_increment_110",44,4,50,"biased","full",NA,FALSE,1.15677847390066,TRUE,4.8,5.95677847390066,0.643608698051503,4.71107777251449,5.9502033826424,7.29379360874241,TRUE,1.79733194626293,2.58271583622792,1.022159526682,2.76780404286851,1.13170052590092,0.933128139212931
74,"growth_increment_110",104,4,50,"biased","robust",0.981769517950274,FALSE,1.13494850187271,TRUE,4.8,5.93494850187272,0.653104962831562,4.64181945515376,5.93697296468566,7.15084423654189,TRUE,1.73777350726612,2.50902478138813,1.022159526682,2.76780404286851,1.11034380861942,0.906503763462898
74,"growth_increment_110",54,4,200,"biased","full",NA,FALSE,1.28270943503905,TRUE,4.8,6.08270943503905,0.649200307659861,4.7959161922566,6.07340896545648,7.39934097747416,TRUE,1.97582998637626,2.60342478521756,1.022159526682,2.76780404286851,1.25490141367934,0.940610225613878
74,"growth_increment_110",64,4,800,"biased","full",NA,FALSE,0.977146739885878,TRUE,4.8,5.77714673988588,0.616223237512609,4.63225614696687,5.78100335718422,6.99121803901302,TRUE,1.5857025188309,2.35896189204615,1.022159526682,2.76780404286851,0.955963051146982,0.852286453632517
74,"growth_increment_110",24,4,200,"correct","full",NA,FALSE,1.00017310614759,TRUE,4.8,5.80017310614759,0.645651269766084,4.60626662293116,5.79153039631515,7.04991470024804,TRUE,1.54909182864296,2.44364807731689,1.022159526682,2.76780404286851,0.978490225879149,0.882883339813438
74,"growth_increment_110",34,4,800,"correct","full",NA,FALSE,0.986650640437011,TRUE,4.8,5.78665064043701,0.64347473906484,4.54357102945212,5.8096047035652,7.02349368209729,TRUE,1.53331681966398,2.47992265264517,1.022159526682,2.76780404286851,0.965260915426526,0.89598924426565
74,"growth_increment_110",94,4,800,"correct","robust",0.997064864801279,FALSE,1.01086936841493,TRUE,4.8,5.81086936841493,0.64806542317633,4.48811580889326,5.81599864079925,7.0781416303314,TRUE,1.55982611054978,2.59002582143814,1.022159526682,2.76780404286851,0.988954602513256,0.935769216795376
74,"growth_increment_110",74,4,50,"correct","robust",0.962136047239372,FALSE,1.1963279055657,TRUE,4.8,5.9963279055657,0.66228631235706,4.67736831403382,6.00138078130374,7.29329137545183,TRUE,1.80636060755657,2.61592306141801,1.022159526682,2.76780404286851,1.17039256039521,0.945125818483489
74,"growth_increment_110",4,4,0,"weak","none",NA,FALSE,1.022159526682,TRUE,4.8,5.822159526682,0.692901114544525,4.42779984973934,5.81222865156645,7.19560389260785,TRUE,1.47518816931607,2.76780404286851,1.022159526682,2.76780404286851,1,1
74,"growth_increment_110",84,4,200,"correct","robust",0.977391418419192,FALSE,0.970386813772809,TRUE,4.8,5.77038681377281,0.652072855858574,4.4762288813762,5.78127704605273,7.0345805767818,TRUE,1.48815704419273,2.5583516954056,1.022159526682,2.76780404286851,0.949349674333861,0.924325442040385
74,"growth_sd.log_growth_sd",64,4,800,"biased","full",NA,FALSE,0.393254136217155,TRUE,4.5,4.89325413621715,0.757457547249072,3.5926388420324,4.83684267005549,6.38965477300996,TRUE,0.519176470873347,2.79701593097756,0.536511036609345,3.14555878704086,0.732984243348378,0.889195249664627
74,"growth_sd.log_growth_sd",104,4,50,"biased","robust",0.981769517950274,FALSE,0.501067998917064,TRUE,4.5,5.00106799891706,0.810429074543149,3.58262452767386,4.91897004080084,6.65302499904688,TRUE,0.618274954164895,3.07040047137303,0.536511036609345,3.14555878704086,0.933937915021702,0.97610652963236
74,"growth_sd.log_growth_sd",34,4,800,"correct","full",NA,FALSE,0.499592941530365,TRUE,4.5,4.99959294153037,0.765419372874619,3.68756017301213,4.93004130005074,6.69010210426439,TRUE,0.652704855972077,3.00254193125227,0.536511036609345,3.14555878704086,0.931188563589865,0.9545337202478
74,"growth_sd.log_growth_sd",124,4,800,"biased","robust",0.395108488512929,FALSE,0.487365944495962,TRUE,4.5,4.98736594449596,0.755470236536496,3.68016619652402,4.95266946033022,6.57907089942157,TRUE,0.645116009772038,2.89890470289755,0.536511036609345,3.14555878704086,0.908398730389646,0.921586560340414
74,"growth_sd.log_growth_sd",114,4,200,"biased","robust",0.977172456970572,FALSE,0.499202034741637,TRUE,4.5,4.99920203474164,0.799878067627526,3.63990283497409,4.91652959350517,6.71325653370086,TRUE,0.624097665563317,3.07335369872677,0.536511036609345,3.14555878704086,0.93045995455472,0.977045385827293
74,"growth_sd.log_growth_sd",44,4,50,"biased","full",NA,FALSE,0.483046811911127,TRUE,4.5,4.98304681191113,0.768726366891446,3.55287918270158,4.94449400810427,6.54594310845111,TRUE,0.628372894069521,2.99306392574953,0.536511036609345,3.14555878704086,0.900348322681109,0.951520581360749
74,"growth_sd.log_growth_sd",54,4,200,"biased","full",NA,FALSE,0.518398507244515,TRUE,4.5,5.01839850724452,0.792241846530499,3.60112021872748,4.98183661871518,6.73463028671599,TRUE,0.654343758177837,3.1335100679885,0.536511036609345,3.14555878704086,0.966240155133998,0.996169609322835
74,"growth_sd.log_growth_sd",14,4,50,"correct","full",NA,FALSE,0.520453376463246,TRUE,4.5,5.02045337646325,0.809477795416806,3.61765583150338,4.95706120581714,6.83165223170584,TRUE,0.642949540320943,3.21399640020246,0.536511036609345,3.14555878704086,0.970070214682665,1.02175690164926
74,"growth_sd.log_growth_sd",4,4,0,"weak","none",NA,FALSE,0.536511036609345,TRUE,4.5,5.03651103660934,0.778242337699794,3.67263577697771,4.96158954637748,6.81819456401857,TRUE,0.689388138654959,3.14555878704086,0.536511036609345,3.14555878704086,1,1
74,"growth_sd.log_growth_sd",84,4,200,"correct","robust",0.977391418419192,FALSE,0.456076056499382,TRUE,4.5,4.95607605649938,0.743927156677408,3.6762550334237,4.86318507988629,6.52161744813065,TRUE,0.613065476109716,2.84536241470695,0.536511036609345,3.14555878704086,0.850077678516555,0.904565009698542
74,"growth_sd.log_growth_sd",94,4,800,"correct","robust",0.997064864801279,FALSE,0.507979605981713,TRUE,4.5,5.00797960598171,0.78322910284887,3.64735689431083,4.94057038707724,6.7062470872982,TRUE,0.648570902350306,3.05889019298737,0.536511036609345,3.14555878704086,0.946820421797945,0.97244731384117
74,"growth_sd.log_growth_sd",74,4,50,"correct","robust",0.962136047239372,FALSE,0.557633326770533,TRUE,4.5,5.05763332677053,0.811509454339638,3.70310677222164,4.96749246732591,6.81281228731121,TRUE,0.687155674882809,3.10970551508957,0.536511036609345,3.14555878704086,1.03936972162712,0.988601938676524
74,"growth_sd.log_growth_sd",24,4,200,"correct","full",NA,FALSE,0.412805545243969,TRUE,4.5,4.91280554524397,0.731706961009913,3.62307846004078,4.85804338292397,6.61426981047052,TRUE,0.56416785303533,2.99119135042974,0.536511036609345,3.14555878704086,0.7694260081821,0.95092527367567
74,"recruitment_50",54,4,200,"biased","full",NA,FALSE,0.0237004314700262,TRUE,0.019387103915861,0.0430875353858872,0.0107545782435141,0.0258402153338161,0.0416739779220713,0.0677845377013242,FALSE,2.20375275844215,0.0419443223675081,0.00570475984697797,0.0450052295826292,4.15450117196102,0.93198774356875
74,"recruitment_50",4,4,0,"weak","none",NA,FALSE,0.00570475984697797,TRUE,0.019387103915861,0.025091863762839,0.012420207917142,0.00851244981502934,0.0227052445997681,0.0535176793976586,TRUE,0.459312749435091,0.0450052295826292,0.00570475984697797,0.0450052295826292,1,1
74,"recruitment_50",34,4,800,"correct","full",NA,FALSE,0.00247625208843229,TRUE,0.019387103915861,0.0218633560042933,0.00451852553264036,0.0147060864639364,0.0213769815718639,0.0324734029736714,TRUE,0.548022152479754,0.017767316509735,0.00570475984697797,0.0450052295826292,0.434067717985369,0.394783376832116
74,"recruitment_50",104,4,50,"biased","robust",0.981769517950274,FALSE,0.010598476102616,TRUE,0.019387103915861,0.029985580018477,0.0109389896539232,0.0136153011124635,0.0282401934313665,0.0549235116784543,TRUE,0.968871572048245,0.0413082105659908,0.00570475984697797,0.0450052295826292,1.85783037093673,0.917853568331414
74,"recruitment_50",14,4,50,"correct","full",NA,FALSE,0.0131739502935905,TRUE,0.019387103915861,0.0325610542094515,0.0124343887756359,0.0150784316212417,0.030641093521545,0.0627425879148622,TRUE,1.05947711072084,0.0476641562936205,0.00570475984697797,0.0450052295826292,2.3092909512342,1.0590803943375
74,"recruitment_50",124,4,800,"biased","robust",0.395108488512929,FALSE,0.0188584104247368,TRUE,0.019387103915861,0.0382455143405978,0.0196241431938283,0.0100393863271138,0.0345458609753119,0.0732518862422617,TRUE,0.960980066159916,0.0632124999151479,0.00570475984697797,0.0450052295826292,3.30573256904527,1.40455899239643
74,"recruitment_50",114,4,200,"biased","robust",0.977172456970572,FALSE,0.023623710428557,TRUE,0.019387103915861,0.043010814344418,0.0106784076671697,0.0261764084844176,0.0419055602261806,0.0668483918646972,FALSE,2.21228774597049,0.0406719833802796,0.00570475984697797,0.0450052295826292,4.14105257052518,0.90371682929883
74,"recruitment_50",44,4,50,"biased","full",NA,FALSE,0.011480488700617,TRUE,0.019387103915861,0.030867592616478,0.0117133757945163,0.0133496991886428,0.0292266851830175,0.0588102965928088,TRUE,0.980117850055806,0.045460597404166,0.00570475984697797,0.0450052295826292,2.0124403145031,1.01011810906776
74,"recruitment_50",64,4,800,"biased","full",NA,FALSE,0.0396958547250009,TRUE,0.019387103915861,0.0590829586408619,0.00834942221106181,0.0449201763334349,0.0584400646948278,0.0761968135205945,FALSE,4.75432355934875,0.0312766371871596,0.00570475984697797,0.0450052295826292,6.95837437329273,0.694955619096132
74,"recruitment_50",84,4,200,"correct","robust",0.977391418419192,FALSE,0.00870419483585909,TRUE,0.019387103915861,0.0280912987517201,0.00855732021625727,0.015034743407648,0.0269826597663015,0.047666524144792,TRUE,1.01716362317759,0.032631780737144,0.00570475984697797,0.0450052295826292,1.52577760840713,0.725066420941867
74,"recruitment_50",24,4,200,"correct","full",NA,FALSE,0.00869704350586952,TRUE,0.019387103915861,0.0280841474217305,0.00846885264680121,0.0155824305201272,0.0268177887262695,0.0489634812497343,TRUE,1.02694471950158,0.0333810507296071,0.00570475984697797,0.0450052295826292,1.52452403592005,0.741714930446466
74,"recruitment_50",74,4,50,"correct","robust",0.962136047239372,FALSE,0.0122008748434926,TRUE,0.019387103915861,0.0315879787593536,0.0119139561573523,0.0141407928949713,0.029528101286292,0.0609701909387878,TRUE,1.02408257025213,0.0468293980438165,0.00570475984697797,0.0450052295826292,2.13871839845385,1.0405323665295
74,"recruitment_50",94,4,800,"correct","robust",0.997064864801279,FALSE,0.00250594472268507,TRUE,0.019387103915861,0.0218930486385461,0.00448179896449472,0.0147629322127554,0.0214391886769738,0.0328492335160425,TRUE,0.559138136836888,0.0180863013032871,0.00570475984697797,0.0450052295826292,0.439272605666752,0.401871104114264
74,"recruitment_80",4,4,0,"weak","none",NA,FALSE,0.0130771909343783,TRUE,0.183939720585721,0.197016911520099,0.0466556461479627,0.118053753741669,0.191488971625886,0.301083246520493,TRUE,0.280291712023568,0.183029492778824,0.0130771909343783,0.183029492778824,1,1
74,"recruitment_80",104,4,50,"biased","robust",0.981769517950274,FALSE,0.0343591178676649,TRUE,0.183939720585721,0.218298838453386,0.038142023505481,0.152657727130102,0.213784145358541,0.297457398541711,TRUE,0.900820531001128,0.144799671411608,0.0130771909343783,0.183029492778824,2.6274081368147,0.791127534766142
74,"recruitment_80",34,4,800,"correct","full",NA,FALSE,0.00442551307600969,TRUE,0.183939720585721,0.188365233661731,0.0177646079740483,0.157661568589617,0.187594045761847,0.225981732663827,TRUE,0.249119658732395,0.0683201640742107,0.0130771909343783,0.183029492778824,0.338414656344551,0.373274072046793
74,"recruitment_80",84,4,200,"correct","robust",0.977391418419192,FALSE,0.033158259009111,TRUE,0.183939720585721,0.217097979594832,0.0306472315895224,0.162883535853233,0.21448925556209,0.28063626870116,TRUE,1.08193325430565,0.117752732847928,0.0130771909343783,0.183029492778824,2.53557963445668,0.643353871882397
74,"recruitment_80",44,4,50,"biased","full",NA,FALSE,0.036939963597234,TRUE,0.183939720585721,0.220879684182955,0.0405959368601132,0.153027511973062,0.217781541976884,0.309325711535709,TRUE,0.909942384739708,0.156298199562647,0.0130771909343783,0.183029492778824,2.82476288543922,0.85395089714596
74,"recruitment_80",74,4,50,"correct","robust",0.962136047239372,FALSE,0.0374728043780666,TRUE,0.183939720585721,0.221412524963788,0.0400993557278905,0.14994413875209,0.218306062857518,0.316956981766013,TRUE,0.934498913956438,0.167012843013923,0.0130771909343783,0.183029492778824,2.8655086987799,0.912491426809252
74,"recruitment_80",54,4,200,"biased","full",NA,FALSE,0.076990471841819,TRUE,0.183939720585721,0.26093019242754,0.0299472076795412,0.206481734053025,0.259964945872228,0.326170657131921,FALSE,2.57087314001619,0.119688923078896,0.0130771909343783,0.183029492778824,5.88738607764921,0.653932441497447
74,"recruitment_80",24,4,200,"correct","full",NA,FALSE,0.0335013826118244,TRUE,0.183939720585721,0.217441103197546,0.0305376936950389,0.164959793896731,0.215076191006425,0.283831582748952,TRUE,1.097050188085,0.118871788852221,0.0130771909343783,0.183029492778824,2.56181796074825,0.649467946654194
74,"recruitment_80",14,4,50,"correct","full",NA,FALSE,0.0404286551814556,TRUE,0.183939720585721,0.224368375767177,0.0401926997058681,0.157890841232172,0.220746300200844,0.314370868902597,TRUE,1.00587060529186,0.156480027670425,0.0130771909343783,0.183029492778824,3.09153971860836,0.854944333258457
74,"recruitment_80",94,4,800,"correct","robust",0.997064864801279,FALSE,0.00449896276138115,TRUE,0.183939720585721,0.188438683347102,0.0179167323281004,0.15659221901909,0.187750661762788,0.226534373274059,TRUE,0.251103978057708,0.069942154254969,0.0130771909343783,0.183029492778824,0.344031281944041,0.382135978158932
74,"recruitment_80",114,4,200,"biased","robust",0.977172456970572,FALSE,0.0770843629235345,TRUE,0.183939720585721,0.261024083509256,0.0308347969759506,0.207109198503303,0.259374954570786,0.326183153835967,FALSE,2.49991472243699,0.119073955332663,0.0130771909343783,0.183029492778824,5.89456583683347,0.650572503506603
74,"recruitment_80",64,4,800,"biased","full",NA,FALSE,0.141807536799864,TRUE,0.183939720585721,0.325747257385585,0.0209621151751177,0.288285629009841,0.325410258210877,0.368338578389277,FALSE,6.76494407244704,0.0800529493794359,0.0130771909343783,0.183029492778824,10.8438836376603,0.437377321895184
74,"recruitment_80",124,4,800,"biased","robust",0.395108488512929,FALSE,0.0630437475890541,TRUE,0.183939720585721,0.246983468174775,0.0730868661877135,0.128324566137014,0.237295081845359,0.357323228042869,TRUE,0.862586547727125,0.228998661905856,0.0130771909343783,0.183029492778824,4.8208937152795,1.25115716832905
74,"recruitment_110",74,4,50,"correct","robust",0.962136047239372,FALSE,-0.134679046055894,TRUE,1.74517147873092,1.61049243267503,0.114741350100746,1.3982872213648,1.60669645649787,1.84156356985096,TRUE,-1.17376208261138,0.443276348486167,-0.10666039257868,0.467807511509567,1.26269032768227,0.947561416993411
74,"recruitment_110",4,4,0,"weak","none",NA,FALSE,-0.10666039257868,TRUE,1.74517147873092,1.63851108615224,0.118856706853037,1.4186899388056,1.63066058534256,1.88649745031517,TRUE,-0.897386402523863,0.467807511509567,-0.10666039257868,0.467807511509567,1,1
74,"recruitment_110",14,4,50,"correct","full",NA,FALSE,-0.138147101610036,TRUE,1.74517147873092,1.60702437712088,0.115207802402525,1.39395788033439,1.60269420326291,1.84348539413609,TRUE,-1.19911237545668,0.449527513801698,-0.10666039257868,0.467807511509567,1.29520526101691,0.960924103914276
74,"recruitment_110",34,4,800,"correct","full",NA,FALSE,-0.100616627513779,TRUE,1.74517147873092,1.64455485121714,0.0895301370559619,1.47891978197242,1.64059165868342,1.82762053234011,TRUE,-1.12382970497284,0.34870075036769,-0.10666039257868,0.467807511509567,0.943336369585899,0.745393653989155
74,"recruitment_110",44,4,50,"biased","full",NA,FALSE,-0.10331832543982,TRUE,1.74517147873092,1.6418531532911,0.118845580955477,1.42786518904205,1.63567123504863,1.89882289117186,TRUE,-0.869349323796283,0.470957702129814,-0.10666039257868,0.467807511509567,0.968666277536953,1.00673394621237
74,"recruitment_110",114,4,200,"biased","robust",0.977172456970572,FALSE,-0.130797983651971,TRUE,1.74517147873092,1.61437349507895,0.106875673653259,1.41047695840897,1.60845666912431,1.84119998477779,TRUE,-1.22383306865812,0.430723026368818,-0.10666039257868,0.467807511509567,1.22630322737173,0.92072704215227
74,"recruitment_110",104,4,50,"biased","robust",0.981769517950274,FALSE,-0.0989557386359845,TRUE,1.74517147873092,1.64621574009494,0.113112854520436,1.43276803788164,1.64770633474296,1.88160623800454,TRUE,-0.87484078671276,0.448838200122901,-0.10666039257868,0.467807511509567,0.927764620432909,0.959450605387986
74,"recruitment_110",24,4,200,"correct","full",NA,FALSE,-0.0184370859317753,TRUE,1.74517147873092,1.72673439279915,0.109968574749127,1.51443634442512,1.71991177222472,1.95073672489609,TRUE,-0.167657769265775,0.436300380470961,-0.10666039257868,0.467807511509567,0.172857848035528,0.932649369102828
74,"recruitment_110",64,4,800,"biased","full",NA,FALSE,0.063498113906757,TRUE,1.74517147873092,1.80866959263768,0.0933457327526219,1.6314741120311,1.80111008129797,2.00908512884129,TRUE,0.680246563332842,0.377611016810194,-0.10666039257868,0.467807511509567,0.595329834923645,0.807193145727143
74,"recruitment_110",84,4,200,"correct","robust",0.977391418419192,FALSE,-0.023810767399564,TRUE,1.74517147873092,1.72136071133136,0.110507625514256,1.52783292057405,1.70976499199514,1.96416588046507,TRUE,-0.215467188700858,0.436332959891019,-0.10666039257868,0.467807511509567,0.22323907519841,0.932719011892343
74,"recruitment_110",124,4,800,"biased","robust",0.395108488512929,FALSE,-0.0428486707947364,TRUE,1.74517147873092,1.70232280793618,0.134223680520584,1.46098122941407,1.69518618057074,1.96191969763501,TRUE,-0.319233317314417,0.500938468220944,-0.10666039257868,0.467807511509567,0.40172991828366,1.070821771554
74,"recruitment_110",54,4,200,"biased","full",NA,FALSE,-0.133891096620628,TRUE,1.74517147873092,1.61128038211029,0.111277684765301,1.39981437028877,1.6038412943609,1.84064482027372,TRUE,-1.20321605273349,0.440830449984946,-0.10666039257868,0.467807511509567,1.25530286719937,0.942332987690668
74,"recruitment_110",94,4,800,"correct","robust",0.997064864801279,FALSE,-0.102170034137002,TRUE,1.74517147873092,1.64300144459392,0.0889067315420196,1.48312735570809,1.64215953343364,1.81463521481265,TRUE,-1.14918220887148,0.331507859104552,-0.10666039257868,0.467807511509567,0.957900413329474,0.708641590714971
74,"recruit_mean_50",44,4,50,"biased","full",NA,FALSE,1.23836660775238,TRUE,44,45.2383666077524,1.39510407639698,42.5430556682801,45.2631071622611,48.0103006218716,TRUE,0.88765177358711,5.46724495359148,1.30718999392198,5.54638766301797,0.947350127762908,0.985730764916741
74,"recruit_mean_50",64,4,800,"biased","full",NA,FALSE,1.49645941801909,TRUE,44,45.4964594180191,1.42643690237558,42.734535804268,45.5492453029374,48.2825126765647,TRUE,1.04908910834183,5.54797687229674,1.30718999392198,5.54638766301797,1.14479105943065,1.00028653050874
74,"recruit_mean_50",34,4,800,"correct","full",NA,FALSE,1.36231929160371,TRUE,44,45.3623192916037,1.45768410825945,42.5409341633783,45.3618759583781,48.1009499859549,TRUE,0.934577858045248,5.56001582257665,1.30718999392198,5.54638766301797,1.04217389816175,1.00245712351655
74,"recruit_mean_50",124,4,800,"biased","robust",0.395108488512929,FALSE,1.34271366343116,TRUE,44,45.3427136634312,1.50261378876943,42.540479074092,45.2480877686968,48.194952197048,TRUE,0.89358534672491,5.65447312295604,1.30718999392198,5.54638766301797,1.02717559778942,1.01948754153244
74,"recruit_mean_50",74,4,50,"correct","robust",0.962136047239372,FALSE,1.2394584652126,TRUE,44,45.2394584652126,1.37277689291416,42.6761308131373,45.2485143682759,48.0106384256782,TRUE,0.902884126044291,5.33450761254085,1.30718999392198,5.54638766301797,0.948185398431513,0.961798550092362
74,"recruit_mean_50",4,4,0,"weak","none",NA,FALSE,1.30718999392198,TRUE,44,45.307189993922,1.4556670405252,42.4811763180619,45.3329927462401,48.0275639810799,TRUE,0.898000681151889,5.54638766301797,1.30718999392198,5.54638766301797,1,1
74,"recruit_mean_50",84,4,200,"correct","robust",0.977391418419192,FALSE,1.30475176088665,TRUE,44,45.3047517608866,1.43171082365493,42.5615670280435,45.3505374105139,48.0692294829878,TRUE,0.911323529395288,5.50766245494432,1.30718999392198,5.54638766301797,0.998134752372133,0.993017940608108
74,"recruit_mean_50",114,4,200,"biased","robust",0.977172456970572,FALSE,1.34264768505809,TRUE,44,45.3426476850581,1.30250351598434,42.7956417528144,45.3840234638248,47.8205176715208,TRUE,1.03082077597572,5.02487591870648,1.30718999392198,5.54638766301797,1.02712512435145,0.905972720264612
74,"recruit_mean_50",14,4,50,"correct","full",NA,FALSE,1.15603959033682,TRUE,44,45.1560395903368,1.4414712917003,42.3926939507566,45.1166177627107,48.0002618552988,TRUE,0.801985857778131,5.60756790454219,1.30718999392198,5.54638766301797,0.884369981190214,1.01103064647503
74,"recruit_mean_50",54,4,200,"biased","full",NA,FALSE,1.26649431630294,TRUE,44,45.2664943163029,1.32468275345358,42.7767121788213,45.2667830331153,47.9487871005743,TRUE,0.95607368103877,5.17207492175299,1.30718999392198,5.54638766301797,0.968867817372942,0.932512337036805
74,"recruit_mean_50",104,4,50,"biased","robust",0.981769517950274,FALSE,1.38118823780296,TRUE,44,45.381188237803,1.39437852538961,42.5551426904617,45.3743512848341,47.9684391143041,TRUE,0.990540382438143,5.4132964238425,1.30718999392198,5.54638766301797,1.05660863701914,0.976003978217588
74,"recruit_mean_50",94,4,800,"correct","robust",0.997064864801279,FALSE,1.27024507426306,TRUE,44,45.2702450742631,1.4737926748177,42.2088362996377,45.1734815379939,48.2382813216975,TRUE,0.861888579016161,6.0294450220598,1.30718999392198,5.54638766301797,0.97173714622151,1.08709404902631
74,"recruit_mean_50",24,4,200,"correct","full",NA,FALSE,1.29867488948308,TRUE,44,45.2986748894831,1.45033677557869,42.52934846537,45.2816224877047,48.2398820150184,TRUE,0.895429883148969,5.71053354964846,1.30718999392198,5.54638766301797,0.993485947353872,1.0295950980356
74,"recruit_mean_80",124,4,800,"biased","robust",0.395108488512929,FALSE,0.548158074035094,TRUE,44.6,45.1481580740351,0.781830972298773,43.6468258357623,45.1099375053857,46.6271644974029,TRUE,0.701120949996871,2.98033866164058,0.534073807778555,3.01944040898933,1.02637138547408,0.987050001969789
74,"recruit_mean_80",34,4,800,"correct","full",NA,FALSE,0.561079537173732,TRUE,44.6,45.1610795371737,0.777246618693266,43.6354733281828,45.1508630914093,46.6829252268249,TRUE,0.721880962463418,3.04745189864209,0.534073807778555,3.01944040898933,1.05056553794972,1.0092770466903
74,"recruit_mean_80",84,4,200,"correct","robust",0.977391418419192,FALSE,0.541639476391275,TRUE,44.6,45.1416394763913,0.756140988469341,43.7271314597145,45.1670223973946,46.6083709256955,TRUE,0.716320745272278,2.88123946598092,0.534073807778555,3.01944040898933,1.01416596077645,0.954229617316848
74,"recruit_mean_80",74,4,50,"correct","robust",0.962136047239372,FALSE,0.492841741784048,TRUE,44.6,45.092841741784,0.722757734113438,43.6978573902328,45.1010905786515,46.5239878900802,TRUE,0.681890650936564,2.82613049984737,0.534073807778555,3.01944040898933,0.92279706401254,0.93597823339502
74,"recruit_mean_80",4,4,0,"weak","none",NA,FALSE,0.534073807778555,TRUE,44.6,45.1340738077786,0.788353209669606,43.6118390661558,45.1570899103558,46.6312794751451,TRUE,0.677454979859068,3.01944040898933,0.534073807778555,3.01944040898933,1,1
74,"recruit_mean_80",54,4,200,"biased","full",NA,FALSE,0.50548660659689,TRUE,44.6,45.1054866065969,0.682813439970255,43.8369945843024,45.112885673493,46.5184569635544,TRUE,0.740299731972045,2.68146237925202,0.534073807778555,3.01944040898933,0.946473313678176,0.888066004306261
74,"recruit_mean_80",64,4,800,"biased","full",NA,FALSE,0.623263514038641,TRUE,44.6,45.2232635140386,0.700079719192077,43.8302601671919,45.2535824643069,46.5565942223205,TRUE,0.89027506004304,2.72633405512865,0.534073807778555,3.01944040898933,1.16699883978783,0.902926928781884
74,"recruit_mean_80",44,4,50,"biased","full",NA,FALSE,0.501214457650889,TRUE,44.6,45.1012144576509,0.740492992053224,43.6757185008648,45.0983483602096,46.5546024993062,TRUE,0.67686590289144,2.87888399844138,0.534073807778555,3.01944040898933,0.938474140373328,0.953449516629143
74,"recruit_mean_80",104,4,50,"biased","robust",0.981769517950274,FALSE,0.575483179289442,TRUE,44.6,45.1754831792894,0.741794599147128,43.6607477930875,45.1844320136686,46.5859528610527,TRUE,0.775798556569566,2.9252050679652,0.534073807778555,3.01944040898933,1.0775349229035,0.968790461721457
74,"recruit_mean_80",94,4,800,"correct","robust",0.997064864801279,FALSE,0.517392481144157,TRUE,44.6,45.1173924811442,0.794637077974552,43.4973282669232,45.0692093452932,46.6841368186886,TRUE,0.651105385697502,3.18680855176543,0.534073807778555,3.01944040898933,0.968765877690608,1.05543018576483
74,"recruit_mean_80",24,4,200,"correct","full",NA,FALSE,0.529407567224261,TRUE,44.6,45.1294075672243,0.769132404446872,43.6893151807988,45.112157706622,46.6415049914998,TRUE,0.688317855499781,2.95218981070098,0.534073807778555,3.01944040898933,0.991262929418497,0.97772746298018
74,"recruit_mean_80",14,4,50,"correct","full",NA,FALSE,0.452165820905215,TRUE,44.6,45.0521658209052,0.763541580206271,43.6223338059382,45.0495187935751,46.5734056132384,TRUE,0.592195412308865,2.9510718073002,0.534073807778555,3.01944040898933,0.846635454350344,0.9773571945697
74,"recruit_mean_80",114,4,200,"biased","robust",0.977172456970572,FALSE,0.546748465131579,TRUE,44.6,45.1467484651316,0.672978932185773,43.8617090984935,45.1516613627614,46.4640195818152,TRUE,0.812430284192985,2.60231048332169,0.534073807778555,3.01944040898933,1.02373203322916,0.861851909901656
74,"recruit_mean_110",104,4,50,"biased","robust",0.981769517950274,FALSE,-0.230221879223919,TRUE,45.2,44.9697781207761,0.214826629865418,44.547796423326,44.9783486751886,45.3816323301234,TRUE,-1.07166359854058,0.833835906797347,-0.239042378364921,0.899301090160066,0.963100688667275,0.927204376733196
74,"recruit_mean_110",54,4,200,"biased","full",NA,FALSE,-0.25552110310921,TRUE,45.2,44.9444788968908,0.215555586639918,44.5176442101665,44.9436358621303,45.3795775745887,TRUE,-1.18540700843005,0.861933364422178,-0.239042378364921,0.899301090160066,1.06893641561386,0.958448036873572
74,"recruit_mean_110",124,4,800,"biased","robust",0.395108488512929,FALSE,-0.246397515360989,TRUE,45.2,44.953602484639,0.229420866517155,44.5150545704327,44.9514439475818,45.411931717047,TRUE,-1.07399784117965,0.896877146614287,-0.239042378364921,0.899301090160066,1.03076917593599,0.997304636264427
74,"recruit_mean_110",34,4,800,"correct","full",NA,FALSE,-0.240160217256303,TRUE,45.2,44.9598397827437,0.210627184212524,44.5808995237577,44.9564724615098,45.3753935724041,TRUE,-1.14021472657575,0.794494048646435,-0.239042378364921,0.899301090160066,1.00467632098973,0.883457228440614
74,"recruit_mean_110",114,4,200,"biased","robust",0.977172456970572,FALSE,-0.249150754795004,TRUE,45.2,44.950849245205,0.222171386227525,44.5189118636727,44.9371546382818,45.380281237037,TRUE,-1.1214349382501,0.861369373364298,-0.239042378364921,0.899301090160066,1.04228696392341,0.957820893123774
74,"recruit_mean_110",64,4,800,"biased","full",NA,FALSE,-0.249932389941804,TRUE,45.2,44.9500676100582,0.237128147895322,44.4815899973933,44.9519945221824,45.3921929313402,TRUE,-1.0539971410401,0.910602933946898,-0.239042378364921,0.899301090160066,1.04555682407183,1.01256736360102
74,"recruit_mean_110",84,4,200,"correct","robust",0.977391418419192,FALSE,-0.221472808104096,TRUE,45.2,44.9785271918959,0.218466560065989,44.5606184290751,44.9794376631932,45.3998994572135,TRUE,-1.01376067823469,0.83928102813843,-0.239042378364921,0.899301090160066,0.92650018636443,0.933259213539981
74,"recruit_mean_110",74,4,50,"correct","robust",0.962136047239372,FALSE,-0.253774981644554,TRUE,45.2,44.9462250183554,0.212859508817574,44.5433877964194,44.9430505762989,45.376007549662,TRUE,-1.1922182055867,0.832619753242646,-0.239042378364921,0.899301090160066,1.06163176328986,0.925852044830113
74,"recruit_mean_110",14,4,50,"correct","full",NA,FALSE,-0.251707948526324,TRUE,45.2,44.9482920514737,0.216912033421709,44.5273092697454,44.9512521171854,45.362078631079,TRUE,-1.16041486751898,0.834769361333635,-0.239042378364921,0.899301090160066,1.05298462242568,0.928242354498931
74,"recruit_mean_110",94,4,800,"correct","robust",0.997064864801279,FALSE,-0.235460111974881,TRUE,45.2,44.9645398880251,0.219365598889608,44.5360379824877,44.9601019910955,45.3941069397499,TRUE,-1.07336844594932,0.858068957262105,-0.239042378364921,0.899301090160066,0.985014094929344,0.954150914138644
74,"recruit_mean_110",44,4,50,"biased","full",NA,FALSE,-0.235937692450541,TRUE,45.2,44.9640623075495,0.225116649733317,44.526635677889,44.9622194810052,45.3696619275774,TRUE,-1.0480686023448,0.843026249688442,-0.239042378364921,0.899301090160066,0.987011985340774,0.937423804899862
74,"recruit_mean_110",24,4,200,"correct","full",NA,FALSE,-0.239859755034843,TRUE,45.2,44.9601402449652,0.223482653850785,44.5142975588062,44.9625021078575,45.390998078495,TRUE,-1.07328130797566,0.87670051968874,-0.239042378364921,0.899301090160066,1.00341937975815,0.974868738936697
74,"recruit_mean_110",4,4,0,"weak","none",NA,FALSE,-0.239042378364921,TRUE,45.2,44.9609576216351,0.229844884053094,44.5166924024978,44.9591374099454,45.4159934926579,TRUE,-1.04001609324358,0.899301090160066,-0.239042378364921,0.899301090160066,1,1
74,"recruit_sd.log_recruit_sd",54,4,200,"biased","full",NA,FALSE,-0.201023036189788,TRUE,3.5,3.29897696381021,0.186116567634231,2.95935033246713,3.2923592717249,3.67706900673582,TRUE,-1.08009210971939,0.717718674268684,-0.19448219122565,0.695852526674372,1.03363210236843,1.03142353696524
74,"recruit_sd.log_recruit_sd",4,4,0,"weak","none",NA,FALSE,-0.19448219122565,TRUE,3.5,3.30551780877435,0.176550348669029,2.97420058772647,3.30925578635931,3.67005311440084,TRUE,-1.1015678682699,0.695852526674372,-0.19448219122565,0.695852526674372,1,1
74,"recruit_sd.log_recruit_sd",124,4,800,"biased","robust",0.395108488512929,FALSE,-0.200121713391662,TRUE,3.5,3.29987828660834,0.186162179793125,2.95061321005949,3.2985313475346,3.66835365799326,TRUE,-1.07498587314593,0.717740447933769,-0.19448219122565,0.695852526674372,1.02899762765151,1.03145482759688
74,"recruit_sd.log_recruit_sd",74,4,50,"correct","robust",0.962136047239372,FALSE,-0.197153525961797,TRUE,3.5,3.3028464740382,0.174772179960441,2.98280249687832,3.29896649987432,3.66533118004615,TRUE,-1.12806011807155,0.682528683167824,-0.19448219122565,0.695852526674372,1.01373562648236,0.980852489578178
74,"recruit_sd.log_recruit_sd",14,4,50,"correct","full",NA,FALSE,-0.193079215677507,TRUE,3.5,3.30692078432249,0.176099458483693,2.96278426367333,3.30816257792409,3.65090018254644,TRUE,-1.09642140492662,0.688115918873111,-0.19448219122565,0.695852526674372,0.99278609758919,0.988881828397985
74,"recruit_sd.log_recruit_sd",114,4,200,"biased","robust",0.977172456970572,FALSE,-0.199554489702045,TRUE,3.5,3.30044551029795,0.177927783912603,2.97047121216612,3.29770451043576,3.63599391255655,TRUE,-1.12154766003305,0.665522700390428,-0.19448219122565,0.695852526674372,1.02608104343348,0.9564134279588
74,"recruit_sd.log_recruit_sd",44,4,50,"biased","full",NA,FALSE,-0.184071251661458,TRUE,3.5,3.31592874833854,0.17832878517384,2.97579372734559,3.31401124503932,3.66280177270202,TRUE,-1.03220156791861,0.687008045356432,-0.19448219122565,0.695852526674372,0.946468416986766,0.98728971875663
74,"recruit_sd.log_recruit_sd",24,4,200,"correct","full",NA,FALSE,-0.193232369080243,TRUE,3.5,3.30676763091976,0.178912951303125,2.96878428524203,3.30618882849913,3.66107132519369,TRUE,-1.08003566914984,0.692287039951663,-0.19448219122565,0.695852526674372,0.993573590787257,0.994876088558951
74,"recruit_sd.log_recruit_sd",64,4,800,"biased","full",NA,FALSE,-0.195697976516064,TRUE,3.5,3.30430202348394,0.196105152870092,2.93921856465942,3.2977015918148,3.67944044959399,TRUE,-0.997923683554113,0.740221884934573,-0.19448219122565,0.695852526674372,1.0062513965045,1.06376258842121
74,"recruit_sd.log_recruit_sd",94,4,800,"correct","robust",0.997064864801279,FALSE,-0.20244232364734,TRUE,3.5,3.29755767635266,0.175241339952414,2.96119645326066,3.29101096849664,3.66111921976868,TRUE,-1.1552201307198,0.699922766508017,-0.19448219122565,0.695852526674372,1.04092987831701,1.00584928512525
74,"recruit_sd.log_recruit_sd",104,4,50,"biased","robust",0.981769517950274,FALSE,-0.196874949120242,TRUE,3.5,3.30312505087976,0.188977029507719,2.95737459897926,3.29435692144852,3.68266074133746,TRUE,-1.04179301385516,0.725286142358197,-0.19448219122565,0.695852526674372,1.01230322365001,1.04229864023703
74,"recruit_sd.log_recruit_sd",84,4,200,"correct","robust",0.977391418419192,FALSE,-0.189971188980985,TRUE,3.5,3.31002881101902,0.189075734811824,2.94773286850136,3.30316233701964,3.70593559132167,TRUE,-1.00473595498678,0.758202722820311,-0.19448219122565,0.695852526674372,0.976805062632026,1.08960260077509
74,"recruit_sd.log_recruit_sd",34,4,800,"correct","full",NA,FALSE,-0.207576877848411,TRUE,3.5,3.29242312215159,0.177940190961896,2.95364533404626,3.28077459634593,3.6851636477395,TRUE,-1.16655420411941,0.731518313693243,-0.19448219122565,0.695852526674372,1.06733103190702,1.05125480709156
74,"lambda",44,4,50,"biased","full",NA,FALSE,-0.00618720759296343,TRUE,1.03119869581319,1.02501148822023,0.0164041524038291,0.992601887409923,1.025410381461,1.05536942210149,TRUE,-0.377173257151596,0.0627675346915667,-0.00398746316590826,0.0671359791323034,1.55166514034848,0.934931395993676
74,"lambda",24,4,200,"correct","full",NA,FALSE,-0.00977230967971132,TRUE,1.03119869581319,1.02142638613348,0.0166173592439995,0.987601987233786,1.02144223684299,1.05404803694623,TRUE,-0.588078378532985,0.0664460497124395,-0.00398746316590826,0.0671359791323034,2.45075860844608,0.989723402730088
74,"lambda",54,4,200,"biased","full",NA,FALSE,-0.0082337452036565,TRUE,1.03119869581319,1.02296495060954,0.0160780301762179,0.992658494707636,1.02321516798765,1.05487570241633,TRUE,-0.512111565497344,0.0622172077086931,-0.00398746316590826,0.0671359791323034,2.06490815364837,0.926734196965877
74,"lambda",4,4,0,"weak","none",NA,FALSE,-0.00398746316590826,TRUE,1.03119869581319,1.02721123264728,0.0174819502645119,0.993069714602085,1.02715403637216,1.06020569373439,TRUE,-0.228090293449854,0.0671359791323034,-0.00398746316590826,0.0671359791323034,1,1
74,"lambda",84,4,200,"correct","robust",0.977391418419192,FALSE,-0.00994144210007342,TRUE,1.03119869581319,1.02125725371312,0.0158733492895002,0.989692535686403,1.02088544976882,1.05070510837899,TRUE,-0.626297696772123,0.0610125726925863,-0.00398746316590826,0.0671359791323034,2.49317465426893,0.908790986310785
74,"lambda",64,4,800,"biased","full",NA,FALSE,-0.024536298650492,TRUE,1.03119869581319,1.0066623971627,0.0151543937437715,0.976771885867597,1.0072344635476,1.03684793498847,TRUE,-1.61908810509668,0.0600760491208749,-0.00398746316590826,0.0671359791323034,6.15336057779061,0.894841333921479
74,"lambda",34,4,800,"correct","full",NA,FALSE,-0.0034706710163046,TRUE,1.03119869581319,1.02772802479689,0.016805550522566,0.99175691326126,1.02747562085211,1.05886920389493,TRUE,-0.206519328935062,0.0671122906336674,-0.00398746316590826,0.0671359791323034,0.870395755872534,0.999647156428756
74,"lambda",114,4,200,"biased","robust",0.977172456970572,FALSE,-0.00884316000414653,TRUE,1.03119869581319,1.02235553580905,0.0163413954100287,0.988916514531398,1.02227294132394,1.05357414417184,TRUE,-0.541150849254862,0.0646576296404463,-0.00398746316590826,0.0671359791323034,2.21774086335222,0.963084630269962
74,"lambda",94,4,800,"correct","robust",0.997064864801279,FALSE,-0.0030789099227071,TRUE,1.03119869581319,1.02811978589049,0.0167409398339399,0.994302208115986,1.02891916883594,1.05925898076902,TRUE,-0.183914998396031,0.0649567726530327,-0.00398746316590826,0.0671359791323034,0.772147552115579,0.967540408177019
74,"lambda",124,4,800,"biased","robust",0.395108488512929,FALSE,-0.0115858370886073,TRUE,1.03119869581319,1.01961285872459,0.0198696316510763,0.982698676780323,1.02004219713026,1.05706835238503,TRUE,-0.583092696032929,0.0743696756047023,-0.00398746316590826,0.0671359791323034,2.90556592162734,1.10774694233838
74,"lambda",74,4,50,"correct","robust",0.962136047239372,FALSE,-0.00400946492102694,TRUE,1.03119869581319,1.02718923089217,0.0166762484599123,0.993985524870809,1.02762604803803,1.05739265797125,TRUE,-0.240429670418092,0.063407133100438,-0.00398746316590826,0.0671359791323034,1.00551773250391,0.944458305664731
74,"lambda",104,4,50,"biased","robust",0.981769517950274,FALSE,-0.00527479967555089,TRUE,1.03119869581319,1.02592389613764,0.0164502232857315,0.991070075885389,1.02599852715105,1.05549274540943,TRUE,-0.320652162826636,0.0644226695240454,-0.00398746316590826,0.0671359791323034,1.32284599407689,0.959584865770544
74,"lambda",14,4,50,"correct","full",NA,FALSE,-0.00392354574987186,TRUE,1.03119869581319,1.02727515006332,0.0167490077676292,0.994606830940739,1.02721540658942,1.06137174297858,TRUE,-0.234255414070253,0.0667649120378413,-0.00398746316590826,0.0671359791323034,0.983970405900455,0.994472902618567
98,"survival_50",25,5,200,"correct","full",NA,FALSE,0.0654059107797041,TRUE,0.354343693774205,0.419749604553909,0.0260746109699202,0.368097942282033,0.419911151753227,0.471430356635448,FALSE,2.50841367701158,0.103332414353415,0.0642077968689505,0.102535241835906,1.01865994426189,1.00777461976229
98,"survival_50",85,5,200,"correct","robust",0.0353330876372944,FALSE,0.0632039855424934,TRUE,0.354343693774205,0.417547679316698,0.0265953045173861,0.365703924316003,0.416455342670117,0.469559451099823,FALSE,2.37650918797245,0.10385552678382,0.0642077968689505,0.102535241835906,0.984366208226924,1.01287640155984
98,"survival_50",45,5,50,"biased","full",NA,FALSE,0.0542012055870792,TRUE,0.354343693774205,0.408544899361284,0.0257786718113633,0.360079287515589,0.407057320991499,0.459803090142874,FALSE,2.10256005366371,0.0997238026272859,0.0642077968689505,0.102535241835906,0.844153019261899,0.972580752156223
98,"survival_50",115,5,200,"biased","robust",0.860371679814755,FALSE,0.0509917440845181,TRUE,0.354343693774205,0.405335437858723,0.024997712940886,0.355044529261385,0.40479093405096,0.457605026931784,FALSE,2.03985637426521,0.102560497670399,0.0642077968689505,0.102535241835906,0.794167477644395,1.00024631369703
98,"survival_50",105,5,50,"biased","robust",0.668587916774104,FALSE,0.057418665615321,TRUE,0.354343693774205,0.411762359389526,0.0259036028086924,0.36292475553273,0.410147049978523,0.463016878319827,FALSE,2.21662855315451,0.100092122787097,0.0642077968689505,0.102535241835906,0.894263133377926,0.976172884512044
98,"survival_50",55,5,200,"biased","full",NA,FALSE,0.0485863387943246,TRUE,0.354343693774205,0.402930032568529,0.0238800800587925,0.357580060077222,0.40235699441092,0.451286474030822,FALSE,2.03459698102793,0.0937064139536007,0.0642077968689505,0.102535241835906,0.75670465525379,0.913894698796001
98,"survival_50",125,5,800,"biased","robust",0.137853863616183,FALSE,0.0574360642884953,TRUE,0.354343693774205,0.4117797580627,0.0277155783793538,0.358580669467827,0.411896305173538,0.46582368164909,FALSE,2.07233865021129,0.107243012181263,0.0642077968689505,0.102535241835906,0.894534107839326,1.04591368061423
98,"survival_50",5,5,0,"weak","none",NA,FALSE,0.0642077968689505,TRUE,0.354343693774205,0.418551490643155,0.0265777545354374,0.369489629897699,0.41825519103955,0.472024871733605,FALSE,2.41584731258388,0.102535241835906,0.0642077968689505,0.102535241835906,1,1
98,"survival_50",15,5,50,"correct","full",NA,FALSE,0.0699645644693777,TRUE,0.354343693774205,0.424308258243582,0.0271805760673772,0.372602162121292,0.423072042211096,0.476581608736906,FALSE,2.57406481363546,0.103979446615613,0.0642077968689505,0.102535241835906,1.08965838856264,1.01408495999862
98,"survival_50",95,5,800,"correct","robust",0.0380705125401188,FALSE,0.0649242025917417,TRUE,0.354343693774205,0.419267896365946,0.02630503463671,0.36932708297709,0.418500027065185,0.472799250124841,FALSE,2.46812838258486,0.103472167147751,0.0642077968689505,0.102535241835906,1.01115761259109,1.00913759303698
98,"survival_50",75,5,50,"correct","robust",0.928181018969509,FALSE,0.0697515787016541,TRUE,0.354343693774205,0.424095272475859,0.026191287904148,0.370862382956,0.42448805737037,0.474506894843153,FALSE,2.66315955736592,0.103644511887153,0.0642077968689505,0.102535241835906,1.08634125609416,1.01081842721961
98,"survival_50",35,5,800,"correct","full",NA,FALSE,0.0557982482517827,TRUE,0.354343693774205,0.410141942025987,0.0239561830173339,0.365468769058324,0.409114574208461,0.458553190584439,FALSE,2.32917941106932,0.0930844215261148,0.0642077968689505,0.102535241835906,0.869026052484998,0.907828565666075
98,"survival_50",65,5,800,"biased","full",NA,FALSE,0.0350805943615172,TRUE,0.354343693774205,0.389424288135722,0.0223580867001169,0.349953579903749,0.388738422319327,0.434630221275007,TRUE,1.56903382798555,0.0846766413712576,0.0642077968689505,0.102535241835906,0.546360349867127,0.825829635305012
98,"survival_80",115,5,200,"biased","robust",0.860371679814755,FALSE,0.00652172244205529,TRUE,0.589040434058665,0.59556215650072,0.0228665641545922,0.550311312060222,0.594415866722045,0.640434733772636,TRUE,0.28520779938623,0.0901234217124137,0.0195813596469611,0.090525503527148,0.333057691582077,0.995558358704807
98,"survival_80",45,5,50,"biased","full",NA,FALSE,0.0103421248439015,TRUE,0.589040434058665,0.599382558902567,0.0231506790831829,0.552551873288896,0.599021082333562,0.642649156948069,TRUE,0.446730949305682,0.0900972836591729,0.0195813596469611,0.090525503527148,0.528161732911461,0.995269621805012
98,"survival_80",55,5,200,"biased","full",NA,FALSE,0.00471819119243377,TRUE,0.589040434058665,0.593758625251099,0.0221731403231373,0.550039507273958,0.594448166176723,0.635478763687535,TRUE,0.212788586716805,0.0854392564135766,0.0195813596469611,0.090525503527148,0.240953196177366,0.943814207981223
98,"survival_80",35,5,800,"correct","full",NA,FALSE,0.00139352594326969,TRUE,0.589040434058665,0.590433960001935,0.0217091966815959,0.547231214287721,0.590891020373828,0.631880963573941,TRUE,0.0641905807804977,0.08464974928622,0.0195813596469611,0.090525503527148,0.0711659439586444,0.935092830064558
98,"survival_80",5,5,0,"weak","none",NA,FALSE,0.0195813596469611,TRUE,0.589040434058665,0.608621793705626,0.0239558872130491,0.562132129486788,0.609999289799943,0.652657633013936,TRUE,0.817392379285156,0.090525503527148,0.0195813596469611,0.090525503527148,1,1
98,"survival_80",85,5,200,"correct","robust",0.0353330876372944,FALSE,0.0185285594177186,TRUE,0.589040434058665,0.607568993476384,0.0236436251452947,0.561068130134598,0.607040113328563,0.651796539234372,TRUE,0.78365983658838,0.090728409099774,0.0195813596469611,0.090525503527148,0.946234569599672,1.00224141887888
98,"survival_80",25,5,200,"correct","full",NA,FALSE,0.0119715383650606,TRUE,0.589040434058665,0.601011972423726,0.022165834189647,0.557325753366034,0.60152664826978,0.643876805103298,TRUE,0.540089683186935,0.0865510517372641,0.0195813596469611,0.090525503527148,0.611374214094399,0.956095778150606
98,"survival_80",125,5,800,"biased","robust",0.137853863616183,FALSE,0.0153321633937364,TRUE,0.589040434058665,0.604372597452402,0.0271043509996271,0.550966341209338,0.604404351209106,0.655541134022229,TRUE,0.565671666292521,0.104574792812891,0.0195813596469611,0.090525503527148,0.782997895455943,1.15519702998978
98,"survival_80",105,5,50,"biased","robust",0.668587916774104,FALSE,0.0119791122015704,TRUE,0.589040434058665,0.601019546260236,0.0246190976462252,0.553560650638224,0.60134189365274,0.650098786231,TRUE,0.486578036843978,0.0965381355927767,0.0195813596469611,0.090525503527148,0.611761002174818,1.06641920598459
98,"survival_80",15,5,50,"correct","full",NA,FALSE,0.0212271715641348,TRUE,0.589040434058665,0.6102676056228,0.0236107319077876,0.563290794562666,0.610017887714308,0.657117846503317,TRUE,0.899047587640999,0.0938270519406516,0.0195813596469611,0.090525503527148,1.08404993048729,1.03647092018122
98,"survival_80",65,5,800,"biased","full",NA,FALSE,-0.0119297117627852,TRUE,0.589040434058665,0.57711072229588,0.02096391819444,0.534398303928323,0.578244223360791,0.614807739527132,TRUE,-0.569059259444602,0.0804094355988086,0.0195813596469611,0.090525503527148,0.609238172316429,0.888251735321133
98,"survival_80",75,5,50,"correct","robust",0.928181018969509,FALSE,0.0214401803923837,TRUE,0.589040434058665,0.610480614451049,0.0234745327372027,0.560150032254298,0.611072079449603,0.654514470614782,TRUE,0.91333789824089,0.094364438360484,0.0195813596469611,0.090525503527148,1.09492807337876,1.042407218781
98,"survival_80",95,5,800,"correct","robust",0.0380705125401188,FALSE,0.0184522702206638,TRUE,0.589040434058665,0.607492704279329,0.0248313499284168,0.554981237468959,0.608986064584859,0.653352341121044,TRUE,0.743103789115674,0.0983711036520847,0.0195813596469611,0.090525503527148,0.942338558371122,1.08666729064461
98,"survival_110",35,5,800,"correct","full",NA,FALSE,-0.0412434111309673,TRUE,0.789181706522253,0.747938295391286,0.0370108350038205,0.675114532679658,0.748390685827952,0.813367277311611,TRUE,-1.11436046030061,0.138252744631953,-0.0200580687523332,0.145009904271108,2.05620050664996,0.953402081925922
98,"survival_110",115,5,200,"biased","robust",0.860371679814755,FALSE,-0.029786928363721,TRUE,0.789181706522253,0.759394778158532,0.03682282399325,0.684573583862393,0.75972998400535,0.826303885553164,TRUE,-0.808925691554271,0.141730301690771,-0.0200580687523332,0.145009904271108,1.48503471253962,0.977383595990755
98,"survival_110",55,5,200,"biased","full",NA,FALSE,-0.0307029304965628,TRUE,0.789181706522253,0.75847877602569,0.036880025770431,0.68098013492876,0.759436502445797,0.828410570503574,TRUE,-0.832508379676329,0.147430435574814,-0.0200580687523332,0.145009904271108,1.5307022264041,1.0166921791713
98,"survival_110",125,5,800,"biased","robust",0.137853863616183,FALSE,-0.0214948377063945,TRUE,0.789181706522253,0.767686868815858,0.0385277036265852,0.688052481830407,0.768837409321377,0.838936038221825,TRUE,-0.557906017828751,0.150883556391417,-0.0200580687523332,0.145009904271108,1.07163047309299,1.04050517893818
98,"survival_110",105,5,50,"biased","robust",0.668587916774104,FALSE,-0.0263526322293532,TRUE,0.789181706522253,0.7628290742929,0.0368379109723773,0.689085892753028,0.765613531262851,0.830378683043683,TRUE,-0.715367172940769,0.141292790290656,-0.0200580687523332,0.145009904271108,1.31381702569386,0.974366482074887
98,"survival_110",15,5,50,"correct","full",NA,FALSE,-0.021886082756838,TRUE,0.789181706522253,0.767295623765415,0.0375776386639796,0.68654733338953,0.769464015023378,0.837709862082615,TRUE,-0.582423045592195,0.151162528693085,-0.0200580687523332,0.145009904271108,1.09113609226672,1.0424289944394
98,"survival_110",95,5,800,"correct","robust",0.0380705125401188,FALSE,-0.0223539650496812,TRUE,0.789181706522253,0.766827741472572,0.0383096784709763,0.682719935054502,0.768474855576132,0.835689811548113,TRUE,-0.58350698679491,0.152969876493612,-0.0200580687523332,0.145009904271108,1.1144624801967,1.05489261069797
98,"survival_110",45,5,50,"biased","full",NA,FALSE,-0.0264425983130671,TRUE,0.789181706522253,0.762739108209186,0.0368738687096927,0.686050688477338,0.764362824082524,0.828214254947116,TRUE,-0.717109412121879,0.142163566469778,-0.0200580687523332,0.145009904271108,1.31830230714466,0.980371424864825
98,"survival_110",75,5,50,"correct","robust",0.928181018969509,FALSE,-0.0212267470363598,TRUE,0.789181706522253,0.767954959485893,0.0359650382230187,0.689001072736114,0.770017386397327,0.827256370560686,TRUE,-0.590205045931916,0.138255297824572,-0.0200580687523332,0.145009904271108,1.05826474614565,0.953419688948226
98,"survival_110",65,5,800,"biased","full",NA,FALSE,-0.0455747342250078,TRUE,0.789181706522253,0.743606972297245,0.0365375739272063,0.66634802807197,0.746816307684596,0.808619854259903,TRUE,-1.24733881663315,0.142271826187933,-0.0200580687523332,0.145009904271108,2.27213969538849,0.981117992616171
98,"survival_110",25,5,200,"correct","full",NA,FALSE,-0.0322821658633503,TRUE,0.789181706522253,0.756899540658903,0.0362572150064963,0.684757621641078,0.758177298062145,0.823450907910016,TRUE,-0.890365293020057,0.138693286268938,-0.0200580687523332,0.145009904271108,1.60943539789169,0.95644009259974
98,"survival_110",85,5,200,"correct","robust",0.0353330876372944,FALSE,-0.0208647825954633,TRUE,0.789181706522253,0.76831692392679,0.0366844826981318,0.691159212867411,0.770526654263823,0.831244904181819,TRUE,-0.568763167989988,0.140085691314408,-0.0200580687523332,0.145009904271108,1.04021891903408,0.966042230139719
98,"survival_110",5,5,0,"weak","none",NA,FALSE,-0.0200580687523332,TRUE,0.789181706522253,0.76912363776992,0.0368314540612009,0.690754220295574,0.772517135622018,0.835764124566682,TRUE,-0.544590738095861,0.145009904271108,-0.0200580687523332,0.145009904271108,1,1
98,"growth_increment_50",105,5,50,"biased","robust",0.668587916774104,FALSE,0.628498408141832,TRUE,12,12.6284984081418,1.31806541512957,9.96689705088117,12.6114537154694,15.1763822366642,TRUE,0.476834003022564,5.20948518578299,0.37201009350183,5.10048910794334,1.68946600944509,1.02136973053621
98,"growth_increment_50",115,5,200,"biased","robust",0.860371679814755,FALSE,0.802101375455416,TRUE,12,12.8021013754554,1.26244502020837,10.2211223205708,12.8696197055051,15.2370775432377,TRUE,0.635355490826069,5.01595522266696,0.37201009350183,5.10048910794334,2.15612799078924,0.98342631785161
98,"growth_increment_50",125,5,800,"biased","robust",0.137853863616183,FALSE,0.562986452463829,TRUE,12,12.5629864524638,1.35464517348299,10.0106886737196,12.5901940054805,15.09425336258,TRUE,0.415596986933714,5.08356468886044,0.37201009350183,5.10048910794334,1.5133633799134,0.996681804680938
98,"growth_increment_50",55,5,200,"biased","full",NA,FALSE,0.877214803625323,TRUE,12,12.8772148036253,1.20737444813966,10.4469745317336,12.8683798054721,15.320555982493,TRUE,0.726547431061633,4.87358145075942,0.37201009350183,5.10048910794334,2.35804032994876,0.955512569014108
98,"growth_increment_50",75,5,50,"correct","robust",0.928181018969509,FALSE,0.234566312624583,TRUE,12,12.2345663126246,1.3288217709791,9.78126679837519,12.2540439908612,14.769445588092,TRUE,0.176522027067446,4.9881787897168,0.37201009350183,5.10048910794334,0.63053749541188,0.977980480724559
98,"growth_increment_50",15,5,50,"correct","full",NA,FALSE,0.277885308235483,TRUE,12,12.2778853082355,1.3247005097096,9.66716482007078,12.3175934232293,14.8177364394387,TRUE,0.209772175822896,5.15057161936791,0.37201009350183,5.10048910794334,0.746983248813694,1.00981915858747
98,"growth_increment_50",35,5,800,"correct","full",NA,FALSE,0.727623469600612,TRUE,12,12.7276234696006,1.1815108196829,10.5276781418278,12.7724862593511,15.1132395414014,TRUE,0.615841562750896,4.58556139957354,0.37201009350183,5.10048910794334,1.95592399859719,0.899043464759512
98,"growth_increment_50",45,5,50,"biased","full",NA,FALSE,0.635452740944226,TRUE,12,12.6354527409442,1.26325966954865,10.1811869825791,12.6360749792408,15.086341870245,TRUE,0.503026223556449,4.90515488766589,0.37201009350183,5.10048910794334,1.70815994523842,0.96170284532649
98,"growth_increment_50",25,5,200,"correct","full",NA,FALSE,0.4557144569998,TRUE,12,12.4557144569998,1.27085237417782,9.98275068607601,12.4703715015959,14.9007186779044,TRUE,0.358589609823584,4.9179679918284,0.37201009350183,5.10048910794334,1.22500562474001,0.964214977769351
98,"growth_increment_50",65,5,800,"biased","full",NA,FALSE,1.25070816425976,TRUE,12,13.2507081642598,1.20532795962495,10.9621515902537,13.2632572436876,15.5339969345821,TRUE,1.03764967391027,4.57184534432837,0.37201009350183,5.10048910794334,3.36202749900283,0.896354300062776
98,"growth_increment_50",95,5,800,"correct","robust",0.0380705125401188,FALSE,0.425327122439679,TRUE,12,12.4253271224397,1.3571841774933,9.75868000518932,12.3889237159669,15.1105634031004,TRUE,0.313389390690697,5.35188339791106,0.37201009350183,5.10048910794334,1.14332145785605,1.04928827111427
98,"growth_increment_50",85,5,200,"correct","robust",0.0353330876372944,FALSE,0.373788375954053,TRUE,12,12.3737883759541,1.32298234842004,9.81999023109551,12.3698402078717,15.0283537530258,TRUE,0.282534666014589,5.20836352193026,0.37201009350183,5.10048910794334,1.00478019947116,1.02114981753787
98,"growth_increment_50",5,5,0,"weak","none",NA,FALSE,0.37201009350183,TRUE,12,12.3720100935018,1.31799261480471,9.84831035184199,12.3371063843969,14.9487994597853,TRUE,0.282255066775887,5.10048910794334,0.37201009350183,5.10048910794334,1,1
98,"growth_increment_80",15,5,50,"correct","full",NA,FALSE,1.10930718443734,TRUE,8.4,9.50930718443734,0.986950265157393,7.56609807181692,9.54254733870014,11.4285006391409,TRUE,1.12397475698578,3.86240256732402,1.18816025788414,3.54036426084752,0.933634311597644,1.09096191316749
98,"growth_increment_80",115,5,200,"biased","robust",0.860371679814755,FALSE,1.27574749268856,TRUE,8.4,9.67574749268856,0.933206770777204,7.77320971718124,9.68221323994152,11.4917434272307,TRUE,1.36705769036167,3.71853371004947,1.18816025788414,3.54036426084752,1.07371668444827,1.0503251744947
98,"growth_increment_80",35,5,800,"correct","full",NA,FALSE,0.904314238689597,TRUE,8.4,9.3043142386896,0.888445827290747,7.54739603205951,9.3167781299786,11.0822192962217,TRUE,1.01786086547026,3.53482326416214,1.18816025788414,3.54036426084752,0.761104600737943,0.998434907744763
98,"growth_increment_80",45,5,50,"biased","full",NA,FALSE,1.20167733280415,TRUE,8.4,9.60167733280415,0.94342490892473,7.77949915987887,9.57603737864896,11.5760261956648,TRUE,1.27373924669189,3.79652703578592,1.18816025788414,3.54036426084752,1.01137647453727,1.0723549205858
98,"growth_increment_80",105,5,50,"biased","robust",0.668587916774104,FALSE,1.25887208948495,TRUE,8.4,9.65887208948495,0.956233395839143,7.7267775510906,9.63466970310627,11.566863957253,TRUE,1.31649040387282,3.84008640616235,1.18816025788414,3.54036426084752,1.05951371553761,1.08465856144506
98,"growth_increment_80",25,5,200,"correct","full",NA,FALSE,0.988251717520964,TRUE,8.4,9.38825171752096,0.918060413984291,7.51665138696233,9.43302356802223,11.0968350229783,TRUE,1.07645608335518,3.58018363601598,1.18816025788414,3.54036426084752,0.831749514397015,1.0112472537385
98,"growth_increment_80",55,5,200,"biased","full",NA,FALSE,1.27013570387256,TRUE,8.4,9.67013570387256,0.919311617370547,7.94451194327494,9.65271679016832,11.5835322955021,TRUE,1.38161606997359,3.63902035222717,1.18816025788414,3.54036426084752,1.06899359362044,1.02786608498755
98,"growth_increment_80",85,5,200,"correct","robust",0.0353330876372944,FALSE,1.17031924748003,TRUE,8.4,9.57031924748003,0.969211516821847,7.73573864302738,9.58454356575005,11.4973846060351,TRUE,1.20749622468131,3.76164596300773,1.18816025788414,3.54036426084752,0.98498434004527,1.06250252399374
98,"growth_increment_80",125,5,800,"biased","robust",0.137853863616183,FALSE,1.21243922503615,TRUE,8.4,9.61243922503615,0.974871897864438,7.7056660351003,9.60523195482197,11.4433775930973,TRUE,1.24369081485694,3.73771155799696,1.18816025788414,3.54036426084752,1.02043408453608,1.05574208827376
98,"growth_increment_80",75,5,50,"correct","robust",0.928181018969509,FALSE,1.07267197536492,TRUE,8.4,9.47267197536492,0.991281014275818,7.54699914253974,9.4640068620456,11.3927082665236,TRUE,1.08210684953808,3.84570912398388,1.18816025788414,3.54036426084752,0.902800752884228,1.08624673639183
98,"growth_increment_80",5,5,0,"weak","none",NA,FALSE,1.18816025788414,TRUE,8.4,9.58816025788414,0.959288934687292,7.86735201456555,9.59211475839615,11.4077162754131,TRUE,1.23858434609324,3.54036426084752,1.18816025788414,3.54036426084752,1,1
98,"growth_increment_80",95,5,800,"correct","robust",0.0380705125401188,FALSE,1.2051728220368,TRUE,8.4,9.6051728220368,1.01096638491206,7.60762604682435,9.5922852409241,11.6591161627905,TRUE,1.19209979681137,4.05149011596617,1.18816025788414,3.54036426084752,1.01431840868248,1.14437097921565
98,"growth_increment_80",65,5,800,"biased","full",NA,FALSE,1.25766307790961,TRUE,8.4,9.65766307790961,0.896656043917658,7.96615028695379,9.63908922999346,11.4195616349217,TRUE,1.40261484483464,3.45341134796792,1.18816025788414,3.54036426084752,1.05849616629094,0.975439557493788
98,"growth_increment_110",85,5,200,"correct","robust",0.0353330876372944,FALSE,1.966850119006,TRUE,4.8,6.766850119006,0.900980383766746,5.04444906315059,6.77506674380092,8.55160562046216,FALSE,2.18301103380648,3.50715655731157,2.00431042226641,3.4709840064409,0.981310128987881,1.01042141098995
98,"growth_increment_110",15,5,50,"correct","full",NA,FALSE,1.9407290606392,TRUE,4.8,6.74072906063921,0.931968355284453,4.95998701891502,6.74873408743972,8.52218410396858,FALSE,2.08239802310333,3.56219708505356,2.00431042226641,3.4709840064409,0.96827768746754,1.02627873779983
98,"growth_increment_110",105,5,50,"biased","robust",0.668587916774104,FALSE,1.88924577082805,TRUE,4.8,6.68924577082805,0.923331785019083,4.94082757477537,6.67134565352644,8.54022264838468,FALSE,2.04611798432673,3.5993950736093,2.00431042226641,3.4709840064409,0.942591401930522,1.03699558019574
98,"growth_increment_110",35,5,800,"correct","full",NA,FALSE,1.08100500777858,TRUE,4.8,5.88100500777858,0.833866725792387,4.3054642549729,5.8539147328239,7.49454443528887,TRUE,1.29637623656388,3.18908018031597,2.00431042226641,3.4709840064409,0.539340112075164,0.918782735500418
98,"growth_increment_110",55,5,200,"biased","full",NA,FALSE,1.66305660411979,TRUE,4.8,6.46305660411979,0.90290271406193,4.69041393796919,6.48875394573888,8.25772136078471,TRUE,1.84190010531491,3.56730742281552,2.00431042226641,3.4709840064409,0.829740037094282,1.02775104010733
98,"growth_increment_110",125,5,800,"biased","robust",0.137853863616183,FALSE,1.86189199760851,TRUE,4.8,6.66189199760852,0.944680369798127,4.7992092376685,6.62957590280159,8.52351350391367,TRUE,1.97092271326268,3.72430426624517,2.00431042226641,3.4709840064409,0.928943928507416,1.07298226074629
98,"growth_increment_110",25,5,200,"correct","full",NA,FALSE,1.52078897804213,TRUE,4.8,6.32078897804213,0.851944413989199,4.55279904640882,6.35389094440653,7.87348475937003,TRUE,1.78508005108114,3.32068571296121,2.00431042226641,3.4709840064409,0.758759202739898,0.956698649950334
98,"growth_increment_110",75,5,50,"correct","robust",0.928181018969509,FALSE,1.91077763810529,TRUE,4.8,6.71077763810529,0.942329587688153,4.75870570467207,6.74418530132338,8.5258559835574,TRUE,2.02771690825613,3.76715027888534,2.00431042226641,3.4709840064409,0.953334182608625,1.08532631435203
98,"growth_increment_110",115,5,200,"biased","robust",0.860371679814755,FALSE,1.74939360992171,TRUE,4.8,6.54939360992171,0.878047444865593,4.81294506546366,6.54792336758522,8.23264462091838,FALSE,1.99236797527439,3.41969955545472,2.00431042226641,3.4709840064409,0.872815702840859,0.985224809192145
98,"growth_increment_110",5,5,0,"weak","none",NA,FALSE,2.00431042226641,TRUE,4.8,6.80431042226641,0.885846354138384,5.01353224845665,6.80375574851685,8.48451625489754,FALSE,2.2625937476662,3.4709840064409,2.00431042226641,3.4709840064409,1,1
98,"growth_increment_110",95,5,800,"correct","robust",0.0380705125401188,FALSE,1.98501852163391,TRUE,4.8,6.78501852163391,0.954730719317498,4.86154847884434,6.76537375930151,8.64092968666392,FALSE,2.07913967935684,3.77938120781958,2.00431042226641,3.4709840064409,0.990374794034807,1.08885007848103
98,"growth_increment_110",45,5,50,"biased","full",NA,FALSE,1.76790192466405,TRUE,4.8,6.56790192466405,0.900163313113098,4.81944031622465,6.54550556379419,8.31415444784389,FALSE,1.96397909013865,3.49471413161925,2.00431042226641,3.4709840064409,0.882049958441551,1.00683671406561
98,"growth_increment_110",65,5,800,"biased","full",NA,FALSE,1.26461799155943,TRUE,4.8,6.06461799155943,0.825527222061174,4.48785250649528,6.0341866105361,7.6434960458116,TRUE,1.53189132685647,3.15564353931632,2.00431042226641,3.4709840064409,0.630949167110271,0.909149547638531
98,"growth_sd.log_growth_sd",85,5,200,"correct","robust",0.0353330876372944,FALSE,1.85826585516847,TRUE,4.5,6.35826585516847,0.93086873791695,4.73356805438281,6.28657314008275,8.45375010614915,FALSE,1.99627055832469,3.72018205176634,1.82502393279074,3.55046630496758,1.01821451312526,1.04780097379359
98,"growth_sd.log_growth_sd",105,5,50,"biased","robust",0.668587916774104,FALSE,1.78275907169206,TRUE,4.5,6.28275907169206,0.933364071446933,4.62509430742375,6.23655587212041,8.06885747630832,FALSE,1.91003610084151,3.44376316888457,1.82502393279074,3.55046630496758,0.976841475698321,0.969946726171231
98,"growth_sd.log_growth_sd",45,5,50,"biased","full",NA,FALSE,1.75527023816878,TRUE,4.5,6.25527023816878,0.918148759893855,4.60231277577979,6.20923281230825,8.15486296729145,FALSE,1.91174928817821,3.55255019151167,1.82502393279074,3.55046630496758,0.961779298688266,1.00058693319837
98,"growth_sd.log_growth_sd",55,5,200,"biased","full",NA,FALSE,1.74814733101406,TRUE,4.5,6.24814733101406,0.917920939080994,4.72165426301206,6.16607292769779,8.22814338947171,FALSE,1.90446394301047,3.50648912645965,1.82502393279074,3.55046630496758,0.957876387045991,0.987613689377533
98,"growth_sd.log_growth_sd",125,5,800,"biased","robust",0.137853863616183,FALSE,1.81417648455617,TRUE,4.5,6.31417648455617,0.933798510162785,4.62784888117901,6.23413988077984,8.447357668617,FALSE,1.94279222424537,3.81950878743799,1.82502393279074,3.55046630496758,0.994056270693402,1.07577666124982
98,"growth_sd.log_growth_sd",115,5,200,"biased","robust",0.860371679814755,FALSE,1.72357185160064,TRUE,4.5,6.22357185160064,0.884290133291145,4.64924760591354,6.14879028002316,8.19021582079872,FALSE,1.94910220832824,3.54096821488518,1.82502393279074,3.55046630496758,0.944410547518158,0.997324833059502
98,"growth_sd.log_growth_sd",15,5,50,"correct","full",NA,FALSE,1.96058941066298,TRUE,4.5,6.46058941066298,0.956514163905194,4.84088901979887,6.37849126724082,8.52819782339448,FALSE,2.04972334404167,3.68730880359561,1.82502393279074,3.55046630496758,1.07428147951186,1.03854212006929
98,"growth_sd.log_growth_sd",75,5,50,"correct","robust",0.928181018969509,FALSE,2.01347308646363,TRUE,4.5,6.51347308646363,0.976606534120646,4.81162150868953,6.39823486506474,8.7480040977183,FALSE,2.06170347639195,3.93638258902877,1.82502393279074,3.55046630496758,1.103258456115,1.1086945350027
98,"growth_sd.log_growth_sd",95,5,800,"correct","robust",0.0380705125401188,FALSE,1.90292306183375,TRUE,4.5,6.40292306183375,0.971916710374054,4.84164662042819,6.29953864632094,8.48988059836377,FALSE,1.9579075465236,3.64823397793558,1.82502393279074,3.55046630496758,1.04268389451961,1.02753657254294
98,"growth_sd.log_growth_sd",35,5,800,"correct","full",NA,FALSE,1.88197918683153,TRUE,4.5,6.38197918683153,0.847079071186467,4.90024247163571,6.32390342183924,8.21086137512319,FALSE,2.22172787741706,3.31061890348748,1.82502393279074,3.55046630496758,1.0312079491219,0.932446225121326
98,"growth_sd.log_growth_sd",25,5,200,"correct","full",NA,FALSE,1.97869237594244,TRUE,4.5,6.47869237594244,0.930708508766022,4.8591115160601,6.43213986294717,8.4207409124185,FALSE,2.12600653943294,3.5616293963584,1.82502393279074,3.55046630496758,1.08420078246137,1.00314411979497
98,"growth_sd.log_growth_sd",65,5,800,"biased","full",NA,FALSE,1.63825699720426,TRUE,4.5,6.13825699720426,0.838189617803947,4.69447339769908,6.07382437273367,7.80841026566246,FALSE,1.95451836005377,3.11393686796338,1.82502393279074,3.55046630496758,0.89766329513231,0.877050111306947
98,"growth_sd.log_growth_sd",5,5,0,"weak","none",NA,FALSE,1.82502393279074,TRUE,4.5,6.32502393279074,0.900757944771155,4.74690187267895,6.24556955825289,8.29736817764653,FALSE,2.02609806928142,3.55046630496758,1.82502393279074,3.55046630496758,1,1
98,"recruitment_50",15,5,50,"correct","full",NA,FALSE,0.0493276577859766,TRUE,0.019387103915861,0.0687147617018376,0.0211572233783711,0.0371336547615223,0.0665965818003156,0.117676664154061,FALSE,2.33148069119523,0.0805430093925388,0.0589075230911342,0.0918927968433426,0.837374501549881,0.876488823491218
98,"recruitment_50",55,5,200,"biased","full",NA,FALSE,0.0514507882830546,TRUE,0.019387103915861,0.0708378921989156,0.0154638539987778,0.0455842502386423,0.0690374405295875,0.104310084194183,FALSE,3.32716464389285,0.0587258339555406,0.0589075230911342,0.0918927968433426,0.873416256247212,0.639068958317326
98,"recruitment_50",115,5,200,"biased","robust",0.860371679814755,FALSE,0.0534520386004523,TRUE,0.019387103915861,0.0728391425163133,0.0175211871480012,0.0456138729052768,0.0707317640776101,0.115575121979415,FALSE,3.05070873046123,0.0699612490741387,0.0589075230911342,0.0918927968433426,0.907389002212131,0.761335506997437
98,"recruitment_50",75,5,50,"correct","robust",0.928181018969509,FALSE,0.0495162472687693,TRUE,0.019387103915861,0.0689033511846303,0.021572917553587,0.037292860903797,0.065522834261242,0.121089655438998,FALSE,2.2952967370209,0.0837967945352013,0.0589075230911342,0.0918927968433426,0.840575951430925,0.911897313105583
98,"recruitment_50",95,5,800,"correct","robust",0.0380705125401188,FALSE,0.0574242039214095,TRUE,0.019387103915861,0.0768113078372705,0.0239858589988173,0.038976164830892,0.0729736593810848,0.132768302136087,FALSE,2.39408577880162,0.0937921373051953,0.0589075230911342,0.0918927968433426,0.974819529121435,1.02066908971212
98,"recruitment_50",85,5,200,"correct","robust",0.0353330876372944,FALSE,0.0572769894402268,TRUE,0.019387103915861,0.0766640933560878,0.0222236676780364,0.0407465709339545,0.0746745351384408,0.128182027589951,FALSE,2.57729688321579,0.0874354566559962,0.0589075230911342,0.0918927968433426,0.972320451355851,0.951494128588281
98,"recruitment_50",35,5,800,"correct","full",NA,FALSE,0.0166149259950884,TRUE,0.019387103915861,0.0360020299109494,0.00672043574405641,0.0244884944781087,0.0353601507483271,0.0500826331152322,FALSE,2.4722989145135,0.0255941386371235,0.0589075230911342,0.0918927968433426,0.282051003390244,0.278521706992508
98,"recruitment_50",25,5,200,"correct","full",NA,FALSE,0.0288932295048588,TRUE,0.019387103915861,0.0482803334207198,0.0143683722658811,0.0260073328610715,0.0467016300455844,0.0807452031691561,FALSE,2.01089093254273,0.0547378703080846,0.0589075230911342,0.0918927968433426,0.490484542359027,0.595670957772685
98,"recruitment_50",45,5,50,"biased","full",NA,FALSE,0.0528373159002707,TRUE,0.019387103915861,0.0722244198161317,0.0187715008047211,0.0433843995222476,0.0690415709201021,0.116715559689941,FALSE,2.81476246624787,0.073331160167693,0.0589075230911342,0.0918927968433426,0.896953616917954,0.798007707750008
98,"recruitment_50",105,5,50,"biased","robust",0.668587916774104,FALSE,0.0548437986657346,TRUE,0.019387103915861,0.0742309025815956,0.0215591704430229,0.0417341092672023,0.0711877831130717,0.125124561386552,FALSE,2.54387332808918,0.08339045211935,0.0589075230911342,0.0918927968433426,0.93101518766775,0.907475395068373
98,"recruitment_50",5,5,0,"weak","none",NA,FALSE,0.0589075230911342,TRUE,0.019387103915861,0.0782946270069952,0.022962180447095,0.042403416049109,0.0752989934615453,0.134296212892452,FALSE,2.56541504091292,0.0918927968433426,0.0589075230911342,0.0918927968433426,1,1
98,"recruitment_50",65,5,800,"biased","full",NA,FALSE,0.0387238517429255,TRUE,0.019387103915861,0.0581109556587865,0.00897144880961902,0.0440981078714555,0.0571152160524245,0.0780177163232918,FALSE,4.31634316426199,0.0339196084518363,0.0589075230911342,0.0918927968433426,0.657366830430417,0.36912151569031
98,"recruitment_50",125,5,800,"biased","robust",0.137853863616183,FALSE,0.0573206510787808,TRUE,0.019387103915861,0.0767077549946418,0.0240580677236775,0.0427761828124685,0.0730670244849607,0.138642214197987,FALSE,2.38259579851323,0.0958660313855184,0.0589075230911342,0.0918927968433426,0.97306164087228,1.04323771480097
98,"recruitment_80",85,5,200,"correct","robust",0.0353330876372944,FALSE,0.110086745899049,TRUE,0.183939720585721,0.29402646648477,0.0398644092445311,0.223767351465039,0.292471288947217,0.381532117081703,FALSE,2.76152959457568,0.157764765616664,0.112226228727547,0.152406643152855,0.980935982142892,1.03515675139197
98,"recruitment_80",55,5,200,"biased","full",NA,FALSE,0.116151978011689,TRUE,0.183939720585721,0.30009169859741,0.029851662865881,0.248681003215222,0.29809232064604,0.363410051486463,FALSE,3.89097178718459,0.114729048271242,0.112226228727547,0.152406643152855,1.03498067545041,0.752782463400727
98,"recruitment_80",115,5,200,"biased","robust",0.860371679814755,FALSE,0.117185644177306,TRUE,0.183939720585721,0.301125364763027,0.0322936855577661,0.242455126685464,0.298447447737255,0.369485229604999,FALSE,3.62874791629734,0.127030102919535,0.112226228727547,0.152406643152855,1.04419123324369,0.833494526824075
98,"recruitment_80",5,5,0,"weak","none",NA,FALSE,0.112226228727547,TRUE,0.183939720585721,0.296165949313268,0.0392290695402332,0.224894052054323,0.294504658132379,0.377300695207178,FALSE,2.86079252051716,0.152406643152855,0.112226228727547,0.152406643152855,1,1
98,"recruitment_80",65,5,800,"biased","full",NA,FALSE,0.107495233866184,TRUE,0.183939720585721,0.291434954451905,0.020035678138772,0.255745029091525,0.289969664810575,0.331229728585288,FALSE,5.3651906924061,0.0754846994937635,0.112226228727547,0.152406643152855,0.957844125076603,0.495284837538589
98,"recruitment_80",75,5,50,"correct","robust",0.928181018969509,FALSE,0.0941796159906966,TRUE,0.183939720585721,0.278119336576418,0.0398040878244423,0.209914375074904,0.274395616912494,0.367135900047481,FALSE,2.36607899183822,0.157221524972577,0.112226228727547,0.152406643152855,0.839194340383102,1.03159233561028
98,"recruitment_80",25,5,200,"correct","full",NA,FALSE,0.0601318264034785,TRUE,0.183939720585721,0.2440715469892,0.0342202651458356,0.182529458714786,0.242629135029789,0.312203534793274,TRUE,1.75719931295729,0.129674076078488,0.112226228727547,0.152406643152855,0.535809026867164,0.850842675856538
98,"recruitment_80",15,5,50,"correct","full",NA,FALSE,0.0943269791829678,TRUE,0.183939720585721,0.278266699768689,0.039935049885795,0.207164843673903,0.275944494756308,0.363088635490035,FALSE,2.36200979973034,0.155923791816132,0.112226228727547,0.152406643152855,0.840507430860632,1.02307739735301
98,"recruitment_80",105,5,50,"biased","robust",0.668587916774104,FALSE,0.113059844601718,TRUE,0.183939720585721,0.296999565187439,0.0385438153033651,0.228184019546797,0.295058821940406,0.379940621454658,FALSE,2.93328109093152,0.151756601907861,0.112226228727547,0.152406643152855,1.00742799507408,0.995734823420117
98,"recruitment_80",95,5,800,"correct","robust",0.0380705125401188,FALSE,0.109736650517406,TRUE,0.183939720585721,0.293676371103127,0.0419480528367393,0.21837442146668,0.290625666417531,0.382785145978973,FALSE,2.61601297548894,0.164410724512293,0.112226228727547,0.152406643152855,0.977816431699003,1.07876350473384
98,"recruitment_80",125,5,800,"biased","robust",0.137853863616183,FALSE,0.114021188854452,TRUE,0.183939720585721,0.297960909440173,0.039531031838187,0.230141744394802,0.295450129651878,0.387495266596521,FALSE,2.88434638693917,0.157353522201719,0.112226228727547,0.152406643152855,1.01599412318544,1.0324584214082
98,"recruitment_80",35,5,800,"correct","full",NA,FALSE,0.0387667516613922,TRUE,0.183939720585721,0.222706472247113,0.0193405138799846,0.188135066219752,0.22128633701787,0.262978576064828,FALSE,2.00443234869327,0.0748435098450759,0.112226228727547,0.152406643152855,0.34543396941108,0.491077739767631
98,"recruitment_80",45,5,50,"biased","full",NA,FALSE,0.112771042614243,TRUE,0.183939720585721,0.296710763199964,0.0351342112094365,0.234873498302229,0.294026983610833,0.372328018889911,FALSE,3.20972177066991,0.137454520587682,0.112226228727547,0.152406643152855,1.00485460389139,0.901893236043676
98,"recruitment_110",15,5,50,"correct","full",NA,FALSE,-0.586147808032305,TRUE,1.74517147873092,1.15902367069862,0.100280471203241,0.964816392336247,1.15591860723422,1.36416719226559,FALSE,-5.84508430205063,0.39935079992934,-0.593199155177468,0.397041966531501,0.988113018901631,1.00581508654616
98,"recruitment_110",5,5,0,"weak","none",NA,FALSE,-0.593199155177468,TRUE,1.74517147873092,1.15197232355345,0.103755459594877,0.971875433492633,1.15049177611179,1.36891740002413,FALSE,-5.71728136036092,0.397041966531501,-0.593199155177468,0.397041966531501,1,1
98,"recruitment_110",125,5,800,"biased","robust",0.137853863616183,FALSE,-0.5456422705365,TRUE,1.74517147873092,1.19952920819442,0.152069638016913,0.964613228255262,1.17154259559997,1.55243796929581,FALSE,-3.58810790669347,0.587824741040549,-0.593199155177468,0.397041966531501,0.91982981731196,1.48051035051961
98,"recruitment_110",35,5,800,"correct","full",NA,FALSE,-0.351881235105736,TRUE,1.74517147873092,1.39329024362518,0.0796627089920602,1.24890547919434,1.39103236737872,1.54336212801644,FALSE,-4.41713870339015,0.2944566488221,-0.593199155177468,0.397041966531501,0.593192407700687,0.74162600844044
98,"recruitment_110",85,5,200,"correct","robust",0.0353330876372944,FALSE,-0.585187010997745,TRUE,1.74517147873092,1.15998446773318,0.107234747148532,0.966860775568001,1.15374630144609,1.37487982349519,FALSE,-5.45706523825896,0.408019047927186,-0.593199155177468,0.397041966531501,0.986493331776027,1.02764715652499
98,"recruitment_110",115,5,200,"biased","robust",0.860371679814755,FALSE,-0.475963235638838,TRUE,1.74517147873092,1.26920824309208,0.10585311836879,1.06153501478295,1.27304629272179,1.47686781377166,FALSE,-4.4964498256971,0.415332798988706,-0.593199155177468,0.397041966531501,0.802366678179849,1.04606775605358
98,"recruitment_110",65,5,800,"biased","full",NA,FALSE,-0.271238596152012,TRUE,1.74517147873092,1.47393288257891,0.0812307460985257,1.31661593199889,1.47240309511806,1.63598209545519,FALSE,-3.33911245654476,0.319366163456295,-0.593199155177468,0.397041966531501,0.45724710459317,0.804363745843366
98,"recruitment_110",55,5,200,"biased","full",NA,FALSE,-0.453211626315528,TRUE,1.74517147873092,1.29195985241539,0.09569614068555,1.1200356994692,1.28955453625885,1.48779879039051,FALSE,-4.73594465846586,0.367763090921306,-0.593199155177468,0.397041966531501,0.764012595702264,0.926257478860556
98,"recruitment_110",105,5,50,"biased","robust",0.668587916774104,FALSE,-0.524499251252152,TRUE,1.74517147873092,1.22067222747877,0.116904298834914,0.987179376562939,1.2208854040276,1.44686549043602,FALSE,-4.48656941172729,0.45968611387308,-0.593199155177468,0.397041966531501,0.884187454878011,1.15777714353177
98,"recruitment_110",25,5,200,"correct","full",NA,FALSE,-0.480110823880693,TRUE,1.74517147873092,1.26506065485023,0.0950449443089368,1.08748295782626,1.26214844970065,1.45547579381226,FALSE,-5.05140833498863,0.367992835985995,-0.593199155177468,0.397041966531501,0.809358576610005,0.926836120626554
98,"recruitment_110",75,5,50,"correct","robust",0.928181018969509,FALSE,-0.589534687351077,TRUE,1.74517147873092,1.15563679137984,0.101617029064923,0.97476546701605,1.14805744461696,1.37527438232179,FALSE,-5.80153437643235,0.400508915305745,-0.593199155177468,0.397041966531501,0.993822533639154,1.00873194540247
98,"recruitment_110",95,5,800,"correct","robust",0.0380705125401188,FALSE,-0.585205498804922,TRUE,1.74517147873092,1.159965979926,0.109754909450228,0.969921929151702,1.14990057815798,1.40230182577923,FALSE,-5.33193004063568,0.432379896627533,-0.593199155177468,0.397041966531501,0.986524498049638,1.08900300994562
98,"recruitment_110",45,5,50,"biased","full",NA,FALSE,-0.499252639131546,TRUE,1.74517147873092,1.24591883959937,0.106427703562937,1.05582999390202,1.24467959305463,1.47730447023655,FALSE,-4.69100264703456,0.421474476334528,-0.593199155177468,0.397041966531501,0.841627360346094,1.06153634089733
98,"recruit_mean_50",15,5,50,"correct","full",NA,FALSE,0.630688456688027,TRUE,44,44.630688456688,1.18965598924204,42.3125803538679,44.6512873872126,46.930502054276,TRUE,0.530143556113103,4.61792170040805,0.681694516931479,4.84048890624309,0.925177540706875,0.954019684757882
98,"recruit_mean_50",125,5,800,"biased","robust",0.137853863616183,FALSE,0.797161336330809,TRUE,44,44.7971613363308,1.25804598235545,42.1919300188203,44.8455509693571,47.175692930054,TRUE,0.633650397132763,4.98376291123378,0.681694516931479,4.84048890624309,1.16938205681789,1.02959907723493
98,"recruit_mean_50",115,5,200,"biased","robust",0.860371679814755,FALSE,0.774855084610635,TRUE,44,44.7748550846106,1.29381926847167,42.3185938695805,44.7699190766168,47.327426039496,TRUE,0.59888973946565,5.00883216991552,0.681694516931479,4.84048890624309,1.13666028604499,1.03477815297858
98,"recruit_mean_50",55,5,200,"biased","full",NA,FALSE,0.82357808540052,TRUE,44,44.8235780854005,1.24102043903895,42.5156184863171,44.793238879625,47.2681775680483,TRUE,0.663629751366786,4.75255908173119,0.681694516931479,4.84048890624309,1.20813365069695,0.981834515848495
98,"recruit_mean_50",85,5,200,"correct","robust",0.0353330876372944,FALSE,0.735338111428355,TRUE,44,44.7353381114284,1.17284510032597,42.5960026956074,44.7201673168266,46.9221506109618,TRUE,0.626969504518524,4.32614791535442,0.681694516931479,4.84048890624309,1.07869154462081,0.893741933748616
98,"recruit_mean_50",75,5,50,"correct","robust",0.928181018969509,FALSE,0.698747578550197,TRUE,44,44.6987475785502,1.25671685046801,42.2786002648745,44.7067177381896,47.0495407149251,TRUE,0.556010352125046,4.7709404500506,0.681694516931479,4.84048890624309,1.02501569426652,0.985631935628902
98,"recruit_mean_50",35,5,800,"correct","full",NA,FALSE,0.563471314113507,TRUE,44,44.5634713141135,1.42512791371633,41.8763179357885,44.528428936185,47.1971168002146,TRUE,0.395382974882678,5.32079886442614,0.681694516931479,4.84048890624309,0.826574514123816,1.09922757132313
98,"recruit_mean_50",45,5,50,"biased","full",NA,FALSE,0.755262334956527,TRUE,44,44.7552623349565,1.23941322364013,42.3203991038679,44.8038868773506,47.2026921734224,TRUE,0.609370886602564,4.88229306955447,0.681694516931479,4.84048890624309,1.10791904027071,1.00863635143497
98,"recruit_mean_50",5,5,0,"weak","none",NA,FALSE,0.681694516931479,TRUE,44,44.6816945169315,1.2338142766275,42.3165198135631,44.6883644438912,47.1570087198062,TRUE,0.552509830567708,4.84048890624309,0.681694516931479,4.84048890624309,1,1
98,"recruit_mean_50",105,5,50,"biased","robust",0.668587916774104,FALSE,0.798608144417152,TRUE,44,44.7986081444172,1.27081568802537,42.3582972372723,44.8019757266944,47.1515277944156,TRUE,0.628421691628668,4.79323055714325,0.681694516931479,4.84048890624309,1.17150442695643,0.990236864495468
98,"recruit_mean_50",25,5,200,"correct","full",NA,FALSE,0.563023885393065,TRUE,44,44.5630238853931,1.28008345254098,42.0546365806524,44.5417017292803,46.9573052339408,TRUE,0.439833734492433,4.90266865328838,0.681694516931479,4.84048890624309,0.825918166288636,1.01284575757732
98,"recruit_mean_50",65,5,800,"biased","full",NA,FALSE,0.866781600277498,TRUE,44,44.8667816002775,1.42135765069561,42.0269733028468,44.8509058618388,47.6107523084784,TRUE,0.60982652737212,5.58377900563158,0.681694516931479,4.84048890624309,1.27151030080036,1.15355682324358
98,"recruit_mean_50",95,5,800,"correct","robust",0.0380705125401188,FALSE,0.705124265096231,TRUE,44,44.7051242650962,1.18189918053093,42.5137953015972,44.6386051983277,47.1179155989892,TRUE,0.596602719344876,4.60412029739203,0.681694516931479,4.84048890624309,1.03436986448155,0.951168443223535
98,"recruit_mean_80",45,5,50,"biased","full",NA,FALSE,0.517786246123798,TRUE,44.6,45.1177862461238,0.599452747932123,43.9689548939893,45.1140638003622,46.3172723361474,TRUE,0.863764905424085,2.34831744215815,0.469333820841157,2.26310595928074,1.1032365943622,1.03765244951433
98,"recruit_mean_80",55,5,200,"biased","full",NA,FALSE,0.57057219043552,TRUE,44.6,45.1705721904355,0.603129338249478,44.0136348466423,45.1637911358824,46.3406249080105,TRUE,0.94601962506342,2.32699006136825,0.469333820841157,2.26310595928074,1.21570652933752,1.02822850685604
98,"recruit_mean_80",125,5,800,"biased","robust",0.137853863616183,FALSE,0.545493787106523,TRUE,44.6,45.1454937871065,0.616581234104156,43.8956602327671,45.1361702473609,46.3815499933123,TRUE,0.88470708632429,2.48588976054526,0.469333820841157,2.26310595928074,1.16227248683862,1.09844161310738
98,"recruit_mean_80",105,5,50,"biased","robust",0.668587916774104,FALSE,0.536151197264068,TRUE,44.6,45.1361511972641,0.622432269797284,43.9491972454915,45.1167270340064,46.2900870997339,TRUE,0.861380785155443,2.34088985424243,0.469333820841157,2.26310595928074,1.14236642120348,1.03437041674638
98,"recruit_mean_80",115,5,200,"biased","robust",0.860371679814755,FALSE,0.537188427866532,TRUE,44.6,45.1371884278665,0.619476005905883,43.8956154509895,45.1214996157638,46.3510382323451,TRUE,0.86716583490749,2.45542278135559,0.469333820841157,2.26310595928074,1.14457642729382,1.08497915057233
98,"recruit_mean_80",75,5,50,"correct","robust",0.928181018969509,FALSE,0.454051124766345,TRUE,44.6,45.0540511247663,0.627574030860615,43.8316926302669,45.0762772994096,46.2673373818692,TRUE,0.723502092882473,2.43564475160234,0.469333820841157,2.26310595928074,0.96743747116408,1.07623982059436
98,"recruit_mean_80",35,5,800,"correct","full",NA,FALSE,0.412344244248629,TRUE,44.6,45.0123442442486,0.75995129258542,43.6392775786719,44.9859449975542,46.496634370107,TRUE,0.542592990197831,2.85735679143512,0.469333820841157,2.26310595928074,0.878573471457077,1.26258197488165
98,"recruit_mean_80",15,5,50,"correct","full",NA,FALSE,0.422721277721863,TRUE,44.6,45.0227212777219,0.59936157553407,43.8683019141139,45.0352250016076,46.1718685006384,TRUE,0.705285915843355,2.3035665865245,0.469333820841157,2.26310595928074,0.900683605038831,1.01787836184949
98,"recruit_mean_80",65,5,800,"biased","full",NA,FALSE,0.61737528868619,TRUE,44.6,45.2173752886862,0.706817582767009,43.8235460208784,45.1947617341049,46.5926630468661,TRUE,0.87345774035406,2.76911702598764,0.469333820841157,2.26310595928074,1.31542893623074,1.22359141631518
98,"recruit_mean_80",5,5,0,"weak","none",NA,FALSE,0.469333820841157,TRUE,44.6,45.0693338208412,0.589539131910994,43.938994995039,45.0581023558254,46.2021009543197,TRUE,0.796102914016597,2.26310595928074,0.469333820841157,2.26310595928074,1,1
98,"recruit_mean_80",95,5,800,"correct","robust",0.0380705125401188,FALSE,0.486809595397951,TRUE,44.6,45.086809595398,0.573510264509755,44.0185567423506,45.0516444828249,46.2264898290228,TRUE,0.848824555588525,2.20793308667216,0.469333820841157,2.26310595928074,1.03723527642963,0.97562072938639
98,"recruit_mean_80",85,5,200,"correct","robust",0.0353330876372944,FALSE,0.495967222210631,TRUE,44.6,45.0959672222106,0.571478209074871,44.0512653433117,45.0835215517847,46.1726288151674,TRUE,0.867867250815249,2.12136347185568,0.469333820841157,2.26310595928074,1.05674724510955,0.93736816129011
98,"recruit_mean_80",25,5,200,"correct","full",NA,FALSE,0.392924287482607,TRUE,44.6,44.9929242874826,0.6607410165939,43.6899451538166,44.9704702875607,46.2361263606844,TRUE,0.594672159915424,2.54618120686777,0.469333820841157,2.26310595928074,0.837195765645855,1.12508263098604
98,"recruit_mean_110",45,5,50,"biased","full",NA,FALSE,0.280310157291105,TRUE,45.2,45.4803101572911,0.320910911352615,44.8842094943425,45.4737149111695,46.1706061354297,TRUE,0.873482787199783,1.28639664108719,0.256973124750793,1.28600432739861,1.09081507088706,1.00030506405012
98,"recruit_mean_110",65,5,800,"biased","full",NA,FALSE,0.367968977094812,TRUE,45.2,45.5679689770948,0.317032138891494,44.9611488186804,45.5851755925735,46.1899596927638,TRUE,1.1606677429658,1.22881087408339,0.256973124750793,1.28600432739861,1.43193564483313,0.955526235723555
98,"recruit_mean_110",55,5,200,"biased","full",NA,FALSE,0.317566295470577,TRUE,45.2,45.5175662954706,0.324817481987115,44.893770621591,45.5213472115446,46.1830933403498,TRUE,0.977676119917628,1.28932271875885,0.256973124750793,1.28600432739861,1.23579575015304,1.00258038895324
98,"recruit_mean_110",35,5,800,"correct","full",NA,FALSE,0.261217174383873,TRUE,45.2,45.4612171743839,0.316173153553071,44.8418034735324,45.4653281640789,46.0779691150595,TRUE,0.826183916782254,1.23616564152715,0.256973124750793,1.28600432739861,1.01651553888056,0.961245320245327
98,"recruit_mean_110",105,5,50,"biased","robust",0.668587916774104,FALSE,0.273694250110999,TRUE,45.2,45.473694250111,0.319175956124498,44.8866818148084,45.465112233462,46.107306238325,TRUE,0.857502718670457,1.22062442351656,0.256973124750793,1.28600432739861,1.06506954910721,0.949160432442478
98,"recruit_mean_110",115,5,200,"biased","robust",0.860371679814755,FALSE,0.299521771122457,TRUE,45.2,45.4995217711225,0.332294398288309,44.8538923829822,45.4941258579255,46.1658025151982,TRUE,0.901374722731807,1.31191013221604,0.256973124750793,1.28600432739861,1.16557625009591,1.02014441496464
98,"recruit_mean_110",125,5,800,"biased","robust",0.137853863616183,FALSE,0.2938262378822,TRUE,45.2,45.4938262378822,0.320710004214535,44.8661734285728,45.4933086308334,46.1038414370584,TRUE,0.916174219765371,1.23766800848566,0.256973124750793,1.28600432739861,1.14341232440998,0.962413564337904
98,"recruit_mean_110",5,5,0,"weak","none",NA,FALSE,0.256973124750793,TRUE,45.2,45.4569731247508,0.326490721300366,44.8097866243902,45.4553936708014,46.0957909517888,TRUE,0.787076348532375,1.28600432739861,0.256973124750793,1.28600432739861,1,1
98,"recruit_mean_110",15,5,50,"correct","full",NA,FALSE,0.214754098755719,TRUE,45.2,45.4147540987557,0.317051835627169,44.7983621293245,45.4235841429451,46.0325683173291,TRUE,0.677346965460422,1.23420618800466,0.256973124750793,1.28600432739861,0.835706453598924,0.959721644561856
98,"recruit_mean_110",85,5,200,"correct","robust",0.0353330876372944,FALSE,0.25659633299297,TRUE,45.2,45.456596332993,0.321201718267463,44.833068720112,45.4531204274192,46.0893267564657,TRUE,0.7988635128636,1.25625803635369,0.256973124750793,1.28600432739861,0.998533730878712,0.976869213881195
98,"recruit_mean_110",25,5,200,"correct","full",NA,FALSE,0.222824689572093,TRUE,45.2,45.4228246895721,0.286234600821087,44.8516348146086,45.4149362660594,45.9772977780897,TRUE,0.778468741839395,1.12566296348106,0.256973124750793,1.28600432739861,0.867112814961422,0.875318177006533
98,"recruit_mean_110",95,5,800,"correct","robust",0.0380705125401188,FALSE,0.268494925699734,TRUE,45.2,45.4684949256997,0.32737370033281,44.8179680145379,45.4711145609089,46.1268467464606,TRUE,0.820148122548576,1.30887873192268,0.256973124750793,1.28600432739861,1.04483659900277,1.0177871909423
98,"recruit_mean_110",75,5,50,"correct","robust",0.928181018969509,FALSE,0.209354670982464,TRUE,45.2,45.4093546709825,0.295442111072969,44.8430966377739,45.405030405779,45.9777737994857,TRUE,0.708614862729426,1.13467716171174,0.256973124750793,1.28600432739861,0.814694809760714,0.882327638824525
98,"recruit_sd.log_recruit_sd",45,5,50,"biased","full",NA,FALSE,-0.0381221508534546,TRUE,3.5,3.46187784914655,0.238662793161421,3.00389080218266,3.44730585936992,3.94741221047555,TRUE,-0.159732274765051,0.943521408292884,-0.0810294510624621,0.939501913642439,0.470472776917468,1.00427832513386
98,"recruit_sd.log_recruit_sd",65,5,800,"biased","full",NA,FALSE,0.0506772320321578,TRUE,3.5,3.55067723203216,0.258270934294287,3.07018626758448,3.53398738263928,4.07277167086429,TRUE,0.196217325695712,1.00258540327981,-0.0810294510624621,0.939501913642439,0.625417442271612,1.0671456744487
98,"recruit_sd.log_recruit_sd",55,5,200,"biased","full",NA,FALSE,-0.0173386689742778,TRUE,3.5,3.48266133102572,0.250051049063447,3.02778590742006,3.4685678195827,3.96742560360871,TRUE,-0.0693405168233401,0.939639696188651,-0.0810294510624621,0.939501913642439,0.213979840007952,1.00014665488618
98,"recruit_sd.log_recruit_sd",125,5,800,"biased","robust",0.137853863616183,FALSE,-0.044883772303947,TRUE,3.5,3.45511622769605,0.249216117380223,2.97490685030753,3.45264068865546,3.96360488405376,TRUE,-0.180099797620508,0.988698033746238,-0.0810294510624621,0.939501913642439,0.553919244366447,1.05236404459579
98,"recruit_sd.log_recruit_sd",35,5,800,"correct","full",NA,FALSE,-0.01735904893521,TRUE,3.5,3.48264095106479,0.251044992090626,3.00526856310766,3.48179938528449,4.0072535111699,TRUE,-0.0691471627880292,1.00198494806224,-0.0810294510624621,0.939501913642439,0.214231353015445,1.0665065536456
98,"recruit_sd.log_recruit_sd",105,5,50,"biased","robust",0.668587916774104,FALSE,-0.0542766045651613,TRUE,3.5,3.44572339543484,0.24970760768387,2.9701366445007,3.43533625129461,3.96380588266709,TRUE,-0.217360636580506,0.99366923816639,-0.0810294510624621,0.939501913642439,0.669837989193852,1.0576553636958
98,"recruit_sd.log_recruit_sd",115,5,200,"biased","robust",0.860371679814755,FALSE,-0.036188131411186,TRUE,3.5,3.46381186858881,0.244131320246762,3.02588472288404,3.45184860925155,3.94664586933342,TRUE,-0.1482322357271,0.920761146449384,-0.0810294510624621,0.939501913642439,0.44660467196415,0.980052443831224
98,"recruit_sd.log_recruit_sd",15,5,50,"correct","full",NA,FALSE,-0.0950574533528687,TRUE,3.5,3.40494254664713,0.246135164958117,2.93777565993554,3.38989896244713,3.88793615488979,TRUE,-0.386200213890787,0.950160494954242,-0.0810294510624621,0.939501913642439,1.17312226735429,1.01134492772929
98,"recruit_sd.log_recruit_sd",25,5,200,"correct","full",NA,FALSE,-0.0664663276287643,TRUE,3.5,3.43353367237124,0.250250164038145,2.96554680006001,3.42073966646623,3.94660771701783,TRUE,-0.265599536704531,0.981060916957818,-0.0810294510624621,0.939501913642439,0.820273699960379,1.04423514493361
98,"recruit_sd.log_recruit_sd",5,5,0,"weak","none",NA,FALSE,-0.0810294510624621,TRUE,3.5,3.41897054893754,0.240941032607936,2.96863301454611,3.40487354697649,3.90813492818855,TRUE,-0.336304074841062,0.939501913642439,-0.0810294510624621,0.939501913642439,1,1
98,"recruit_sd.log_recruit_sd",85,5,200,"correct","robust",0.0353330876372944,FALSE,-0.0757157870755152,TRUE,3.5,3.42428421292448,0.250231145385779,2.97775412163757,3.41531261648888,3.94428729093153,TRUE,-0.302583385288769,0.966533169293965,-0.0810294510624621,0.939501913642439,0.934423053380297,1.02877190057732
98,"recruit_sd.log_recruit_sd",75,5,50,"correct","robust",0.928181018969509,FALSE,-0.0868664822976015,TRUE,3.5,3.4131335177024,0.245414694825699,2.94009319157303,3.40084188730989,3.92155642172991,TRUE,-0.353957950070173,0.981463230156887,-0.0810294510624621,0.939501913642439,1.07203592223079,1.04466336460323
98,"recruit_sd.log_recruit_sd",95,5,800,"correct","robust",0.0380705125401188,FALSE,-0.0779089055526576,TRUE,3.5,3.42209109444734,0.243796675672847,2.96718826860428,3.41743101243058,3.90261891832584,TRUE,-0.319565085691342,0.93543064972156,-0.0810294510624621,0.939501913642439,0.961488749227747,0.99566657197632
98,"lambda",55,5,200,"biased","full",NA,FALSE,-0.013798135474907,TRUE,1.03119869581319,1.01740056033829,0.018732446226127,0.977963472380471,1.01825637880116,1.05139185992206,TRUE,-0.736590155302951,0.0734283875415889,-0.00955440901610505,0.0706184541289029,1.44416420227025,1.03979035575541
98,"lambda",125,5,800,"biased","robust",0.137853863616183,FALSE,-0.0102801292975965,TRUE,1.03119869581319,1.0209185665156,0.0188277504951276,0.985195658378364,1.02154719103495,1.05643760335851,TRUE,-0.546009429021106,0.0712419449801426,-0.00955440901610505,0.0706184541289029,1.07595658509785,1.00882900735977
98,"lambda",115,5,200,"biased","robust",0.860371679814755,FALSE,-0.0133628552336162,TRUE,1.03119869581319,1.01783584057958,0.0181461743263319,0.978958036205951,1.01835450312664,1.05162522707557,TRUE,-0.736400686629876,0.0726671908696194,-0.00955440901610505,0.0706184541289029,1.39860615251991,1.02901135072961
98,"lambda",45,5,50,"biased","full",NA,FALSE,-0.0116409784960261,TRUE,1.03119869581319,1.01955771731717,0.0179942240286734,0.981263006029949,1.0203673603389,1.05127729322671,TRUE,-0.646928618732122,0.0700142871967654,-0.00955440901610505,0.0706184541289029,1.21838812598496,0.991444631016212
98,"lambda",65,5,800,"biased","full",NA,FALSE,-0.0206775455710169,TRUE,1.03119869581319,1.01052115024218,0.0182712338227565,0.97416196186558,1.01158987636572,1.04512597045659,TRUE,-1.13169946658245,0.0709640085910089,-0.00955440901610505,0.0706184541289029,2.1641888615154,1.00489326007442
98,"lambda",35,5,800,"correct","full",NA,FALSE,-0.0102225136380716,TRUE,1.03119869581319,1.02097618217512,0.0188166993283811,0.982179442036099,1.02224804570351,1.05534168951634,TRUE,-0.543268160885849,0.0731622474802376,-0.00955440901610505,0.0706184541289029,1.06992631578158,1.03602165160245
98,"lambda",105,5,50,"biased","robust",0.668587916774104,FALSE,-0.0109971980671544,TRUE,1.03119869581319,1.02020149774604,0.0197583659240582,0.979384632304877,1.02074711449438,1.05564085146558,TRUE,-0.556584391109185,0.0762562191607038,-0.00955440901610505,0.0706184541289029,1.15100767076408,1.07983416093349
98,"lambda",75,5,50,"correct","robust",0.928181018969509,FALSE,-0.00822206079320509,TRUE,1.03119869581319,1.02297663501999,0.0182714950543187,0.988108906974897,1.02329926054694,1.05921233258754,TRUE,-0.449993871260234,0.0711034256126403,-0.00955440901610505,0.0706184541289029,0.860551477265194,1.00686748937965
98,"lambda",15,5,50,"correct","full",NA,FALSE,-0.00735754221905816,TRUE,1.03119869581319,1.02384115359413,0.0177016944667753,0.988365453952613,1.02412647946878,1.05770171375213,TRUE,-0.415640561013393,0.0693362597995151,-0.00955440901610505,0.0706184541289029,0.770067746383495,0.981843353197064
98,"lambda",25,5,200,"correct","full",NA,FALSE,-0.00725920500018606,TRUE,1.03119869581319,1.02393949081301,0.0191708363203227,0.984211792034951,1.02439165966017,1.05846374205786,TRUE,-0.378658754312701,0.0742519500229099,-0.00955440901610505,0.0706184541289029,0.759775407139243,1.05145249834235
98,"lambda",95,5,800,"correct","robust",0.0380705125401188,FALSE,-0.0100122387347392,TRUE,1.03119869581319,1.02118645707845,0.0193692446217198,0.980334217909152,1.02230824938316,1.05510211702633,TRUE,-0.516914259191707,0.0747678991171756,-0.00955440901610505,0.0706184541289029,1.04791816195669,1.05875864941335
98,"lambda",5,5,0,"weak","none",NA,FALSE,-0.00955440901610505,TRUE,1.03119869581319,1.02164428679709,0.0183675291102902,0.984592133661876,1.02269991107054,1.05521058779078,TRUE,-0.520179331620186,0.0706184541289029,-0.00955440901610505,0.0706184541289029,1,1
98,"lambda",85,5,200,"correct","robust",0.0353330876372944,FALSE,-0.0100640947498456,TRUE,1.03119869581319,1.02113460106335,0.0189126915965668,0.978820477870269,1.0223494984381,1.0547303173819,TRUE,-0.532134450480466,0.0759098395116354,-0.00955440901610505,0.0706184541289029,1.05334560545623,1.07492921571285
122,"survival_50",46,6,50,"biased","full",NA,FALSE,0.0276785307750602,TRUE,0.354343693774205,0.382022224549265,0.0244443468081042,0.334881540041207,0.381539164731358,0.428834574109521,TRUE,1.1323080543876,0.0939530340683138,0.0263908110725544,0.097950194189686,1.04879424504861,0.959191912232134
122,"survival_50",126,6,800,"biased","robust",0.997733043057918,FALSE,0.0248610717906543,TRUE,0.354343693774205,0.379204765564859,0.0208552005130214,0.339370632329794,0.378382560317429,0.424204638637074,TRUE,1.19208020920881,0.0848340063072797,0.0263908110725544,0.097950194189686,0.942035154672036,0.866093293730422
122,"survival_50",36,6,800,"correct","full",NA,FALSE,0.0482014609851624,TRUE,0.354343693774205,0.402545154759367,0.0235590718529383,0.356848567587383,0.402610651096181,0.448356767067734,FALSE,2.04598302030098,0.0915081994803511,0.0263908110725544,0.097950194189686,1.82644863974228,0.934231935294996
122,"survival_50",106,6,50,"biased","robust",0.98159466714748,FALSE,0.0286889188250979,TRUE,0.354343693774205,0.383032612599302,0.0250070209326924,0.335284207236504,0.383418744624071,0.432700830576145,TRUE,1.1472345667369,0.0974166233396405,0.0263908110725544,0.097950194189686,1.08707984556539,0.994552631013551
122,"survival_50",116,6,200,"biased","robust",0.991859722807505,FALSE,0.0255130039709091,TRUE,0.354343693774205,0.379856697745114,0.0233725861471961,0.336684281130027,0.378757817582436,0.428013700842163,TRUE,1.09157813389725,0.0913294197121367,0.0263908110725544,0.097950194189686,0.966738153699328,0.932406724332493
122,"survival_50",56,6,200,"biased","full",NA,FALSE,0.0244775814502036,TRUE,0.354343693774205,0.378821275224408,0.0225732915616253,0.337468817292909,0.377359116754594,0.425047751615992,TRUE,1.08436031065207,0.0875789343230826,0.0263908110725544,0.097950194189686,0.927503947601652,0.894117005561838
122,"survival_50",26,6,200,"correct","full",NA,FALSE,0.0510691218122103,TRUE,0.354343693774205,0.405412815586415,0.0259876332484889,0.357353184934173,0.403859424643276,0.457472938833919,FALSE,1.96513169644565,0.100119753899746,0.0263908110725544,0.097950194189686,1.93510997717385,1.0221496213255
122,"survival_50",96,6,800,"correct","robust",0.912655979379395,FALSE,0.0456129157327953,TRUE,0.354343693774205,0.399956609507,0.0234814904274846,0.355108817386238,0.399001847443232,0.447097294588202,FALSE,1.942505134998,0.0919884772019644,0.0263908110725544,0.097950194189686,1.72836354318156,0.939135220332729
122,"survival_50",66,6,800,"biased","full",NA,FALSE,0.0246001830545349,TRUE,0.354343693774205,0.37894387682874,0.0212870238262203,0.339530256544216,0.378500361630656,0.421169799105518,TRUE,1.15564220040162,0.0816395425613018,0.0263908110725544,0.097950194189686,0.932149564744462,0.833480150158786
122,"survival_50",86,6,200,"correct","robust",0.963179717615696,FALSE,0.0492082994472445,TRUE,0.354343693774205,0.403551993221449,0.0260201425998932,0.353373566998175,0.404547516186319,0.45344950927884,TRUE,1.8911617896916,0.100075942280665,0.0263908110725544,0.097950194189686,1.86459973935471,1.02170233666778
122,"survival_50",16,6,50,"correct","full",NA,FALSE,0.0340749905231308,TRUE,0.354343693774205,0.388418684297335,0.0254544879887941,0.338187339212078,0.388905196901638,0.439023320321925,TRUE,1.33866336412391,0.100835981109847,0.0263908110725544,0.097950194189686,1.29116874920785,1.02946177844806
122,"survival_50",6,6,0,"weak","none",NA,FALSE,0.0263908110725544,TRUE,0.354343693774205,0.380734504846759,0.0254840277983933,0.331664137650861,0.380187489684962,0.429614331840547,TRUE,1.03558241583061,0.097950194189686,0.0263908110725544,0.097950194189686,1,1
122,"survival_50",76,6,50,"correct","robust",0.971097694127703,FALSE,0.0330557380660414,TRUE,0.354343693774205,0.387399431840246,0.0256060502217324,0.339986234392861,0.386247656958597,0.439539970269443,TRUE,1.29093467285268,0.0995537358765825,0.0263908110725544,0.097950194189686,1.25254725878502,1.016370990381
122,"survival_80",36,6,800,"correct","full",NA,FALSE,0.0110789549132031,TRUE,0.589040434058665,0.600119388971868,0.0250731037032673,0.553137647109593,0.599864230119443,0.647716115313769,TRUE,0.441866114555231,0.0945784682041759,-0.000292158360248207,0.0941902658232093,37.9210607007475,1.00412147027693
122,"survival_80",56,6,200,"biased","full",NA,FALSE,-0.00293214154817578,TRUE,0.589040434058665,0.586108292510489,0.0244393339914379,0.538459952936356,0.585673376191178,0.633894727207805,TRUE,-0.119976327882054,0.0954347742714489,-0.000292158360248207,0.0941902658232093,10.0361377496942,1.01321270767592
122,"survival_80",46,6,50,"biased","full",NA,FALSE,0.000257193595623817,TRUE,0.589040434058665,0.589297627654289,0.0250242057935511,0.539325680894406,0.589209947041932,0.636638086057869,TRUE,0.0102777925399773,0.097312405163463,-0.000292158360248207,0.0941902658232093,0.880322560016132,1.03314715499491
122,"survival_80",126,6,800,"biased","robust",0.997733043057918,FALSE,-0.00226778576518682,TRUE,0.589040434058665,0.586772648293478,0.0239389241552761,0.536792994565765,0.587440326271065,0.630776611730025,TRUE,-0.0947321504708057,0.0939836171642596,-0.000292158360248207,0.0941902658232093,7.76217994672546,0.99780605079364
122,"survival_80",106,6,50,"biased","robust",0.98159466714748,FALSE,0.00038735522641753,TRUE,0.589040434058665,0.589427789285083,0.0260481007564987,0.540043105453437,0.58980280033883,0.63971527094028,TRUE,0.0148707665882661,0.0996721654868434,-0.000292158360248207,0.0941902658232093,1.32583995230685,1.05820027808312
122,"survival_80",116,6,200,"biased","robust",0.991859722807505,FALSE,-0.00339737837392062,TRUE,0.589040434058665,0.585643055684745,0.0248445317262358,0.534576823636843,0.585360281809503,0.633887169554093,TRUE,-0.136745518545355,0.0993103459172501,-0.000292158360248207,0.0941902658232093,11.6285509373558,1.05435890905809
122,"survival_80",16,6,50,"correct","full",NA,FALSE,0.00446531626682567,TRUE,0.589040434058665,0.593505750325491,0.0251521773326217,0.537749025233715,0.593787760845914,0.642119432441386,TRUE,0.17753199684364,0.104370407207671,-0.000292158360248207,0.0941902658232093,15.2838900897174,1.10808060998118
122,"survival_80",26,6,200,"correct","full",NA,FALSE,0.0140664324460708,TRUE,0.589040434058665,0.603106866504736,0.0260265115461419,0.553132369691239,0.603698669779479,0.652804647509175,TRUE,0.540465533428582,0.0996722778179359,-0.000292158360248207,0.0941902658232093,48.1466025278908,1.0582014706808
122,"survival_80",96,6,800,"correct","robust",0.912655979379395,FALSE,0.0082445858158956,TRUE,0.589040434058665,0.597285019874561,0.0254701588881635,0.548022017011466,0.597974101556903,0.646531110531438,TRUE,0.323695892597161,0.0985090935199723,-0.000292158360248207,0.0941902658232093,28.2195786178814,1.045852165922
122,"survival_80",6,6,0,"weak","none",NA,FALSE,-0.000292158360248207,TRUE,0.589040434058665,0.588748275698417,0.024106438147171,0.540270913280585,0.589120548833938,0.634461179103794,TRUE,-0.0121195158929978,0.0941902658232093,-0.000292158360248207,0.0941902658232093,1,1
122,"survival_80",76,6,50,"correct","robust",0.971097694127703,FALSE,0.00257279567252122,TRUE,0.589040434058665,0.591613229731186,0.0256566681180801,0.539621661591873,0.593157722024084,0.640342372639961,TRUE,0.100277856059891,0.100720711048088,-0.000292158360248207,0.0941902658232093,8.80616823812767,1.06933248534552
122,"survival_80",66,6,800,"biased","full",NA,FALSE,-0.00225236841642473,TRUE,0.589040434058665,0.58678806564224,0.0229466162590116,0.540971119093725,0.586804892249815,0.632466585826054,TRUE,-0.0981568868804429,0.0914954667323283,-0.000292158360248207,0.0941902658232093,7.70940942614548,0.971389834529833
122,"survival_80",86,6,200,"correct","robust",0.963179717615696,FALSE,0.0129095166600082,TRUE,0.589040434058665,0.601949950718673,0.0263767830056627,0.547906917015589,0.603246600307755,0.651847259113722,TRUE,0.489427260983142,0.103940342098133,-0.000292158360248207,0.0941902658232093,44.1867097318068,1.1035146911383
122,"survival_110",56,6,200,"biased","full",NA,FALSE,-0.0236342451817618,TRUE,0.789181706522253,0.765547461340491,0.0344022902206412,0.694644972416407,0.767183446556905,0.830733950496815,TRUE,-0.68699627350918,0.136088978080408,-0.0211547532135647,0.133300596558649,1.11720732183286,1.02091799732143
122,"survival_110",36,6,800,"correct","full",NA,FALSE,-0.0208517665536858,TRUE,0.789181706522253,0.768329939968567,0.0358889659568526,0.691087883562997,0.768573383236541,0.833904240878706,TRUE,-0.581007727521455,0.142816357315709,-0.0211547532135647,0.133300596558649,0.985677608392772,1.07138573271781
122,"survival_110",106,6,50,"biased","robust",0.98159466714748,FALSE,-0.022031132569607,TRUE,0.789181706522253,0.767150573952646,0.0361932832190439,0.691597345950903,0.768309720742292,0.833494005863001,TRUE,-0.608707765920911,0.141896659912098,-0.0211547532135647,0.133300596558649,1.04142706592674,1.06448630820393
122,"survival_110",46,6,50,"biased","full",NA,FALSE,-0.0213679257529923,TRUE,0.789181706522253,0.76781378076926,0.0348332925631637,0.699307149251759,0.769447703870268,0.828303179016448,TRUE,-0.613433993190438,0.128996029764689,-0.0211547532135647,0.133300596558649,1.01007681523275,0.967707820481759
122,"survival_110",116,6,200,"biased","robust",0.991859722807505,FALSE,-0.0251426926123826,TRUE,0.789181706522253,0.76403901390987,0.0353497944352967,0.691430344364634,0.766062597170023,0.82721798431367,TRUE,-0.711254280655099,0.135787639949036,-0.0211547532135647,0.133300596558649,1.18851268830972,1.0186574063027
122,"survival_110",126,6,800,"biased","robust",0.997733043057918,FALSE,-0.0230714531191246,TRUE,0.789181706522253,0.766110253403128,0.0353591302670201,0.691510902794219,0.768071321230707,0.829330176187813,TRUE,-0.652489270660699,0.137819273393594,-0.0211547532135647,0.133300596558649,1.09060374688422,1.03389839919401
122,"survival_110",6,6,0,"weak","none",NA,FALSE,-0.0211547532135647,TRUE,0.789181706522253,0.768026953308688,0.0342380533061695,0.69893808215652,0.767955986698064,0.83223867871517,TRUE,-0.617872547378528,0.133300596558649,-0.0211547532135647,0.133300596558649,1,1
122,"survival_110",16,6,50,"correct","full",NA,FALSE,-0.0199453501555688,TRUE,0.789181706522253,0.769236356366684,0.0346247254700092,0.693558242903218,0.770123614564023,0.83203416735694,TRUE,-0.576043560918476,0.138475924453723,-0.0211547532135647,0.133300596558649,0.942830670450908,1.03882449162781
122,"survival_110",26,6,200,"correct","full",NA,FALSE,-0.0185147282938299,TRUE,0.789181706522253,0.770666978228423,0.0358943426303256,0.697400574538966,0.772364490449823,0.839426911427225,TRUE,-0.515811878337274,0.142026336888259,-0.0211547532135647,0.133300596558649,0.875204173119733,1.06545912437661
122,"survival_110",96,6,800,"correct","robust",0.912655979379395,FALSE,-0.0232442618680048,TRUE,0.789181706522253,0.765937444654248,0.0373770774880536,0.683939821192235,0.76718785903657,0.83335864320201,TRUE,-0.621885482497503,0.149418822009775,-0.0211547532135647,0.133300596558649,1.09877253746927,1.12091637897535
122,"survival_110",76,6,50,"correct","robust",0.971097694127703,FALSE,-0.0220095162314663,TRUE,0.789181706522253,0.767172190290787,0.0352762314667207,0.694022684519515,0.770086471034792,0.832602551654827,TRUE,-0.623919146585425,0.138579867135312,-0.0211547532135647,0.133300596558649,1.04040524648397,1.03960425319132
122,"survival_110",66,6,800,"biased","full",NA,FALSE,-0.0228618659808225,TRUE,0.789181706522253,0.76631984054143,0.0353083718533885,0.69093756272487,0.768422214602418,0.831952937881231,TRUE,-0.647491367649355,0.141015375156361,-0.0211547532135647,0.133300596558649,1.08069641607368,1.0578750493012
122,"survival_110",86,6,200,"correct","robust",0.963179717615696,FALSE,-0.0188941240869218,TRUE,0.789181706522253,0.770287582435331,0.0365943459070885,0.695341367249128,0.772639126609266,0.836044106623453,TRUE,-0.516312660291653,0.140702739374325,-0.0211547532135647,0.133300596558649,0.893138477966579,1.0555297050934
122,"growth_increment_50",106,6,50,"biased","robust",0.98159466714748,FALSE,-0.340016589196011,TRUE,12,11.659983410804,1.46101024701007,8.7158443509783,11.6722638412716,14.571809254554,TRUE,-0.23272703931533,5.85596490357565,-0.26605310883305,5.22949845093469,1.27800269159558,1.11979474867786
122,"growth_increment_50",46,6,50,"biased","full",NA,FALSE,-0.354545698455837,TRUE,12,11.6454543015442,1.3730363531151,8.97661852870242,11.6744627751178,14.4242644864689,TRUE,-0.258220183064677,5.4476459577665,-0.26605310883305,5.22949845093469,1.33261249985361,1.04171480475204
122,"growth_increment_50",36,6,800,"correct","full",NA,FALSE,-1.27828007670255,TRUE,12,10.7217199232974,1.37151966323983,7.9820640166767,10.7344242939895,13.4274843389204,TRUE,-0.932017316968663,5.44542032224367,-0.26605310883305,5.22949845093469,4.80460492384127,1.04128921221315
122,"growth_increment_50",126,6,800,"biased","robust",0.997733043057918,FALSE,-0.1975702522777,TRUE,12,11.8024297477223,1.27236450759674,9.42431248262388,11.8056302157508,14.3154133770418,TRUE,-0.155278028503697,4.89110089441797,-0.26605310883305,5.22949845093469,0.742597044418211,0.935290628787501
122,"growth_increment_50",66,6,800,"biased","full",NA,FALSE,-0.201578315990883,TRUE,12,11.7984216840091,1.27004582761378,9.25893037773056,11.7999042309027,14.3852042251968,TRUE,-0.158717356183609,5.12627384746627,-0.26605310883305,5.22949845093469,0.757661945297449,0.98026108919681
122,"growth_increment_50",116,6,200,"biased","robust",0.991859722807505,FALSE,-0.232781333565015,TRUE,12,11.767218666435,1.31892336455984,9.29975541798855,11.7356179994852,14.3761498575105,TRUE,-0.176493448990269,5.07639443952199,-0.26605310883305,5.22949845093469,0.874943106607659,0.970723002817728
122,"growth_increment_50",96,6,800,"correct","robust",0.912655979379395,FALSE,-1.0997347185554,TRUE,12,10.9002652814446,1.40687397075472,8.15727834600614,10.8641038640928,13.5453865140303,TRUE,-0.781686733436006,5.38810816802415,-0.26605310883305,5.22949845093469,4.13351576074043,1.03032981433642
122,"growth_increment_50",56,6,200,"biased","full",NA,FALSE,-0.235478711058846,TRUE,12,11.7645212889412,1.3117176699439,9.23126020983208,11.7950055379109,14.1461307548009,TRUE,-0.179519355768774,4.91487054496882,-0.26605310883305,5.22949845093469,0.885081599278023,0.939835930937194
122,"growth_increment_50",16,6,50,"correct","full",NA,FALSE,-0.541486960134511,TRUE,12,11.4585130398655,1.41816953855995,8.56289411147166,11.4713028020836,14.283677990787,TRUE,-0.381821034376718,5.72078387931533,-0.26605310883305,5.22949845093469,2.03525890943186,1.09394503755763
122,"growth_increment_50",26,6,200,"correct","full",NA,FALSE,-1.18639535917265,TRUE,12,10.8136046408273,1.50999406893823,7.62961125328338,10.8112595110838,13.6188068416266,TRUE,-0.785695376940706,5.98919558834317,-0.26605310883305,5.22949845093469,4.45924260902782,1.14527151017182
122,"growth_increment_50",6,6,0,"weak","none",NA,FALSE,-0.26605310883305,TRUE,12,11.733946891167,1.32561230244598,9.17742814220312,11.7458904975725,14.4069265931378,TRUE,-0.20070205167992,5.22949845093469,-0.26605310883305,5.22949845093469,1,1
122,"growth_increment_50",76,6,50,"correct","robust",0.971097694127703,FALSE,-0.509033433830162,TRUE,12,11.4909665661698,1.42214740920632,8.79467461134764,11.5039424900974,14.2842655183089,TRUE,-0.357932961474258,5.48959090696123,-0.26605310883305,5.22949845093469,1.91327752591526,1.04973564070567
122,"growth_increment_50",86,6,200,"correct","robust",0.963179717615696,FALSE,-1.15432770552905,TRUE,12,10.8456722944709,1.48842660436407,7.80696113125426,10.8863349097367,13.7857043758956,TRUE,-0.775535523313383,5.9787432446413,-0.26605310883305,5.22949845093469,4.33871158503695,1.1432727824162
122,"growth_increment_80",36,6,800,"correct","full",NA,FALSE,-0.30558217838494,TRUE,8.4,8.09441782161506,0.969047304342972,6.09310267788324,8.12536166956202,9.94714705127233,TRUE,-0.315342890915041,3.85404437338909,0.616171075345234,3.66668393844889,0.49593723336287,1.05109805974154
122,"growth_increment_80",66,6,800,"biased","full",NA,FALSE,0.584117964270717,TRUE,8.4,8.98411796427072,0.909037065029747,7.23164443671751,8.98351008161828,10.8765139292866,TRUE,0.642567819004831,3.64486949256909,0.616171075345234,3.66668393844889,0.94798017570598,0.994050633693552
122,"growth_increment_80",106,6,50,"biased","robust",0.98159466714748,FALSE,0.531003796526004,TRUE,8.4,8.931003796526,1.02569218497181,6.97929144181981,8.90842092038823,10.9020564115603,TRUE,0.517702878413369,3.92276496974045,0.616171075345234,3.66668393844889,0.861779816958284,1.06983995228121
122,"growth_increment_80",26,6,200,"correct","full",NA,FALSE,0.0669414084789093,TRUE,8.4,8.46694140847891,1.04631961279648,6.26670319992742,8.49060608706734,10.418656183946,TRUE,0.0639779735180497,4.15195298401855,0.616171075345234,3.66668393844889,0.108640945927887,1.13234547992564
122,"growth_increment_80",126,6,800,"biased","robust",0.997733043057918,FALSE,0.621237288761362,TRUE,8.4,9.02123728876136,0.948037881616943,7.1727371630508,9.0105438593609,10.9873045248315,TRUE,0.655287410774979,3.81456736178065,0.616171075345234,3.66668393844889,1.00822208899256,1.04033165274516
122,"growth_increment_80",86,6,200,"correct","robust",0.963179717615696,FALSE,0.0712897994179897,TRUE,8.4,8.47128979941799,1.04386017398711,6.4363596959542,8.51564378559339,10.4501568024179,TRUE,0.0682943953553594,4.01379710646365,0.616171075345234,3.66668393844889,0.115698062227356,1.09466678171383
122,"growth_increment_80",96,6,800,"correct","robust",0.912655979379395,FALSE,-0.16142815493963,TRUE,8.4,8.23857184506037,1.0260945795221,6.23885097367733,8.20991804084543,10.2609670625714,TRUE,-0.157322880523172,4.02211608889402,0.616171075345234,3.66668393844889,0.261985934424435,1.09693558441677
122,"growth_increment_80",56,6,200,"biased","full",NA,FALSE,0.51283188499881,TRUE,8.4,8.91283188499881,0.924627575237022,7.05574364170838,8.92691385565592,10.6766444822486,TRUE,0.55463615701419,3.62090084054021,0.616171075345234,3.66668393844889,0.832288151000072,0.987513759386622
122,"growth_increment_80",46,6,50,"biased","full",NA,FALSE,0.530092528660633,TRUE,8.4,8.93009252866063,0.952294247754657,7.12239984403652,8.90535452568456,10.9334116825806,TRUE,0.55664783223305,3.81101183854409,0.616171075345234,3.66668393844889,0.860300896733311,1.03936196915741
122,"growth_increment_80",76,6,50,"correct","robust",0.971097694127703,FALSE,0.454624391080689,TRUE,8.4,8.85462439108069,0.996174251966735,6.93355671795923,8.85682213634551,10.7278373049113,TRUE,0.456370349045992,3.79428058695205,0.616171075345234,3.66668393844889,0.737821701263676,1.03479892203557
122,"growth_increment_80",16,6,50,"correct","full",NA,FALSE,0.442093684633733,TRUE,8.4,8.84209368463373,1.00220051490302,6.78383342699786,8.83853412419311,10.7733246408489,TRUE,0.441122986926934,3.98949121385099,0.616171075345234,3.66668393844889,0.71748529316478,1.08803793313548
122,"growth_increment_80",6,6,0,"weak","none",NA,FALSE,0.616171075345234,TRUE,8.4,9.01617107534523,0.941816140339948,7.23179936780098,9.01156833600992,10.8984833062499,TRUE,0.654237115879992,3.66668393844889,0.616171075345234,3.66668393844889,1,1
122,"growth_increment_80",116,6,200,"biased","robust",0.991859722807505,FALSE,0.523129440258193,TRUE,8.4,8.92312944025819,0.948398586917013,7.0541971977615,8.92895202296604,10.8187750832538,TRUE,0.551592386866313,3.76457788549228,0.616171075345234,3.66668393844889,0.849000320187198,1.02669822343204
122,"growth_increment_110",86,6,200,"correct","robust",0.963179717615696,FALSE,1.29690730436503,TRUE,4.8,6.09690730436504,0.907459517305588,4.31022023487083,6.10750903941362,7.86282216532433,TRUE,1.42916271153978,3.55260193045349,1.49839525952349,3.34032983720511,0.865530837822769,1.06354824331539
122,"growth_increment_110",36,6,800,"correct","full",NA,FALSE,0.667115719932656,TRUE,4.8,5.46711571993266,0.852410381471483,3.63079469125092,5.49693449698875,7.07069640048988,TRUE,0.782622706660423,3.43990170923896,1.49839525952349,3.34032983720511,0.445220121788697,1.0298089939876
122,"growth_increment_110",56,6,200,"biased","full",NA,FALSE,1.26114248105649,TRUE,4.8,6.06114248105649,0.825638230822848,4.43933834430461,6.069460352326,7.60127283116093,TRUE,1.52747587741863,3.16193448685632,1.49839525952349,3.34032983720511,0.841662086849868,0.946593492546217
122,"growth_increment_110",106,6,50,"biased","robust",0.98159466714748,FALSE,1.40202418224803,TRUE,4.8,6.20202418224803,0.899095229531745,4.44898997382111,6.19190499396605,7.94292304382955,TRUE,1.55937228471139,3.49393307000844,1.49839525952349,3.34032983720511,0.935683807951906,1.04598445072474
122,"growth_increment_110",26,6,200,"correct","full",NA,FALSE,1.32027817613048,TRUE,4.8,6.12027817613048,0.89634931200351,4.37229270942785,6.13949735058409,7.86312757871265,TRUE,1.47295050986251,3.4908348692848,1.49839525952349,3.34032983720511,0.881128105377442,1.045056937313
122,"growth_increment_110",76,6,50,"correct","robust",0.971097694127703,FALSE,1.41828221599152,TRUE,4.8,6.21828221599152,0.884973927923019,4.38031125935281,6.21986405541725,7.9210641790375,TRUE,1.6026259884516,3.54075291968469,1.49839525952349,3.34032983720511,0.946534105054865,1.06000098560544
122,"growth_increment_110",66,6,800,"biased","full",NA,FALSE,1.36981424453228,TRUE,4.8,6.16981424453228,0.819230954827918,4.64848375505292,6.16012738937574,7.68620313921312,TRUE,1.67207334691108,3.0377193841602,1.49839525952349,3.34032983720511,0.914187518831241,0.909407014339008
122,"growth_increment_110",16,6,50,"correct","full",NA,FALSE,1.42567432940196,TRUE,4.8,6.22567432940196,0.910499813018124,4.36789892622749,6.2294692174433,7.99644548985941,TRUE,1.56581507103899,3.62854656363192,1.49839525952349,3.34032983720511,0.951467458496457,1.08628391221029
122,"growth_increment_110",46,6,50,"biased","full",NA,FALSE,1.41473075577709,TRUE,4.8,6.21473075577709,0.856875150983564,4.4894551858504,6.19583994758657,7.90393415247638,TRUE,1.65103487264532,3.41447896662598,1.49839525952349,3.34032983720511,0.944163929233858,1.02219814600193
122,"growth_increment_110",96,6,800,"correct","robust",0.912655979379395,FALSE,0.776878408676123,TRUE,4.8,5.57687840867612,0.921188680225988,3.8088352017618,5.54984303256434,7.37999449958145,TRUE,0.843343416340654,3.57115929781964,1.49839525952349,3.34032983720511,0.518473616182675,1.06910379269841
122,"growth_increment_110",6,6,0,"weak","none",NA,FALSE,1.49839525952349,TRUE,4.8,6.29839525952349,0.864615154390976,4.61930305480418,6.29840869532593,7.95963289200929,TRUE,1.73301988973226,3.34032983720511,1.49839525952349,3.34032983720511,1,1
122,"growth_increment_110",126,6,800,"biased","robust",0.997733043057918,FALSE,1.44004482980043,TRUE,4.8,6.24004482980043,0.867221201724179,4.51823808083441,6.23602318893002,7.9451991584539,TRUE,1.66052770266384,3.4269610776195,1.49839525952349,3.34032983720511,0.96105805237156,1.02593493596036
122,"growth_increment_110",116,6,200,"biased","robust",0.991859722807505,FALSE,1.2790402140814,TRUE,4.8,6.0790402140814,0.875565638640559,4.41840224789187,6.10604770228526,7.71797022810696,TRUE,1.46081590875048,3.29956798021509,1.49839525952349,3.34032983720511,0.853606687522593,0.987797056285876
122,"growth_sd.log_growth_sd",86,6,200,"correct","robust",0.963179717615696,FALSE,2.31038962300386,TRUE,4.5,6.81038962300386,1.19891508813638,4.76813976606915,6.67066017404244,9.29500846728165,FALSE,1.92706693398545,4.5268687012125,1.71867597403454,4.22573565267268,1.34428458761792,1.07126168631712
122,"growth_sd.log_growth_sd",96,6,800,"correct","robust",0.912655979379395,FALSE,2.21500080712997,TRUE,4.5,6.71500080712997,1.13964891899539,4.76384936772493,6.68471348787743,9.09270886348665,FALSE,1.94358172083602,4.32885949576172,1.71867597403454,4.22573565267268,1.28878324977705,1.02440376104071
122,"growth_sd.log_growth_sd",6,6,0,"weak","none",NA,FALSE,1.71867597403454,TRUE,4.5,6.21867597403454,1.14721619265635,4.27127910634099,6.12868960647871,8.49701475901367,TRUE,1.49812736695687,4.22573565267268,1.71867597403454,4.22573565267268,1,1
122,"growth_sd.log_growth_sd",36,6,800,"correct","full",NA,FALSE,2.31394932427519,TRUE,4.5,6.81394932427519,1.12763753166761,4.85353364462137,6.75165094821716,9.30121087305929,FALSE,2.05203290888446,4.44767722843792,1.71867597403454,4.22573565267268,1.34635577574478,1.05252140550365
122,"growth_sd.log_growth_sd",26,6,200,"correct","full",NA,FALSE,2.27565689629988,TRUE,4.5,6.77565689629988,1.15743191649784,4.82606550429039,6.64859251923309,9.26571441421669,FALSE,1.96612592400733,4.4396489099263,1.71867597403454,4.22573565267268,1.32407558532272,1.05062154257527
122,"growth_sd.log_growth_sd",116,6,200,"biased","robust",0.991859722807505,FALSE,1.67734503851626,TRUE,4.5,6.17734503851626,1.12441516846311,4.32370473578837,6.09858430397722,8.54370836838164,TRUE,1.49174885359197,4.22000363259326,1.71867597403454,4.22573565267268,0.975951874499496,0.998643545041491
122,"growth_sd.log_growth_sd",106,6,50,"biased","robust",0.98159466714748,FALSE,1.74809488994678,TRUE,4.5,6.24809488994678,1.17595173594396,4.31676910350775,6.11513429936684,8.85707686721671,TRUE,1.48653625528563,4.54030776370896,1.71867597403454,4.22573565267268,1.01711719739886,1.0744419757628
122,"growth_sd.log_growth_sd",56,6,200,"biased","full",NA,FALSE,1.71926787198143,TRUE,4.5,6.21926787198143,1.13261325946783,4.3148282169868,6.1084789496845,8.6900803968864,TRUE,1.51796551701086,4.3752521798996,1.71867597403454,4.22573565267268,1.00034439182012,1.0353823664129
122,"growth_sd.log_growth_sd",66,6,800,"biased","full",NA,FALSE,1.70364439408538,TRUE,4.5,6.20364439408538,1.11721023872826,4.39733647823754,6.12853073830246,8.61973859217309,TRUE,1.52490939934875,4.22240211393556,1.71867597403454,4.22573565267268,0.991253976795945,0.999211134105131
122,"growth_sd.log_growth_sd",126,6,800,"biased","robust",0.997733043057918,FALSE,1.60194748308665,TRUE,4.5,6.10194748308665,1.08746209101361,4.24153657270805,5.9954633523552,8.59465519997248,TRUE,1.47310650764249,4.35311862726442,1.71867597403454,4.22573565267268,0.932082316439281,1.03014456773016
122,"growth_sd.log_growth_sd",16,6,50,"correct","full",NA,FALSE,1.87252403955757,TRUE,4.5,6.37252403955757,1.19587476909078,4.35655278963391,6.25967563530357,9.01126830433844,TRUE,1.5658195054832,4.65471551470454,1.71867597403454,4.22573565267268,1.0895154571585,1.10151601929016
122,"growth_sd.log_growth_sd",76,6,50,"correct","robust",0.971097694127703,FALSE,1.91836172008654,TRUE,4.5,6.41836172008654,1.19313195854171,4.33241211718018,6.28920178593139,9.08750186492728,TRUE,1.60783700943795,4.7550897477471,1.71867597403454,4.22573565267268,1.1161858017851,1.12526909834968
122,"growth_sd.log_growth_sd",46,6,50,"biased","full",NA,FALSE,1.75032936773823,TRUE,4.5,6.25032936773823,1.20581478406899,4.2237469001079,6.14645268907176,8.94475757359572,TRUE,1.45157398206032,4.72101067348782,1.71867597403454,4.22573565267268,1.01841731320033,1.11720444947897
122,"recruitment_50",6,6,0,"weak","none",NA,FALSE,0.0341202593741204,TRUE,0.019387103915861,0.0535073632899814,0.016918690134123,0.0280479290908165,0.0506633905702535,0.0961205250735086,FALSE,2.01671991765508,0.068072595982692,0.0341202593741204,0.068072595982692,1,1
122,"recruitment_50",66,6,800,"biased","full",NA,FALSE,0.0272670188531747,TRUE,0.019387103915861,0.0466541227690357,0.00690337393762665,0.0348407714255051,0.0460263218493638,0.0617985559334986,FALSE,3.94981049839363,0.0269577845079934,0.0341202593741204,0.068072595982692,0.799144536218158,0.396015226374614
122,"recruitment_50",126,6,800,"biased","robust",0.997733043057918,FALSE,0.0284234605200378,TRUE,0.019387103915861,0.0478105644358988,0.00756161110538503,0.0350093736221639,0.04696638882669,0.0646157472958086,FALSE,3.75891594051907,0.0296063736736447,0.0341202593741204,0.068072595982692,0.833037645124013,0.434923529009711
122,"recruitment_50",26,6,200,"correct","full",NA,FALSE,0.01589076647809,TRUE,0.019387103915861,0.035277870393951,0.00977903431342464,0.0198817913466871,0.0342980435562453,0.057882907715617,FALSE,1.62498320066995,0.0380011163689299,0.0341202593741204,0.068072595982692,0.465728185235979,0.558243972047018
122,"recruitment_50",86,6,200,"correct","robust",0.963179717615696,FALSE,0.0166613234476328,TRUE,0.019387103915861,0.0360484273634938,0.0105525251036061,0.0200116599450264,0.0347285983006118,0.05988990996948,FALSE,1.57889446213582,0.0398782500244537,0.0341202593741204,0.068072595982692,0.48831174654757,0.585819439508272
122,"recruitment_50",106,6,50,"biased","robust",0.98159466714748,FALSE,0.0275472439004943,TRUE,0.019387103915861,0.0469343478163553,0.0143912555765493,0.0253893695143866,0.0445086252281856,0.0795466813279322,FALSE,1.91416542871928,0.0541573118135456,0.0341202593741204,0.068072595982692,0.807357400142989,0.795581702618121
122,"recruitment_50",96,6,800,"correct","robust",0.912655979379395,FALSE,0.00546934309401067,TRUE,0.019387103915861,0.0248564470098717,0.0113202107822144,0.0146541106276555,0.0219516354897523,0.0621622547388644,TRUE,0.483148520750491,0.0475081441112089,0.0341202593741204,0.068072595982692,0.160296058539317,0.697904104072778
122,"recruitment_50",46,6,50,"biased","full",NA,FALSE,0.0277704632768162,TRUE,0.019387103915861,0.0471575671926772,0.0137545068672753,0.026046919938552,0.0459965698466447,0.0798935588670417,FALSE,2.01900828177908,0.0538466389284897,0.0341202593741204,0.068072595982692,0.813899536117816,0.791017856028005
122,"recruitment_50",36,6,800,"correct","full",NA,FALSE,0.00258405461399501,TRUE,0.019387103915861,0.021971158529856,0.00444338221480217,0.0145715743405573,0.0215602863498995,0.031199105532357,TRUE,0.581551279875673,0.0166275311917996,0.0341202593741204,0.068072595982692,0.0757337330194789,0.244261746621611
122,"recruitment_50",56,6,200,"biased","full",NA,FALSE,0.0247071782558725,TRUE,0.019387103915861,0.0440942821717335,0.0103717528797845,0.0272033337423856,0.043174326024292,0.0674844618065513,FALSE,2.38216032933343,0.0402811280641657,0.0341202593741204,0.068072595982692,0.724120470039933,0.591737798194262
122,"recruitment_50",16,6,50,"correct","full",NA,FALSE,0.0269326066857059,TRUE,0.019387103915861,0.0463197106015669,0.0148513565222308,0.0238678772836867,0.0446361163134555,0.0808044864841782,FALSE,1.81347788973963,0.0569366092004915,0.0341202593741204,0.068072595982692,0.789343550715613,0.836410135070624
122,"recruitment_50",76,6,50,"correct","robust",0.971097694127703,FALSE,0.0260398786046832,TRUE,0.019387103915861,0.0454269825205442,0.0140417965229959,0.0245061915004604,0.0430955087891741,0.078803454776546,FALSE,1.8544549169359,0.0542972632760856,0.0341202593741204,0.068072595982692,0.763179386157714,0.797637617491348
122,"recruitment_50",116,6,200,"biased","robust",0.991859722807505,FALSE,0.0250144703456545,TRUE,0.019387103915861,0.0444015742615155,0.0108702599017352,0.0274282998391406,0.042693172938934,0.0723484369739909,FALSE,2.30118420090962,0.0449201371348503,0.0341202593741204,0.068072595982692,0.733126617572769,0.659885765870771
122,"recruitment_80",126,6,800,"biased","robust",0.997733043057918,FALSE,0.112382453049875,TRUE,0.183939720585721,0.296322173635596,0.0214076623697232,0.258351609202145,0.295237117542471,0.339832445997975,FALSE,5.24963684072378,0.08148083679583,0.124831297646658,0.191126249497635,0.900274652018594,0.426319445968295
122,"recruitment_80",66,6,800,"biased","full",NA,FALSE,0.109372508052339,TRUE,0.183939720585721,0.29331222863806,0.0198248630070157,0.256827969725344,0.292769799549305,0.331892442394415,FALSE,5.51693638506523,0.075064472669071,0.124831297646658,0.191126249497635,0.876162549891322,0.392748106899883
122,"recruitment_80",106,6,50,"biased","robust",0.98159466714748,FALSE,0.106112623371957,TRUE,0.183939720585721,0.290052343957678,0.0444051143527577,0.211393495326301,0.2855119391703,0.383519688242335,FALSE,2.38964869066634,0.172126192916033,0.124831297646658,0.191126249497635,0.850048228067884,0.900588973876992
122,"recruitment_80",96,6,800,"correct","robust",0.912655979379395,FALSE,0.0222902017094097,TRUE,0.183939720585721,0.206229922295131,0.0398603634012923,0.160358743465755,0.197448551225916,0.332487157391181,TRUE,0.559207187476043,0.172128413925426,0.124831297646658,0.191126249497635,0.17856260512891,0.900600594517269
122,"recruitment_80",36,6,800,"correct","full",NA,FALSE,0.0118399400244436,TRUE,0.183939720585721,0.195779660610165,0.0183422466991594,0.162501994586394,0.195371868423654,0.234642437847161,TRUE,0.645501078392227,0.072140443260767,0.124831297646658,0.191126249497635,0.0948475282052839,0.377449164886477
122,"recruitment_80",56,6,200,"biased","full",NA,FALSE,0.102158716505167,TRUE,0.183939720585721,0.286098437090888,0.0324926556216345,0.228673797286345,0.284735005515848,0.3541930122734,FALSE,3.14405561966891,0.125519214987055,0.124831297646658,0.191126249497635,0.818374225303114,0.656734568469664
122,"recruitment_80",116,6,200,"biased","robust",0.991859722807505,FALSE,0.102746206593312,TRUE,0.183939720585721,0.286685927179033,0.0337835406425661,0.231879562133716,0.282902233850133,0.358380232915309,FALSE,3.04130960340655,0.126500670781594,0.124831297646658,0.191126249497635,0.823080497682081,0.661869686210521
122,"recruitment_80",16,6,50,"correct","full",NA,FALSE,0.0999700780007257,TRUE,0.183939720585721,0.283909798586447,0.0450128038524198,0.206865468986829,0.280917706000683,0.383804992066949,FALSE,2.22092536889038,0.17693952308012,0.124831297646658,0.191126249497635,0.80084145471031,0.925773008915286
122,"recruitment_80",6,6,0,"weak","none",NA,FALSE,0.124831297646658,TRUE,0.183939720585721,0.30877101823238,0.0488993206227943,0.22398542692005,0.305504164801955,0.415111676417685,FALSE,2.55282273980037,0.191126249497635,0.124831297646658,0.191126249497635,1,1
122,"recruitment_80",76,6,50,"correct","robust",0.971097694127703,FALSE,0.0981954556828706,TRUE,0.183939720585721,0.282135176268592,0.0438658938967679,0.206773260018611,0.279082683275144,0.373283118675172,FALSE,2.23853766468226,0.166509858656561,0.124831297646658,0.191126249497635,0.786625289763613,0.871203506029251
122,"recruitment_80",86,6,200,"correct","robust",0.963179717615696,FALSE,0.0608297243117744,TRUE,0.183939720585721,0.244769444897496,0.0357951207001378,0.186380483265364,0.242403556784258,0.31932530623928,FALSE,1.6993859252873,0.132944822973916,0.124831297646658,0.191126249497635,0.487295457617978,0.695586416430783
122,"recruitment_80",26,6,200,"correct","full",NA,FALSE,0.0576289793518404,TRUE,0.183939720585721,0.241568699937562,0.0329999512498454,0.182396915091396,0.239781247986441,0.315365731552074,TRUE,1.7463352874532,0.132968816460678,0.124831297646658,0.191126249497635,0.461654892949701,0.69571195380111
122,"recruitment_80",46,6,50,"biased","full",NA,FALSE,0.106877326950603,TRUE,0.183939720585721,0.290817047536324,0.042159583311417,0.216135447015693,0.289378826063721,0.37854653698687,FALSE,2.53506601716484,0.162411089971178,0.124831297646658,0.191126249497635,0.856174124321971,0.849758159321738
122,"recruitment_110",66,6,800,"biased","full",NA,FALSE,0.112931919463535,TRUE,1.74517147873092,1.85810339819446,0.0986714895242156,1.66743995360646,1.85477338319677,2.05016199909467,TRUE,1.14452432012613,0.382722045488205,0.083532178591869,0.574573031791923,1.35195707052382,0.666098170835843
122,"recruitment_110",86,6,200,"correct","robust",0.963179717615696,FALSE,-0.0455902932742804,TRUE,1.74517147873092,1.69958118545664,0.136626504744427,1.46782563466627,1.68565898924655,1.98792518549515,TRUE,-0.333685571182264,0.520099550828884,0.083532178591869,0.574573031791923,0.545781207228302,0.905193112191234
122,"recruitment_110",36,6,800,"correct","full",NA,FALSE,0.0225736089655222,TRUE,1.74517147873092,1.76774508769644,0.10665730788236,1.58174627867932,1.76662394875713,1.98493481507392,TRUE,0.21164615358959,0.403188536394601,0.083532178591869,0.574573031791923,0.270238479901439,0.7017185180745
122,"recruitment_110",126,6,800,"biased","robust",0.997733043057918,FALSE,0.107030712337633,TRUE,1.74517147873092,1.85220219106855,0.0992591346304472,1.66055465709529,1.85148521098034,2.04504784348824,TRUE,1.07829584386485,0.384493186392944,0.083532178591869,0.574573031791923,1.28131115627399,0.669180704833681
122,"recruitment_110",16,6,50,"correct","full",NA,FALSE,0.043385881869076,TRUE,1.74517147873092,1.7885573606,0.148948449093882,1.51872320656259,1.77526572123244,2.10545554790909,TRUE,0.291281192473042,0.586732341346502,0.083532178591869,0.574573031791923,0.519391240602686,1.02116233947956
122,"recruitment_110",56,6,200,"biased","full",NA,FALSE,0.142332144564608,TRUE,1.74517147873092,1.88750362329553,0.133343090804248,1.63392194699025,1.88159453985642,2.1564728579564,TRUE,1.06741296985201,0.522550910966147,0.083532178591869,0.574573031791923,1.70391993796822,0.909459515244676
122,"recruitment_110",106,6,50,"biased","robust",0.98159466714748,FALSE,0.0937966823775054,TRUE,1.74517147873092,1.83896816110843,0.148911047076005,1.57016905428471,1.82767619242666,2.15085818375966,TRUE,0.629883975831766,0.580689129474944,0.083532178591869,0.574573031791923,1.12288083417275,1.01064459580351
122,"recruitment_110",6,6,0,"weak","none",NA,FALSE,0.083532178591869,TRUE,1.74517147873092,1.82870365732279,0.148619085882548,1.54788901823066,1.82161129581001,2.12246205002258,TRUE,0.562055526689781,0.574573031791923,0.083532178591869,0.574573031791923,1,1
122,"recruitment_110",76,6,50,"correct","robust",0.971097694127703,FALSE,0.0524325860203594,TRUE,1.74517147873092,1.79760406475128,0.143824526894819,1.52945813109375,1.79067783136217,2.0969123012683,TRUE,0.364559419400727,0.567454170174546,0.083532178591869,0.574573031791923,0.627693266286522,0.98761017099049
122,"recruitment_110",96,6,800,"correct","robust",0.912655979379395,FALSE,0.0315276682588317,TRUE,1.74517147873092,1.77669914698975,0.112544729101832,1.56898432812523,1.77283318306234,2.00009063643632,TRUE,0.28013456081364,0.431106308311099,0.083532178591869,0.574573031791923,0.377431413741441,0.750307244610152
122,"recruitment_110",26,6,200,"correct","full",NA,FALSE,-0.0559823483431978,TRUE,1.74517147873092,1.68918913038772,0.131208858973392,1.4507594356465,1.685291465215,1.9420507907394,TRUE,-0.426665918606536,0.491291355092901,0.083532178591869,0.574573031791923,0.670189013227139,0.855054671745919
122,"recruitment_110",116,6,200,"biased","robust",0.991859722807505,FALSE,0.138583861569187,TRUE,1.74517147873092,1.88375534030011,0.132335279396628,1.6337201094219,1.88164528202081,2.14788842994857,TRUE,1.04721781070814,0.51416832052667,0.083532178591869,0.574573031791923,1.65904761380995,0.894870263790716
122,"recruitment_110",46,6,50,"biased","full",NA,FALSE,0.0900114892882795,TRUE,1.74517147873092,1.8351829680192,0.147129267548129,1.56961683258511,1.82892586177779,2.1433716902244,TRUE,0.611785070287494,0.573754857639286,0.083532178591869,0.574573031791923,1.07756664324617,0.998576031057208
122,"recruit_mean_50",66,6,800,"biased","full",NA,FALSE,-1.23324474068939,TRUE,44,42.7667552593106,1.17225723823584,40.3837628729344,42.7845148916083,44.9927305582817,TRUE,-1.05202569919324,4.60896768534728,-1.22319860934377,4.5916152437509,1.00821300095413,1.00377915846063
122,"recruit_mean_50",36,6,800,"correct","full",NA,FALSE,-2.00340521453104,TRUE,44,41.996594785469,1.24537134064944,39.6224637670499,41.9748036937625,44.4628726926045,TRUE,-1.60868100070964,4.84040892555461,-1.22319860934377,4.5916152437509,1.6378413114824,1.05418434877406
122,"recruit_mean_50",126,6,800,"biased","robust",0.997733043057918,FALSE,-1.31736381329778,TRUE,44,42.6826361867022,1.17994428005139,40.34711952937,42.6794498425101,45.1078327773411,TRUE,-1.1164627309693,4.76071324797115,-1.22319860934377,4.5916152437509,1.07698275916495,1.03682756399295
122,"recruit_mean_50",56,6,200,"biased","full",NA,FALSE,-1.30260142075547,TRUE,44,42.6973985792445,1.19847434042117,40.383705039758,42.6894879749143,45.121258426924,TRUE,-1.0868830285492,4.73755338716599,-1.22319860934377,4.5916152437509,1.06491407920607,1.03178361767435
122,"recruit_mean_50",6,6,0,"weak","none",NA,FALSE,-1.22319860934377,TRUE,44,42.7768013906562,1.15906907582096,40.4909894665345,42.7590927650062,45.0826047102854,TRUE,-1.05532848288389,4.5916152437509,-1.22319860934377,4.5916152437509,1,1
122,"recruit_mean_50",46,6,50,"biased","full",NA,FALSE,-1.36830596040797,TRUE,44,42.631694039592,1.21626819269438,40.2724772127908,42.6068495892967,44.9750362260685,TRUE,-1.12500348905514,4.70255901327769,-1.22319860934377,4.5916152437509,1.11862942776075,1.02416225307157
122,"recruit_mean_50",76,6,50,"correct","robust",0.971097694127703,FALSE,-1.34724317800264,TRUE,44,42.6527568219974,1.20994847471509,40.2089055488338,42.6391724644289,44.9882319203498,TRUE,-1.11347152887636,4.77932637151598,-1.22319860934377,4.5916152437509,1.10140999810768,1.04088128421051
122,"recruit_mean_50",106,6,50,"biased","robust",0.98159466714748,FALSE,-1.38160700797612,TRUE,44,42.6183929920239,1.20019478280459,40.0107878954582,42.6274972008729,44.9921848093686,TRUE,-1.15115231941569,4.98139691391039,-1.22319860934377,4.5916152437509,1.12950341622554,1.08488988067761
122,"recruit_mean_50",26,6,200,"correct","full",NA,FALSE,-1.67174508366146,TRUE,44,42.3282549163385,1.16300446687921,40.0589804253935,42.3201630425327,44.6591059216975,TRUE,-1.43743651144126,4.60012549630395,-1.22319860934377,4.5916152437509,1.36669962742873,1.00185343329118
122,"recruit_mean_50",86,6,200,"correct","robust",0.963179717615696,FALSE,-1.68281166447336,TRUE,44,42.3171883355266,1.13733676388098,40.1358541172254,42.3134661189425,44.6612291060344,TRUE,-1.47960719983326,4.52537498880908,-1.22319860934377,4.5916152437509,1.37574687513434,0.985573648612658
122,"recruit_mean_50",96,6,800,"correct","robust",0.912655979379395,FALSE,-1.90926903542292,TRUE,44,42.0907309645771,1.32737088096436,39.520467272155,42.1313266579736,44.7495271867448,TRUE,-1.43838399862728,5.22905991458983,-1.22319860934377,4.5916152437509,1.56088228096272,1.13882798035103
122,"recruit_mean_50",16,6,50,"correct","full",NA,FALSE,-1.37366044500021,TRUE,44,42.6263395549998,1.16741673324376,40.2441687589101,42.6619849091768,44.8114834888865,TRUE,-1.17666674280348,4.56731472997636,-1.22319860934377,4.5916152437509,1.12300687272459,0.994707632829729
122,"recruit_mean_50",116,6,200,"biased","robust",0.991859722807505,FALSE,-1.31773450866331,TRUE,44,42.6822654913367,1.18906666801276,40.3722116107762,42.6762871300052,45.0822362525797,TRUE,-1.10820910560515,4.71002464180353,-1.22319860934377,4.5916152437509,1.07728581327464,1.02578817948951
122,"recruit_mean_80",126,6,800,"biased","robust",0.997733043057918,FALSE,-0.80261945179555,TRUE,44.6,43.7973805482045,0.632299071274481,42.5386218287677,43.7923065868939,45.1018932649353,TRUE,-1.26936680482191,2.56327143616752,-0.738512495981126,2.45820136824729,1.08680551265318,1.04274266106814
122,"recruit_mean_80",46,6,50,"biased","full",NA,FALSE,-0.830279617053826,TRUE,44.6,43.7697203829462,0.660797538375324,42.4590101722688,43.7679944914798,45.0712882106399,TRUE,-1.25648109872685,2.61227803837107,-0.738512495981126,2.45820136824729,1.12425940193576,1.06267862027659
122,"recruit_mean_80",36,6,800,"correct","full",NA,FALSE,-1.28823364061923,TRUE,44.6,43.3117663593808,0.706072238327103,41.9737187529358,43.300969440987,44.7256196565215,TRUE,-1.82450685735986,2.75190090358563,-0.738512495981126,2.45820136824729,1.74436268530268,1.11947741105837
122,"recruit_mean_80",66,6,800,"biased","full",NA,FALSE,-0.752478373643214,TRUE,44.6,43.8475216263568,0.630448641474944,42.5813436209116,43.8616350122945,45.0340838490879,TRUE,-1.19356014771129,2.4527402281763,-0.738512495981126,2.45820136824729,1.01891082106002,0.997778400036083
122,"recruit_mean_80",106,6,50,"biased","robust",0.98159466714748,FALSE,-0.841529036199127,TRUE,44.6,43.7584709638009,0.663442150965624,42.3014961919904,43.7627820177246,45.0545135346573,TRUE,-1.26842865647638,2.75301734266689,-0.738512495981126,2.45820136824729,1.13949193924084,1.11993158014952
122,"recruit_mean_80",86,6,200,"correct","robust",0.963179717615696,FALSE,-1.06572169615528,TRUE,44.6,43.5342783038447,0.644057255442154,42.2643710018481,43.5328867720731,44.8609788597073,TRUE,-1.65470024155484,2.59660785785921,-0.738512495981126,2.45820136824729,1.44306521819844,1.05630396736399
122,"recruit_mean_80",96,6,800,"correct","robust",0.912655979379395,FALSE,-1.22347833980334,TRUE,44.6,43.3765216601967,0.756175543441476,41.8870567611439,43.4086679794441,44.8525464360827,TRUE,-1.61798189641931,2.96548967493881,-0.738512495981126,2.45820136824729,1.65667926603995,1.2063656432887
122,"recruit_mean_80",116,6,200,"biased","robust",0.991859722807505,FALSE,-0.802805285964183,TRUE,44.6,43.7971947140358,0.642533927881466,42.5137575887604,43.7969326790676,45.1185386878156,TRUE,-1.24943641281505,2.60478109905515,-0.738512495981126,2.45820136824729,1.08705714572594,1.05962885412938
122,"recruit_mean_80",56,6,200,"biased","full",NA,FALSE,-0.794651594229329,TRUE,44.6,43.8053484057707,0.652782727110449,42.494239917351,43.8016466027672,45.0851732493757,TRUE,-1.21732938269807,2.59093333202469,-0.738512495981126,2.45820136824729,1.07601645003125,1.05399556175173
122,"recruit_mean_80",76,6,50,"correct","robust",0.971097694127703,FALSE,-0.840060693603313,TRUE,44.6,43.7599393063967,0.671639466075965,42.4251752749734,43.764364339262,45.1054838584773,TRUE,-1.2507613623591,2.68030858350386,-0.738512495981126,2.45820136824729,1.13750369584103,1.09035354797436
122,"recruit_mean_80",6,6,0,"weak","none",NA,FALSE,-0.738512495981126,TRUE,44.6,43.8614875040189,0.6299189171919,42.6417205241637,43.8526396002085,45.099921892411,TRUE,-1.17239294745,2.45820136824729,-0.738512495981126,2.45820136824729,1,1
122,"recruit_mean_80",16,6,50,"correct","full",NA,FALSE,-0.847365822899583,TRUE,44.6,43.7526341771004,0.645648831558008,42.4404217497382,43.773405856601,44.9083781493814,TRUE,-1.31242524028862,2.46795639964321,-0.738512495981126,2.45820136824729,1.1473953758546,1.00396836138891
122,"recruit_mean_80",26,6,200,"correct","full",NA,FALSE,-1.0648219576603,TRUE,44.6,43.5351780423397,0.650777922008506,42.2973815764426,43.5274253056194,44.8702608265978,TRUE,-1.63622938278841,2.57287925015523,-0.738512495981126,2.45820136824729,1.4418469063894,1.0466511341948
122,"recruit_mean_110",126,6,800,"biased","robust",0.997733043057918,FALSE,-0.28787509029339,TRUE,45.2,44.9121249097066,0.209300974791097,44.4982935438718,44.9150646132231,45.3150056125742,TRUE,-1.37541208578086,0.816712068702408,-0.253826382618556,0.927341392450892,1.13414172050823,0.880702700592175
122,"recruit_mean_110",46,6,50,"biased","full",NA,FALSE,-0.2922532736997,TRUE,45.2,44.9077467263003,0.233993872660003,44.4753623065033,44.909988391239,45.3734671448459,TRUE,-1.24897831886542,0.898104838342597,-0.253826382618556,0.927341392450892,1.15139045313068,0.968472717441174
122,"recruit_mean_110",106,6,50,"biased","robust",0.98159466714748,FALSE,-0.301451064422046,TRUE,45.2,44.898548935578,0.246206530763744,44.4061754548173,44.9016993884096,45.3862061066054,TRUE,-1.22438289304078,0.980030651788113,-0.253826382618556,0.927341392450892,1.18762699650123,1.05681754288781
122,"recruit_mean_110",66,6,800,"biased","full",NA,FALSE,-0.271712006596978,TRUE,45.2,44.928287993403,0.211798257917453,44.5166189641763,44.9308893531252,45.341425942009,TRUE,-1.28288121568439,0.824806977832644,-0.253826382618556,0.927341392450892,1.07046400690861,0.889431858156081
122,"recruit_mean_110",56,6,200,"biased","full",NA,FALSE,-0.286701767703462,TRUE,45.2,44.9132982322965,0.222835162932661,44.4869243253017,44.9057798715688,45.3382982665428,TRUE,-1.28660918649586,0.851373941241121,-0.253826382618556,0.927341392450892,1.12951918057435,0.918080383526293
122,"recruit_mean_110",86,6,200,"correct","robust",0.963179717615696,FALSE,-0.448631727837324,TRUE,45.2,44.7513682721627,0.241430572098554,44.2773621823779,44.7569072563278,45.1870639245448,FALSE,-1.85822252723731,0.909701742166959,-0.253826382618556,0.927341392450892,1.76747477235854,0.980978256306114
122,"recruit_mean_110",36,6,800,"correct","full",NA,FALSE,-0.573062066707408,TRUE,45.2,44.6269379332926,0.240548733605744,44.1700903502342,44.6244623856214,45.1246355316903,FALSE,-2.382311717536,0.95454518145614,-0.253826382618556,0.927341392450892,2.25769307664362,1.02933524722039
122,"recruit_mean_110",116,6,200,"biased","robust",0.991859722807505,FALSE,-0.287876063265138,TRUE,45.2,44.9121239367349,0.219332767932659,44.4820521217691,44.9022215685111,45.3372292307408,TRUE,-1.31250823111631,0.855177108971688,-0.253826382618556,0.927341392450892,1.1341455537258,0.92218153522892
122,"recruit_mean_110",26,6,200,"correct","full",NA,FALSE,-0.45789883165908,TRUE,45.2,44.7421011683409,0.232895585791273,44.2877300406457,44.7421815198145,45.197571562917,FALSE,-1.96611211029762,0.909841522271243,-0.253826382618556,0.927341392450892,1.80398438860156,0.981128988394018
122,"recruit_mean_110",6,6,0,"weak","none",NA,FALSE,-0.253826382618556,TRUE,45.2,44.9461736173814,0.24164597279706,44.4705162196256,44.9559654850108,45.3978576120765,TRUE,-1.05040601207009,0.927341392450892,-0.253826382618556,0.927341392450892,1,1
122,"recruit_mean_110",76,6,50,"correct","robust",0.971097694127703,FALSE,-0.332878209203948,TRUE,45.2,44.8671217907961,0.248789749919136,44.3895339675283,44.8689929582174,45.334081929804,TRUE,-1.33799004706642,0.944547962275777,-0.253826382618556,0.927341392450892,1.31144054361043,1.01855473072264
122,"recruit_mean_110",16,6,50,"correct","full",NA,FALSE,-0.321071200799082,TRUE,45.2,44.8789287992009,0.234225559645291,44.4495071832588,44.8837528675448,45.3500904140081,TRUE,-1.37077781470694,0.900583230749284,-0.253826382618556,0.927341392450892,1.26492446327607,0.971145295659791
122,"recruit_mean_110",96,6,800,"correct","robust",0.912655979379395,FALSE,-0.537687644183698,TRUE,45.2,44.6623123558163,0.264378023155035,44.1454241516525,44.6606777084198,45.1882943088638,FALSE,-2.0337834354272,1.04287015721131,-0.253826382618556,0.927341392450892,2.11832843629861,1.12458061906962
122,"recruit_sd.log_recruit_sd",36,6,800,"correct","full",NA,FALSE,-0.376819316450621,TRUE,3.5,3.12318068354938,0.22342020588816,2.69571940978749,3.10975638207836,3.58506777149615,TRUE,-1.6865946164209,0.88934836170866,-0.298045946955785,0.919903111226574,1.26429941523923,0.966784817721539
122,"recruit_sd.log_recruit_sd",56,6,200,"biased","full",NA,FALSE,-0.286253750378188,TRUE,3.5,3.21374624962181,0.223538815157501,2.77984484940564,3.2066573982014,3.68047575493402,TRUE,-1.28055501312602,0.900630905528379,-0.298045946955785,0.919903111226574,0.960434970855866,0.979049743975213
122,"recruit_sd.log_recruit_sd",66,6,800,"biased","full",NA,FALSE,-0.28413425871442,TRUE,3.5,3.21586574128558,0.216522518695585,2.81018368063253,3.21304874988361,3.66512373921137,TRUE,-1.31226193204363,0.854940058578832,-0.298045946955785,0.919903111226574,0.953323679172769,0.929380549043777
122,"recruit_sd.log_recruit_sd",116,6,200,"biased","robust",0.991859722807505,FALSE,-0.287457315047794,TRUE,3.5,3.21254268495221,0.219351362556571,2.81920097842578,3.19395393156407,3.69025844160302,TRUE,-1.3104879390647,0.871057463177236,-0.298045946955785,0.919903111226574,0.964473155846803,0.946901312265149
122,"recruit_sd.log_recruit_sd",26,6,200,"correct","full",NA,FALSE,-0.379897144011304,TRUE,3.5,3.1201028559887,0.231081582928358,2.6793931097762,3.10973842449419,3.5951250240764,TRUE,-1.64399576633108,0.915731914300208,-0.298045946955785,0.919903111226574,1.27462610342982,0.995465612763496
122,"recruit_sd.log_recruit_sd",6,6,0,"weak","none",NA,FALSE,-0.298045946955785,TRUE,3.5,3.20195405304422,0.236288124088491,2.79873628654308,3.19790555076243,3.71863939776965,TRUE,-1.26136659684244,0.919903111226574,-0.298045946955785,0.919903111226574,1,1
122,"recruit_sd.log_recruit_sd",106,6,50,"biased","robust",0.98159466714748,FALSE,-0.306418768442306,TRUE,3.5,3.19358123155769,0.233105051812793,2.7547688177084,3.1990052483278,3.65330214757163,TRUE,-1.31450934271639,0.898533329863231,-0.298045946955785,0.919903111226574,1.02809238498977,0.976769530287979
122,"recruit_sd.log_recruit_sd",46,6,50,"biased","full",NA,FALSE,-0.307864393543236,TRUE,3.5,3.19213560645676,0.230430597880096,2.76704350643317,3.17628707125071,3.67087749555706,TRUE,-1.33603955540415,0.903833989123886,-0.298045946955785,0.919903111226574,1.03294272808517,0.98253172327979
122,"recruit_sd.log_recruit_sd",126,6,800,"biased","robust",0.997733043057918,FALSE,-0.29824790708191,TRUE,3.5,3.20175209291809,0.230046186711612,2.78795039351589,3.19045439214904,3.66036620361783,TRUE,-1.2964696843934,0.872415810101943,-0.298045946955785,0.919903111226574,1.00067761406651,0.948377931822284
122,"recruit_sd.log_recruit_sd",96,6,800,"correct","robust",0.912655979379395,FALSE,-0.361910180215613,TRUE,3.5,3.13808981978439,0.233798842175498,2.70113225746996,3.1366029274775,3.5921800969297,TRUE,-1.5479553998131,0.891047839459741,-0.298045946955785,0.919903111226574,1.21427646949114,0.968632270709077
122,"recruit_sd.log_recruit_sd",76,6,50,"correct","robust",0.971097694127703,FALSE,-0.305686714728479,TRUE,3.5,3.19431328527152,0.227159673492093,2.77170507643746,3.18312982349777,3.67914721598278,TRUE,-1.34569094077836,0.907442139545326,-0.298045946955785,0.919903111226574,1.02563620760737,0.986454038986092
122,"recruit_sd.log_recruit_sd",86,6,200,"correct","robust",0.963179717615696,FALSE,-0.383942011818397,TRUE,3.5,3.1160579881816,0.236603682099995,2.6788993277686,3.10689944378444,3.6109916378283,TRUE,-1.62272204900063,0.932092310059694,-0.298045946955785,0.919903111226574,1.2881973928515,1.01325052463065
122,"recruit_sd.log_recruit_sd",16,6,50,"correct","full",NA,FALSE,-0.318423462959152,TRUE,3.5,3.18157653704085,0.226658106047188,2.73991290395038,3.17675137634383,3.65688138690702,TRUE,-1.40486245346486,0.916968482956637,-0.298045946955785,0.919903111226574,1.06837038453803,0.996809850696098
122,"lambda",66,6,800,"biased","full",NA,FALSE,0.0185085409378154,TRUE,1.03119869581319,1.04970723675101,0.0165542147770625,1.01705292299855,1.0504094177815,1.08162589708133,TRUE,1.11805610758783,0.0645729740827756,0.0185703528469394,0.0671990279736168,0.996671473631466,0.960921251839057
122,"lambda",96,6,800,"correct","robust",0.912655979379395,FALSE,0.0215263948594977,TRUE,1.03119869581319,1.05272509067269,0.0191023802763393,1.01477845428341,1.05277387396863,1.08899204833256,TRUE,1.12689594427983,0.0742135940491457,0.0185703528469394,0.0671990279736168,1.15918071330807,1.10438493363748
122,"lambda",56,6,200,"biased","full",NA,FALSE,0.0184486039288276,TRUE,1.03119869581319,1.04964729974202,0.0171413725545136,1.01530920070982,1.0499174069559,1.08193041888222,TRUE,1.076261767846,0.0666212181723982,0.0185703528469394,0.0671990279736168,0.9934439092722,0.991401515488506
122,"lambda",36,6,800,"correct","full",NA,FALSE,0.0229219946400681,TRUE,1.03119869581319,1.05412069045326,0.0181231290040167,1.01902725357636,1.0537046372817,1.09096545541637,TRUE,1.26479233442458,0.071938201840007,0.0185703528469394,0.0671990279736168,1.23433274687863,1.07052444074416
122,"lambda",116,6,200,"biased","robust",0.991859722807505,FALSE,0.0172821916091228,TRUE,1.03119869581319,1.04848088742232,0.0175960043122177,1.01081797186668,1.04872807490416,1.08045543825606,TRUE,0.982165683894669,0.0696374663893775,0.0185703528469394,0.0671990279736168,0.930633453847975,1.03628681082587
122,"lambda",126,6,800,"biased","robust",0.997733043057918,FALSE,0.0188875756371525,TRUE,1.03119869581319,1.05008627145035,0.0166875358048991,1.01618429971416,1.05141072971212,1.08045752442197,TRUE,1.13183731007232,0.0642732247078024,0.0185703528469394,0.0671990279736168,1.01708221662925,0.956460631142416
122,"lambda",6,6,0,"weak","none",NA,FALSE,0.0185703528469394,TRUE,1.03119869581319,1.04976904866013,0.0171464521769779,1.01363649987587,1.050104804984,1.08083552784948,TRUE,1.0830434573441,0.0671990279736168,0.0185703528469394,0.0671990279736168,1,1
122,"lambda",76,6,50,"correct","robust",0.971097694127703,FALSE,0.0198148484403871,TRUE,1.03119869581319,1.05101354425358,0.0167973759844489,1.01670865347666,1.05161463117732,1.08402005512378,TRUE,1.1796395138581,0.0673114016471206,0.0185703528469394,0.0671990279736168,1.06701518294806,1.00167225147286
122,"lambda",26,6,200,"correct","full",NA,FALSE,0.0236610507655648,TRUE,1.03119869581319,1.05485974657876,0.0172674832642446,1.02121388245396,1.05518411784711,1.08808248533845,TRUE,1.37026632100807,0.0668686028844929,0.0185703528469394,0.0671990279736168,1.27413038193641,0.995082888858845
122,"lambda",16,6,50,"correct","full",NA,FALSE,0.0207888509309309,TRUE,1.03119869581319,1.05198754674412,0.0166561871907562,1.01661179840405,1.05178848674482,1.08133358601386,TRUE,1.24811583184345,0.0647217876098078,0.0185703528469394,0.0671990279736168,1.11946450895558,0.96313577088077
122,"lambda",86,6,200,"correct","robust",0.963179717615696,FALSE,0.0227631113110047,TRUE,1.03119869581319,1.0539618071242,0.0180717903879561,1.01524203970568,1.05522525976569,1.08664162739992,TRUE,1.25959358881094,0.0713995876942346,0.0185703528469394,0.0671990279736168,1.22577699511813,1.06250923335181
122,"lambda",46,6,50,"biased","full",NA,FALSE,0.0203051477621343,TRUE,1.03119869581319,1.05150384357533,0.0173401999685583,1.01834962741447,1.05211971204803,1.08420891344727,TRUE,1.17098694357344,0.0658592860328067,0.0185703528469394,0.0671990279736168,1.09341744497229,0.980063075594842
122,"lambda",106,6,50,"biased","robust",0.98159466714748,FALSE,0.020067362997191,TRUE,1.03119869581319,1.05126605881038,0.0178773028047419,1.01561443293856,1.05159813822116,1.08610156730892,TRUE,1.12250506781527,0.0704871343703593,0.0185703528469394,0.0671990279736168,1.08061290825168,1.04893086248262
146,"survival_50",117,7,200,"biased","robust",8.45645034055469e-05,FALSE,-0.0136735778325721,TRUE,0.354343693774205,0.340670115941632,0.0271441327440598,0.28975412550058,0.339500331233746,0.394939568848004,TRUE,-0.503739720163446,0.105185443347424,-0.0123034191234416,0.104316998944016,1.11136406029768,1.00832505164258
146,"survival_50",27,7,200,"correct","full",NA,FALSE,0.0171443115124132,TRUE,0.354343693774205,0.371488005286618,0.0311169486975466,0.311327400526285,0.37130027916605,0.431859617191106,TRUE,0.550963774727853,0.120532216664821,-0.0123034191234416,0.104316998944016,1.39345911412124,1.15544175815015
146,"survival_50",57,7,200,"biased","full",NA,FALSE,0.0106451658150327,TRUE,0.354343693774205,0.364988859589237,0.0314925077118318,0.306449070711713,0.362810533361749,0.427243080174782,TRUE,0.338022170620387,0.12079400946307,-0.0123034191234416,0.104316998944016,0.865220123628118,1.15795134719986
146,"survival_50",7,7,0,"weak","none",NA,FALSE,-0.0123034191234416,TRUE,0.354343693774205,0.342040274650763,0.0261787758542542,0.288105350289967,0.342520965396817,0.392422349233982,TRUE,-0.469976869504469,0.104316998944016,-0.0123034191234416,0.104316998944016,1,1
146,"survival_50",37,7,800,"correct","full",NA,FALSE,0.0296141960472311,TRUE,0.354343693774205,0.383957889821436,0.0312735222014969,0.325231809268674,0.384632517622393,0.445960650045153,TRUE,0.94694150075023,0.120728840776479,-0.0123034191234416,0.104316998944016,2.40698912636468,1.157326629395
146,"survival_50",17,7,50,"correct","full",NA,FALSE,0.000629465955556519,TRUE,0.354343693774205,0.354973159729761,0.0319389475094532,0.292528889126647,0.35415577739319,0.415752161381011,TRUE,0.0197084126009541,0.123223272254364,-0.0123034191234416,0.104316998944016,0.0511618720975866,1.18123866197968
146,"survival_50",97,7,800,"correct","robust",2.4941790960193e-09,FALSE,-0.0114015805861471,TRUE,0.354343693774205,0.342942113188057,0.0262348768255464,0.293207189879136,0.342836839166532,0.397386396033093,TRUE,-0.434596307120631,0.104179206153957,-0.0123034191234416,0.104316998944016,0.926700169420693,0.998679095531375
146,"survival_50",67,7,800,"biased","full",NA,FALSE,0.0190785822846111,TRUE,0.354343693774205,0.373422276058816,0.0284301974481895,0.320581273246438,0.372508374419987,0.432712495041304,TRUE,0.671067526681072,0.112131221794866,-0.0123034191234416,0.104316998944016,1.5506731984982,1.07490843227808
146,"survival_50",47,7,50,"biased","full",NA,FALSE,-0.0111359519795498,TRUE,0.354343693774205,0.343207741794655,0.0291810891223642,0.287869570698475,0.342502924066154,0.401242663531604,TRUE,-0.381615365103533,0.113373092833129,-0.0123034191234416,0.104316998944016,0.90511034923069,1.086813213386
146,"survival_50",127,7,800,"biased","robust",0.000168472176153603,FALSE,-0.0131322418327363,TRUE,0.354343693774205,0.341211451941468,0.0259922551265302,0.294864870695229,0.340450592464828,0.392647203664821,TRUE,-0.505236724124497,0.097782332969592,-0.0123034191234416,0.104316998944016,1.06736523408486,0.937357611505575
146,"survival_50",77,7,50,"correct","robust",0.00371918404007277,FALSE,-0.0121545365089785,TRUE,0.354343693774205,0.342189157265226,0.0262564829104173,0.290708285075696,0.342077217571154,0.395264141607661,TRUE,-0.46291563689043,0.104555856531965,-0.0123034191234416,0.104316998944016,0.987899086183337,1.0022897283316
146,"survival_50",107,7,50,"biased","robust",0.00863291666993738,FALSE,-0.0121807704750259,TRUE,0.354343693774205,0.342162923299179,0.0262398412154172,0.294745590976996,0.340545245476855,0.39518469895893,TRUE,-0.464209000924483,0.100439107981934,-0.0123034191234416,0.104316998944016,0.990031336233846,0.96282589605398
146,"survival_50",87,7,200,"correct","robust",3.02982162241474e-09,FALSE,-0.0117093630282654,TRUE,0.354343693774205,0.342634330745939,0.026930440501483,0.29137649815094,0.342747751144253,0.396220208386795,TRUE,-0.434800278429183,0.104843710235855,-0.0123034191234416,0.104316998944016,0.951716178306536,1.00504914153179
146,"survival_80",97,7,800,"correct","robust",2.4941790960193e-09,FALSE,0.0329188910598061,TRUE,0.589040434058665,0.621959325118471,0.0297504905164898,0.564399880647138,0.62221732143012,0.676160594521029,TRUE,1.10649910264707,0.111760713873891,0.033147648005046,0.108693176564689,0.993098848364592,1.02822198601745
146,"survival_80",47,7,50,"biased","full",NA,FALSE,0.0486261960870282,TRUE,0.589040434058665,0.637666630145693,0.0315751210326886,0.575957531660706,0.638504688158607,0.699100916765899,TRUE,1.54001614235104,0.123143385105193,0.033147648005046,0.108693176564689,1.46695765804035,1.1329449464742
146,"survival_80",27,7,200,"correct","full",NA,FALSE,0.057784855536211,TRUE,0.589040434058665,0.646825289594876,0.0321965865582913,0.578364417243931,0.64760880230884,0.706536330332869,TRUE,1.79475098801522,0.128171913088938,0.033147648005046,0.108693176564689,1.74325658120343,1.1792084576041
146,"survival_80",37,7,800,"correct","full",NA,FALSE,0.0568667543577493,TRUE,0.589040434058665,0.645907188416414,0.0332171433970824,0.576489457859537,0.646465598634558,0.70762300466027,TRUE,1.7119700414318,0.131133546800734,0.033147648005046,0.108693176564689,1.71555925624324,1.20645610833435
146,"survival_80",67,7,800,"biased","full",NA,FALSE,0.0593635647057976,TRUE,0.589040434058665,0.648403998764463,0.0313896922827334,0.584492037570007,0.649600773617408,0.703467782355455,TRUE,1.89118020562603,0.118975744785448,0.033147648005046,0.108693176564689,1.79088316301539,1.09460178224379
146,"survival_80",107,7,50,"biased","robust",0.00863291666993738,FALSE,0.0318908443649377,TRUE,0.589040434058665,0.620931278423603,0.0299484488732076,0.562505732784135,0.620896281323636,0.680443821636917,TRUE,1.06485796643271,0.117938088852782,0.033147648005046,0.108693176564689,0.962084681244444,1.08505513023249
146,"survival_80",87,7,200,"correct","robust",3.02982162241474e-09,FALSE,0.0320472905003656,TRUE,0.589040434058665,0.621087724559031,0.0300186837538096,0.560754742932273,0.621820036895728,0.680106337232676,TRUE,1.06757813777556,0.119351594300403,0.033147648005046,0.108693176564689,0.966804356540986,1.09805967653701
146,"survival_80",17,7,50,"correct","full",NA,FALSE,0.0639945855979669,TRUE,0.589040434058665,0.653035019656632,0.0323918599733466,0.590857336564937,0.655038602855046,0.715137688455766,FALSE,1.97563788095603,0.124280351890828,0.033147648005046,0.108693176564689,1.93059204647718,1.14340527914245
146,"survival_80",117,7,200,"biased","robust",8.45645034055469e-05,FALSE,0.0315436725005356,TRUE,0.589040434058665,0.620584106559201,0.028721261417459,0.562985066351163,0.62137384826611,0.672445730580287,TRUE,1.09826905030574,0.109460664229124,0.033147648005046,0.108693176564689,0.95161118205834,1.00706104733243
146,"survival_80",57,7,200,"biased","full",NA,FALSE,0.0570753406339343,TRUE,0.589040434058665,0.646115774692599,0.0323351091925183,0.583478351404576,0.646218240645471,0.705878693123894,TRUE,1.76511977411662,0.122400341719318,0.033147648005046,0.108693176564689,1.72185189806667,1.1261087916266
146,"survival_80",7,7,0,"weak","none",NA,FALSE,0.033147648005046,TRUE,0.589040434058665,0.622188082063711,0.0290711059768538,0.567015402570483,0.623580283661789,0.675708579135172,TRUE,1.14022658895186,0.108693176564689,0.033147648005046,0.108693176564689,1,1
146,"survival_80",127,7,800,"biased","robust",0.000168472176153603,FALSE,0.0317563593291272,TRUE,0.589040434058665,0.620796793387792,0.0294558698585818,0.562653055345371,0.620887467212388,0.677834458800597,TRUE,1.07809952588703,0.115181403455226,0.033147648005046,0.108693176564689,0.958027529563878,1.05969304693819
146,"survival_80",77,7,50,"correct","robust",0.00371918404007277,FALSE,0.0320719870325695,TRUE,0.589040434058665,0.621112421091235,0.0304464471509258,0.562327723547883,0.62074350095192,0.67943105559993,TRUE,1.05339013362005,0.117103332052047,0.033147648005046,0.108693176564689,0.967549402832058,1.07737519275051
146,"survival_110",127,7,800,"biased","robust",0.000168472176153603,FALSE,0.0474017559597146,TRUE,0.789181706522253,0.836583462481967,0.0305454641231566,0.773854159517989,0.839742861624541,0.889104486325072,TRUE,1.55184271447292,0.115250326807083,0.0486600021810335,0.114840881975881,0.974142084567984,1.00356532294212
146,"survival_110",107,7,50,"biased","robust",0.00863291666993738,FALSE,0.0470248671750922,TRUE,0.789181706522253,0.836206573697345,0.0301569455051475,0.773151413466111,0.838473836371715,0.891051249307814,TRUE,1.55933787017871,0.117899835841703,0.0486600021810335,0.114840881975881,0.966396733813165,1.02663645396301
146,"survival_110",87,7,200,"correct","robust",3.02982162241474e-09,FALSE,0.0469028375912647,TRUE,0.789181706522253,0.836084544113518,0.0305465724211059,0.771803893741075,0.837224812422062,0.89055905743656,TRUE,1.53545337082918,0.118755163695484,0.0486600021810335,0.114840881975881,0.963888933189285,1.03408439270281
146,"survival_110",37,7,800,"correct","full",NA,FALSE,0.0508928740876491,TRUE,0.789181706522253,0.840074580609902,0.0361158605145441,0.761617408886942,0.843986788344566,0.89970750901271,TRUE,1.40915579367558,0.138090100125769,0.0486600021810335,0.114840881975881,1.04588721345117,1.2024472274148
146,"survival_110",117,7,200,"biased","robust",8.45645034055469e-05,FALSE,0.0476191997701271,TRUE,0.789181706522253,0.83680090629238,0.0295247762349583,0.775648804182681,0.839123488782802,0.886576500674286,TRUE,1.61285556886776,0.110927696491605,0.0486600021810335,0.114840881975881,0.978610720011186,0.965925152986043
146,"survival_110",57,7,200,"biased","full",NA,FALSE,0.062042350749752,TRUE,0.789181706522253,0.851224057272005,0.0319330720120399,0.787034411866914,0.854604519952698,0.903491960608616,TRUE,1.94288700837676,0.116457548741702,0.0486600021810335,0.114840881975881,1.27501742640559,1.01407744992903
146,"survival_110",47,7,50,"biased","full",NA,FALSE,0.0646919369786115,TRUE,0.789181706522253,0.853873643500864,0.0313010542536116,0.782628530072777,0.857134881052197,0.9095738299027,TRUE,2.06676543398366,0.126945299829924,0.0486600021810335,0.114840881975881,1.32946843565549,1.10540164483049
146,"survival_110",67,7,800,"biased","full",NA,FALSE,0.0597089048310572,TRUE,0.789181706522253,0.84889061135331,0.0334065085299976,0.770371821024426,0.854239711392801,0.905252660432876,TRUE,1.78734346863699,0.13488083940845,0.0486600021810335,0.114840881975881,1.22706334062456,1.17450194641293
146,"survival_110",17,7,50,"correct","full",NA,FALSE,0.074871456424474,TRUE,0.789181706522253,0.864053162946727,0.029044499144799,0.800504297786292,0.868208626204684,0.911969827580664,FALSE,2.57781881695423,0.111465529794373,0.0486600021810335,0.114840881975881,1.53866529117537,0.970608444280169
146,"survival_110",97,7,800,"correct","robust",2.4941790960193e-09,FALSE,0.0477115536612136,TRUE,0.789181706522253,0.836893260183466,0.0304032568502155,0.772184032102335,0.838969668096058,0.888486158902571,TRUE,1.56929087881174,0.116302126800237,0.0486600021810335,0.114840881975881,0.980508662611824,1.01272408221893
146,"survival_110",7,7,0,"weak","none",NA,FALSE,0.0486600021810335,TRUE,0.789181706522253,0.837841708703286,0.029278716843235,0.774758950531987,0.839794183687014,0.889599832507868,TRUE,1.66195815347955,0.114840881975881,0.0486600021810335,0.114840881975881,1,1
146,"survival_110",77,7,50,"correct","robust",0.00371918404007277,FALSE,0.0472495481768364,TRUE,0.789181706522253,0.836431254699089,0.030032296574337,0.771553901313638,0.838365861770537,0.891123979618809,TRUE,1.57329120867871,0.119570078305171,0.0486600021810335,0.114840881975881,0.971014099034568,1.0411804250187
146,"survival_110",27,7,200,"correct","full",NA,FALSE,0.0590459784157309,TRUE,0.789181706522253,0.848227684937984,0.0333754431602593,0.775420938901471,0.85049216868242,0.905880701574054,TRUE,1.76914440153526,0.130459762672583,0.0486600021810335,0.114840881975881,1.21343969932549,1.13600453451744
146,"growth_increment_50",17,7,50,"correct","full",NA,FALSE,-1.63739615427729,TRUE,12,10.3626038457227,1.8906119561994,6.73548830475209,10.3512318497363,14.0549852262429,TRUE,-0.866066750984091,7.31949692149079,-0.918067854527498,6.11599716227347,1.78352411121072,1.19677899241699
146,"growth_increment_50",117,7,200,"biased","robust",8.45645034055469e-05,FALSE,-0.901550645190941,TRUE,12,11.0984493548091,1.54577151763842,8.17041291589271,11.0862770443716,14.201533132625,TRUE,-0.583236678191807,6.03112021673225,-0.918067854527498,6.11599716227347,0.98200872707273,0.986122141117922
146,"growth_increment_50",107,7,50,"biased","robust",0.00863291666993738,FALSE,-0.886239925285667,TRUE,12,11.1137600747143,1.56200329555644,7.78306385124707,11.2001711195916,14.0206968962031,TRUE,-0.567373915155511,6.23763304495607,-0.918067854527498,6.11599716227347,0.965331615648156,1.01988815224325
146,"growth_increment_50",37,7,800,"correct","full",NA,FALSE,-1.17183965583869,TRUE,12,10.8281603441613,1.95120569396208,6.89996379137884,10.8440746319483,14.612886612881,TRUE,-0.600572076775347,7.71292282150221,-0.918067854527498,6.11599716227347,1.27641943899866,1.26110634404466
146,"growth_increment_50",27,7,200,"correct","full",NA,FALSE,-1.19891819550059,TRUE,12,10.8010818044994,1.89124073419119,7.15270891240284,10.7172891474219,14.4698448688279,TRUE,-0.633932092211055,7.31713595642511,-0.918067854527498,6.11599716227347,1.30591457874063,1.19639296132458
146,"growth_increment_50",87,7,200,"correct","robust",3.02982162241474e-09,FALSE,-0.948231069696826,TRUE,12,11.0517689303032,1.6122839197632,7.74768265134623,11.1113424747045,14.1700687050894,TRUE,-0.588129086988658,6.42238605374313,-0.918067854527498,6.11599716227347,1.0328551043592,1.05009631027294
146,"growth_increment_50",67,7,800,"biased","full",NA,FALSE,-1.24574012307573,TRUE,12,10.7542598769243,1.72652175135374,7.55036958903211,10.765098884552,14.1697699754162,TRUE,-0.721531670307054,6.61940038638409,-0.918067854527498,6.11599716227347,1.35691508741135,1.08230926384594
146,"growth_increment_50",77,7,50,"correct","robust",0.00371918404007277,FALSE,-0.904354525781669,TRUE,12,11.0956454742183,1.60798169530355,7.89601483373298,11.1250819231832,14.1965662129832,TRUE,-0.562415933230475,6.30055137925027,-0.918067854527498,6.11599716227347,0.985062837481781,1.0301756544485
146,"growth_increment_50",127,7,800,"biased","robust",0.000168472176153603,FALSE,-0.859148425464145,TRUE,12,11.1408515745359,1.56395049590252,7.89524197426027,11.2125333837296,14.1114142619407,TRUE,-0.54934502576333,6.21617228768044,-0.918067854527498,6.11599716227347,0.935822359128697,1.01637919749618
146,"growth_increment_50",57,7,200,"biased","full",NA,FALSE,-1.14823830403007,TRUE,12,10.8517616959699,1.82062873220793,7.25351801320083,10.8772205774735,14.3435805026422,TRUE,-0.630682293274355,7.0900624894414,-0.918067854527498,6.11599716227347,1.25071180563341,1.15926516990172
146,"growth_increment_50",47,7,50,"biased","full",NA,FALSE,-0.838787644677254,TRUE,12,11.1612123553227,1.71876331035142,7.98768290444606,11.162370982756,14.4483623944478,TRUE,-0.488018123045549,6.46067949000172,-0.918067854527498,6.11599716227347,0.913644498650867,1.05635750288676
146,"growth_increment_50",97,7,800,"correct","robust",2.4941790960193e-09,FALSE,-0.92320933007624,TRUE,12,11.0767906699238,1.56483776389044,8.12440298784438,11.0994088518434,14.1401931028013,TRUE,-0.58997127458184,6.01579011495691,-0.918067854527498,6.11599716227347,1.00560032194068,0.983615583091718
146,"growth_increment_50",7,7,0,"weak","none",NA,FALSE,-0.918067854527498,TRUE,12,11.0819321454725,1.58427274728575,8.0320358728506,11.1085369713972,14.1480330351241,TRUE,-0.579488510485567,6.11599716227347,-0.918067854527498,6.11599716227347,1,1
146,"growth_increment_80",107,7,50,"biased","robust",0.00863291666993738,FALSE,-0.46323470127594,TRUE,8.4,7.93676529872406,0.998006230716911,5.87627508557362,7.95823674741312,9.74458739308085,TRUE,-0.464160129484541,3.86831230750722,-0.492107196549162,4.20132609389979,0.941328849739069,0.920736029779718
146,"growth_increment_80",37,7,800,"correct","full",NA,FALSE,-0.731047630527184,TRUE,8.4,7.66895236947282,1.22701513359377,5.289370332903,7.65100938073817,10.1167754151761,TRUE,-0.595793491467413,4.82740508227309,-0.492107196549162,4.20132609389979,1.48554549832549,1.14901937492601
146,"growth_increment_80",27,7,200,"correct","full",NA,FALSE,-0.544767116282958,TRUE,8.4,7.85523288371704,1.2086887268414,5.46640037275238,7.82537776416521,10.3099220319444,TRUE,-0.450709189376298,4.84352165919199,-0.492107196549162,4.20132609389979,1.10700904214177,1.15285544395724
146,"growth_increment_80",77,7,50,"correct","robust",0.00371918404007277,FALSE,-0.487644936042498,TRUE,8.4,7.9123550639575,1.03843860001203,5.88836167153963,7.93277434814457,9.93711723239075,TRUE,-0.469594385298126,4.04875556085112,-0.492107196549162,4.20132609389979,0.990932340477939,0.963685148536745
146,"growth_increment_80",117,7,200,"biased","robust",8.45645034055469e-05,FALSE,-0.492969770757844,TRUE,8.4,7.90703022924216,1.00112517759552,6.04708549267751,7.86445539127496,9.90435641668088,TRUE,-0.49241571562694,3.85727092400337,-0.492107196549162,4.20132609389979,1.00175281770868,0.918107958723799
146,"growth_increment_80",17,7,50,"correct","full",NA,FALSE,-0.819011797883624,TRUE,8.4,7.58098820211638,1.19962333390998,5.33680551897683,7.56356581239798,9.90054974369776,TRUE,-0.682724130760434,4.56374422472093,-0.492107196549162,4.20132609389979,1.66429551046365,1.08626279482265
146,"growth_increment_80",47,7,50,"biased","full",NA,FALSE,-0.37673178639271,TRUE,8.4,8.02326821360729,1.09961573019032,5.97501478779728,8.00447258175488,10.1834876388292,TRUE,-0.342603125846068,4.20847285103195,-0.492107196549162,4.20132609389979,0.765548215987276,1.00170107175031
146,"growth_increment_80",127,7,800,"biased","robust",0.000168472176153603,FALSE,-0.467725500626087,TRUE,8.4,7.93227449937391,1.00944842351716,5.95049357345223,7.92386200889666,9.82775914992316,TRUE,-0.46334759630058,3.87726557647094,-0.492107196549162,4.20132609389979,0.950454502405069,0.922867087632312
146,"growth_increment_80",57,7,200,"biased","full",NA,FALSE,-0.500843268256973,TRUE,8.4,7.89915673174303,1.15450652647772,5.72298879347762,7.85279798043384,10.0502120414275,TRUE,-0.433815883037919,4.3272232479499,-0.492107196549162,4.20132609389979,1.01775237543582,1.02996605148858
146,"growth_increment_80",7,7,0,"weak","none",NA,FALSE,-0.492107196549162,TRUE,8.4,7.90789280345084,1.04044055431337,5.87100337880586,7.90757129531095,10.0723294727057,TRUE,-0.472979637816911,4.20132609389979,-0.492107196549162,4.20132609389979,1,1
146,"growth_increment_80",97,7,800,"correct","robust",2.4941790960193e-09,FALSE,-0.503450865752862,TRUE,8.4,7.89654913424714,0.992069073749566,5.97102565388133,7.89403199965233,9.85861006191303,TRUE,-0.507475617448742,3.8875844080317,-0.492107196549162,4.20132609389979,1.02305121583925,0.925323176812284
146,"growth_increment_80",67,7,800,"biased","full",NA,FALSE,-0.576145058086077,TRUE,8.4,7.82385494191392,1.12747720925471,5.69818016704059,7.82152891480656,10.1457865375364,TRUE,-0.51100372881765,4.44760637049586,-0.492107196549162,4.20132609389979,1.17077145411857,1.05861965272195
146,"growth_increment_80",87,7,200,"correct","robust",3.02982162241474e-09,FALSE,-0.504171529865882,TRUE,8.4,7.89582847013412,1.04318942716929,5.79934328093107,7.89046254707722,9.92349050953595,TRUE,-0.483298159217315,4.12414722860488,-0.492107196549162,4.20132609389979,1.02451566122447,0.981629879811764
146,"growth_increment_110",37,7,800,"correct","full",NA,FALSE,-0.290255605215661,TRUE,4.8,4.50974439478434,0.811864401025252,2.99246528778117,4.50025179508684,6.08620566761486,TRUE,-0.357517345075256,3.0937403798337,-0.0661465385707984,2.95442957037072,4.38806945135901,1.04715320035383
146,"growth_increment_110",77,7,50,"correct","robust",0.00371918404007277,FALSE,-0.0709353463033269,TRUE,4.8,4.72906465369667,0.71792253395022,3.38186868422379,4.72280320791147,6.12432461050701,TRUE,-0.0988064073055624,2.74245592628322,-0.0661465385707984,2.95442957037072,1.07239695131443,0.928252260194884
146,"growth_increment_110",7,7,0,"weak","none",NA,FALSE,-0.0661465385707984,TRUE,4.8,4.7338534614292,0.73801869866323,3.25346046038329,4.74350262356362,6.207890030754,TRUE,-0.0896271851791958,2.95442957037072,-0.0661465385707984,2.95442957037072,1,1
146,"growth_increment_110",47,7,50,"biased","full",NA,FALSE,0.085324071891824,TRUE,4.8,4.88532407189182,0.754096307010046,3.36387809426438,4.88563982925173,6.38688960644609,TRUE,0.113147446948958,3.02301151218171,-0.0661465385707984,2.95442957037072,1.28992497166725,1.02321326001431
146,"growth_increment_110",67,7,800,"biased","full",NA,FALSE,0.09345000690357,TRUE,4.8,4.89345000690357,0.774254140305088,3.34561546088424,4.89419736361371,6.42849760088195,TRUE,0.120696812634088,3.08288213999771,-0.0661465385707984,2.95442957037072,1.41277244316493,1.04347795964244
146,"growth_increment_110",107,7,50,"biased","robust",0.00863291666993738,FALSE,-0.0402294772662044,TRUE,4.8,4.7597705227338,0.699101200721835,3.41398137475642,4.77238169786987,6.10557168370542,TRUE,-0.0575445689760892,2.691590308949,-0.0661465385707984,2.95442957037072,0.608187187650729,0.911035529816762
146,"growth_increment_110",27,7,200,"correct","full",NA,FALSE,0.10938396293468,TRUE,4.8,4.90938396293468,0.809111279627889,3.33078003644185,4.89994839678044,6.55941091596062,TRUE,0.135190258359747,3.22863087951876,-0.0661465385707984,2.95442957037072,1.65366117862091,1.09281023717673
146,"growth_increment_110",17,7,50,"correct","full",NA,FALSE,-0.000627441489974068,TRUE,4.8,4.79937255851003,0.760029599586854,3.34381839724308,4.7907121036888,6.4030399536198,TRUE,-0.00082554875535787,3.05922155637672,-0.0661465385707984,2.95442957037072,0.00948562847778497,1.03546944799664
146,"growth_increment_110",87,7,200,"correct","robust",3.02982162241474e-09,FALSE,-0.0601119900349394,TRUE,4.8,4.73988800996506,0.725161625846425,3.31957298630475,4.71479185950887,6.14622608508117,TRUE,-0.0828946098254652,2.82665309877641,-0.0661465385707984,2.95442957037072,0.908770002690313,0.956750882513584
146,"growth_increment_110",97,7,800,"correct","robust",2.4941790960193e-09,FALSE,-0.0836924014294649,TRUE,4.8,4.71630759857054,0.687540289556895,3.36571776250676,4.69406009303833,6.05075703650198,TRUE,-0.121727268497098,2.68503927399522,-0.0661465385707984,2.95442957037072,1.26525746074961,0.908818169477738
146,"growth_increment_110",117,7,200,"biased","robust",8.45645034055469e-05,FALSE,-0.0843888963247208,TRUE,4.8,4.71561110367528,0.708822589851366,3.25747111100578,4.72394548655645,6.07498362054038,TRUE,-0.119055032292941,2.8175125095346,-0.0661465385707984,2.95442957037072,1.27578703509023,0.953657023267967
146,"growth_increment_110",127,7,800,"biased","robust",0.000168472176153603,FALSE,-0.0763025757880342,TRUE,4.8,4.72369742421197,0.70958897669938,3.40057088757714,4.73981678443343,6.1368640966452,TRUE,-0.107530666757187,2.73629320906807,-0.0661465385707984,2.95442957037072,1.15353845320818,0.926166335630306
146,"growth_increment_110",57,7,200,"biased","full",NA,FALSE,0.146551767516123,TRUE,4.8,4.94655176751612,0.757456181208873,3.46127271458525,4.9016546748085,6.44734199481279,TRUE,0.193478871982049,2.98606928022754,-0.0661465385707984,2.95442957037072,2.2155621546132,1.01070924491622
146,"growth_sd.log_growth_sd",7,7,0,"weak","none",NA,FALSE,2.02799770301405,TRUE,4.5,6.52799770301405,0.897611500788249,4.82049198784973,6.45681495096611,8.2843486397832,FALSE,2.25932678138942,3.46385665193347,2.02799770301405,3.46385665193347,1,1
146,"growth_sd.log_growth_sd",67,7,800,"biased","full",NA,FALSE,2.54177678698413,TRUE,4.5,7.04177678698413,1.02826222819936,5.18193598719968,6.99698432606713,9.23161234902562,FALSE,2.47191496223211,4.04967636182594,2.02799770301405,3.46385665193347,1.25334303052045,1.16912354313666
146,"growth_sd.log_growth_sd",17,7,50,"correct","full",NA,FALSE,2.13585180499289,TRUE,4.5,6.63585180499289,0.902477338821214,5.07402804939293,6.55438959271535,8.47658186080143,FALSE,2.36665422290012,3.4025538114085,2.02799770301405,3.46385665193347,1.05318255628128,0.982302142760223
146,"growth_sd.log_growth_sd",37,7,800,"correct","full",NA,FALSE,3.25973691951163,TRUE,4.5,7.75973691951163,1.11901671248515,5.77138700351129,7.72766062813567,10.1244594210547,FALSE,2.91303685024711,4.35307241754343,2.02799770301405,3.46385665193347,1.60736716548887,1.25671263420027
146,"growth_sd.log_growth_sd",117,7,200,"biased","robust",8.45645034055469e-05,FALSE,2.05707584468523,TRUE,4.5,6.55707584468523,0.877029324767335,5.05651328744488,6.497648062748,8.54526385297989,FALSE,2.34550406308358,3.48875056553501,2.02799770301405,3.46385665193347,1.01433835039752,1.00718676206986
146,"growth_sd.log_growth_sd",107,7,50,"biased","robust",0.00863291666993738,FALSE,2.08013253406029,TRUE,4.5,6.58013253406029,0.886861369153825,5.08491729040574,6.4978935038665,8.56564750491535,FALSE,2.34549908972243,3.48073021450961,2.02799770301405,3.46385665193347,1.02570753949512,1.00487132242228
146,"growth_sd.log_growth_sd",77,7,50,"correct","robust",0.00371918404007277,FALSE,2.06472014269243,TRUE,4.5,6.56472014269243,0.857246215199027,4.99286875163261,6.5023545998374,8.51127037622049,FALSE,2.40854973295281,3.51840162458788,2.02799770301405,3.46385665193347,1.01810773238244,1.0157468908605
146,"growth_sd.log_growth_sd",57,7,200,"biased","full",NA,FALSE,2.37214433451521,TRUE,4.5,6.87214433451521,1.00284687266661,5.10399962065168,6.80990866782808,8.88188823929036,FALSE,2.36541031255109,3.77788861863868,2.02799770301405,3.46385665193347,1.16969774225567,1.09065963123212
146,"growth_sd.log_growth_sd",87,7,200,"correct","robust",3.02982162241474e-09,FALSE,2.05882097516935,TRUE,4.5,6.55882097516935,0.874939659818534,4.95343975790348,6.5154147973085,8.43927326935031,FALSE,2.3531005276368,3.48583351144683,2.02799770301405,3.46385665193347,1.01519886936237,1.00634462153654
146,"growth_sd.log_growth_sd",47,7,50,"biased","full",NA,FALSE,2.18397997948794,TRUE,4.5,6.68397997948794,0.942599797215847,5.10444803066153,6.62115739424797,8.78159580225354,FALSE,2.31697480302749,3.67714777159201,2.02799770301405,3.46385665193347,1.07691442462784,1.0615761970229
146,"growth_sd.log_growth_sd",97,7,800,"correct","robust",2.4941790960193e-09,FALSE,2.09196419998336,TRUE,4.5,6.59196419998336,0.86170214465189,5.08150790857336,6.51985415917568,8.5049021080611,FALSE,2.42771149284823,3.42339419948774,2.02799770301405,3.46385665193347,1.03154170089752,0.988318670051445
146,"growth_sd.log_growth_sd",27,7,200,"correct","full",NA,FALSE,2.5211473933825,TRUE,4.5,7.0211473933825,1.06403051620696,5.13058931708837,6.96027949950625,9.39644697011192,FALSE,2.36943147304632,4.26585765302355,2.02799770301405,3.46385665193347,1.24317073418551,1.23153411982058
146,"growth_sd.log_growth_sd",127,7,800,"biased","robust",0.000168472176153603,FALSE,2.07101943306339,TRUE,4.5,6.57101943306339,0.883291891557544,5.02033519247676,6.47915880238463,8.48543441248541,FALSE,2.3446603018301,3.46509922000865,2.02799770301405,3.46385665193347,1.02121389486063,1.00035872387343
146,"recruitment_50",37,7,800,"correct","full",NA,FALSE,0.0154514589888166,TRUE,0.019387103915861,0.0348385629046776,0.00705075598587834,0.0237410138011815,0.0340804872631636,0.0500006783261659,FALSE,2.19146131560412,0.0262596645249843,0.54395184367769,0.219738694226582,0.0284059318272522,0.119504052836078
146,"recruitment_50",57,7,200,"biased","full",NA,FALSE,0.0975127140451845,TRUE,0.019387103915861,0.116899817961045,0.035347818885543,0.0636211262790721,0.111283240790742,0.196691169772151,FALSE,2.75866282898339,0.133070043493079,0.54395184367769,0.219738694226582,0.179267181789284,0.605583117536252
146,"recruitment_50",107,7,50,"biased","robust",0.00863291666993738,FALSE,0.540764532640543,TRUE,0.019387103915861,0.560151636556404,0.0650161033624817,0.452004858254815,0.559489116798956,0.682306998555819,FALSE,8.31739376359792,0.230302140301005,0.54395184367769,0.219738694226582,0.994140453655607,1.04807276256739
146,"recruitment_50",47,7,50,"biased","full",NA,FALSE,0.194636816792174,TRUE,0.019387103915861,0.214023920708035,0.060109242632418,0.125148007582035,0.20499055518172,0.342819112039644,FALSE,3.23805139223636,0.21767110445761,0.54395184367769,0.219738694226582,0.357819941331982,0.990590688743965
146,"recruitment_50",67,7,800,"biased","full",NA,FALSE,0.0672648543645923,TRUE,0.019387103915861,0.0866519582804533,0.0134976875265729,0.0643210799530748,0.0857804358123086,0.116647473806919,FALSE,4.98343543900894,0.0523263938538445,0.54395184367769,0.219738694226582,0.123659576020206,0.238130084635382
146,"recruitment_50",87,7,200,"correct","robust",3.02982162241474e-09,FALSE,0.542025433698986,TRUE,0.019387103915861,0.561412537614847,0.0556763429248416,0.458168009654904,0.559609427717945,0.677984289376307,FALSE,9.73529160186894,0.219816279721404,0.54395184367769,0.219738694226582,0.996458491682499,1.00035308071296
146,"recruitment_50",17,7,50,"correct","full",NA,FALSE,0.265713197750439,TRUE,0.019387103915861,0.2851003016663,0.149722207349208,0.0956892359143158,0.256625086739806,0.642846081831027,FALSE,1.7747079905835,0.547156845916711,0.54395184367769,0.219738694226582,0.48848662034848,2.49003411912748
146,"recruitment_50",7,7,0,"weak","none",NA,FALSE,0.54395184367769,TRUE,0.019387103915861,0.563338947593551,0.0580821605248973,0.45962176998414,0.561277391019525,0.679360464210722,FALSE,9.36521366908385,0.219738694226582,0.54395184367769,0.219738694226582,1,1
146,"recruitment_50",117,7,200,"biased","robust",8.45645034055469e-05,FALSE,0.546675556561045,TRUE,0.019387103915861,0.566062660476906,0.0619107783834872,0.450200307350104,0.562939997263627,0.696389504316778,FALSE,8.83005465017467,0.246189196966674,0.54395184367769,0.219738694226582,1.0050072684099,1.12037253080614
146,"recruitment_50",27,7,200,"correct","full",NA,FALSE,0.0794123830011748,TRUE,0.019387103915861,0.0987994869170358,0.0385631716869471,0.0438634748902086,0.0926489626549945,0.193689265488567,FALSE,2.05928038403684,0.149825790598358,0.54395184367769,0.219738694226582,0.145991568783485,0.681836174214571
146,"recruitment_50",97,7,800,"correct","robust",2.4941790960193e-09,FALSE,0.543908621251766,TRUE,0.019387103915861,0.563295725167627,0.0596572421572142,0.454424622974272,0.559958737948584,0.690221950303501,FALSE,9.11722703872915,0.23579732732923,0.54395184367769,0.219738694226582,0.999920539977157,1.07308058855619
146,"recruitment_50",127,7,800,"biased","robust",0.000168472176153603,FALSE,0.546390674982002,TRUE,0.019387103915861,0.565777778897863,0.0607331650735221,0.452013474901739,0.561041579352759,0.702110864843283,FALSE,8.99657829985568,0.250097389941543,0.54395184367769,0.219738694226582,1.00448354267507,1.13815816928291
146,"recruitment_50",77,7,50,"correct","robust",0.00371918404007277,FALSE,0.542899824609863,TRUE,0.019387103915861,0.562286928525724,0.0634852096169028,0.451101510130273,0.558875373324097,0.705986316041814,FALSE,8.551595369787,0.254884805911541,0.54395184367769,0.219738694226582,0.998065970213991,1.1599450283832
146,"recruitment_80",107,7,50,"biased","robust",0.00863291666993738,FALSE,-0.134812548394544,TRUE,0.183939720585721,0.0491271721911773,0.05973342011603,0.0075964681698027,0.0345893593012957,0.167158207363972,FALSE,-2.25690322323208,0.15956173919417,-0.13791155753,0.144364975634,0.977529010686564,1.10526627731852
146,"recruitment_80",57,7,200,"biased","full",NA,FALSE,0.239197288035173,TRUE,0.183939720585721,0.423137008620894,0.0555990846315566,0.327523696005752,0.419557534979523,0.534025733445577,FALSE,4.30218032581441,0.206502037439826,-0.13791155753,0.144364975634,1.73442525281567,1.43041646031485
146,"recruitment_80",37,7,800,"correct","full",NA,FALSE,0.048647860848401,TRUE,0.183939720585721,0.232587581434122,0.0221473295090467,0.192391162723541,0.231346731402176,0.278196125745737,FALSE,2.19655651163402,0.0858049630221961,-0.13791155753,0.144364975634,0.352746801788665,0.594361358392996
146,"recruitment_80",47,7,50,"biased","full",NA,FALSE,0.364731324203542,TRUE,0.183939720585721,0.548671044789263,0.0546682912614993,0.45122378595528,0.544372463583725,0.664844306005992,FALSE,6.671716195754,0.213620520050712,-0.13791155753,0.144364975634,2.64467554957605,1.47972539123542
146,"recruitment_80",127,7,800,"biased","robust",0.000168472176153603,FALSE,-0.134763070447348,TRUE,0.183939720585721,0.0491766501383728,0.0527832282171782,0.00673273799273991,0.0341871273933693,0.169979935068009,FALSE,-2.55314187856911,0.163247197075269,-0.13791155753,0.144364975634,0.977170244908832,1.13079503084695
146,"recruitment_80",117,7,200,"biased","robust",8.45645034055469e-05,FALSE,-0.134842263512353,TRUE,0.183939720585721,0.0490974570733682,0.0506168515426042,0.0066881367347602,0.0336836013101002,0.168008680294654,FALSE,-2.66397967085835,0.161320543559894,-0.13791155753,0.144364975634,0.977744475716046,1.11744931796255
146,"recruitment_80",77,7,50,"correct","robust",0.00371918404007277,FALSE,-0.134566455528266,TRUE,0.183939720585721,0.0493732650574554,0.0570944202803651,0.0071402151617647,0.0347114686609765,0.193529755699638,TRUE,-2.35691079561663,0.186389540537874,-0.13791155753,0.144364975634,0.975744585431091,1.29109944929036
146,"recruitment_80",87,7,200,"correct","robust",3.02982162241474e-09,FALSE,-0.140468681455066,TRUE,0.183939720585721,0.0434710391306552,0.035469296007247,0.00809012624457475,0.032979869618349,0.138344510458657,FALSE,-3.96028952551992,0.130254384214082,-0.13791155753,0.144364975634,1.01854176670081,0.902257515315268
146,"recruitment_80",17,7,50,"correct","full",NA,FALSE,0.374076727513928,TRUE,0.183939720585721,0.558016448099649,0.0599086602214265,0.454679413635576,0.55621795125725,0.697385369782376,FALSE,6.24411773074736,0.2427059561468,-0.13791155753,0.144364975634,2.71243929235268,1.68119694601077
146,"recruitment_80",7,7,0,"weak","none",NA,FALSE,-0.13791155753,TRUE,0.183939720585721,0.0460281630557213,0.0422789444640726,0.00716627654672243,0.0354071162758827,0.151531252180723,FALSE,-3.26194419653009,0.144364975634,-0.13791155753,0.144364975634,1,1
146,"recruitment_80",97,7,800,"correct","robust",2.4941790960193e-09,FALSE,-0.137083711076355,TRUE,0.183939720585721,0.0468560095093662,0.044255311112016,0.00743448080255776,0.0343469160447224,0.164465414803638,FALSE,-3.09756518781166,0.15703093400108,-0.13791155753,0.144364975634,0.993997265577508,1.08773567350014
146,"recruitment_80",27,7,200,"correct","full",NA,FALSE,0.203636259712118,TRUE,0.183939720585721,0.387575980297839,0.0683844087372656,0.272302754220147,0.382574276315121,0.526555647141867,FALSE,2.97781707076671,0.25425289292172,-0.13791155753,0.144364975634,1.47657138646861,1.76118128240683
146,"recruitment_80",67,7,800,"biased","full",NA,FALSE,0.185703663133718,TRUE,0.183939720585721,0.369643383719439,0.0259057669129113,0.322179236521858,0.368562269200006,0.426416932276181,FALSE,7.1684294758772,0.104237695754323,-0.13791155753,0.144364975634,1.34654170005528,0.722042831348448
146,"recruitment_110",47,7,50,"biased","full",NA,FALSE,-0.286606083203013,TRUE,1.74517147873092,1.45856539552791,0.189092878670596,1.12361484764741,1.44799115288331,1.85658379617065,TRUE,-1.51568946021646,0.732968948523233,-1.73913601301803,0.0336729570211281,0.164797969254658,21.7672878584239
146,"recruitment_110",127,7,800,"biased","robust",0.000168472176153603,FALSE,-1.73741910331069,TRUE,1.74517147873092,0.00775237542023271,0.0254579454380942,9.66764572336538e-05,0.00211427852264622,0.0425918086548457,FALSE,-68.2466347308171,0.0424951321976121,-1.73913601301803,0.0336729570211281,0.999012780084772,1.26199585533722
146,"recruitment_110",57,7,200,"biased","full",NA,FALSE,-0.166919167551403,TRUE,1.74517147873092,1.57825231117952,0.135350224035777,1.32133550245959,1.57255240685668,1.84603574977322,TRUE,-1.2332389454138,0.524700247313637,-1.73913601301803,0.0336729570211281,0.0959782134933415,15.5822444397863
146,"recruitment_110",37,7,800,"correct","full",NA,FALSE,-0.172365296171843,TRUE,1.74517147873092,1.57280618255908,0.0931627964791346,1.39549346401813,1.57722804345901,1.75657054927877,TRUE,-1.85015159147189,0.361077085260636,-1.73913601301803,0.0336729570211281,0.0991097274058091,10.7230584184834
146,"recruitment_110",97,7,800,"correct","robust",2.4941790960193e-09,FALSE,-1.73879579273245,TRUE,1.74517147873092,0.00637568599846582,0.0173214962863729,0.000119123279073835,0.00207689182167189,0.0397397307513502,FALSE,-100.38369457149,0.0396206074722764,-1.73913601301803,0.0336729570211281,0.999804373963262,1.17662988276962
146,"recruitment_110",107,7,50,"biased","robust",0.00863291666993738,FALSE,-1.72791773815231,TRUE,1.74517147873092,0.0172537405786068,0.132102847386259,0.000123779533608093,0.00210608885793612,0.0409776137966787,FALSE,-13.0800945803992,0.0408538342630706,-1.73913601301803,0.0336729570211281,0.993549512642057,1.21325353866121
146,"recruitment_110",67,7,800,"biased","full",NA,FALSE,-0.154421362145891,TRUE,1.74517147873092,1.59075011658503,0.093307509881697,1.42446000099417,1.58669124561468,1.7909876439332,TRUE,-1.65497249194281,0.366527642939035,-1.73913601301803,0.0336729570211281,0.0887919984348515,10.8849259276237
146,"recruitment_110",77,7,50,"correct","robust",0.00371918404007277,FALSE,-1.7341032024782,TRUE,1.74517147873092,0.0110682762527227,0.0736829646607449,0.000112893122663171,0.00214431148124589,0.0544916308884334,FALSE,-23.5346556760094,0.0543787377657702,-1.73913601301803,0.0336729570211281,0.9971061432216,1.61490829960821
146,"recruitment_110",27,7,200,"correct","full",NA,FALSE,-0.153246763608988,TRUE,1.74517147873092,1.59192471512193,0.134151739712384,1.3353996070272,1.58493887515263,1.8706298178938,TRUE,-1.14233899565926,0.535230210866594,-1.73913601301803,0.0336729570211281,0.0881166064424422,15.8949572064836
146,"recruitment_110",87,7,200,"correct","robust",3.02982162241474e-09,FALSE,-1.74019706538085,TRUE,1.74517147873092,0.00497441335006709,0.0099749236717011,0.000141475677290758,0.0019389931957863,0.028744172614267,FALSE,-174.457181092804,0.0286026969369763,-1.73913601301803,0.0336729570211281,1.00061010315173,0.849426348836234
146,"recruitment_110",117,7,200,"biased","robust",8.45645034055469e-05,FALSE,-1.73772252113704,TRUE,1.74517147873092,0.00744895759388465,0.0230686843774772,9.65426294350481e-05,0.00204916569207127,0.0423309719439749,FALSE,-75.3282021940374,0.0422344293145398,-1.73913601301803,0.0336729570211281,0.999187244775329,1.25425365191539
146,"recruitment_110",7,7,0,"weak","none",NA,FALSE,-1.73913601301803,TRUE,1.74517147873092,0.00603546571289046,0.0171716046258161,0.000108366067211223,0.00221379176870041,0.0337813230883393,FALSE,-101.2797610308,0.0336729570211281,-1.73913601301803,0.0336729570211281,1,1
146,"recruitment_110",17,7,50,"correct","full",NA,FALSE,-0.465091396267153,TRUE,1.74517147873092,1.28008008246377,0.428216390492094,0.672592390092157,1.2014161410893,2.39318479325332,TRUE,-1.08611301807641,1.72059240316116,-1.73913601301803,0.0336729570211281,0.267426695086402,51.0971579383888
146,"recruit_mean_50",47,7,50,"biased","full",NA,FALSE,1.17061806250158,TRUE,44,45.1706180625016,1.50552756424079,42.3379495899413,45.2980996549724,48.3340654152734,TRUE,0.777546748598991,5.9961158253321,1.89680460714327,2.24589726618508,0.617152688312278,2.6698085952601
146,"recruit_mean_50",117,7,200,"biased","robust",8.45645034055469e-05,FALSE,1.93644829663842,TRUE,44,45.9364482966384,0.557637651349404,44.8463877955936,45.9288800418803,46.9741450638582,FALSE,3.4725924477167,2.1277572682646,1.89680460714327,2.24589726618508,1.02090024947528,0.94739741674776
146,"recruit_mean_50",107,7,50,"biased","robust",0.00863291666993738,FALSE,1.92063052513475,TRUE,44,45.9206305251347,0.543435429331847,44.8748839728445,45.9165409838448,46.9656690854745,FALSE,3.53423869970377,2.09078511263004,1.89680460714327,2.24589726618508,1.01256108188569,0.930935329994629
146,"recruit_mean_50",57,7,200,"biased","full",NA,FALSE,0.744307548744835,TRUE,44,44.7443075487448,1.45942092453596,41.8929965345012,44.7519139873089,47.5415478375553,TRUE,0.510001971488449,5.64855130305412,1.89680460714327,2.24589726618508,0.392400749102892,2.51505328765498
146,"recruit_mean_50",37,7,800,"correct","full",NA,FALSE,0.0592932590396771,TRUE,44,44.0592932590397,1.67872060354376,40.8939081247039,44.0122355865447,47.5534753439915,TRUE,0.0353205047430226,6.65956721928752,1.89680460714327,2.24589726618508,0.03125955030707,2.96521453565842
146,"recruit_mean_50",97,7,800,"correct","robust",2.4941790960193e-09,FALSE,1.88741099138516,TRUE,44,45.8874109913852,0.561349502665153,44.8030810061062,45.8662423843034,47.0214820702025,FALSE,3.36227427373532,2.2184010640963,1.89680460714327,2.24589726618508,0.995047662936535,0.987757141654351
146,"recruit_mean_50",77,7,50,"correct","robust",0.00371918404007277,FALSE,1.89563058473534,TRUE,44,45.8956305847353,0.558886345504443,44.7575914792314,45.8690584367994,47.0443986303302,FALSE,3.39179978180425,2.28680715109873,1.89680460714327,2.24589726618508,0.999381052532505,1.01821538568553
146,"recruit_mean_50",127,7,800,"biased","robust",0.000168472176153603,FALSE,1.93930632883695,TRUE,44,45.939306328837,0.578068949951201,44.8538316346655,45.93803026725,47.015448770793,FALSE,3.35480106482222,2.16161713612748,1.89680460714327,2.24589726618508,1.02240701099819,0.962473737634153
146,"recruit_mean_50",27,7,200,"correct","full",NA,FALSE,0.672084402332402,TRUE,44,44.6720844023324,1.51096896540265,41.6417663166993,44.6866208915403,47.7244332475941,TRUE,0.444803578181569,6.08266693089477,1.89680460714327,2.24589726618508,0.354324530740471,2.70834602387085
146,"recruit_mean_50",87,7,200,"correct","robust",3.02982162241474e-09,FALSE,1.91214922205466,TRUE,44,45.9121492220547,0.587775551592645,44.7527062420553,45.9078108064306,47.1126739140044,FALSE,3.25319625301439,2.35996767194916,1.89680460714327,2.24589726618508,1.0080897182839,1.05079057153751
146,"recruit_mean_50",7,7,0,"weak","none",NA,FALSE,1.89680460714327,TRUE,44,45.8968046071433,0.585279660362955,44.7809395245002,45.885913050674,47.0268367906853,FALSE,3.24085174251055,2.24589726618508,1.89680460714327,2.24589726618508,1,1
146,"recruit_mean_50",17,7,50,"correct","full",NA,FALSE,1.31262212250549,TRUE,44,45.3126221225055,1.62272231513518,42.1637093916653,45.406782036267,48.5184919243325,TRUE,0.808901258251414,6.35478253266719,1.89680460714327,2.24589726618508,0.692017573956869,2.82950722116579
146,"recruit_mean_50",67,7,800,"biased","full",NA,FALSE,0.647362585386588,TRUE,44,44.6473625853866,1.56201097056502,41.4865218990506,44.6698392667396,47.6333080261265,TRUE,0.414441766149965,6.14678612707588,1.89680460714327,2.24589726618508,0.341291128748135,2.73689550257876
146,"recruit_mean_80",47,7,50,"biased","full",NA,FALSE,0.912126760959246,TRUE,44.6,45.5121267609592,0.527548884965221,44.4948021162596,45.5171179558844,46.6031473690352,TRUE,1.72899002718844,2.10834525277559,3.6725627404181,15.2998302192747,0.248362472047355,0.13780187247565
146,"recruit_mean_80",97,7,800,"correct","robust",2.4941790960193e-09,FALSE,3.69729044938296,TRUE,44.6,48.297290449383,3.82411245343918,41.0507422385738,48.1834904760325,56.1071579679316,TRUE,0.966836225241713,15.0564157293578,3.6725627404181,15.2998302192747,1.00673309367672,0.984090379669032
146,"recruit_mean_80",117,7,200,"biased","robust",8.45645034055469e-05,FALSE,3.91465107524841,TRUE,44.6,48.5146510752484,3.74255641880313,40.8612648593981,48.552458814879,55.7173053047373,TRUE,1.04598318293364,14.8560404453392,3.6725627404181,15.2998302192747,1.06591809369681,0.970993810547231
146,"recruit_mean_80",37,7,800,"correct","full",NA,FALSE,0.192677862354572,TRUE,44.6,44.7926778623546,0.92722236968298,43.0190947658329,44.7668925289242,46.6381137048398,TRUE,0.207801136657702,3.61901893900689,3.6725627404181,15.2998302192747,0.0524641445152374,0.236539810386108
146,"recruit_mean_80",57,7,200,"biased","full",NA,FALSE,0.624181389102937,TRUE,44.6,45.2241813891029,0.678051502617289,43.8970780755467,45.2362892553411,46.5145167887381,TRUE,0.920551590393336,2.61743871319131,3.6725627404181,15.2998302192747,0.16995799206738,0.171076324095013
146,"recruit_mean_80",127,7,800,"biased","robust",0.000168472176153603,FALSE,3.92070287216591,TRUE,44.6,48.5207028721659,3.8836954830208,41.260677139281,48.5044110327211,56.2202221964482,TRUE,1.00952891113809,14.9595450571673,3.6725627404181,15.2998302192747,1.06756593400486,0.977758892926878
146,"recruit_mean_80",27,7,200,"correct","full",NA,FALSE,0.577569304809863,TRUE,44.6,45.1775693048099,0.741447954962652,43.6900541990434,45.1772225491233,46.6052256649386,TRUE,0.778974843674573,2.91517146589521,3.6725627404181,15.2998302192747,0.157266014397377,0.190536197076401
146,"recruit_mean_80",87,7,200,"correct","robust",3.02982162241474e-09,FALSE,3.71964165227352,TRUE,44.6,48.3196416522735,3.94877383837955,40.6479223616258,48.3381052255287,56.2637023402156,TRUE,0.941973839099364,15.6157799785898,3.6725627404181,15.2998302192747,1.01281908987893,1.02065054022084
146,"recruit_mean_80",67,7,800,"biased","full",NA,FALSE,0.559238622513249,TRUE,44.6,45.1592386225133,0.76506983063792,43.6264755663105,45.164251560268,46.62096589148,TRUE,0.730964155320243,2.99449032516956,3.6725627404181,15.2998302192747,0.152274763439326,0.195720493773656
146,"recruit_mean_80",7,7,0,"weak","none",NA,FALSE,3.6725627404181,TRUE,44.6,48.2725627404181,3.86253300222278,40.4400861029005,48.1767569873554,55.7399163221752,TRUE,0.950817180928848,15.2998302192747,3.6725627404181,15.2998302192747,1,1
146,"recruit_mean_80",17,7,50,"correct","full",NA,FALSE,0.924778917533125,TRUE,44.6,45.5247789175331,0.406782381588955,44.7779004004611,45.5224748334005,46.3156760608784,FALSE,2.27339963427323,1.53777566041736,3.6725627404181,15.2998302192747,0.251807520496667,0.100509328429022
146,"recruit_mean_80",107,7,50,"biased","robust",0.00863291666993738,FALSE,3.73723122732426,TRUE,44.6,48.3372312273243,3.55737637299383,41.7038449506182,48.1862432480682,55.1712108622957,TRUE,1.05055828663388,13.4673659116775,3.6725627404181,15.2998302192747,1.0176085451705,0.880229761942803
146,"recruit_mean_80",77,7,50,"correct","robust",0.00371918404007277,FALSE,3.73484392047253,TRUE,44.6,48.3348439204725,3.66636421737143,40.9384636861529,48.3842014857009,55.6000160898584,TRUE,1.01867782332607,14.6615524037055,3.6725627404181,15.2998302192747,1.01695850675851,0.958282032779348
146,"recruit_mean_110",117,7,200,"biased","robust",8.45645034055469e-05,FALSE,5.89285385385841,TRUE,45.2,51.0928538538584,6.97852414922064,36.8314575804037,51.0728587577839,64.735518501764,TRUE,0.844426948714726,27.9040609213602,5.4483208736931,28.4296632691684,1.0815908222865,0.981512185254118
146,"recruit_mean_110",17,7,50,"correct","full",NA,FALSE,0.53693571256084,TRUE,45.2,45.7369357125608,1.09756915675856,43.6530629276229,45.7057231083147,47.9062941060755,TRUE,0.489204447168111,4.25323117845265,5.4483208736931,28.4296632691684,0.098550677357019,0.149605401167914
146,"recruit_mean_110",37,7,800,"correct","full",NA,FALSE,0.326062465669558,TRUE,45.2,45.5260624656696,0.336555262457386,44.8696087716525,45.5263472830755,46.1706384026448,TRUE,0.968822960273407,1.30102963099225,5.4483208736931,28.4296632691684,0.0598464138270439,0.045763103793185
146,"recruit_mean_110",7,7,0,"weak","none",NA,FALSE,5.4483208736931,TRUE,45.2,50.6483208736931,7.18382878335854,36.1716215867977,50.5029452999986,64.6012848559661,TRUE,0.758414633477099,28.4296632691684,5.4483208736931,28.4296632691684,1,1
146,"recruit_mean_110",57,7,200,"biased","full",NA,FALSE,0.504055229461038,TRUE,45.2,45.704055229461,0.377247748144758,44.9533404099901,45.7096939445976,46.4807657573051,TRUE,1.33613847117683,1.52742534731506,5.4483208736931,28.4296632691684,0.0925157018366593,0.0537264663620385
146,"recruit_mean_110",127,7,800,"biased","robust",0.000168472176153603,FALSE,5.90209941549482,TRUE,45.2,51.1020994154948,7.23222925429668,37.5291688265495,50.996953757021,65.4177024047264,TRUE,0.816083009535183,27.8885335781768,5.4483208736931,28.4296632691684,1.08328777844065,0.98096601827928
146,"recruit_mean_110",97,7,800,"correct","robust",2.4941790960193e-09,FALSE,5.50716990738063,TRUE,45.2,50.7071699073806,7.13361879973231,37.3684799108215,50.4041479810696,65.4258180011748,TRUE,0.772002270094287,28.0573380903532,5.4483208736931,28.4296632691684,1.01080131568089,0.986903637398372
146,"recruit_mean_110",67,7,800,"biased","full",NA,FALSE,0.471114659639923,TRUE,45.2,45.6711146596399,0.326254428702364,45.0287249212738,45.6709855104908,46.3058882464103,TRUE,1.44401000628167,1.2771633251365,5.4483208736931,28.4296632691684,0.0864696978319821,0.0449236177384332
146,"recruit_mean_110",77,7,50,"correct","robust",0.00371918404007277,FALSE,5.57405725620968,TRUE,45.2,50.7740572562097,6.83103805869321,37.1534296004976,50.8429873775649,64.3524592981139,TRUE,0.815989781979931,27.1990296976163,5.4483208736931,28.4296632691684,1.02307800612914,0.956713044403633
146,"recruit_mean_110",47,7,50,"biased","full",NA,FALSE,0.653635459416947,TRUE,45.2,45.853635459417,0.687060025611721,44.4543090378369,45.8638636397328,47.1484038568843,TRUE,0.951351315825695,2.69409481904741,5.4483208736931,28.4296632691684,0.119970074187992,0.0947635149083571
146,"recruit_mean_110",27,7,200,"correct","full",NA,FALSE,0.48305420728731,TRUE,45.2,45.6830542072873,0.3379154576297,45.0377485192331,45.6885471684856,46.3442194791322,TRUE,1.42951201663186,1.30647095989917,5.4483208736931,28.4296632691684,0.0886611156879011,0.0459544999717255
146,"recruit_mean_110",87,7,200,"correct","robust",3.02982162241474e-09,FALSE,5.52713408249232,TRUE,45.2,50.7271340824923,7.35608930634215,36.4590879262586,50.7768801467608,65.5343021702997,TRUE,0.751368540037575,29.0752142440411,5.4483208736931,28.4296632691684,1.01446559602974,1.02270695114327
146,"recruit_mean_110",107,7,50,"biased","robust",0.00863291666993738,FALSE,5.55383192951384,TRUE,45.2,50.7538319295138,6.6421299000878,38.4523995974577,50.462148763869,63.5540863011526,TRUE,0.836152260352576,25.1016867036949,5.4483208736931,28.4296632691684,1.01936579329059,0.882939993556565
146,"recruit_sd.log_recruit_sd",117,7,200,"biased","robust",8.45645034055469e-05,FALSE,0.167516619711894,TRUE,3.5,3.66751661971189,0.236197666884586,3.23140940213894,3.646281669952,4.16422751676807,TRUE,0.709222160918921,0.932818114629123,0.170211885283605,0.890409688955631,0.984165232837762,1.04762799214734
146,"recruit_sd.log_recruit_sd",37,7,800,"correct","full",NA,FALSE,0.152758144383224,TRUE,3.5,3.65275814438322,0.282859997106926,3.14915482880329,3.63606919443371,4.22504887156952,TRUE,0.540048596286588,1.07589404276623,0.170211885283605,0.890409688955631,0.897458741666012,1.20831349446361
146,"recruit_sd.log_recruit_sd",27,7,200,"correct","full",NA,FALSE,0.159661151210355,TRUE,3.5,3.65966115121036,0.271975132276443,3.15656412634348,3.65123320206181,4.2092186895376,TRUE,0.587043197199629,1.05265456319413,0.170211885283605,0.890409688955631,0.938014116607248,1.18221373402708
146,"recruit_sd.log_recruit_sd",57,7,200,"biased","full",NA,FALSE,0.163789387018198,TRUE,3.5,3.6637893870182,0.270103404601559,3.14789237448719,3.66094001255864,4.20748902843605,TRUE,0.606395122119289,1.05959665394886,0.170211885283605,0.890409688955631,0.96226762746499,1.1900102470714
146,"recruit_sd.log_recruit_sd",97,7,800,"correct","robust",2.4941790960193e-09,FALSE,0.16296325608215,TRUE,3.5,3.66296325608215,0.217048361423632,3.26681894558991,3.65166714840576,4.09015185273357,TRUE,0.750815417417877,0.82333290714366,0.170211885283605,0.890409688955631,0.957414083103671,0.924667506829754
146,"recruit_sd.log_recruit_sd",47,7,50,"biased","full",NA,FALSE,0.203834653863595,TRUE,3.5,3.7038346538636,0.261826205069575,3.23917371349644,3.69200599986494,4.26551680904392,TRUE,0.778511279302353,1.02634309554748,0.170211885283605,0.890409688955631,1.1975347874443,1.15266388975538
146,"recruit_sd.log_recruit_sd",127,7,800,"biased","robust",0.000168472176153603,FALSE,0.163328950087232,TRUE,3.5,3.66332895008723,0.225969829885904,3.22087318966667,3.6633224127118,4.09802843900239,TRUE,0.722790959172293,0.877155249335716,0.170211885283605,0.890409688955631,0.95956254649959,0.985114223503721
146,"recruit_sd.log_recruit_sd",67,7,800,"biased","full",NA,FALSE,0.163706805096572,TRUE,3.5,3.66370680509657,0.264172846491658,3.18997134063052,3.65137340518648,4.22444401867379,TRUE,0.619695806252145,1.03447267804326,0.170211885283605,0.890409688955631,0.961782456165182,1.16179404927254
146,"recruit_sd.log_recruit_sd",7,7,0,"weak","none",NA,FALSE,0.170211885283605,TRUE,3.5,3.6702118852836,0.228234238218966,3.23660898749959,3.66859331389276,4.12701867645522,TRUE,0.745777174414583,0.890409688955631,0.170211885283605,0.890409688955631,1,1
146,"recruit_sd.log_recruit_sd",17,7,50,"correct","full",NA,FALSE,0.158417500668746,TRUE,3.5,3.65841750066875,0.270706802340515,3.14659430223499,3.64852896816245,4.20186194754464,TRUE,0.585199556490926,1.05526764530965,0.170211885283605,0.890409688955631,0.930707631871843,1.18514843043474
146,"recruit_sd.log_recruit_sd",107,7,50,"biased","robust",0.00863291666993738,FALSE,0.174700544603775,TRUE,3.5,3.67470054460378,0.224312399577933,3.2557897081864,3.66405476479294,4.13855554623893,TRUE,0.778826961561163,0.882765838052537,0.170211885283605,0.890409688955631,1.02637100994852,0.991415355203446
146,"recruit_sd.log_recruit_sd",87,7,200,"correct","robust",3.02982162241474e-09,FALSE,0.173052468025973,TRUE,3.5,3.67305246802597,0.23091833336941,3.24991186459003,3.67074095814536,4.12834672987501,TRUE,0.749409825980052,0.878434865284978,0.170211885283605,0.890409688955631,1.01668850995707,0.986551332696414
146,"recruit_sd.log_recruit_sd",77,7,50,"correct","robust",0.00371918404007277,FALSE,0.161825968440352,TRUE,3.5,3.66182596844035,0.226876832744389,3.252247027558,3.6506472716911,4.12985195227059,TRUE,0.713276743521332,0.877604924712588,0.170211885283605,0.890409688955631,0.950732483637786,0.985619244262647
146,"lambda",107,7,50,"biased","robust",0.00863291666993738,FALSE,0.0223929723367555,TRUE,1.03119869581319,1.05359166814995,0.0281561856509726,1.01268165384364,1.04936075159378,1.12529393874075,TRUE,0.795312710831695,0.112612284897111,0.0234382556951653,0.114402418215512,0.955402681325581,0.984352312247202
146,"lambda",57,7,200,"biased","full",NA,FALSE,0.0155897769043691,TRUE,1.03119869581319,1.04678847271756,0.0172045954376633,1.01336433317847,1.04703133109729,1.07933571661721,TRUE,0.906140278674666,0.065971383438743,0.0234382556951653,0.114402418215512,0.665142368405208,0.576660742559353
146,"lambda",27,7,200,"correct","full",NA,FALSE,0.0195162184656037,TRUE,1.03119869581319,1.0507149142788,0.0184205966065833,1.01691753406539,1.05028802676062,1.08932573511268,TRUE,1.05947808762225,0.0724082010472884,0.0234382556951653,0.114402418215512,0.832665140248869,0.63292544140881
146,"lambda",17,7,50,"correct","full",NA,FALSE,0.00448395396501655,TRUE,1.03119869581319,1.03568264977821,0.0498543035758326,0.994761261629751,1.02626833984643,1.11914681228046,TRUE,0.089941161412396,0.124385550650713,0.0234382556951653,0.114402418215512,0.19130920079268,1.08726329907113
146,"lambda",47,7,50,"biased","full",NA,FALSE,0.000439394522373515,TRUE,1.03119869581319,1.03163809033557,0.0177135140220138,0.999840266577144,1.03122460290407,1.06708010108042,TRUE,0.0248056101024026,0.0672398345032783,0.0234382556951653,0.114402418215512,0.0187468951652469,0.587748367142129
146,"lambda",127,7,800,"biased","robust",0.000168472176153603,FALSE,0.0240505723148516,TRUE,1.03119869581319,1.05524926812804,0.0330249196753397,1.01015125947981,1.04922726235739,1.13851269115981,TRUE,0.728255285744439,0.12836143168,0.0234382556951653,0.114402418215512,1.02612466676915,1.12201676924514
146,"lambda",37,7,800,"correct","full",NA,FALSE,0.0336938241628404,TRUE,1.03119869581319,1.06489251997603,0.0189479853173841,1.0271718624112,1.0661546447244,1.10024152561959,TRUE,1.77822726788412,0.0730696632083936,0.0234382556951653,0.114402418215512,1.43755681314589,0.638707331087567
146,"lambda",87,7,200,"correct","robust",3.02982162241474e-09,FALSE,0.0221988927685715,TRUE,1.03119869581319,1.05339758858176,0.0297640496598965,1.01328439350211,1.04877809768327,1.12215869105009,TRUE,0.745829046189297,0.108874297547973,0.0234382556951653,0.114402418215512,0.947122220069921,0.951678288328441
146,"lambda",67,7,800,"biased","full",NA,FALSE,0.0204711039688834,TRUE,1.03119869581319,1.05166979978208,0.0169842730319784,1.02048560309922,1.0519449362294,1.08346751683768,TRUE,1.20529762624163,0.0629819137384533,0.0234382556951653,0.114402418215512,0.873405608127487,0.550529566777228
146,"lambda",117,7,200,"biased","robust",8.45645034055469e-05,FALSE,0.0246878849913899,TRUE,1.03119869581319,1.05588658080458,0.0315151028712461,1.01334444347049,1.05014603534291,1.13487994889012,TRUE,0.783366790590891,0.121535505419623,0.0234382556951653,0.114402418215512,1.05331579757799,1.06235084288755
146,"lambda",7,7,0,"weak","none",NA,FALSE,0.0234382556951653,TRUE,1.03119869581319,1.05463695150836,0.0317365775216693,1.01220146506289,1.04868942343347,1.1266038832784,TRUE,0.738524993098642,0.114402418215512,0.0234382556951653,0.114402418215512,1,1
146,"lambda",77,7,50,"correct","robust",0.00371918404007277,FALSE,0.0234555052008383,TRUE,1.03119869581319,1.05465420101403,0.0324205578209055,1.01333605904394,1.04916330013181,1.14052035267079,TRUE,0.723476299526025,0.127184293626851,0.0234382556951653,0.114402418215512,1.00073595517931,1.11172731844933
146,"lambda",97,7,800,"correct","robust",2.4941790960193e-09,FALSE,0.0242234666766257,TRUE,1.03119869581319,1.05542216248982,0.033890859501651,1.01395939729867,1.04960002509592,1.13764456121761,TRUE,0.714749257847699,0.123685163918941,0.0234382556951653,0.114402418215512,1.03350125502822,1.08114116684091
170,"survival_50",88,8,200,"correct","robust",0.961991216791986,FALSE,0.00427353035952077,TRUE,0.354343693774205,0.358617224133725,0.0239374380507048,0.31247806917449,0.358050754557862,0.403433816561448,TRUE,0.178529145452763,0.0909557473869576,0.00086797225982066,0.0889609568923921,4.92357942453572,1.0224232131066
170,"survival_50",108,8,50,"biased","robust",0.974428609306523,FALSE,-0.00297341407201901,TRUE,0.354343693774205,0.351370279702186,0.0224517462749172,0.311341091925569,0.350673863798317,0.399410016953097,TRUE,-0.132435759589038,0.0880689250275283,0.00086797225982066,0.0889609568923921,3.42570172995319,0.989972771246797
170,"survival_50",118,8,200,"biased","robust",0.164397481441864,FALSE,0.0015101139332101,TRUE,0.354343693774205,0.355853807707415,0.0231143735783242,0.31188285172459,0.355731709324533,0.398662613219175,TRUE,0.065332245673585,0.0867797614945852,0.00086797225982066,0.0889609568923921,1.73981819824763,0.97548143057358
170,"survival_50",18,8,50,"correct","full",NA,FALSE,-0.00385589590176411,TRUE,0.354343693774205,0.35048779787244,0.0225791881785708,0.308249373958602,0.349962362181251,0.397589840830696,TRUE,-0.170772123039553,0.0893404668720936,0.00086797225982066,0.0889609568923921,4.44241835857843,1.00426602852486
170,"survival_50",48,8,50,"biased","full",NA,FALSE,-0.00214806318547761,TRUE,0.354343693774205,0.352195630588727,0.0220767667338817,0.308546307416556,0.351923616833578,0.394237829439176,TRUE,-0.0972997183587094,0.0856915220226199,0.00086797225982066,0.0889609568923921,2.47480626387927,0.963248654421209
170,"survival_50",128,8,800,"biased","robust",0.950818418458525,FALSE,0.000779160707661541,TRUE,0.354343693774205,0.355122854481866,0.021472018527877,0.315741369482893,0.354323523134401,0.398705240750717,TRUE,0.0362872594698055,0.0829638712678239,0.00086797225982066,0.0889609568923921,0.897679273554816,0.932587442468472
170,"survival_50",38,8,800,"correct","full",NA,FALSE,0.0064083934542099,TRUE,0.354343693774205,0.360752087228414,0.0230304789324395,0.317188585245019,0.361308347383194,0.404136578137655,TRUE,0.278257064171748,0.0869479928926354,0.00086797225982066,0.0889609568923921,7.38317772452083,0.97737250058819
170,"survival_50",98,8,800,"correct","robust",0.987799497415966,FALSE,0.00580987827368612,TRUE,0.354343693774205,0.360153572047891,0.0223166775346476,0.319285111787301,0.36010544128378,0.407876137445657,TRUE,0.260337958670866,0.0885910256583557,0.00086797225982066,0.0889609568923921,6.69362206908151,0.995841645065893
170,"survival_50",78,8,50,"correct","robust",0.949796708946829,FALSE,-0.0051089971143965,TRUE,0.354343693774205,0.349234696659808,0.0227152930936305,0.306202548904603,0.348593485504719,0.393309045542091,TRUE,-0.224914426300275,0.087106496637488,0.00086797225982066,0.0889609568923921,5.88612948926745,0.979154223159411
170,"survival_50",58,8,200,"biased","full",NA,FALSE,-0.000810755189645296,TRUE,0.354343693774205,0.353532938584559,0.019378658384878,0.317480693002437,0.353057181340334,0.392614295692659,TRUE,-0.041837529386346,0.0751336026902225,0.00086797225982066,0.0889609568923921,0.934079609655744,0.84456828382708
170,"survival_50",8,8,0,"weak","none",NA,FALSE,0.00086797225982066,TRUE,0.354343693774205,0.355211666034025,0.0238400419331987,0.310987005548347,0.355315750323101,0.399947962440739,TRUE,0.0364081683351386,0.0889609568923921,0.00086797225982066,0.0889609568923921,1,1
170,"survival_50",68,8,800,"biased","full",NA,FALSE,-0.000394253880911022,TRUE,0.354343693774205,0.353949439893294,0.0212711158129321,0.310874953776973,0.353699859719244,0.394909290966307,TRUE,-0.0185347061422762,0.0840343371893346,0.00086797225982066,0.0889609568923921,0.454224056644947,0.944620428161348
170,"survival_50",28,8,200,"correct","full",NA,FALSE,0.00390928516286176,TRUE,0.354343693774205,0.358252978937066,0.0237571739875914,0.314958748709021,0.356431829166581,0.404414051248618,TRUE,0.164551775598546,0.0894553025395975,0.00086797225982066,0.0889609568923921,4.5039286896905,1.00555688320443
170,"survival_80",88,8,200,"correct","robust",0.961991216791986,FALSE,0.00205030416288587,TRUE,0.589040434058665,0.591090738221551,0.0266757076411557,0.539669863492072,0.591796065499727,0.641547052679913,TRUE,0.076860347641636,0.101877189187841,-0.003905225171842,0.0971229990176012,0.52501560669773,1.04895019942061
170,"survival_80",18,8,50,"correct","full",NA,FALSE,-0.00450737340520702,TRUE,0.589040434058665,0.584533060653458,0.0248847606775278,0.535291332851263,0.584365728413491,0.633523768679465,TRUE,-0.181129867536858,0.0982324358282018,-0.003905225171842,0.0971229990176012,1.15419040051947,1.01142300816308
170,"survival_80",108,8,50,"biased","robust",0.974428609306523,FALSE,-0.005082674655421,TRUE,0.589040434058665,0.583957759403244,0.0240365150770767,0.535059116230655,0.584754550381589,0.628560731949072,TRUE,-0.211456387879967,0.0935016157184172,-0.003905225171842,0.0971229990176012,1.30150616975144,0.962713432082881
170,"survival_80",98,8,800,"correct","robust",0.987799497415966,FALSE,0.00189660335899311,TRUE,0.589040434058665,0.590937037417658,0.0239874642532735,0.541650181017245,0.591191482055605,0.636166839326873,TRUE,0.0790664381598519,0.0945166583096284,-0.003905225171842,0.0971229990176012,0.485657875163836,0.973164536367946
170,"survival_80",128,8,800,"biased","robust",0.950818418458525,FALSE,0.00339134830187993,TRUE,0.589040434058665,0.592431782360545,0.0250022960379987,0.543056265450721,0.592292754815452,0.643287199004278,TRUE,0.135641474556006,0.100230933553557,-0.003905225171842,0.0971229990176012,0.868412998649272,1.03199998524955
170,"survival_80",48,8,50,"biased","full",NA,FALSE,-0.00359463289788775,TRUE,0.589040434058665,0.585445801160777,0.0256219069614455,0.533241791901898,0.586282671414073,0.633608491015969,TRUE,-0.140295291185655,0.10036669911407,-0.003905225171842,0.0971229990176012,0.92046751204163,1.0333978576576
170,"survival_80",38,8,800,"correct","full",NA,FALSE,0.000896581932163354,TRUE,0.589040434058665,0.589937015990828,0.026639511188108,0.53176815219041,0.590811582163135,0.64078888904412,TRUE,0.0336560954828478,0.109020736853711,-0.003905225171842,0.0971229990176012,0.229585207692508,1.12250175505756
170,"survival_80",58,8,200,"biased","full",NA,FALSE,0.00280454453431034,TRUE,0.589040434058665,0.591844978592975,0.0165631098613896,0.558706922664024,0.59148482660455,0.624617352539866,TRUE,0.169324755905172,0.0659104298758414,-0.003905225171842,0.0971229990176012,0.718151812226362,0.678628445811241
170,"survival_80",78,8,50,"correct","robust",0.949796708946829,FALSE,-0.00507547079743009,TRUE,0.589040434058665,0.583964963261235,0.0257365967186763,0.533775554521015,0.583297175113905,0.634341678852818,TRUE,-0.197208312074415,0.100566124331803,-0.003905225171842,0.0971229990176012,1.29966149814509,1.03545118405557
170,"survival_80",118,8,200,"biased","robust",0.164397481441864,FALSE,-0.00159061423574502,TRUE,0.589040434058665,0.58744981982292,0.022938168746714,0.542192164392964,0.586703714699744,0.63268804410882,TRUE,-0.0693435580367717,0.0904958797158562,-0.003905225171842,0.0971229990176012,0.407304103029422,0.931765705664175
170,"survival_80",28,8,200,"correct","full",NA,FALSE,0.000672944968144185,TRUE,0.589040434058665,0.589713379026809,0.0250675251146078,0.541376730061669,0.589528963186952,0.640026110008075,TRUE,0.026845289475826,0.0986493799464055,-0.003905225171842,0.0971229990176012,0.172319120801624,1.01571595754089
170,"survival_80",8,8,0,"weak","none",NA,FALSE,-0.003905225171842,TRUE,0.589040434058665,0.585135208886823,0.0246515246756889,0.536902248900754,0.584871637847296,0.634025247918355,TRUE,-0.158417186085585,0.0971229990176012,-0.003905225171842,0.0971229990176012,1,1
170,"survival_80",68,8,800,"biased","full",NA,FALSE,0.00272042339718304,TRUE,0.589040434058665,0.591760857455848,0.0243184498105211,0.544454444423805,0.591383669870914,0.637644858660474,TRUE,0.111866645217084,0.0931904142366691,-0.003905225171842,0.0971229990176012,0.69661114979956,0.959509232409313
170,"survival_110",18,8,50,"correct","full",NA,FALSE,-0.0046906198737996,TRUE,0.789181706522253,0.784491086648453,0.0334294143877133,0.710567377691845,0.787753470390559,0.841104328399708,TRUE,-0.14031415026892,0.130536950707863,-0.00720352021114634,0.119114276161293,0.651156620139912,1.09589677169428
170,"survival_110",38,8,800,"correct","full",NA,FALSE,-0.00494784767904388,TRUE,0.789181706522253,0.784233858843209,0.0358846556188185,0.706339400199112,0.786759320549431,0.845675847315936,TRUE,-0.137881988658382,0.139336447116825,-0.00720352021114634,0.119114276161293,0.686865245604204,1.16977117779022
170,"survival_110",108,8,50,"biased","robust",0.974428609306523,FALSE,-0.00618673162071348,TRUE,0.789181706522253,0.782994974901539,0.0333992470469062,0.713401780144244,0.785410461719246,0.840749925579873,TRUE,-0.185235661511314,0.127348145435629,-0.00720352021114634,0.119114276161293,0.858848374040856,1.06912579700511
170,"survival_110",28,8,200,"correct","full",NA,FALSE,-0.00318695814698045,TRUE,0.789181706522253,0.785994748375272,0.0330361101079093,0.713891003381629,0.788547339104376,0.847632217578278,TRUE,-0.096468928592699,0.133741214196649,-0.00720352021114634,0.119114276161293,0.442416770351962,1.12279752273816
170,"survival_110",8,8,0,"weak","none",NA,FALSE,-0.00720352021114634,TRUE,0.789181706522253,0.781978186311106,0.0319988692545746,0.721016211715365,0.78407483002862,0.840130487876658,TRUE,-0.225117961320353,0.119114276161293,-0.00720352021114634,0.119114276161293,1,1
170,"survival_110",128,8,800,"biased","robust",0.950818418458525,FALSE,0.002710239228222,TRUE,0.789181706522253,0.791891945750475,0.0326145876834763,0.720608901880794,0.793070022943125,0.855327111449343,TRUE,0.083098987929107,0.134718209568549,-0.00720352021114634,0.119114276161293,0.376238165338708,1.13099969130591
170,"survival_110",48,8,50,"biased","full",NA,FALSE,-0.00475067235236382,TRUE,0.789181706522253,0.784431034169889,0.0337744687870518,0.713478968817238,0.787200422793089,0.847579930451594,TRUE,-0.140658684591513,0.134100961634356,-0.00720352021114634,0.119114276161293,0.659493166273467,1.12581771015231
170,"survival_110",118,8,200,"biased","robust",0.164397481441864,FALSE,-0.00443598590918792,TRUE,0.789181706522253,0.784745720613065,0.0311649025869273,0.723252965261056,0.785399579384245,0.843568381811178,TRUE,-0.142339155298649,0.120315416550122,-0.00720352021114634,0.119114276161293,0.615808074269566,1.01008393307283
170,"survival_110",68,8,800,"biased","full",NA,FALSE,0.00264727280556043,TRUE,0.789181706522253,0.791828979327813,0.0325549352277128,0.72683131499233,0.794034087230781,0.846100650463136,TRUE,0.0813170963801182,0.119269335470806,-0.00720352021114634,0.119114276161293,0.367497102522761,1.00130176931356
170,"survival_110",78,8,50,"correct","robust",0.949796708946829,FALSE,-0.00465809095374248,TRUE,0.789181706522253,0.78452361556851,0.0340966803674114,0.718167700972162,0.785610067210569,0.848294399134661,TRUE,-0.136614207117786,0.130126698162499,-0.00720352021114634,0.119114276161293,0.646640922383309,1.09245257878488
170,"survival_110",88,8,200,"correct","robust",0.961991216791986,FALSE,-0.00170435638260258,TRUE,0.789181706522253,0.78747735013965,0.0344676121600266,0.715494003675224,0.790403880733618,0.84971796450855,TRUE,-0.0494480550230626,0.134223960833326,-0.00720352021114634,0.119114276161293,0.236600485963147,1.12685032524206
170,"survival_110",98,8,800,"correct","robust",0.987799497415966,FALSE,-0.00287916954153711,TRUE,0.789181706522253,0.786302536980716,0.032410251610685,0.717278342902082,0.787564651724249,0.844612432813367,TRUE,-0.0888351493262676,0.127334089911285,-0.00720352021114634,0.119114276161293,0.399689243195575,1.06900779667134
170,"survival_110",58,8,200,"biased","full",NA,FALSE,0.00373671914992846,TRUE,0.789181706522253,0.792918425672181,0.0235196973874256,0.744512031382658,0.793529248853862,0.836643231525641,TRUE,0.158876157646749,0.0921312001429827,-0.00720352021114634,0.119114276161293,0.518735151759061,0.77346900062783
170,"growth_increment_50",88,8,200,"correct","robust",0.961991216791986,FALSE,-0.378353210780565,TRUE,12,11.6216467892194,1.3235692094259,8.92705163820067,11.6458203382974,14.1214907455862,TRUE,-0.285858274796734,5.19443910738556,-0.260115354726164,4.88602537739154,1.45455930957585,1.06312159806232
170,"growth_increment_50",118,8,200,"biased","robust",0.164397481441864,FALSE,-0.314750005626406,TRUE,12,11.6852499943736,1.13082735147466,9.24253573592553,11.7431061611995,13.9060718499806,TRUE,-0.27833603884444,4.66353611405511,-0.260115354726164,4.88602537739154,1.21004008378421,0.954464161327134
170,"growth_increment_50",108,8,50,"biased","robust",0.974428609306523,FALSE,-0.148587878875167,TRUE,12,11.8514121211248,1.21683441561249,9.36661056954372,11.8555932161325,14.0692257657364,TRUE,-0.122110187687596,4.70261519619272,-0.260115354726164,4.88602537739154,0.571238399330916,0.962462294598899
170,"growth_increment_50",8,8,0,"weak","none",NA,FALSE,-0.260115354726164,TRUE,12,11.7398846452738,1.21761552123911,9.2680138986802,11.7557369891366,14.1540392760717,TRUE,-0.213626838841095,4.88602537739154,-0.260115354726164,4.88602537739154,1,1
170,"growth_increment_50",38,8,800,"correct","full",NA,FALSE,-0.370316543430302,TRUE,12,11.6296834565697,1.34178465086531,9.05829442979323,11.6169492872361,14.1510231365487,TRUE,-0.275988060521848,5.09272870675543,-0.260115354726164,4.88602537739154,1.42366275847173,1.04230500527491
170,"growth_increment_50",98,8,800,"correct","robust",0.987799497415966,FALSE,-0.380967431995126,TRUE,12,11.6190325680049,1.27754564726609,9.2221115438611,11.6387634773905,14.1709775074987,TRUE,-0.298202598717615,4.94886596363757,-0.260115354726164,4.88602537739154,1.46460954754551,1.01286128936964
170,"growth_increment_50",128,8,800,"biased","robust",0.950818418458525,FALSE,-0.216599265360504,TRUE,12,11.7834007346395,1.29860404420341,9.2967691854863,11.7853747061964,14.3438666527157,TRUE,-0.166793924851336,5.04709746722941,-0.260115354726164,4.88602537739154,0.832704649783279,1.03296587254401
170,"growth_increment_50",28,8,200,"correct","full",NA,FALSE,-0.296208304541121,TRUE,12,11.7037916954589,1.29454038199009,9.25483372797846,11.718453797322,14.2353800448217,TRUE,-0.228813491384302,4.9805463168432,-0.260115354726164,4.88602537739154,1.13875747494012,1.01934515933729
170,"growth_increment_50",68,8,800,"biased","full",NA,FALSE,-0.181780534651267,TRUE,12,11.8182194653487,1.23411106081458,9.40223410969032,11.8035364627918,14.1341185315412,TRUE,-0.147296738861802,4.73188442185084,-0.260115354726164,4.88602537739154,0.698845844154938,0.968452690349515
170,"growth_increment_50",18,8,50,"correct","full",NA,FALSE,-0.11394363505045,TRUE,12,11.8860563649495,1.27387333631048,9.44390746731828,11.8858746576978,14.2776482790645,TRUE,-0.0894465970851271,4.83374081174626,-0.260115354726164,4.88602537739154,0.438050399486814,0.989299162078197
170,"growth_increment_50",78,8,50,"correct","robust",0.949796708946829,FALSE,-0.106857008146068,TRUE,12,11.8931429918539,1.29467628692293,9.25323197908995,11.9008201246707,14.4223323861796,TRUE,-0.0825356957761517,5.16910040708965,-0.260115354726164,4.88602537739154,0.410806229638239,1.05793564458505
170,"growth_increment_50",58,8,200,"biased","full",NA,FALSE,-0.164676049258235,TRUE,12,11.8353239507418,0.271414795900408,11.2940419495,11.8341843633539,12.3523603329219,TRUE,-0.606732026940273,1.05831838342193,-0.260115354726164,4.88602537739154,0.633088536551783,0.216601081999889
170,"growth_increment_50",48,8,50,"biased","full",NA,FALSE,-0.215322147863924,TRUE,12,11.7846778521361,1.2580345189333,9.47357594583485,11.7251832668578,14.2231348172978,TRUE,-0.171157583216793,4.74955887146295,-0.260115354726164,4.88602537739154,0.827794837758057,0.972070037425503
170,"growth_increment_80",68,8,800,"biased","full",NA,FALSE,-0.297178064320798,TRUE,8.4,8.1028219356792,0.893017412115556,6.3416992008757,8.14576423950671,9.75571401659682,TRUE,-0.33277969756131,3.41401481572112,-0.562568712523242,3.44092500377984,0.528252029850524,0.992179373851755
170,"growth_increment_80",18,8,50,"correct","full",NA,FALSE,-0.387475593232464,TRUE,8.4,8.01252440676754,0.913448815171532,6.23062395478403,8.034099397013,9.77399676339566,TRUE,-0.424189715720089,3.54337280861163,-0.562568712523242,3.44092500377984,0.688761363024532,1.0297733326705
170,"growth_increment_80",78,8,50,"correct","robust",0.949796708946829,FALSE,-0.394358698507151,TRUE,8.4,8.00564130149285,0.916351005731288,6.16023580457231,8.01607159824056,9.78958460890661,TRUE,-0.430357686127529,3.6293488043343,-0.562568712523242,3.44092500377984,0.700996500033511,1.05475963595472
170,"growth_increment_80",88,8,200,"correct","robust",0.961991216791986,FALSE,-0.509735124676178,TRUE,8.4,7.89026487532382,0.931314887778643,6.05899839999321,7.8818697132764,9.68408398092194,TRUE,-0.547328439999482,3.62508558092873,-0.562568712523242,3.44092500377984,0.906085093836637,1.05352065998143
170,"growth_increment_80",28,8,200,"correct","full",NA,FALSE,-0.429775101565925,TRUE,8.4,7.97022489843408,0.915637169830285,6.19307466877506,7.94278236898142,9.72589782386942,TRUE,-0.469372711950504,3.53282315509436,-0.562568712523242,3.44092500377984,0.763951304078556,1.02670739734623
170,"growth_increment_80",118,8,200,"biased","robust",0.164397481441864,FALSE,-0.559012953612795,TRUE,8.4,7.8409870463872,0.80721343716937,6.05411392375719,7.94412458108357,9.4215598319561,TRUE,-0.69252186332907,3.36744590819891,-0.562568712523242,3.44092500377984,0.993679422919738,0.978645539934695
170,"growth_increment_80",98,8,800,"correct","robust",0.987799497415966,FALSE,-0.468845784587806,TRUE,8.4,7.93115421541219,0.900707947950817,6.17424104093,7.93759674068145,9.70962247865662,TRUE,-0.520530306915208,3.53538143772662,-0.562568712523242,3.44092500377984,0.833401812349165,1.02745088423695
170,"growth_increment_80",108,8,50,"biased","robust",0.974428609306523,FALSE,-0.436395272714305,TRUE,8.4,7.9636047272857,0.877096288205635,6.16793278855631,7.98536864319336,9.5654986120993,TRUE,-0.497545456049167,3.397565823543,-0.562568712523242,3.44092500377984,0.775719059734015,0.987398975511175
170,"growth_increment_80",128,8,800,"biased","robust",0.950818418458525,FALSE,-0.327439292918477,TRUE,8.4,8.07256070708152,0.934127542689657,6.22171247925552,8.06421577059148,9.87338057246028,TRUE,-0.350529534731063,3.65166809320476,-0.562568712523242,3.44092500377984,0.582043198687395,1.06124605714842
170,"growth_increment_80",48,8,50,"biased","full",NA,FALSE,-0.491593167430697,TRUE,8.4,7.9084068325693,0.910987514042774,6.2117708273381,7.8660449627454,9.63989318528806,TRUE,-0.539626679677648,3.42812235794997,-0.562568712523242,3.44092500377984,0.873836664726333,0.996279301113565
170,"growth_increment_80",8,8,0,"weak","none",NA,FALSE,-0.562568712523242,TRUE,8.4,7.83743128747676,0.864024552351842,6.05248425817181,7.84603995205159,9.49340926195165,TRUE,-0.651102692616721,3.44092500377984,-0.562568712523242,3.44092500377984,1,1
170,"growth_increment_80",38,8,800,"correct","full",NA,FALSE,-0.455330076724384,TRUE,8.4,7.94466992327562,0.953608379538477,6.1268512763638,7.95897479711299,9.81697283091978,TRUE,-0.477481203494408,3.69012155455597,-0.562568712523242,3.44092500377984,0.809376822045667,1.07242138393089
170,"growth_increment_80",58,8,200,"biased","full",NA,FALSE,-0.302705357430344,TRUE,8.4,8.09729464256966,0.172767400569413,7.75231631724629,8.09249331149464,8.41556025499393,TRUE,-1.75209765518655,0.663243937747644,-0.562568712523242,3.44092500377984,0.538077128521147,0.192751640044196
170,"growth_increment_110",128,8,800,"biased","robust",0.950818418458525,FALSE,-0.438279320476457,TRUE,4.8,4.36172067952354,0.759660747780674,2.84215998445656,4.36866386478862,5.73712112419268,TRUE,-0.576940853870463,2.89496113973613,-0.865022070320313,2.78723289097701,0.506668367795707,1.03865060903517
170,"growth_increment_110",108,8,50,"biased","robust",0.974428609306523,FALSE,-0.724202666553457,TRUE,4.8,4.07579733344654,0.744557663113106,2.57679297296087,4.09811014288034,5.51953687298589,TRUE,-0.972661625058639,2.94274390002502,-0.865022070320313,2.78723289097701,0.837207155055926,1.05579404919891
170,"growth_increment_110",68,8,800,"biased","full",NA,FALSE,-0.412575593990315,TRUE,4.8,4.38742440600969,0.736529000098572,2.91571228898903,4.39627787884163,5.75266208276688,TRUE,-0.560162049199826,2.83694979377785,-0.865022070320313,2.78723289097701,0.476953835221268,1.01783736944328
170,"growth_increment_110",18,8,50,"correct","full",NA,FALSE,-0.661007551414496,TRUE,4.8,4.1389924485855,0.760736576366939,2.66933637646096,4.13441093658072,5.59860118498514,TRUE,-0.868904653659851,2.92926480852418,-0.865022070320313,2.78723289097701,0.76415108249172,1.05095803727308
170,"growth_increment_110",78,8,50,"correct","robust",0.949796708946829,FALSE,-0.681860388868237,TRUE,4.8,4.11813961113176,0.764634809286044,2.58125715942859,4.13120242036724,5.6294209439141,TRUE,-0.891746465878142,3.04816378448551,-0.865022070320313,2.78723289097701,0.788257793949404,1.09361646612064
170,"growth_increment_110",48,8,50,"biased","full",NA,FALSE,-0.767864186997469,TRUE,4.8,4.03213581300253,0.775436954607286,2.49084155260194,4.03750544816476,5.52691315355382,TRUE,-0.990234193038103,3.03607160095189,-0.865022070320313,2.78723289097701,0.887681613387197,1.0892780473352
170,"growth_increment_110",8,8,0,"weak","none",NA,FALSE,-0.865022070320313,TRUE,4.8,3.93497792967969,0.730923297254636,2.49660397540697,3.97310788988633,5.28383686638399,TRUE,-1.18346490468884,2.78723289097701,-0.865022070320313,2.78723289097701,1,1
170,"growth_increment_110",28,8,200,"correct","full",NA,FALSE,-0.563341898590711,TRUE,4.8,4.23665810140929,0.749586230691208,2.76650450548072,4.23514168042672,5.71883113545341,TRUE,-0.7515371487964,2.95232662997269,-0.865022070320313,2.78723289097701,0.65124569409207,1.05923212930291
170,"growth_increment_110",98,8,800,"correct","robust",0.987799497415966,FALSE,-0.556724137180481,TRUE,4.8,4.24327586281952,0.720342643905064,2.80933855185626,4.23629507555583,5.67291921775483,TRUE,-0.772860168547586,2.86358066589857,-0.865022070320313,2.78723289097701,0.643595298064856,1.02739196109831
170,"growth_increment_110",118,8,200,"biased","robust",0.164397481441864,FALSE,-0.803275901599167,TRUE,4.8,3.99672409840083,0.681192076496328,2.55347025736592,4.10488402296049,5.3255414883732,TRUE,-1.17922085314141,2.77207123100728,-0.865022070320313,2.78723289097701,0.9286189672614,0.994560318221411
170,"growth_increment_110",88,8,200,"correct","robust",0.961991216791986,FALSE,-0.641117038571824,TRUE,4.8,4.15888296142818,0.742819290981163,2.74136416800014,4.18116520732523,5.60516346476672,TRUE,-0.863086145386714,2.86379929676658,-0.865022070320313,2.78723289097701,0.7411568566504,1.02747040121313
170,"growth_increment_110",38,8,800,"correct","full",NA,FALSE,-0.540343610018484,TRUE,4.8,4.25965638998152,0.757080165200669,2.8028309190969,4.25535531411852,5.75143125219257,TRUE,-0.713720468261459,2.94860033309567,-0.865022070320313,2.78723289097701,0.624658755606544,1.05789521307712
170,"growth_increment_110",58,8,200,"biased","full",NA,FALSE,-0.440734665602422,TRUE,4.8,4.35926533439758,0.142734493600716,4.08683012564882,4.36057233687254,4.634177063542,FALSE,-3.08779366839896,0.547346937893188,-0.865022070320313,2.78723289097701,0.509506844651051,0.196376463432636
170,"growth_sd.log_growth_sd",68,8,800,"biased","full",NA,FALSE,0.899494724362071,TRUE,4.5,5.39949472436207,0.910034241150903,3.84257027107598,5.33831606563649,7.33775223584224,TRUE,0.988418549201508,3.49518196476627,0.761364187458542,3.39280908028292,1.18142505147847,1.03017348812177
170,"growth_sd.log_growth_sd",128,8,800,"biased","robust",0.950818418458525,FALSE,0.893947692965111,TRUE,4.5,5.39394769296511,0.882066372813661,3.8810775363887,5.31268178692694,7.39307010093787,TRUE,1.01346987088234,3.51199256454917,0.761364187458542,3.39280908028292,1.17413940357391,1.03512826140406
170,"growth_sd.log_growth_sd",88,8,200,"correct","robust",0.961991216791986,FALSE,0.929481753032618,TRUE,4.5,5.42948175303262,0.913477079647802,3.78701909920531,5.33540075714973,7.45060416837611,TRUE,1.0175206075132,3.6635850691708,0.761364187458542,3.39280908028292,1.22081097107451,1.07980879043901
170,"growth_sd.log_growth_sd",8,8,0,"weak","none",NA,FALSE,0.761364187458542,TRUE,4.5,5.26136418745854,0.858667241223259,3.86423909760026,5.18624485063764,7.25704817788318,TRUE,0.886681302030227,3.39280908028292,0.761364187458542,3.39280908028292,1,1
170,"growth_sd.log_growth_sd",18,8,50,"correct","full",NA,FALSE,0.842855428482122,TRUE,4.5,5.34285542848212,0.881896374661265,3.83947956312274,5.29371822773451,7.18943596383044,TRUE,0.955730687526481,3.3499564007077,0.761364187458542,3.39280908028292,1.10703319431874,0.987369557625787
170,"growth_sd.log_growth_sd",48,8,50,"biased","full",NA,FALSE,0.822679738810823,TRUE,4.5,5.32267973881082,0.865608689246082,3.87108043375648,5.23696726836762,7.1710281974375,TRUE,0.950406054180615,3.29994776368102,0.761364187458542,3.39280908028292,1.08053380020008,0.972629961072211
170,"growth_sd.log_growth_sd",58,8,200,"biased","full",NA,FALSE,0.92436101460616,TRUE,4.5,5.42436101460616,0.823574221871062,3.98885005112471,5.34237431352679,7.28340630541472,TRUE,1.12237730377976,3.29455625429002,0.761364187458542,3.39280908028292,1.21408522994982,0.97104086210925
170,"growth_sd.log_growth_sd",78,8,50,"correct","robust",0.949796708946829,FALSE,0.831555531380869,TRUE,4.5,5.33155553138087,0.838616758013924,3.82574150330904,5.27526993822437,7.13234419335755,TRUE,0.991579912319212,3.30660269004852,0.761364187458542,3.39280908028292,1.09219154916733,0.974591440840162
170,"growth_sd.log_growth_sd",28,8,200,"correct","full",NA,FALSE,0.853768220300548,TRUE,4.5,5.35376822030055,0.890741150496271,3.76285973183519,5.31804103549821,7.23621801103848,TRUE,0.958491947772791,3.47335827920329,0.761364187458542,3.39280908028292,1.12136640304879,1.02374115283659
170,"growth_sd.log_growth_sd",98,8,800,"correct","robust",0.987799497415966,FALSE,0.917281636653417,TRUE,4.5,5.41728163665342,0.886292558891401,4.06269475707018,5.31885927389447,7.39490524597974,TRUE,1.0349648402789,3.33221048890957,0.761364187458542,3.39280908028292,1.20478694921984,0.982139109528585
170,"growth_sd.log_growth_sd",118,8,200,"biased","robust",0.164397481441864,FALSE,0.777671127222228,TRUE,4.5,5.27767112722223,0.810609750031535,3.88709773543419,5.22392361131243,7.06841342383933,TRUE,0.95936562222694,3.18131568840514,0.761364187458542,3.39280908028292,1.02141805463443,0.937664222514949
170,"growth_sd.log_growth_sd",38,8,800,"correct","full",NA,FALSE,0.915384951698433,TRUE,4.5,5.41538495169843,0.920371969430833,3.8597240132862,5.33572425942366,7.44238953804572,TRUE,0.99458151932258,3.58266552475952,0.761364187458542,3.39280908028292,1.20229578272392,1.05595848159566
170,"growth_sd.log_growth_sd",108,8,50,"biased","robust",0.974428609306523,FALSE,0.811578657805915,TRUE,4.5,5.31157865780591,0.842633263336554,3.83342019815448,5.2550147490691,7.10186007232646,TRUE,0.96314576354644,3.26843987417198,0.761364187458542,3.39280908028292,1.06595328644888,0.963343293663736
170,"recruitment_50",48,8,50,"biased","full",NA,FALSE,-0.00398014713926532,TRUE,0.019387103915861,0.0154069567765957,0.0080554491590119,0.00513854138881594,0.013643235936512,0.0354569581645549,TRUE,-0.494093756995859,0.030318416775739,-0.00919536826750684,0.0339431707862272,0.43284260330603,0.893211095883858
170,"recruitment_50",68,8,800,"biased","full",NA,FALSE,0.0143280497643972,TRUE,0.019387103915861,0.0337151536802582,0.00567194686046153,0.0242208421088329,0.0331144499963033,0.0457594278709206,FALSE,2.52612552918581,0.0215385857620877,-0.00919536826750684,0.0339431707862272,1.55818117856437,0.63454843089754
170,"recruitment_50",128,8,800,"biased","robust",0.950818418458525,FALSE,0.0132244609500688,TRUE,0.019387103915861,0.0326115648659298,0.00785142383397372,0.00951754582578819,0.0328850977896828,0.0464689510098183,TRUE,1.68433920136186,0.0369514051840301,-0.00919536826750684,0.0339431707862272,1.43816545083891,1.08862561534833
170,"recruitment_50",118,8,200,"biased","robust",0.164397481441864,FALSE,-0.00440137032167106,TRUE,0.019387103915861,0.0149857335941899,0.0144369805560413,0.00149869935774065,0.00895300912033068,0.0533048461157654,TRUE,-0.304867787594912,0.0518061467580248,-0.00919536826750684,0.0339431707862272,0.478650793924583,1.52626126428488
170,"recruitment_50",78,8,50,"correct","robust",0.949796708946829,FALSE,0.00194728564584802,TRUE,0.019387103915861,0.021334389561709,0.0107537063361696,0.00618047541315053,0.0189845045351064,0.0485106911875591,TRUE,0.181080418692337,0.0423302157744085,-0.00919536826750684,0.0339431707862272,0.211768097720353,1.24709079304944
170,"recruitment_50",18,8,50,"correct","full",NA,FALSE,0.00249450241834127,TRUE,0.019387103915861,0.0218816063342023,0.0101513635201222,0.00845457967730701,0.0199306303317223,0.0478788791531725,TRUE,0.245730774333577,0.0394242994758655,-0.00919536826750684,0.0339431707862272,0.27127814197023,1.16147957196333
170,"recruitment_50",38,8,800,"correct","full",NA,FALSE,-0.00274521079235276,TRUE,0.019387103915861,0.0166418931235082,0.00322249907408773,0.0112520427252318,0.0163248755665168,0.0235995861428165,TRUE,-0.851888776144928,0.0123475434175847,-0.00919536826750684,0.0339431707862272,0.298542778547908,0.363771065919242
170,"recruitment_50",58,8,200,"biased","full",NA,FALSE,0.0174602502660418,TRUE,0.019387103915861,0.0368473541819028,0.0103276806284428,0.0207205070034964,0.0356019403736873,0.0611842521209377,FALSE,1.69062647211956,0.0404637451174412,-0.00919536826750684,0.0339431707862272,1.89880924375157,1.19210268752676
170,"recruitment_50",8,8,0,"weak","none",NA,FALSE,-0.00919536826750684,TRUE,0.019387103915861,0.0101917356483542,0.0101500320864123,0.00130853555367155,0.00719425979739683,0.0352517063398988,TRUE,-0.905944748668979,0.0339431707862272,-0.00919536826750684,0.0339431707862272,1,1
170,"recruitment_50",88,8,200,"correct","robust",0.961991216791986,FALSE,-0.00386409056088841,TRUE,0.019387103915861,0.0155230133549726,0.00543696340077922,0.0069680090120374,0.0148186434807903,0.0278246969787957,TRUE,-0.710707480637927,0.0208566879667583,-0.00919536826750684,0.0339431707862272,0.420221403697635,0.614459035018058
170,"recruitment_50",108,8,50,"biased","robust",0.974428609306523,FALSE,-0.00420512828913935,TRUE,0.019387103915861,0.0151819756267217,0.00836362839210558,0.00461986065390284,0.0132352626968524,0.0357646645599213,TRUE,-0.502787557265046,0.0311448039060184,-0.00919536826750684,0.0339431707862272,0.457309393904187,0.917557293105209
170,"recruitment_50",28,8,200,"correct","full",NA,FALSE,-0.00388958416166454,TRUE,0.019387103915861,0.0154975197541965,0.0053007491307406,0.00773755687200149,0.0147188569702684,0.0275816758721117,TRUE,-0.733780087630952,0.0198441190001103,-0.00919536826750684,0.0339431707862272,0.422993843042583,0.584627733369041
170,"recruitment_50",98,8,800,"correct","robust",0.987799497415966,FALSE,-0.0028162320426946,TRUE,0.019387103915861,0.0165708718731664,0.00344690046073635,0.0109354566833264,0.0162375976440658,0.0243425363333341,TRUE,-0.817033179453339,0.0134070796500077,-0.00919536826750684,0.0339431707862272,0.306266368106883,0.394986070524906
170,"recruitment_80",48,8,50,"biased","full",NA,FALSE,-0.0131429752675478,TRUE,0.183939720585721,0.170796745318173,0.0464290182599061,0.0978219294172757,0.164691064211362,0.27449185561623,TRUE,-0.283076742953609,0.176669926198954,-0.0554257429559534,0.238513711916468,0.237127633597848,0.740711822307419
170,"recruitment_80",58,8,200,"biased","full",NA,FALSE,0.0862385570691525,TRUE,0.183939720585721,0.270178277654874,0.0367633626358982,0.204516730367144,0.268166016729014,0.345676377477604,FALSE,2.34577445820866,0.14115964711046,-0.0554257429559534,0.238513711916468,1.55592965416243,0.591830322777824
170,"recruitment_80",128,8,800,"biased","robust",0.950818418458525,FALSE,0.0681974784514506,TRUE,0.183939720585721,0.252137199037172,0.0372940822778308,0.139436995122933,0.256615066799742,0.299712650317758,TRUE,1.82864074636287,0.160275655194825,-0.0554257429559534,0.238513711916468,1.23042966705285,0.671976692270656
170,"recruitment_80",8,8,0,"weak","none",NA,FALSE,-0.0554257429559534,TRUE,0.183939720585721,0.128513977629768,0.0645910443030329,0.0427837970060067,0.115414441875809,0.281297508922475,TRUE,-0.858102598495236,0.238513711916468,-0.0554257429559534,0.238513711916468,1,1
170,"recruitment_80",118,8,200,"biased","robust",0.164397481441864,FALSE,-0.0305125919440221,TRUE,0.183939720585721,0.153427128641699,0.0811940054538822,0.0488265098209968,0.12926592149891,0.322852083779524,TRUE,-0.37579857987611,0.274025573958527,-0.0554257429559534,0.238513711916468,0.550512998414298,1.1488881362699
170,"recruitment_80",18,8,50,"correct","full",NA,FALSE,0.0229356741907271,TRUE,0.183939720585721,0.206875394776448,0.0488042002091607,0.127722288937002,0.202112587707191,0.314552550124152,TRUE,0.469952874802403,0.18683026118715,-0.0554257429559534,0.238513711916468,0.41380905275287,0.78331035849453
170,"recruitment_80",38,8,800,"correct","full",NA,FALSE,-0.00605136779687757,TRUE,0.183939720585721,0.177888352788844,0.0164784082923529,0.148207776676299,0.176932823747916,0.213442684725778,TRUE,-0.367230116496494,0.0652349080494789,-0.0554257429559534,0.238513711916468,0.1091797326323,0.273505902555092
170,"recruitment_80",68,8,800,"biased","full",NA,FALSE,0.0747092402790766,TRUE,0.183939720585721,0.258648960864798,0.0199634677753887,0.223023448424931,0.257851016849771,0.299351131789283,FALSE,3.74229773702841,0.0763276833643515,-0.0554257429559534,0.238513711916468,1.34791590143316,0.320013817029869
170,"recruitment_80",88,8,200,"correct","robust",0.961991216791986,FALSE,-0.0134871886026469,TRUE,0.183939720585721,0.170452531983074,0.03136747031628,0.114209120586064,0.16891106562126,0.231367021384641,TRUE,-0.429973742436188,0.117157900798577,-0.0554257429559534,0.238513711916468,0.243337984902884,0.491199855376062
170,"recruitment_80",108,8,50,"biased","robust",0.974428609306523,FALSE,-0.0153732435753292,TRUE,0.183939720585721,0.168566477010392,0.0483280491287652,0.0888791860639621,0.163297075254066,0.277674332607468,TRUE,-0.318101886015898,0.188795146543506,-0.0554257429559534,0.238513711916468,0.277366486319294,0.791548397895149
170,"recruitment_80",28,8,200,"correct","full",NA,FALSE,-0.013646564226929,TRUE,0.183939720585721,0.170293156358792,0.0297479425839878,0.119503944183448,0.168175291015371,0.231930083228156,TRUE,-0.458739766234267,0.112426139044707,-0.0554257429559534,0.238513711916468,0.246213465063948,0.471361324015119
170,"recruitment_80",78,8,50,"correct","robust",0.949796708946829,FALSE,0.0194753448332615,TRUE,0.183939720585721,0.203415065418983,0.0535240812341191,0.109726104477074,0.197367690768155,0.314486783806607,TRUE,0.363861357060471,0.204760679329533,-0.0554257429559534,0.238513711916468,0.351377244482558,0.858485986756366
170,"recruitment_80",98,8,800,"correct","robust",0.987799497415966,FALSE,-0.00659272475901379,TRUE,0.183939720585721,0.177346995826707,0.0179482944662902,0.145784995340121,0.176835422048088,0.212474827476404,TRUE,-0.367317617358908,0.0666898321362835,-0.0554257429559534,0.238513711916468,0.118946980363493,0.279605862490788
170,"recruitment_110",128,8,800,"biased","robust",0.950818418458525,FALSE,0.245440075678805,TRUE,1.74517147873092,1.99061155440973,0.124405807713009,1.76356896221656,1.99061141931331,2.2289707835397,FALSE,1.97289885569497,0.465401821323137,0.111751268955312,0.968312058864595,2.19630683367857,0.480632061805415
170,"recruitment_110",48,8,50,"biased","full",NA,FALSE,0.253118264649378,TRUE,1.74517147873092,1.9982897433803,0.166416817725543,1.69122887742643,1.99781749611161,2.31667112990015,TRUE,1.52098969388313,0.625442252473717,0.111751268955312,0.968312058864595,2.26501467961492,0.645909804332175
170,"recruitment_110",88,8,200,"correct","robust",0.961991216791986,FALSE,0.181488655457563,TRUE,1.74517147873092,1.92666013418848,0.145592877799391,1.65818190479927,1.9170881830002,2.22169069485033,TRUE,1.2465489947086,0.563508790051063,0.111751268955312,0.968312058864595,1.62404111518535,0.581949573892337
170,"recruitment_110",58,8,200,"biased","full",NA,FALSE,0.278381464206604,TRUE,1.74517147873092,2.02355294293752,0.116990041796597,1.81232464923706,2.02188607172537,2.25426822368846,FALSE,2.37953128259077,0.441943574451404,0.111751268955312,0.968312058864595,2.49108101240375,0.456406145524625
170,"recruitment_110",38,8,800,"correct","full",NA,FALSE,0.178220456744635,TRUE,1.74517147873092,1.92339193547556,0.106906791856231,1.72526140298749,1.91764659583238,2.14769291591747,TRUE,1.6670639315817,0.42243151292998,0.111751268955312,0.968312058864595,1.5947958212081,0.436255553220422
170,"recruitment_110",68,8,800,"biased","full",NA,FALSE,0.258162118946811,TRUE,1.74517147873092,2.00333359767773,0.109691144698638,1.7998493718828,2.00462228708359,2.22478586297326,FALSE,2.35353655626511,0.424936491090452,0.111751268955312,0.968312058864595,2.31014932859551,0.438842506607545
170,"recruitment_110",108,8,50,"biased","robust",0.974428609306523,FALSE,0.237476184655843,TRUE,1.74517147873092,1.98264766338676,0.163758225830643,1.67523959009908,1.98357193125434,2.32678417390158,TRUE,1.45016339454872,0.651544583802503,0.111751268955312,0.968312058864595,2.1250423988546,0.672866332540027
170,"recruitment_110",118,8,200,"biased","robust",0.164397481441864,FALSE,0.132270825455045,TRUE,1.74517147873092,1.87744230418597,0.233745735224638,1.43846204026467,1.87646086070522,2.33086667373256,TRUE,0.565874818327393,0.89240463346789,0.111751268955312,0.968312058864595,1.18361810735176,0.921608509672273
170,"recruitment_110",28,8,200,"correct","full",NA,FALSE,0.176230005951752,TRUE,1.74517147873092,1.92140148468267,0.136767674415768,1.64583512950601,1.91426754442707,2.19540898339279,TRUE,1.28853551619238,0.549573853886778,0.111751268955312,0.968312058864595,1.57698438325764,0.567558617963703
170,"recruitment_110",78,8,50,"correct","robust",0.949796708946829,FALSE,0.304882109668189,TRUE,1.74517147873092,2.05005358839911,0.165110138392875,1.73909951561071,2.04456848319884,2.40224772112136,TRUE,1.84653778765984,0.663148205510648,0.111751268955312,0.968312058864595,2.72822056087888,0.684849681917862
170,"recruitment_110",98,8,800,"correct","robust",0.987799497415966,FALSE,0.178138223505227,TRUE,1.74517147873092,1.92330970223615,0.110132368576684,1.7280631048217,1.91744899992142,2.15893325849953,TRUE,1.61749198539384,0.43087015367783,0.111751268955312,0.968312058864595,1.59405996164985,0.444970347868074
170,"recruitment_110",18,8,50,"correct","full",NA,FALSE,0.30431194756213,TRUE,1.74517147873092,2.04948342629305,0.149023347327657,1.77573858914884,2.04151524679325,2.38277842436458,FALSE,2.04204208950588,0.60703983521574,0.111751268955312,0.968312058864595,2.72311849705993,0.626905169318588
170,"recruitment_110",8,8,0,"weak","none",NA,FALSE,0.111751268955312,TRUE,1.74517147873092,1.85692274768623,0.248477133506104,1.40764120353386,1.8429922194203,2.37595326239846,TRUE,0.449744680238622,0.968312058864595,0.111751268955312,0.968312058864595,1,1
170,"recruit_mean_50",58,8,200,"biased","full",NA,FALSE,0.251121036841852,TRUE,44,44.2511210368419,2.12280310549364,40.0450891388395,44.2328015103033,48.2481533513522,TRUE,0.118296904782159,8.20306421251269,-0.0411889225299973,11.0798809438844,6.09681005029845,0.740356710876071
170,"recruit_mean_50",38,8,800,"correct","full",NA,FALSE,-0.0470627937605457,TRUE,44,43.9529372062395,2.65175471546304,39.0051413492698,43.9164585386983,49.1743542458186,TRUE,-0.0177477929938659,10.1692128965488,-0.0411889225299973,11.0798809438844,1.14260803317374,0.917808859865215
170,"recruit_mean_50",128,8,800,"biased","robust",0.950818418458525,FALSE,0.303779776451726,TRUE,44,44.3037797764517,2.37067646125714,39.7037917243945,44.2902692819863,48.8915647816318,TRUE,0.12814054613367,9.18777305723722,-0.0411889225299973,11.0798809438844,7.37527854074085,0.829230305250572
170,"recruit_mean_50",88,8,200,"correct","robust",0.961991216791986,FALSE,-0.0285598050856919,TRUE,44,43.9714401949143,2.73150666339804,38.6853925289226,44.0015215228726,49.387996680602,TRUE,-0.0104556966557654,10.7026041516794,-0.0411889225299973,11.0798809438844,0.693385583584815,0.965949382117397
170,"recruit_mean_50",118,8,200,"biased","robust",0.164397481441864,FALSE,0.0795001232188923,TRUE,44,44.0795001232189,2.763627133917,38.5982009296751,44.0685666826387,49.1907327912013,TRUE,0.0287665880260097,10.5925318615262,-0.0411889225299973,11.0798809438844,1.93013359747378,0.956014953154608
170,"recruit_mean_50",28,8,200,"correct","full",NA,FALSE,0.0367844158379285,TRUE,44,44.0367844158379,2.63737023413054,38.8180752276702,44.0689862549289,49.089218124917,TRUE,0.0139473841639284,10.2711428972468,-0.0411889225299973,11.0798809438844,0.893065746285034,0.927008417262467
170,"recruit_mean_50",68,8,800,"biased","full",NA,FALSE,0.300825378554244,TRUE,44,44.3008253785542,2.24199791658076,39.9519347173908,44.3462332599834,48.805724126641,TRUE,0.134177367574466,8.85378940925023,-0.0411889225299973,11.0798809438844,7.30355056836354,0.799087052838519
170,"recruit_mean_50",108,8,50,"biased","robust",0.974428609306523,FALSE,0.0276171786591846,TRUE,44,44.0276171786592,2.68592490247803,38.9202043505781,43.9550306474966,49.1442127938326,TRUE,0.0102821857132733,10.2240084432545,-0.0411889225299973,11.0798809438844,0.67050014816657,0.922754359458864
170,"recruit_mean_50",48,8,50,"biased","full",NA,FALSE,0.145164191443037,TRUE,44,44.145164191443,2.6867461591385,38.7318941921618,44.1546175479601,49.4141366448661,TRUE,0.0540297381460047,10.6822424527042,-0.0411889225299973,11.0798809438844,3.52435029921737,0.9641116639074
170,"recruit_mean_50",78,8,50,"correct","robust",0.949796708946829,FALSE,0.161543382693459,TRUE,44,44.1615433826935,2.59844610955994,39.0278658450769,44.1908265084593,49.28208767927,TRUE,0.0621692257149861,10.2542218341932,-0.0411889225299973,11.0798809438844,3.92201040403059,0.925481229096876
170,"recruit_mean_50",98,8,800,"correct","robust",0.987799497415966,FALSE,-0.0408082654544302,TRUE,44,43.9591917345456,2.6228244454398,38.9853766234409,43.8750424737083,49.3883412966462,TRUE,-0.0155589008350833,10.4029646732053,-0.0411889225299973,11.0798809438844,0.990758265762114,0.938905817300078
170,"recruit_mean_50",18,8,50,"correct","full",NA,FALSE,0.383250673717086,TRUE,44,44.3832506737171,2.50321998984358,39.4937120622633,44.4380995415593,48.9101801816063,TRUE,0.153103073350351,9.41646811934303,-0.0411889225299973,11.0798809438844,9.30470257963097,0.84987087560183
170,"recruit_mean_50",8,8,0,"weak","none",NA,FALSE,-0.0411889225299973,TRUE,44,43.95881107747,2.89770974245855,38.5241087530482,43.9944707069872,49.6039896969325,TRUE,-0.0142143023942249,11.0798809438844,-0.0411889225299973,11.0798809438844,1,1
170,"recruit_mean_80",38,8,800,"correct","full",NA,FALSE,-0.0247124732469501,TRUE,44.6,44.575287526753,1.49745565193623,41.6534841009783,44.5590420828306,47.5515672260033,TRUE,-0.0165029750396926,5.89808312502494,-0.0401832301033025,6.50042489059356,0.614994692647148,0.907338093169842
170,"recruit_mean_80",118,8,200,"biased","robust",0.164397481441864,FALSE,0.0395944905606598,TRUE,44.6,44.6395944905607,1.59604247065967,41.4088773816677,44.6718613844244,47.6719375407669,TRUE,0.024807917889738,6.26306015909919,-0.0401832301033025,6.50042489059356,0.985348625754346,0.963484735922748
170,"recruit_mean_80",68,8,800,"biased","full",NA,FALSE,0.218912162637757,TRUE,44.6,44.8189121626378,1.19082454631394,42.5566123480662,44.8562774230915,47.1938805294141,TRUE,0.183832423773405,4.63726818134797,-0.0401832301033025,6.50042489059356,5.44784881839963,0.713379242033599
170,"recruit_mean_80",58,8,200,"biased","full",NA,FALSE,0.191023710580723,TRUE,44.6,44.7910237105807,1.113085280155,42.5961497460781,44.8143676209766,46.9339764775873,TRUE,0.171616419681808,4.33782673150922,-0.0401832301033025,6.50042489059356,4.75381670636336,0.667314337834481
170,"recruit_mean_80",48,8,50,"biased","full",NA,FALSE,0.0937455647300567,TRUE,44.6,44.6937455647301,1.52504492186297,41.6273616002718,44.7247748706343,47.6366387828738,TRUE,0.0614706907226958,6.009277182602,-0.0401832301033025,6.50042489059356,2.33295244033536,0.924443753099545
170,"recruit_mean_80",28,8,200,"correct","full",NA,FALSE,0.0274170168780188,TRUE,44.6,44.627417016878,1.49248358104909,41.6195470297695,44.5990487430408,47.4932789545754,TRUE,0.0183700626433337,5.87373192480588,-0.0401832301033025,6.50042489059356,0.682299974579831,0.90359199954844
170,"recruit_mean_80",108,8,50,"biased","robust",0.974428609306523,FALSE,0.0280584449269412,TRUE,44.6,44.6280584449269,1.52631541616717,41.7166829397583,44.587809868544,47.5721448937439,TRUE,0.0183831235862117,5.85546195398558,-0.0401832301033025,6.50042489059356,0.698262555170626,0.900781418528306
170,"recruit_mean_80",128,8,800,"biased","robust",0.950818418458525,FALSE,0.208589813103856,TRUE,44.6,44.8085898131039,1.28112676076945,42.3353851968836,44.8165944163193,47.2699016451679,TRUE,0.162817466226821,4.93451644828429,-0.0401832301033025,6.50042489059356,5.19096679305313,0.759106755532979
170,"recruit_mean_80",98,8,800,"correct","robust",0.987799497415966,FALSE,-0.0143696156000814,TRUE,44.6,44.5856303843999,1.47714339857689,41.7879268966669,44.5218129391213,47.581727513415,TRUE,-0.00972797604750186,5.79380061674813,-0.0401832301033025,6.50042489059356,0.357602302332098,0.891295679015083
170,"recruit_mean_80",18,8,50,"correct","full",NA,FALSE,0.239192979712833,TRUE,44.6,44.8391929797128,1.39503999783064,42.1017391298035,44.8615897034855,47.4432046212609,TRUE,0.171459585449012,5.34146549145733,-0.0401832301033025,6.50042489059356,5.95255730059328,0.821710208387563
170,"recruit_mean_80",88,8,200,"correct","robust",0.961991216791986,FALSE,-0.0101184726548311,TRUE,44.6,44.5898815273452,1.55557073615723,41.5821829455046,44.5978935910476,47.7220255442017,TRUE,-0.00650466894217042,6.13984259869715,-0.0401832301033025,6.50042489059356,0.251808344645731,0.944529427235105
170,"recruit_mean_80",8,8,0,"weak","none",NA,FALSE,-0.0401832301033025,TRUE,44.6,44.5598167698967,1.69564998955895,41.3635869085867,44.5709303853637,47.8640117991803,TRUE,-0.0236978328963717,6.50042489059356,-0.0401832301033025,6.50042489059356,1,1
170,"recruit_mean_80",78,8,50,"correct","robust",0.949796708946829,FALSE,0.116257047840001,TRUE,44.6,44.71625704784,1.4514161034045,41.8254129561447,44.7423089317992,47.5628599141718,TRUE,0.0800990477970472,5.73744695802709,-0.0401832301033025,6.50042489059356,2.89317328500296,0.882626452053844
170,"recruit_mean_110",28,8,200,"correct","full",NA,FALSE,0.0180496179180025,TRUE,45.2,45.218049617918,0.404800263601451,44.4040738312759,45.2161142047867,45.9746825292478,TRUE,0.044588948034316,1.57060869797186,-0.0391775376765935,2.10361806708781,0.46071343398353,0.746622555940568
170,"recruit_mean_110",48,8,50,"biased","full",NA,FALSE,0.0423269380171547,TRUE,45.2,45.2423269380172,0.422309992376538,44.3527601362663,45.258453968279,46.044713297638,TRUE,0.100227176200499,1.6919531613717,-0.0391775376765935,2.10361806708781,1.08038790917794,0.804306251140918
170,"recruit_mean_110",38,8,800,"correct","full",NA,FALSE,-0.00236215273344698,TRUE,45.2,45.1976378472666,0.399445560608646,44.4419687955288,45.1899648270887,45.9884836136975,TRUE,-0.00591357863596656,1.54651481816873,-0.0391775376765935,2.10361806708781,0.0602935476176758,0.735169013027961
170,"recruit_mean_110",108,8,50,"biased","robust",0.974428609306523,FALSE,0.0284997111945557,TRUE,45.2,45.2284997111946,0.419784645593464,44.403981013867,45.2123688164246,46.0322465743974,TRUE,0.0678912663760361,1.62826556053043,-0.0391775376765935,2.10361806708781,0.72745029128216,0.774030983097876
170,"recruit_mean_110",128,8,800,"biased","robust",0.950818418458525,FALSE,0.113399849756114,TRUE,45.2,45.3133998497561,0.308481428440553,44.7126888290726,45.3221015145494,45.9093737243225,TRUE,0.367606731884564,1.19668489524986,-0.0391775376765935,2.10361806708781,2.89451191885048,0.568869850460316
170,"recruit_mean_110",58,8,200,"biased","full",NA,FALSE,0.130926384319551,TRUE,45.2,45.3309263843196,0.250944847598578,44.8500391010914,45.3277205738131,45.829428777208,TRUE,0.521733701936714,0.979389676116639,-0.0391775376765935,2.10361806708781,3.34187373898622,0.465573904046413
170,"recruit_mean_110",98,8,800,"correct","robust",0.987799497415966,FALSE,0.0120690342544307,TRUE,45.2,45.2120690342544,0.389065124170322,44.5023285278975,45.2114860724335,45.9900697851029,TRUE,0.0310206017056087,1.48774125720533,-0.0391775376765935,2.10361806708781,0.308060050992979,0.707229739315235
170,"recruit_mean_110",88,8,200,"correct","robust",0.961991216791986,FALSE,0.00832285977602965,TRUE,45.2,45.208322859776,0.432312708084576,44.3601282790463,45.204251792827,46.0835267631381,TRUE,0.0192519433742887,1.72339848409174,-0.0391775376765935,2.10361806708781,0.212439583230932,0.819254460234583
170,"recruit_mean_110",18,8,50,"correct","full",NA,FALSE,0.0951352857087855,TRUE,45.2,45.2951352857088,0.363796891935354,44.5417039754118,45.3091528588218,45.9849092619327,TRUE,0.261506592875705,1.44320528652093,-0.0391775376765935,2.10361806708781,2.42831202139648,0.686058609735589
170,"recruit_mean_110",8,8,0,"weak","none",NA,FALSE,-0.0391775376765935,TRUE,45.2,45.1608224623234,0.535191813312496,44.1093890063088,45.1785920104471,46.2130070733966,TRUE,-0.0732027970198377,2.10361806708781,-0.0391775376765935,2.10361806708781,1,1
170,"recruit_mean_110",118,8,200,"biased","robust",0.164397481441864,FALSE,-0.000311142097466188,TRUE,45.2,45.1996888579025,0.48798676582435,44.1825392019993,45.2253225777484,46.1383020730754,TRUE,-0.000637603556605843,1.9557628710761,-0.0391775376765935,2.10361806708781,0.00794184923091987,0.929713859029363
170,"recruit_mean_110",78,8,50,"correct","robust",0.949796708946829,FALSE,0.0709707129867425,TRUE,45.2,45.2709707129867,0.377972755518856,44.5302331497361,45.2859092335943,45.9735818267634,TRUE,0.187766742312732,1.44334867702729,-0.0391775376765935,2.10361806708781,1.81151540386735,0.686126773490504
170,"recruit_mean_110",68,8,800,"biased","full",NA,FALSE,0.136998946721384,TRUE,45.2,45.3369989467214,0.263113649842686,44.7998768868309,45.3413790718549,45.8414997058067,TRUE,0.520683540376163,1.04162281897581,-0.0391775376765935,2.10361806708781,3.4968748636603,0.49515776426935
170,"recruit_sd.log_recruit_sd",48,8,50,"biased","full",NA,FALSE,-0.0142080731205554,TRUE,3.5,3.48579192687944,0.211123800690194,3.10053464240983,3.48057383799437,3.91821533966732,TRUE,-0.0672973538469238,0.817680697257482,-0.011703033229046,0.793365904189,1.21405048097207,1.03064764056547
170,"recruit_sd.log_recruit_sd",28,8,200,"correct","full",NA,FALSE,-0.0104510701550637,TRUE,3.5,3.48954892984494,0.22151993468614,3.06235041290016,3.49034055611748,3.91472844607184,TRUE,-0.0471789149354497,0.852378033171682,-0.011703033229046,0.793365904189,0.893022343055904,1.07438198272839
170,"recruit_sd.log_recruit_sd",108,8,50,"biased","robust",0.974428609306523,FALSE,-0.00097858400461881,TRUE,3.5,3.49902141599538,0.197025716691126,3.13995792777918,3.49391605516266,3.88029360539411,TRUE,-0.00496678312381383,0.740335677614931,-0.011703033229046,0.793365904189,0.0836179805240614,0.933157920835685
170,"recruit_sd.log_recruit_sd",128,8,800,"biased","robust",0.950818418458525,FALSE,-0.0121299958799601,TRUE,3.5,3.48787000412004,0.218632471402148,3.08919655809085,3.47527522139233,3.93773770205572,TRUE,-0.0554812183303205,0.848541143964869,-0.011703033229046,0.793365904189,1.03648307601609,1.06954576631607
170,"recruit_sd.log_recruit_sd",118,8,200,"biased","robust",0.164397481441864,FALSE,-0.00628912932937098,TRUE,3.5,3.49371087067063,0.203986811202461,3.10832341463087,3.48709094217529,3.90337635082032,TRUE,-0.0308310585978467,0.795052936189447,-0.011703033229046,0.793365904189,0.537393101966238,1.00212642362312
170,"recruit_sd.log_recruit_sd",18,8,50,"correct","full",NA,FALSE,-0.0142878404442963,TRUE,3.5,3.4857121595557,0.212639504927963,3.11034055095251,3.47426733290922,3.93479737590507,TRUE,-0.0671927845634172,0.824456824952558,-0.011703033229046,0.793365904189,1.22086643391177,1.03918862734004
170,"recruit_sd.log_recruit_sd",58,8,200,"biased","full",NA,FALSE,-0.01016511583608,TRUE,3.5,3.48983488416392,0.199567439305252,3.1051480593739,3.48909568528422,3.86673690816888,TRUE,-0.0509357431826932,0.761588848794975,-0.011703033229046,0.793365904189,0.868588137548055,0.959946532581951
170,"recruit_sd.log_recruit_sd",68,8,800,"biased","full",NA,FALSE,-0.00334038673878911,TRUE,3.5,3.49665961326121,0.209180403279023,3.11105277788306,3.48492781967467,3.93086003700199,TRUE,-0.0159689277122839,0.819807259118927,-0.011703033229046,0.793365904189,0.285429142463558,1.03332807068002
170,"recruit_sd.log_recruit_sd",8,8,0,"weak","none",NA,FALSE,-0.011703033229046,TRUE,3.5,3.48829696677095,0.206209727085622,3.11713945098436,3.48166240873659,3.91050535517336,TRUE,-0.0567530610434622,0.793365904189,-0.011703033229046,0.793365904189,1,1
170,"recruit_sd.log_recruit_sd",98,8,800,"correct","robust",0.987799497415966,FALSE,-0.020172139374588,TRUE,3.5,3.47982786062541,0.206844638785076,3.09401372149225,3.4764576995013,3.89323764649561,TRUE,-0.0975231434233498,0.799223925003361,-0.011703033229046,0.793365904189,1.72366761503525,1.00738375670473
170,"recruit_sd.log_recruit_sd",38,8,800,"correct","full",NA,FALSE,-0.0345950093861855,TRUE,3.5,3.46540499061381,0.216190582772092,3.06127135303293,3.46123091294544,3.91175751997881,TRUE,-0.160020889636324,0.850486166945881,-0.011703033229046,0.793365904189,2.95607204637542,1.07199737530348
170,"recruit_sd.log_recruit_sd",88,8,200,"correct","robust",0.961991216791986,FALSE,-0.0193854512156024,TRUE,3.5,3.4806145487844,0.219198469393512,3.0622194474426,3.47138149834448,3.91441347264574,TRUE,-0.0884378949781854,0.852194025203143,-0.011703033229046,0.793365904189,1.6564467378841,1.07415004943309
170,"recruit_sd.log_recruit_sd",78,8,50,"correct","robust",0.949796708946829,FALSE,0.00164641395353238,TRUE,3.5,3.50164641395353,0.212414102320433,3.1235032393384,3.48825138021484,3.92759181647812,TRUE,0.00775096349793532,0.804088577139727,-0.011703033229046,0.793365904189,0.140682669296889,1.01351541942263
170,"lambda",108,8,50,"biased","robust",0.974428609306523,FALSE,-0.00644610932185197,TRUE,1.03119869581319,1.02475258649134,0.0176935123198087,0.988338524784051,1.02556696317709,1.06012539574674,TRUE,-0.36432050377218,0.0717868709626872,-0.00173610979244176,0.0710666940232607,3.71296178958002,1.0101338179484
170,"lambda",58,8,200,"biased","full",NA,FALSE,-0.00935632798145569,TRUE,1.03119869581319,1.02184236783174,0.0163355028423272,0.988483140659494,1.02233615521082,1.05233873356427,TRUE,-0.572760328945147,0.0638555929047792,-0.00173610979244176,0.0710666940232607,5.38924901074166,0.898530511126333
170,"lambda",38,8,800,"correct","full",NA,FALSE,-0.00473542486641287,TRUE,1.03119869581319,1.02646327094678,0.0184778812755722,0.988553469667878,1.02727063615917,1.06008058487547,TRUE,-0.256275316189692,0.0715271152075915,-0.00173610979244176,0.0710666940232607,2.72760679481722,1.00647871961203
170,"lambda",98,8,800,"correct","robust",0.987799497415966,FALSE,-0.00333708849340297,TRUE,1.03119869581319,1.02786160731979,0.0169101441639493,0.994577691664699,1.02767173374544,1.06146648706304,TRUE,-0.197342403532982,0.066888795398338,-0.00173610979244176,0.0710666940232607,1.92216443218692,0.941211580440829
170,"lambda",128,8,800,"biased","robust",0.950818418458525,FALSE,-0.00807451487360167,TRUE,1.03119869581319,1.02312418093959,0.016870573495804,0.989349577938666,1.02321426917614,1.05443195528719,TRUE,-0.478615316521986,0.0650823773485261,-0.00173610979244176,0.0710666940232607,4.65092409982044,0.915792949749767
170,"lambda",48,8,50,"biased","full",NA,FALSE,-0.0067439202146411,TRUE,1.03119869581319,1.02445477559855,0.0186176101962493,0.988088817340507,1.02410794806731,1.06121429613087,TRUE,-0.36223339857012,0.0731254787903621,-0.00173610979244176,0.0710666940232607,3.88450099411977,1.02896975573998
170,"lambda",118,8,200,"biased","robust",0.164397481441864,FALSE,-0.00375158480037951,TRUE,1.03119869581319,1.02744711101281,0.0182506878652464,0.990612402897883,1.02745269895286,1.06185844585655,TRUE,-0.205558542674078,0.0712460429586663,-0.00173610979244176,0.0710666940232607,2.16091448634886,1.00252367072748
170,"lambda",8,8,0,"weak","none",NA,FALSE,-0.00173610979244176,TRUE,1.03119869581319,1.02946258602075,0.0185681948506685,0.9936446876678,1.03021063115386,1.06471138169106,TRUE,-0.0934991153638856,0.0710666940232607,-0.00173610979244176,0.0710666940232607,1,1
170,"lambda",18,8,50,"correct","full",NA,FALSE,-0.0102585502670995,TRUE,1.03119869581319,1.02094014554609,0.0172561290460949,0.987796686827093,1.02148825762659,1.05492183194056,TRUE,-0.594487340683226,0.0671251451134646,-0.00173610979244176,0.0710666940232607,5.90892944199763,0.944537325621112
170,"lambda",68,8,800,"biased","full",NA,FALSE,-0.00855750809210831,TRUE,1.03119869581319,1.02264118772108,0.0169266243145309,0.989356494500457,1.02252643906518,1.05573284855245,TRUE,-0.505564956904135,0.0663763540519923,-0.00173610979244176,0.0710666940232607,4.92912840499134,0.934000870087847
170,"lambda",28,8,200,"correct","full",NA,FALSE,-0.00209667062563268,TRUE,1.03119869581319,1.02910202518756,0.0182138227238456,0.989872879504208,1.02927011386869,1.06402249051132,TRUE,-0.115114254564898,0.0741496110071154,-0.00173610979244176,0.0710666940232607,1.20768319766448,1.04338061628202
170,"lambda",88,8,200,"correct","robust",0.961991216791986,FALSE,-0.00280138536751529,TRUE,1.03119869581319,1.02839731044568,0.0184821184606352,0.990873399614255,1.02886588371277,1.06328367336332,TRUE,-0.151572741700683,0.072410273749068,-0.00173610979244176,0.0710666940232607,1.61359919730379,1.01890589880778
170,"lambda",78,8,50,"correct","robust",0.949796708946829,FALSE,-0.00989673336924946,TRUE,1.03119869581319,1.02130196244394,0.0175168832195691,0.985541105997658,1.02109412193885,1.05477526927165,TRUE,-0.564982551130629,0.0692341632739953,-0.00173610979244176,0.0710666940232607,5.70052275053994,0.974213929964639
194,"survival_50",109,9,50,"biased","robust",0.968919978454297,FALSE,0.026457795755583,TRUE,0.354343693774205,0.380801489529788,0.0246996551720059,0.332100564030166,0.380365453488932,0.429681966432904,TRUE,1.07118077444133,0.0975814024027373,0.034482669485598,0.105340696254709,0.767278060262513,0.926340966712333
194,"survival_50",99,9,800,"correct","robust",0.991107611684889,FALSE,0.0456393638394427,TRUE,0.354343693774205,0.399983057613647,0.0253851385902213,0.351398500172585,0.399683242346231,0.450471438396843,TRUE,1.7978772767868,0.0990729382242583,0.034482669485598,0.105340696254709,1.32354497259861,0.940500127175015
194,"survival_50",59,9,200,"biased","full",NA,FALSE,0.0171146394472921,TRUE,0.354343693774205,0.371458333221497,0.0240699510408329,0.326215610739365,0.370901925229638,0.420445294059134,TRUE,0.711037567889454,0.0942296833197691,0.034482669485598,0.105340696254709,0.496325826932864,0.894523072943491
194,"survival_50",39,9,800,"correct","full",NA,FALSE,0.0445599681041947,TRUE,0.354343693774205,0.398903661878399,0.0261980199167596,0.348769835398313,0.398678571768306,0.448343961477983,TRUE,1.70089068737933,0.0995741260796699,0.034482669485598,0.105340696254709,1.29224241536188,0.945257907152087
194,"survival_50",9,9,0,"weak","none",NA,FALSE,0.034482669485598,TRUE,0.354343693774205,0.388826363259803,0.0268659275713181,0.337111779313056,0.388040158560702,0.442452475567765,TRUE,1.28350935935715,0.105340696254709,0.034482669485598,0.105340696254709,1,1
194,"survival_50",129,9,800,"biased","robust",0.960056696476506,FALSE,0.0320584658265852,TRUE,0.354343693774205,0.38640215960079,0.0238744987064397,0.338207301747972,0.386014858780608,0.431776742863005,TRUE,1.34279116059254,0.0935694411150335,0.034482669485598,0.105340696254709,0.92969791216352,0.888255388864973
194,"survival_50",19,9,50,"correct","full",NA,FALSE,0.0389877306576791,TRUE,0.354343693774205,0.393331424431884,0.0270161592632224,0.33983198273947,0.394166103412605,0.443191660731216,TRUE,1.44312632590799,0.103359677991746,0.034482669485598,0.105340696254709,1.13064711170238,0.981194179140672
194,"survival_50",119,9,200,"biased","robust",0.93734614445091,FALSE,0.0173836245415775,TRUE,0.354343693774205,0.371727318315782,0.0239103844641898,0.327244115420604,0.370692674518588,0.421611882020173,TRUE,0.727032414205332,0.0943677665995692,0.034482669485598,0.105340696254709,0.50412641483102,0.895833898528564
194,"survival_50",29,9,200,"correct","full",NA,FALSE,0.0380138995748665,TRUE,0.354343693774205,0.392357593349071,0.0265132867697839,0.343465081048472,0.392539301618707,0.44414855537361,TRUE,1.43376790304963,0.100683474325138,0.034482669485598,0.105340696254709,1.1024059372997,0.955788958160008
194,"survival_50",49,9,50,"biased","full",NA,FALSE,0.0253979724586497,TRUE,0.354343693774205,0.379741666232854,0.0241697689572061,0.333259736273322,0.379587254889352,0.426046328340728,TRUE,1.05081569060996,0.0927865920674059,0.034482669485598,0.105340696254709,0.73654310520412,0.880823797130144
194,"survival_50",79,9,50,"correct","robust",0.976102273436012,FALSE,0.0381105726986682,TRUE,0.354343693774205,0.392454266472873,0.0259731905900078,0.343440388376155,0.393250533842428,0.444495738889889,TRUE,1.46730424075546,0.101055350513734,0.034482669485598,0.105340696254709,1.10520946513684,0.959319181538219
194,"survival_50",69,9,800,"biased","full",NA,FALSE,0.0317555560532871,TRUE,0.354343693774205,0.386099249827492,0.0230482492512362,0.340411898617906,0.385727793060351,0.431765023169442,TRUE,1.37778603950076,0.0913531245515356,0.034482669485598,0.105340696254709,0.920913506030907,0.867215879517712
194,"survival_50",89,9,200,"correct","robust",0.989838230797392,FALSE,0.040454691851986,TRUE,0.354343693774205,0.39479838562619,0.0258529118654251,0.341080917135296,0.395027598346313,0.446083350029086,TRUE,1.56480214153706,0.10500243289379,0.034482669485598,0.105340696254709,1.1731890963048,0.996788863440765
194,"survival_80",99,9,800,"correct","robust",0.991107611684889,FALSE,0.0288038983290685,TRUE,0.589040434058665,0.617844332387734,0.025407311445424,0.567310782817143,0.618917419708116,0.666018438756646,TRUE,1.13368541141949,0.0987076559395023,0.0170940848803327,0.0981765494901562,1.68502137029917,1.00540970783863
194,"survival_80",109,9,50,"biased","robust",0.968919978454297,FALSE,0.0138029714387103,TRUE,0.589040434058665,0.602843405497375,0.0247713871742042,0.553840062795082,0.602987228556282,0.647939620743477,TRUE,0.557214311077586,0.0940995579483955,0.0170940848803327,0.0981765494901562,0.807470627140217,0.958472857694296
194,"survival_80",129,9,800,"biased","robust",0.960056696476506,FALSE,0.0255440969043804,TRUE,0.589040434058665,0.614584530963046,0.022827342827484,0.569658845245116,0.615291817910689,0.658422236480889,TRUE,1.11901315441872,0.0887633912357725,0.0170940848803327,0.0981765494901562,1.49432374316625,0.904120094836623
194,"survival_80",89,9,200,"correct","robust",0.989838230797392,FALSE,0.0226760361313133,TRUE,0.589040434058665,0.611716470189978,0.0250609582287051,0.56210211276909,0.612470679288503,0.658138523707383,TRUE,0.90483515930927,0.0960364109382924,0.0170940848803327,0.0981765494901562,1.32654285327686,0.978201122742877
194,"survival_80",59,9,200,"biased","full",NA,FALSE,0.00939447623100675,TRUE,0.589040434058665,0.598434910289672,0.023422705662286,0.551342858917794,0.598608608194987,0.643647067952592,TRUE,0.401084160235734,0.0923042090347983,0.0170940848803327,0.0981765494901562,0.549574680175796,0.940185915212403
194,"survival_80",29,9,200,"correct","full",NA,FALSE,0.0215499783718909,TRUE,0.589040434058665,0.610590412430556,0.0249301176303802,0.561031808204818,0.610690048040171,0.65809963807732,TRUE,0.864415430821302,0.0970678298725014,0.0170940848803327,0.0981765494901562,1.26066873557442,0.98870687935752
194,"survival_80",39,9,800,"correct","full",NA,FALSE,0.0285835372353125,TRUE,0.589040434058665,0.617623971293978,0.0267398535404586,0.563890516461537,0.618749230757157,0.668436087792021,TRUE,1.06894890774418,0.104545571330484,0.0170940848803327,0.0981765494901562,1.67213029743398,1.06487314815404
194,"survival_80",19,9,50,"correct","full",NA,FALSE,0.0193869973166237,TRUE,0.589040434058665,0.608427431375289,0.0259267821000326,0.557512686353839,0.609241289431883,0.658473440889158,TRUE,0.747759488309171,0.100960754535319,0.0170940848803327,0.0981765494901562,1.13413484561137,1.02835916580509
194,"survival_80",9,9,0,"weak","none",NA,FALSE,0.0170940848803327,TRUE,0.589040434058665,0.606134518938998,0.0253536318473752,0.558374374701708,0.606327087459998,0.656550924191864,TRUE,0.674226279818069,0.0981765494901562,0.0170940848803327,0.0981765494901562,1,1
194,"survival_80",49,9,50,"biased","full",NA,FALSE,0.0139953584475209,TRUE,0.589040434058665,0.603035792506186,0.0243809918314391,0.556193555796491,0.604228642485035,0.649779464274765,TRUE,0.574027444998113,0.0935859084782744,0.0170940848803327,0.0981765494901562,0.81872522252554,0.953240961963711
194,"survival_80",69,9,800,"biased","full",NA,FALSE,0.0240778090840479,TRUE,0.589040434058665,0.613118243142713,0.0240454126092567,0.565114107723796,0.612775481307498,0.659597671108239,TRUE,1.00134730375883,0.0944835633844427,0.0170940848803327,0.0981765494901562,1.40854624582742,0.962384234067182
194,"survival_80",119,9,200,"biased","robust",0.93734614445091,FALSE,0.00936900487694603,TRUE,0.589040434058665,0.598409438935611,0.0238533653046375,0.550734724417484,0.598799007837824,0.644602071094471,TRUE,0.392774971468053,0.0938673466769874,0.0170940848803327,0.0981765494901562,0.548084611872109,0.956107615967896
194,"survival_80",79,9,50,"correct","robust",0.976102273436012,FALSE,0.0185100407178219,TRUE,0.589040434058665,0.607550474776487,0.0260595710076348,0.557501237450986,0.6085993882017,0.660625724976332,TRUE,0.710297215268776,0.103124487525345,0.0170940848803327,0.0981765494901562,1.08283308801855,1.05039836968079
194,"survival_110",39,9,800,"correct","full",NA,FALSE,0.00711665646028536,TRUE,0.789181706522253,0.796298362982538,0.0295960904527663,0.733510550707647,0.79813464572475,0.848743871793058,TRUE,0.24045934281905,0.11523332108541,-0.00169728731113705,0.111162373847786,4.19295920825435,1.03662162921421
194,"survival_110",109,9,50,"biased","robust",0.968919978454297,FALSE,-0.000668426925372723,TRUE,0.789181706522253,0.78851327959688,0.0282757989991327,0.728969994958984,0.789090888896194,0.839062963322096,TRUE,-0.0236395415525915,0.110092968363112,-0.00169728731113705,0.111162373847786,0.393820728515862,0.990379789062994
194,"survival_110",69,9,800,"biased","full",NA,FALSE,0.00965678466155406,TRUE,0.789181706522253,0.798838491183807,0.0278920564104916,0.742472371925257,0.800167087435975,0.848179808601986,TRUE,0.346219888538648,0.105707436676729,-0.00169728731113705,0.111162373847786,5.6895403613692,0.95092820545083
194,"survival_110",99,9,800,"correct","robust",0.991107611684889,FALSE,0.00668245045395521,TRUE,0.789181706522253,0.795864156976208,0.0293131923134316,0.735992144410286,0.797902843006834,0.846602795405895,TRUE,0.22796733915921,0.11061065099561,-0.00169728731113705,0.111162373847786,3.9371356930009,0.995036784182644
194,"survival_110",9,9,0,"weak","none",NA,FALSE,-0.00169728731113705,TRUE,0.789181706522253,0.787484419211116,0.0285541798797662,0.729798788135908,0.788131084601735,0.840961161983694,TRUE,-0.059440940635797,0.111162373847786,-0.00169728731113705,0.111162373847786,1,1
194,"survival_110",79,9,50,"correct","robust",0.976102273436012,FALSE,-0.00227456258983993,TRUE,0.789181706522253,0.786907143932413,0.0288182305925232,0.727987550371315,0.788053344957294,0.840898514489571,TRUE,-0.0789279058107774,0.112910964118256,-0.00169728731113705,0.111162373847786,1.34011641689359,1.01573005514316
194,"survival_110",29,9,200,"correct","full",NA,FALSE,0.00212351531528188,TRUE,0.789181706522253,0.791305221837535,0.0273434639248799,0.735896013262461,0.792773906028915,0.839835828758306,TRUE,0.0776608011741219,0.103939815495845,-0.00169728731113705,0.111162373847786,1.25112307229781,0.935026951099205
194,"survival_110",119,9,200,"biased","robust",0.93734614445091,FALSE,-0.000311504802935403,TRUE,0.789181706522253,0.788870201719317,0.0271767951616294,0.728796259143373,0.789925168514551,0.836447516773561,TRUE,-0.0114621610488941,0.107651257630188,-0.00169728731113705,0.111162373847786,0.183530979635215,0.968414526461935
194,"survival_110",19,9,50,"correct","full",NA,FALSE,-0.00161836220640432,TRUE,0.789181706522253,0.787563344315849,0.0286069210225102,0.725931645378173,0.788403269615256,0.839367018366722,TRUE,-0.05657240096307,0.113435372988549,-0.00169728731113705,0.111162373847786,0.953499266615116,1.02044755848662
194,"survival_110",59,9,200,"biased","full",NA,FALSE,-8.05326653171567e-05,TRUE,0.789181706522253,0.789101173856936,0.0270036111472871,0.731131190873146,0.791454603572871,0.836657095327632,TRUE,-0.00298229243777447,0.105525904454486,-0.00169728731113705,0.111162373847786,0.0474478686011068,0.949295168875954
194,"survival_110",49,9,50,"biased","full",NA,FALSE,0.000317866616862394,TRUE,0.789181706522253,0.789499573139115,0.0284582151269878,0.727751644474328,0.7910113079442,0.839787600383262,TRUE,0.0111695907647051,0.112035955908934,-0.00169728731113705,0.111162373847786,0.187279204161049,1.00785861286432
194,"survival_110",129,9,800,"biased","robust",0.960056696476506,FALSE,0.0115210913317384,TRUE,0.789181706522253,0.800702797853991,0.0265479072470735,0.7436777739543,0.801704586546008,0.848230129533827,TRUE,0.433973616997943,0.104552355579527,-0.00169728731113705,0.111162373847786,6.7879440658872,0.940537269586293
194,"survival_110",89,9,200,"correct","robust",0.989838230797392,FALSE,0.00191188440168588,TRUE,0.789181706522253,0.791093590923939,0.0282194850607236,0.733891579830963,0.793282458594287,0.841668505776463,TRUE,0.067750506345946,0.107776925945501,-0.00169728731113705,0.111162373847786,1.126435335456,0.969545019730142
194,"growth_increment_50",109,9,50,"biased","robust",0.968919978454297,FALSE,-1.04178487880299,TRUE,12,10.958215121197,1.31418525619625,8.46729246025513,10.944184724869,13.4993058629249,TRUE,-0.792722999966012,5.03201340266975,-1.37008157594925,5.28511445010522,0.760381642298342,0.952110583446225
194,"growth_increment_50",9,9,0,"weak","none",NA,FALSE,-1.37008157594925,TRUE,12,10.6299184240507,1.33864090019981,7.93544261469865,10.6501150830796,13.2205570648039,TRUE,-1.0234870126445,5.28511445010522,-1.37008157594925,5.28511445010522,1,1
194,"growth_increment_50",69,9,800,"biased","full",NA,FALSE,-1.30186727042036,TRUE,12,10.6981327295796,1.28308076387779,8.26528812224541,10.7102468945515,13.1233945547871,TRUE,-1.0146417178649,4.85810643254174,-1.37008157594925,5.28511445010522,0.950211500741021,0.91920553062858
194,"growth_increment_50",39,9,800,"correct","full",NA,FALSE,-1.80377669777845,TRUE,12,10.1962233022215,1.41991701034071,7.35843476018086,10.1890286710372,13.1011381041289,TRUE,-1.27033952311455,5.74270334394802,-1.37008157594925,5.28511445010522,1.31654693373182,1.08658069719449
194,"growth_increment_50",89,9,200,"correct","robust",0.989838230797392,FALSE,-1.60532934179031,TRUE,12,10.3946706582097,1.3100729575288,7.92088322662062,10.364612874203,12.9006779532485,TRUE,-1.22537400116896,4.97979472662784,-1.37008157594925,5.28511445010522,1.17170347369869,0.942230253221612
194,"growth_increment_50",19,9,50,"correct","full",NA,FALSE,-1.5631342473281,TRUE,12,10.4368657526719,1.36452742339981,7.79939179547441,10.441884851656,12.9304049658861,TRUE,-1.14554989553339,5.13101317041165,-1.37008157594925,5.28511445010522,1.14090596849687,0.970842394966395
194,"growth_increment_50",49,9,50,"biased","full",NA,FALSE,-1.0376027918542,TRUE,12,10.9623972081458,1.27345255711602,8.45849333577709,10.9515809619358,13.572077178564,TRUE,-0.814795012233558,5.11358384278696,-1.37008157594925,5.28511445010522,0.757329205843311,0.967544580361009
194,"growth_increment_50",29,9,200,"correct","full",NA,FALSE,-1.56479357808388,TRUE,12,10.4352064219161,1.32198426271416,7.8765718550947,10.4659571190323,13.0770312040431,TRUE,-1.18367035237713,5.20045934894842,-1.37008157594925,5.28511445010522,1.14211708671414,0.983982352330116
194,"growth_increment_50",119,9,200,"biased","robust",0.93734614445091,FALSE,-0.751024104234833,TRUE,12,11.2489758957652,1.28051880936138,8.83825614069394,11.2919258309466,13.7470138634539,TRUE,-0.58649986141897,4.90875772275995,-1.37008157594925,5.28511445010522,0.548160136898776,0.928789294745023
194,"growth_increment_50",79,9,50,"correct","robust",0.976102273436012,FALSE,-1.48110579371843,TRUE,12,10.5188942062816,1.37338942826737,7.87267782222796,10.5365393784223,13.1636507837388,TRUE,-1.07843104310695,5.29097296151086,-1.37008157594925,5.28511445010522,1.08103474984127,1.00110849281713
194,"growth_increment_50",129,9,800,"biased","robust",0.960056696476506,FALSE,-1.32464497748326,TRUE,12,10.6753550225167,1.24648357345823,8.23828154651236,10.6895491312448,13.1795021518574,TRUE,-1.06270552271153,4.94122060534503,-1.37008157594925,5.28511445010522,0.966836574359073,0.934931618225725
194,"growth_increment_50",99,9,800,"correct","robust",0.991107611684889,FALSE,-1.81938411367544,TRUE,12,10.1806158863246,1.33408532305361,7.48279187781986,10.1654284746262,12.7546336581316,TRUE,-1.36376893009439,5.27184178031172,-1.37008157594925,5.28511445010522,1.32793852980243,0.997488669371535
194,"growth_increment_50",59,9,200,"biased","full",NA,FALSE,-0.777757038944149,TRUE,12,11.2222429610559,1.28473735077935,8.71564488555919,11.1848385758836,13.7232218959013,TRUE,-0.605382133922039,5.00757701034216,-1.37008157594925,5.28511445010522,0.567672066099629,0.947486957494832
194,"growth_increment_80",69,9,800,"biased","full",NA,FALSE,-1.0460763837511,TRUE,8.4,7.3539236162489,0.847873198335331,5.77626333240577,7.37276108223949,8.94615199775607,TRUE,-1.23376512644216,3.1698886653503,-1.30623382740068,3.41628731065614,0.800833940912959,0.927875315247267
194,"growth_increment_80",29,9,200,"correct","full",NA,FALSE,-1.41932270367786,TRUE,8.4,6.98067729632214,0.849611041081542,5.40723879943822,6.97939138760477,8.6107518370819,TRUE,-1.67055586032767,3.20351303764367,-1.30623382740068,3.41628731065614,1.08657628818434,0.93771768775162
194,"growth_increment_80",79,9,50,"correct","robust",0.976102273436012,FALSE,-1.41970769389786,TRUE,8.4,6.98029230610214,0.879182246062933,5.26683850225183,6.98049630796772,8.65762907296874,TRUE,-1.6148047805281,3.39079057071691,-1.30623382740068,3.41628731065614,1.08687102118844,0.992536710873321
194,"growth_increment_80",129,9,800,"biased","robust",0.960056696476506,FALSE,-1.06836328265872,TRUE,8.4,7.33163671734128,0.814102609585794,5.70037011446487,7.34502347430625,8.97798758670659,TRUE,-1.31232017939641,3.27761747224172,-1.30623382740068,3.41628731065614,0.817895892946435,0.959409198991584
194,"growth_increment_80",19,9,50,"correct","full",NA,FALSE,-1.47783955504206,TRUE,8.4,6.92216044495795,0.852551266676205,5.17240912624876,6.91541764757148,8.5677475206158,TRUE,-1.73343189178948,3.39533839436703,-1.30623382740068,3.41628731065614,1.13137443238846,0.993867929016462
194,"growth_increment_80",49,9,50,"biased","full",NA,FALSE,-1.06808099589923,TRUE,8.4,7.33191900410077,0.833171315706522,5.66372545472588,7.31985585120294,9.02171268004871,TRUE,-1.28194643258152,3.35798722532283,-1.30623382740068,3.41628731065614,0.817679785574564,0.982934665608641
194,"growth_increment_80",9,9,0,"weak","none",NA,FALSE,-1.30623382740068,TRUE,8.4,7.09376617259932,0.876412748504343,5.35574546108558,7.11068248080252,8.77203277174172,TRUE,-1.49043225310204,3.41628731065614,-1.30623382740068,3.41628731065614,1,1
194,"growth_increment_80",39,9,800,"correct","full",NA,FALSE,-1.46389328439071,TRUE,8.4,6.93610671560929,0.910772636002437,5.06701127822128,6.91625899545325,8.79606542788885,TRUE,-1.60730925208297,3.72905414966757,-1.30623382740068,3.41628731065614,1.12069772936731,1.09155167893398
194,"growth_increment_80",99,9,800,"correct","robust",0.991107611684889,FALSE,-1.46366290688508,TRUE,8.4,6.93633709311492,0.872301624551464,5.1677287792174,6.93422775601465,8.64208846029825,TRUE,-1.67793211165656,3.47435968108085,-1.30623382740068,3.41628731065614,1.12052136162916,1.01699867872458
194,"growth_increment_80",109,9,50,"biased","robust",0.968919978454297,FALSE,-1.05883643386994,TRUE,8.4,7.34116356613006,0.868344006060109,5.66949666636141,7.35812648118686,9.06336486566491,TRUE,-1.2193743798315,3.3938681993035,-1.30623382740068,3.41628731065614,0.810602521278261,0.99343758024019
194,"growth_increment_80",89,9,200,"correct","robust",0.989838230797392,FALSE,-1.43241971184056,TRUE,8.4,6.96758028815944,0.836785307190346,5.36054092610475,6.93759614031428,8.60890444016463,TRUE,-1.71181269500316,3.24836351405988,-1.30623382740068,3.41628731065614,1.09660283005454,0.950846114121471
194,"growth_increment_80",59,9,200,"biased","full",NA,FALSE,-0.879225121139206,TRUE,8.4,7.52077487886079,0.825903968762831,6.0164114428091,7.48083827321551,9.15150086978448,TRUE,-1.06456095913457,3.13508942697538,-1.30623382740068,3.41628731065614,0.673099335429712,0.917689041315804
194,"growth_increment_80",119,9,200,"biased","robust",0.93734614445091,FALSE,-0.865017324225906,TRUE,8.4,7.5349826757741,0.833398733252216,5.90563931408461,7.54956516709479,9.13676505982648,TRUE,-1.03793933169337,3.23112574574187,-1.30623382740068,3.41628731065614,0.662222418437313,0.945800353402153
194,"growth_increment_110",69,9,800,"biased","full",NA,FALSE,-0.790285497081836,TRUE,4.8,4.00971450291816,0.589543635613886,2.89810961310118,4.00664381363488,5.20233795043779,TRUE,-1.34050382251845,2.30422833733661,-1.24238607885213,2.51753162508007,0.636102988059878,0.915272846776383
194,"growth_increment_110",129,9,800,"biased","robust",0.960056696476506,FALSE,-0.8120815878342,TRUE,4.8,3.9879184121658,0.581209892483043,2.87276258047762,3.97490913566296,5.1884860934289,TRUE,-1.39722602511947,2.31572351295128,-1.24238607885213,2.51753162508007,0.653646721946933,0.919838896910631
194,"growth_increment_110",9,9,0,"weak","none",NA,FALSE,-1.24238607885213,TRUE,4.8,3.55761392114787,0.631550573875128,2.27996022371447,3.56775614756035,4.79749184879454,FALSE,-1.96719966736627,2.51753162508007,-1.24238607885213,2.51753162508007,1,1
194,"growth_increment_110",49,9,50,"biased","full",NA,FALSE,-1.09855919994426,TRUE,4.8,3.70144080005574,0.597128388015003,2.51721146537459,3.70443930466794,4.8166775580918,TRUE,-1.8397370180241,2.29946609271722,-1.24238607885213,2.51753162508007,0.884233346335659,0.913381214285277
194,"growth_increment_110",109,9,50,"biased","robust",0.968919978454297,FALSE,-1.07588798893687,TRUE,4.8,3.72411201106313,0.626024058769826,2.53970504322789,3.71381876096132,4.94050420964996,TRUE,-1.71860485849546,2.40079916642207,-1.24238607885213,2.51753162508007,0.865985225728632,0.953632177846311
194,"growth_increment_110",79,9,50,"correct","robust",0.976102273436012,FALSE,-1.35830959407728,TRUE,4.8,3.44169040592272,0.62152562829021,2.1828313170028,3.46315797980796,4.62259791387971,FALSE,-2.18544422345693,2.43976659687691,-1.24238607885213,2.51753162508007,1.09330715886019,0.969110605233933
194,"growth_increment_110",29,9,200,"correct","full",NA,FALSE,-1.27385182927184,TRUE,4.8,3.52614817072816,0.584395215642103,2.4079111032517,3.53876867558629,4.71963507160749,FALSE,-2.17977799129002,2.31172396835579,-1.24238607885213,2.51753162508007,1.02532686976723,0.918250219908267
194,"growth_increment_110",59,9,200,"biased","full",NA,FALSE,-0.98069320333425,TRUE,4.8,3.81930679666575,0.57850427027479,2.71833166940733,3.80264735028755,5.01322884998705,TRUE,-1.69522206442559,2.29489718057972,-1.24238607885213,2.51753162508007,0.789362678822298,0.911566376254253
194,"growth_increment_110",19,9,50,"correct","full",NA,FALSE,-1.39254486275602,TRUE,4.8,3.40745513724398,0.565509746024816,2.37482164809533,3.40421865157234,4.45314846231401,FALSE,-2.46245952884941,2.07832681421868,-1.24238607885213,2.51753162508007,1.12086322155398,0.825541492116343
194,"growth_increment_110",89,9,200,"correct","robust",0.989838230797392,FALSE,-1.25951008189076,TRUE,4.8,3.54048991810924,0.573546663010699,2.51853550222539,3.51960463705221,4.66557136093745,FALSE,-2.1960028069543,2.14703585871206,-1.24238607885213,2.51753162508007,1.01378315753059,0.852833719077422
194,"growth_increment_110",99,9,800,"correct","robust",0.991107611684889,FALSE,-1.10794170009473,TRUE,4.8,3.69205829990527,0.596650668482814,2.59051495396004,3.688995038422,4.82597787573854,TRUE,-1.85693532014645,2.2354629217785,-1.24238607885213,2.51753162508007,0.891785346724409,0.887958228412485
194,"growth_increment_110",119,9,200,"biased","robust",0.93734614445091,FALSE,-0.979010544216969,TRUE,4.8,3.82098945578303,0.596615719657745,2.69370873356304,3.82427490801426,4.95868358613679,TRUE,-1.64093990815158,2.26497485257375,-1.24238607885213,2.51753162508007,0.788008301832792,0.899680794477294
194,"growth_increment_110",39,9,800,"correct","full",NA,FALSE,-1.12400987100299,TRUE,4.8,3.67599012899701,0.593362124347362,2.46681507755699,3.69618546267723,4.80833147699224,TRUE,-1.89430673931082,2.34151639943525,-1.24238607885213,2.51753162508007,0.904718662045448,0.930084204745902
194,"growth_sd.log_growth_sd",69,9,800,"biased","full",NA,FALSE,1.27861572781835,TRUE,4.5,5.77861572781835,0.792920407574962,4.35910281378291,5.73678524720764,7.5829355733129,TRUE,1.61253981560245,3.22383275952999,1.10551382200491,2.87318160721924,1.15658049892086,1.12204280837302
194,"growth_sd.log_growth_sd",129,9,800,"biased","robust",0.960056696476506,FALSE,1.20058133938914,TRUE,4.5,5.70058133938914,0.779491088680636,4.34727160660688,5.63917341204167,7.38752919894151,TRUE,1.54021175716228,3.04025759233463,1.10551382200491,2.87318160721924,1.08599396542308,1.05815016520208
194,"growth_sd.log_growth_sd",49,9,50,"biased","full",NA,FALSE,1.11493752544046,TRUE,4.5,5.61493752544046,0.727566119078077,4.26296881018904,5.56570643128598,7.19186778143283,TRUE,1.5324208978467,2.92889897124379,1.10551382200491,2.87318160721924,1.00852427463861,1.01939221798043
194,"growth_sd.log_growth_sd",59,9,200,"biased","full",NA,FALSE,1.1503553235041,TRUE,4.5,5.6503553235041,0.723519111816655,4.33276778375693,5.6054050355829,7.11318036615266,TRUE,1.58994462581053,2.78041258239573,1.10551382200491,2.87318160721924,1.04056168327038,0.967712091504965
194,"growth_sd.log_growth_sd",109,9,50,"biased","robust",0.968919978454297,FALSE,1.08139098341406,TRUE,4.5,5.58139098341406,0.736136974316345,4.25643703930372,5.54602507180918,7.07258010187834,TRUE,1.46900783569302,2.81614306257462,1.10551382200491,2.87318160721924,0.978179523303382,0.980147950097792
194,"growth_sd.log_growth_sd",79,9,50,"correct","robust",0.976102273436012,FALSE,1.04304386951083,TRUE,4.5,5.54304386951083,0.743116556812391,4.19572834059587,5.48752057362144,7.10582881805255,TRUE,1.40360736138754,2.91010047745667,1.10551382200491,2.87318160721924,0.943492382229302,1.01284947326151
194,"growth_sd.log_growth_sd",9,9,0,"weak","none",NA,FALSE,1.10551382200491,TRUE,4.5,5.60551382200491,0.739821385630149,4.34953276591723,5.56304463872198,7.22271437313648,TRUE,1.49429827722982,2.87318160721924,1.10551382200491,2.87318160721924,1,1
194,"growth_sd.log_growth_sd",39,9,800,"correct","full",NA,FALSE,1.19343994912193,TRUE,4.5,5.69343994912193,0.742474328602698,4.41813273957604,5.66071481182223,7.31575496682147,TRUE,1.60738210487079,2.89762222724542,1.10551382200491,2.87318160721924,1.07953417258733,1.00850646543357
194,"growth_sd.log_growth_sd",99,9,800,"correct","robust",0.991107611684889,FALSE,1.18738779311084,TRUE,4.5,5.68738779311084,0.758834803251323,4.42793298916838,5.60336846171502,7.43435372076999,TRUE,1.56475136356863,3.00642073160162,1.10551382200491,2.87318160721924,1.07405965396023,1.04637337370098
194,"growth_sd.log_growth_sd",29,9,200,"correct","full",NA,FALSE,1.13073150594223,TRUE,4.5,5.63073150594223,0.74701771681366,4.36483416081766,5.51215374567267,7.20473177145287,TRUE,1.51366089517297,2.8398976106352,1.10551382200491,2.87318160721924,1.02281082645496,0.988415630776554
194,"growth_sd.log_growth_sd",19,9,50,"correct","full",NA,FALSE,1.01444367147633,TRUE,4.5,5.51444367147633,0.686249694367379,4.2770154131163,5.49021198137999,6.90060826792413,TRUE,1.47824280258733,2.62359285480784,1.10551382200491,2.87318160721924,0.917621879784899,0.913131577974646
194,"growth_sd.log_growth_sd",89,9,200,"correct","robust",0.989838230797392,FALSE,1.12376354113553,TRUE,4.5,5.62376354113553,0.722533165707833,4.34635002179313,5.5796779705538,7.05266892248657,TRUE,1.55531066872844,2.70631890069344,1.10551382200491,2.87318160721924,1.01650790679172,0.941924065604994
194,"growth_sd.log_growth_sd",119,9,200,"biased","robust",0.93734614445091,FALSE,1.13707031670825,TRUE,4.5,5.63707031670825,0.737104126141828,4.34598716615683,5.56992067005528,7.2376907140892,TRUE,1.54261830368517,2.89170354793237,1.10551382200491,2.87318160721924,1.02854464057818,1.00644649146667
194,"recruitment_50",59,9,200,"biased","full",NA,FALSE,0.0192076477987291,TRUE,0.019387103915861,0.0385947517145901,0.00991375001982014,0.0232879419192045,0.0373871519777887,0.0606881225855357,FALSE,1.93747550223962,0.0374001806663312,-0.00264720385023601,0.0427429753687664,7.25582497056908,0.875001806581315
194,"recruitment_50",129,9,800,"biased","robust",0.960056696476506,FALSE,0.0253743033567999,TRUE,0.019387103915861,0.0447614072726609,0.00951212091921892,0.0154433045090662,0.0449519032986214,0.0613658006916285,TRUE,2.66757577750425,0.0459224961825623,-0.00264720385023601,0.0427429753687664,9.58532277540228,1.07438697906181
194,"recruitment_50",49,9,50,"biased","full",NA,FALSE,0.00540947964798685,TRUE,0.019387103915861,0.0247965835638479,0.00998690969908899,0.0105685895417904,0.022971759626528,0.0493349055639437,TRUE,0.541657010123994,0.0387663160221533,-0.00264720385023601,0.0427429753687664,2.04346924302961,0.906963441072963
194,"recruitment_50",39,9,800,"correct","full",NA,FALSE,-0.000789824862124935,TRUE,0.019387103915861,0.0185972790537361,0.0036812625977437,0.0123702353991241,0.0181210648869232,0.0274204945282914,TRUE,-0.214552708793182,0.0150502591291673,-0.00264720385023601,0.0427429753687664,0.298361934633224,0.352110703555864
194,"recruitment_50",99,9,800,"correct","robust",0.991107611684889,FALSE,-0.000663246960733072,TRUE,0.019387103915861,0.0187238569551279,0.00369153242823738,0.0126089545626562,0.0182649156324009,0.0267311031505281,TRUE,-0.179667109425816,0.0141221485878719,-0.00264720385023601,0.0427429753687664,0.250546236049762,0.330396947475757
194,"recruitment_50",89,9,200,"correct","robust",0.989838230797392,FALSE,-0.00474324365261636,TRUE,0.019387103915861,0.0146438602632446,0.0051199887125673,0.00706926726764761,0.0140439939656248,0.0264000882806708,TRUE,-0.926416818258564,0.0193308210130232,-0.00264720385023601,0.0427429753687664,1.79179387797939,0.452257262070456
194,"recruitment_50",109,9,50,"biased","robust",0.968919978454297,FALSE,0.00550801236144148,TRUE,0.019387103915861,0.0248951162773025,0.0109264063536081,0.00975181895990022,0.0228450716434809,0.0514258179638705,TRUE,0.504100999284422,0.0416739990039703,-0.00264720385023601,0.0427429753687664,2.08069067327414,0.974990595400216
194,"recruitment_50",69,9,800,"biased","full",NA,FALSE,0.0265658268605827,TRUE,0.019387103915861,0.0459529307764437,0.00725393158188776,0.033655183395438,0.0455774029705128,0.0610384243864216,FALSE,3.66226598096328,0.0273832409909836,-0.00264720385023601,0.0427429753687664,10.0354292164596,0.640648919611559
194,"recruitment_50",119,9,200,"biased","robust",0.93734614445091,FALSE,0.0180164682384702,TRUE,0.019387103915861,0.0374035721543312,0.011296878352385,0.0131122873358177,0.0369274242685445,0.0604692670711309,TRUE,1.59481829196352,0.0473569797353132,-0.00264720385023601,0.0427429753687664,6.80584845661355,1.10794766453995
194,"recruitment_50",29,9,200,"correct","full",NA,FALSE,-0.004960297203319,TRUE,0.019387103915861,0.014426806712542,0.00497615723158477,0.00708192796564507,0.0135133783103192,0.0259473766852011,TRUE,-0.996812795993443,0.018865448719556,-0.00264720385023601,0.0427429753687664,1.87378739377278,0.441369571415975
194,"recruitment_50",79,9,50,"correct","robust",0.976102273436012,FALSE,-0.00802913152246725,TRUE,0.019387103915861,0.0113579723933938,0.00662007608303097,0.003566695298246,0.00985249100516508,0.0274160832318424,TRUE,-1.21284580747464,0.0238493879335964,-0.00264720385023601,0.0427429753687664,3.03306128908486,0.557972104839101
194,"recruitment_50",9,9,0,"weak","none",NA,FALSE,-0.00264720385023601,TRUE,0.019387103915861,0.016739900065625,0.0113268195344419,0.00366740364399776,0.013678406070056,0.0464103790127641,TRUE,-0.233711135079582,0.0427429753687664,-0.00264720385023601,0.0427429753687664,1,1
194,"recruitment_50",19,9,50,"correct","full",NA,FALSE,-0.00820207823539141,TRUE,0.019387103915861,0.0111850256804696,0.00624060337222401,0.00347656254397318,0.00962440324355589,0.0280177925150873,TRUE,-1.31430852854672,0.0245412299711141,-0.00264720385023601,0.0427429753687664,3.09839313457486,0.574158203994548
194,"recruitment_80",59,9,200,"biased","full",NA,FALSE,0.0982173769218502,TRUE,0.183939720585721,0.282157097507571,0.034480338558645,0.221927147765936,0.28009980073076,0.355914107409533,FALSE,2.84850384385872,0.133986959643596,-0.0116377891848651,0.2315535166576,8.43952191964275,0.578643596424941
194,"recruitment_80",39,9,800,"correct","full",NA,FALSE,0.00170165177643367,TRUE,0.183939720585721,0.185641372362155,0.0174821485017344,0.153686361282533,0.184642881659492,0.2252727329599,TRUE,0.0973365359678099,0.0715863716773672,-0.0116377891848651,0.2315535166576,0.146217786677788,0.309156918498553
194,"recruitment_80",109,9,50,"biased","robust",0.968919978454297,FALSE,0.0358622578633794,TRUE,0.183939720585721,0.219801978449101,0.0482808451653885,0.139017211386647,0.215677863526441,0.323445685372857,TRUE,0.742784384584225,0.18442847398621,-0.0116377891848651,0.2315535166576,3.08153527218195,0.796483148467686
194,"recruitment_80",79,9,50,"correct","robust",0.976102273436012,FALSE,-0.0424025324475519,TRUE,0.183939720585721,0.141537188138169,0.0408762314258536,0.0806581698852278,0.135658039501312,0.236120073046154,TRUE,-1.03733957286319,0.155461903160927,-0.0116377891848651,0.2315535166576,3.6435212714367,0.671386491576412
194,"recruitment_80",119,9,200,"biased","robust",0.93734614445091,FALSE,0.0919916236034569,TRUE,0.183939720585721,0.275931344189178,0.0455967922188339,0.154734509155173,0.278294341256895,0.352300030333881,TRUE,2.01750209010228,0.197565521178709,-0.0116377891848651,0.2315535166576,7.90456178077979,0.853217537053648
194,"recruitment_80",9,9,0,"weak","none",NA,FALSE,-0.0116377891848651,TRUE,0.183939720585721,0.172301931400856,0.0591315322654514,0.081328737533518,0.163034905979331,0.312882254191118,TRUE,-0.19681189948911,0.2315535166576,-0.0116377891848651,0.2315535166576,1,1
194,"recruitment_80",29,9,200,"correct","full",NA,FALSE,-0.0203989675803014,TRUE,0.183939720585721,0.16354075300542,0.0287656164822463,0.114829864917729,0.161263039189744,0.22670405190911,TRUE,-0.70914411282968,0.111874186991381,-0.0116377891848651,0.2315535166576,1.75282154164041,0.483146136609144
194,"recruitment_80",49,9,50,"biased","full",NA,FALSE,0.0359605053833834,TRUE,0.183939720585721,0.219900225969104,0.0447231370141887,0.143742520344004,0.214863555228031,0.318768637534738,TRUE,0.804069387439765,0.175026117190734,-0.0116377891848651,0.2315535166576,3.08997738420541,0.755877603230473
194,"recruitment_80",69,9,800,"biased","full",NA,FALSE,0.114111580185904,TRUE,0.183939720585721,0.298051300771625,0.0215235051027303,0.258872442693598,0.297544666093017,0.342720894670155,FALSE,5.30171919681561,0.0838484519765569,-0.0116377891848651,0.2315535166576,9.80526269837453,0.362112626000598
194,"recruitment_80",89,9,200,"correct","robust",0.989838230797392,FALSE,-0.0193866611862827,TRUE,0.183939720585721,0.164553059399438,0.0287158600199445,0.114414816914443,0.162537061969904,0.225379398158433,TRUE,-0.675120340216791,0.110964581243991,-0.0116377891848651,0.2315535166576,1.66583711719877,0.479217862227827
194,"recruitment_80",129,9,800,"biased","robust",0.960056696476506,FALSE,0.10895863810897,TRUE,0.183939720585721,0.292898358694691,0.034382419584884,0.174504321987753,0.296120041830008,0.343805197531332,TRUE,3.16902182640088,0.169300875543579,-0.0116377891848651,0.2315535166576,9.36248598236088,0.731152253644782
194,"recruitment_80",19,9,50,"correct","full",NA,FALSE,-0.0434978145731534,TRUE,0.183939720585721,0.140441906012568,0.0400148577960788,0.0781751936387047,0.134566740020739,0.232151728001819,TRUE,-1.08704158827264,0.153976534363115,-0.0116377891848651,0.2315535166576,3.73763554934662,0.664971694603113
194,"recruitment_80",99,9,800,"correct","robust",0.991107611684889,FALSE,0.0023270635591022,TRUE,0.183939720585721,0.186266784144823,0.0177795919395552,0.155533436308975,0.185112553308955,0.222915525225529,TRUE,0.130883968935477,0.0673820889165541,-0.0116377891848651,0.2315535166576,0.199957528198615,0.291000067237987
194,"recruitment_110",109,9,50,"biased","robust",0.968919978454297,FALSE,0.279333653931681,TRUE,1.74517147873092,2.0245051326626,0.127679955659128,1.79002441479921,2.02029017500345,2.29179585678097,FALSE,2.18776434006156,0.501771441981759,0.192477725872697,0.56370638260921,1.45125184051909,0.890129076877266
194,"recruitment_110",39,9,800,"correct","full",NA,FALSE,0.129864533562112,TRUE,1.74517147873092,1.87503601229303,0.101388775293493,1.68737740108064,1.87231939718154,2.07376108296987,TRUE,1.2808571085526,0.386383681889231,0.192477725872697,0.56370638260921,0.674699022826171,0.685434286021012
194,"recruitment_110",69,9,800,"biased","full",NA,FALSE,0.204210521540959,TRUE,1.74517147873092,1.94938200027188,0.0980263487346417,1.76969234569452,1.94355048522714,2.15877727125136,FALSE,2.08322072766128,0.389084925556842,0.192477725872697,0.56370638260921,1.06095664116492,0.690226219820143
194,"recruitment_110",49,9,50,"biased","full",NA,FALSE,0.281124547321108,TRUE,1.74517147873092,2.02629602605203,0.127322407515903,1.77232286593515,2.02112062743926,2.27194230054863,FALSE,2.20797385790867,0.499619434613476,0.192477725872697,0.56370638260921,1.46055625941384,0.886311473538589
194,"recruitment_110",119,9,200,"biased","robust",0.93734614445091,FALSE,0.344302150487344,TRUE,1.74517147873092,2.08947362921826,0.130769101191995,1.82284162751064,2.09595265515777,2.32895891516396,FALSE,2.63290140674622,0.506117287653326,0.192477725872697,0.56370638260921,1.78878958033337,0.897838490511101
194,"recruitment_110",19,9,50,"correct","full",NA,FALSE,0.134026572864308,TRUE,1.74517147873092,1.87919805159523,0.135512454952427,1.63734106460531,1.87377650587337,2.16606208394716,TRUE,0.989035088408368,0.528721019341848,0.192477725872697,0.56370638260921,0.696322508262344,0.937936904128304
194,"recruitment_110",29,9,200,"correct","full",NA,FALSE,0.161848620100409,TRUE,1.74517147873092,1.90702009883133,0.120835979679103,1.68188200334858,1.90389683711416,2.16476843367248,TRUE,1.33940752191708,0.482886430323906,0.192477725872697,0.56370638260921,0.840869349253713,0.856627572831063
194,"recruitment_110",59,9,200,"biased","full",NA,FALSE,0.356071226229795,TRUE,1.74517147873092,2.10124270496072,0.121679561748376,1.87911088513297,2.1014617459413,2.351944596698,FALSE,2.92630266836531,0.472833711565033,0.192477725872697,0.56370638260921,1.84993471122626,0.838794319440633
194,"recruitment_110",129,9,800,"biased","robust",0.960056696476506,FALSE,0.20297729461841,TRUE,1.74517147873092,1.94814877334933,0.0994137511611803,1.76098636905137,1.94446186249616,2.14344472102089,FALSE,2.04174263869514,0.382458351969517,0.192477725872697,0.56370638260921,1.0545495261756,0.67847085604964
194,"recruitment_110",79,9,50,"correct","robust",0.976102273436012,FALSE,0.136769133289495,TRUE,1.74517147873092,1.88194061202042,0.13764721470511,1.63377809430623,1.87109266592292,2.17345777508211,TRUE,0.9936207832647,0.539679680775877,0.192477725872697,0.56370638260921,0.710571224121554,0.957377275520421
194,"recruitment_110",9,9,0,"weak","none",NA,FALSE,0.192477725872697,TRUE,1.74517147873092,1.93764920460362,0.14638246373653,1.67596358343106,1.93482895896263,2.23966996604027,TRUE,1.31489606718967,0.56370638260921,0.192477725872697,0.56370638260921,1,1
194,"recruitment_110",99,9,800,"correct","robust",0.991107611684889,FALSE,0.129896898569672,TRUE,1.74517147873092,1.87506837730059,0.101010249753481,1.68978680227914,1.87170753242908,2.07993835367536,TRUE,1.28597740216156,0.39015155139622,0.192477725872697,0.56370638260921,0.674867172192093,0.692118385444453
194,"recruitment_110",89,9,200,"correct","robust",0.989838230797392,FALSE,0.157727958847808,TRUE,1.74517147873092,1.90289943757873,0.11940041674327,1.68410043515786,1.89535520028115,2.16556304535114,TRUE,1.32100006976482,0.48146261019328,0.192477725872697,0.56370638260921,0.81946083959932,0.854101754116653
194,"recruit_mean_50",39,9,800,"correct","full",NA,FALSE,-0.998885877207449,TRUE,44,43.0011141227926,1.84741815083087,39.5088976961466,43.0391032197626,46.6317687561367,TRUE,-0.540692899849558,7.1228710599901,-0.967851951231303,7.57665469722949,1.03206474496091,0.940107652338265
194,"recruit_mean_50",109,9,50,"biased","robust",0.968919978454297,FALSE,-0.780576030983958,TRUE,44,43.219423969016,1.81548606806996,39.713316557434,43.2255288155886,46.7480076322427,TRUE,-0.429954294176319,7.03469107480866,-0.967851951231303,7.57665469722949,0.806503546323286,0.928469272511653
194,"recruit_mean_50",49,9,50,"biased","full",NA,FALSE,-0.722812510461964,TRUE,44,43.277187489538,1.86872894799426,39.424332710835,43.3089413225378,46.8825213611681,TRUE,-0.38679366059897,7.45818865033306,-0.967851951231303,7.57665469722949,0.746821359963577,0.984364333385849
194,"recruit_mean_50",119,9,200,"biased","robust",0.93734614445091,FALSE,-0.585212716147502,TRUE,44,43.4147872838525,1.77014595272843,40.0114022618807,43.4008543738866,46.7061831977452,TRUE,-0.330601392074749,6.69478093586459,-0.967851951231303,7.57665469722949,0.604651068175245,0.883606446828391
194,"recruit_mean_50",79,9,50,"correct","robust",0.976102273436012,FALSE,-1.22642843219876,TRUE,44,42.7735715678012,2.05545164771234,38.7062801070286,42.7157894407304,46.6888989487913,TRUE,-0.596671020485323,7.98261884176269,-0.967851951231303,7.57665469722949,1.26716532486037,1.05358092202376
194,"recruit_mean_50",59,9,200,"biased","full",NA,FALSE,-0.578049672630954,TRUE,44,43.421950327369,1.71394353627904,40.0982170184108,43.3846979804198,46.9390563463631,TRUE,-0.337262961349296,6.8408393279523,-0.967851951231303,7.57665469722949,0.59725009790553,0.902883871750648
194,"recruit_mean_50",69,9,800,"biased","full",NA,FALSE,-0.723800645906223,TRUE,44,43.2761993540938,1.58890133398092,40.341735397107,43.2587744553566,46.5306917663317,TRUE,-0.455535300038281,6.18895636922475,-0.967851951231303,7.57665469722949,0.747842317190561,0.816845509864378
194,"recruit_mean_50",99,9,800,"correct","robust",0.991107611684889,FALSE,-1.04476875872276,TRUE,44,42.9552312412772,1.85677577167038,39.3212882020154,43.0264556378756,46.5385093711385,TRUE,-0.562679013084531,7.21722116912306,-0.967851951231303,7.57665469722949,1.07947166650189,0.952560392089948
194,"recruit_mean_50",9,9,0,"weak","none",NA,FALSE,-0.967851951231303,TRUE,44,43.0321480487687,1.93924474125517,39.3559436612426,42.9816034313253,46.932598358472,TRUE,-0.499087057265844,7.57665469722949,-0.967851951231303,7.57665469722949,1,1
194,"recruit_mean_50",129,9,800,"biased","robust",0.960056696476506,FALSE,-0.724982508080181,TRUE,44,43.2750174919198,1.63243078661674,40.0614714942273,43.3239751145804,46.3038994434706,TRUE,-0.444112249060633,6.24242794924331,-0.967851951231303,7.57665469722949,0.749063435949948,0.82390292268776
194,"recruit_mean_50",29,9,200,"correct","full",NA,FALSE,-1.06886515609988,TRUE,44,42.9311348439001,1.95421745902647,38.8359453790854,43.0007776638849,46.5311808463415,TRUE,-0.546953027751762,7.69523546725603,-0.967851951231303,7.57665469722949,1.10436844678576,1.01565080827425
194,"recruit_mean_50",89,9,200,"correct","robust",0.989838230797392,FALSE,-1.04955171558804,TRUE,44,42.950448284412,1.89004696720598,39.2558582236338,42.9876962987722,46.5755813170633,TRUE,-0.555304568510046,7.31972309342948,-0.967851951231303,7.57665469722949,1.08441349346126,0.966089044034968
194,"recruit_mean_50",19,9,50,"correct","full",NA,FALSE,-1.14395920235353,TRUE,44,42.8560407976465,2.00719290256072,38.8034483203835,42.861801659951,46.8244095730594,TRUE,-0.569929876143989,8.02096125267586,-0.967851951231303,7.57665469722949,1.18195680744166,1.058641520988
194,"recruit_mean_80",39,9,800,"correct","full",NA,FALSE,-0.576676656413383,TRUE,44.6,44.0233233435866,1.02956121027154,42.0646568329256,44.0218011939536,46.0192598249329,TRUE,-0.560118864871851,3.95460299200723,-0.552769825767278,4.27956583508117,1.04324916001506,0.924066399350583
194,"recruit_mean_80",79,9,50,"correct","robust",0.976102273436012,FALSE,-0.727088595340014,TRUE,44.6,43.87291140466,1.17372195441272,41.6062572072882,43.8722266817438,46.076462212356,TRUE,-0.619472603887535,4.4702050050678,-0.552769825767278,4.27956583508117,1.31535507447566,1.04454638094918
194,"recruit_mean_80",59,9,200,"biased","full",NA,FALSE,-0.234525245540041,TRUE,44.6,44.36547475446,0.910269490915985,42.60429820929,44.3674139002827,46.1799014047607,TRUE,-0.257643750428286,3.57560319547075,-0.552769825767278,4.27956583508117,0.42427287924862,0.835506061423385
194,"recruit_mean_80",29,9,200,"correct","full",NA,FALSE,-0.621234515986686,TRUE,44.6,43.9787654840133,1.10332974547292,41.6777740347024,44.0209270853454,46.0500069619482,TRUE,-0.563054262368687,4.37223292724586,-0.552769825767278,4.27956583508117,1.12385750275781,1.02165338628631
194,"recruit_mean_80",99,9,800,"correct","robust",0.991107611684889,FALSE,-0.601330957102526,TRUE,44.6,43.9986690428975,1.03225074811871,41.9283267171774,44.0368745038459,45.9773794382164,TRUE,-0.582543493621547,4.04905272103898,-0.552769825767278,4.27956583508117,1.08785054659567,0.946136331832403
194,"recruit_mean_80",9,9,0,"weak","none",NA,FALSE,-0.552769825767278,TRUE,44.6,44.0472301742327,1.09804963482989,41.9753899743757,44.0213944426664,46.2549558094569,TRUE,-0.503410600243869,4.27956583508117,-0.552769825767278,4.27956583508117,1,1
194,"recruit_mean_80",109,9,50,"biased","robust",0.968919978454297,FALSE,-0.409008675193782,TRUE,44.6,44.1909913248062,1.0047294094645,42.2185441617387,44.1735550565788,46.1596834610142,TRUE,-0.407083411056688,3.94113929927552,-0.552769825767278,4.27956583508117,0.739925835542946,0.920920357613979
194,"recruit_mean_80",89,9,200,"correct","robust",0.989838230797392,FALSE,-0.612093108646597,TRUE,44.6,43.9879068913534,1.07167320046268,41.9289553156273,43.9971721161676,46.0515710863686,TRUE,-0.571156494705976,4.12261577074128,-0.552769825767278,4.27956583508117,1.10732004554875,0.963325703964334
194,"recruit_mean_80",49,9,50,"biased","full",NA,FALSE,-0.370601193326571,TRUE,44.6,44.2293988066734,1.0284504847087,42.1179251102136,44.2420998289973,46.1923143172841,TRUE,-0.360349087133292,4.0743892070705,-0.552769825767278,4.27956583508117,0.67044396428867,0.952056672121092
194,"recruit_mean_80",119,9,200,"biased","robust",0.93734614445091,FALSE,-0.245507372959658,TRUE,44.6,44.3544926270403,0.945812971074017,42.6150112815707,44.3651629024796,46.1235986924396,TRUE,-0.259572854748304,3.50858741086894,-0.552769825767278,4.27956583508117,0.444140330233979,0.819846579320678
194,"recruit_mean_80",129,9,800,"biased","robust",0.960056696476506,FALSE,-0.338627142212495,TRUE,44.6,44.2613728577875,0.856589066369597,42.5707178173625,44.2917343213196,45.8356734534078,TRUE,-0.395320411510349,3.26495563604533,-0.552769825767278,4.27956583508117,0.612600627652676,0.762917492536577
194,"recruit_mean_80",69,9,800,"biased","full",NA,FALSE,-0.322872489302611,TRUE,44.6,44.2771275106974,0.825930137988373,42.7165605538606,44.2928679534468,46.01012192348,TRUE,-0.390919854418918,3.29356136961934,-0.552769825767278,4.27956583508117,0.584099338010074,0.769601753201413
194,"recruit_mean_80",19,9,50,"correct","full",NA,FALSE,-0.683803713747473,TRUE,44.6,43.9161962862525,1.1503899890198,41.5701596413069,43.9144745680634,46.1147203542234,TRUE,-0.594410348033463,4.54456071291646,-0.552769825767278,4.27956583508117,1.23704963960055,1.06192097237132
194,"recruit_mean_110",39,9,800,"correct","full",NA,FALSE,-0.154467435619495,TRUE,45.2,45.0455325643805,0.285061043814527,44.4746908411205,45.0531371557767,45.5823217036456,TRUE,-0.541874938618403,1.10763086252515,-0.137687700303445,1.26748712612416,1.12186807738868,0.873879378887394
194,"recruit_mean_110",99,9,800,"correct","robust",0.991107611684889,FALSE,-0.1578931554821,TRUE,45.2,45.0421068445179,0.28240626359652,44.4816304346761,45.0292509148841,45.5937599637431,TRUE,-0.559099339622598,1.11212952906696,-0.137687700303445,1.26748712612416,1.14674843965092,0.87742865875706
194,"recruit_mean_110",109,9,50,"biased","robust",0.968919978454297,FALSE,-0.0374413194036407,TRUE,45.2,45.1625586805964,0.29266083300013,44.5921333918155,45.1506017264834,45.7500459991673,TRUE,-0.127934165360706,1.15791260735183,-0.137687700303445,1.26748712612416,0.271929295943829,0.913549797458382
194,"recruit_mean_110",29,9,200,"correct","full",NA,FALSE,-0.17360387587344,TRUE,45.2,45.0263961241266,0.316955000344018,44.3619148275656,45.0378257935991,45.6584792948958,TRUE,-0.547724048161451,1.29656446733027,-0.137687700303445,1.26748712612416,1.26085246170021,1.02294093613008
194,"recruit_mean_110",49,9,50,"biased","full",NA,FALSE,-0.0183898761912076,TRUE,45.2,45.1816101238088,0.282763270120496,44.6104926025688,45.1885612308317,45.7067911017273,TRUE,-0.0650362976187501,1.09629849915857,-0.137687700303445,1.26748712612416,0.133562229238187,0.864938567471636
194,"recruit_mean_110",119,9,200,"biased","robust",0.93734614445091,FALSE,0.0941979702280733,TRUE,45.2,45.2941979702281,0.24849468970892,44.7992514666976,45.2952566936146,45.733360958859,TRUE,0.379074379168482,0.934109492161369,-0.137687700303445,1.26748712612416,0.684142229265749,0.736977498949261
194,"recruit_mean_110",9,9,0,"weak","none",NA,FALSE,-0.137687700303445,TRUE,45.2,45.0623122996966,0.331931612822444,44.4329934217154,45.0488882515708,45.7004805478396,TRUE,-0.414807433171774,1.26748712612416,-0.137687700303445,1.26748712612416,1,1
194,"recruit_mean_110",19,9,50,"correct","full",NA,FALSE,-0.223648225141396,TRUE,45.2,44.9763517748586,0.351940371147295,44.2883842120165,44.9781208600624,45.6147447919952,TRUE,-0.635471925009121,1.32636057997871,-0.137687700303445,1.26748712612416,1.62431520497841,1.04644895608098
194,"recruit_mean_110",89,9,200,"correct","robust",0.989838230797392,FALSE,-0.174634501705249,TRUE,45.2,45.0253654982948,0.315692880003181,44.3773804317987,45.0356374653394,45.6670651703887,TRUE,-0.553178461622225,1.28968473858998,-0.137687700303445,1.26748712612416,1.26833770424212,1.01751308712199
194,"recruit_mean_110",69,9,800,"biased","full",NA,FALSE,0.0780556673010437,TRUE,45.2,45.278055667301,0.215052066101618,44.8950406521835,45.2766857511939,45.7126642211705,TRUE,0.362961717671479,0.817623568986988,-0.137687700303445,1.26748712612416,0.566903704027444,0.645074456485562
194,"recruit_mean_110",59,9,200,"biased","full",NA,FALSE,0.108999181550764,TRUE,45.2,45.3089991815508,0.242251767395933,44.8442188977711,45.3021568465498,45.8045621314695,TRUE,0.449941739218016,0.960343233698445,-0.137687700303445,1.26748712612416,0.791640657157793,0.757674941153109
194,"recruit_mean_110",129,9,800,"biased","robust",0.960056696476506,FALSE,0.0477282236552341,TRUE,45.2,45.2477282236552,0.237707248473715,44.7742936983006,45.2537445557102,45.6963717562008,TRUE,0.200785731027095,0.922078057900265,-0.137687700303445,1.26748712612416,0.346641156399936,0.727485146709049
194,"recruit_mean_110",79,9,50,"correct","robust",0.976102273436012,FALSE,-0.227748758481219,TRUE,45.2,44.9722512415188,0.351317686612326,44.3298774093626,44.9616647773259,45.6328145001826,TRUE,-0.648270118926681,1.30293709082003,-0.137687700303445,1.26748712612416,1.654096611239,1.02796869803662
194,"recruit_sd.log_recruit_sd",39,9,800,"correct","full",NA,FALSE,0.0212975082172346,TRUE,3.5,3.52129750821723,0.211603917252626,3.12327844777041,3.5096856177382,3.95227069721351,TRUE,0.100647986548417,0.8289922494431,0.0605938378642454,0.811928496907784,0.351479770351395,1.02101632422104
194,"recruit_sd.log_recruit_sd",49,9,50,"biased","full",NA,FALSE,0.0773572489094505,TRUE,3.5,3.57735724890945,0.213118588150268,3.20462826565944,3.56287402635563,3.99061501600904,TRUE,0.362977483948545,0.785986750349609,0.0605938378642454,0.811928496907784,1.27665207611972,0.96804922273701
194,"recruit_sd.log_recruit_sd",99,9,800,"correct","robust",0.991107611684889,FALSE,0.0125451935257899,TRUE,3.5,3.51254519352579,0.199980049596079,3.14522788903068,3.49935708228375,3.92047535760752,TRUE,0.0627322252951168,0.775247468576846,0.0605938378642454,0.811928496907784,0.207037447502437,0.954822341535448
194,"recruit_sd.log_recruit_sd",29,9,200,"correct","full",NA,FALSE,0.0426929015037443,TRUE,3.5,3.54269290150374,0.203789294728526,3.14458792601872,3.54228643356872,3.96463283201648,TRUE,0.209495310146771,0.820044905997762,0.0605938378642454,0.811928496907784,0.704574970137946,1.00999645796507
194,"recruit_sd.log_recruit_sd",19,9,50,"correct","full",NA,FALSE,0.0507030849927723,TRUE,3.5,3.55070308499277,0.204422981976218,3.18640051683262,3.55120108441449,3.97515322350955,TRUE,0.248030258156937,0.788752706676938,0.0605938378642454,0.811928496907784,0.836769658102324,0.971455872876601
194,"recruit_sd.log_recruit_sd",119,9,200,"biased","robust",0.93734614445091,FALSE,0.0916830880117048,TRUE,3.5,3.5916830880117,0.222475425668127,3.16872817664436,3.57676689857084,4.05781114905202,TRUE,0.412104337979651,0.889082972407655,0.0605938378642454,0.811928496907784,1.5130761021791,1.0950261947865
194,"recruit_sd.log_recruit_sd",109,9,50,"biased","robust",0.968919978454297,FALSE,0.0713444682456026,TRUE,3.5,3.5713444682456,0.206629746046821,3.16655806008178,3.56696942504852,3.98270555103037,TRUE,0.345276852004825,0.816147490948588,0.0605938378642454,0.811928496907784,1.177421182752,1.00519626304148
194,"recruit_sd.log_recruit_sd",79,9,50,"correct","robust",0.976102273436012,FALSE,0.0396167601687769,TRUE,3.5,3.53961676016878,0.194058050573464,3.17394862461923,3.53681329502967,3.91606153635843,TRUE,0.20414901650153,0.742112911739196,0.0605938378642454,0.811928496907784,0.65380839975072,0.914012643435378
194,"recruit_sd.log_recruit_sd",59,9,200,"biased","full",NA,FALSE,0.0907528919179095,TRUE,3.5,3.59075289191791,0.21503503380663,3.19612940855008,3.58394208214768,4.03527570996006,TRUE,0.422037703863264,0.839146301409984,0.0605938378642454,0.811928496907784,1.49772477064801,1.03352241558938
194,"recruit_sd.log_recruit_sd",129,9,800,"biased","robust",0.960056696476506,FALSE,0.0164242528318552,TRUE,3.5,3.51642425283186,0.223312439550083,3.10298785145896,3.51685971331425,3.95523477222611,TRUE,0.0735483113477505,0.852246920767149,0.0605938378642454,0.811928496907784,0.271054836774857,1.04965760410297
194,"recruit_sd.log_recruit_sd",89,9,200,"correct","robust",0.989838230797392,FALSE,0.0409137753624962,TRUE,3.5,3.5409137753625,0.208637525270673,3.15456086110154,3.53330084111491,3.97430675208046,TRUE,0.196099792256533,0.819745890978925,0.0605938378642454,0.811928496907784,0.675213467319226,1.0096281804382
194,"recruit_sd.log_recruit_sd",69,9,800,"biased","full",NA,FALSE,0.0269095121094978,TRUE,3.5,3.5269095121095,0.219994054899198,3.10486902133097,3.52004616608414,3.9628681520462,TRUE,0.122319269590388,0.857999130715225,0.0605938378642454,0.811928496907784,0.444096513077549,1.05674223036006
194,"recruit_sd.log_recruit_sd",9,9,0,"weak","none",NA,FALSE,0.0605938378642454,TRUE,3.5,3.56059383786425,0.213789223740755,3.18236275890542,3.55150961671968,3.99429125581321,TRUE,0.283427933382286,0.811928496907784,0.0605938378642454,0.811928496907784,1,1
194,"lambda",39,9,800,"correct","full",NA,FALSE,-0.013472998663375,TRUE,1.03119869581319,1.01772569714982,0.0154432809202293,0.986130250092569,1.0178037082724,1.04816558048286,TRUE,-0.872418156023219,0.0620353303902933,-0.0163565159806742,0.0600259049689463,0.823708342246835,1.0334759704562
194,"lambda",99,9,800,"correct","robust",0.991107611684889,FALSE,-0.0133207744011719,TRUE,1.03119869581319,1.01787792141202,0.0156616852943082,0.985467079957435,1.01841814641264,1.04764378805966,TRUE,-0.850532631121946,0.062176708102225,-0.0163565159806742,0.0600259049689463,0.814401698803755,1.03583124876487
194,"lambda",89,9,200,"correct","robust",0.989838230797392,FALSE,-0.0152999903925006,TRUE,1.03119869581319,1.01589870542069,0.0155712590180334,0.983136240775956,1.01653884439566,1.04599298975055,TRUE,-0.982578889400105,0.0628567489745898,-0.0163565159806742,0.0600259049689463,0.935406440502249,1.04716037196121
194,"lambda",79,9,50,"correct","robust",0.976102273436012,FALSE,-0.0153492243177313,TRUE,1.03119869581319,1.01584947149546,0.0157940385196224,0.985703266980307,1.01613387359664,1.04449439812732,TRUE,-0.971836576101901,0.0587911311470092,-0.0163565159806742,0.0600259049689463,0.938416490153952,0.979429317682491
194,"lambda",9,9,0,"weak","none",NA,FALSE,-0.0163565159806742,TRUE,1.03119869581319,1.01484217983252,0.0153703454955683,0.984667372976797,1.01467030075053,1.04469327794574,TRUE,-1.06416059322741,0.0600259049689463,-0.0163565159806742,0.0600259049689463,1,1
194,"lambda",59,9,200,"biased","full",NA,FALSE,-0.0224597216158022,TRUE,1.03119869581319,1.00873897419739,0.0143479068382076,0.980108307267034,1.00888781404833,1.03584081005298,TRUE,-1.5653657267967,0.0557325027859418,-0.0163565159806742,0.0600259049689463,1.37313604207272,0.928474178186473
194,"lambda",119,9,200,"biased","robust",0.93734614445091,FALSE,-0.0215584249135023,TRUE,1.03119869581319,1.00964027089969,0.0148027502589454,0.978127122134051,1.0105250962644,1.03714091049874,TRUE,-1.45637969542007,0.0590137883646911,-0.0163565159806742,0.0600259049689463,1.31803282184142,0.983138669799666
194,"lambda",109,9,50,"biased","robust",0.968919978454297,FALSE,-0.01830384443372,TRUE,1.03119869581319,1.01289485137947,0.0149457810107954,0.98355305503651,1.01310562070809,1.04449754696448,TRUE,-1.22468303399461,0.0609444919279745,-0.0163565159806742,0.0600259049689463,1.11905521049511,1.01530317551236
194,"lambda",49,9,50,"biased","full",NA,FALSE,-0.01824404593636,TRUE,1.03119869581319,1.01295464987683,0.0149165375767294,0.983604328527621,1.01324763165153,1.04021357097048,TRUE,-1.22307511662905,0.0566092424428583,-0.0163565159806742,0.0600259049689463,1.11539926705149,0.943080199659536
194,"lambda",29,9,200,"correct","full",NA,FALSE,-0.0152214713480519,TRUE,1.03119869581319,1.01597722446514,0.0147413724095086,0.985780147153733,1.01629168244499,1.04358396283166,TRUE,-1.03256813037527,0.0578038156779251,-0.0163565159806742,0.0600259049689463,0.930605965600286,0.962981161347409
194,"lambda",19,9,50,"correct","full",NA,FALSE,-0.0167750916467841,TRUE,1.03119869581319,1.01442360416641,0.0154790114640048,0.983607112737884,1.01390338987149,1.04370449855168,TRUE,-1.08373145699861,0.0600973858137954,-0.0163565159806742,0.0600259049689463,1.02559075946274,1.0011908332725
194,"lambda",129,9,800,"biased","robust",0.960056696476506,FALSE,-0.0153325267307465,TRUE,1.03119869581319,1.01586616908245,0.0145955300442179,0.985323826676367,1.01646250993996,1.04308843369865,TRUE,-1.05049468462576,0.0577646070222786,-0.0163565159806742,0.0600259049689463,0.937395637852363,0.962327965770152
194,"lambda",69,9,800,"biased","full",NA,FALSE,-0.0165988365234884,TRUE,1.03119869581319,1.0145998592897,0.0148297284973448,0.983872931599678,1.01417057902602,1.04340510480328,TRUE,-1.11929470094212,0.0595321732035984,-0.0163565159806742,0.0600259049689463,1.01481492410122,0.991774688518176
218,"survival_50",10,10,0,"weak","none",NA,FALSE,0.0153101290254808,TRUE,0.354343693774205,0.369653822799685,0.0240259446760164,0.323195867113938,0.370102367093326,0.416076394440303,TRUE,0.637233175716249,0.0928805273263651,0.0153101290254808,0.0928805273263651,1,1
218,"survival_50",40,10,800,"correct","full",NA,FALSE,0.0153170124650483,TRUE,0.354343693774205,0.369660706239253,0.0231449428686656,0.323482374864891,0.369440581147254,0.414391937758822,TRUE,0.661786574802266,0.0909095628939309,0.0153101290254808,0.0928805273263651,1.000449600363,0.978779573187514
218,"survival_50",20,10,50,"correct","full",NA,FALSE,0.0130864117754034,TRUE,0.354343693774205,0.367430105549608,0.023311279687616,0.321889434755315,0.367033514486422,0.413419302147911,TRUE,0.561376807741509,0.0915298673925959,0.0153101290254808,0.0928805273263651,0.85475515938654,0.985458093610696
218,"survival_50",80,10,50,"correct","robust",0.980663413023558,FALSE,0.012653644887497,TRUE,0.354343693774205,0.366997338661702,0.0233980162717589,0.322776891091714,0.366220483511413,0.412069912683237,TRUE,0.540799901176657,0.0892930215915235,0.0153101290254808,0.0928805273263651,0.826488455220555,0.961375049882784
218,"survival_50",50,10,50,"biased","full",NA,FALSE,-0.00132782753690824,TRUE,0.354343693774205,0.353015866237296,0.0230797494772867,0.307266807222066,0.351607127412525,0.39885940673698,TRUE,-0.0575321468811865,0.0915925995149149,0.0153101290254808,0.0928805273263651,0.0867286967143336,0.986133500223092
218,"survival_50",120,10,200,"biased","robust",0.95984496073904,FALSE,-0.000728491144629917,TRUE,0.354343693774205,0.353615202629575,0.0220462736270899,0.313317667665956,0.353547501025498,0.399323661614629,TRUE,-0.0330437314238342,0.0860059939486733,0.0153101290254808,0.0928805273263651,0.0475822994971159,0.925985202974398
218,"survival_50",110,10,50,"biased","robust",0.84134168934861,FALSE,0.00207501010301669,TRUE,0.354343693774205,0.356418703877221,0.0244344743002043,0.310908104392139,0.356091140155725,0.404596037486841,TRUE,0.084921413799328,0.0936879330947021,0.0153101290254808,0.0928805273263651,0.135531849507161,1.0086929498742
218,"survival_50",90,10,200,"correct","robust",0.962672517058724,FALSE,0.00618492551060346,TRUE,0.354343693774205,0.360528619284808,0.0225944074009744,0.314602756353325,0.360977856708947,0.405120008898513,TRUE,0.273737009377672,0.0905172525451874,0.0153101290254808,0.0928805273263651,0.403976054043033,0.974555756204165
218,"survival_50",70,10,800,"biased","full",NA,FALSE,-0.0155778852102823,TRUE,0.354343693774205,0.338765808563922,0.0210662209778188,0.296887828771368,0.338915537852584,0.379328813485597,TRUE,-0.739472220797678,0.0824409847142288,0.0153101290254808,0.0928805273263651,1.01748882614613,0.887602461865298
218,"survival_50",60,10,200,"biased","full",NA,FALSE,-0.00159141505016408,TRUE,0.354343693774205,0.35275227872404,0.0224216762391799,0.308460895740911,0.351797826976456,0.399362011111232,TRUE,-0.0709766314163087,0.0909011153703215,0.0153101290254808,0.0928805273263651,0.103945240926152,0.978688622760632
218,"survival_50",30,10,200,"correct","full",NA,FALSE,0.0061499576045575,TRUE,0.354343693774205,0.360493651378762,0.0232368893503648,0.318107256197337,0.360408624407159,0.407045785602663,TRUE,0.264663549058943,0.0889385294053257,0.0153101290254808,0.0928805273263651,0.401692082040723,0.957558402880424
218,"survival_50",100,10,800,"correct","robust",0.994707584655703,FALSE,0.0151470330369712,TRUE,0.354343693774205,0.369490726811176,0.0220308173994519,0.327517011499033,0.369980606288402,0.413974208388434,TRUE,0.687538404151452,0.0864571968894009,0.0153101290254808,0.0928805273263651,0.989347183930441,0.930843088192277
218,"survival_50",130,10,800,"biased","robust",0.842771956125773,FALSE,-0.0097897923824013,TRUE,0.354343693774205,0.344553901391803,0.0242827801735522,0.302812729184153,0.342788697096473,0.396812215223836,TRUE,-0.403157806166855,0.0939994860396827,0.0153101290254808,0.0928805273263651,0.639432389244272,1.01204729070267
218,"survival_80",70,10,800,"biased","full",NA,FALSE,-0.00721386261784496,TRUE,0.589040434058665,0.58182657144082,0.023060224343015,0.535879023922311,0.581770833476898,0.626651902000259,TRUE,-0.312827078806372,0.0907728780779476,0.00311426610754051,0.0913632865942936,2.31639248822642,0.993537792494619
218,"survival_80",10,10,0,"weak","none",NA,FALSE,0.00311426610754051,TRUE,0.589040434058665,0.592154700166206,0.0240855027903431,0.546531553769473,0.59171467233073,0.637894840363766,TRUE,0.129300439963793,0.0913632865942936,0.00311426610754051,0.0913632865942936,1,1
218,"survival_80",80,10,50,"correct","robust",0.980663413023558,FALSE,0.00372219789677541,TRUE,0.589040434058665,0.59276263195544,0.023269967175731,0.545813548693,0.59262131153825,0.637191146963939,TRUE,0.159957161463357,0.0913775982709393,0.00311426610754051,0.0913632865942936,1.19520868424279,1.00015664581671
218,"survival_80",20,10,50,"correct","full",NA,FALSE,0.00296598401542836,TRUE,0.589040434058665,0.592006418074093,0.0243087558362258,0.546267333799575,0.592559802877129,0.643494290798574,TRUE,0.122012991343981,0.0972269569989991,0.00311426610754051,0.0913632865942936,0.952386184419784,1.06417972276702
218,"survival_80",90,10,200,"correct","robust",0.962672517058724,FALSE,-0.00182868304821449,TRUE,0.589040434058665,0.587211751010451,0.0236835917668162,0.542526163686723,0.58715436517547,0.632505471592794,TRUE,-0.0772130792583882,0.089979307906071,0.00311426610754051,0.0913632865942936,0.587195501305021,0.984851916565039
218,"survival_80",50,10,50,"biased","full",NA,FALSE,0.00993738037300829,TRUE,0.589040434058665,0.598977814431673,0.0253315537854324,0.548156228004689,0.598955959148661,0.64740711636197,TRUE,0.392292571438039,0.0992508883572809,0.00311426610754051,0.0913632865942936,3.1909220438636,1.08633229010262
218,"survival_80",120,10,200,"biased","robust",0.95984496073904,FALSE,0.00289833427823849,TRUE,0.589040434058665,0.591938768336904,0.0235289236366249,0.548086710048136,0.592641856223619,0.638638567734659,TRUE,0.123181762285418,0.0905518576865227,0.00311426610754051,0.0913632865942936,0.930663654984657,0.99111865457102
218,"survival_80",110,10,50,"biased","robust",0.84134168934861,FALSE,0.00943738582169151,TRUE,0.589040434058665,0.598477819880357,0.0244312705571891,0.54959447092496,0.599075208564096,0.646150135163254,TRUE,0.386283054726947,0.0965556642382939,0.00311426610754051,0.0913632865942936,3.03037232394527,1.05683221168539
218,"survival_80",30,10,200,"correct","full",NA,FALSE,-0.0038914517206019,TRUE,0.589040434058665,0.585148982338063,0.0234190286073746,0.537607722312669,0.58466439198801,0.630909996328746,TRUE,-0.166166231138062,0.0933022740160774,0.00311426610754051,0.0913632865942936,1.24955658451268,1.02122282914793
218,"survival_80",60,10,200,"biased","full",NA,FALSE,0.00360314590474686,TRUE,0.589040434058665,0.592643579963412,0.0241189073820322,0.545236000438702,0.593058675612589,0.641630763054927,TRUE,0.149390925868851,0.0963947626162251,0.00311426610754051,0.0913632865942936,1.15698073970707,1.05507109266192
218,"survival_80",40,10,800,"correct","full",NA,FALSE,0.00532844483216977,TRUE,0.589040434058665,0.594368878890835,0.0239920319263672,0.544802593026856,0.594679305922042,0.640168456911858,TRUE,0.222092269988763,0.0953658638850023,0.00311426610754051,0.0913632865942936,1.71097929597863,1.04380947139613
218,"survival_80",130,10,800,"biased","robust",0.842771956125773,FALSE,-0.00557374132451693,TRUE,0.589040434058665,0.583466692734148,0.0228168920416988,0.540074805111892,0.582582408540574,0.629191193105996,TRUE,-0.244281355862608,0.0891163879941043,0.00311426610754051,0.0913632865942936,1.7897447206009,0.975406985847971
218,"survival_80",100,10,800,"correct","robust",0.994707584655703,FALSE,0.0064823968506037,TRUE,0.589040434058665,0.595522830909269,0.0241596234099324,0.549019423790349,0.596437169751696,0.642110715254411,TRUE,0.268315310243565,0.0930912914640619,0.00311426610754051,0.0913632865942936,2.08151668057781,1.01891355854394
218,"survival_110",70,10,800,"biased","full",NA,FALSE,0.000235283427074351,TRUE,0.789181706522253,0.789416989949327,0.0322192685289683,0.720286998404024,0.791482650129439,0.847233569903474,TRUE,0.00730256886070545,0.126946571499449,-0.00808144425889878,0.129457727145709,0.0291140320389232,0.980602504758687
218,"survival_110",130,10,800,"biased","robust",0.842771956125773,FALSE,-0.00166040596423533,TRUE,0.789181706522253,0.787521300558018,0.0315472050088912,0.721365647446916,0.789118313000654,0.846225106605021,TRUE,-0.0526324269857622,0.124859459158105,-0.00808144425889878,0.129457727145709,0.205459062890522,0.964480544429544
218,"survival_110",90,10,200,"correct","robust",0.962672517058724,FALSE,-0.00838917480301304,TRUE,0.789181706522253,0.78079253171924,0.0334156042947806,0.712146213324599,0.782707792881152,0.839695973855177,TRUE,-0.251055606506671,0.127549760530578,-0.00808144425889878,0.129457727145709,1.03807865701423,0.985261856073036
218,"survival_110",50,10,50,"biased","full",NA,FALSE,0.0129146226393099,TRUE,0.789181706522253,0.802096329161563,0.032144097465349,0.733825087802974,0.804254742793805,0.860843663893971,TRUE,0.40177275635851,0.127018576090997,-0.00808144425889878,0.129457727145709,1.5980587411822,0.981158706332246
218,"survival_110",80,10,50,"correct","robust",0.980663413023558,FALSE,-0.00517649038697454,TRUE,0.789181706522253,0.784005216135278,0.0314215463350286,0.721914605880077,0.784935800974218,0.84066898461646,TRUE,-0.164743336683078,0.118754378736383,-0.00808144425889878,0.129457727145709,0.640540257550439,0.9173216721372
218,"survival_110",40,10,800,"correct","full",NA,FALSE,-0.0049874125653282,TRUE,0.789181706522253,0.784194293956925,0.0327976067099504,0.713150781518516,0.78779210602536,0.841290904997253,TRUE,-0.152066356836186,0.128140123478738,-0.00808144425889878,0.129457727145709,0.617143719061895,0.989822131934322
218,"survival_110",30,10,200,"correct","full",NA,FALSE,-0.011123958398696,TRUE,0.789181706522253,0.778057748123557,0.0321536278895061,0.713185181853518,0.777659573467842,0.839109084614763,TRUE,-0.345962777106295,0.125923902761245,-0.00808144425889878,0.129457727145709,1.37648148552741,0.972702870177173
218,"survival_110",10,10,0,"weak","none",NA,FALSE,-0.00808144425889878,TRUE,0.789181706522253,0.781100262263354,0.0331907863509238,0.711101100528993,0.782325499399122,0.840558827674702,TRUE,-0.243484567477681,0.129457727145709,-0.00808144425889878,0.129457727145709,1,1
218,"survival_110",110,10,50,"biased","robust",0.84134168934861,FALSE,0.00990383452478538,TRUE,0.789181706522253,0.799085541047038,0.0326156003281212,0.729894100092381,0.802084043003871,0.856712651754467,TRUE,0.303653295513505,0.126818551662085,-0.00808144425889878,0.129457727145709,1.22550304221673,0.979613611780365
218,"survival_110",60,10,200,"biased","full",NA,FALSE,0.00471418750422292,TRUE,0.789181706522253,0.793895894026476,0.0322388254789438,0.724491349005951,0.794872400595142,0.852352944070452,TRUE,0.146227023912577,0.127861595064501,-0.00808144425889878,0.129457727145709,0.583334779427817,0.98767063105154
218,"survival_110",20,10,50,"correct","full",NA,FALSE,-0.00660265422264228,TRUE,0.789181706522253,0.78257905229961,0.0323251885930091,0.714080442731688,0.784497795871666,0.840873733145932,TRUE,-0.20425725293588,0.126793290414244,-0.00808144425889878,0.129457727145709,0.817014138948226,0.979418480532518
218,"survival_110",120,10,200,"biased","robust",0.95984496073904,FALSE,0.00317495781529997,TRUE,0.789181706522253,0.792356664337553,0.0320230340713221,0.726066474158643,0.793626619577119,0.848221585950307,TRUE,0.0991460649302831,0.122155111791663,-0.00808144425889878,0.129457727145709,0.392870100143784,0.943590734094795
218,"survival_110",100,10,800,"correct","robust",0.994707584655703,FALSE,-0.00329913299842255,TRUE,0.789181706522253,0.78588257352383,0.0328579187744739,0.719610527923739,0.788968287970273,0.843943645814234,TRUE,-0.100406024528417,0.124333117890495,-0.00808144425889878,0.129457727145709,0.408235569377311,0.960414805912306
218,"growth_increment_50",70,10,800,"biased","full",NA,FALSE,0.626217558545255,TRUE,12,12.6262175585453,1.44079865594383,9.91940584199559,12.614933426615,15.4367462710624,TRUE,0.434632247859114,5.51734042906683,0.3480124453113,5.70994906103629,1.79941139169635,0.966267889623782
218,"growth_increment_50",10,10,0,"weak","none",NA,FALSE,0.3480124453113,TRUE,12,12.3480124453113,1.46746452626439,9.51743462616126,12.3269816740136,15.2273836871975,TRUE,0.237152203056797,5.70994906103629,0.3480124453113,5.70994906103629,1,1
218,"growth_increment_50",60,10,200,"biased","full",NA,FALSE,0.308348084885685,TRUE,12,12.3083480848857,1.47421215438007,9.54996802052645,12.3710118463431,15.1429717334258,TRUE,0.209161268932387,5.59300371289936,0.3480124453113,5.70994906103629,0.886026028781428,0.979519020767638
218,"growth_increment_50",20,10,50,"correct","full",NA,FALSE,0.420845416318691,TRUE,12,12.4208454163187,1.4882740361707,9.64350587108756,12.3862347664507,15.5239472587933,TRUE,0.282774143800504,5.88044138770572,0.3480124453113,5.70994906103629,1.20928266212503,1.02985881745125
218,"growth_increment_50",50,10,50,"biased","full",NA,FALSE,0.135229097879389,TRUE,12,12.1352290978794,1.52023687793508,9.20366147764258,12.1235017711809,15.1688530355669,TRUE,0.0889526493154597,5.96519155792437,0.3480124453113,5.70994906103629,0.388575465335515,1.04470136145869
218,"growth_increment_50",80,10,50,"correct","robust",0.980663413023558,FALSE,0.365501075655956,TRUE,12,12.365501075656,1.52664286460008,9.43039090203292,12.3303744784729,15.3280625335547,TRUE,0.239414917615132,5.89767163152177,0.3480124453113,5.70994906103629,1.05025288773513,1.03287640020582
218,"growth_increment_50",130,10,800,"biased","robust",0.842771956125773,FALSE,0.534794358426446,TRUE,12,12.5347943584264,1.38782091858087,9.79123321472463,12.5201950888292,15.176791939954,TRUE,0.38534824721716,5.38555872522933,0.3480124453113,5.70994906103629,1.53671044134088,0.943188576230822
218,"growth_increment_50",30,10,200,"correct","full",NA,FALSE,0.589697932872399,TRUE,12,12.5896979328724,1.39611868755819,10.0811174816801,12.5593101161865,15.4407435367587,TRUE,0.422383811725764,5.35962605507866,0.3480124453113,5.70994906103629,1.69447369143626,0.938646912220606
218,"growth_increment_50",90,10,200,"correct","robust",0.962672517058724,FALSE,0.488205179553765,TRUE,12,12.4882051795538,1.40600232643254,9.66438834397347,12.4848989434492,15.3228362450661,TRUE,0.347229282893501,5.65844790109266,0.3480124453113,5.70994906103629,1.40283827814566,0.990980451945699
218,"growth_increment_50",120,10,200,"biased","robust",0.95984496073904,FALSE,0.398076759959299,TRUE,12,12.3980767599593,1.44678969752282,9.55364046376461,12.3615868088828,15.0323556504195,TRUE,0.275144867730867,5.47871518665489,0.3480124453113,5.70994906103629,1.14385782842684,0.959503338486976
218,"growth_increment_50",110,10,50,"biased","robust",0.84134168934861,FALSE,0.127350356293123,TRUE,12,12.1273503562931,1.50406955002694,9.29410978882966,12.0538195038264,15.2314039209847,TRUE,0.0846705235744196,5.93729413215505,0.3480124453113,5.70994906103629,0.365936212939762,1.03981560407782
218,"growth_increment_50",40,10,800,"correct","full",NA,FALSE,0.341168412894703,TRUE,12,12.3411684128947,1.49426310702557,9.43133540148132,12.3710943773975,15.3271947884024,TRUE,0.228318835746283,5.89585938692109,0.3480124453113,5.70994906103629,0.980333943487353,1.03255901653369
218,"growth_increment_50",100,10,800,"correct","robust",0.994707584655703,FALSE,0.230918878049494,TRUE,12,12.2309188780495,1.5233617874605,9.28580949657088,12.193395336722,15.1543070898616,TRUE,0.151585053498319,5.86849759329071,0.3480124453113,5.70994906103629,0.663536264753219,1.02776706596847
218,"growth_increment_80",130,10,800,"biased","robust",0.842771956125773,FALSE,0.155140215488705,TRUE,8.4,8.55514021548871,0.97015929672487,6.63776806574515,8.56741824596248,10.4757485165055,TRUE,0.15991210516916,3.83798045076035,0.188442544999861,3.98919751636718,0.82327595123925,0.962093362139526
218,"growth_increment_80",70,10,800,"biased","full",NA,FALSE,0.160857879957318,TRUE,8.4,8.56085787995732,1.01398212920924,6.63173373095351,8.55528103035938,10.579594567901,TRUE,0.15863975835823,3.9478608369475,0.188442544999861,3.98919751636718,0.853617636916529,0.989637845895051
218,"growth_increment_80",120,10,200,"biased","robust",0.95984496073904,FALSE,0.201775238627643,TRUE,8.4,8.60177523862764,0.996280056363341,6.61763825965255,8.60255293409518,10.4582768817665,TRUE,0.202528633729928,3.84063862211397,0.188442544999861,3.98919751636718,1.07075203546945,0.962759704516086
218,"growth_increment_80",80,10,50,"correct","robust",0.980663413023558,FALSE,0.176552813980702,TRUE,8.4,8.5765528139807,1.07057579522749,6.54969168523085,8.59146729589588,10.6471592659981,TRUE,0.164913885376221,4.09746758076725,0.188442544999861,3.98919751636718,0.936905272537224,1.02714081314747
218,"growth_increment_80",90,10,200,"correct","robust",0.962672517058724,FALSE,0.160840222878445,TRUE,8.4,8.56084022287845,1.00374930781888,6.54055744235255,8.56848441240845,10.4485581454126,TRUE,0.1602394359085,3.90800070306008,0.188442544999861,3.98919751636718,0.853523936850693,0.979645827770133
218,"growth_increment_80",10,10,0,"weak","none",NA,FALSE,0.188442544999861,TRUE,8.4,8.58844254499986,1.02918954297637,6.60742709077718,8.56523392290944,10.5966246071444,TRUE,0.183097998114995,3.98919751636718,0.188442544999861,3.98919751636718,1,1
218,"growth_increment_80",30,10,200,"correct","full",NA,FALSE,0.232033544901503,TRUE,8.4,8.6320335449015,1.00225802081085,6.88277120403596,8.58603235277793,10.6185442846155,TRUE,0.231510788722631,3.73577308057951,0.188442544999861,3.98919751636718,1.23132249621058,0.936472326890834
218,"growth_increment_80",20,10,50,"correct","full",NA,FALSE,0.23349870814814,TRUE,8.4,8.63349870814814,1.05482731632146,6.67021786758897,8.62156468227612,10.8101402814906,TRUE,0.221362022517988,4.13992241390161,0.188442544999861,3.98919751636718,1.23909761539419,1.03778326265271
218,"growth_increment_80",40,10,800,"correct","full",NA,FALSE,0.207731251295712,TRUE,8.4,8.60773125129571,1.04595491173244,6.5154813400416,8.62499740119646,10.6217870219237,TRUE,0.198604403464813,4.10630568188214,0.188442544999861,3.98919751636718,1.10235855335039,1.02935632167484
218,"growth_increment_80",50,10,50,"biased","full",NA,FALSE,0.0779488603840175,TRUE,8.4,8.47794886038402,1.0322157554423,6.41153793468809,8.47088953882848,10.4985378820896,TRUE,0.0755160536671104,4.08699994740156,0.188442544999861,3.98919751636718,0.413647886065618,1.02451681839095
218,"growth_increment_80",60,10,200,"biased","full",NA,FALSE,0.139016990185539,TRUE,8.4,8.53901699018554,1.02334793214487,6.4761359668271,8.59859316668654,10.4830894141401,TRUE,0.135845283719066,4.00695344731303,0.188442544999861,3.98919751636718,0.737715520588207,1.00445100320879
218,"growth_increment_80",100,10,800,"correct","robust",0.994707584655703,FALSE,0.141538766868308,TRUE,8.4,8.54153876686831,1.06470539998153,6.50216564642921,8.54063595711954,10.571487421617,TRUE,0.132937023584894,4.06932177518775,0.188442544999861,3.98919751636718,0.751097725136396,1.02008530750654
218,"growth_increment_80",110,10,50,"biased","robust",0.84134168934861,FALSE,0.058343320629767,TRUE,8.4,8.45834332062977,1.04469369476287,6.49447324569696,8.42209861232365,10.667328271053,TRUE,0.055847298516538,4.172855025356,0.188442544999861,3.98919751636718,0.309608006142191,1.04603871035097
218,"growth_increment_110",120,10,200,"biased","robust",0.95984496073904,FALSE,0.00547371729599799,TRUE,4.8,4.805473717296,0.759905023668948,3.24295125964746,4.79945531238413,6.25456371462112,TRUE,0.00720315977063814,3.01161245497366,0.0288726446884162,3.21296543860257,0.18958143097276,0.937331108137756
218,"growth_increment_110",50,10,50,"biased","full",NA,FALSE,0.0206686228886781,TRUE,4.8,4.82066862288868,0.77264384334513,3.2573770824101,4.81850702012634,6.47364583384524,TRUE,0.0267505178054537,3.21626875143514,0.0288726446884162,3.21296543860257,0.715854855408185,1.00102811962833
218,"growth_increment_110",70,10,800,"biased","full",NA,FALSE,-0.304501798630602,TRUE,4.8,4.4954982013694,0.778911075929142,3.02976311130708,4.52375399640979,6.08183079653794,TRUE,-0.390932685438283,3.05206768523087,0.0288726446884162,3.21296543860257,10.5463770955755,0.949922351657263
218,"growth_increment_110",10,10,0,"weak","none",NA,FALSE,0.0288726446884162,TRUE,4.8,4.82887264468842,0.805073693011449,3.29287254215927,4.8075743276227,6.50583798076184,TRUE,0.0358633562853303,3.21296543860257,0.0288726446884162,3.21296543860257,1,1
218,"growth_increment_110",130,10,800,"biased","robust",0.842771956125773,FALSE,-0.224513927449039,TRUE,4.8,4.57548607255096,0.772543351964977,3.00082106104945,4.57699039049775,6.07971357106999,TRUE,-0.290616606664188,3.07889251002054,0.0288726446884162,3.21296543860257,7.77600839382458,0.958271282046425
218,"growth_increment_110",90,10,200,"correct","robust",0.962672517058724,FALSE,-0.166524733796884,TRUE,4.8,4.63347526620312,0.813524675306021,3.01544541145586,4.63544621729843,6.15838947594141,TRUE,-0.204695369239098,3.14294406448555,0.0288726446884162,3.21296543860257,5.76756080345123,0.978206620813363
218,"growth_increment_110",110,10,50,"biased","robust",0.84134168934861,FALSE,-0.0106637150335791,TRUE,4.8,4.78933628496642,0.806335009065146,3.25103429070477,4.75875863502222,6.36189237104966,TRUE,-0.0132249188162405,3.11085808034489,0.0288726446884162,3.21296543860257,0.369336274825472,0.96822021269482
218,"growth_increment_110",20,10,50,"correct","full",NA,FALSE,0.0461519999775648,TRUE,4.8,4.84615199997757,0.809818222068115,3.25603279019136,4.83791202839002,6.42896648309531,TRUE,0.0569905674136373,3.17293369290395,0.0288726446884162,3.21296543860257,1.59846804737223,0.987540561371231
218,"growth_increment_110",80,10,50,"correct","robust",0.980663413023558,FALSE,-0.0123954476945407,TRUE,4.8,4.78760455230546,0.816336489264959,3.23664591589387,4.783382278365,6.35091356580936,TRUE,-0.0151842381879827,3.11426764991549,0.0288726446884162,3.21296543860257,0.429314592698666,0.969281403559072
218,"growth_increment_110",40,10,800,"correct","full",NA,FALSE,0.0742940896967488,TRUE,4.8,4.87429408969675,0.793355411687877,3.38360391402226,4.88126496444736,6.43616042151537,TRUE,0.0936454060843763,3.05255650749312,0.0288726446884162,3.21296543860257,2.57316537845789,0.9500744921865
218,"growth_increment_110",30,10,200,"correct","full",NA,FALSE,-0.125630843069366,TRUE,4.8,4.67436915693063,0.81066108869843,3.18021330064448,4.66393995742316,6.23549858193394,TRUE,-0.154973323403341,3.05528528128946,0.0288726446884162,3.21296543860257,4.35120663261478,0.950923792886582
218,"growth_increment_110",100,10,800,"correct","robust",0.994707584655703,FALSE,0.0521586556871325,TRUE,4.8,4.85215865568713,0.779794850007025,3.3396435464887,4.85589738476364,6.48702060279807,TRUE,0.0668876637062461,3.14737705630937,0.0288726446884162,3.21296543860257,1.80650772556553,0.979586340548459
218,"growth_increment_110",60,10,200,"biased","full",NA,FALSE,-0.0303141045146127,TRUE,4.8,4.76968589548539,0.786242835329947,3.19228707223731,4.81512932778171,6.27386677001721,TRUE,-0.0385556511963526,3.0815796977799,0.0288726446884162,3.21296543860257,1.04992475894578,0.959107639551885
218,"growth_sd.log_growth_sd",50,10,50,"biased","full",NA,FALSE,1.30979275594739,TRUE,4.5,5.80979275594739,0.937957629422665,4.18639950313511,5.73018265764095,8.00324390401125,TRUE,1.39643062208855,3.81684440087614,1.37939161937052,3.7711940767764,0.949543797101732,1.01210500525042
218,"growth_sd.log_growth_sd",40,10,800,"correct","full",NA,FALSE,1.42371934007303,TRUE,4.5,5.92371934007303,1.02672415753755,4.24196887999277,5.79771458022072,8.24035409791523,TRUE,1.38666196720998,3.99838521792247,1.37939161937052,3.7711940767764,1.03213570394369,1.06024382106059
218,"growth_sd.log_growth_sd",120,10,200,"biased","robust",0.95984496073904,FALSE,1.29313671249571,TRUE,4.5,5.79313671249571,0.970448669610228,4.17383466642328,5.6715964531121,7.96549005330618,TRUE,1.33251428230108,3.7916553868829,1.37939161937052,3.7711940767764,0.937468877102376,1.00542568472742
218,"growth_sd.log_growth_sd",70,10,800,"biased","full",NA,FALSE,1.41364758971599,TRUE,4.5,5.91364758971599,0.895753935651167,4.35177086525356,5.85910967579808,7.87587474005148,TRUE,1.57816508915291,3.52410387479792,1.37939161937052,3.7711940767764,1.02483411517398,0.934479584728854
218,"growth_sd.log_growth_sd",130,10,800,"biased","robust",0.842771956125773,FALSE,1.36238066397316,TRUE,4.5,5.86238066397316,0.922982354133594,4.15727390289251,5.85245770122934,7.83499282607614,TRUE,1.47606360822795,3.67771892318363,1.37939161937052,3.7711940767764,0.987667784000946,0.975213380247811
218,"growth_sd.log_growth_sd",60,10,200,"biased","full",NA,FALSE,1.3147683159846,TRUE,4.5,5.8147683159846,0.926786301236537,4.2087689408824,5.75185085834284,7.7274951646799,TRUE,1.41863158122904,3.5187262237975,1.37939161937052,3.7711940767764,0.953150865585646,0.93305360375547
218,"growth_sd.log_growth_sd",110,10,50,"biased","robust",0.84134168934861,FALSE,1.31321090276904,TRUE,4.5,5.81321090276904,0.934703086762416,4.12487043478617,5.73154544263702,7.88916039843052,TRUE,1.4049497871219,3.76428996364436,1.37939161937052,3.7711940767764,0.952021807533032,0.998169250112436
218,"growth_sd.log_growth_sd",20,10,50,"correct","full",NA,FALSE,1.3882083853331,TRUE,4.5,5.8882083853331,1.00647963305446,4.1727084597529,5.7722167354661,8.26046377896395,TRUE,1.37927121398391,4.08775531921105,1.37939161937052,3.7711940767764,1.00639177869342,1.08394191229353
218,"growth_sd.log_growth_sd",10,10,0,"weak","none",NA,FALSE,1.37939161937052,TRUE,4.5,5.87939161937052,0.952417306472888,4.21052858662327,5.79374487536462,7.98172266339966,TRUE,1.44830591590031,3.7711940767764,1.37939161937052,3.7711940767764,1,1
218,"growth_sd.log_growth_sd",80,10,50,"correct","robust",0.980663413023558,FALSE,1.36889373373608,TRUE,4.5,5.86889373373608,0.98179621398483,4.19627219239029,5.80327174530558,8.02200556526271,TRUE,1.39427481409826,3.82573337287241,1.37939161937052,3.7711940767764,0.992389481357558,1.01446207619806
218,"growth_sd.log_growth_sd",30,10,200,"correct","full",NA,FALSE,1.33551245938962,TRUE,4.5,5.83551245938962,0.963814819918975,4.17323914134557,5.74243197351227,7.9568427391854,TRUE,1.38565254630749,3.78360359783983,1.37939161937052,3.7711940767764,0.968189483418116,1.00329060791113
218,"growth_sd.log_growth_sd",90,10,200,"correct","robust",0.962672517058724,FALSE,1.34823879899392,TRUE,4.5,5.84823879899392,0.949969407346073,4.16586973947376,5.78743274599091,7.91034058617371,TRUE,1.41924443941884,3.74447084669994,1.37939161937052,3.7711940767764,0.977415535994908,0.992913854462962
218,"growth_sd.log_growth_sd",100,10,800,"correct","robust",0.994707584655703,FALSE,1.424594273758,TRUE,4.5,5.924594273758,0.987445043754358,4.22770725423532,5.85884530904892,8.13708904553077,TRUE,1.4427074020662,3.90938179129545,1.37939161937052,3.7711940767764,1.03276999349039,1.03664296021518
218,"recruitment_50",40,10,800,"correct","full",NA,FALSE,0.00508811420670788,TRUE,0.019387103915861,0.0244752181225689,0.00477699222513772,0.0163605020943326,0.0239950547760206,0.0351213668565093,TRUE,1.06512926270488,0.0187608647621767,0.00798813146196167,0.0855857007170464,0.63695924772104,0.219205598657207
218,"recruitment_50",120,10,200,"biased","robust",0.95984496073904,FALSE,0.0366328711845129,TRUE,0.019387103915861,0.0560199751003739,0.0168992224515193,0.026290345931442,0.0542660542758196,0.0917828191140884,FALSE,2.16772524828322,0.0654924731826464,0.00798813146196167,0.0855857007170464,4.58591240754528,0.765226815156542
218,"recruitment_50",130,10,800,"biased","robust",0.842771956125773,FALSE,0.0326563707136211,TRUE,0.019387103915861,0.0520434746294821,0.0173364967136379,0.010118788508244,0.0539153670894815,0.0772350375312864,TRUE,1.88367761105574,0.0671162490230424,0.00798813146196167,0.0855857007170464,4.08811132730176,0.784199328401065
218,"recruitment_50",50,10,50,"biased","full",NA,FALSE,0.0626302974384494,TRUE,0.019387103915861,0.0820174013543104,0.0322303678967507,0.036713202428491,0.0763028421516054,0.159875581152175,FALSE,1.94320764935368,0.123162378723684,0.00798813146196167,0.0855857007170464,7.84041896865191,1.43905322608585
218,"recruitment_50",70,10,800,"biased","full",NA,FALSE,0.0374321068608689,TRUE,0.019387103915861,0.0568192107767299,0.00876824378203445,0.0419772415896964,0.056190943815294,0.0753169791653858,FALSE,4.26905407643487,0.0333397375756894,0.00798813146196167,0.0855857007170464,4.68596530228817,0.389547988698642
218,"recruitment_50",10,10,0,"weak","none",NA,FALSE,0.00798813146196167,TRUE,0.019387103915861,0.0273752353778227,0.0230047383716226,0.00404354841048568,0.0216888226286495,0.0896292491275321,TRUE,0.347238526816519,0.0855857007170464,0.00798813146196167,0.0855857007170464,1,1
218,"recruitment_50",110,10,50,"biased","robust",0.84134168934861,FALSE,0.0568878454393359,TRUE,0.019387103915861,0.0762749493551969,0.03976112389781,0.00941512004775674,0.0728045111017662,0.167017151897685,TRUE,1.43074037810257,0.157602031849928,0.00798813146196167,0.0855857007170464,7.12154597232501,1.84145284235007
218,"recruitment_50",30,10,200,"correct","full",NA,FALSE,0.00227758862724225,TRUE,0.019387103915861,0.0216646925431033,0.00734128966389053,0.0107349255014786,0.0201637289050731,0.0386779840944693,TRUE,0.310243667191745,0.0279430585929907,0.00798813146196167,0.0855857007170464,0.285121575438236,0.32649214014585
218,"recruitment_50",20,10,50,"correct","full",NA,FALSE,0.00595672817831262,TRUE,0.019387103915861,0.0253438320941736,0.013174001077506,0.00793769784778136,0.0226042304173843,0.0569974626909738,TRUE,0.452157863299667,0.0490597648431924,0.00798813146196167,0.0855857007170464,0.745697314406716,0.573223849687089
218,"recruitment_50",90,10,200,"correct","robust",0.962672517058724,FALSE,0.00297304542570243,TRUE,0.019387103915861,0.0223601493415634,0.00907607182274457,0.00922274442809282,0.0210948135827103,0.0443760134653976,TRUE,0.32756962304463,0.0351532690373048,0.00798813146196167,0.0855857007170464,0.372182836481803,0.410737643587502
218,"recruitment_50",60,10,200,"biased","full",NA,FALSE,0.037308547571136,TRUE,0.019387103915861,0.056695651486997,0.0155093941791712,0.0326739673195517,0.0545381805742619,0.0946419358446796,FALSE,2.40554512575614,0.0619679685251279,0.00798813146196167,0.0855857007170464,4.67049744346271,0.724045816134628
218,"recruitment_50",100,10,800,"correct","robust",0.994707584655703,FALSE,0.00521400852733763,TRUE,0.019387103915861,0.0246011124431986,0.00486466087921255,0.0168325124572977,0.0242613461729511,0.0349093808367455,TRUE,1.07181336105419,0.0180768683794478,0.00798813146196167,0.0855857007170464,0.652719419073909,0.211213651673093
218,"recruitment_50",80,10,50,"correct","robust",0.980663413023558,FALSE,0.00601109469384429,TRUE,0.019387103915861,0.0253981986097053,0.0140009754310266,0.00778769638888024,0.0220913088940403,0.0619702752237972,TRUE,0.429333993439023,0.054182578834917,0.00798813146196167,0.0855857007170464,0.75250322587557,0.633079806334112
218,"recruitment_80",40,10,800,"correct","full",NA,FALSE,0.00255134823786179,TRUE,0.183939720585721,0.186491068823583,0.0171551173567032,0.155100773703642,0.185339107239565,0.222252573261319,TRUE,0.148722284133188,0.067151799557677,0.00223416854681477,0.306893393792966,1.14196766465951,0.218811486059483
218,"recruitment_80",120,10,200,"biased","robust",0.95984496073904,FALSE,0.106117159909126,TRUE,0.183939720585721,0.290056880494847,0.044126713834931,0.20378076555815,0.291244149088756,0.370159726286094,FALSE,2.40482806641999,0.166378960727945,0.00223416854681477,0.306893393792966,47.4973833377145,0.542139270812021
218,"recruitment_80",60,10,200,"biased","full",NA,FALSE,0.109226568603056,TRUE,0.183939720585721,0.293166289188777,0.0378480256471524,0.227486070845271,0.292120823166129,0.37961163009734,FALSE,2.88592513705596,0.152125559252068,0.00223416854681477,0.306893393792966,48.8891354051058,0.495695125176576
218,"recruitment_80",110,10,50,"biased","robust",0.84134168934861,FALSE,0.137036577083387,TRUE,0.183939720585721,0.320976297669108,0.0889138854770548,0.114499961619235,0.329012258866103,0.473345948461129,TRUE,1.5412280809475,0.358845986841894,0.00223416854681477,0.306893393792966,61.336722906944,1.16928547208799
218,"recruitment_80",130,10,800,"biased","robust",0.842771956125773,FALSE,0.104792790196915,TRUE,0.183939720585721,0.288732510782636,0.058122840091781,0.117843144606594,0.302630065493062,0.351887633697414,TRUE,1.80295371030456,0.23404448909082,0.00223416854681477,0.306893393792966,46.9046036595211,0.762624721888635
218,"recruitment_80",30,10,200,"correct","full",NA,FALSE,-0.00452302548664232,TRUE,0.183939720585721,0.179416695099079,0.0307332827924242,0.126461505061854,0.176551642027495,0.24264392091813,TRUE,-0.147170268701567,0.116182415856276,0.00223416854681477,0.306893393792966,2.02447818589638,0.378575812337798
218,"recruitment_80",50,10,50,"biased","full",NA,FALSE,0.15589363402624,TRUE,0.183939720585721,0.339833354611961,0.059323565253972,0.241168400865811,0.334467494560677,0.468359849604557,FALSE,2.62785342315213,0.227191448738746,0.00223416854681477,0.306893393792966,69.7770247676682,0.740294360627431
218,"recruitment_80",10,10,0,"weak","none",NA,FALSE,0.00223416854681477,TRUE,0.183939720585721,0.186173889132536,0.078631334721594,0.0722807569595795,0.175327061720102,0.379174150752545,TRUE,0.0284132089926386,0.306893393792966,0.00223416854681477,0.306893393792966,1,1
218,"recruitment_80",100,10,800,"correct","robust",0.994707584655703,FALSE,0.00304935999883274,TRUE,0.183939720585721,0.186989080584554,0.0176357541350397,0.155702694259658,0.186389559862631,0.224276245640421,TRUE,0.172907831186765,0.068573551380763,0.00223416854681477,0.306893393792966,1.36487464349106,0.223444208209394
218,"recruitment_80",90,10,200,"correct","robust",0.962672517058724,FALSE,-0.00304223174549925,TRUE,0.183939720585721,0.180897488840222,0.0364479477007163,0.118321925800242,0.179544741022445,0.255582521569551,TRUE,-0.0834678476406907,0.137260595769309,0.00223416854681477,0.306893393792966,1.36168408146133,0.447258228901162
218,"recruitment_80",80,10,50,"correct","robust",0.980663413023558,FALSE,0.0026649584198947,TRUE,0.183939720585721,0.186604679005616,0.0516944647239552,0.105891937137347,0.18022017572098,0.309497866198658,TRUE,0.0515521039655868,0.203605929061312,0.00223416854681477,0.306893393792966,1.1928188782776,0.663441876493005
218,"recruitment_80",70,10,800,"biased","full",NA,FALSE,0.124900104752276,TRUE,0.183939720585721,0.308839825337997,0.0217215436312096,0.270255193070515,0.306966092650642,0.356602447692309,FALSE,5.75005657391763,0.0863472546217938,0.00223416854681477,0.306893393792966,55.9045130817656,0.281359118078784
218,"recruitment_80",20,10,50,"correct","full",NA,FALSE,0.00257321695958726,TRUE,0.183939720585721,0.186512937545308,0.0494233551643755,0.105335361141661,0.181315750560731,0.299769537276495,TRUE,0.0520647971192786,0.194434176134834,0.00223416854681477,0.306893393792966,1.15175596901848,0.63355608190772
218,"recruitment_110",60,10,200,"biased","full",NA,FALSE,-0.194547906249169,TRUE,1.74517147873092,1.55062357248175,0.113227859175466,1.34387974952722,1.55166568034654,1.78262490498902,TRUE,-1.71819822140842,0.438745155461798,-0.301347012849895,0.498729189142926,0.645594274883608,0.879726242243389
218,"recruitment_110",100,10,800,"correct","robust",0.994707584655703,FALSE,-0.306625442850569,TRUE,1.74517147873092,1.43854603588035,0.0844862501184369,1.28992099455473,1.43544941162246,1.60856637460136,FALSE,-3.6292940261963,0.318645380046632,-0.301347012849895,0.498729189142926,1.01751611854637,0.638914639414286
218,"recruitment_110",130,10,800,"biased","robust",0.842771956125773,FALSE,-0.094844568918101,TRUE,1.74517147873092,1.65032690981282,0.135247814686318,1.32722955597138,1.66762416971677,1.88091408943561,TRUE,-0.701265075062953,0.553684533464231,-0.301347012849895,0.498729189142926,0.314735387688559,1.11019075185021
218,"recruitment_110",50,10,50,"biased","full",NA,FALSE,-0.271186462368246,TRUE,1.74517147873092,1.47398501636267,0.126160628526129,1.22995819305159,1.46687365470032,1.73491656631306,FALSE,-2.14953322234028,0.504958373261472,-0.301347012849895,0.498729189142926,0.899914221161792,1.01249011338047
218,"recruitment_110",70,10,800,"biased","full",NA,FALSE,-0.0523732355625612,TRUE,1.74517147873092,1.69279824316836,0.093365787331052,1.51997379965442,1.68905580506337,1.89273096623163,TRUE,-0.560946756405092,0.372757166577207,-0.301347012849895,0.498729189142926,0.173797095472285,0.747413976747173
218,"recruitment_110",30,10,200,"correct","full",NA,FALSE,-0.216048972693076,TRUE,1.74517147873092,1.52912250603784,0.100712792859211,1.34738468508744,1.52886346520887,1.7298197292078,FALSE,-2.14519890233901,0.382435044120353,-0.301347012849895,0.498729189142926,0.716944132446712,0.766819052194587
218,"recruitment_110",110,10,50,"biased","robust",0.84134168934861,FALSE,-0.275534384918974,TRUE,1.74517147873092,1.46963709381195,0.129091501205435,1.23584619525833,1.46283462733321,1.73906649346109,FALSE,-2.1344115015015,0.503220298202762,-0.301347012849895,0.498729189142926,0.914342512683946,1.00900510569184
218,"recruitment_110",20,10,50,"correct","full",NA,FALSE,-0.288164768002669,TRUE,1.74517147873092,1.45700671072825,0.108764886726436,1.26063455373151,1.4521158576339,1.68986967541267,FALSE,-2.64942829138835,0.429235121681158,-0.301347012849895,0.498729189142926,0.9562555980809,0.860657709685702
218,"recruitment_110",90,10,200,"correct","robust",0.962672517058724,FALSE,-0.223241454493033,TRUE,1.74517147873092,1.52193002423789,0.104239939157712,1.33408017794481,1.51918925364676,1.73908295961419,FALSE,-2.14161151950861,0.405002781669385,-0.301347012849895,0.498729189142926,0.740811904461229,0.812069536907172
218,"recruitment_110",120,10,200,"biased","robust",0.95984496073904,FALSE,-0.201200933679937,TRUE,1.74517147873092,1.54397054505098,0.111237478737155,1.33001350830775,1.54028512142604,1.75949550693012,TRUE,-1.80875129465456,0.429481998622369,-0.301347012849895,0.498729189142926,0.667671903488083,0.861152721701413
218,"recruitment_110",40,10,800,"correct","full",NA,FALSE,-0.30731470900074,TRUE,1.74517147873092,1.43785676973018,0.0808745364356965,1.28988335414508,1.4371181671685,1.60321553191634,FALSE,-3.79989453472894,0.313332177771263,-0.301347012849895,0.498729189142926,1.0198034023779,0.628261157743202
218,"recruitment_110",10,10,0,"weak","none",NA,FALSE,-0.301347012849895,TRUE,1.74517147873092,1.44382446588103,0.126506793226348,1.21156836577117,1.43420391900928,1.71029755491409,FALSE,-2.38206190485534,0.498729189142926,-0.301347012849895,0.498729189142926,1,1
218,"recruitment_110",80,10,50,"correct","robust",0.980663413023558,FALSE,-0.283488804045943,TRUE,1.74517147873092,1.46168267468498,0.107379128082903,1.26322512254392,1.45870580134368,1.68772538439392,FALSE,-2.64007362610611,0.42450026185,-0.301347012849895,0.498729189142926,0.940738722992261,0.851163860249508
218,"recruit_mean_50",110,10,50,"biased","robust",0.84134168934861,FALSE,2.4038620269374,TRUE,44,46.4038620269374,1.73856091531403,42.9883173447627,46.4338591777476,49.7811918461794,TRUE,1.3826734546734,6.79287450141667,2.08693522093899,7.85124960775481,1.15186231121051,0.865196604462458
218,"recruit_mean_50",50,10,50,"biased","full",NA,FALSE,2.49584733970178,TRUE,44,46.4958473397018,1.71670766235234,43.2260123841343,46.4606861296005,49.7339229804738,TRUE,1.453856934664,6.50791059633949,2.08693522093899,7.85124960775481,1.19593905678529,0.828901247759531
218,"recruit_mean_50",20,10,50,"correct","full",NA,FALSE,2.11320852925262,TRUE,44,46.1132085292526,1.95018435065193,42.1962250210714,46.1060200439582,50.073656821842,TRUE,1.08359423997336,7.87743180077056,2.08693522093899,7.85124960775481,1.01258942206256,1.00333478036285
218,"recruit_mean_50",60,10,200,"biased","full",NA,FALSE,2.4213857259578,TRUE,44,46.4213857259578,1.85432438118103,42.6770886724637,46.4198705103147,50.1767034480952,TRUE,1.30580482602273,7.49961477563144,2.08693522093899,7.85124960775481,1.16025916936144,0.955212883338207
218,"recruit_mean_50",40,10,800,"correct","full",NA,FALSE,2.14732441665006,TRUE,44,46.1473244166501,1.9882318330342,42.1583958358619,46.1448040821304,50.1770931014402,TRUE,1.08001711921747,8.01869726557833,2.08693522093899,7.85124960775481,1.02893678495871,1.02132751678894
218,"recruit_mean_50",80,10,50,"correct","robust",0.980663413023558,FALSE,2.12116484806861,TRUE,44,46.1211648480686,2.00263157334229,42.2690437103701,46.0458763534274,50.1077793567968,TRUE,1.05918875758485,7.83873564642666,2.08693522093899,7.85124960775481,1.01640186374075,0.998406118522102
218,"recruit_mean_50",100,10,800,"correct","robust",0.994707584655703,FALSE,2.23986488372537,TRUE,44,46.2398648837254,1.95958693316787,42.3421862253815,46.3317585098808,49.8224643132742,TRUE,1.1430290975172,7.48027808789275,2.08693522093899,7.85124960775481,1.07327954468926,0.95275000307013
218,"recruit_mean_50",120,10,200,"biased","robust",0.95984496073904,FALSE,2.44754892132541,TRUE,44,46.4475489213254,1.75505149746388,43.1151823146986,46.487872453206,49.8373344048889,TRUE,1.39457384860913,6.72215209019033,2.08693522093899,7.85124960775481,1.17279582843217,0.856188814013855
218,"recruit_mean_50",90,10,200,"correct","robust",0.962672517058724,FALSE,2.16186503794404,TRUE,44,46.161865037944,1.99683456196664,42.3145415440641,46.1279974050286,50.0293127596678,TRUE,1.08264604345333,7.71477121560363,2.08693522093899,7.85124960775481,1.03590423710964,0.982616984687842
218,"recruit_mean_50",130,10,800,"biased","robust",0.842771956125773,FALSE,2.52253525818475,TRUE,44,46.5225352581847,1.88448548108372,42.7529970607781,46.5211051180926,50.2112960343614,TRUE,1.33858036238841,7.4582989735833,2.08693522093899,7.85124960775481,1.20872714824841,0.949950561528017
218,"recruit_mean_50",30,10,200,"correct","full",NA,FALSE,2.22373435079757,TRUE,44,46.2237343507976,2.04963042213475,42.4942758932949,46.271808385767,50.3616329782475,TRUE,1.0849440595644,7.86735708495264,2.08693522093899,7.85124960775481,1.06555025210463,1.00205158134088
218,"recruit_mean_50",70,10,800,"biased","full",NA,FALSE,2.61127101246127,TRUE,44,46.6112710124613,1.85301653611263,43.2458834024146,46.6244539415791,50.4031607793135,TRUE,1.40920005923927,7.15727737689881,2.08693522093899,7.85124960775481,1.25124679782172,0.911609964588242
218,"recruit_mean_50",10,10,0,"weak","none",NA,FALSE,2.08693522093899,TRUE,44,46.086935220939,1.9912326232687,42.0252393271832,46.1679530498258,49.876488934938,TRUE,1.04806198761106,7.85124960775481,2.08693522093899,7.85124960775481,1,1
218,"recruit_mean_80",20,10,50,"correct","full",NA,FALSE,1.12268348638389,TRUE,44.6,45.7226834863839,1.07539282611215,43.5937923623377,45.7051093950555,47.8985363755002,TRUE,1.04397524246346,4.30474401316254,1.10986459745519,4.42721879654718,1.01154995749761,0.972335954238323
218,"recruit_mean_80",50,10,50,"biased","full",NA,FALSE,1.20478887847246,TRUE,44.6,45.8047888784725,0.822080758569743,44.2057202181213,45.794441781685,47.3743338770068,TRUE,1.46553591713855,3.16861365888553,1.10986459745519,4.42721879654718,1.08552780333288,0.715712008938151
218,"recruit_mean_80",40,10,800,"correct","full",NA,FALSE,1.13785284947549,TRUE,44.6,45.7378528494755,1.09947314613536,43.6188951210186,45.746576585963,47.979286915727,TRUE,1.03490735856082,4.36039179470838,1.10986459745519,4.42721879654718,1.02521771762473,0.984905421459876
218,"recruit_mean_80",130,10,800,"biased","robust",0.842771956125773,FALSE,1.2931761391707,TRUE,44.6,45.8931761391707,0.975303060935295,43.9178343374632,45.9035736989644,47.7781599263713,TRUE,1.32592236297359,3.86032558890808,1.10986459745519,4.42721879654718,1.16516568069279,0.871952746477942
218,"recruit_mean_80",90,10,200,"correct","robust",0.962672517058724,FALSE,1.15812698353861,TRUE,44.6,45.7581269835386,1.10448651002452,43.6355447996428,45.75869530248,47.9217578472947,TRUE,1.04856598340246,4.28621304765196,1.10986459745519,4.42721879654718,1.04348493158002,0.9681502642234
218,"recruit_mean_80",80,10,50,"correct","robust",0.980663413023558,FALSE,1.12824106849657,TRUE,44.6,45.7282410684966,1.10491289068796,43.589021727798,45.6970164855433,47.9286994209268,TRUE,1.02111313751991,4.33967769312878,1.10986459745519,4.42721879654718,1.01655739905888,0.98022661462165
218,"recruit_mean_80",120,10,200,"biased","robust",0.95984496073904,FALSE,1.24324272359531,TRUE,44.6,45.8432427235953,0.902688841342994,44.1515789852543,45.8603027829,47.5767540768955,TRUE,1.37726608179364,3.4251750916412,1.10986459745519,4.42721879654718,1.12017513347659,0.773662935817069
218,"recruit_mean_80",60,10,200,"biased","full",NA,FALSE,1.22855518897293,TRUE,44.6,45.8285551889729,0.948801758700061,43.9210738257742,45.816140173074,47.7377863468109,TRUE,1.29484919026304,3.81671252103666,1.10986459745519,4.42721879654718,1.10694150600883,0.862101625520143
218,"recruit_mean_80",30,10,200,"correct","full",NA,FALSE,1.19194042107465,TRUE,44.6,45.7919404210746,1.13312691042509,43.7170364807754,45.8191922041272,48.0704368663756,TRUE,1.05190372773646,4.35340038560023,1.10986459745519,4.42721879654718,1.07395120432497,0.983326233841318
218,"recruit_mean_80",110,10,50,"biased","robust",0.84134168934861,FALSE,1.17623051263894,TRUE,44.6,45.7762305126389,0.861519616835852,44.0097137778663,45.7858103084654,47.4484607713336,TRUE,1.36529742289438,3.4387469934673,1.10986459745519,4.42721879654718,1.05979640699949,0.776728495133154
218,"recruit_mean_80",100,10,800,"correct","robust",0.994707584655703,FALSE,1.18199708467158,TRUE,44.6,45.7819970846716,1.07920765025892,43.6831337799481,45.8389055393921,47.8048388244512,TRUE,1.09524527961602,4.12170504450305,1.10986459745519,4.42721879654718,1.06499215073783,0.930991946392528
218,"recruit_mean_80",10,10,0,"weak","none",NA,FALSE,1.10986459745519,TRUE,44.6,45.7098645974552,1.10840765013429,43.4254050879563,45.7474470026064,47.8526238845035,TRUE,1.0013144507986,4.42721879654718,1.10986459745519,4.42721879654718,1,1
218,"recruit_mean_80",70,10,800,"biased","full",NA,FALSE,1.338547714005,TRUE,44.6,45.938547714005,0.945986841001321,44.1686999438493,45.9332852429371,47.888246301531,TRUE,1.41497498272614,3.71954635768174,1.10986459745519,4.42721879654718,1.20604596008753,0.840154175479794
218,"recruit_mean_110",20,10,50,"correct","full",NA,FALSE,0.132158443515266,TRUE,45.2,45.3321584435153,0.307716219010816,44.7237815271334,45.3273161771236,45.9280620755762,TRUE,0.429481565645458,1.20428054844283,0.132793973971459,1.26074776239537,0.995214161929289,0.955211331214063
218,"recruit_mean_110",50,10,50,"biased","full",NA,FALSE,-0.086269582756735,TRUE,45.2,45.1137304172433,0.344225913544753,44.468092299123,45.1240863755949,45.7939823867621,TRUE,-0.250619082881798,1.32589008763911,0.132793973971459,1.26074776239537,0.64964983106294,1.05166959417796
218,"recruit_mean_110",80,10,50,"correct","robust",0.980663413023558,FALSE,0.135317288924426,TRUE,45.2,45.3353172889244,0.312319258045252,44.7233644718068,45.336557777583,45.9436473570067,TRUE,0.433265914408712,1.22028288519986,0.132793973971459,1.26074776239537,1.01900172784579,0.967904065823109
218,"recruit_mean_110",40,10,800,"correct","full",NA,FALSE,0.128381282300957,TRUE,45.2,45.328381282301,0.314814685642012,44.718972313946,45.3296886543609,45.9469577587859,TRUE,0.407799534634621,1.22798544483988,0.132793973971459,1.26074776239537,0.966770392220878,0.974013582627154
218,"recruit_mean_110",90,10,200,"correct","robust",0.962672517058724,FALSE,0.154388929133127,TRUE,45.2,45.3543889291331,0.318041479639827,44.7281993329894,45.3502391713754,45.9207189733579,TRUE,0.485436457244407,1.19251964036853,0.132793973971459,1.26074776239537,1.16261999333124,0.945882813309772
218,"recruit_mean_110",110,10,50,"biased","robust",0.84134168934861,FALSE,-0.0514010016593431,TRUE,45.2,45.1485989983407,0.351170039907005,44.4360150806242,45.1561836156643,45.8181711240402,TRUE,-0.146370691739406,1.38215604341602,0.132793973971459,1.26074776239537,0.387073299503714,1.09629862898981
218,"recruit_mean_110",130,10,800,"biased","robust",0.842771956125773,FALSE,0.0638170201565913,TRUE,45.2,45.2638170201566,0.297457998762148,44.6929952730894,45.255747234476,45.8461947788876,TRUE,0.214541281196544,1.15319950579819,0.132793973971459,1.26074776239537,0.480571657342728,0.914694866169868
218,"recruit_mean_110",120,10,200,"biased","robust",0.95984496073904,FALSE,0.03893652586531,TRUE,45.2,45.2389365258653,0.282930663465899,44.7079138604697,45.2386236129582,45.8471290748656,TRUE,0.137618614357093,1.13921521439595,0.132793973971459,1.26074776239537,0.293210035823451,0.90360280491911
218,"recruit_mean_110",30,10,200,"correct","full",NA,FALSE,0.160146491351725,TRUE,45.2,45.3601464913517,0.313784662592075,44.7668339292541,45.3560541400919,45.9722211693171,TRUE,0.510370679142843,1.20538724006293,0.132793973971459,1.26074776239537,1.20597709792271,0.956089136952137
218,"recruit_mean_110",60,10,200,"biased","full",NA,FALSE,0.0357246519879979,TRUE,45.2,45.235724651988,0.272531934560811,44.7179449020117,45.2249574149682,45.7670807868569,TRUE,0.131084278418853,1.04913588484517,0.132793973971459,1.26074776239537,0.269023141032559,0.832153675888234
218,"recruit_mean_110",10,10,0,"weak","none",NA,FALSE,0.132793973971459,TRUE,45.2,45.3327939739715,0.32869684658996,44.7091264501616,45.3450720871357,45.9698742125569,TRUE,0.404001362803204,1.26074776239537,0.132793973971459,1.26074776239537,1,1
218,"recruit_mean_110",100,10,800,"correct","robust",0.994707584655703,FALSE,0.124129285617578,TRUE,45.2,45.3241292856176,0.303856040366696,44.7212833798643,45.3299562140293,45.9065299319702,TRUE,0.408513470615155,1.18524655210595,0.132793973971459,1.26074776239537,0.934750891966347,0.94011394464348
218,"recruit_mean_110",70,10,800,"biased","full",NA,FALSE,0.0658244155490664,TRUE,45.2,45.2658244155491,0.282946557367704,44.6911887662029,45.2665792335,45.8335310129115,TRUE,0.232639040253541,1.1423422467086,0.132793973971459,1.26074776239537,0.495688272445357,0.90608310463165
218,"recruit_sd.log_recruit_sd",90,10,200,"correct","robust",0.962672517058724,FALSE,-0.0112551074899381,TRUE,3.5,3.48874489251006,0.214273871386092,3.09466005364111,3.48058610136681,3.94441849661157,TRUE,-0.052526737941174,0.849758442970452,-0.0237889189407552,0.82893303971462,0.473123958174317,1.02512314295374
218,"recruit_sd.log_recruit_sd",50,10,50,"biased","full",NA,FALSE,-0.076557526063572,TRUE,3.5,3.42344247393643,0.247124308314057,2.96172961433541,3.41481977957613,3.95114368331762,TRUE,-0.30979358763153,0.989414068982211,-0.0237889189407552,0.82893303971462,3.21820114038111,1.19359950874059
218,"recruit_sd.log_recruit_sd",120,10,200,"biased","robust",0.95984496073904,FALSE,-0.0387772484166797,TRUE,3.5,3.46122275158332,0.233896468695191,3.03108785945831,3.43968752510662,3.95339870955755,TRUE,-0.165788088349523,0.922310850099243,-0.0237889189407552,0.82893303971462,1.63005509049201,1.11264819461988
218,"recruit_sd.log_recruit_sd",10,10,0,"weak","none",NA,FALSE,-0.0237889189407552,TRUE,3.5,3.47621108105924,0.209279475301847,3.0985583405305,3.46982302333185,3.92749138024512,TRUE,-0.11367057809393,0.82893303971462,-0.0237889189407552,0.82893303971462,1,1
218,"recruit_sd.log_recruit_sd",80,10,50,"correct","robust",0.980663413023558,FALSE,-0.0168717844992146,TRUE,3.5,3.48312821550079,0.219401467369818,3.09638745067894,3.47326008135451,3.93763064811508,TRUE,-0.0768991415667055,0.841243197436139,-0.0237889189407552,0.82893303971462,0.709228718683379,1.0148506056964
218,"recruit_sd.log_recruit_sd",30,10,200,"correct","full",NA,FALSE,-0.0227393975368817,TRUE,3.5,3.47726060246312,0.209211864295645,3.0811233574421,3.47317814834882,3.89741418673024,TRUE,-0.108690764806473,0.816290829288145,-0.0237889189407552,0.82893303971462,0.955881921053779,0.984748815862344
218,"recruit_sd.log_recruit_sd",100,10,800,"correct","robust",0.994707584655703,FALSE,-0.0230227291989871,TRUE,3.5,3.47697727080101,0.208128266873046,3.10435354099077,3.48185360432602,3.89391436261016,TRUE,-0.110617983539115,0.789560821619384,-0.0237889189407552,0.82893303971462,0.967792158034744,0.9525025349348
218,"recruit_sd.log_recruit_sd",110,10,50,"biased","robust",0.84134168934861,FALSE,-0.0651809607273766,TRUE,3.5,3.43481903927262,0.240441628601842,3.00510586595458,3.42280956480703,3.90791639079512,TRUE,-0.271088501215039,0.902810524840532,-0.0237889189407552,0.82893303971462,2.73997153421329,1.08912358608766
218,"recruit_sd.log_recruit_sd",130,10,800,"biased","robust",0.842771956125773,FALSE,-0.0635880526171362,TRUE,3.5,3.43641194738286,0.225236488551561,3.01170102628066,3.41954953670756,3.89156679225277,TRUE,-0.282316835189782,0.879865765972109,-0.0237889189407552,0.82893303971462,2.67301144602234,1.06144371597858
218,"recruit_sd.log_recruit_sd",70,10,800,"biased","full",NA,FALSE,-0.0660601439773387,TRUE,3.5,3.43393985602266,0.230912548248857,2.97110740623374,3.42585145593745,3.89244575134019,TRUE,-0.286082954253942,0.921338345106449,-0.0237889189407552,0.82893303971462,2.77692921405371,1.11147499371438
218,"recruit_sd.log_recruit_sd",60,10,200,"biased","full",NA,FALSE,-0.0576162060850556,TRUE,3.5,3.44238379391494,0.221677579874208,3.0103233636572,3.43988749630731,3.89023451960205,TRUE,-0.259909938198307,0.879911155944851,-0.0237889189407552,0.82893303971462,2.42197664503146,1.06149847308268
218,"recruit_sd.log_recruit_sd",40,10,800,"correct","full",NA,FALSE,-0.0169161860695834,TRUE,3.5,3.48308381393042,0.213169910267018,3.08993018798931,3.47053562838475,3.91949187009034,TRUE,-0.0793554120672761,0.829561682101027,-0.0237889189407552,0.82893303971462,0.711095199900094,1.00075837535276
218,"recruit_sd.log_recruit_sd",20,10,50,"correct","full",NA,FALSE,-0.019401294026471,TRUE,3.5,3.48059870597353,0.200159078758488,3.11159986717694,3.47976062803394,3.88067849575998,TRUE,-0.0969293731106776,0.769078628583035,-0.0237889189407552,0.82893303971462,0.815560138516116,0.927793430513771
218,"lambda",90,10,200,"correct","robust",0.962672517058724,FALSE,-0.0157412245917259,TRUE,1.03119869581319,1.01545747122147,0.0179891675258797,0.980632704108018,1.01541756281561,1.05137515507375,TRUE,-0.875039079439341,0.0707424509657352,-0.0110278589067732,0.0706008003781333,1.42740533088049,1.00200635951495
218,"lambda",70,10,800,"biased","full",NA,FALSE,-0.0317840642043208,TRUE,1.03119869581319,0.999414631608872,0.0163577174830121,0.965390577378173,0.999602155964772,1.03122616375613,TRUE,-1.94306230299731,0.065835586377962,-0.0110278589067732,0.0706008003781333,2.88216094103266,0.932504816168527
218,"lambda",10,10,0,"weak","none",NA,FALSE,-0.0110278589067732,TRUE,1.03119869581319,1.02017083690642,0.018471607643891,0.985613549117117,1.02030700875743,1.05621434949525,TRUE,-0.597016736137763,0.0706008003781333,-0.0110278589067732,0.0706008003781333,1,1
218,"lambda",80,10,50,"correct","robust",0.980663413023558,FALSE,-0.0120277589078632,TRUE,1.03119869581319,1.01917093690533,0.0171367026523308,0.987543374410348,1.01888370271441,1.05458111902756,TRUE,-0.701871249789543,0.0670377446172165,-0.0110278589067732,0.0706008003781333,1.09067036580201,0.949532360230573
218,"lambda",120,10,200,"biased","robust",0.95984496073904,FALSE,-0.0247841155738524,TRUE,1.03119869581319,1.00641458023934,0.0172646451737855,0.970003942083675,1.00710458740789,1.03846717663517,TRUE,-1.43554155468451,0.0684632345514975,-0.0110278589067732,0.0706008003781333,2.24740956366701,0.969723206887356
218,"lambda",20,10,50,"correct","full",NA,FALSE,-0.0115430619132921,TRUE,1.03119869581319,1.0196556338999,0.0178596919355997,0.984226250799183,1.01959029318022,1.05599697598395,TRUE,-0.646319206115945,0.0717707251847639,-0.0110278589067732,0.0706008003781333,1.04671831684413,1.01657098503649
218,"lambda",100,10,800,"correct","robust",0.994707584655703,FALSE,-0.0126568515795809,TRUE,1.03119869581319,1.01854184423361,0.0175442366756444,0.982904541224585,1.01871072130381,1.05395073660376,TRUE,-0.721425036242902,0.0710461953791709,-0.0110278589067732,0.0706008003781333,1.14771613298454,1.00630863954307
218,"lambda",110,10,50,"biased","robust",0.84134168934861,FALSE,-0.0255739968412603,TRUE,1.03119869581319,1.00562469897193,0.0196649934679528,0.971107307222399,1.00513095776805,1.04904206377322,TRUE,-1.30048336313649,0.0779347565508238,-0.0110278589067732,0.0706008003781333,2.31903554964356,1.10387922138857
218,"lambda",30,10,200,"correct","full",NA,FALSE,-0.016001974138879,TRUE,1.03119869581319,1.01519672167431,0.0172319826686129,0.982222319914036,1.01524474866679,1.04925307847218,TRUE,-0.928620603131509,0.0670307585581466,-0.0110278589067732,0.0706008003781333,1.45104995213993,0.949433408674323
218,"lambda",40,10,800,"correct","full",NA,FALSE,-0.0123367415804119,TRUE,1.03119869581319,1.01886195423278,0.0172734579003605,0.98300061084436,1.01877609224582,1.05224907902903,TRUE,-0.714202196895062,0.069248468184674,-0.0110278589067732,0.0706008003781333,1.11868873955531,0.98084537021937
218,"lambda",50,10,50,"biased","full",NA,FALSE,-0.0277338472442841,TRUE,1.03119869581319,1.00346484856891,0.0178394904855735,0.96968629367552,1.00303641395271,1.03941960449663,TRUE,-1.55463225066388,0.0697333108211148,-0.0110278589067732,0.0706008003781333,2.51488956095098,0.987712751804904
218,"lambda",60,10,200,"biased","full",NA,FALSE,-0.0253154773199413,TRUE,1.03119869581319,1.00588321849325,0.0167921190160372,0.972068455508035,1.00637803534392,1.03833700410281,TRUE,-1.50758086550982,0.0662685485947717,-0.0110278589067732,0.0706008003781333,2.29559314586378,0.938637355948398
218,"lambda",130,10,800,"biased","robust",0.842771956125773,FALSE,-0.0286445659933148,TRUE,1.03119869581319,1.00255412981988,0.0187867671286372,0.966489618937537,1.00165638768544,1.04004931900447,TRUE,-1.52472034156697,0.073559700066938,-0.0110278589067732,0.0706008003781333,2.59747302132436,1.0419102853361
