"task_id","scenario_id","replicate","sample_size","accuracy","borrowing","robust_responsibility","failed","error","positive_definite","quantity","truth","posterior_mean","posterior_sd","q025","median","q975","covers_truth","standardized_bias","interval_width"
1,2,1,0,"weak","none",NA,FALSE,-0.0654309570896495,TRUE,"survival_at_80",0.36,0.29456904291035,0.106624951925368,0.0840994147829179,0.293452464599652,0.516216913029054,TRUE,-0.613655208355429,0.432117498246136
1,2,1,0,"weak","none",NA,FALSE,0.071855111938604,TRUE,"survival_slope_20",0.64,0.711855111938604,0.0800338072914604,0.558290384646623,0.711316313169285,0.868214541707276,TRUE,0.897809492892523,0.309924157060654
1,2,1,0,"weak","none",NA,FALSE,0.963081642246312,TRUE,"growth_increment_80",8.4,9.36308164224631,0.82160314721699,7.73025388341147,9.36687868648623,10.8738334981109,TRUE,1.17219809284878,3.14357961469946
1,2,1,0,"weak","none",NA,FALSE,-0.772938645871325,TRUE,"growth_slope_20",-2.4,-3.17293864587133,0.33753940329669,-3.82229553247003,-3.17521371748187,-2.50317788794028,FALSE,-2.28992123089087,1.31911764452975
1,2,1,0,"weak","none",NA,FALSE,-0.148210319322162,TRUE,"log_growth_sd",1.50407739677627,1.35586707745411,0.18113005806229,1.01234425714606,1.35285152137482,1.7203303204027,TRUE,-0.818253584787085,0.707986063256638
1,2,1,0,"weak","none",NA,FALSE,0.39240501789957,TRUE,"log_recruitment_at_80",-1.69314718055995,-1.30074216266038,0.4955898470305,-2.30482296020273,-1.29841949686988,-0.420681966503167,TRUE,0.79179390023989,1.88414099369956
1,2,1,0,"weak","none",NA,FALSE,-0.198796781031945,TRUE,"recruitment_slope_20",1.5,1.30120321896805,0.296335490904666,0.74976857410692,1.29777258972254,1.90771160103925,TRUE,-0.670850394682898,1.15794302693233
1,2,1,0,"weak","none",NA,FALSE,0.51797513412442,TRUE,"recruit_mean_80",44.6,45.1179751341244,1.65055121894934,41.9206155401615,45.1307530550543,48.3701965540916,TRUE,0.313819485380247,6.44958101393004
1,2,1,0,"weak","none",NA,FALSE,0.0366544090902146,TRUE,"recruit_mean_slope_20",0.4,0.436654409090215,0.90218930638333,-1.26748637276847,0.437070565912879,2.18883015542953,TRUE,0.0406282903497866,3.456316528198
1,2,1,0,"weak","none",NA,FALSE,0.0541577492937229,TRUE,"log_recruit_sd",1.25276296849537,1.30692071778909,0.0859174048027544,1.13648368808582,1.30628473642235,1.48573906173728,TRUE,0.630346661634577,0.349255373651466
1,2,1,0,"weak","none",NA,FALSE,NA,TRUE,"log_process_precision",NA,1.85544329791453,0.201975225799773,1.46706063714437,1.85348889239845,2.24385385416079,NA,NA,0.776793217016413
2,26,2,0,"weak","none",NA,FALSE,0.213395685579685,TRUE,"survival_at_80",0.36,0.573395685579685,0.111335848002237,0.364634067306113,0.577377799973309,0.789422984918509,FALSE,1.91668442293086,0.424788917612396
2,26,2,0,"weak","none",NA,FALSE,-0.0255490380529106,TRUE,"survival_slope_20",0.64,0.614450961947089,0.0727290780427944,0.466399706235298,0.615551843912831,0.752347764603266,TRUE,-0.35129055311106,0.285948058367968
2,26,2,0,"weak","none",NA,FALSE,-1.13345280708604,TRUE,"growth_increment_80",8.4,7.26654719291396,0.812476257973657,5.68262099038701,7.24837938330149,8.92378155304896,TRUE,-1.39505960446513,3.24116056266195
2,26,2,0,"weak","none",NA,FALSE,0.651628787029212,TRUE,"growth_slope_20",-2.4,-1.74837121297079,0.351817427532962,-2.42443291179894,-1.743863064438,-1.05849932965958,TRUE,1.85217881785621,1.36593358213936
2,26,2,0,"weak","none",NA,FALSE,0.081627259408154,TRUE,"log_growth_sd",1.50407739677627,1.58570465618443,0.147209484987817,1.29984451632105,1.58208048030051,1.8616196272378,TRUE,0.554497282664288,0.561775110916741
2,26,2,0,"weak","none",NA,FALSE,0.179674436834872,TRUE,"log_recruitment_at_80",-1.69314718055995,-1.51347274372507,0.297724849611275,-2.09767340459255,-1.51049231207738,-0.911866719381614,TRUE,0.603491569714334,1.18580668521094
2,26,2,0,"weak","none",NA,FALSE,-0.191241266708487,TRUE,"recruitment_slope_20",1.5,1.30875873329151,0.18730746119629,0.942296827029144,1.31425492926231,1.6785138108947,TRUE,-1.02100186232344,0.736216983865556
2,26,2,0,"weak","none",NA,FALSE,0.855871143944384,TRUE,"recruit_mean_80",44.6,45.4558711439444,1.08111371070903,43.3890952860421,45.4502491261848,47.5084518700051,TRUE,0.79165691403828,4.11935658396306
2,26,2,0,"weak","none",NA,FALSE,-0.647689616572728,TRUE,"recruit_mean_slope_20",0.4,-0.247689616572728,0.602550438283926,-1.38899289205071,-0.234879107298002,0.90918593521591,TRUE,-1.07491352660428,2.29817882726662
2,26,2,0,"weak","none",NA,FALSE,-0.0434086794495194,TRUE,"log_recruit_sd",1.25276296849537,1.20935428904585,0.059498706001606,1.08886324412595,1.20891592949385,1.32492325606589,TRUE,-0.729573504478361,0.236060011939941
2,26,2,0,"weak","none",NA,FALSE,NA,TRUE,"log_process_precision",NA,5.75676445621426,1.19295362463832,3.43140426899413,5.75481246323189,8.04797805386563,NA,NA,4.6165737848715
3,50,3,0,"weak","none",NA,FALSE,0.127311340381049,TRUE,"survival_at_80",0.36,0.487311340381049,0.122116920996782,0.25470246497533,0.48071003906563,0.734558491637173,TRUE,1.04253644246734,0.479856026661842
3,50,3,0,"weak","none",NA,FALSE,0.0706799149133315,TRUE,"survival_slope_20",0.64,0.710679914913331,0.0851953695699825,0.540087542716793,0.708366605804406,0.873846833324504,TRUE,0.82962155420046,0.333759290607711
3,50,3,0,"weak","none",NA,FALSE,0.100716550057671,TRUE,"growth_increment_80",8.4,8.50071655005767,0.96661406800687,6.56642483574259,8.49187777790295,10.2832222628135,TRUE,0.104195204054236,3.71679742707087
3,50,3,0,"weak","none",NA,FALSE,0.681864070139984,TRUE,"growth_slope_20",-2.4,-1.71813592986002,0.464892449433091,-2.63469828386402,-1.71888156189157,-0.845417167540178,TRUE,1.46671358283293,1.78928111632385
3,50,3,0,"weak","none",NA,FALSE,0.213342772648805,TRUE,"log_growth_sd",1.50407739677627,1.71742016942508,0.163873268100049,1.40807431337011,1.71907447064474,2.03648105445124,TRUE,1.30187659721629,0.628406741081123
3,50,3,0,"weak","none",NA,FALSE,0.736479703881163,TRUE,"log_recruitment_at_80",-1.69314718055995,-0.956667476678782,0.138334139686356,-1.24118588770543,-0.952601468742605,-0.700237379868946,FALSE,5.32391863318034,0.540948507836488
3,50,3,0,"weak","none",NA,FALSE,-0.453813298452297,TRUE,"recruitment_slope_20",1.5,1.0461867015477,0.112306338118874,0.844670256426989,1.04587256795945,1.26989373997724,FALSE,-4.04085206635395,0.425223483550249
3,50,3,0,"weak","none",NA,FALSE,-0.324913922273126,TRUE,"recruit_mean_80",44.6,44.2750860777269,0.674138571298832,42.8592684209212,44.2857658947906,45.5150205074594,TRUE,-0.481969043318689,2.65575208653826
3,50,3,0,"weak","none",NA,FALSE,0.691791218463726,TRUE,"recruit_mean_slope_20",0.4,1.09179121846373,0.40931768041391,0.282206250161439,1.07919348007954,1.91032423631202,TRUE,1.69010832311024,1.62811798615058
3,50,3,0,"weak","none",NA,FALSE,-0.00663856379160843,TRUE,"log_recruit_sd",1.25276296849537,1.24612440470376,0.100916717837711,1.04049787546732,1.2488005802798,1.43070706741005,TRUE,-0.0657825971142283,0.390209191942733
3,50,3,0,"weak","none",NA,FALSE,NA,TRUE,"log_process_precision",NA,4.8635026746689,1.25741776208071,2.5110650612728,4.84966617865018,7.26364780029243,NA,NA,4.75258273901963
4,74,4,0,"weak","none",NA,FALSE,-0.0922360641956464,TRUE,"survival_at_80",0.36,0.267763935804353,0.076656423856235,0.117476063405164,0.265340258687696,0.425197482338334,TRUE,-1.2032398533048,0.307721418933169
4,74,4,0,"weak","none",NA,FALSE,-0.0782038357630424,TRUE,"survival_slope_20",0.64,0.561796164236958,0.0666146594184057,0.433170951150406,0.560160089124518,0.69422751663309,TRUE,-1.173973363308,0.261056565482684
4,74,4,0,"weak","none",NA,FALSE,1.07072086468302,TRUE,"growth_increment_80",8.4,9.47072086468302,0.73762674850621,8.08235236522085,9.46951564111522,10.8929357641594,TRUE,1.45157543005506,2.81058339893853
4,74,4,0,"weak","none",NA,FALSE,-0.0323742253340051,TRUE,"growth_slope_20",-2.4,-2.432374225334,0.296073794689363,-3.00833729181269,-2.43784040591577,-1.87321035874538,TRUE,-0.109345122448178,1.13512693306731
4,74,4,0,"weak","none",NA,FALSE,0.100922315359458,TRUE,"log_growth_sd",1.50407739677627,1.60499971213573,0.152892911750158,1.30090954737989,1.60172614652924,1.9195947088291,TRUE,0.660084985001626,0.618685161449207
4,74,4,0,"weak","none",NA,FALSE,0.04124993367781,TRUE,"log_recruitment_at_80",-1.69314718055995,-1.65189724688214,0.235048190457349,-2.13661525510799,-1.65292515332849,-1.20036848921047,TRUE,0.175495644521012,0.936246765897522
4,74,4,0,"weak","none",NA,FALSE,-0.0712934629711646,TRUE,"recruitment_slope_20",1.5,1.42870653702884,0.161494523217716,1.11876676551491,1.42682652905074,1.75451691174285,TRUE,-0.441460561947675,0.635750146227942
4,74,4,0,"weak","none",NA,FALSE,0.534073807778555,TRUE,"recruit_mean_80",44.6,45.1340738077786,0.788353209669606,43.6118390661558,45.1570899103558,46.6312794751451,TRUE,0.677454979859068,3.01944040898933
4,74,4,0,"weak","none",NA,FALSE,-0.515410790762264,TRUE,"recruit_mean_slope_20",0.4,-0.115410790762264,0.454311111514278,-0.98892229556157,-0.113978868662816,0.771779068338782,TRUE,-1.13448863058694,1.76070136390035
4,74,4,0,"weak","none",NA,FALSE,-0.0585932946930547,TRUE,"log_recruit_sd",1.25276296849537,1.19416967380231,0.0533873587971765,1.08997529017064,1.19672332541951,1.30020613276127,TRUE,-1.09751252006409,0.210230842590632
4,74,4,0,"weak","none",NA,FALSE,NA,TRUE,"log_process_precision",NA,4.11493691675404,0.913198822132784,2.24552981741538,4.14490982588802,5.86250627975985,NA,NA,3.61697646234447
5,98,5,0,"weak","none",NA,FALSE,0.0826160231905328,TRUE,"survival_at_80",0.36,0.442616023190533,0.100720016957607,0.24981975651673,0.447309232996539,0.630741757036928,TRUE,0.820254262122555,0.380922000520198
5,98,5,0,"weak","none",NA,FALSE,-0.125121787825019,TRUE,"survival_slope_20",0.64,0.514878212174981,0.0882899584255252,0.348467723771412,0.514525244401327,0.689521459070098,TRUE,-1.41716895167147,0.341053735298686
5,98,5,0,"weak","none",NA,FALSE,1.18816025788414,TRUE,"growth_increment_80",8.4,9.58816025788414,0.959288934687292,7.86735201456555,9.59211475839615,11.4077162754131,TRUE,1.23858434609324,3.54036426084752
5,98,5,0,"weak","none",NA,FALSE,0.544100109588188,TRUE,"growth_slope_20",-2.4,-1.85589989041181,0.389118027051223,-2.63697050440609,-1.85978109038119,-1.12641161737474,TRUE,1.39829067728225,1.51055888703135
5,98,5,0,"weak","none",NA,FALSE,0.330501455900617,TRUE,"log_growth_sd",1.50407739677627,1.83457885267689,0.140748834178958,1.5574921666485,1.83187233581592,2.11593836795633,FALSE,2.34816478465743,0.558446201307837
5,98,5,0,"weak","none",NA,FALSE,0.467554381279731,TRUE,"log_recruitment_at_80",-1.69314718055995,-1.22559279928021,0.132664804137658,-1.49212598124489,-1.22246045923682,-0.974712814674565,FALSE,3.52432873450428,0.51741316657032
5,98,5,0,"weak","none",NA,FALSE,-0.59130988748855,TRUE,"recruitment_slope_20",1.5,0.90869011251145,0.111490897655252,0.690410045150425,0.905272327756222,1.13442471898372,FALSE,-5.30366065682757,0.444014673833292
5,98,5,0,"weak","none",NA,FALSE,0.469333820841157,TRUE,"recruit_mean_80",44.6,45.0693338208412,0.589539131910994,43.938994995039,45.0581023558254,46.2021009543197,TRUE,0.796102914016597,2.26310595928074
5,98,5,0,"weak","none",NA,FALSE,-0.14157379739354,TRUE,"recruit_mean_slope_20",0.4,0.25842620260646,0.455529260969245,-0.638838459468458,0.256620128714905,1.16980796952745,TRUE,-0.310789689102098,1.80864642899591
5,98,5,0,"weak","none",NA,FALSE,-0.0259000610130129,TRUE,"log_recruit_sd",1.25276296849537,1.22686290748236,0.070425753280161,1.08810142776396,1.22520780023906,1.36306025896033,TRUE,-0.367764060825587,0.274958831196366
5,98,5,0,"weak","none",NA,FALSE,NA,TRUE,"log_process_precision",NA,5.23942366990231,1.27567826439072,2.56475763283908,5.25683326241458,7.6871163780266,NA,NA,5.12235874518752
6,122,6,0,"weak","none",NA,FALSE,-0.000324173295055685,TRUE,"survival_at_80",0.36,0.359675826704944,0.0998189139664258,0.161433333535653,0.360330964461667,0.551403621236702,TRUE,-0.00324761392580089,0.389970287701048
6,122,6,0,"weak","none",NA,FALSE,-0.074990332420021,TRUE,"survival_slope_20",0.64,0.565009667579979,0.0807984546341609,0.412860537382254,0.56140007796477,0.7298863847597,TRUE,-0.928115924488433,0.317025847377446
6,122,6,0,"weak","none",NA,FALSE,0.616171075345234,TRUE,"growth_increment_80",8.4,9.01617107534523,0.941816140339948,7.23179936780098,9.01156833600992,10.8984833062499,TRUE,0.654237115879992,3.66668393844889
6,122,6,0,"weak","none",NA,FALSE,0.588149456118847,TRUE,"growth_slope_20",-2.4,-1.81185054388115,0.402981129193962,-2.63949788669351,-1.80109960612356,-1.04204526125257,TRUE,1.45949627292786,1.59745262544094
6,122,6,0,"weak","none",NA,FALSE,0.306618247080322,TRUE,"log_growth_sd",1.50407739677627,1.8106956438566,0.183962663196454,1.45191320409603,1.81298095142827,2.1397146386852,TRUE,1.66674172765636,0.687801434589174
6,122,6,0,"weak","none",NA,FALSE,0.505590317847484,TRUE,"log_recruitment_at_80",-1.69314718055995,-1.18755686271246,0.157631153599328,-1.49617433065675,-1.18579187917645,-0.879207695254458,FALSE,3.2074263640334,0.616966635402291
6,122,6,0,"weak","none",NA,FALSE,-0.308092817295879,TRUE,"recruitment_slope_20",1.5,1.19190718270412,0.107154439173298,0.976190671965307,1.19394183241318,1.39667430055126,FALSE,-2.8752221529302,0.420483628585956
6,122,6,0,"weak","none",NA,FALSE,-0.738512495981126,TRUE,"recruit_mean_80",44.6,43.8614875040189,0.6299189171919,42.6417205241637,43.8526396002085,45.099921892411,TRUE,-1.17239294745,2.45820136824729
6,122,6,0,"weak","none",NA,FALSE,0.32312407557504,TRUE,"recruit_mean_slope_20",0.4,0.72312407557504,0.367646634153885,-0.0370980113353412,0.72168077041481,1.47394879577597,TRUE,0.878898500781025,1.51104680711131
6,122,6,0,"weak","none",NA,FALSE,-0.0917122337881326,TRUE,"log_recruit_sd",1.25276296849537,1.16105073470724,0.0736483507252552,1.02916797253178,1.16249599888376,1.31335784717278,TRUE,-1.24527206495451,0.284189874641005
6,122,6,0,"weak","none",NA,FALSE,NA,TRUE,"log_process_precision",NA,4.60717000132632,1.11175130232083,2.47984404923849,4.56660816356998,6.86046252867013,NA,NA,4.38061847943164
7,146,7,0,"weak","none",NA,FALSE,0.140716936827306,TRUE,"survival_at_80",0.36,0.500716936827306,0.124052033494949,0.269684314547274,0.504772737915614,0.734119329082054,TRUE,1.13433801013053,0.464435014534781
7,146,7,0,"weak","none",NA,FALSE,0.131395026609669,TRUE,"survival_slope_20",0.64,0.771395026609669,0.0805885841558661,0.614563436094625,0.769472831821079,0.935527279765911,TRUE,1.63044217721381,0.320963843671287
7,146,7,0,"weak","none",NA,FALSE,-0.492107196549162,TRUE,"growth_increment_80",8.4,7.90789280345084,1.04044055431337,5.87100337880586,7.90757129531095,10.0723294727057,TRUE,-0.472979637816911,4.20132609389979
7,146,7,0,"weak","none",NA,FALSE,0.28397377198557,TRUE,"growth_slope_20",-2.4,-2.11602622801443,0.444611851506233,-2.96855320864579,-2.11066448712874,-1.23423845811164,TRUE,0.638700410309663,1.73431475053415
7,146,7,0,"weak","none",NA,FALSE,0.362481273050341,TRUE,"log_growth_sd",1.50407739677627,1.86655866982662,0.138851577051046,1.57287592799865,1.86513611279287,2.114368027659,FALSE,2.61056648220193,0.541492099660346
7,146,7,0,"weak","none",NA,FALSE,-1.68843562946897,TRUE,"log_recruitment_at_80",-1.69314718055995,-3.38158281002891,0.786603063394006,-4.93836976496621,-3.34084254202942,-1.88696645907888,FALSE,-2.14649002532963,3.05140330588733
7,146,7,0,"weak","none",NA,FALSE,-3.36826541457216,TRUE,"recruitment_slope_20",1.5,-1.86826541457216,0.461159053182283,-2.7859830476298,-1.84457158268739,-1.00064199414702,FALSE,-7.30391259009023,1.78534105348278
7,146,7,0,"weak","none",NA,FALSE,3.6725627404181,TRUE,"recruit_mean_80",44.6,48.2725627404181,3.86253300222278,40.4400861029005,48.1767569873554,55.7399163221752,TRUE,0.950817180928848,15.2998302192747
7,146,7,0,"weak","none",NA,FALSE,1.18383875551659,TRUE,"recruit_mean_slope_20",0.4,1.58383875551659,2.21668550783597,-2.89015055541068,1.55811023268612,5.9286272587009,TRUE,0.534058057099994,8.81877781411158
7,146,7,0,"weak","none",NA,FALSE,0.045553377290166,TRUE,"log_recruit_sd",1.25276296849537,1.29831634578553,0.0622478959349182,1.17452615038612,1.29980829109878,1.41755527595327,TRUE,0.731805896504408,0.243029125567151
7,146,7,0,"weak","none",NA,FALSE,NA,TRUE,"log_process_precision",NA,3.91385356276841,0.837111130487363,2.19193885702189,3.93551062650662,5.53552232116699,NA,NA,3.3435834641451
8,170,8,0,"weak","none",NA,FALSE,-0.0152186906334528,TRUE,"survival_at_80",0.36,0.344781309366547,0.101906903750073,0.147877897876985,0.342804623466866,0.549524429945611,TRUE,-0.149339152436391,0.401646532068626
8,170,8,0,"weak","none",NA,FALSE,-0.0116151046806616,TRUE,"survival_slope_20",0.64,0.628384895319338,0.0764683469802223,0.487406977308006,0.628961948683045,0.777632223593658,TRUE,-0.151894282266436,0.290225246285652
8,170,8,0,"weak","none",NA,FALSE,-0.562568712523242,TRUE,"growth_increment_80",8.4,7.83743128747676,0.864024552351842,6.05248425817181,7.84603995205159,9.49340926195165,TRUE,-0.651102692616721,3.44092500377984
8,170,8,0,"weak","none",NA,FALSE,-0.201635571864713,TRUE,"growth_slope_20",-2.4,-2.60163557186471,0.34116127496094,-3.27853281745362,-2.59553161824946,-1.97663774692554,TRUE,-0.591027137789303,1.30189507052808
8,170,8,0,"weak","none",NA,FALSE,0.143425656167403,TRUE,"log_growth_sd",1.50407739677627,1.64750305294368,0.15993133194091,1.35176478735957,1.6460098995717,1.98197303215598,TRUE,0.896795233471792,0.630208244796417
8,170,8,0,"weak","none",NA,FALSE,-0.473496779945877,TRUE,"log_recruitment_at_80",-1.69314718055995,-2.16664396050582,0.48144797867708,-3.15159582780226,-2.15922581652857,-1.26834291110946,TRUE,-0.983484822694549,1.8832529166928
8,170,8,0,"weak","none",NA,FALSE,0.351146846503772,TRUE,"recruitment_slope_20",1.5,1.85114684650377,0.250380823678958,1.37764637208974,1.84743878731247,2.32839880328612,TRUE,1.40245103975701,0.950752431196384
8,170,8,0,"weak","none",NA,FALSE,-0.0401832301033025,TRUE,"recruit_mean_80",44.6,44.5598167698967,1.69564998955895,41.3635869085867,44.5709303853637,47.8640117991803,TRUE,-0.0236978328963717,6.50042489059356
8,170,8,0,"weak","none",NA,FALSE,0.000670461617833351,TRUE,"recruit_mean_slope_20",0.4,0.400670461617833,0.807285472623927,-1.16039796883407,0.391932405484829,1.92341066661608,TRUE,0.000830513666564746,3.08380863545014
8,170,8,0,"weak","none",NA,FALSE,-0.0050904286575757,TRUE,"log_recruit_sd",1.25276296849537,1.24767253983779,0.0590227898831321,1.1369156805135,1.24750986325675,1.36366659558625,TRUE,-0.0862451379823791,0.226750915072745
8,170,8,0,"weak","none",NA,FALSE,NA,TRUE,"log_process_precision",NA,3.04707563349984,0.416109023833447,2.2537895528508,3.04170125937196,3.87476330858847,NA,NA,1.62097375573767
9,194,9,0,"weak","none",NA,FALSE,0.0723024852371453,TRUE,"survival_at_80",0.36,0.432302485237145,0.106596555391771,0.234567159709452,0.43189919572669,0.647961413559821,TRUE,0.678281629002124,0.413394253850369
9,194,9,0,"weak","none",NA,FALSE,-0.0493578173058282,TRUE,"survival_slope_20",0.64,0.590642182694172,0.0660271159866389,0.468284190217162,0.58795943988909,0.724986097080781,TRUE,-0.747538591808495,0.256701906863618
9,194,9,0,"weak","none",NA,FALSE,-1.30623382740068,TRUE,"growth_increment_80",8.4,7.09376617259932,0.876412748504343,5.35574546108558,7.11068248080252,8.77203277174172,TRUE,-1.49043225310204,3.41628731065614
9,194,9,0,"weak","none",NA,FALSE,0.0425651656990365,TRUE,"growth_slope_20",-2.4,-2.35743483430096,0.381405871762727,-3.10803852043382,-2.36171672315739,-1.64531520874714,TRUE,0.111600708983097,1.46272331168668
9,194,9,0,"weak","none",NA,FALSE,0.211128758993687,TRUE,"log_growth_sd",1.50407739677627,1.71520615576996,0.130489531546049,1.4700684031779,1.71614554758214,1.97723071231508,TRUE,1.6179746872582,0.507162309137183
9,194,9,0,"weak","none",NA,FALSE,-0.121993475501916,TRUE,"log_recruitment_at_80",-1.69314718055995,-1.81514065606186,0.338246386962556,-2.50925586494026,-1.81379097140173,-1.16192835059313,TRUE,-0.360664533913916,1.34732751434713
9,194,9,0,"weak","none",NA,FALSE,0.149178869039258,TRUE,"recruitment_slope_20",1.5,1.64917886903926,0.202099435930881,1.27929313041607,1.65263555129615,2.06932507576885,TRUE,0.738145895124012,0.790031945352778
9,194,9,0,"weak","none",NA,FALSE,-0.552769825767278,TRUE,"recruit_mean_80",44.6,44.0472301742327,1.09804963482989,41.9753899743757,44.0213944426664,46.2549558094569,TRUE,-0.503410600243869,4.27956583508117
9,194,9,0,"weak","none",NA,FALSE,0.276721416975979,TRUE,"recruit_mean_slope_20",0.4,0.676721416975979,0.569487637360031,-0.479190329793834,0.700842211119713,1.79163487061254,TRUE,0.485912948450952,2.27082520040638
9,194,9,0,"weak","none",NA,FALSE,0.0153704700339232,TRUE,"log_recruit_sd",1.25276296849537,1.26813343852929,0.0598970913583215,1.15762392113689,1.26737274304411,1.38486612171942,TRUE,0.256614631618298,0.227242200582522
9,194,9,0,"weak","none",NA,FALSE,NA,TRUE,"log_process_precision",NA,5.52113513247256,1.10985956279679,3.40236113558762,5.50738660722353,7.6859639382027,NA,NA,4.28360280261507
10,218,10,0,"weak","none",NA,FALSE,0.0138099964566002,TRUE,"survival_at_80",0.36,0.3738099964566,0.100080270781794,0.186666357365655,0.371058284009837,0.566238776870695,TRUE,0.137989199556727,0.37957241950504
10,218,10,0,"weak","none",NA,FALSE,-0.0340570624318323,TRUE,"survival_slope_20",0.64,0.605942937568168,0.0799524654982771,0.449024532721183,0.605926636432972,0.760129729890366,TRUE,-0.42596638164418,0.311105197169183
10,218,10,0,"weak","none",NA,FALSE,0.188442544999861,TRUE,"growth_increment_80",8.4,8.58844254499986,1.02918954297637,6.60742709077718,8.56523392290944,10.5966246071444,TRUE,0.183097998114995,3.98919751636718
10,218,10,0,"weak","none",NA,FALSE,-0.106379933540961,TRUE,"growth_slope_20",-2.4,-2.50637993354096,0.389624764293842,-3.27882897870608,-2.49687064937471,-1.73926272059897,TRUE,-0.27303175590947,1.53956625810711
10,218,10,0,"weak","none",NA,FALSE,0.254355349065543,TRUE,"log_growth_sd",1.50407739677627,1.75843274584182,0.161672504012781,1.43758818572412,1.75677886112764,2.07715398725403,TRUE,1.57327524936111,0.639565801529915
10,218,10,0,"weak","none",NA,FALSE,-0.0744592175380272,TRUE,"log_recruitment_at_80",-1.69314718055995,-1.76760639809797,0.421396322428746,-2.62719756798414,-1.74110216428879,-0.969760846737258,TRUE,-0.176696410421611,1.65743672124688
10,218,10,0,"weak","none",NA,FALSE,-0.0792738060706379,TRUE,"recruitment_slope_20",1.5,1.42072619392936,0.252645655548006,0.960669725628418,1.4014114809348,1.93943134852327,TRUE,-0.313774665543674,0.978761622894853
10,218,10,0,"weak","none",NA,FALSE,1.10986459745519,TRUE,"recruit_mean_80",44.6,45.7098645974552,1.10840765013429,43.4254050879563,45.7474470026064,47.8526238845035,TRUE,1.0013144507986,4.42721879654718
10,218,10,0,"weak","none",NA,FALSE,-0.65138041565585,TRUE,"recruit_mean_slope_20",0.4,-0.25138041565585,0.59924284433225,-1.36571102466593,-0.272604737914897,0.953893864947197,TRUE,-1.08700574703015,2.31960488961312
10,218,10,0,"weak","none",NA,FALSE,-0.0086159870265714,TRUE,"log_recruit_sd",1.25276296849537,1.2441469814688,0.0598698501348065,1.1309369517707,1.24410358947617,1.36800070677203,TRUE,-0.14391195246307,0.237063755001332
10,218,10,0,"weak","none",NA,FALSE,NA,TRUE,"log_process_precision",NA,2.68586221451398,0.353137560092207,1.98404823748084,2.67425507824598,3.3551492909248,NA,NA,1.37110105344396
11,2,1,50,"correct","full",NA,FALSE,-0.046801275780247,TRUE,"survival_at_80",0.36,0.313198724219753,0.100095824683373,0.109998060121388,0.313951855773675,0.514091858662664,TRUE,-0.46756471539438,0.404093798541276
11,2,1,50,"correct","full",NA,FALSE,0.0365271727432187,TRUE,"survival_slope_20",0.64,0.676527172743219,0.0761260905418714,0.518267607460949,0.677932525394501,0.826927844860394,TRUE,0.479824623637119,0.308660237399445
11,2,1,50,"correct","full",NA,FALSE,0.778899311909148,TRUE,"growth_increment_80",8.4,9.17889931190915,0.784975692042282,7.68085537819803,9.17605081661825,10.6807268277095,TRUE,0.992259148665706,2.99987144951149
11,2,1,50,"correct","full",NA,FALSE,-0.713555988868799,TRUE,"growth_slope_20",-2.4,-3.1135559888688,0.305890259569065,-3.71474382568158,-3.11243633760812,-2.51782270318206,FALSE,-2.33271889688168,1.19692112249952
11,2,1,50,"correct","full",NA,FALSE,-0.134096458223556,TRUE,"log_growth_sd",1.50407739677627,1.36998093855272,0.188421049739484,0.990696177344822,1.37459020568356,1.73858567747154,TRUE,-0.711685124400705,0.747889500126716
11,2,1,50,"correct","full",NA,FALSE,-0.55837948366417,TRUE,"log_recruitment_at_80",-1.69314718055995,-2.25152666422412,0.419439795087474,-3.0617822467171,-2.26249676047821,-1.406777550115,TRUE,-1.33125061142022,1.6550046966021
11,2,1,50,"correct","full",NA,FALSE,0.289517887274172,TRUE,"recruitment_slope_20",1.5,1.78951788727417,0.208395307623917,1.36783532899571,1.79666609664082,2.18992673668497,TRUE,1.38927258283883,0.822091407689254
11,2,1,50,"correct","full",NA,FALSE,-0.337062888848166,TRUE,"recruit_mean_80",44.6,44.2629371111518,1.9484488322284,40.3593585872249,44.3877765577222,47.8767112053648,TRUE,-0.172990372276122,7.51735261813991
11,2,1,50,"correct","full",NA,FALSE,0.304940871694475,TRUE,"recruit_mean_slope_20",0.4,0.704940871694476,0.884825985828035,-0.966444141147482,0.674529859299193,2.48236625690574,TRUE,0.344633720729966,3.44881039805322
11,2,1,50,"correct","full",NA,FALSE,0.0341046065063577,TRUE,"log_recruit_sd",1.25276296849537,1.28686757500173,0.0811353586071217,1.13146113837295,1.28777560347935,1.44689541102535,TRUE,0.420342093654888,0.315434272652405
11,2,1,50,"correct","full",NA,FALSE,NA,TRUE,"log_process_precision",NA,1.84764523535567,0.203896554914728,1.43132783230627,1.84660868066133,2.25785825695485,NA,NA,0.826530424648577
12,26,2,50,"correct","full",NA,FALSE,0.206212967300354,TRUE,"survival_at_80",0.36,0.566212967300354,0.111593387529233,0.350850745525525,0.569634587782775,0.775202242011191,TRUE,1.84789593600547,0.424351496485666
12,26,2,50,"correct","full",NA,FALSE,-0.0303107431180791,TRUE,"survival_slope_20",0.64,0.609689256881921,0.0744180702409,0.464646111964556,0.607268438060167,0.757865368646327,TRUE,-0.407303535552047,0.293219256681771
12,26,2,50,"correct","full",NA,FALSE,-1.19391373380844,TRUE,"growth_increment_80",8.4,7.20608626619156,0.788895254658841,5.6753700893316,7.23233902164651,8.69037867887525,TRUE,-1.51339956319644,3.01500858954366
12,26,2,50,"correct","full",NA,FALSE,0.59477962272438,TRUE,"growth_slope_20",-2.4,-1.80522037727562,0.343399494766148,-2.49316797294541,-1.80815475862975,-1.13801009195381,TRUE,1.73203406466693,1.3551578809916
12,26,2,50,"correct","full",NA,FALSE,0.0658501431076697,TRUE,"log_growth_sd",1.50407739677627,1.56992753988394,0.149799186590448,1.28186347514764,1.56970318219766,1.86805075221852,TRUE,0.439589457102356,0.586187277070874
12,26,2,50,"correct","full",NA,FALSE,0.0182298675130774,TRUE,"log_recruitment_at_80",-1.69314718055995,-1.67491731304687,0.266019595417917,-2.18464492435111,-1.68072586348434,-1.1669988507486,TRUE,0.0685282882429706,1.01764607360251
12,26,2,50,"correct","full",NA,FALSE,-0.087763500112384,TRUE,"recruitment_slope_20",1.5,1.41223649988762,0.16469218312987,1.08411392358734,1.41213062751862,1.7186269976927,TRUE,-0.532894144970906,0.634513074105367
12,26,2,50,"correct","full",NA,FALSE,0.91357859087168,TRUE,"recruit_mean_80",44.6,45.5135785908717,1.14573426076861,43.295949720103,45.5606399452427,47.7082344213484,TRUE,0.797373895635112,4.41228470124535
12,26,2,50,"correct","full",NA,FALSE,-0.668509011178577,TRUE,"recruit_mean_slope_20",0.4,-0.268509011178577,0.614427345728262,-1.41853567113732,-0.280216249664479,0.904917234819351,TRUE,-1.0880196264478,2.32345290595668
12,26,2,50,"correct","full",NA,FALSE,-0.0438981770648641,TRUE,"log_recruit_sd",1.25276296849537,1.2088647914305,0.0572522449428838,1.09942720454969,1.20797778645059,1.32362299770445,TRUE,-0.766750318850518,0.224195793154755
12,26,2,50,"correct","full",NA,FALSE,NA,TRUE,"log_process_precision",NA,5.70419571378616,1.15703167139369,3.43655254025151,5.72157634417309,7.98123685896457,NA,NA,4.54468431871306
13,50,3,50,"correct","full",NA,FALSE,0.165672371483196,TRUE,"survival_at_80",0.36,0.525672371483196,0.12065021287621,0.291853580582615,0.529341395470014,0.756762854602161,TRUE,1.37316269514733,0.464909274019546
13,50,3,50,"correct","full",NA,FALSE,0.058004160058297,TRUE,"survival_slope_20",0.64,0.698004160058297,0.087115115692547,0.529028559572685,0.695559695944309,0.862128897438842,TRUE,0.665833473297671,0.333100337866156
13,50,3,50,"correct","full",NA,FALSE,-0.26102577784318,TRUE,"growth_increment_80",8.4,8.13897422215682,1.00133258769975,6.25470486737163,8.12639570080991,10.059418845394,TRUE,-0.260678401012401,3.80471397802235
13,50,3,50,"correct","full",NA,FALSE,0.813447932080163,TRUE,"growth_slope_20",-2.4,-1.58655206791984,0.459075778329751,-2.48152406003904,-1.5743515638662,-0.708308447828542,TRUE,1.77192518202489,1.7732156122105
13,50,3,50,"correct","full",NA,FALSE,0.256952930649255,TRUE,"log_growth_sd",1.50407739677627,1.76103032742553,0.159364797449099,1.4530583365575,1.76470876020624,2.06245823803688,TRUE,1.61235689915351,0.60939990147938
13,50,3,50,"correct","full",NA,FALSE,0.611225634507613,TRUE,"log_recruitment_at_80",-1.69314718055995,-1.08192154605233,0.160963929347176,-1.3839683875607,-1.0816476227169,-0.758980574255694,FALSE,3.79728326083099,0.624987813305007
13,50,3,50,"correct","full",NA,FALSE,-0.377446865591295,TRUE,"recruitment_slope_20",1.5,1.12255313440871,0.120182331823947,0.894953324005622,1.12352622051337,1.35483806453045,FALSE,-3.14061859062786,0.459884740524823
13,50,3,50,"correct","full",NA,FALSE,-0.574827853941393,TRUE,"recruit_mean_80",44.6,44.0251721460586,0.725549382931755,42.5966510396738,44.0300810514759,45.3967430938823,TRUE,-0.792265650642089,2.80009205420856
13,50,3,50,"correct","full",NA,FALSE,0.743858497032612,TRUE,"recruit_mean_slope_20",0.4,1.14385849703261,0.403809623528816,0.338333553560215,1.14120686598297,1.95476699816138,TRUE,1.84210195520397,1.61643344460116
13,50,3,50,"correct","full",NA,FALSE,-0.0205196378576706,TRUE,"log_recruit_sd",1.25276296849537,1.2322433306377,0.100511606907789,1.0291276374554,1.23082355654413,1.42111983837394,TRUE,-0.204151923235052,0.391992200918538
13,50,3,50,"correct","full",NA,FALSE,NA,TRUE,"log_process_precision",NA,4.92379559684836,1.22674447513833,2.57848073827879,4.9304811254967,7.25974529622303,NA,NA,4.68126455794423
14,74,4,50,"correct","full",NA,FALSE,-0.0831850822646152,TRUE,"survival_at_80",0.36,0.276814917735385,0.0778912950624139,0.130982561085829,0.274500232741838,0.429250407898862,TRUE,-1.06796378463035,0.298267846813032
14,74,4,50,"correct","full",NA,FALSE,-0.0687073130992301,TRUE,"survival_slope_20",0.64,0.57129268690077,0.0660689333985673,0.443806341666954,0.571293513564786,0.695453376818937,TRUE,-1.03993374139622,0.251647035151983
14,74,4,50,"correct","full",NA,FALSE,1.20279873829492,TRUE,"growth_increment_80",8.4,9.60279873829492,0.749230374305198,8.20161994811802,9.5730605255355,11.1848560802167,TRUE,1.60537903900431,2.98323613209869
14,74,4,50,"correct","full",NA,FALSE,0.0146992103462269,TRUE,"growth_slope_20",-2.4,-2.38530078965377,0.279537603508293,-2.92367083958979,-2.38262335058369,-1.86806219053873,TRUE,0.0525840178986539,1.05560864905106
14,74,4,50,"correct","full",NA,FALSE,0.0965984528881767,TRUE,"log_growth_sd",1.50407739677627,1.60067584966445,0.160464867824393,1.28582625446624,1.60081300233715,1.92156647935787,TRUE,0.601991290666133,0.635740224891633
14,74,4,50,"correct","full",NA,FALSE,0.183047522675208,TRUE,"log_recruitment_at_80",-1.69314718055995,-1.51009965788474,0.176491718177732,-1.84585136333818,-1.51074120388905,-1.15718270577615,TRUE,1.03714511119935,0.688668657562031
14,74,4,50,"correct","full",NA,FALSE,-0.178725400384284,TRUE,"recruitment_slope_20",1.5,1.32127459961572,0.130867819687195,1.0599919705326,1.31916301209941,1.57656415662354,TRUE,-1.36569403243272,0.516572186090934
14,74,4,50,"correct","full",NA,FALSE,0.452165820905215,TRUE,"recruit_mean_80",44.6,45.0521658209052,0.763541580206271,43.6223338059382,45.0495187935751,46.5734056132384,TRUE,0.592195412308865,2.9510718073002
14,74,4,50,"correct","full",NA,FALSE,-0.469249179621046,TRUE,"recruit_mean_slope_20",0.4,-0.0692491796210464,0.461615237961346,-0.952330652974972,-0.0651282314390182,0.809140794155109,TRUE,-1.01653745594148,1.76147144713008
14,74,4,50,"correct","full",NA,FALSE,-0.0581643058927255,TRUE,"log_recruit_sd",1.25276296849537,1.19459866260264,0.0533372289448974,1.08612945542194,1.19639292201724,1.29497375330778,TRUE,-1.09050108232685,0.208844297885845
14,74,4,50,"correct","full",NA,FALSE,NA,TRUE,"log_process_precision",NA,4.11683689096361,0.923814995585881,2.28300849513496,4.12727915146195,5.81452585291509,NA,NA,3.53151735778013
15,98,5,50,"correct","full",NA,FALSE,0.08953932786131,TRUE,"survival_at_80",0.36,0.44953932786131,0.0996657775747019,0.254528471697269,0.447387408727157,0.650476687126274,TRUE,0.898395919243174,0.395948215429005
15,98,5,50,"correct","full",NA,FALSE,-0.136278263279608,TRUE,"survival_slope_20",0.64,0.503721736720392,0.0917799154382285,0.324406315722992,0.500538003003153,0.686160919992536,TRUE,-1.48483753366856,0.361754604269544
15,98,5,50,"correct","full",NA,FALSE,1.10930718443734,TRUE,"growth_increment_80",8.4,9.50930718443734,0.986950265157393,7.56609807181692,9.54254733870014,11.4285006391409,TRUE,1.12397475698578,3.86240256732402
15,98,5,50,"correct","full",NA,FALSE,0.554281250801249,TRUE,"growth_slope_20",-2.4,-1.84571874919875,0.387371427813439,-2.56461133888959,-1.84651207137284,-1.07835239240511,TRUE,1.43087799203455,1.48625894648448
15,98,5,50,"correct","full",NA,FALSE,0.350989289291752,TRUE,"log_growth_sd",1.50407739677627,1.85506668606803,0.145512397496841,1.57709832450371,1.85293158700275,2.14337803389309,FALSE,2.41209199579968,0.566279709389384
15,98,5,50,"correct","full",NA,FALSE,0.403764133424096,TRUE,"log_recruitment_at_80",-1.69314718055995,-1.28938304713585,0.143037562231587,-1.57424048363005,-1.28755554027701,-1.01310837377609,FALSE,2.82278393958068,0.561132109853959
15,98,5,50,"correct","full",NA,FALSE,-0.544532045675756,TRUE,"recruitment_slope_20",1.5,0.955467954324244,0.111475629655074,0.732790320601661,0.956166773154234,1.16630338549893,FALSE,-4.88476313038678,0.433513064897264
15,98,5,50,"correct","full",NA,FALSE,0.422721277721863,TRUE,"recruit_mean_80",44.6,45.0227212777219,0.59936157553407,43.8683019141139,45.0352250016076,46.1718685006384,TRUE,0.705285915843355,2.3035665865245
15,98,5,50,"correct","full",NA,FALSE,-0.138644785977429,TRUE,"recruit_mean_slope_20",0.4,0.261355214022571,0.420934052042638,-0.57364015323454,0.254163949230605,1.09971922149045,TRUE,-0.329374127145658,1.67335937472499
15,98,5,50,"correct","full",NA,FALSE,-0.0301351789135016,TRUE,"log_recruit_sd",1.25276296849537,1.22262778958187,0.0721318715148658,1.07765267212943,1.22080011536349,1.3578784646731,TRUE,-0.417778968999729,0.280225792543664
15,98,5,50,"correct","full",NA,FALSE,NA,TRUE,"log_process_precision",NA,5.27585211407226,1.27987209702855,2.77682416637612,5.30881974547324,7.74729137906626,NA,NA,4.97046721269014
16,122,6,50,"correct","full",NA,FALSE,0.0194820271256829,TRUE,"survival_at_80",0.36,0.379482027125683,0.104433684218607,0.151283976953714,0.379646171009731,0.58457500301161,TRUE,0.186549265894918,0.433291026057896
16,122,6,50,"correct","full",NA,FALSE,-0.0835074390174922,TRUE,"survival_slope_20",0.64,0.556492560982508,0.0789151328444733,0.406159277762734,0.5538475940832,0.710324442252751,TRUE,-1.0581929727226,0.304165164490017
16,122,6,50,"correct","full",NA,FALSE,0.442093684633733,TRUE,"growth_increment_80",8.4,8.84209368463373,1.00220051490302,6.78383342699786,8.83853412419311,10.7733246408489,TRUE,0.441122986926934,3.98949121385099
16,122,6,50,"correct","full",NA,FALSE,0.655720429845487,TRUE,"growth_slope_20",-2.4,-1.74427957015451,0.429832785436282,-2.57732409752988,-1.74181058745995,-0.905870129852781,TRUE,1.52552446454248,1.6714539676771
16,122,6,50,"correct","full",NA,FALSE,0.330641757579679,TRUE,"log_growth_sd",1.50407739677627,1.83471915435595,0.185959105786712,1.47168109329256,1.83412835581249,2.198475802725,TRUE,1.77803477910306,0.726794709432442
16,122,6,50,"correct","full",NA,FALSE,0.421573851262454,TRUE,"log_recruitment_at_80",-1.69314718055995,-1.27157332929749,0.158265127217168,-1.57568670465694,-1.26969361131128,-0.957620689837066,FALSE,2.66371915705713,0.618066014819874
16,122,6,50,"correct","full",NA,FALSE,-0.266978995522849,TRUE,"recruitment_slope_20",1.5,1.23302100447715,0.110384276003874,1.01578714729067,1.23053112563828,1.44847397626827,FALSE,-2.41863248270505,0.432686828977596
16,122,6,50,"correct","full",NA,FALSE,-0.847365822899583,TRUE,"recruit_mean_80",44.6,43.7526341771004,0.645648831558008,42.4404217497382,43.773405856601,44.9083781493814,TRUE,-1.31242524028862,2.46795639964321
16,122,6,50,"correct","full",NA,FALSE,0.350863081400403,TRUE,"recruit_mean_slope_20",0.4,0.750863081400403,0.360246401621087,0.0522331908836567,0.748154655992891,1.48421785749229,TRUE,0.973953049417122,1.43198466660863
16,122,6,50,"correct","full",NA,FALSE,-0.0979232457112802,TRUE,"log_recruit_sd",1.25276296849537,1.15483972278409,0.0713327508114325,1.00792613276664,1.15585909042211,1.29661056187332,TRUE,-1.37276699128202,0.288684429106674
16,122,6,50,"correct","full",NA,FALSE,NA,TRUE,"log_process_precision",NA,4.64700094229545,1.1457271870222,2.4881268520093,4.63841590100674,6.79049516630178,NA,NA,4.30236831429248
17,146,7,50,"correct","full",NA,FALSE,0.275534896049147,TRUE,"survival_at_80",0.36,0.635534896049147,0.143486013409227,0.367510904728801,0.641261652705418,0.920469167835363,FALSE,1.92029097124131,0.552958263106562
17,146,7,50,"correct","full",NA,FALSE,0.183757206701285,TRUE,"survival_slope_20",0.64,0.823757206701285,0.0927631281612536,0.62751002503991,0.827460955031243,1.00240558288066,TRUE,1.98092938804147,0.374895557840746
17,146,7,50,"correct","full",NA,FALSE,-0.819011797883624,TRUE,"growth_increment_80",8.4,7.58098820211638,1.19962333390998,5.33680551897683,7.56356581239798,9.90054974369776,TRUE,-0.682724130760434,4.56374422472093
17,146,7,50,"correct","full",NA,FALSE,0.545589570929105,TRUE,"growth_slope_20",-2.4,-1.85441042907089,0.53205393933942,-2.94303665355332,-1.85667716821368,-0.870303270372242,TRUE,1.02544033713291,2.07273338318108
17,146,7,50,"correct","full",NA,FALSE,0.379248864713942,TRUE,"log_growth_sd",1.50407739677627,1.88332626149022,0.135427642002328,1.62413498901501,1.88013496121995,2.13730728207088,FALSE,2.80038003399206,0.513172293055871
17,146,7,50,"correct","full",NA,FALSE,1.10408414429152,TRUE,"log_recruitment_at_80",-1.69314718055995,-0.58906303626842,0.106649664639773,-0.788162693892134,-0.586595070089044,-0.360417135682662,FALSE,10.3524389694121,0.427745558209472
17,146,7,50,"correct","full",NA,FALSE,-0.977304907087672,TRUE,"recruitment_slope_20",1.5,0.522695092912328,0.265118119426665,0.0321604810251078,0.513758499907698,1.05943004342332,FALSE,-3.68629993755673,1.02726956239821
17,146,7,50,"correct","full",NA,FALSE,0.924778917533125,TRUE,"recruit_mean_80",44.6,45.5247789175331,0.406782381588955,44.7779004004611,45.5224748334005,46.3156760608784,FALSE,2.27339963427323,1.53777566041736
17,146,7,50,"correct","full",NA,FALSE,-0.258562136648178,TRUE,"recruit_mean_slope_20",0.4,0.141437863351822,0.882791274432411,-1.57826214008947,0.103860449801477,1.85799383855558,TRUE,-0.292891586195638,3.43625597864505
17,146,7,50,"correct","full",NA,FALSE,0.0415330407525158,TRUE,"log_recruit_sd",1.25276296849537,1.29429600924788,0.0740382134652342,1.14632069327669,1.29432405814675,1.43552774789093,TRUE,0.560967624806592,0.289207054614238
17,146,7,50,"correct","full",NA,FALSE,NA,TRUE,"log_process_precision",NA,2.9020840224384,0.408086002270458,2.15303065296875,2.88614891639673,3.6940128943905,NA,NA,1.54098224142175
18,170,8,50,"correct","full",NA,FALSE,-0.0177068880087536,TRUE,"survival_at_80",0.36,0.342293111991246,0.102675339528419,0.141400459805867,0.340721326032468,0.547363862649203,TRUE,-0.172455120090959,0.405963402843336
18,170,8,50,"correct","full",NA,FALSE,0.00044122513440159,TRUE,"survival_slope_20",0.64,0.640441225134402,0.0781549112121106,0.480563952206296,0.642233819038723,0.779736090571101,TRUE,0.00564552025661082,0.299172138364805
18,170,8,50,"correct","full",NA,FALSE,-0.387475593232464,TRUE,"growth_increment_80",8.4,8.01252440676754,0.913448815171532,6.23062395478403,8.034099397013,9.77399676339566,TRUE,-0.424189715720089,3.54337280861163
18,170,8,50,"correct","full",NA,FALSE,-0.182354638788015,TRUE,"growth_slope_20",-2.4,-2.58235463878802,0.344059406921002,-3.24037168378307,-2.59586895899163,-1.89642136099021,TRUE,-0.530009164463523,1.34395032279286
18,170,8,50,"correct","full",NA,FALSE,0.158158259875432,TRUE,"log_growth_sd",1.50407739677627,1.66223565665171,0.164843647060136,1.34533571207575,1.6665208705772,1.97261267021108,TRUE,0.959444071373495,0.627276958135331
18,170,8,50,"correct","full",NA,FALSE,0.0901773945875646,TRUE,"log_recruitment_at_80",-1.69314718055995,-1.60296978597238,0.234607909697548,-2.0578974064358,-1.59893037698227,-1.15660421752746,TRUE,0.384374911757321,0.901293188908336
18,170,8,50,"correct","full",NA,FALSE,0.0452855332070792,TRUE,"recruitment_slope_20",1.5,1.54528553320708,0.145265230082635,1.26074893035141,1.54398994770888,1.8246338906839,TRUE,0.311743788801478,0.563884960332489
18,170,8,50,"correct","full",NA,FALSE,0.239192979712833,TRUE,"recruit_mean_80",44.6,44.8391929797128,1.39503999783064,42.1017391298035,44.8615897034855,47.4432046212609,TRUE,0.171459585449012,5.34146549145733
18,170,8,50,"correct","full",NA,FALSE,-0.0960384626694329,TRUE,"recruit_mean_slope_20",0.4,0.303961537330567,0.746277473723144,-1.01922869478913,0.285950700830449,1.76673482786928,TRUE,-0.128690019531611,2.78596352265841
18,170,8,50,"correct","full",NA,FALSE,-0.00593451177802806,TRUE,"log_recruit_sd",1.25276296849537,1.24682845671734,0.060662047771901,1.13473222210747,1.24538361718481,1.36985926020567,TRUE,-0.0978290709925054,0.235127038098198
18,170,8,50,"correct","full",NA,FALSE,NA,TRUE,"log_process_precision",NA,3.0160430633575,0.420857210619387,2.21040106293012,3.00572401875201,3.84723438020665,NA,NA,1.63683331727653
19,194,9,50,"correct","full",NA,FALSE,0.0819949181595592,TRUE,"survival_at_80",0.36,0.441994918159559,0.109124426219187,0.23107346456867,0.444124139208751,0.656498814233581,TRUE,0.751389226046095,0.425425349664911
19,194,9,50,"correct","full",NA,FALSE,-0.0555262533270334,TRUE,"survival_slope_20",0.64,0.584473746672967,0.0641120609563311,0.453764692779573,0.583084081098741,0.706566524728061,TRUE,-0.866081241170117,0.252801831948488
19,194,9,50,"correct","full",NA,FALSE,-1.47783955504206,TRUE,"growth_increment_80",8.4,6.92216044495795,0.852551266676205,5.17240912624876,6.91541764757148,8.5677475206158,TRUE,-1.73343189178948,3.39533839436703
19,194,9,50,"correct","full",NA,FALSE,0.0568631281906917,TRUE,"growth_slope_20",-2.4,-2.34313687180931,0.402229629671843,-3.11200232230786,-2.35708174531134,-1.58748513757697,TRUE,0.141369814643151,1.5245171847309
19,194,9,50,"correct","full",NA,FALSE,0.195590042579751,TRUE,"log_growth_sd",1.50407739677627,1.69966743935602,0.124301739544635,1.4532554318288,1.70296684970072,1.93160953328741,TRUE,1.57351009966773,0.478354101458609
19,194,9,50,"correct","full",NA,FALSE,-0.309077450004869,TRUE,"log_recruitment_at_80",-1.69314718055995,-2.00222463056481,0.280508332315784,-2.54880290710425,-2.00569500883307,-1.46036437132405,TRUE,-1.10184766154085,1.0884385357802
19,194,9,50,"correct","full",NA,FALSE,0.253660592024606,TRUE,"recruitment_slope_20",1.5,1.75366059202461,0.168726768606582,1.41863182172614,1.75803142628582,2.07730952871093,TRUE,1.50338084537175,0.658677706984791
19,194,9,50,"correct","full",NA,FALSE,-0.683803713747473,TRUE,"recruit_mean_80",44.6,43.9161962862525,1.1503899890198,41.5701596413069,43.9144745680634,46.1147203542234,TRUE,-0.594410348033463,4.54456071291646
19,194,9,50,"correct","full",NA,FALSE,0.306770325737381,TRUE,"recruit_mean_slope_20",0.4,0.706770325737381,0.578482904627743,-0.457827111992942,0.694669387193743,1.87834868086158,TRUE,0.530301454517121,2.33617579285452
19,194,9,50,"correct","full",NA,FALSE,0.0127281412716289,TRUE,"log_recruit_sd",1.25276296849537,1.265491109767,0.0575681534949602,1.1588919147704,1.26728587916347,1.38006329067546,TRUE,0.221096917286798,0.22117137590506
19,194,9,50,"correct","full",NA,FALSE,NA,TRUE,"log_process_precision",NA,5.5208230925296,1.19080324644033,3.27679666168052,5.57100653206542,7.87754703339478,NA,NA,4.60075037171426
20,218,10,50,"correct","full",NA,FALSE,0.0132050128057051,TRUE,"survival_at_80",0.36,0.373205012805705,0.100933557997287,0.18560029532441,0.374557653588177,0.590562908637637,TRUE,0.13082876565255,0.404962613313227
20,218,10,50,"correct","full",NA,FALSE,-0.0281358472994135,TRUE,"survival_slope_20",0.64,0.611864152700586,0.0763498812440695,0.464045297539593,0.613078916576318,0.765786662461806,TRUE,-0.368511998197758,0.301741364922213
20,218,10,50,"correct","full",NA,FALSE,0.23349870814814,TRUE,"growth_increment_80",8.4,8.63349870814814,1.05482731632146,6.67021786758897,8.62156468227612,10.8101402814906,TRUE,0.221362022517988,4.13992241390161
20,218,10,50,"correct","full",NA,FALSE,-0.124897805447044,TRUE,"growth_slope_20",-2.4,-2.52489780544704,0.378724122700159,-3.28159401371169,-2.52046213003732,-1.783682690752,TRUE,-0.329785714616144,1.49791132295969
20,218,10,50,"correct","full",NA,FALSE,0.254559593654345,TRUE,"log_growth_sd",1.50407739677627,1.75863699043062,0.168979851162327,1.42856465099389,1.7530561822668,2.11148073001095,TRUE,1.50644938969562,0.682916079017062
20,218,10,50,"correct","full",NA,FALSE,-0.0208486758931026,TRUE,"log_recruitment_at_80",-1.69314718055995,-1.71399585645305,0.265108282302366,-2.25060972452726,-1.70751533835897,-1.20474130864337,TRUE,-0.0786421145052115,1.0458684158839
20,218,10,50,"correct","full",NA,FALSE,-0.108261180769368,TRUE,"recruitment_slope_20",1.5,1.39173881923063,0.165575979625094,1.07928539426947,1.39167434167607,1.73155358767126,TRUE,-0.653845932329667,0.652268193401786
20,218,10,50,"correct","full",NA,FALSE,1.12268348638389,TRUE,"recruit_mean_80",44.6,45.7226834863839,1.07539282611215,43.5937923623377,45.7051093950555,47.8985363755002,TRUE,1.04397524246346,4.30474401316254
20,218,10,50,"correct","full",NA,FALSE,-0.660350028579118,TRUE,"recruit_mean_slope_20",0.4,-0.260350028579118,0.593477288166589,-1.41882520837364,-0.25671532119989,0.955209428039798,TRUE,-1.11267952749989,2.37403463641343
20,218,10,50,"correct","full",NA,FALSE,-0.00720821886591572,TRUE,"log_recruit_sd",1.25276296849537,1.24555474962945,0.057468639644214,1.13513701357343,1.24696350565753,1.3560100026245,TRUE,-0.125428736621251,0.220872989051069
20,218,10,50,"correct","full",NA,FALSE,NA,TRUE,"log_process_precision",NA,2.66698127606485,0.343201934790569,2.00626959093143,2.67140078647438,3.3577700283003,NA,NA,1.35150043736887
21,2,1,200,"correct","full",NA,FALSE,-0.0479093636137435,TRUE,"survival_at_80",0.36,0.312090636386256,0.10095227587087,0.114232442419453,0.312404294001148,0.508665656655883,TRUE,-0.474574378838424,0.39443321423643
21,2,1,200,"correct","full",NA,FALSE,0.0434147807987814,TRUE,"survival_slope_20",0.64,0.683414780798781,0.0721764369389907,0.531592947767754,0.685658146267996,0.829220885230862,TRUE,0.601509060851522,0.297627937463107
21,2,1,200,"correct","full",NA,FALSE,0.823483543923398,TRUE,"growth_increment_80",8.4,9.2234835439234,0.784697710584766,7.65225769646105,9.23660424172312,10.7223091450849,TRUE,1.04942773862527,3.07005144862387
21,2,1,200,"correct","full",NA,FALSE,-0.690441526727405,TRUE,"growth_slope_20",-2.4,-3.0904415267274,0.30677806358054,-3.68101982762472,-3.0873626326203,-2.48690375433256,FALSE,-2.25062222073169,1.19411607329216
21,2,1,200,"correct","full",NA,FALSE,-0.138192923848223,TRUE,"log_growth_sd",1.50407739677627,1.36588447292805,0.185800217025252,0.994840342535709,1.35975849588604,1.72560484916405,TRUE,-0.743771595430599,0.730764506628343
21,2,1,200,"correct","full",NA,FALSE,-0.0936868717434798,TRUE,"log_recruitment_at_80",-1.69314718055995,-1.78683405230343,0.192158037466681,-2.14717965772433,-1.79086466787732,-1.39801198119373,TRUE,-0.487551147891613,0.749167676530595
21,2,1,200,"correct","full",NA,FALSE,0.0533820668697469,TRUE,"recruitment_slope_20",1.5,1.55338206686975,0.117065826662516,1.32203819989702,1.55515378261947,1.78237780507988,TRUE,0.456000426355332,0.460339605182852
21,2,1,200,"correct","full",NA,FALSE,0.0679740676612894,TRUE,"recruit_mean_80",44.6,44.6679740676613,1.76321387866909,41.2180718723622,44.6434790022735,48.0381093558938,TRUE,0.0385512322036609,6.82003748353155
21,2,1,200,"correct","full",NA,FALSE,0.161619316324283,TRUE,"recruit_mean_slope_20",0.4,0.561619316324283,0.863699848636594,-1.07518061841879,0.544830121554884,2.21921276692653,TRUE,0.187124400426154,3.29439338534532
21,2,1,200,"correct","full",NA,FALSE,0.0428827664376255,TRUE,"log_recruit_sd",1.25276296849537,1.29564573493299,0.083785695361859,1.1300764445949,1.29829857733266,1.4625115132877,TRUE,0.511814889790204,0.332435068692807
21,2,1,200,"correct","full",NA,FALSE,NA,TRUE,"log_process_precision",NA,1.85434544753955,0.207238981349372,1.47386281937314,1.86193102494963,2.25264150211304,NA,NA,0.778778682739898
22,26,2,200,"correct","full",NA,FALSE,0.201545391644069,TRUE,"survival_at_80",0.36,0.561545391644069,0.110483002101818,0.330325805714947,0.562565053257551,0.772429698619067,TRUE,1.82422081053094,0.44210389290412
22,26,2,200,"correct","full",NA,FALSE,-0.0274463465192151,TRUE,"survival_slope_20",0.64,0.612553653480785,0.0709779118882415,0.479063030374981,0.613036886813866,0.750113068889551,TRUE,-0.386688559708981,0.27105003851457
22,26,2,200,"correct","full",NA,FALSE,-1.16404193296331,TRUE,"growth_increment_80",8.4,7.23595806703669,0.751735310252064,5.76764221630331,7.20833241833286,8.77130428909618,TRUE,-1.54847313554155,3.00366207279287
22,26,2,200,"correct","full",NA,FALSE,0.589631743274104,TRUE,"growth_slope_20",-2.4,-1.8103682567259,0.339155262093579,-2.49141535400163,-1.81147749904128,-1.18885608383259,TRUE,1.73853042890844,1.30255927016904
22,26,2,200,"correct","full",NA,FALSE,0.072279783548292,TRUE,"log_growth_sd",1.50407739677627,1.57635718032457,0.153184476090691,1.27047042183739,1.57950054508156,1.87429883378653,TRUE,0.47184796653611,0.603828411949146
22,26,2,200,"correct","full",NA,FALSE,0.098567154054906,TRUE,"log_recruitment_at_80",-1.69314718055995,-1.59458002650504,0.156337928771455,-1.90486684567676,-1.59046392430293,-1.3002533156059,TRUE,0.630474989847142,0.604613530070861
22,26,2,200,"correct","full",NA,FALSE,-0.130732995646499,TRUE,"recruitment_slope_20",1.5,1.3692670043535,0.106316590421005,1.17130277822012,1.3687445601101,1.57764734400681,TRUE,-1.22965752690908,0.406344565786692
22,26,2,200,"correct","full",NA,FALSE,0.90958859120299,TRUE,"recruit_mean_80",44.6,45.509588591203,1.13861077227061,43.1953666818638,45.5278214970566,47.6741716109391,TRUE,0.798858234398304,4.47880492907535
22,26,2,200,"correct","full",NA,FALSE,-0.670086195560817,TRUE,"recruit_mean_slope_20",0.4,-0.270086195560817,0.619656338865874,-1.44233307404714,-0.283168438486814,0.987699806138647,TRUE,-1.0813835888248,2.43003288018579
22,26,2,200,"correct","full",NA,FALSE,-0.0441891276254172,TRUE,"log_recruit_sd",1.25276296849537,1.20857384086995,0.0596327633648812,1.09788407609114,1.20677299806574,1.32243991286255,TRUE,-0.74102096116245,0.224555836771412
22,26,2,200,"correct","full",NA,FALSE,NA,TRUE,"log_process_precision",NA,5.79028752146495,1.1853619520629,3.46309219304775,5.7886994697105,8.0922231006592,NA,NA,4.62913090761145
23,50,3,200,"correct","full",NA,FALSE,0.262292483640193,TRUE,"survival_at_80",0.36,0.622292483640193,0.134103740481309,0.349458264702967,0.626478096512171,0.87516258905265,TRUE,1.95589237629617,0.525704324349683
23,50,3,200,"correct","full",NA,FALSE,0.0271492233620325,TRUE,"survival_slope_20",0.64,0.667149223362033,0.0897639783851844,0.50103078477035,0.666506281292916,0.846775424929477,TRUE,0.302451204262951,0.345744640159127
23,50,3,200,"correct","full",NA,FALSE,-1.08086089456429,TRUE,"growth_increment_80",8.4,7.31913910543571,1.06189818819319,5.2819009862309,7.31913501717736,9.36375894115006,TRUE,-1.01785736766664,4.08185795491916
23,50,3,200,"correct","full",NA,FALSE,1.21689024833801,TRUE,"growth_slope_20",-2.4,-1.18310975166199,0.492820260110902,-2.14251869247016,-1.15813380481064,-0.265715224615243,FALSE,2.46923746208032,1.87680346785492
23,50,3,200,"correct","full",NA,FALSE,0.316526887814048,TRUE,"log_growth_sd",1.50407739677627,1.82060428459032,0.156004428663073,1.52226257684715,1.81675813305669,2.12770754626278,FALSE,2.02896091172937,0.605444969415632
23,50,3,200,"correct","full",NA,FALSE,0.375657898342192,TRUE,"log_recruitment_at_80",-1.69314718055995,-1.31748928221775,0.15279791626767,-1.62356524124879,-1.31295458099305,-1.02686259331171,FALSE,2.45852762601892,0.596702647937082
23,50,3,200,"correct","full",NA,FALSE,-0.271576784052665,TRUE,"recruitment_slope_20",1.5,1.22842321594733,0.11164670197244,1.02427569017999,1.22748383766464,1.45503682505647,FALSE,-2.43246579840489,0.43076113487648
23,50,3,200,"correct","full",NA,FALSE,-1.03311650146502,TRUE,"recruit_mean_80",44.6,43.566883498535,0.755064101985881,42.0377596559656,43.5675025770881,45.08017347248,TRUE,-1.36825005817101,3.04241381651435
23,50,3,200,"correct","full",NA,FALSE,0.83795179585801,TRUE,"recruit_mean_slope_20",0.4,1.23795179585801,0.406459570426728,0.436057443530786,1.23346779979753,2.01705151098092,FALSE,2.06158707243201,1.58099406745013
23,50,3,200,"correct","full",NA,FALSE,-0.0648991959097096,TRUE,"log_recruit_sd",1.25276296849537,1.18786377258566,0.112302195625811,0.957024292285621,1.18591776433657,1.40459871999113,TRUE,-0.577897836707952,0.447574427705508
23,50,3,200,"correct","full",NA,FALSE,NA,TRUE,"log_process_precision",NA,4.71554140495873,1.22196643579872,2.30504473495427,4.73546570011502,7.03617592331346,NA,NA,4.73113118835919
24,74,4,200,"correct","full",NA,FALSE,-0.118242108322678,TRUE,"survival_at_80",0.36,0.241757891677322,0.0748646184306188,0.0977061181820987,0.239091787306369,0.379418531210667,TRUE,-1.5794124220677,0.281712413028568
24,74,4,200,"correct","full",NA,FALSE,-0.0715975624027373,TRUE,"survival_slope_20",0.64,0.568402437597263,0.0636497172426605,0.437983244408004,0.56778618724161,0.687641709923303,TRUE,-1.12486850695308,0.249658465515299
24,74,4,200,"correct","full",NA,FALSE,1.15528546821929,TRUE,"growth_increment_80",8.4,9.55528546821929,0.701532652770088,8.24223447581676,9.55302351478379,10.9598672997051,TRUE,1.64680213195709,2.71763282388838
24,74,4,200,"correct","full",NA,FALSE,-0.10340824138114,TRUE,"growth_slope_20",-2.4,-2.50340824138114,0.273506834064217,-3.05750012529649,-2.50456244696489,-2.00634177223271,TRUE,-0.378082842920337,1.05115835306378
24,74,4,200,"correct","full",NA,FALSE,0.076880747187696,TRUE,"log_growth_sd",1.50407739677627,1.58095814396397,0.147399968336175,1.28732398708434,1.58063563524916,1.88922925058923,TRUE,0.521579129598956,0.601905263504893
24,74,4,200,"correct","full",NA,FALSE,0.15765063043794,TRUE,"log_recruitment_at_80",-1.69314718055995,-1.53549655012201,0.138853453403743,-1.8020535085356,-1.5367629468661,-1.25937439585255,TRUE,1.13537421341291,0.54267911268305
24,74,4,200,"correct","full",NA,FALSE,-0.113529003543815,TRUE,"recruitment_slope_20",1.5,1.38647099645618,0.105637943426887,1.17846916587035,1.38541557045025,1.59141374364953,TRUE,-1.0746991077348,0.412944577779181
24,74,4,200,"correct","full",NA,FALSE,0.529407567224261,TRUE,"recruit_mean_80",44.6,45.1294075672243,0.769132404446872,43.6893151807988,45.112157706622,46.6415049914998,TRUE,0.688317855499781,2.95218981070098
24,74,4,200,"correct","full",NA,FALSE,-0.51284488150598,TRUE,"recruit_mean_slope_20",0.4,-0.11284488150598,0.46434947280583,-1.04098916029397,-0.116090295739001,0.736362425279384,TRUE,-1.10443730754579,1.77735158557335
24,74,4,200,"correct","full",NA,FALSE,-0.0582542553695531,TRUE,"log_recruit_sd",1.25276296849537,1.19450871312581,0.054128651039202,1.08815252306111,1.19579611130853,1.29775581634655,TRUE,-1.07621849521731,0.209603293285441
24,74,4,200,"correct","full",NA,FALSE,NA,TRUE,"log_process_precision",NA,4.04388773584406,0.891989453411948,2.23145548160533,4.07559115612051,5.74639345001014,NA,NA,3.51493796840481
25,98,5,200,"correct","full",NA,FALSE,0.0505475612986706,TRUE,"survival_at_80",0.36,0.41054756129867,0.0926170158552134,0.230315740472973,0.411830213041712,0.592230688303966,TRUE,0.545769703676166,0.361914947830994
25,98,5,200,"correct","full",NA,FALSE,-0.149822757685085,TRUE,"survival_slope_20",0.64,0.490177242314915,0.086698201339893,0.328307029655141,0.487784557123972,0.660964798079469,TRUE,-1.72809533957594,0.332657768424328
25,98,5,200,"correct","full",NA,FALSE,0.988251717520964,TRUE,"growth_increment_80",8.4,9.38825171752096,0.918060413984291,7.51665138696233,9.43302356802223,11.0968350229783,TRUE,1.07645608335518,3.58018363601598
25,98,5,200,"correct","full",NA,FALSE,0.355024840347445,TRUE,"growth_slope_20",-2.4,-2.04497515965256,0.381577193014814,-2.79794956999087,-2.05329408717958,-1.28734924485596,TRUE,0.930414204115344,1.51060032513491
25,98,5,200,"correct","full",NA,FALSE,0.354355685576391,TRUE,"log_growth_sd",1.50407739677627,1.85843308235266,0.141723058002208,1.58085559285397,1.86130726181565,2.13069780106541,FALSE,2.50033897498083,0.549842208211438
25,98,5,200,"correct","full",NA,FALSE,0.273120593092983,TRUE,"log_recruitment_at_80",-1.69314718055995,-1.42002658746696,0.139696637097093,-1.70084372100101,-1.41622143274182,-1.16410014159854,TRUE,1.95509783748879,0.536743579402472
25,98,5,200,"correct","full",NA,FALSE,-0.39844748140239,TRUE,"recruitment_slope_20",1.5,1.10155251859761,0.105153849940995,0.896975443671203,1.09894513472174,1.31724247984253,FALSE,-3.78918586077419,0.420267036171328
25,98,5,200,"correct","full",NA,FALSE,0.392924287482607,TRUE,"recruit_mean_80",44.6,44.9929242874826,0.6607410165939,43.6899451538166,44.9704702875607,46.2361263606844,TRUE,0.594672159915424,2.54618120686777
25,98,5,200,"correct","full",NA,FALSE,-0.113399731940311,TRUE,"recruit_mean_slope_20",0.4,0.286600268059689,0.433944827562561,-0.51925185377638,0.285059771633219,1.11368687586776,TRUE,-0.261322925721388,1.63293872964414
25,98,5,200,"correct","full",NA,FALSE,-0.0218153066030087,TRUE,"log_recruit_sd",1.25276296849537,1.23094766189236,0.0727011923539948,1.08706143191585,1.22985680436819,1.3728564028694,TRUE,-0.300068071742017,0.285794970953552
25,98,5,200,"correct","full",NA,FALSE,NA,TRUE,"log_process_precision",NA,5.0422743092991,1.26321387267974,2.5827750278551,5.03409645549941,7.42726364359541,NA,NA,4.84448861574032
26,122,6,200,"correct","full",NA,FALSE,0.0596611310375404,TRUE,"survival_at_80",0.36,0.41966113103754,0.109164927247687,0.213334918201667,0.420900326577345,0.631390371985485,TRUE,0.546522885525071,0.418055453783818
26,122,6,200,"correct","full",NA,FALSE,-0.104189414697949,TRUE,"survival_slope_20",0.64,0.535810585302051,0.0814859041216405,0.375609859423174,0.535716920312757,0.696331272051625,TRUE,-1.27861887060144,0.320721412628451
26,122,6,200,"correct","full",NA,FALSE,0.0669414084789093,TRUE,"growth_increment_80",8.4,8.46694140847891,1.04631961279648,6.26670319992742,8.49060608706734,10.418656183946,TRUE,0.0639779735180497,4.15195298401855
26,122,6,200,"correct","full",NA,FALSE,0.835557845101045,TRUE,"growth_slope_20",-2.4,-1.56444215489895,0.445709101224018,-2.4017322936755,-1.56819756951776,-0.671902578416114,TRUE,1.87467081737038,1.72982971525939
26,122,6,200,"correct","full",NA,FALSE,0.394952493627742,TRUE,"log_growth_sd",1.50407739677627,1.89902989040402,0.169024270174273,1.57402928975214,1.89440518015038,2.22632096169667,FALSE,2.33666143460063,0.652291671944532
26,122,6,200,"correct","full",NA,FALSE,0.263308420974488,TRUE,"log_recruitment_at_80",-1.69314718055995,-1.42983875958546,0.136035837199336,-1.70157013890837,-1.42802824108822,-1.15402226115482,TRUE,1.93558128795618,0.547547877753547
26,122,6,200,"correct","full",NA,FALSE,-0.199277818785436,TRUE,"recruitment_slope_20",1.5,1.30072218121456,0.0961952815886765,1.10812211686565,1.30374347039871,1.49556714567923,FALSE,-2.07159660530474,0.387445028813572
26,122,6,200,"correct","full",NA,FALSE,-1.0648219576603,TRUE,"recruit_mean_80",44.6,43.5351780423397,0.650777922008506,42.2973815764426,43.5274253056194,44.8702608265978,TRUE,-1.63622938278841,2.57287925015523
26,122,6,200,"correct","full",NA,FALSE,0.404615417334129,TRUE,"recruit_mean_slope_20",0.4,0.804615417334129,0.352702561599444,0.101911466457913,0.787833135042376,1.48978539479369,TRUE,1.14718593338044,1.38787392833578
26,122,6,200,"correct","full",NA,FALSE,-0.117625307579648,TRUE,"log_recruit_sd",1.25276296849537,1.13513766091572,0.0738771073353262,0.98559030770642,1.13453861452055,1.27957876375718,TRUE,-1.59217532767965,0.293988456050762
26,122,6,200,"correct","full",NA,FALSE,NA,TRUE,"log_process_precision",NA,4.65693943262326,1.13393878053188,2.51857666413294,4.68530987135706,6.78383490947339,NA,NA,4.26525824534045
27,146,7,200,"correct","full",NA,FALSE,0.248049719645613,TRUE,"survival_at_80",0.36,0.608049719645612,0.141711034475391,0.31606276764352,0.608544907826535,0.878620784559284,TRUE,1.75039100211133,0.562558016915763
27,146,7,200,"correct","full",NA,FALSE,0.117451463258371,TRUE,"survival_slope_20",0.64,0.757451463258371,0.101118772786861,0.568164107001017,0.756105474744342,0.95810745223945,TRUE,1.16151986442652,0.389943345238433
27,146,7,200,"correct","full",NA,FALSE,-0.544767116282958,TRUE,"growth_increment_80",8.4,7.85523288371704,1.2086887268414,5.46640037275238,7.82537776416521,10.3099220319444,TRUE,-0.450709189376298,4.84352165919199
27,146,7,200,"correct","full",NA,FALSE,0.436100719478421,TRUE,"growth_slope_20",-2.4,-1.96389928052158,0.539463869802054,-3.0351107442542,-1.93561335913467,-0.88884624672018,TRUE,0.808396528276194,2.14626449753403
27,146,7,200,"correct","full",NA,FALSE,0.433486906975844,TRUE,"log_growth_sd",1.50407739677627,1.93756430375212,0.150917836867595,1.6352192758037,1.94021962190346,2.24033151284464,FALSE,2.87233713372235,0.605112237040935
27,146,7,200,"correct","full",NA,FALSE,0.72979975689773,TRUE,"log_recruitment_at_80",-1.69314718055995,-0.963347423662215,0.176677908719939,-1.30084077916758,-0.960832458292624,-0.641398405432842,FALSE,4.130679167448,0.659442373734741
27,146,7,200,"correct","full",NA,FALSE,-0.550163532314576,TRUE,"recruitment_slope_20",1.5,0.949836467685424,0.144292033968889,0.674292062265191,0.950472169083421,1.22496238995704,FALSE,-3.81284757849624,0.550670327691848
27,146,7,200,"correct","full",NA,FALSE,0.577569304809863,TRUE,"recruit_mean_80",44.6,45.1775693048099,0.741447954962652,43.6900541990434,45.1772225491233,46.6052256649386,TRUE,0.778974843674573,2.91517146589521
27,146,7,200,"correct","full",NA,FALSE,-0.063010065015024,TRUE,"recruit_mean_slope_20",0.4,0.336989934984976,0.537013124416164,-0.72553395982004,0.333953646689173,1.36070610308014,TRUE,-0.117334311118612,2.08624006290018
27,146,7,200,"correct","full",NA,FALSE,0.0418471575207606,TRUE,"log_recruit_sd",1.25276296849537,1.29461012601613,0.0744030819496041,1.14948407471764,1.29506497022812,1.4372769804517,TRUE,0.562438496151345,0.287792905734058
27,146,7,200,"correct","full",NA,FALSE,NA,TRUE,"log_process_precision",NA,2.62611268721583,0.381023246669608,1.82991626001575,2.63812193254597,3.34862287160816,NA,NA,1.51870661159241
28,170,8,200,"correct","full",NA,FALSE,0.00375128980270845,TRUE,"survival_at_80",0.36,0.363751289802708,0.103939010368585,0.165886285706826,0.362018482826696,0.575477505158075,TRUE,0.0360912595704516,0.40959121945125
28,170,8,200,"correct","full",NA,FALSE,-0.00786856642748801,TRUE,"survival_slope_20",0.64,0.632131433572512,0.0786255200510426,0.469183157633433,0.635460310106361,0.783376344290983,TRUE,-0.100076494532308,0.31419318665755
28,170,8,200,"correct","full",NA,FALSE,-0.429775101565925,TRUE,"growth_increment_80",8.4,7.97022489843408,0.915637169830285,6.19307466877506,7.94278236898142,9.72589782386942,TRUE,-0.469372711950504,3.53282315509436
28,170,8,200,"correct","full",NA,FALSE,-0.0890445313498618,TRUE,"growth_slope_20",-2.4,-2.48904453134986,0.353060103254477,-3.17153966688484,-2.49308585104007,-1.78064335641279,TRUE,-0.252207855062232,1.39089631047205
28,170,8,200,"correct","full",NA,FALSE,0.159926818999923,TRUE,"log_growth_sd",1.50407739677627,1.6640042157762,0.166660323702796,1.32517921813602,1.67110499912731,1.97909868186339,TRUE,0.959597434150667,0.653919463727376
28,170,8,200,"correct","full",NA,FALSE,-0.091953147530754,TRUE,"log_recruitment_at_80",-1.69314718055995,-1.7851003280907,0.172153262557319,-2.12440707249506,-1.7827487834624,-1.46131931921922,TRUE,-0.534135375448595,0.663087753275837
28,170,8,200,"correct","full",NA,FALSE,0.123743618190457,TRUE,"recruitment_slope_20",1.5,1.62374361819046,0.107466301243918,1.41010189456309,1.6233658321136,1.8332411147239,TRUE,1.15146438239829,0.423139220160812
28,170,8,200,"correct","full",NA,FALSE,0.0274170168780188,TRUE,"recruit_mean_80",44.6,44.627417016878,1.49248358104909,41.6195470297695,44.5990487430408,47.4932789545754,TRUE,0.0183700626433337,5.87373192480588
28,170,8,200,"correct","full",NA,FALSE,-0.00624493263994269,TRUE,"recruit_mean_slope_20",0.4,0.393755067360057,0.769497747579888,-1.09859936067257,0.379021715164532,1.91325598342366,TRUE,-0.0081155957370679,3.01185534409623
28,170,8,200,"correct","full",NA,FALSE,-0.00500979642723975,TRUE,"log_recruit_sd",1.25276296849537,1.24775317206813,0.0636626275181245,1.1191827184431,1.24999930821136,1.36474596101379,TRUE,-0.0786928944428737,0.245563242570689
28,170,8,200,"correct","full",NA,FALSE,NA,TRUE,"log_process_precision",NA,3.04212166340571,0.409597948642172,2.26798681072679,3.03419875135686,3.84645071376052,NA,NA,1.57846390303373
29,194,9,200,"correct","full",NA,FALSE,0.0910043898884067,TRUE,"survival_at_80",0.36,0.451004389888407,0.105023492633379,0.245350648740201,0.450213726916598,0.654837018947973,TRUE,0.866514601700487,0.409486370207772
29,194,9,200,"correct","full",NA,FALSE,-0.046828293975173,TRUE,"survival_slope_20",0.64,0.593171706024827,0.0629558039768019,0.470951796617356,0.593622350767207,0.714905117161056,TRUE,-0.743828066947225,0.2439533205437
29,194,9,200,"correct","full",NA,FALSE,-1.41932270367786,TRUE,"growth_increment_80",8.4,6.98067729632214,0.849611041081542,5.40723879943822,6.97939138760477,8.6107518370819,TRUE,-1.67055586032767,3.20351303764367
29,194,9,200,"correct","full",NA,FALSE,0.0969805829373427,TRUE,"growth_slope_20",-2.4,-2.30301941706266,0.378735415318444,-3.00596576940493,-2.3148575198603,-1.55107405715125,TRUE,0.256064204758355,1.45489171225368
29,194,9,200,"correct","full",NA,FALSE,0.215523128663618,TRUE,"log_growth_sd",1.50407739677627,1.71960052543989,0.131158520288368,1.47358010268694,1.7069554257076,1.97473796562813,TRUE,1.64322628975811,0.501157862941192
29,194,9,200,"correct","full",NA,FALSE,-0.132871581147355,TRUE,"log_recruitment_at_80",-1.69314718055995,-1.8260187617073,0.175455524852372,-2.16430375451526,-1.82471852563544,-1.48411018185445,TRUE,-0.757294939895185,0.680193572660806
29,194,9,200,"correct","full",NA,FALSE,0.146373239088683,TRUE,"recruitment_slope_20",1.5,1.64637323908868,0.112703345785033,1.43174373680652,1.64727867906675,1.86441143583612,TRUE,1.2987479481565,0.432667699029597
29,194,9,200,"correct","full",NA,FALSE,-0.621234515986686,TRUE,"recruit_mean_80",44.6,43.9787654840133,1.10332974547292,41.6777740347024,44.0209270853454,46.0500069619482,TRUE,-0.563054262368687,4.37223292724586
29,194,9,200,"correct","full",NA,FALSE,0.298420426742141,TRUE,"recruit_mean_slope_20",0.4,0.698420426742141,0.574408545068805,-0.358592648774873,0.691719249946092,1.89079639750826,TRUE,0.519526440377719,2.24938904628313
29,194,9,200,"correct","full",NA,FALSE,0.0104691340210494,TRUE,"log_recruit_sd",1.25276296849537,1.26323210251642,0.057605432279612,1.14568285152506,1.26477240383345,1.3774132475401,TRUE,0.18173865912911,0.231730396015047
29,194,9,200,"correct","full",NA,FALSE,NA,TRUE,"log_process_precision",NA,5.53938244175888,1.16811135325838,3.33897686479945,5.51748448134,7.74166272405476,NA,NA,4.4026858592553
30,218,10,200,"correct","full",NA,FALSE,-0.0152614257616832,TRUE,"survival_at_80",0.36,0.344738574238317,0.0966806205787497,0.150715536979748,0.341951109741302,0.536122689190135,TRUE,-0.157854031866213,0.385407152210386
30,218,10,200,"correct","full",NA,FALSE,-0.0270762535949028,TRUE,"survival_slope_20",0.64,0.612923746405097,0.0771557392264398,0.470593059249273,0.609071245871186,0.77386835078801,TRUE,-0.350929870757098,0.303275291538737
30,218,10,200,"correct","full",NA,FALSE,0.232033544901503,TRUE,"growth_increment_80",8.4,8.6320335449015,1.00225802081085,6.88277120403596,8.58603235277793,10.6185442846155,TRUE,0.231510788722631,3.73577308057951
30,218,10,200,"correct","full",NA,FALSE,-0.23844292531392,TRUE,"growth_slope_20",-2.4,-2.63844292531392,0.364318697455208,-3.36119415933004,-2.63143600725526,-1.93700813548624,TRUE,-0.654489947893042,1.42418602384379
30,218,10,200,"correct","full",NA,FALSE,0.246447260515745,TRUE,"log_growth_sd",1.50407739677627,1.75052465729202,0.164015663662549,1.42869250506754,1.74788275181471,2.07403192072063,TRUE,1.50258368629226,0.645339415653089
30,218,10,200,"correct","full",NA,FALSE,-0.0395128301047729,TRUE,"log_recruitment_at_80",-1.69314718055995,-1.73266001066472,0.171519166467174,-2.06781733881229,-1.73414191714753,-1.41616025636614,TRUE,-0.230369765190849,0.651657082446158
30,218,10,200,"correct","full",NA,FALSE,-0.0632126397811112,TRUE,"recruitment_slope_20",1.5,1.43678736021889,0.114001704539688,1.21912767870589,1.43918596042772,1.65110329828524,TRUE,-0.554488549415547,0.431975619579348
30,218,10,200,"correct","full",NA,FALSE,1.19194042107465,TRUE,"recruit_mean_80",44.6,45.7919404210746,1.13312691042509,43.7170364807754,45.8191922041272,48.0704368663756,TRUE,1.05190372773646,4.35340038560023
30,218,10,200,"correct","full",NA,FALSE,-0.68786261981527,TRUE,"recruit_mean_slope_20",0.4,-0.28786261981527,0.620303239742783,-1.5407287216312,-0.29791445580103,0.880636376942109,TRUE,-1.10891347286934,2.42136509857331
30,218,10,200,"correct","full",NA,FALSE,-0.00832354889738451,TRUE,"log_recruit_sd",1.25276296849537,1.24443941959798,0.0601277148605626,1.12529425421424,1.24507006738893,1.36031321055241,TRUE,-0.138431153032957,0.235018956338168
30,218,10,200,"correct","full",NA,FALSE,NA,TRUE,"log_process_precision",NA,2.64201722597832,0.355746631561959,1.9114526864235,2.6538027130585,3.32613789438106,NA,NA,1.41468520795756
31,2,1,800,"correct","full",NA,FALSE,-0.0486164267174851,TRUE,"survival_at_80",0.36,0.311383573282515,0.0983786258923825,0.131956236660444,0.30863359200201,0.500244016139961,TRUE,-0.494176720568014,0.368287779479517
31,2,1,800,"correct","full",NA,FALSE,0.04825930368089,TRUE,"survival_slope_20",0.64,0.68825930368089,0.0760414439628983,0.536775830763868,0.691176841473522,0.835020902895361,TRUE,0.634644756409892,0.298245072131493
31,2,1,800,"correct","full",NA,FALSE,0.825264194817374,TRUE,"growth_increment_80",8.4,9.22526419481737,0.766022508174986,7.73608204590868,9.26375715429192,10.6678140777312,TRUE,1.07733674403841,2.93173203182251
31,2,1,800,"correct","full",NA,FALSE,-0.698822703911849,TRUE,"growth_slope_20",-2.4,-3.09882270391185,0.306466262098783,-3.68991343781069,-3.09572550430154,-2.50369032416424,FALSE,-2.28025982085623,1.18622311364645
31,2,1,800,"correct","full",NA,FALSE,-0.136830685356776,TRUE,"log_growth_sd",1.50407739677627,1.3672467114195,0.184818840450226,1.02299445882993,1.3690991275867,1.76190781740629,TRUE,-0.740350307487328,0.73891335857636
31,2,1,800,"correct","full",NA,FALSE,-0.0587126705500021,TRUE,"log_recruitment_at_80",-1.69314718055995,-1.75185985110995,0.097507202635588,-1.93720903485026,-1.7513800892516,-1.55427944554178,TRUE,-0.602136754650094,0.382929589308479
31,2,1,800,"correct","full",NA,FALSE,0.0368414744447845,TRUE,"recruitment_slope_20",1.5,1.53684147444478,0.0713552922974288,1.39074883848762,1.53949136947408,1.66971779402922,TRUE,0.51631032903935,0.278968955541601
31,2,1,800,"correct","full",NA,FALSE,0.144539550992079,TRUE,"recruit_mean_80",44.6,44.7445395509921,1.70702046600117,41.3736275810041,44.7827911347125,48.0515763173552,TRUE,0.0846735899603324,6.67794873635106
31,2,1,800,"correct","full",NA,FALSE,0.143579244135115,TRUE,"recruit_mean_slope_20",0.4,0.543579244135115,0.849606482944242,-1.03176064726539,0.522490656921024,2.20732327443501,TRUE,0.168994995939241,3.2390839217004
31,2,1,800,"correct","full",NA,FALSE,0.0450735003757765,TRUE,"log_recruit_sd",1.25276296849537,1.29783646887114,0.0837121688180979,1.13448770203878,1.29897322067287,1.46194489547958,TRUE,0.53843426842421,0.327457193440807
31,2,1,800,"correct","full",NA,FALSE,NA,TRUE,"log_process_precision",NA,1.84097976205195,0.202608321150919,1.45685877494429,1.84263634256912,2.23897313575082,NA,NA,0.782114360806527
32,26,2,800,"correct","full",NA,FALSE,0.137399681476664,TRUE,"survival_at_80",0.36,0.497399681476664,0.0972767835469305,0.301060776171664,0.499354624591383,0.678058684767598,TRUE,1.41246119029394,0.376997908595934
32,26,2,800,"correct","full",NA,FALSE,-0.0359036055431068,TRUE,"survival_slope_20",0.64,0.604096394456893,0.0683422147236207,0.472249211830116,0.605455286873813,0.73801741169911,TRUE,-0.525350337098421,0.265768199868994
32,26,2,800,"correct","full",NA,FALSE,-0.948710245668908,TRUE,"growth_increment_80",8.4,7.45128975433109,0.692749497358313,6.09760584762047,7.47226075599367,8.78219022279034,TRUE,-1.36948528910762,2.68458437516987
32,26,2,800,"correct","full",NA,FALSE,0.377736160976131,TRUE,"growth_slope_20",-2.4,-2.02226383902387,0.305585957072983,-2.61999653653142,-2.0287727070098,-1.43411719996036,TRUE,1.23610444862791,1.18587933657107
32,26,2,800,"correct","full",NA,FALSE,0.0637403875071505,TRUE,"log_growth_sd",1.50407739677627,1.56781778428342,0.145239246066519,1.27403778210883,1.57200528306638,1.83783319383099,TRUE,0.438864764403677,0.563795411722156
32,26,2,800,"correct","full",NA,FALSE,0.079095660637208,TRUE,"log_recruitment_at_80",-1.69314718055995,-1.61405151992274,0.0890781121118925,-1.78584405263688,-1.61592575157502,-1.4308280114277,TRUE,0.887935978457363,0.355016041209177
32,26,2,800,"correct","full",NA,FALSE,-0.07837210165122,TRUE,"recruitment_slope_20",1.5,1.42162789834878,0.0677409376696817,1.28907177228856,1.42333417738293,1.55186170056802,TRUE,-1.15693854185157,0.262789928279455
32,26,2,800,"correct","full",NA,FALSE,1.09752500577239,TRUE,"recruit_mean_80",44.6,45.6975250057724,1.23062834366882,43.2479371228424,45.6941444943065,47.9914838178546,TRUE,0.891841156933198,4.74354669501221
32,26,2,800,"correct","full",NA,FALSE,-0.726070934456822,TRUE,"recruit_mean_slope_20",0.4,-0.326070934456822,0.667411721033317,-1.58666735587876,-0.327993832017024,0.992637165464441,TRUE,-1.08789059522761,2.5793045213432
32,26,2,800,"correct","full",NA,FALSE,-0.0307223978436779,TRUE,"log_recruit_sd",1.25276296849537,1.22204057065169,0.0593365166506246,1.11090618368229,1.21839952090534,1.34073827051243,TRUE,-0.51776544323578,0.229832086830148
32,26,2,800,"correct","full",NA,FALSE,NA,TRUE,"log_process_precision",NA,5.66941100600876,1.16387560664924,3.32787838302644,5.67223962726284,7.9029647739437,NA,NA,4.57508639091726
33,50,3,800,"correct","full",NA,FALSE,0.303374009784807,TRUE,"survival_at_80",0.36,0.663374009784807,0.120263768240717,0.434303599281583,0.664611086075848,0.892578149466459,FALSE,2.522571961803,0.458274550184877
33,50,3,800,"correct","full",NA,FALSE,0.00683411605422235,TRUE,"survival_slope_20",0.64,0.646834116054222,0.0862854399115558,0.476993656045313,0.642528996248689,0.814611712814611,TRUE,0.0792035836083984,0.337618056769298
33,50,3,800,"correct","full",NA,FALSE,-1.70730170220329,TRUE,"growth_increment_80",8.4,6.69269829779671,0.908867087014787,4.9470316360553,6.6888226619015,8.4362708005714,TRUE,-1.87849436578345,3.4892391645161
33,50,3,800,"correct","full",NA,FALSE,1.31276553793554,TRUE,"growth_slope_20",-2.4,-1.08723446206446,0.451894622525508,-1.99875460620937,-1.1012967297717,-0.177373798995964,FALSE,2.90502580136686,1.82138080721341
33,50,3,800,"correct","full",NA,FALSE,0.350367242162042,TRUE,"log_growth_sd",1.50407739677627,1.85444463893832,0.143565141085028,1.58510143083449,1.85521034348112,2.13549101575168,FALSE,2.44047572770144,0.55038958491719
33,50,3,800,"correct","full",NA,FALSE,0.113387700973703,TRUE,"log_recruitment_at_80",-1.69314718055995,-1.57975947958624,0.0958726746996894,-1.76602662168553,-1.58203389842875,-1.39542979803197,TRUE,1.18269049370822,0.370596823653566
33,50,3,800,"correct","full",NA,FALSE,-0.110794461829268,TRUE,"recruitment_slope_20",1.5,1.38920553817073,0.0798774314699452,1.2331167389879,1.39109550320047,1.54846106361343,TRUE,-1.38705589038571,0.315344324625537
33,50,3,800,"correct","full",NA,FALSE,-1.42822596398249,TRUE,"recruit_mean_80",44.6,43.1717740360175,0.876921977098191,41.4391656895312,43.1597663466903,44.9452521521006,TRUE,-1.6286807735263,3.50608646256939
33,50,3,800,"correct","full",NA,FALSE,0.925738425020204,TRUE,"recruit_mean_slope_20",0.4,1.3257384250202,0.451592532543842,0.445899927406724,1.32453261674069,2.21680592536578,FALSE,2.04994183540963,1.77090599795906
33,50,3,800,"correct","full",NA,FALSE,-0.0793840404049331,TRUE,"log_recruit_sd",1.25276296849537,1.17337892809043,0.113821083702868,0.945639801744161,1.17132793958993,1.40160421290475,TRUE,-0.697445831847519,0.455964411160585
33,50,3,800,"correct","full",NA,FALSE,NA,TRUE,"log_process_precision",NA,4.36011668568946,1.15706390963614,2.09415252588311,4.34437794816789,6.58290958304609,NA,NA,4.48875705716297
34,74,4,800,"correct","full",NA,FALSE,-0.0942523703363373,TRUE,"survival_at_80",0.36,0.265747629663663,0.0728861706474687,0.123806753312796,0.267002931542507,0.398405675925096,TRUE,-1.29314476942699,0.274598922612301
34,74,4,800,"correct","full",NA,FALSE,-0.074048798811491,TRUE,"survival_slope_20",0.64,0.565951201188509,0.0656270559254711,0.432949856523354,0.567745898140033,0.690136511723404,TRUE,-1.12832729988046,0.25718665520005
34,74,4,800,"correct","full",NA,FALSE,1.03364186041959,TRUE,"growth_increment_80",8.4,9.43364186041959,0.711134003010921,8.07044160162594,9.42588517558918,10.8013843511028,TRUE,1.4535120751408,2.73094274947682
34,74,4,800,"correct","full",NA,FALSE,-0.0313274799883851,TRUE,"growth_slope_20",-2.4,-2.43132747998839,0.27481361464509,-2.96776862607638,-2.43045189900461,-1.90437976333632,TRUE,-0.113995371113048,1.06338886274006
34,74,4,800,"correct","full",NA,FALSE,0.093649301550079,TRUE,"log_growth_sd",1.50407739677627,1.59772669832635,0.152725710551326,1.30496460641239,1.59534732645596,1.90062905237037,TRUE,0.61318622262102,0.595664445957988
34,74,4,800,"correct","full",NA,FALSE,0.0193870360203083,TRUE,"log_recruitment_at_80",-1.69314718055995,-1.67376014453964,0.0935455160086775,-1.84730451423221,-1.67347498411604,-1.48730111325796,TRUE,0.207247090480638,0.360003400974257
34,74,4,800,"correct","full",NA,FALSE,-0.0534986434011242,TRUE,"recruitment_slope_20",1.5,1.44650135659888,0.0764629929915788,1.29065737047301,1.44796120857585,1.58833226814339,TRUE,-0.699667137107964,0.297674897670378
34,74,4,800,"correct","full",NA,FALSE,0.561079537173732,TRUE,"recruit_mean_80",44.6,45.1610795371737,0.777246618693266,43.6354733281828,45.1508630914093,46.6829252268249,TRUE,0.721880962463418,3.04745189864209
34,74,4,800,"correct","full",NA,FALSE,-0.534159836286682,TRUE,"recruit_mean_slope_20",0.4,-0.134159836286682,0.462116425364192,-0.98748652928294,-0.131059153673197,0.742386088956711,TRUE,-1.15589883191387,1.72987261823965
34,74,4,800,"correct","full",NA,FALSE,-0.0625917986109303,TRUE,"log_recruit_sd",1.25276296849537,1.19017116988444,0.0538920853122043,1.08304007806454,1.18807955151072,1.30431492980985,TRUE,-1.16142840360189,0.221274851745314
34,74,4,800,"correct","full",NA,FALSE,NA,TRUE,"log_process_precision",NA,4.0772269101344,0.884111572078556,2.39641213258383,4.08512062173454,5.74819823695252,NA,NA,3.3517861043687
35,98,5,800,"correct","full",NA,FALSE,0.00649009599908174,TRUE,"survival_at_80",0.36,0.366490095999082,0.0899520147308639,0.189489820701288,0.367650027307954,0.540294926130545,TRUE,0.0721506463029214,0.350805105429257
35,98,5,800,"correct","full",NA,FALSE,-0.152831294721419,TRUE,"survival_slope_20",0.64,0.487168705278581,0.0852315556257053,0.319946687108818,0.48437850953708,0.653435211379896,TRUE,-1.79313041513143,0.333488524271078
35,98,5,800,"correct","full",NA,FALSE,0.904314238689597,TRUE,"growth_increment_80",8.4,9.3043142386896,0.888445827290747,7.54739603205951,9.3167781299786,11.0822192962217,TRUE,1.01786086547026,3.53482326416214
35,98,5,800,"correct","full",NA,FALSE,0.117793846059318,TRUE,"growth_slope_20",-2.4,-2.28220615394068,0.337516932036438,-2.97461583047678,-2.27942175584823,-1.64786414213295,TRUE,0.349001294093894,1.32675168834383
35,98,5,800,"correct","full",NA,FALSE,0.340690971119025,TRUE,"log_growth_sd",1.50407739677627,1.8447683678953,0.131962651905425,1.58928467336677,1.84433664265146,2.10545782737015,FALSE,2.58172267834683,0.516173154003383
35,98,5,800,"correct","full",NA,FALSE,0.187497444042188,TRUE,"log_recruitment_at_80",-1.69314718055995,-1.50564973651776,0.0866004653435189,-1.67059513842894,-1.50829777688115,-1.33568273593425,FALSE,2.16508587221143,0.334912402494689
35,98,5,800,"correct","full",NA,FALSE,-0.276210724245872,TRUE,"recruitment_slope_20",1.5,1.22378927575413,0.07092743323835,1.090691423371,1.22430474332442,1.36241351289047,FALSE,-3.89427209804241,0.271722089519474
35,98,5,800,"correct","full",NA,FALSE,0.412344244248629,TRUE,"recruit_mean_80",44.6,45.0123442442486,0.75995129258542,43.6392775786719,44.9859449975542,46.496634370107,TRUE,0.542592990197831,2.85735679143512
35,98,5,800,"correct","full",NA,FALSE,-0.100751379909881,TRUE,"recruit_mean_slope_20",0.4,0.299248620090119,0.465690192504428,-0.545466380412267,0.305617988797948,1.21705885860927,TRUE,-0.216348511374164,1.76252523902154
35,98,5,800,"correct","full",NA,FALSE,-0.00756155243147494,TRUE,"log_recruit_sd",1.25276296849537,1.24520141606389,0.0720126497338324,1.10036692210081,1.24754922423223,1.38810602283091,TRUE,-0.105003113472749,0.287739100730103
35,98,5,800,"correct","full",NA,FALSE,NA,TRUE,"log_process_precision",NA,4.70328646130608,1.36386505141422,2.0084576173045,4.72039158276269,7.38073016577474,NA,NA,5.37227254847025
36,122,6,800,"correct","full",NA,FALSE,0.0470655384745846,TRUE,"survival_at_80",0.36,0.407065538474584,0.104835601490515,0.213356269456941,0.404899432478279,0.609015191822892,TRUE,0.448946138577195,0.395658922365951
36,122,6,800,"correct","full",NA,FALSE,-0.104752077517359,TRUE,"survival_slope_20",0.64,0.535247922482641,0.0803682593330257,0.371587582332491,0.532415363141892,0.698484311775136,TRUE,-1.30340109872597,0.326896729442644
36,122,6,800,"correct","full",NA,FALSE,-0.30558217838494,TRUE,"growth_increment_80",8.4,8.09441782161506,0.969047304342972,6.09310267788324,8.12536166956202,9.94714705127233,TRUE,-0.315342890915041,3.85404437338909
36,122,6,800,"correct","full",NA,FALSE,0.648465265545072,TRUE,"growth_slope_20",-2.4,-1.75153473445493,0.402647982178285,-2.5403394601551,-1.74745681997553,-0.931597653006923,TRUE,1.61050171426898,1.60874180714818
36,122,6,800,"correct","full",NA,FALSE,0.40126158384514,TRUE,"log_growth_sd",1.50407739677627,1.90533898062141,0.165603217113148,1.57970702612536,1.90978705888428,2.23014455664567,FALSE,2.42303012489775,0.650437530520312
36,122,6,800,"correct","full",NA,FALSE,0.0580004720382605,TRUE,"log_recruitment_at_80",-1.69314718055995,-1.63514670852168,0.093735667735695,-1.81706511603252,-1.63285052118012,-1.44969246525321,TRUE,0.61876629717733,0.367372650779318
36,122,6,800,"correct","full",NA,FALSE,-0.0313084319259567,TRUE,"recruitment_slope_20",1.5,1.46869156807404,0.0768039828661257,1.32388638312913,1.46921214319882,1.61704841140305,TRUE,-0.407640733691237,0.293162028273916
36,122,6,800,"correct","full",NA,FALSE,-1.28823364061923,TRUE,"recruit_mean_80",44.6,43.3117663593808,0.706072238327103,41.9737187529358,43.300969440987,44.7256196565215,TRUE,-1.82450685735986,2.75190090358563
36,122,6,800,"correct","full",NA,FALSE,0.476781049274544,TRUE,"recruit_mean_slope_20",0.4,0.876781049274544,0.368702667885899,0.169440848600431,0.86941403502128,1.59352256963743,TRUE,1.29313154148939,1.424081721037
36,122,6,800,"correct","full",NA,FALSE,-0.116463880533883,TRUE,"log_recruit_sd",1.25276296849537,1.13629908796149,0.0715081107406429,0.991665091926238,1.13454438299667,1.2767773775536,TRUE,-1.62868070946934,0.285112285627362
36,122,6,800,"correct","full",NA,FALSE,NA,TRUE,"log_process_precision",NA,4.37039004446994,0.99025545807793,2.37786527064859,4.36382166382962,6.22095168411815,NA,NA,3.84308641346956
37,146,7,800,"correct","full",NA,FALSE,0.244166508224124,TRUE,"survival_at_80",0.36,0.604166508224124,0.145698489455299,0.308378661308688,0.603539193299325,0.883867428222028,TRUE,1.67583417739576,0.57548876691334
37,146,7,800,"correct","full",NA,FALSE,0.0793208426242723,TRUE,"survival_slope_20",0.64,0.719320842624272,0.102736507959491,0.526225506241335,0.713042468615724,0.91584977826169,TRUE,0.772080385052105,0.389624272020355
37,146,7,800,"correct","full",NA,FALSE,-0.731047630527184,TRUE,"growth_increment_80",8.4,7.66895236947282,1.22701513359377,5.289370332903,7.65100938073817,10.1167754151761,TRUE,-0.595793491467413,4.82740508227309
37,146,7,800,"correct","full",NA,FALSE,0.293861350207679,TRUE,"growth_slope_20",-2.4,-2.10613864979232,0.568662209764847,-3.16916337254473,-2.13165452257516,-0.982339343034924,TRUE,0.516759062166619,2.1868240295098
37,146,7,800,"correct","full",NA,FALSE,0.534489683496961,TRUE,"log_growth_sd",1.50407739677627,2.03856708027323,0.144525460311382,1.752911535794,2.04480617354189,2.31495374786168,FALSE,3.69823892859705,0.562042212067681
37,146,7,800,"correct","full",NA,FALSE,0.230157674849032,TRUE,"log_recruitment_at_80",-1.69314718055995,-1.46298950571091,0.0948735078415229,-1.64822467369342,-1.46383772678927,-1.27942893433708,FALSE,2.42594250055019,0.368795739356344
37,146,7,800,"correct","full",NA,FALSE,-0.223935804696187,TRUE,"recruitment_slope_20",1.5,1.27606419530381,0.0754046714103717,1.12553740389948,1.27640737225961,1.41751995096843,FALSE,-2.96978689128516,0.291982547068955
37,146,7,800,"correct","full",NA,FALSE,0.192677862354572,TRUE,"recruit_mean_80",44.6,44.7926778623546,0.92722236968298,43.0190947658329,44.7668925289242,46.6381137048398,TRUE,0.207801136657702,3.61901893900689
37,146,7,800,"correct","full",NA,FALSE,0.0889230688766147,TRUE,"recruit_mean_slope_20",0.4,0.488923068876615,0.518949722199463,-0.55495923957865,0.501069500744551,1.45085379286775,TRUE,0.171351992442991,2.0058130324464
37,146,7,800,"correct","full",NA,FALSE,0.0397426759377926,TRUE,"log_recruit_sd",1.25276296849537,1.29250564443316,0.0771294887969897,1.14713410810848,1.29090318809334,1.44103081881345,TRUE,0.515272129475642,0.293896710704968
37,146,7,800,"correct","full",NA,FALSE,NA,TRUE,"log_process_precision",NA,2.1767552335653,0.28091697096697,1.6377516831293,2.17136790656946,2.72564684023715,NA,NA,1.08789515710785
38,170,8,800,"correct","full",NA,FALSE,0.00477845433901875,TRUE,"survival_at_80",0.36,0.364778454339019,0.110264621362391,0.127244019960867,0.367321432539844,0.578789841011927,TRUE,0.04333624221421,0.45154582105106
38,170,8,800,"correct","full",NA,FALSE,-0.0144797703058712,TRUE,"survival_slope_20",0.64,0.625520229694129,0.0820340964361215,0.458049128649338,0.627117115751857,0.780248162737412,TRUE,-0.176509170392903,0.322199034088074
38,170,8,800,"correct","full",NA,FALSE,-0.455330076724384,TRUE,"growth_increment_80",8.4,7.94466992327562,0.953608379538477,6.1268512763638,7.95897479711299,9.81697283091978,TRUE,-0.477481203494408,3.69012155455597
38,170,8,800,"correct","full",NA,FALSE,-0.0566756888627293,TRUE,"growth_slope_20",-2.4,-2.45667568886273,0.351131043213218,-3.1264751253221,-2.45862968301743,-1.80823142046882,TRUE,-0.161408938224565,1.31824370485327
38,170,8,800,"correct","full",NA,FALSE,0.170937292974892,TRUE,"log_growth_sd",1.50407739677627,1.67501468975117,0.168804261554235,1.35059522180918,1.67442461240169,2.00719196288723,TRUE,1.01263612305174,0.656596741078051
38,170,8,800,"correct","full",NA,FALSE,-0.037720465202189,TRUE,"log_recruitment_at_80",-1.69314718055995,-1.73086764576213,0.0924548539777968,-1.90914023089314,-1.73198515084961,-1.54438698986379,TRUE,-0.407987937672235,0.36475324102935
38,170,8,800,"correct","full",NA,FALSE,0.0889464121714914,TRUE,"recruitment_slope_20",1.5,1.58894641217149,0.0715173504619231,1.4472938458571,1.5896652530143,1.725086557092,TRUE,1.2437039627027,0.277792711234902
38,170,8,800,"correct","full",NA,FALSE,-0.0247124732469501,TRUE,"recruit_mean_80",44.6,44.575287526753,1.49745565193623,41.6534841009783,44.5590420828306,47.5515672260033,TRUE,-0.0165029750396926,5.89808312502494
38,170,8,800,"correct","full",NA,FALSE,0.0149002136756764,TRUE,"recruit_mean_slope_20",0.4,0.414900213675676,0.775544678538024,-1.09899852125994,0.437433260792535,1.88927819642609,TRUE,0.0192125793497349,2.98827671768603
38,170,8,800,"correct","full",NA,FALSE,-0.0118701895123015,TRUE,"log_recruit_sd",1.25276296849537,1.24089277898307,0.0622388575978689,1.11883029825036,1.24162428008422,1.36398676624102,TRUE,-0.190719913096668,0.245156467990659
38,170,8,800,"correct","full",NA,FALSE,NA,TRUE,"log_process_precision",NA,3.03442396909064,0.424319999310951,2.19948859075027,3.03640178881485,3.83967526139473,NA,NA,1.64018667064447
39,194,9,800,"correct","full",NA,FALSE,0.120987289096144,TRUE,"survival_at_80",0.36,0.480987289096144,0.113564252660033,0.25696681360605,0.484242725182681,0.70112029280049,TRUE,1.06536419922855,0.44415347919444
39,194,9,800,"correct","full",NA,FALSE,-0.0451805225157673,TRUE,"survival_slope_20",0.64,0.594819477484233,0.0663817403140847,0.465246588888891,0.59410445181887,0.72475934543286,TRUE,-0.680616722339547,0.259512756543969
39,194,9,800,"correct","full",NA,FALSE,-1.46389328439071,TRUE,"growth_increment_80",8.4,6.93610671560929,0.910772636002437,5.06701127822128,6.91625899545325,8.79606542788885,TRUE,-1.60730925208297,3.72905414966757
39,194,9,800,"correct","full",NA,FALSE,0.226588942258483,TRUE,"growth_slope_20",-2.4,-2.17341105774152,0.396996875969589,-2.98270151671187,-2.17584142942897,-1.39547317657118,TRUE,0.570757494514491,1.58722834014068
39,194,9,800,"correct","full",NA,FALSE,0.226790989276409,TRUE,"log_growth_sd",1.50407739677627,1.73086838605268,0.130105776788619,1.4857169140369,1.73354942487366,1.99003023710366,TRUE,1.7431277447801,0.504313323066763
39,194,9,800,"correct","full",NA,FALSE,0.00484093542102326,TRUE,"log_recruitment_at_80",-1.69314718055995,-1.68830624513892,0.0933142891017738,-1.87284136854747,-1.68933168887948,-1.4904438930174,TRUE,0.0518777506384201,0.38239747553007
39,194,9,800,"correct","full",NA,FALSE,0.0436519451388457,TRUE,"recruitment_slope_20",1.5,1.54365194513885,0.0722646543848558,1.40545764608187,1.54536012434999,1.68692184546948,TRUE,0.604056651352278,0.281464199387605
39,194,9,800,"correct","full",NA,FALSE,-0.576676656413383,TRUE,"recruit_mean_80",44.6,44.0233233435866,1.02956121027154,42.0646568329256,44.0218011939536,46.0192598249329,TRUE,-0.560118864871851,3.95460299200723
39,194,9,800,"correct","full",NA,FALSE,0.281472813862654,TRUE,"recruit_mean_slope_20",0.4,0.681472813862654,0.552614201636867,-0.403934482618292,0.667090185509447,1.74255037648524,TRUE,0.509347774684254,2.14648485910353
39,194,9,800,"correct","full",NA,FALSE,0.00426803647436169,TRUE,"log_recruit_sd",1.25276296849537,1.25703100496973,0.05998880252639,1.13888323465153,1.255526447586,1.37429027330687,TRUE,0.0711472190578252,0.235407038655341
39,194,9,800,"correct","full",NA,FALSE,NA,TRUE,"log_process_precision",NA,5.49538870086197,1.19155931222929,3.25505642702545,5.49012510320066,7.77635899792492,NA,NA,4.52130257089947
40,218,10,800,"correct","full",NA,FALSE,0.0229903300547293,TRUE,"survival_at_80",0.36,0.382990330054729,0.0997190376446076,0.179692328301799,0.383343688477229,0.576095375078809,TRUE,0.230551062242151,0.396403046777009
40,218,10,800,"correct","full",NA,FALSE,-0.028025885726561,TRUE,"survival_slope_20",0.64,0.611974114273439,0.0786912279255206,0.460130954747767,0.610481945565972,0.762392440907321,TRUE,-0.356150062279964,0.302261486159554
40,218,10,800,"correct","full",NA,FALSE,0.207731251295712,TRUE,"growth_increment_80",8.4,8.60773125129571,1.04595491173244,6.5154813400416,8.62499740119646,10.6217870219237,TRUE,0.198604403464813,4.10630568188214
40,218,10,800,"correct","full",NA,FALSE,-0.0889581077326547,TRUE,"growth_slope_20",-2.4,-2.48895810773265,0.387066370282854,-3.23677873445192,-2.48689375234135,-1.73881643532178,TRUE,-0.229826496338722,1.49796229913014
40,218,10,800,"correct","full",NA,FALSE,0.260381128104327,TRUE,"log_growth_sd",1.50407739677627,1.7644585248806,0.169734966641626,1.44502750013542,1.75746380120742,2.10904294282376,TRUE,1.53404530166191,0.664015442688341
40,218,10,800,"correct","full",NA,FALSE,0.00957413094714443,TRUE,"log_recruitment_at_80",-1.69314718055995,-1.6835730496128,0.0916582932159271,-1.86368027592348,-1.68556811992925,-1.50394082696426,TRUE,0.104454606465231,0.359739448959229
40,218,10,800,"correct","full",NA,FALSE,-0.136569603997745,TRUE,"recruitment_slope_20",1.5,1.36343039600226,0.0723759092574111,1.21893232701619,1.36282888617574,1.5041174536999,TRUE,-1.88694836996138,0.28518512668371
40,218,10,800,"correct","full",NA,FALSE,1.13785284947549,TRUE,"recruit_mean_80",44.6,45.7378528494755,1.09947314613536,43.6188951210186,45.746576585963,47.979286915727,TRUE,1.03490735856082,4.36039179470838
40,218,10,800,"correct","full",NA,FALSE,-0.672981044783021,TRUE,"recruit_mean_slope_20",0.4,-0.272981044783021,0.602677675054484,-1.46289360588911,-0.280943061549058,0.915791517624168,TRUE,-1.11665169067725,2.37868512351328
40,218,10,800,"correct","full",NA,FALSE,-0.00670504266476835,TRUE,"log_recruit_sd",1.25276296849537,1.2460579258306,0.0609671077320138,1.12814849451236,1.24430894176608,1.36596201630145,TRUE,-0.109978034290899,0.237813521789093
40,218,10,800,"correct","full",NA,FALSE,NA,TRUE,"log_process_precision",NA,2.6695736920211,0.338427124635417,2.00237808210363,2.6691875406308,3.30331926747482,NA,NA,1.30094118537119
41,2,1,50,"biased","full",NA,FALSE,-0.0697600017832561,TRUE,"survival_at_80",0.36,0.290239998216744,0.100676484053911,0.0924447815761389,0.284850013430349,0.490960013309452,TRUE,-0.692912574756787,0.398515231733313
41,2,1,50,"biased","full",NA,FALSE,0.0687413638888377,TRUE,"survival_slope_20",0.64,0.708741363888838,0.0741952265674166,0.563296312729366,0.706077236721006,0.851616224035034,TRUE,0.926493078720862,0.288319911305667
41,2,1,50,"biased","full",NA,FALSE,0.934985605840666,TRUE,"growth_increment_80",8.4,9.33498560584067,0.794299019391479,7.76101828989874,9.3313694255184,10.8189536617285,TRUE,1.17712043325569,3.05793537182972
41,2,1,50,"biased","full",NA,FALSE,-0.78163223176744,TRUE,"growth_slope_20",-2.4,-3.18163223176744,0.331544408893114,-3.8029523625205,-3.17792009295516,-2.5200347861569,FALSE,-2.35754912705957,1.28291757636361
41,2,1,50,"biased","full",NA,FALSE,-0.155920249960504,TRUE,"log_growth_sd",1.50407739677627,1.34815714681577,0.18041103389173,1.01315819165395,1.34821893764666,1.68346885629316,TRUE,-0.864250077154794,0.670310664639211
41,2,1,50,"biased","full",NA,FALSE,0.348393595181436,TRUE,"log_recruitment_at_80",-1.69314718055995,-1.34475358537851,0.260388606481081,-1.8781935013913,-1.34489713096797,-0.818237669861712,TRUE,1.33797557385349,1.05995583152959
41,2,1,50,"biased","full",NA,FALSE,-0.163215953331472,TRUE,"recruitment_slope_20",1.5,1.33678404666853,0.161055049451228,1.01527611503117,1.33729741763263,1.65935243699328,TRUE,-1.01341717560304,0.644076321962114
41,2,1,50,"biased","full",NA,FALSE,0.533139640906626,TRUE,"recruit_mean_80",44.6,45.1331396409066,1.57196370905064,42.2065352972887,45.1692318590763,48.3583750556217,TRUE,0.339155183950528,6.15183975833293
41,2,1,50,"biased","full",NA,FALSE,0.00881386316276495,TRUE,"recruit_mean_slope_20",0.4,0.408813863162765,0.85465709757861,-1.33377370218536,0.39240740655962,1.96854134627326,TRUE,0.010312747870153,3.30231504845862
41,2,1,50,"biased","full",NA,FALSE,0.0541640155994536,TRUE,"log_recruit_sd",1.25276296849537,1.30692698409482,0.0850877190363956,1.13675156456697,1.30743768068051,1.46980000970427,TRUE,0.636566783230908,0.333048445137301
41,2,1,50,"biased","full",NA,FALSE,NA,TRUE,"log_process_precision",NA,1.84485105602364,0.198804045904261,1.47588247725848,1.8437895827899,2.24035888091047,NA,NA,0.764476403651989
42,26,2,50,"biased","full",NA,FALSE,0.214166557139667,TRUE,"survival_at_80",0.36,0.574166557139667,0.114757992759822,0.352957132354424,0.575632246979063,0.788201194850447,TRUE,1.86624523476894,0.435244062496023
42,26,2,50,"biased","full",NA,FALSE,-0.0123168188327941,TRUE,"survival_slope_20",0.64,0.627683181167206,0.0732925968794554,0.479122244105598,0.630631909153267,0.763668473291727,TRUE,-0.168049971718858,0.284546229186129
42,26,2,50,"biased","full",NA,FALSE,-0.9989021513681,TRUE,"growth_increment_80",8.4,7.4010978486319,0.782137225942878,5.96628551568749,7.36700331568643,8.9546992809323,TRUE,-1.27714436576511,2.98841376524482
42,26,2,50,"biased","full",NA,FALSE,0.665993657953156,TRUE,"growth_slope_20",-2.4,-1.73400634204684,0.354935818297051,-2.40380905385998,-1.72845185959888,-0.99903695102155,TRUE,1.87637771005623,1.40477210283843
42,26,2,50,"biased","full",NA,FALSE,0.0805906097351898,TRUE,"log_growth_sd",1.50407739677627,1.58466800651146,0.150705805640134,1.30058988924832,1.58160628212638,1.88245148291466,TRUE,0.534754513224459,0.581861593666341
42,26,2,50,"biased","full",NA,FALSE,0.356314945932728,TRUE,"log_recruitment_at_80",-1.69314718055995,-1.33683223462722,0.188224110071763,-1.71850636780934,-1.33899859226739,-0.967911495591256,TRUE,1.89303562544075,0.750594872218086
42,26,2,50,"biased","full",NA,FALSE,-0.305037038995845,TRUE,"recruitment_slope_20",1.5,1.19496296100415,0.130020291354922,0.950507243726553,1.19473210912526,1.46373380192685,FALSE,-2.34607256926669,0.513226558200298
42,26,2,50,"biased","full",NA,FALSE,0.849017740791489,TRUE,"recruit_mean_80",44.6,45.4490177407915,0.982570674369867,43.6203499216492,45.4050852891058,47.4595687152798,TRUE,0.864078038290704,3.83921879363059
42,26,2,50,"biased","full",NA,FALSE,-0.65359999156004,TRUE,"recruit_mean_slope_20",0.4,-0.253599991560041,0.593553937430976,-1.47478386532906,-0.217057157829716,0.808261833623408,TRUE,-1.10116360172583,2.28304569895247
42,26,2,50,"biased","full",NA,FALSE,-0.0422728726607424,TRUE,"log_recruit_sd",1.25276296849537,1.21049009583463,0.0595954571798412,1.09511162378578,1.2106252420317,1.32503666103975,TRUE,-0.709330453379619,0.229925037253967
42,26,2,50,"biased","full",NA,FALSE,NA,TRUE,"log_process_precision",NA,5.72909954121616,1.17761941742548,3.54424534594276,5.71448963310688,8.11905122202708,NA,NA,4.57480587608432
43,50,3,50,"biased","full",NA,FALSE,0.133865502429473,TRUE,"survival_at_80",0.36,0.493865502429473,0.12121978933187,0.267549464340472,0.491781490695548,0.724495195685306,TRUE,1.10432053353089,0.456945731344834
43,50,3,50,"biased","full",NA,FALSE,0.0641889685036776,TRUE,"survival_slope_20",0.64,0.704188968503678,0.0866229267464539,0.53292147481013,0.703026866795327,0.875034914185165,TRUE,0.741015928630065,0.342113439375034
43,50,3,50,"biased","full",NA,FALSE,-0.0313609951580549,TRUE,"growth_increment_80",8.4,8.36863900484195,0.96439824252153,6.48273836724713,8.37206670850192,10.2487362955158,TRUE,-0.0325187186945281,3.76599792826864
43,50,3,50,"biased","full",NA,FALSE,0.701166458978713,TRUE,"growth_slope_20",-2.4,-1.69883354102129,0.442322438655233,-2.54485531297015,-1.70065624507388,-0.833819713686848,TRUE,1.58519305760393,1.7110355992833
43,50,3,50,"biased","full",NA,FALSE,0.224796873001638,TRUE,"log_growth_sd",1.50407739677627,1.72887426977791,0.158491656973777,1.42130194628885,1.72281663079126,2.03099792394814,TRUE,1.41835145959027,0.609695977659289
43,50,3,50,"biased","full",NA,FALSE,0.692040681937715,TRUE,"log_recruitment_at_80",-1.69314718055995,-1.00110649862223,0.132376768733951,-1.23902881806214,-1.00104307724041,-0.73841048452797,FALSE,5.22781065406248,0.500618333534175
43,50,3,50,"biased","full",NA,FALSE,-0.415993590523456,TRUE,"recruitment_slope_20",1.5,1.08400640947654,0.105676595396885,0.877613743700368,1.0852278701316,1.28248566091123,FALSE,-3.93647797756096,0.404871917210865
43,50,3,50,"biased","full",NA,FALSE,-0.379790624114264,TRUE,"recruit_mean_80",44.6,44.2202093758857,0.662761580373604,42.8669213476899,44.2284426539554,45.460668611838,TRUE,-0.573042607418754,2.59374726414813
43,50,3,50,"biased","full",NA,FALSE,0.683169186395755,TRUE,"recruit_mean_slope_20",0.4,1.08316918639575,0.404804793661817,0.317182570154278,1.07764653119625,1.91411544628606,TRUE,1.68765092976268,1.59693287613178
43,50,3,50,"biased","full",NA,FALSE,-0.00329393662326782,TRUE,"log_recruit_sd",1.25276296849537,1.2494690318721,0.0965487788572944,1.06314588365181,1.24955985068444,1.43640394080808,TRUE,-0.0341168128924394,0.373258057156268
43,50,3,50,"biased","full",NA,FALSE,NA,TRUE,"log_process_precision",NA,4.89491488634196,1.27693067635687,2.36250557038329,4.92623106229993,7.39420645910434,NA,NA,5.03170088872105
44,74,4,50,"biased","full",NA,FALSE,-0.0968418033842485,TRUE,"survival_at_80",0.36,0.263158196615751,0.0760449815889637,0.11047753451172,0.2628265456504,0.407226174713973,TRUE,-1.2734805290334,0.296748640202253
44,74,4,50,"biased","full",NA,FALSE,-0.0715293939158312,TRUE,"survival_slope_20",0.64,0.568470606084169,0.0637989671129957,0.441083120278804,0.568718145999277,0.692436643943819,TRUE,-1.12116852595974,0.251353523665014
44,74,4,50,"biased","full",NA,FALSE,1.18117824128934,TRUE,"growth_increment_80",8.4,9.58117824128934,0.704448047825822,8.21210190974062,9.56543474236189,11.0008644958857,TRUE,1.67674286973309,2.7887625861451
44,74,4,50,"biased","full",NA,FALSE,-0.016266511592451,TRUE,"growth_slope_20",-2.4,-2.41626651159245,0.281345525427782,-2.94461099280711,-2.42246468874694,-1.85700485270344,TRUE,-0.0578168484027529,1.08760614010367
44,74,4,50,"biased","full",NA,FALSE,0.0898948394254198,TRUE,"log_growth_sd",1.50407739677627,1.59397223620169,0.156425843482104,1.26775830495498,1.59827462610128,1.87884545630183,TRUE,0.574680228179202,0.611087151346843
44,74,4,50,"biased","full",NA,FALSE,0.166306063336782,TRUE,"log_recruitment_at_80",-1.69314718055995,-1.52684111722316,0.183135308460269,-1.87713778792732,-1.52426293470028,-1.17336047461226,TRUE,0.908104858287676,0.703777313315066
44,74,4,50,"biased","full",NA,FALSE,-0.153284650615973,TRUE,"recruitment_slope_20",1.5,1.34671534938403,0.131227286697363,1.09027895513692,1.34172136514036,1.61492442878084,TRUE,-1.16808519381704,0.524645473643915
44,74,4,50,"biased","full",NA,FALSE,0.501214457650889,TRUE,"recruit_mean_80",44.6,45.1012144576509,0.740492992053224,43.6757185008648,45.0983483602096,46.5546024993062,TRUE,0.67686590289144,2.87888399844138
44,74,4,50,"biased","full",NA,FALSE,-0.491434766734273,TRUE,"recruit_mean_slope_20",0.4,-0.0914347667342728,0.447296358980322,-0.962206641575029,-0.104099903053027,0.790273209102061,TRUE,-1.09867821829485,1.75247985067709
44,74,4,50,"biased","full",NA,FALSE,-0.0554704184510191,TRUE,"log_recruit_sd",1.25276296849537,1.19729255004435,0.0538118871214768,1.09051077032028,1.19815930940381,1.29822836359618,TRUE,-1.03082090999333,0.207717593275904
44,74,4,50,"biased","full",NA,FALSE,NA,TRUE,"log_process_precision",NA,4.12249169780629,0.89728113863623,2.3426828581368,4.13975676254752,5.76842311502573,NA,NA,3.42574025688893
45,98,5,50,"biased","full",NA,FALSE,0.0438117129677368,TRUE,"survival_at_80",0.36,0.403811712967737,0.0965428369002321,0.210986704399012,0.401387941884792,0.58688089519146,TRUE,0.453805941221844,0.375894190792447
45,98,5,50,"biased","full",NA,FALSE,-0.123447250544362,TRUE,"survival_slope_20",0.64,0.516552749455638,0.0876504797212619,0.339192431406377,0.514837949874583,0.680936560214054,TRUE,-1.40840359273489,0.341744128807677
45,98,5,50,"biased","full",NA,FALSE,1.20167733280415,TRUE,"growth_increment_80",8.4,9.60167733280415,0.94342490892473,7.77949915987887,9.57603737864896,11.5760261956648,TRUE,1.27373924669189,3.79652703578592
45,98,5,50,"biased","full",NA,FALSE,0.37748306123994,TRUE,"growth_slope_20",-2.4,-2.02251693876006,0.372981341631528,-2.73395368343003,-2.03477826442979,-1.26015401594601,TRUE,1.0120695571224,1.47379966748403
45,98,5,50,"biased","full",NA,FALSE,0.318578378966609,TRUE,"log_growth_sd",1.50407739677627,1.82265577574288,0.147253061869824,1.52655888560507,1.826037346144,2.09861437972316,FALSE,2.16347541383039,0.572055494118092
45,98,5,50,"biased","full",NA,FALSE,0.471276924913009,TRUE,"log_recruitment_at_80",-1.69314718055995,-1.22187025564694,0.116969417179554,-1.44870821631398,-1.22408373486612,-0.987980280974681,FALSE,4.02906106807024,0.460727935339302
45,98,5,50,"biased","full",NA,FALSE,-0.541244597574714,TRUE,"recruitment_slope_20",1.5,0.958755402425286,0.0982403326692804,0.762349536260797,0.959583299211125,1.1544217559813,FALSE,-5.50939296385303,0.392072219720503
45,98,5,50,"biased","full",NA,FALSE,0.517786246123798,TRUE,"recruit_mean_80",44.6,45.1177862461238,0.599452747932123,43.9689548939893,45.1140638003622,46.3172723361474,TRUE,0.863764905424085,2.34831744215815
45,98,5,50,"biased","full",NA,FALSE,-0.158317392555166,TRUE,"recruit_mean_slope_20",0.4,0.241682607444834,0.452263875274511,-0.656784636439953,0.246728160378119,1.1556934329078,TRUE,-0.350055357525673,1.81247806934776
45,98,5,50,"biased","full",NA,FALSE,-0.0133149537564543,TRUE,"log_recruit_sd",1.25276296849537,1.23944801473891,0.0687500241904105,1.09990838240894,1.23759301561728,1.37306017143091,TRUE,-0.19367198649381,0.273151789021968
45,98,5,50,"biased","full",NA,FALSE,NA,TRUE,"log_process_precision",NA,5.17185573911474,1.29221445413067,2.65061540818445,5.18863832873227,7.57933449630552,NA,NA,4.92871908812107
46,122,6,50,"biased","full",NA,FALSE,0.00202431693263466,TRUE,"survival_at_80",0.36,0.362024316932635,0.103694797238229,0.157628293874359,0.360700305823292,0.560802015818535,TRUE,0.0195218756056196,0.403173721944176
46,122,6,50,"biased","full",NA,FALSE,-0.0771553499766712,TRUE,"survival_slope_20",0.64,0.562844650023329,0.0787565296308179,0.41936813033093,0.561908269154677,0.712297184056884,TRUE,-0.979669245691088,0.292929053725954
46,122,6,50,"biased","full",NA,FALSE,0.530092528660633,TRUE,"growth_increment_80",8.4,8.93009252866063,0.952294247754657,7.12239984403652,8.90535452568456,10.9334116825806,TRUE,0.55664783223305,3.81101183854409
46,122,6,50,"biased","full",NA,FALSE,0.589758818077643,TRUE,"growth_slope_20",-2.4,-1.81024118192236,0.423145675660417,-2.65882483751456,-1.80768980875786,-0.994466703006607,TRUE,1.39374889547716,1.66435813450795
46,122,6,50,"biased","full",NA,FALSE,0.310362384619932,TRUE,"log_growth_sd",1.50407739677627,1.81443978139621,0.190556159225771,1.44072262373569,1.81587504806633,2.19106671728382,TRUE,1.62871872460556,0.750344093548123
46,122,6,50,"biased","full",NA,FALSE,0.44765688298667,TRUE,"log_recruitment_at_80",-1.69314718055995,-1.24549029757328,0.144624382456376,-1.53185000539223,-1.2400186464276,-0.971416274052194,FALSE,3.095307135515,0.560433731340037
46,122,6,50,"biased","full",NA,FALSE,-0.267043204337768,TRUE,"recruitment_slope_20",1.5,1.23295679566223,0.101032957577516,1.03850519522301,1.22918679069884,1.42672694861449,FALSE,-2.64312963552397,0.38822175339148
46,122,6,50,"biased","full",NA,FALSE,-0.830279617053826,TRUE,"recruit_mean_80",44.6,43.7697203829462,0.660797538375324,42.4590101722688,43.7679944914798,45.0712882106399,TRUE,-1.25648109872685,2.61227803837107
46,122,6,50,"biased","full",NA,FALSE,0.358684228902767,TRUE,"recruit_mean_slope_20",0.4,0.758684228902767,0.383189734134323,0.0230106447656902,0.761771259141769,1.50711426514861,TRUE,0.936048638445606,1.48410362038292
46,122,6,50,"biased","full",NA,FALSE,-0.0946665352644811,TRUE,"log_recruit_sd",1.25276296849537,1.15809643323089,0.0720395842884881,1.01777941949473,1.15571291544501,1.30043073309354,TRUE,-1.31409052674959,0.282651313598807
46,122,6,50,"biased","full",NA,FALSE,NA,TRUE,"log_process_precision",NA,4.63879659553687,1.12502289706248,2.4036205443448,4.68339584523088,6.81932793190288,NA,NA,4.41570738755807
47,146,7,50,"biased","full",NA,FALSE,0.207808535479923,TRUE,"survival_at_80",0.36,0.567808535479922,0.137060574664718,0.30620035811022,0.568879945045979,0.843020227203514,TRUE,1.51618024357676,0.536819869093293
47,146,7,50,"biased","full",NA,FALSE,0.172969189254922,TRUE,"survival_slope_20",0.64,0.812969189254922,0.0965030915971076,0.623545838940538,0.816687108545538,1.00809851979767,TRUE,1.79236940902426,0.384552680857133
47,146,7,50,"biased","full",NA,FALSE,-0.37673178639271,TRUE,"growth_increment_80",8.4,8.02326821360729,1.09961573019032,5.97501478779728,8.00447258175488,10.1834876388292,TRUE,-0.342603125846068,4.20847285103195
47,146,7,50,"biased","full",NA,FALSE,0.308037238856363,TRUE,"growth_slope_20",-2.4,-2.09196276114364,0.495423286828182,-3.06401809277722,-2.09186341051188,-1.13656726102189,TRUE,0.621765764844223,1.92745083175533
47,146,7,50,"biased","full",NA,FALSE,0.38582491078657,TRUE,"log_growth_sd",1.50407739677627,1.88990230756284,0.140100097630339,1.63011193268885,1.89027017750482,2.17265810480414,FALSE,2.75392321142123,0.542546172115287
47,146,7,50,"biased","full",NA,FALSE,1.0879801021891,TRUE,"log_recruitment_at_80",-1.69314718055995,-0.605167078370843,0.099029572327124,-0.795791865812976,-0.608121599115,-0.408202445632239,FALSE,10.9864162453937,0.387589420180738
47,146,7,50,"biased","full",NA,FALSE,-0.850506218345685,TRUE,"recruitment_slope_20",1.5,0.649493781654315,0.12677420312714,0.409235427813658,0.653909045516181,0.874753571195049,FALSE,-6.70882716961529,0.465518143381391
47,146,7,50,"biased","full",NA,FALSE,0.912126760959246,TRUE,"recruit_mean_80",44.6,45.5121267609592,0.527548884965221,44.4948021162596,45.5171179558844,46.6031473690352,TRUE,1.72899002718844,2.10834525277559
47,146,7,50,"biased","full",NA,FALSE,-0.172327534361563,TRUE,"recruit_mean_slope_20",0.4,0.227672465638437,0.696347466495518,-1.15139106692984,0.204754516929604,1.5224776030867,TRUE,-0.24747348508185,2.67386867001654
47,146,7,50,"biased","full",NA,FALSE,0.0541280745248449,TRUE,"log_recruit_sd",1.25276296849537,1.30689104302021,0.0703431596762102,1.17531824847768,1.30616994169383,1.45056331505838,TRUE,0.769485970974244,0.275245066580698
47,146,7,50,"biased","full",NA,FALSE,NA,TRUE,"log_process_precision",NA,2.81695308548161,0.397697575419028,2.05452803867174,2.8007452623225,3.61088010500193,NA,NA,1.55635206633019
48,170,8,50,"biased","full",NA,FALSE,-0.0138800371643407,TRUE,"survival_at_80",0.36,0.346119962835659,0.10582777104855,0.13316362359863,0.34861908993685,0.547728808140779,TRUE,-0.131156850671768,0.414565184542148
48,170,8,50,"biased","full",NA,FALSE,-0.00205637045143459,TRUE,"survival_slope_20",0.64,0.637943629548565,0.0778239707332677,0.489073670423914,0.638040512247529,0.784456790161157,TRUE,-0.0264233555813099,0.295383119737243
48,170,8,50,"biased","full",NA,FALSE,-0.491593167430697,TRUE,"growth_increment_80",8.4,7.9084068325693,0.910987514042774,6.2117708273381,7.8660449627454,9.63989318528806,TRUE,-0.539626679677648,3.42812235794997
48,170,8,50,"biased","full",NA,FALSE,-0.184180679711186,TRUE,"growth_slope_20",-2.4,-2.58418067971119,0.341290628811249,-3.28461534525803,-2.58694066116764,-1.92406346433905,TRUE,-0.539659352361086,1.36055188091899
48,170,8,50,"biased","full",NA,FALSE,0.154962603913079,TRUE,"log_growth_sd",1.50407739677627,1.65904000068935,0.160525314479644,1.35353360077925,1.65574255414033,1.97004902963118,TRUE,0.965346832774655,0.616515428851927
48,170,8,50,"biased","full",NA,FALSE,-0.10983935569536,TRUE,"log_recruitment_at_80",-1.69314718055995,-1.80298653625531,0.267451082995402,-2.32460673617286,-1.80368403953318,-1.29283498969627,TRUE,-0.410689515500104,1.03177174647658
48,170,8,50,"biased","full",NA,FALSE,0.161209662207949,TRUE,"recruitment_slope_20",1.5,1.66120966220795,0.155000611144094,1.35435601871184,1.66133957890613,1.9552429598343,TRUE,1.04005823601613,0.600886941122461
48,170,8,50,"biased","full",NA,FALSE,0.0937455647300567,TRUE,"recruit_mean_80",44.6,44.6937455647301,1.52504492186297,41.6273616002718,44.7247748706343,47.6366387828738,TRUE,0.0614706907226958,6.009277182602
48,170,8,50,"biased","full",NA,FALSE,-0.0342790844752515,TRUE,"recruit_mean_slope_20",0.4,0.365720915524749,0.781085658399251,-1.15941109565364,0.37350639426535,1.93677011092533,TRUE,-0.0438864599633064,3.09618120657897
48,170,8,50,"biased","full",NA,FALSE,-0.00589650938718611,TRUE,"log_recruit_sd",1.25276296849537,1.24686645910818,0.0605043169484869,1.1315745618859,1.24719717053406,1.36563626927191,TRUE,-0.0974560111505162,0.234061707386012
48,170,8,50,"biased","full",NA,FALSE,NA,TRUE,"log_process_precision",NA,3.02724413203804,0.417885060871872,2.22290798720704,3.03636581269039,3.81854342800164,NA,NA,1.5956354407946
49,194,9,50,"biased","full",NA,FALSE,0.0591945504176017,TRUE,"survival_at_80",0.36,0.419194550417602,0.102012859426199,0.225727833246334,0.423116011082628,0.618069987177789,TRUE,0.580265573875282,0.392342153931455
49,194,9,50,"biased","full",NA,FALSE,-0.0325958555126299,TRUE,"survival_slope_20",0.64,0.60740414448737,0.0648029351390343,0.475271552347163,0.608120930786003,0.73719890256258,TRUE,-0.50299967806544,0.261927350215416
49,194,9,50,"biased","full",NA,FALSE,-1.06808099589923,TRUE,"growth_increment_80",8.4,7.33191900410077,0.833171315706522,5.66372545472588,7.31985585120294,9.02171268004871,TRUE,-1.28194643258152,3.35798722532283
49,194,9,50,"biased","full",NA,FALSE,-0.0203188026966825,TRUE,"growth_slope_20",-2.4,-2.42031880269668,0.362060413733045,-3.15562509079383,-2.41484946514113,-1.72203485317417,TRUE,-0.0561199234326236,1.43359023761967
49,194,9,50,"biased","full",NA,FALSE,0.213045466146793,TRUE,"log_growth_sd",1.50407739677627,1.71712286292307,0.128972956526078,1.44996572729212,1.71662388862957,1.9729507968862,TRUE,1.6518615365983,0.522985069594075
49,194,9,50,"biased","full",NA,FALSE,0.158044589339656,TRUE,"log_recruitment_at_80",-1.69314718055995,-1.53510259122029,0.203256864728403,-1.93973163987898,-1.53775208283178,-1.14328996987279,TRUE,0.777560893457837,0.796441670006197
49,194,9,50,"biased","full",NA,FALSE,-0.00710695905854242,TRUE,"recruitment_slope_20",1.5,1.49289304094146,0.131721472376428,1.24922724267179,1.48936357580301,1.76333963042422,TRUE,-0.0539544459253572,0.514112387752435
49,194,9,50,"biased","full",NA,FALSE,-0.370601193326571,TRUE,"recruit_mean_80",44.6,44.2293988066734,1.0284504847087,42.1179251102136,44.2420998289973,46.1923143172841,TRUE,-0.360349087133292,4.0743892070705
49,194,9,50,"biased","full",NA,FALSE,0.234807544756917,TRUE,"recruit_mean_slope_20",0.4,0.634807544756917,0.56895267309639,-0.473993636338884,0.623702472487396,1.81769004549726,TRUE,0.412701364911483,2.29168368183615
49,194,9,50,"biased","full",NA,FALSE,0.0200963699565215,TRUE,"log_recruit_sd",1.25276296849537,1.27285933845189,0.0593998708903798,1.16459609552811,1.27056752479542,1.38394535073835,TRUE,0.338323461908,0.219349255210239
49,194,9,50,"biased","full",NA,FALSE,NA,TRUE,"log_process_precision",NA,5.48271380322758,1.15041522874044,3.2525724888827,5.47966769077423,7.7908938155154,NA,NA,4.5383213266327
50,218,10,50,"biased","full",NA,FALSE,0.04231286471555,TRUE,"survival_at_80",0.36,0.40231286471555,0.10574796067284,0.193223851093524,0.401116830901067,0.607661269212817,TRUE,0.400129368418329,0.414437418119293
50,218,10,50,"biased","full",NA,FALSE,0.0330763675837523,TRUE,"survival_slope_20",0.64,0.673076367583752,0.0809689037568055,0.518437952495423,0.671979810150447,0.840903339433078,TRUE,0.408507044668642,0.322465386937655
50,218,10,50,"biased","full",NA,FALSE,0.0779488603840175,TRUE,"growth_increment_80",8.4,8.47794886038402,1.0322157554423,6.41153793468809,8.47088953882848,10.4985378820896,TRUE,0.0755160536671104,4.08699994740156
50,218,10,50,"biased","full",NA,FALSE,-0.0381868249968971,TRUE,"growth_slope_20",-2.4,-2.4381868249969,0.415574553313126,-3.24153255644513,-2.44554018890649,-1.64875842037246,TRUE,-0.0918892282803566,1.59277413607267
50,218,10,50,"biased","full",NA,FALSE,0.242751693006426,TRUE,"log_growth_sd",1.50407739677627,1.7468290897827,0.159103734801794,1.43184105733201,1.74574740606893,2.07984690279178,TRUE,1.52574478096846,0.64800584545977
50,218,10,50,"biased","full",NA,FALSE,0.598821234484321,TRUE,"log_recruitment_at_80",-1.69314718055995,-1.09432594607562,0.173431357556979,-1.42226084052571,-1.09521558441471,-0.758518369339791,FALSE,3.45278525705816,0.663742471185915
50,218,10,50,"biased","full",NA,FALSE,-0.514249659964532,TRUE,"recruitment_slope_20",1.5,0.985750340035468,0.142447074362705,0.698933455426186,0.988261453934822,1.2574961495704,FALSE,-3.61011036741355,0.558562694144211
50,218,10,50,"biased","full",NA,FALSE,1.20478887847246,TRUE,"recruit_mean_80",44.6,45.8047888784725,0.822080758569743,44.2057202181213,45.794441781685,47.3743338770068,TRUE,1.46553591713855,3.16861365888553
50,218,10,50,"biased","full",NA,FALSE,-0.860705640819509,TRUE,"recruit_mean_slope_20",0.4,-0.460705640819509,0.617151724603305,-1.68486635474238,-0.442954333081186,0.738539834132916,TRUE,-1.39464187898487,2.4234061888753
50,218,10,50,"biased","full",NA,FALSE,-0.0247072301272837,TRUE,"log_recruit_sd",1.25276296849537,1.22805573836808,0.0719823035713938,1.08577342389643,1.22812471833,1.374005073785,TRUE,-0.343240336880557,0.288231649888569
50,218,10,50,"biased","full",NA,FALSE,NA,TRUE,"log_process_precision",NA,2.59959996886031,0.348084396790473,1.9204122393788,2.58668495976333,3.28114389043099,NA,NA,1.36073165105219
51,2,1,200,"biased","full",NA,FALSE,-0.0536774480905552,TRUE,"survival_at_80",0.36,0.306322551909445,0.103370354440178,0.121459122158272,0.303289117969222,0.509708827135344,TRUE,-0.519273135719189,0.388249704977072
51,2,1,200,"biased","full",NA,FALSE,0.0768849154941081,TRUE,"survival_slope_20",0.64,0.716884915494108,0.0751748218573451,0.570449781858381,0.717230095959403,0.86726611190729,TRUE,1.02274822333478,0.296816330048909
51,2,1,200,"biased","full",NA,FALSE,0.87606326714732,TRUE,"growth_increment_80",8.4,9.27606326714732,0.779923281008882,7.70448410370845,9.27491588354599,10.7365152460187,TRUE,1.12326851689063,3.0320311423103
51,2,1,200,"biased","full",NA,FALSE,-0.74476177204841,TRUE,"growth_slope_20",-2.4,-3.14476177204841,0.317586132244619,-3.77522099776168,-3.15142289944164,-2.50600111828538,FALSE,-2.34507019177639,1.2692198794763
51,2,1,200,"biased","full",NA,FALSE,-0.147409451849291,TRUE,"log_growth_sd",1.50407739677627,1.35666794492698,0.183050700654849,0.988717963343284,1.36007219384497,1.69629994425002,TRUE,-0.805293021670746,0.707581980906732
51,2,1,200,"biased","full",NA,FALSE,0.450418468384063,TRUE,"log_recruitment_at_80",-1.69314718055995,-1.24272871217588,0.152174501086572,-1.52159236953177,-1.24171476734165,-0.935687987138386,FALSE,2.95988135441837,0.585904382393386
51,2,1,200,"biased","full",NA,FALSE,-0.235284791346656,TRUE,"recruitment_slope_20",1.5,1.26471520865334,0.107654727705827,1.04875046565645,1.26027861468794,1.48136020325832,FALSE,-2.18555001123207,0.432609737601865
51,2,1,200,"biased","full",NA,FALSE,0.509468551213871,TRUE,"recruit_mean_80",44.6,45.1094685512139,1.55687742472897,41.8664313692005,45.1363533372018,48.2035486485969,TRUE,0.327237419671983,6.33711727939643
51,2,1,200,"biased","full",NA,FALSE,0.035416313406878,TRUE,"recruit_mean_slope_20",0.4,0.435416313406878,0.886597286151627,-1.35099362399777,0.429066584359844,2.2793948592067,TRUE,0.0399463363581976,3.63038848320448
51,2,1,200,"biased","full",NA,FALSE,0.0487621091168171,TRUE,"log_recruit_sd",1.25276296849537,1.30152507761219,0.0841414297686192,1.13318046819516,1.29862450296685,1.45862967273573,TRUE,0.57952555894175,0.325449204540571
51,2,1,200,"biased","full",NA,FALSE,NA,TRUE,"log_process_precision",NA,1.83906069942493,0.204621156419555,1.42822640663146,1.8362272620011,2.24678703393788,NA,NA,0.818560627306427
52,26,2,200,"biased","full",NA,FALSE,0.108891603383526,TRUE,"survival_at_80",0.36,0.468891603383526,0.0925439204372961,0.278664634673547,0.467847347887483,0.651775642406186,TRUE,1.17664783239118,0.373111007732639
52,26,2,200,"biased","full",NA,FALSE,0.00413580906913336,TRUE,"survival_slope_20",0.64,0.644135809069133,0.0671575250856966,0.51584544301189,0.643860083692078,0.77514747387543,TRUE,0.0615837028517034,0.259302030863541
52,26,2,200,"biased","full",NA,FALSE,-0.538992662347596,TRUE,"growth_increment_80",8.4,7.8610073376524,0.714986290196013,6.41955899752122,7.86464375468752,9.18619346700492,TRUE,-0.75385034613717,2.7666344694837
52,26,2,200,"biased","full",NA,FALSE,0.337081943173386,TRUE,"growth_slope_20",-2.4,-2.06291805682661,0.291706074272087,-2.64336708612051,-2.06573463568576,-1.51259894538036,TRUE,1.15555339056455,1.13076814074015
52,26,2,200,"biased","full",NA,FALSE,0.0660752657956813,TRUE,"log_growth_sd",1.50407739677627,1.57015266257196,0.146779580190389,1.28532704220275,1.56548974303119,1.86284133644749,TRUE,0.450166608393174,0.577514294244744
52,26,2,200,"biased","full",NA,FALSE,0.660190416786318,TRUE,"log_recruitment_at_80",-1.69314718055995,-1.03295676377363,0.0979229465814938,-1.23265069210616,-1.0295429927297,-0.84410257695894,FALSE,6.74193781778096,0.388548115147224
52,26,2,200,"biased","full",NA,FALSE,-0.431871430923128,TRUE,"recruitment_slope_20",1.5,1.06812856907687,0.0794368240382902,0.918382015395332,1.06765325981864,1.22793984962819,FALSE,-5.43666537719279,0.309557834232856
52,26,2,200,"biased","full",NA,FALSE,1.14395618778334,TRUE,"recruit_mean_80",44.6,45.7439561877833,1.0225936464255,43.8152628796795,45.7893825581187,47.7000875370248,TRUE,1.11868110249078,3.88482465734536
52,26,2,200,"biased","full",NA,FALSE,-0.822208164450662,TRUE,"recruit_mean_slope_20",0.4,-0.422208164450662,0.725326915531973,-1.83943547312968,-0.417938226992581,0.894249188254523,TRUE,-1.1335690801542,2.7336846613842
52,26,2,200,"biased","full",NA,FALSE,-0.0271639022135979,TRUE,"log_recruit_sd",1.25276296849537,1.22559906628177,0.0726664446583625,1.07978651491947,1.22646416147232,1.36461574210304,TRUE,-0.373816310145729,0.284829227183569
52,26,2,200,"biased","full",NA,FALSE,NA,TRUE,"log_process_precision",NA,5.6298113592913,1.19069409669216,3.29777380098048,5.64155922461906,7.96263588890235,NA,NA,4.66486208792187
53,50,3,200,"biased","full",NA,FALSE,0.201867462431556,TRUE,"survival_at_80",0.36,0.561867462431556,0.121938309522414,0.327731420102818,0.56364128930966,0.80269728180363,TRUE,1.65548844511782,0.474965861700813
53,50,3,200,"biased","full",NA,FALSE,0.0237108844410702,TRUE,"survival_slope_20",0.64,0.66371088444107,0.0872559692399211,0.485694050337661,0.666842911387761,0.82075320577632,TRUE,0.27173939671536,0.33505915543866
53,50,3,200,"biased","full",NA,FALSE,-0.77651748887163,TRUE,"growth_increment_80",8.4,7.62348251112837,1.01187540639647,5.6372413679218,7.61538017476599,9.56267888611699,TRUE,-0.767404251514516,3.9254375181952
53,50,3,200,"biased","full",NA,FALSE,0.975844053341702,TRUE,"growth_slope_20",-2.4,-1.4241559466583,0.457890389898122,-2.32556508641615,-1.43791411701311,-0.487718993490677,FALSE,2.13117391164034,1.83784609292548
53,50,3,200,"biased","full",NA,FALSE,0.298913748997724,TRUE,"log_growth_sd",1.50407739677627,1.802991145774,0.152462918844308,1.51454030697427,1.80208564306446,2.10587092701849,FALSE,1.96056687923552,0.59133062004422
53,50,3,200,"biased","full",NA,FALSE,0.414712412746259,TRUE,"log_recruitment_at_80",-1.69314718055995,-1.27843476781369,0.152711631115694,-1.57702074057914,-1.27245259952435,-0.97990870294639,FALSE,2.71565701784741,0.597112037632746
53,50,3,200,"biased","full",NA,FALSE,-0.257735876548241,TRUE,"recruitment_slope_20",1.5,1.24226412345176,0.111172735992928,1.01911672100592,1.24156529561562,1.46849270507536,FALSE,-2.31833708369501,0.449375984069436
53,50,3,200,"biased","full",NA,FALSE,-0.980416596889,TRUE,"recruit_mean_80",44.6,43.619583403111,0.74865996982085,42.1258656127234,43.6393543895696,45.0398732273927,TRUE,-1.30956193253341,2.91400761466929
53,50,3,200,"biased","full",NA,FALSE,0.836027156601965,TRUE,"recruit_mean_slope_20",0.4,1.23602715660197,0.410588137008705,0.436142296559706,1.23551300668543,2.00725398881377,FALSE,2.03616977999596,1.57111169225406
53,50,3,200,"biased","full",NA,FALSE,-0.0470785669690916,TRUE,"log_recruit_sd",1.25276296849537,1.20568440152628,0.101557638759307,1.01782871743983,1.20466025999471,1.41473060969885,TRUE,-0.46356500155216,0.396901892259018
53,50,3,200,"biased","full",NA,FALSE,NA,TRUE,"log_process_precision",NA,4.80194328219695,1.26728441631757,2.39540084447566,4.76542631847171,7.33723463673295,NA,NA,4.94183379225729
54,74,4,200,"biased","full",NA,FALSE,-0.0822975320519707,TRUE,"survival_at_80",0.36,0.277702467948029,0.0738913574360291,0.128325327123055,0.276143991494803,0.425546448139528,TRUE,-1.11376397602682,0.297221121016473
54,74,4,200,"biased","full",NA,FALSE,-0.0539229622865787,TRUE,"survival_slope_20",0.64,0.586077037713421,0.0653249876408126,0.453943184842081,0.587789842949859,0.717003543847527,TRUE,-0.825456907593652,0.263060359005446
54,74,4,200,"biased","full",NA,FALSE,1.27612936254732,TRUE,"growth_increment_80",8.4,9.67612936254733,0.705275500399104,8.26456731443963,9.68857296526121,11.0548070356683,TRUE,1.80940549023067,2.79023972122864
54,74,4,200,"biased","full",NA,FALSE,0.00438671499449494,TRUE,"growth_slope_20",-2.4,-2.3956132850055,0.284384869301991,-2.9735974875526,-2.39820496374007,-1.83690212552086,TRUE,0.0154252756317941,1.13669536203174
54,74,4,200,"biased","full",NA,FALSE,0.0966695542996259,TRUE,"log_growth_sd",1.50407739677627,1.6007469510759,0.157629155697163,1.28124494158306,1.60579858422287,1.90726291386419,TRUE,0.613272042675577,0.626017972281124
54,74,4,200,"biased","full",NA,FALSE,0.343138434596989,TRUE,"log_recruitment_at_80",-1.69314718055995,-1.35000874596296,0.113995260760399,-1.5775433763257,-1.34720873479862,-1.12033457973636,FALSE,3.01011140558041,0.457208796589336
54,74,4,200,"biased","full",NA,FALSE,-0.283562851924529,TRUE,"recruitment_slope_20",1.5,1.21643714807547,0.0931943549313437,1.0410163691701,1.2156641296991,1.39457937235743,FALSE,-3.04270416521934,0.353563003187328
54,74,4,200,"biased","full",NA,FALSE,0.50548660659689,TRUE,"recruit_mean_80",44.6,45.1054866065969,0.682813439970255,43.8369945843024,45.112885673493,46.5184569635544,TRUE,0.740299731972045,2.68146237925202
54,74,4,200,"biased","full",NA,FALSE,-0.507338473137375,TRUE,"recruit_mean_slope_20",0.4,-0.107338473137375,0.439388519705641,-0.955876768243671,-0.102600473303969,0.725023311218335,TRUE,-1.15464662908638,1.68090007946201
54,74,4,200,"biased","full",NA,FALSE,-0.060731200983829,TRUE,"log_recruit_sd",1.25276296849537,1.19203176751154,0.0561934642122447,1.08496975150328,1.19160441015827,1.30211594825358,TRUE,-1.08075203825208,0.217146196750298
54,74,4,200,"biased","full",NA,FALSE,NA,TRUE,"log_process_precision",NA,3.99354490245089,0.858145605744192,2.31626236131469,3.9890287783492,5.7403713370614,NA,NA,3.4241089757467
55,98,5,200,"biased","full",NA,FALSE,0.020317549752009,TRUE,"survival_at_80",0.36,0.380317549752009,0.092101807280117,0.20083032211326,0.382384835834954,0.555793862285232,TRUE,0.220598817243787,0.354963540171972
55,98,5,200,"biased","full",NA,FALSE,-0.123639834721136,TRUE,"survival_slope_20",0.64,0.516360165278864,0.0867868796993285,0.348052297320539,0.514954192184058,0.685671299379782,TRUE,-1.4246374008316,0.337619002059243
55,98,5,200,"biased","full",NA,FALSE,1.27013570387256,TRUE,"growth_increment_80",8.4,9.67013570387256,0.919311617370547,7.94451194327494,9.65271679016832,11.5835322955021,TRUE,1.38161606997359,3.63902035222717
55,98,5,200,"biased","full",NA,FALSE,0.261947266831488,TRUE,"growth_slope_20",-2.4,-2.13805273316851,0.359851410512739,-2.83187860782581,-2.13876666941971,-1.45210776370631,TRUE,0.727931749546984,1.3797708441195
55,98,5,200,"biased","full",NA,FALSE,0.317637255256519,TRUE,"log_growth_sd",1.50407739677627,1.82171465203279,0.14509950649545,1.55215918163037,1.81906215606882,2.10756039471413,FALSE,2.1890994871611,0.555401213083763
55,98,5,200,"biased","full",NA,FALSE,0.484581065625283,TRUE,"log_recruitment_at_80",-1.69314718055995,-1.20856611493466,0.0989138883952055,-1.3915843605748,-1.2103521545515,-1.01222346896496,FALSE,4.89901947529515,0.379360891609831
55,98,5,200,"biased","full",NA,FALSE,-0.525333670458632,TRUE,"recruitment_slope_20",1.5,0.974666329541368,0.0846166912487904,0.809316209282086,0.975125036103602,1.13440152414279,FALSE,-6.20839296249534,0.325085314860705
55,98,5,200,"biased","full",NA,FALSE,0.57057219043552,TRUE,"recruit_mean_80",44.6,45.1705721904355,0.603129338249478,44.0136348466423,45.1637911358824,46.3406249080105,TRUE,0.94601962506342,2.32699006136825
55,98,5,200,"biased","full",NA,FALSE,-0.168670596643298,TRUE,"recruit_mean_slope_20",0.4,0.231329403356702,0.451690191122282,-0.650415247060907,0.239775140188889,1.12254641092075,TRUE,-0.373420986238851,1.77296165798166
55,98,5,200,"biased","full",NA,FALSE,-0.00753518802946318,TRUE,"log_recruit_sd",1.25276296849537,1.2452277804659,0.0717186578334188,1.10783160269027,1.24374172812311,1.37811741689193,TRUE,-0.105065937610896,0.270285814201664
55,98,5,200,"biased","full",NA,FALSE,NA,TRUE,"log_process_precision",NA,5.09806646157922,1.25854162892063,2.77276003185905,5.11138617559067,7.60468306428769,NA,NA,4.83192303242865
56,122,6,200,"biased","full",NA,FALSE,-0.0112204160252563,TRUE,"survival_at_80",0.36,0.348779583974744,0.101018837554814,0.154144301506529,0.346107646812689,0.548962034474572,TRUE,-0.111072511789378,0.394817732968042
56,122,6,200,"biased","full",NA,FALSE,-0.0770414468083811,TRUE,"survival_slope_20",0.64,0.562958553191619,0.0763782541340328,0.407210488319957,0.562829236917505,0.720941389968424,TRUE,-1.00868300384537,0.313730901648467
56,122,6,200,"biased","full",NA,FALSE,0.51283188499881,TRUE,"growth_increment_80",8.4,8.91283188499881,0.924627575237022,7.05574364170838,8.92691385565592,10.6766444822486,TRUE,0.55463615701419,3.62090084054021
56,122,6,200,"biased","full",NA,FALSE,0.498873730705107,TRUE,"growth_slope_20",-2.4,-1.90112626929489,0.392261088806351,-2.67629461017097,-1.91668068004524,-1.10227713188068,TRUE,1.27179000145841,1.57401747829029
56,122,6,200,"biased","full",NA,FALSE,0.307238236712438,TRUE,"log_growth_sd",1.50407739677627,1.81131563348871,0.180825519985955,1.46205751137752,1.80967778896541,2.16218219051999,TRUE,1.69908670378109,0.700124679142474
56,122,6,200,"biased","full",NA,FALSE,0.435348392330252,TRUE,"log_recruitment_at_80",-1.69314718055995,-1.25779878822969,0.112940175016056,-1.47545875998551,-1.25619633962076,-1.03791369425225,FALSE,3.85468140339221,0.437545065733265
56,122,6,200,"biased","full",NA,FALSE,-0.239623773228262,TRUE,"recruitment_slope_20",1.5,1.26037622677174,0.0862573266435889,1.09195944811989,1.25836071985727,1.42755159772331,FALSE,-2.77801066358543,0.335592149603424
56,122,6,200,"biased","full",NA,FALSE,-0.794651594229329,TRUE,"recruit_mean_80",44.6,43.8053484057707,0.652782727110449,42.494239917351,43.8016466027672,45.0851732493757,TRUE,-1.21732938269807,2.59093333202469
56,122,6,200,"biased","full",NA,FALSE,0.338633217683981,TRUE,"recruit_mean_slope_20",0.4,0.738633217683981,0.375276394988388,-0.0100209236561429,0.746843278858921,1.42560831096344,TRUE,0.902356828743411,1.43562923461958
56,122,6,200,"biased","full",NA,FALSE,-0.0877385002670672,TRUE,"log_recruit_sd",1.25276296849537,1.1650244682283,0.0695111679503415,1.02239511005258,1.16522908541911,1.30304201432366,TRUE,-1.26222163796395,0.280646904271083
56,122,6,200,"biased","full",NA,FALSE,NA,TRUE,"log_process_precision",NA,4.56419332975234,1.04894863824636,2.47177212356157,4.55731115493164,6.64714962616368,NA,NA,4.17537750260211
57,146,7,200,"biased","full",NA,FALSE,0.244918648972035,TRUE,"survival_at_80",0.36,0.604918648972035,0.141820127848967,0.33706892046723,0.602457056614166,0.875451176691773,TRUE,1.72696677606203,0.538382256224543
57,146,7,200,"biased","full",NA,FALSE,0.13412513848016,TRUE,"survival_slope_20",0.64,0.77412513848016,0.0956023180070841,0.586464317220494,0.771672386469249,0.962735411599161,TRUE,1.40294860288033,0.376271094378667
57,146,7,200,"biased","full",NA,FALSE,-0.500843268256973,TRUE,"growth_increment_80",8.4,7.89915673174303,1.15450652647772,5.72298879347762,7.85279798043384,10.0502120414275,TRUE,-0.433815883037919,4.3272232479499
57,146,7,200,"biased","full",NA,FALSE,0.4315966905154,TRUE,"growth_slope_20",-2.4,-1.9684033094846,0.521250250761094,-2.95679807309665,-1.98474083381511,-0.881181767390663,TRUE,0.828002844862351,2.07561630570599
57,146,7,200,"biased","full",NA,FALSE,0.412847849770064,TRUE,"log_growth_sd",1.50407739677627,1.91692524654634,0.14540809970297,1.63002432271876,1.91837869927502,2.18401414352118,FALSE,2.83923557637712,0.553989820802426
57,146,7,200,"biased","full",NA,FALSE,0.824582000595922,TRUE,"log_recruitment_at_80",-1.69314718055995,-0.868565179964024,0.130375472025353,-1.11619487345041,-0.868554640822437,-0.627311392180404,FALSE,6.32467125745534,0.488883481270005
57,146,7,200,"biased","full",NA,FALSE,-0.6192004924388,TRUE,"recruitment_slope_20",1.5,0.8807995075612,0.115355237548665,0.650489090611286,0.884618017290533,1.09940690428094,FALSE,-5.36777094475297,0.448917813669651
57,146,7,200,"biased","full",NA,FALSE,0.624181389102937,TRUE,"recruit_mean_80",44.6,45.2241813891029,0.678051502617289,43.8970780755467,45.2362892553411,46.5145167887381,TRUE,0.920551590393336,2.61743871319131
57,146,7,200,"biased","full",NA,FALSE,-0.0800841064279335,TRUE,"recruit_mean_slope_20",0.4,0.319915893572067,0.548273576896012,-0.7495125223406,0.316893155282369,1.37299830570696,TRUE,-0.146065960138587,2.12251082804756
57,146,7,200,"biased","full",NA,FALSE,0.0430177069272093,TRUE,"log_recruit_sd",1.25276296849537,1.29578067542258,0.0738226596992625,1.14673311953136,1.29771994678248,1.43686603481305,TRUE,0.582716839280163,0.290132915281696
57,146,7,200,"biased","full",NA,FALSE,NA,TRUE,"log_process_precision",NA,2.67864385872032,0.390129257741882,1.93514805154571,2.68199662957308,3.45358992946595,NA,NA,1.51844187792024
58,170,8,200,"biased","full",NA,FALSE,0.0120303974260806,TRUE,"survival_at_80",0.36,0.37203039742608,0.0686556306852326,0.235915852792791,0.370106974789223,0.5091934022935,TRUE,0.175228124860388,0.273277549500709
58,170,8,200,"biased","full",NA,FALSE,0.0110829481411804,TRUE,"survival_slope_20",0.64,0.65108294814118,0.0641233873322736,0.524805524844977,0.651729962805443,0.772549672457389,TRUE,0.172837845944584,0.247744147612412
58,170,8,200,"biased","full",NA,FALSE,-0.302705357430344,TRUE,"growth_increment_80",8.4,8.09729464256966,0.172767400569413,7.75231631724629,8.09249331149464,8.41556025499393,TRUE,-1.75209765518655,0.663243937747644
58,170,8,200,"biased","full",NA,FALSE,-0.0920195387813876,TRUE,"growth_slope_20",-2.4,-2.49201953878139,0.0873587465545111,-2.6672447312833,-2.49246199367204,-2.32677290074786,TRUE,-1.05335232487531,0.340471830535443
58,170,8,200,"biased","full",NA,FALSE,0.175637791950742,TRUE,"log_growth_sd",1.50407739677627,1.67971518872702,0.149041177839153,1.38350296996625,1.67567017690896,1.98559705100512,TRUE,1.17845144876869,0.602094081038872
58,170,8,200,"biased","full",NA,FALSE,0.375279633473104,TRUE,"log_recruitment_at_80",-1.69314718055995,-1.31786754708684,0.135747851823961,-1.58710552906412,-1.31614903963427,-1.06225232943268,FALSE,2.76453460169498,0.524853199631432
58,170,8,200,"biased","full",NA,FALSE,-0.152630741350311,TRUE,"recruitment_slope_20",1.5,1.34736925864969,0.0972374849237939,1.1608154973226,1.34766050726593,1.53312390582913,TRUE,-1.56966977776039,0.372308408506528
58,170,8,200,"biased","full",NA,FALSE,0.191023710580723,TRUE,"recruit_mean_80",44.6,44.7910237105807,1.113085280155,42.5961497460781,44.8143676209766,46.9339764775873,TRUE,0.171616419681808,4.33782673150922
58,170,8,200,"biased","full",NA,FALSE,-0.0400648841740811,TRUE,"recruit_mean_slope_20",0.4,0.359935115825919,0.681721458178448,-0.965533093740211,0.366864586781505,1.70148641902988,TRUE,-0.0587701673365747,2.66701951277009
58,170,8,200,"biased","full",NA,FALSE,-0.00454243281317801,TRUE,"log_recruit_sd",1.25276296849537,1.24822053568219,0.0572238825393394,1.13306139196215,1.24964258667071,1.35241097355216,TRUE,-0.0793800177758866,0.219349581590006
58,170,8,200,"biased","full",NA,FALSE,NA,TRUE,"log_process_precision",NA,2.98837510175997,0.403256812508342,2.24192700007573,2.98054869472174,3.76237669805898,NA,NA,1.52044969798326
59,194,9,200,"biased","full",NA,FALSE,0.0398815998691825,TRUE,"survival_at_80",0.36,0.399881599869182,0.0976619703480964,0.206097885512278,0.399670985177947,0.591228939000496,TRUE,0.408363662201701,0.385131053488218
59,194,9,200,"biased","full",NA,FALSE,-0.0218594172956587,TRUE,"survival_slope_20",0.64,0.618140582704341,0.063132799517229,0.496070838327768,0.618330027973179,0.739662451496297,TRUE,-0.346245017848341,0.243591613168529
59,194,9,200,"biased","full",NA,FALSE,-0.879225121139206,TRUE,"growth_increment_80",8.4,7.52077487886079,0.825903968762831,6.0164114428091,7.48083827321551,9.15150086978448,TRUE,-1.06456095913457,3.13508942697538
59,194,9,200,"biased","full",NA,FALSE,-0.0676453881300367,TRUE,"growth_slope_20",-2.4,-2.46764538813004,0.371478284090085,-3.20963960350826,-2.46785900103072,-1.74321869595556,TRUE,-0.182097826514221,1.46642090755269
59,194,9,200,"biased","full",NA,FALSE,0.219456932067191,TRUE,"log_growth_sd",1.50407739677627,1.72353432884346,0.128201551617657,1.4662063512411,1.72373131625056,1.96194901388199,TRUE,1.71181182519296,0.495742662640887
59,194,9,200,"biased","full",NA,FALSE,0.420482438051668,TRUE,"log_recruitment_at_80",-1.69314718055995,-1.27266474250828,0.121364590562753,-1.50540639703237,-1.27260930848049,-1.03306617211138,FALSE,3.464622062349,0.472340224920991
59,194,9,200,"biased","full",NA,FALSE,-0.15765080349594,TRUE,"recruitment_slope_20",1.5,1.34234919650406,0.0902677010853982,1.16331086473162,1.34341206143596,1.51308651846277,TRUE,-1.74648076333298,0.349775653731145
59,194,9,200,"biased","full",NA,FALSE,-0.234525245540041,TRUE,"recruit_mean_80",44.6,44.36547475446,0.910269490915985,42.60429820929,44.3674139002827,46.1799014047607,TRUE,-0.257643750428286,3.57560319547075
59,194,9,200,"biased","full",NA,FALSE,0.229016284727214,TRUE,"recruit_mean_slope_20",0.4,0.629016284727214,0.545508381068983,-0.477614445143483,0.639041111149804,1.68882334701636,TRUE,0.419821752836192,2.16643779215984
59,194,9,200,"biased","full",NA,FALSE,0.0238122567619299,TRUE,"log_recruit_sd",1.25276296849537,1.2765752252573,0.0597906523271602,1.16194047580953,1.27646333428464,1.39507462793029,TRUE,0.398260527943982,0.233134152120757
59,194,9,200,"biased","full",NA,FALSE,NA,TRUE,"log_process_precision",NA,5.29830858507083,1.13302260847194,3.17561393087977,5.30079556775003,7.56130470718113,NA,NA,4.38569077630135
60,218,10,200,"biased","full",NA,FALSE,0.0158374125903729,TRUE,"survival_at_80",0.36,0.375837412590373,0.100220905632406,0.181440136965129,0.376624332282551,0.582449174877688,TRUE,0.158025039690441,0.40100903791256
60,218,10,200,"biased","full",NA,FALSE,0.0161451761486626,TRUE,"survival_slope_20",0.64,0.656145176148663,0.0801985292628226,0.493115420929646,0.655736647767643,0.815352660447691,TRUE,0.201315115090857,0.322237239518044
60,218,10,200,"biased","full",NA,FALSE,0.139016990185539,TRUE,"growth_increment_80",8.4,8.53901699018554,1.02334793214487,6.4761359668271,8.59859316668654,10.4830894141401,TRUE,0.135845283719066,4.00695344731303
60,218,10,200,"biased","full",NA,FALSE,-0.112887396466767,TRUE,"growth_slope_20",-2.4,-2.51288739646677,0.393558492554863,-3.28102648792111,-2.50873863243034,-1.77147804422196,TRUE,-0.286837658448013,1.50954844369915
60,218,10,200,"biased","full",NA,FALSE,0.243696659087735,TRUE,"log_growth_sd",1.50407739677627,1.74777405586401,0.159376691446341,1.43717019084017,1.74952169127021,2.04478395804314,TRUE,1.52906084871126,0.607613767202972
60,218,10,200,"biased","full",NA,FALSE,0.457871729189253,TRUE,"log_recruitment_at_80",-1.69314718055995,-1.23527545137069,0.128600111949915,-1.48066653140365,-1.2305878182016,-0.968606586107188,FALSE,3.56043025349447,0.512059945296465
60,218,10,200,"biased","full",NA,FALSE,-0.385813582022929,TRUE,"recruitment_slope_20",1.5,1.11418641797707,0.100725560522262,0.918634237286089,1.11554808261492,1.32007390123758,FALSE,-3.83034435373194,0.401439663951487
60,218,10,200,"biased","full",NA,FALSE,1.22855518897293,TRUE,"recruit_mean_80",44.6,45.8285551889729,0.948801758700061,43.9210738257742,45.816140173074,47.7377863468109,TRUE,1.29484919026304,3.81671252103666
60,218,10,200,"biased","full",NA,FALSE,-0.795220357989883,TRUE,"recruit_mean_slope_20",0.4,-0.395220357989883,0.616863574215597,-1.70937119530632,-0.384460220504184,0.862482306782263,TRUE,-1.28913489340181,2.57185350208858
60,218,10,200,"biased","full",NA,FALSE,-0.0186804539741678,TRUE,"log_recruit_sd",1.25276296849537,1.2340825145212,0.0646736376262849,1.10204750277651,1.23543876296,1.35846943192644,TRUE,-0.288841862925856,0.256421929149924
60,218,10,200,"biased","full",NA,FALSE,NA,TRUE,"log_process_precision",NA,2.60661251250042,0.333730696802589,1.94985650911397,2.6214987794823,3.24891473340752,NA,NA,1.29905822429355
61,2,1,800,"biased","full",NA,FALSE,-0.0779852833031693,TRUE,"survival_at_80",0.36,0.282014716696831,0.0984654286562687,0.0960337476460485,0.279738427933952,0.490311235450266,TRUE,-0.792006741527596,0.394277487804218
61,2,1,800,"biased","full",NA,FALSE,0.0769875869937982,TRUE,"survival_slope_20",0.64,0.716987586993798,0.0712954170009737,0.57967121818096,0.715447560448827,0.856096628474975,TRUE,1.07983921312567,0.276425410294014
61,2,1,800,"biased","full",NA,FALSE,1.00255088844348,TRUE,"growth_increment_80",8.4,9.40255088844348,0.773618322025531,7.89707935232859,9.39483981838743,10.9751106350653,TRUE,1.29592443702541,3.07803128273673
61,2,1,800,"biased","full",NA,FALSE,-0.805400712643907,TRUE,"growth_slope_20",-2.4,-3.20540071264391,0.3113965887161,-3.84419955063981,-3.20739152472098,-2.61884882312887,FALSE,-2.58641469376593,1.22535072751094
61,2,1,800,"biased","full",NA,FALSE,-0.159828201658693,TRUE,"log_growth_sd",1.50407739677627,1.34424919511758,0.176465424046584,1.00111676585877,1.34072596656212,1.68868897912508,TRUE,-0.90571964747327,0.68757221326631
61,2,1,800,"biased","full",NA,FALSE,0.538613188936013,TRUE,"log_recruitment_at_80",-1.69314718055995,-1.15453399162393,0.0738673832501052,-1.30659643394723,-1.1518772064292,-1.02049636213738,FALSE,7.29162405973338,0.286100071809847
61,2,1,800,"biased","full",NA,FALSE,-0.274644347866091,TRUE,"recruitment_slope_20",1.5,1.22535565213391,0.062312414012953,1.10416357894286,1.22448723068146,1.34585330996099,FALSE,-4.40753824444997,0.241689731018132
61,2,1,800,"biased","full",NA,FALSE,0.698454482077707,TRUE,"recruit_mean_80",44.6,45.2984544820777,1.4023716578599,42.5117369699842,45.2872562878479,47.9986129241397,TRUE,0.49805233738365,5.48687595415543
61,2,1,800,"biased","full",NA,FALSE,-0.0329636932547466,TRUE,"recruit_mean_slope_20",0.4,0.367036306745253,0.848823445528312,-1.32246972965014,0.403512598373371,2.09513836608612,TRUE,-0.0388345696957391,3.41760809573626
61,2,1,800,"biased","full",NA,FALSE,0.0582447255473462,TRUE,"log_recruit_sd",1.25276296849537,1.31100769404271,0.0805887358665172,1.15334084918263,1.31114147610427,1.46850496961735,TRUE,0.722740280277129,0.315164120434719
61,2,1,800,"biased","full",NA,FALSE,NA,TRUE,"log_process_precision",NA,1.83556037392256,0.209271008804433,1.4232602467459,1.83348112792214,2.24809540723622,NA,NA,0.824835160490322
62,26,2,800,"biased","full",NA,FALSE,0.117290086234253,TRUE,"survival_at_80",0.36,0.477290086234253,0.0933766921339255,0.286886310082153,0.483494710636214,0.661944395255388,TRUE,1.25609596521185,0.375058085173235
62,26,2,800,"biased","full",NA,FALSE,-0.0148705885994194,TRUE,"survival_slope_20",0.64,0.625129411400581,0.0668967417469951,0.496105538965743,0.624681118729782,0.760903702691554,TRUE,-0.222291672375618,0.264798163725811
62,26,2,800,"biased","full",NA,FALSE,-0.674134893595334,TRUE,"growth_increment_80",8.4,7.72586510640467,0.702069008010045,6.29321783704823,7.70841735854171,9.1159826757812,TRUE,-0.960211725491361,2.82276483873296
62,26,2,800,"biased","full",NA,FALSE,0.326911217921329,TRUE,"growth_slope_20",-2.4,-2.07308878207867,0.29671962323674,-2.64012509197216,-2.06595230962858,-1.48426029657529,TRUE,1.10175125714722,1.15586479539687
62,26,2,800,"biased","full",NA,FALSE,0.0664984299381386,TRUE,"log_growth_sd",1.50407739677627,1.57057582671441,0.14517054084319,1.29232438764192,1.57136025964287,1.85355137181617,TRUE,0.458071104177869,0.561226984174248
62,26,2,800,"biased","full",NA,FALSE,0.438576270387933,TRUE,"log_recruitment_at_80",-1.69314718055995,-1.25457091017201,0.0729053645380959,-1.40108733281771,-1.25667504840162,-1.11757495522264,FALSE,6.01569271570901,0.283512377595075
62,26,2,800,"biased","full",NA,FALSE,-0.283393176065443,TRUE,"recruitment_slope_20",1.5,1.21660682393456,0.0595413142247983,1.09921749339132,1.21928710135547,1.3325096176234,FALSE,-4.75960565793848,0.233292124232078
62,26,2,800,"biased","full",NA,FALSE,1.11916545713972,TRUE,"recruit_mean_80",44.6,45.7191654571397,1.10478826303154,43.56585674191,45.7071889762203,48.0074727844218,TRUE,1.01301352900757,4.44161604251182
62,26,2,800,"biased","full",NA,FALSE,-0.764123298793148,TRUE,"recruit_mean_slope_20",0.4,-0.364123298793148,0.676106935229358,-1.73262861326266,-0.357546247455085,0.916823870037875,TRUE,-1.13018112812869,2.64945248330054
62,26,2,800,"biased","full",NA,FALSE,-0.0298566582600193,TRUE,"log_recruit_sd",1.25276296849537,1.22290631023535,0.0627221634710212,1.10028711747595,1.22335073194147,1.34263550302069,TRUE,-0.476014483681093,0.242348385544735
62,26,2,800,"biased","full",NA,FALSE,NA,TRUE,"log_process_precision",NA,5.67006317262274,1.2004944890992,3.35137310654123,5.71239086434277,8.07737042221314,NA,NA,4.72599731567191
63,50,3,800,"biased","full",NA,FALSE,0.203547419513153,TRUE,"survival_at_80",0.36,0.563547419513153,0.116929824956863,0.336980089306481,0.564492244465577,0.800293838215832,TRUE,1.74076562235722,0.463313748909351
63,50,3,800,"biased","full",NA,FALSE,0.039929010796399,TRUE,"survival_slope_20",0.64,0.679929010796399,0.0868861502008606,0.505952295659306,0.682133574820702,0.843300121396788,TRUE,0.459555529898521,0.337347825737482
63,50,3,800,"biased","full",NA,FALSE,-0.563157873026542,TRUE,"growth_increment_80",8.4,7.83684212697346,0.968311077444528,5.76488065285398,7.8243053655789,9.63828663597693,TRUE,-0.581587762594613,3.87340598312295
63,50,3,800,"biased","full",NA,FALSE,1.03338994597462,TRUE,"growth_slope_20",-2.4,-1.36661005402538,0.414260977876185,-2.14389365899454,-1.36474049694594,-0.529989967744285,FALSE,2.49453847010297,1.61390369125026
63,50,3,800,"biased","full",NA,FALSE,0.274370329424894,TRUE,"log_growth_sd",1.50407739677627,1.77844772620117,0.153410549628584,1.48175327219827,1.77567509898397,2.09233571638453,TRUE,1.78847106727119,0.61058244418626
63,50,3,800,"biased","full",NA,FALSE,0.536722349560908,TRUE,"log_recruitment_at_80",-1.69314718055995,-1.15642483099904,0.0713018256262691,-1.29598992681221,-1.15695163357477,-1.01905325085834,FALSE,7.52746994690089,0.276936675953869
63,50,3,800,"biased","full",NA,FALSE,-0.354781162929184,TRUE,"recruitment_slope_20",1.5,1.14521883707082,0.060555475034575,1.02858257936294,1.14621869664348,1.26198459603991,FALSE,-5.85877928835695,0.233402016676969
63,50,3,800,"biased","full",NA,FALSE,-0.804243277326691,TRUE,"recruit_mean_80",44.6,43.7957567226733,0.673229525043578,42.4676760105091,43.7679895132375,45.159236624243,TRUE,-1.19460488200459,2.69156061373396
63,50,3,800,"biased","full",NA,FALSE,0.805578372791684,TRUE,"recruit_mean_slope_20",0.4,1.20557837279168,0.39798592809711,0.415651626539369,1.23303835177146,1.95763641286608,FALSE,2.02413782980568,1.54198478632671
63,50,3,800,"biased","full",NA,FALSE,-0.0450579372921398,TRUE,"log_recruit_sd",1.25276296849537,1.20770503120323,0.105416893932028,1.00540235302975,1.20689972404564,1.41574466668223,TRUE,-0.427426151648833,0.410342313652477
63,50,3,800,"biased","full",NA,FALSE,NA,TRUE,"log_process_precision",NA,4.88090160503921,1.21945388812981,2.43434355441144,4.91867152942854,7.21892140976821,NA,NA,4.78457785535677
64,74,4,800,"biased","full",NA,FALSE,-0.142557250546711,TRUE,"survival_at_80",0.36,0.217442749453289,0.0684041517528847,0.083538491254218,0.211575316561851,0.353360692627152,FALSE,-2.08404383204269,0.269822201372934
64,74,4,800,"biased","full",NA,FALSE,-0.029045129611061,TRUE,"survival_slope_20",0.64,0.610954870388939,0.063382852344283,0.486396429790065,0.609922934897919,0.727797645264921,TRUE,-0.458249014312161,0.241401215474856
64,74,4,800,"biased","full",NA,FALSE,1.23918147273035,TRUE,"growth_increment_80",8.4,9.63918147273035,0.671618044051379,8.31092976818575,9.6241967942896,10.9248500068502,TRUE,1.84506876148722,2.61392023866445
64,74,4,800,"biased","full",NA,FALSE,-0.174689821896326,TRUE,"growth_slope_20",-2.4,-2.57468982189633,0.26349477300054,-3.10307255084278,-2.57821632988037,-2.06123680163507,TRUE,-0.662972627149486,1.04183574920771
64,74,4,800,"biased","full",NA,FALSE,0.07186102669709,TRUE,"log_growth_sd",1.50407739677627,1.57593842347336,0.154749114409896,1.2788869756701,1.57626216346736,1.85468021452641,TRUE,0.464371166007102,0.575793238856313
64,74,4,800,"biased","full",NA,FALSE,0.56945230671161,TRUE,"log_recruitment_at_80",-1.69314718055995,-1.12369487384834,0.0642154547546927,-1.24380358397342,-1.12266856086145,-0.9987527178734,FALSE,8.86783888531126,0.245050866100017
64,74,4,800,"biased","full",NA,FALSE,-0.35669371779915,TRUE,"recruitment_slope_20",1.5,1.14330628220085,0.0559110646690345,1.03791155831712,1.14393593655094,1.25625587626213,FALSE,-6.37966241406058,0.218344317945013
64,74,4,800,"biased","full",NA,FALSE,0.623263514038641,TRUE,"recruit_mean_80",44.6,45.2232635140386,0.700079719192077,43.8302601671919,45.2535824643069,46.5565942223205,TRUE,0.89027506004304,2.72633405512865
64,74,4,800,"biased","full",NA,FALSE,-0.582130602653634,TRUE,"recruit_mean_slope_20",0.4,-0.182130602653634,0.496818493244765,-1.1404411472881,-0.188495837312719,0.817648480077137,TRUE,-1.17171685548919,1.95808962736523
64,74,4,800,"biased","full",NA,FALSE,-0.0592962943005375,TRUE,"log_recruit_sd",1.25276296849537,1.19346667419483,0.059351541039064,1.07814363049927,1.1932257384076,1.30276057033291,TRUE,-0.999069160841332,0.224616939833642
64,74,4,800,"biased","full",NA,FALSE,NA,TRUE,"log_process_precision",NA,3.62854354550636,0.664363721835936,2.30790151506508,3.64322176191186,4.90281367307356,NA,NA,2.59491215800848
65,98,5,800,"biased","full",NA,FALSE,-0.0485164957064467,TRUE,"survival_at_80",0.36,0.311483504293553,0.085954085515138,0.137810947953647,0.315569893710847,0.467567012808264,TRUE,-0.564446650972769,0.329756064854617
65,98,5,800,"biased","full",NA,FALSE,-0.131874756786685,TRUE,"survival_slope_20",0.64,0.508125243213315,0.0827839972573063,0.347855815074588,0.509583785438684,0.667538497806696,TRUE,-1.59299817785793,0.319682682732108
65,98,5,800,"biased","full",NA,FALSE,1.25766307790961,TRUE,"growth_increment_80",8.4,9.65766307790961,0.896656043917658,7.96615028695379,9.63908922999346,11.4195616349217,TRUE,1.40261484483464,3.45341134796792
65,98,5,800,"biased","full",NA,FALSE,0.00463660909988262,TRUE,"growth_slope_20",-2.4,-2.39536339090012,0.341996284069988,-3.04597460642681,-2.38594981220944,-1.73471215907743,TRUE,0.0135574838553911,1.31126244734938
65,98,5,800,"biased","full",NA,FALSE,0.30123601256193,TRUE,"log_growth_sd",1.50407739677627,1.8053134093382,0.135931754295944,1.54638587738051,1.80398843397609,2.05520138476011,FALSE,2.2160827256455,0.508815507379601
65,98,5,800,"biased","full",NA,FALSE,0.457857875845112,TRUE,"log_recruitment_at_80",-1.69314718055995,-1.23528930471483,0.0685661973182399,-1.36357431128167,-1.2379789662329,-1.10494311862774,FALSE,6.67760345115878,0.258631192653931
65,98,5,800,"biased","full",NA,FALSE,-0.418863215891683,TRUE,"recruitment_slope_20",1.5,1.08113678410832,0.0608332326845872,0.959826610117027,1.08415039075522,1.18992918256387,FALSE,-6.88543411893689,0.230102572446847
65,98,5,800,"biased","full",NA,FALSE,0.61737528868619,TRUE,"recruit_mean_80",44.6,45.2173752886862,0.706817582767009,43.8235460208784,45.1947617341049,46.5926630468661,TRUE,0.87345774035406,2.76911702598764
65,98,5,800,"biased","full",NA,FALSE,-0.166270874394231,TRUE,"recruit_mean_slope_20",0.4,0.233729125605769,0.499240480388597,-0.757473023458927,0.22865283427974,1.23638114353016,TRUE,-0.333047661248964,1.99385416698908
65,98,5,800,"biased","full",NA,FALSE,0.011749953771069,TRUE,"log_recruit_sd",1.25276296849537,1.26451292226644,0.0724270588660261,1.12173823309633,1.26242680115241,1.40432376760449,TRUE,0.162231546538481,0.282585534508158
65,98,5,800,"biased","full",NA,FALSE,NA,TRUE,"log_process_precision",NA,4.69328856168135,1.29488213685255,2.16170317772872,4.6815372413474,7.08823830471483,NA,NA,4.9265351269861
66,122,6,800,"biased","full",NA,FALSE,-0.00851969229713645,TRUE,"survival_at_80",0.36,0.351480307702863,0.0948405537370916,0.164252786263509,0.350772486854907,0.542813153203102,TRUE,-0.0898317435045135,0.378560366939593
66,122,6,800,"biased","full",NA,FALSE,-0.0756686143956893,TRUE,"survival_slope_20",0.64,0.564331385604311,0.0807681755586694,0.398688968248423,0.566989992437098,0.722430731909742,TRUE,-0.936861751206998,0.323741763661319
66,122,6,800,"biased","full",NA,FALSE,0.584117964270717,TRUE,"growth_increment_80",8.4,8.98411796427072,0.909037065029747,7.23164443671751,8.98351008161828,10.8765139292866,TRUE,0.642567819004831,3.64486949256909
66,122,6,800,"biased","full",NA,FALSE,0.523797520174385,TRUE,"growth_slope_20",-2.4,-1.87620247982562,0.374598745442413,-2.619110813462,-1.87241378876905,-1.14311369804864,TRUE,1.39828957397004,1.47599711541336
66,122,6,800,"biased","full",NA,FALSE,0.305087883086611,TRUE,"log_growth_sd",1.50407739677627,1.80916527986289,0.178873746274723,1.48099900878144,1.81295502092012,2.15405475846571,TRUE,1.70560459229183,0.673055749684263
66,122,6,800,"biased","full",NA,FALSE,0.464355850326709,TRUE,"log_recruitment_at_80",-1.69314718055995,-1.22879133023324,0.0674476435591163,-1.35934879950866,-1.2283686485766,-1.10294455265698,FALSE,6.88468604421608,0.256404246851686
66,122,6,800,"biased","full",NA,FALSE,-0.268708756561696,TRUE,"recruitment_slope_20",1.5,1.2312912434383,0.0580020541552757,1.11411735962209,1.23034482527453,1.33951938411765,FALSE,-4.63274552039732,0.225402024495568
66,122,6,800,"biased","full",NA,FALSE,-0.752478373643214,TRUE,"recruit_mean_80",44.6,43.8475216263568,0.630448641474944,42.5813436209116,43.8616350122945,45.0340838490879,TRUE,-1.19356014771129,2.4527402281763
66,122,6,800,"biased","full",NA,FALSE,0.320510911364142,TRUE,"recruit_mean_slope_20",0.4,0.720510911364142,0.372413914162419,-0.000241507191179107,0.722849809632037,1.48831612477211,TRUE,0.860630871123573,1.48855763196329
66,122,6,800,"biased","full",NA,FALSE,-0.086929894564002,TRUE,"log_recruit_sd",1.25276296849537,1.16583307393137,0.067349728914633,1.03324984276998,1.16722025183324,1.29886209709132,TRUE,-1.2907237484829,0.265612254321338
66,122,6,800,"biased","full",NA,FALSE,NA,TRUE,"log_process_precision",NA,4.6406470206835,1.13285519502112,2.48288186263441,4.67634636263712,6.69931002963122,NA,NA,4.21642816699681
67,146,7,800,"biased","full",NA,FALSE,0.254812516012093,TRUE,"survival_at_80",0.36,0.614812516012093,0.137841454065963,0.341241393018929,0.617284829204265,0.86386627047937,TRUE,1.84859132355173,0.522624877460441
67,146,7,800,"biased","full",NA,FALSE,0.116154195190924,TRUE,"survival_slope_20",0.64,0.756154195190924,0.0983853887005355,0.561898683256793,0.760333141921866,0.95343511170324,TRUE,1.18060411942339,0.391536428446447
67,146,7,800,"biased","full",NA,FALSE,-0.576145058086077,TRUE,"growth_increment_80",8.4,7.82385494191392,1.12747720925471,5.69818016704059,7.82152891480656,10.1457865375364,TRUE,-0.51100372881765,4.44760637049586
67,146,7,800,"biased","full",NA,FALSE,0.446396709993101,TRUE,"growth_slope_20",-2.4,-1.9536032900069,0.480263149371623,-2.90070193941668,-1.94003515895884,-1.02467186576087,TRUE,0.929483577028898,1.87603007365581
67,146,7,800,"biased","full",NA,FALSE,0.437226196296874,TRUE,"log_growth_sd",1.50407739677627,1.94130359307315,0.145424255570535,1.6451787288978,1.94547924483272,2.22263368780771,FALSE,3.00655619367985,0.577454958909905
67,146,7,800,"biased","full",NA,FALSE,0.695481491604098,TRUE,"log_recruitment_at_80",-1.69314718055995,-0.997665688955847,0.0700338588158017,-1.13264726594971,-0.998145609389354,-0.852337697835906,FALSE,9.93064645250102,0.280309568113806
67,146,7,800,"biased","full",NA,FALSE,-0.52656043995062,TRUE,"recruitment_slope_20",1.5,0.97343956004938,0.0624788677878672,0.849124438244282,0.974938218514173,1.09502353273636,FALSE,-8.42781661374588,0.245899094492081
67,146,7,800,"biased","full",NA,FALSE,0.559238622513249,TRUE,"recruit_mean_80",44.6,45.1592386225133,0.76506983063792,43.6264755663105,45.164251560268,46.62096589148,TRUE,0.730964155320243,2.99449032516956
67,146,7,800,"biased","full",NA,FALSE,-0.0587493085822511,TRUE,"recruit_mean_slope_20",0.4,0.341250691417749,0.55290275072339,-0.751663794841733,0.342918955239994,1.40511706988377,TRUE,-0.106256133660732,2.1567808647255
67,146,7,800,"biased","full",NA,FALSE,0.0431303624454904,TRUE,"log_recruit_sd",1.25276296849537,1.29589333094086,0.0718372020017412,1.16001185402094,1.29510336091066,1.4408876587286,TRUE,0.60039034432946,0.280875804707655
67,146,7,800,"biased","full",NA,FALSE,NA,TRUE,"log_process_precision",NA,2.57833312113991,0.345313415228609,1.92096520370108,2.57585117389528,3.30165679062633,NA,NA,1.38069158692526
68,170,8,800,"biased","full",NA,FALSE,0.0121801884523219,TRUE,"survival_at_80",0.36,0.372180188452322,0.100889489511586,0.178288549981735,0.369688356121374,0.565156697081451,TRUE,0.120728021435009,0.386868147099715
68,170,8,800,"biased","full",NA,FALSE,0.0101114994785554,TRUE,"survival_slope_20",0.64,0.650111499478555,0.0782043266716162,0.500854333418865,0.650365701777588,0.797871393092114,TRUE,0.129295908665183,0.297017059673249
68,170,8,800,"biased","full",NA,FALSE,-0.297178064320798,TRUE,"growth_increment_80",8.4,8.1028219356792,0.893017412115556,6.3416992008757,8.14576423950671,9.75571401659682,TRUE,-0.33277969756131,3.41401481572112
68,170,8,800,"biased","full",NA,FALSE,-0.0769316864463438,TRUE,"growth_slope_20",-2.4,-2.47693168644634,0.323365937094309,-3.0959865037946,-2.47610338770103,-1.82850026802094,TRUE,-0.237909060977894,1.26748623577366
68,170,8,800,"biased","full",NA,FALSE,0.168205547206689,TRUE,"log_growth_sd",1.50407739677627,1.67228294398296,0.167642557727704,1.34614125302899,1.67491019075693,1.99303161338856,TRUE,1.00335827302217,0.646890360359579
68,170,8,800,"biased","full",NA,FALSE,0.3378965675204,TRUE,"log_recruitment_at_80",-1.69314718055995,-1.35525061303954,0.0770650965281777,-1.50047837657111,-1.35537331502989,-1.20613804158129,FALSE,4.38456036186049,0.294340334989822
68,170,8,800,"biased","full",NA,FALSE,-0.134289898141263,TRUE,"recruitment_slope_20",1.5,1.36571010185874,0.0653110446654321,1.24298552921652,1.36635387469026,1.4862859397262,FALSE,-2.0561590896178,0.243300410509687
68,170,8,800,"biased","full",NA,FALSE,0.218912162637757,TRUE,"recruit_mean_80",44.6,44.8189121626378,1.19082454631394,42.5566123480662,44.8562774230915,47.1938805294141,TRUE,0.183832423773405,4.63726818134797
68,170,8,800,"biased","full",NA,FALSE,-0.0546088106109609,TRUE,"recruit_mean_slope_20",0.4,0.345391189389039,0.708622646873402,-1.07943307148568,0.321162890940077,1.71901200813231,TRUE,-0.0770633155063656,2.79844507961799
68,170,8,800,"biased","full",NA,FALSE,-0.00273012799695738,TRUE,"log_recruit_sd",1.25276296849537,1.25003284049841,0.0595419045110626,1.13496108343368,1.24844733073737,1.36885820778018,TRUE,-0.0458522114698251,0.233897124346498
68,170,8,800,"biased","full",NA,FALSE,NA,TRUE,"log_process_precision",NA,2.9808569307659,0.423936539986145,2.16286942501576,2.98338657152255,3.77099769912418,NA,NA,1.60812827410842
69,194,9,800,"biased","full",NA,FALSE,0.101607816754827,TRUE,"survival_at_80",0.36,0.461607816754827,0.101657504207893,0.261943994904642,0.4589939330008,0.661501822116492,TRUE,0.999511226903977,0.39955782721185
69,194,9,800,"biased","full",NA,FALSE,-0.0223807506677235,TRUE,"survival_slope_20",0.64,0.617619249332277,0.0650982118190432,0.488577221429812,0.620323982068426,0.743525690144014,TRUE,-0.343799776404556,0.254948468714202
69,194,9,800,"biased","full",NA,FALSE,-1.0460763837511,TRUE,"growth_increment_80",8.4,7.3539236162489,0.847873198335331,5.77626333240577,7.37276108223949,8.94615199775607,TRUE,-1.23376512644216,3.1698886653503
69,194,9,800,"biased","full",NA,FALSE,0.170527257779514,TRUE,"growth_slope_20",-2.4,-2.22947274222049,0.351529996828241,-2.90623603510228,-2.22499463494862,-1.56750271458807,TRUE,0.485100160208617,1.33873332051421
69,194,9,800,"biased","full",NA,FALSE,0.240802795516007,TRUE,"log_growth_sd",1.50407739677627,1.74488019229228,0.13623520530443,1.4722662539705,1.74689898672386,2.02590040327039,TRUE,1.76755189657411,0.553634149299891
69,194,9,800,"biased","full",NA,FALSE,0.480062269370387,TRUE,"log_recruitment_at_80",-1.69314718055995,-1.21308491118956,0.072058723044397,-1.35141983936802,-1.2121909278516,-1.07083888369093,FALSE,6.66209792636222,0.280580955677095
69,194,9,800,"biased","full",NA,FALSE,-0.247105124045721,TRUE,"recruitment_slope_20",1.5,1.25289487595428,0.0608994866260582,1.13525701980515,1.25301609716761,1.36399463682648,FALSE,-4.05758960765997,0.228737617021327
69,194,9,800,"biased","full",NA,FALSE,-0.322872489302611,TRUE,"recruit_mean_80",44.6,44.2771275106974,0.825930137988373,42.7165605538606,44.2928679534468,46.01012192348,TRUE,-0.390919854418918,3.29356136961934
69,194,9,800,"biased","full",NA,FALSE,0.267285437735766,TRUE,"recruit_mean_slope_20",0.4,0.667285437735766,0.51780168975003,-0.403253335196948,0.668015970183041,1.59697500095904,TRUE,0.516192671879456,2.00022833615598
69,194,9,800,"biased","full",NA,FALSE,0.00570946672816919,TRUE,"log_recruit_sd",1.25276296849537,1.25847243522354,0.0625508113160896,1.13297150784087,1.25847409816595,1.37696804345412,TRUE,0.0912772609665667,0.243996535613248
69,194,9,800,"biased","full",NA,FALSE,NA,TRUE,"log_process_precision",NA,5.30723378658229,1.11829864951733,3.11266368027645,5.28668092860567,7.52278142066574,NA,NA,4.4101177403893
70,218,10,800,"biased","full",NA,FALSE,-0.028986246427874,TRUE,"survival_at_80",0.36,0.331013753572126,0.0949856440572143,0.143763191443909,0.330047085991525,0.517879983211827,TRUE,-0.305164498441619,0.374116791767918
70,218,10,800,"biased","full",NA,FALSE,0.0274996376187208,TRUE,"survival_slope_20",0.64,0.667499637618721,0.0797300367263353,0.510112267234956,0.666488219710151,0.824825741275222,TRUE,0.344909381054348,0.314713474040266
70,218,10,800,"biased","full",NA,FALSE,0.160857879957318,TRUE,"growth_increment_80",8.4,8.56085787995732,1.01398212920924,6.63173373095351,8.55528103035938,10.579594567901,TRUE,0.15863975835823,3.9478608369475
70,218,10,800,"biased","full",NA,FALSE,-0.310239785725278,TRUE,"growth_slope_20",-2.4,-2.71023978572528,0.373060529632399,-3.39592938565225,-2.71205447387878,-1.99752720643035,TRUE,-0.831607101482908,1.3984021792219
70,218,10,800,"biased","full",NA,FALSE,0.261864762267574,TRUE,"log_growth_sd",1.50407739677627,1.76594215904385,0.15043667837905,1.47058285462541,1.76799764522148,2.06380423890335,TRUE,1.74069758179427,0.593221384277947
70,218,10,800,"biased","full",NA,FALSE,0.515751293256274,TRUE,"log_recruitment_at_80",-1.69314718055995,-1.17739588730367,0.0702182326095949,-1.30838862501663,-1.18101798680417,-1.03113371299468,FALSE,7.34497685414257,0.277254912021959
70,218,10,800,"biased","full",NA,FALSE,-0.365155814163907,TRUE,"recruitment_slope_20",1.5,1.13484418583609,0.0610197530052638,1.02358030034958,1.13630468142566,1.2499637794281,FALSE,-5.98422307826135,0.226383479078523
70,218,10,800,"biased","full",NA,FALSE,1.338547714005,TRUE,"recruit_mean_80",44.6,45.938547714005,0.945986841001321,44.1686999438493,45.9332852429371,47.888246301531,TRUE,1.41497498272614,3.71954635768174
70,218,10,800,"biased","full",NA,FALSE,-0.848482198970716,TRUE,"recruit_mean_slope_20",0.4,-0.448482198970716,0.618950156086499,-1.71087565388219,-0.450855481071048,0.720015834521254,TRUE,-1.37084091606908,2.43089148840344
70,218,10,800,"biased","full",NA,FALSE,-0.0213236341736724,TRUE,"log_recruit_sd",1.25276296849537,1.2314393343217,0.0675127682640724,1.08893474358222,1.23135004108629,1.35903768743177,TRUE,-0.315845946210741,0.27010294384955
70,218,10,800,"biased","full",NA,FALSE,NA,TRUE,"log_process_precision",NA,2.51226224161419,0.321487690458397,1.92072486772512,2.50341089023676,3.16940602469743,NA,NA,1.24868115697231
71,2,1,50,"correct","robust",0.785519219603534,FALSE,-0.0491359077479187,TRUE,"survival_at_80",0.36,0.310864092252081,0.100366509772266,0.116894941801977,0.310344644793383,0.503119635477073,TRUE,-0.4895647747382,0.386224693675096
71,2,1,50,"correct","robust",0.785519219603534,FALSE,0.0462772145225823,TRUE,"survival_slope_20",0.64,0.686277214522582,0.0802796683599408,0.529019270653417,0.685533311508794,0.846795975694471,TRUE,0.576449996219396,0.317776705041053
71,2,1,50,"correct","robust",0.785519219603534,FALSE,0.77166771575763,TRUE,"growth_increment_80",8.4,9.17166771575763,0.756670508926986,7.6653341263029,9.18900888281381,10.6322712467,TRUE,1.0198199964895,2.96693712039711
71,2,1,50,"correct","robust",0.785519219603534,FALSE,-0.704260013665115,TRUE,"growth_slope_20",-2.4,-3.10426001366512,0.314464451100688,-3.72225754319178,-3.10516309532242,-2.4977381855728,FALSE,-2.23955366401533,1.22451935761898
71,2,1,50,"correct","robust",0.785519219603534,FALSE,-0.142786149248843,TRUE,"log_growth_sd",1.50407739677627,1.36129124752743,0.184252079046635,1.00664314088295,1.36516072823437,1.71654516725916,TRUE,-0.774950003211109,0.709902026376209
71,2,1,50,"correct","robust",0.785519219603534,FALSE,-0.352029213093866,TRUE,"log_recruitment_at_80",-1.69314718055995,-2.04517639365381,0.606456480918432,-3.06010851613793,-2.12126857536816,-0.669938148823537,TRUE,-0.580469042990099,2.39017036731439
71,2,1,50,"correct","robust",0.785519219603534,FALSE,0.184539517115408,TRUE,"recruitment_slope_20",1.5,1.68453951711541,0.318238104309258,0.912039486694389,1.73362110410143,2.18904281991684,TRUE,0.579878759383494,1.27700333322245
71,2,1,50,"correct","robust",0.785519219603534,FALSE,-0.0426793554543465,TRUE,"recruit_mean_80",44.6,44.5573206445457,1.89912796107109,40.8615300432962,44.5591898380454,48.4593816210718,TRUE,-0.0224731331059314,7.59785157777561
71,2,1,50,"correct","robust",0.785519219603534,FALSE,0.187494157364581,TRUE,"recruit_mean_slope_20",0.4,0.587494157364581,0.891258226746267,-1.2618790340194,0.594487210981238,2.28328749983816,TRUE,0.210370184238377,3.54516653385756
71,2,1,50,"correct","robust",0.785519219603534,FALSE,0.0387406933378913,TRUE,"log_recruit_sd",1.25276296849537,1.29150366183326,0.0800142900512393,1.14528947341762,1.29070938474994,1.44710070525158,TRUE,0.484172181157674,0.301811231833964
71,2,1,50,"correct","robust",0.785519219603534,FALSE,NA,TRUE,"log_process_precision",NA,1.85474882582343,0.207673093938794,1.42569800347345,1.85696090174053,2.24846861678275,NA,NA,0.822770613309305
72,26,2,50,"correct","robust",0.977320327434265,FALSE,0.205707890624173,TRUE,"survival_at_80",0.36,0.565707890624173,0.112714493867987,0.338459502625421,0.567678183091148,0.784385599221143,TRUE,1.82503494949906,0.445926096595722
72,26,2,50,"correct","robust",0.977320327434265,FALSE,-0.034078904159895,TRUE,"survival_slope_20",0.64,0.605921095840105,0.0701829902872133,0.465631207167451,0.605603901222762,0.74370903318004,TRUE,-0.485572131088063,0.278077826012589
72,26,2,50,"correct","robust",0.977320327434265,FALSE,-1.19731044189237,TRUE,"growth_increment_80",8.4,7.20268955810763,0.815407238027598,5.57154800690977,7.19424541199032,8.8422539490634,TRUE,-1.46835885929657,3.27070594215363
72,26,2,50,"correct","robust",0.977320327434265,FALSE,0.618612999219404,TRUE,"growth_slope_20",-2.4,-1.7813870007806,0.359368401050522,-2.50192514104815,-1.77877076588026,-1.08580702787569,TRUE,1.72138951953218,1.41611811317246
72,26,2,50,"correct","robust",0.977320327434265,FALSE,0.0692306367271558,TRUE,"log_growth_sd",1.50407739677627,1.57330803350343,0.148870895086985,1.2732344221704,1.57875637973835,1.85356622405424,TRUE,0.465038090129737,0.580331801883843
72,26,2,50,"correct","robust",0.977320327434265,FALSE,0.0286053880802772,TRUE,"log_recruitment_at_80",-1.69314718055995,-1.66454179247967,0.265910302298349,-2.17209753108513,-1.66855277349268,-1.13424725819789,TRUE,0.107575328345805,1.03785027288724
72,26,2,50,"correct","robust",0.977320327434265,FALSE,-0.096396460457429,TRUE,"recruitment_slope_20",1.5,1.40360353954257,0.162677849654008,1.06417434021185,1.40513037164382,1.71398850426358,TRUE,-0.592560454065814,0.649814164051732
72,26,2,50,"correct","robust",0.977320327434265,FALSE,0.88047466975241,TRUE,"recruit_mean_80",44.6,45.4804746697524,1.13542977459476,43.1947923944765,45.4930821196322,47.7471012684271,TRUE,0.77545497700785,4.55230887395057
72,26,2,50,"correct","robust",0.977320327434265,FALSE,-0.652148759115284,TRUE,"recruit_mean_slope_20",0.4,-0.252148759115284,0.603596940940328,-1.42453408028158,-0.232683606782288,0.966284852151769,TRUE,-1.08043748217033,2.39081893243335
72,26,2,50,"correct","robust",0.977320327434265,FALSE,-0.0451010119666628,TRUE,"log_recruit_sd",1.25276296849537,1.20766195652871,0.056432368184753,1.102375548318,1.20563777618509,1.32657468237753,TRUE,-0.799204665999615,0.22419913405953
72,26,2,50,"correct","robust",0.977320327434265,FALSE,NA,TRUE,"log_process_precision",NA,5.71830262282367,1.18338311262441,3.4114073564476,5.71233372181551,8.05430139406486,NA,NA,4.64289403761726
73,50,3,50,"correct","robust",0.81175847692386,FALSE,0.155683141383652,TRUE,"survival_at_80",0.36,0.515683141383652,0.128782787397877,0.258650126892578,0.51322876895342,0.758945268334206,TRUE,1.20888159457728,0.500295141441628
73,50,3,50,"correct","robust",0.81175847692386,FALSE,0.0517948921472597,TRUE,"survival_slope_20",0.64,0.69179489214726,0.0879391197818061,0.51624554312195,0.692003270261018,0.857852699980373,TRUE,0.588985792395613,0.341607156858423
73,50,3,50,"correct","robust",0.81175847692386,FALSE,-0.209230777015724,TRUE,"growth_increment_80",8.4,8.19076922298428,1.04680677223598,6.20349261183188,8.180562425095,10.2622754544395,TRUE,-0.199875261189615,4.0587828426076
73,50,3,50,"correct","robust",0.81175847692386,FALSE,0.800425381924303,TRUE,"growth_slope_20",-2.4,-1.5995746180757,0.484510019260104,-2.57492605317692,-1.59066500887179,-0.655748566092085,TRUE,1.6520306084622,1.91917748708483
73,50,3,50,"correct","robust",0.81175847692386,FALSE,0.244549485286772,TRUE,"log_growth_sd",1.50407739677627,1.74862688206305,0.162133800865467,1.41637465245976,1.7515717468479,2.06685634293359,TRUE,1.5083189562039,0.650481690473828
73,50,3,50,"correct","robust",0.81175847692386,FALSE,0.626852558050322,TRUE,"log_recruitment_at_80",-1.69314718055995,-1.06629462250962,0.162767429889833,-1.38498641076855,-1.06663852721015,-0.747956358057029,FALSE,3.85121617067124,0.637030052711526
73,50,3,50,"correct","robust",0.81175847692386,FALSE,-0.384399763487823,TRUE,"recruitment_slope_20",1.5,1.11560023651218,0.120960757693712,0.886256973655843,1.11417899455029,1.3501486041231,FALSE,-3.1778881913188,0.46389163046726
73,50,3,50,"correct","robust",0.81175847692386,FALSE,-0.581349608807756,TRUE,"recruit_mean_80",44.6,44.0186503911922,0.705455374607914,42.6385811296747,44.0014360014277,45.3144371195668,TRUE,-0.824077085146406,2.67585598989214
73,50,3,50,"correct","robust",0.81175847692386,FALSE,0.756030034720515,TRUE,"recruit_mean_slope_20",0.4,1.15603003472052,0.404967722218732,0.39477472416533,1.1513063841033,1.95607309290494,TRUE,1.86688961425959,1.56129836873961
73,50,3,50,"correct","robust",0.81175847692386,FALSE,-0.0237406651296199,TRUE,"log_recruit_sd",1.25276296849537,1.22902230336575,0.10499512663186,1.01333080261253,1.22911908664766,1.42275895100648,TRUE,-0.226112067209183,0.409428148393947
73,50,3,50,"correct","robust",0.81175847692386,FALSE,NA,TRUE,"log_process_precision",NA,4.86023319857233,1.25278550936325,2.43138614219681,4.8158780007658,7.37698898475335,NA,NA,4.94560284255654
74,74,4,50,"correct","robust",0.962136047239372,FALSE,-0.0828292303346307,TRUE,"survival_at_80",0.36,0.277170769665369,0.075202287184193,0.127048668566369,0.27812737391811,0.416628041793197,TRUE,-1.10141903173446,0.289579373226828
74,74,4,50,"correct","robust",0.962136047239372,FALSE,-0.069829713125767,TRUE,"survival_slope_20",0.64,0.570170286874233,0.0628509009696996,0.442943040805208,0.573429340406159,0.690282362668062,TRUE,-1.11103758336626,0.247339321862854
74,74,4,50,"correct","robust",0.962136047239372,FALSE,1.1656245545041,TRUE,"growth_increment_80",8.4,9.5656245545041,0.73431665839641,8.16336554640708,9.54257746530177,10.9819214628038,TRUE,1.58735954193055,2.81855591639677
74,74,4,50,"correct","robust",0.962136047239372,FALSE,0.0204689007077303,TRUE,"growth_slope_20",-2.4,-2.37953109929227,0.300568488353852,-2.98332930514454,-2.3710966495957,-1.80323702263331,TRUE,0.0681006209926863,1.18009228251123
74,74,4,50,"correct","robust",0.962136047239372,FALSE,0.104220084658114,TRUE,"log_growth_sd",1.50407739677627,1.60829748143439,0.158464725284696,1.30917208212921,1.60291517897629,1.91880495219241,TRUE,0.657686336633422,0.6096328700632
74,74,4,50,"correct","robust",0.962136047239372,FALSE,0.169151013260725,TRUE,"log_recruitment_at_80",-1.69314718055995,-1.52399616729922,0.180925782085275,-1.89749254874086,-1.52185724345489,-1.14898934453947,TRUE,0.934919342678308,0.748503204201382
74,74,4,50,"correct","robust",0.962136047239372,FALSE,-0.16799605971514,TRUE,"recruitment_slope_20",1.5,1.33200394028486,0.128800501908793,1.07750291879413,1.33304467339451,1.58492084159685,TRUE,-1.30431215115996,0.507417922802714
74,74,4,50,"correct","robust",0.962136047239372,FALSE,0.492841741784048,TRUE,"recruit_mean_80",44.6,45.092841741784,0.722757734113438,43.6978573902328,45.1010905786515,46.5239878900802,TRUE,0.681890650936564,2.82613049984737
74,74,4,50,"correct","robust",0.962136047239372,FALSE,-0.497744482285696,TRUE,"recruit_mean_slope_20",0.4,-0.0977444822856958,0.44348821449242,-1.02085610575302,-0.102716994165692,0.713095487175343,TRUE,-1.12233981878272,1.73395159292837
74,74,4,50,"correct","robust",0.962136047239372,FALSE,-0.0593735335081675,TRUE,"log_recruit_sd",1.25276296849537,1.1933894349872,0.0528380145151476,1.09286329217666,1.19360923681956,1.29891869336743,TRUE,-1.12368971569033,0.206055401190777
74,74,4,50,"correct","robust",0.962136047239372,FALSE,NA,TRUE,"log_process_precision",NA,4.0877612860573,0.895358023435036,2.26323056613185,4.10266051695551,5.72829629049079,NA,NA,3.46506572435893
75,98,5,50,"correct","robust",0.928181018969509,FALSE,0.0904053864877671,TRUE,"survival_at_80",0.36,0.450405386487767,0.0988813202776404,0.241770976368839,0.451820889672304,0.638942943402251,TRUE,0.914281749413596,0.397171967033412
75,98,5,50,"correct","robust",0.928181018969509,FALSE,-0.135152111137213,TRUE,"survival_slope_20",0.64,0.504847888862787,0.0855915941097892,0.339601827374732,0.508009059349728,0.662470063696436,TRUE,-1.57903486367893,0.322868236321705
75,98,5,50,"correct","robust",0.928181018969509,FALSE,1.07267197536492,TRUE,"growth_increment_80",8.4,9.47267197536492,0.991281014275818,7.54699914253974,9.4640068620456,11.3927082665236,TRUE,1.08210684953808,3.84570912398388
75,98,5,50,"correct","robust",0.928181018969509,FALSE,0.558737108493581,TRUE,"growth_slope_20",-2.4,-1.84126289150642,0.391145398465456,-2.65620642307046,-1.83275188196771,-1.06621336545713,TRUE,1.42846396937206,1.58999305761334
75,98,5,50,"correct","robust",0.928181018969509,FALSE,0.358836103614849,TRUE,"log_growth_sd",1.50407739677627,1.86291350039112,0.147628978332028,1.57103387382705,1.85602212096178,2.1688255416281,FALSE,2.43066170117225,0.597791667801045
75,98,5,50,"correct","robust",0.928181018969509,FALSE,0.403456332745626,TRUE,"log_recruitment_at_80",-1.69314718055995,-1.28969084781432,0.140954140889322,-1.56105557016128,-1.29318435756894,-1.00202512252748,FALSE,2.86232337837043,0.559030447633801
75,98,5,50,"correct","robust",0.928181018969509,FALSE,-0.546329160786835,TRUE,"recruitment_slope_20",1.5,0.953670839213165,0.112414443497815,0.728050244214804,0.956217117375313,1.17282079177403,FALSE,-4.8599552138285,0.444770547559223
75,98,5,50,"correct","robust",0.928181018969509,FALSE,0.454051124766345,TRUE,"recruit_mean_80",44.6,45.0540511247663,0.627574030860615,43.8316926302669,45.0762772994096,46.2673373818692,TRUE,0.723502092882473,2.43564475160234
75,98,5,50,"correct","robust",0.928181018969509,FALSE,-0.163130969189233,TRUE,"recruit_mean_slope_20",0.4,0.236869030810767,0.441946440903873,-0.600400314400665,0.235917309356555,1.09985906840375,TRUE,-0.369119318747304,1.70025938280441
75,98,5,50,"correct","robust",0.928181018969509,FALSE,-0.0276965855647815,TRUE,"log_recruit_sd",1.25276296849537,1.22506638293059,0.0715723679281995,1.07844127825813,1.22402300497225,1.36648862051564,TRUE,-0.386973162499896,0.288047342257504
75,98,5,50,"correct","robust",0.928181018969509,FALSE,NA,TRUE,"log_process_precision",NA,5.279121040851,1.30741696465996,2.79883863486994,5.25319065628783,7.82673810730078,NA,NA,5.02789947243085
76,122,6,50,"correct","robust",0.971097694127703,FALSE,0.011666610720728,TRUE,"survival_at_80",0.36,0.371666610720728,0.106414727649165,0.158819642704326,0.377034751520057,0.576850447712891,TRUE,0.109633421787172,0.418030805008566
76,122,6,50,"correct","robust",0.971097694127703,FALSE,-0.085853619754019,TRUE,"survival_slope_20",0.64,0.554146380245981,0.0796408022752881,0.405681761395021,0.554760031214887,0.713665731077261,TRUE,-1.07801048333561,0.30798396968224
76,122,6,50,"correct","robust",0.971097694127703,FALSE,0.454624391080689,TRUE,"growth_increment_80",8.4,8.85462439108069,0.996174251966735,6.93355671795923,8.85682213634551,10.7278373049113,TRUE,0.456370349045992,3.79428058695205
76,122,6,50,"correct","robust",0.971097694127703,FALSE,0.642438549940558,TRUE,"growth_slope_20",-2.4,-1.75756145005944,0.42712366828792,-2.57219034347658,-1.74564948001545,-0.899931589245764,TRUE,1.50410430898317,1.67225875423082
76,122,6,50,"correct","robust",0.971097694127703,FALSE,0.338166576660769,TRUE,"log_growth_sd",1.50407739677627,1.84224397343704,0.184000640885146,1.4661244564386,1.83883416035825,2.20690004747507,TRUE,1.83785542829633,0.740775591036474
76,122,6,50,"correct","robust",0.971097694127703,FALSE,0.415793853223718,TRUE,"log_recruitment_at_80",-1.69314718055995,-1.27735332733623,0.154971565695977,-1.57613244857143,-1.27624718564275,-0.985418157974729,FALSE,2.68303318325778,0.590714290596698
76,122,6,50,"correct","robust",0.971097694127703,FALSE,-0.259586291525877,TRUE,"recruitment_slope_20",1.5,1.24041370847412,0.106824359367628,1.02810055932692,1.24256874363891,1.44644168382134,FALSE,-2.43002900333368,0.418341124494418
76,122,6,50,"correct","robust",0.971097694127703,FALSE,-0.840060693603313,TRUE,"recruit_mean_80",44.6,43.7599393063967,0.671639466075965,42.4251752749734,43.764364339262,45.1054838584773,TRUE,-1.2507613623591,2.68030858350386
76,122,6,50,"correct","robust",0.971097694127703,FALSE,0.338121656266221,TRUE,"recruit_mean_slope_20",0.4,0.738121656266221,0.372282003727937,0.0298373226644044,0.738712752210945,1.4920896142989,TRUE,0.908240669385996,1.4622522916345
76,122,6,50,"correct","robust",0.971097694127703,FALSE,-0.0939098273170627,TRUE,"log_recruit_sd",1.25276296849537,1.15885314117831,0.0710089086019313,1.01946263201553,1.15786493392871,1.30268099022567,TRUE,-1.32250768482461,0.283218358210137
76,122,6,50,"correct","robust",0.971097694127703,FALSE,NA,TRUE,"log_process_precision",NA,4.67121113432187,1.15910248029766,2.24967099289764,4.6667018581593,6.89346933186124,NA,NA,4.6437983389636
77,146,7,50,"correct","robust",0.00371918404007277,FALSE,0.136344601011841,TRUE,"survival_at_80",0.36,0.496344601011841,0.130295652036173,0.250614415949102,0.492705204451799,0.75115840344995,TRUE,1.04642479531081,0.500543987500848
77,146,7,50,"correct","robust",0.00371918404007277,FALSE,0.128039056021251,TRUE,"survival_slope_20",0.64,0.76803905602125,0.0807680934714438,0.610190959173393,0.766420338403511,0.929320144358278,TRUE,1.58526777738687,0.319129185184884
77,146,7,50,"correct","robust",0.00371918404007277,FALSE,-0.487644936042498,TRUE,"growth_increment_80",8.4,7.9123550639575,1.03843860001203,5.88836167153963,7.93277434814457,9.93711723239075,TRUE,-0.469594385298126,4.04875556085112
77,146,7,50,"correct","robust",0.00371918404007277,FALSE,0.277806393159446,TRUE,"growth_slope_20",-2.4,-2.12219360684055,0.458089861440327,-3.04553572388368,-2.12989752058699,-1.23680918338272,TRUE,0.606445190220903,1.80872654050097
77,146,7,50,"correct","robust",0.00371918404007277,FALSE,0.369227611976479,TRUE,"log_growth_sd",1.50407739677627,1.87330500875275,0.129648659277361,1.6080106317631,1.87216427818125,2.14139090255047,FALSE,2.84790921891896,0.53338027078737
77,146,7,50,"correct","robust",0.00371918404007277,FALSE,-1.67546644368842,TRUE,"log_recruitment_at_80",-1.69314718055995,-3.36861362424836,0.818361582069377,-4.94201499623151,-3.36068532652669,-1.64236550488398,TRUE,-2.04734249554053,3.29964949134753
77,146,7,50,"correct","robust",0.00371918404007277,FALSE,-3.3574821818749,TRUE,"recruitment_slope_20",1.5,-1.85748218187489,0.488671834211649,-2.79203685748426,-1.8578956003518,-0.845085456376538,FALSE,-6.87062758035024,1.94695140110772
77,146,7,50,"correct","robust",0.00371918404007277,FALSE,3.73484392047253,TRUE,"recruit_mean_80",44.6,48.3348439204725,3.66636421737143,40.9384636861529,48.3842014857009,55.6000160898584,TRUE,1.01867782332607,14.6615524037055
77,146,7,50,"correct","robust",0.00371918404007277,FALSE,1.22614222382478,TRUE,"recruit_mean_slope_20",0.4,1.62614222382478,2.11297482540943,-2.53066668852783,1.67278650245541,5.82133016925618,TRUE,0.580291922591737,8.35199685778401
77,146,7,50,"correct","robust",0.00371918404007277,FALSE,0.043283203349332,TRUE,"log_recruit_sd",1.25276296849537,1.2960461718447,0.0619474242321084,1.17934613142251,1.29490447939246,1.41824155861846,TRUE,0.69870868540322,0.238895427195948
77,146,7,50,"correct","robust",0.00371918404007277,FALSE,NA,TRUE,"log_process_precision",NA,3.93190575070711,0.893917571977929,2.21226855944298,3.90640080320948,5.66583963123321,NA,NA,3.45357107179023
78,170,8,50,"correct","robust",0.949796708946829,FALSE,-0.0199791806584235,TRUE,"survival_at_80",0.36,0.340020819341576,0.106248342212899,0.135308279888027,0.336323473518644,0.550888388436913,TRUE,-0.188042281341101,0.415580108548886
78,170,8,50,"correct","robust",0.949796708946829,FALSE,0.00262349303377496,TRUE,"survival_slope_20",0.64,0.642623493033775,0.0802450207507462,0.493407689968737,0.637720813093925,0.805225016170611,TRUE,0.0326935305048265,0.311817326201874
78,170,8,50,"correct","robust",0.949796708946829,FALSE,-0.394358698507151,TRUE,"growth_increment_80",8.4,8.00564130149285,0.916351005731288,6.16023580457231,8.01607159824056,9.78958460890661,TRUE,-0.430357686127529,3.6293488043343
78,170,8,50,"correct","robust",0.949796708946829,FALSE,-0.191667793574057,TRUE,"growth_slope_20",-2.4,-2.59166779357406,0.359460938407301,-3.27955279015069,-2.60451596563923,-1.89779891443117,TRUE,-0.533208961238732,1.38175387571952
78,170,8,50,"correct","robust",0.949796708946829,FALSE,0.157350970912673,TRUE,"log_growth_sd",1.50407739677627,1.66142836768895,0.156430991497573,1.34175230553808,1.66302984292131,1.96463990103467,TRUE,1.00588105596143,0.62288759549659
78,170,8,50,"correct","robust",0.949796708946829,FALSE,0.0639852609900606,TRUE,"log_recruitment_at_80",-1.69314718055995,-1.62916191956988,0.280044812784178,-2.209770860182,-1.62268683949746,-1.15681354348072,TRUE,0.22848222166276,1.05295731670128
78,170,8,50,"correct","robust",0.949796708946829,FALSE,0.0625039642227805,TRUE,"recruitment_slope_20",1.5,1.56250396422278,0.166681265396786,1.26588698882458,1.56128685850833,1.89972105619191,TRUE,0.374990938987589,0.633834067367335
78,170,8,50,"correct","robust",0.949796708946829,FALSE,0.116257047840001,TRUE,"recruit_mean_80",44.6,44.71625704784,1.4514161034045,41.8254129561447,44.7423089317992,47.5628599141718,TRUE,0.0800990477970472,5.73744695802709
78,170,8,50,"correct","robust",0.949796708946829,FALSE,-0.0301908899022337,TRUE,"recruit_mean_slope_20",0.4,0.369809110097766,0.771948210375378,-1.160993892729,0.363118246987275,1.8852863466398,TRUE,-0.0391099940338649,3.0462802393688
78,170,8,50,"correct","robust",0.949796708946829,FALSE,-0.00135858609200756,TRUE,"log_recruit_sd",1.25276296849537,1.25140438240336,0.0604609336465465,1.13895519430747,1.24940056842813,1.36802646356584,TRUE,-0.0224704782091165,0.229071269258375
78,170,8,50,"correct","robust",0.949796708946829,FALSE,NA,TRUE,"log_process_precision",NA,3.03019255287276,0.43299897236277,2.18338890157489,3.0185245015019,3.87938433265404,NA,NA,1.69599543107915
79,194,9,50,"correct","robust",0.976102273436012,FALSE,0.0783200683859158,TRUE,"survival_at_80",0.36,0.438320068385916,0.10966289182236,0.231027057356337,0.441428614304632,0.666084051559083,TRUE,0.714189340481598,0.435056994202746
79,194,9,50,"correct","robust",0.976102273436012,FALSE,-0.0555905668971747,TRUE,"survival_slope_20",0.64,0.584409433102825,0.0630294687881751,0.462975343692847,0.583811210627538,0.707020179234165,TRUE,-0.881977398286498,0.244044835541319
79,194,9,50,"correct","robust",0.976102273436012,FALSE,-1.41970769389786,TRUE,"growth_increment_80",8.4,6.98029230610214,0.879182246062933,5.26683850225183,6.98049630796772,8.65762907296874,TRUE,-1.6148047805281,3.39079057071691
79,194,9,50,"correct","robust",0.976102273436012,FALSE,0.0409320665470498,TRUE,"growth_slope_20",-2.4,-2.35906793345295,0.401820796075282,-3.12324527738768,-2.36602832673133,-1.5960862417317,TRUE,0.101866471190259,1.52715903565598
79,194,9,50,"correct","robust",0.976102273436012,FALSE,0.199568208989829,TRUE,"log_growth_sd",1.50407739677627,1.7036456057661,0.133452740091856,1.43406694041601,1.70247639101304,1.96091515984155,TRUE,1.49542234091608,0.526848219425534
79,194,9,50,"correct","robust",0.976102273436012,FALSE,-0.301408987803975,TRUE,"log_recruitment_at_80",-1.69314718055995,-1.99455616836392,0.279306948721669,-2.51753520153491,-1.99761797558894,-1.44341643548892,TRUE,-1.07913171936274,1.07411876604599
79,194,9,50,"correct","robust",0.976102273436012,FALSE,0.249475469162161,TRUE,"recruitment_slope_20",1.5,1.74947546916216,0.166803655351854,1.42297250456704,1.7539846423716,2.08123015630133,TRUE,1.49562351398068,0.658257651734292
79,194,9,50,"correct","robust",0.976102273436012,FALSE,-0.727088595340014,TRUE,"recruit_mean_80",44.6,43.87291140466,1.17372195441272,41.6062572072882,43.8722266817438,46.076462212356,TRUE,-0.619472603887535,4.4702050050678
79,194,9,50,"correct","robust",0.976102273436012,FALSE,0.332893224572549,TRUE,"recruit_mean_slope_20",0.4,0.732893224572549,0.594990035485033,-0.384251186461036,0.755708641579809,1.89777607661273,TRUE,0.559493780935636,2.28202726307376
79,194,9,50,"correct","robust",0.976102273436012,FALSE,0.00975072148661349,TRUE,"log_recruit_sd",1.25276296849537,1.26251368998198,0.0549422593066332,1.15497627556244,1.26322612248192,1.36508643436123,TRUE,0.177472160949819,0.21011015879879
79,194,9,50,"correct","robust",0.976102273436012,FALSE,NA,TRUE,"log_process_precision",NA,5.46685857759136,1.14386738702877,3.34270897011127,5.45421568508764,7.65483086967916,NA,NA,4.31212189956789
80,218,10,50,"correct","robust",0.980663413023558,FALSE,0.0162591399994952,TRUE,"survival_at_80",0.36,0.376259139999495,0.096600099006629,0.183769632398216,0.374812407094688,0.563193565290051,TRUE,0.168313906162555,0.379423932891835
80,218,10,50,"correct","robust",0.980663413023558,FALSE,-0.0248415801149303,TRUE,"survival_slope_20",0.64,0.61515841988507,0.0766328611239181,0.465804898396524,0.614698033463039,0.768196507352306,TRUE,-0.324163547472938,0.302391608955782
80,218,10,50,"correct","robust",0.980663413023558,FALSE,0.176552813980702,TRUE,"growth_increment_80",8.4,8.5765528139807,1.07057579522749,6.54969168523085,8.59146729589588,10.6471592659981,TRUE,0.164913885376221,4.09746758076725
80,218,10,50,"correct","robust",0.980663413023558,FALSE,-0.125965507783495,TRUE,"growth_slope_20",-2.4,-2.5259655077835,0.39574925649845,-3.28730270215525,-2.53037962272842,-1.76225876803471,TRUE,-0.318296258843353,1.52504393412054
80,218,10,50,"correct","robust",0.980663413023558,FALSE,0.251865890649113,TRUE,"log_growth_sd",1.50407739677627,1.75594328742539,0.165598909971881,1.43419654018452,1.75842185241412,2.08218845614127,TRUE,1.52093930263116,0.647991915956756
80,218,10,50,"correct","robust",0.980663413023558,FALSE,-0.0230437959976959,TRUE,"log_recruitment_at_80",-1.69314718055995,-1.71619097655764,0.274763781394148,-2.24533621813221,-1.713576079797,-1.17280439366407,TRUE,-0.0838676621815728,1.07253182446813
80,218,10,50,"correct","robust",0.980663413023558,FALSE,-0.10460570327912,TRUE,"recruitment_slope_20",1.5,1.39539429672088,0.170838280770231,1.06778563995058,1.39621701640999,1.74873597339902,TRUE,-0.612308335154749,0.680950333448441
80,218,10,50,"correct","robust",0.980663413023558,FALSE,1.12824106849657,TRUE,"recruit_mean_80",44.6,45.7282410684966,1.10491289068796,43.589021727798,45.6970164855433,47.9286994209268,TRUE,1.02111313751991,4.33967769312878
80,218,10,50,"correct","robust",0.980663413023558,FALSE,-0.661949186381386,TRUE,"recruit_mean_slope_20",0.4,-0.261949186381386,0.608534039123994,-1.46691731633806,-0.2491538233024,0.904625922008046,TRUE,-1.08777676156667,2.3715432383461
80,218,10,50,"correct","robust",0.980663413023558,FALSE,-0.00680252865904851,TRUE,"log_recruit_sd",1.25276296849537,1.24596043983632,0.0627429464573274,1.13023607024651,1.24509365565965,1.37057917895142,TRUE,-0.108419018282398,0.240343108704903
80,218,10,50,"correct","robust",0.980663413023558,FALSE,NA,TRUE,"log_process_precision",NA,2.65706258400837,0.341496675290408,2.02924292066903,2.65039884004545,3.3414567129377,NA,NA,1.31221379226867
81,2,1,200,"correct","robust",0.975669292211453,FALSE,-0.0506315067624367,TRUE,"survival_at_80",0.36,0.309368493237563,0.0989191972643369,0.117096551150225,0.308205392816367,0.503109433798221,TRUE,-0.511847125357646,0.386012882647996
81,2,1,200,"correct","robust",0.975669292211453,FALSE,0.0464472094123314,TRUE,"survival_slope_20",0.64,0.686447209412331,0.074807224745349,0.53932491720221,0.687279493707847,0.8333980921052,TRUE,0.620892027079499,0.294073174902989
81,2,1,200,"correct","robust",0.975669292211453,FALSE,0.826199516191934,TRUE,"growth_increment_80",8.4,9.22619951619193,0.78488575718017,7.6629784876702,9.2439081875838,10.743806156141,TRUE,1.05263665270241,3.0808276684708
81,2,1,200,"correct","robust",0.975669292211453,FALSE,-0.70694490921823,TRUE,"growth_slope_20",-2.4,-3.10694490921823,0.315214214959224,-3.69004030336989,-3.1177922100464,-2.50688396393235,FALSE,-2.24274438038805,1.18315633943754
81,2,1,200,"correct","robust",0.975669292211453,FALSE,-0.140418447300059,TRUE,"log_growth_sd",1.50407739677627,1.36365894947621,0.192254591781107,0.948466047724644,1.37140922123013,1.71867307318864,TRUE,-0.730377599823123,0.770207025463997
81,2,1,200,"correct","robust",0.975669292211453,FALSE,-0.0970589371360628,TRUE,"log_recruitment_at_80",-1.69314718055995,-1.79020611769601,0.212552237635799,-2.1699759066979,-1.80622679395,-1.38935105110594,TRUE,-0.456635687375684,0.780624855591953
81,2,1,200,"correct","robust",0.975669292211453,FALSE,0.0553960892990975,TRUE,"recruitment_slope_20",1.5,1.5553960892991,0.127603729404854,1.31696926029465,1.56507435089478,1.78440694008012,TRUE,0.434125942536833,0.467437679785464
81,2,1,200,"correct","robust",0.975669292211453,FALSE,0.0518071483151346,TRUE,"recruit_mean_80",44.6,44.6518071483151,1.70389550568234,41.2127739471585,44.5981987540555,48.17103858319,TRUE,0.0304051205853658,6.95826463603151
81,2,1,200,"correct","robust",0.975669292211453,FALSE,0.179461794446287,TRUE,"recruit_mean_slope_20",0.4,0.579461794446287,0.845970109336892,-1.18445153520752,0.613488890660091,2.23508854290542,TRUE,0.21213727585122,3.41954007811295
81,2,1,200,"correct","robust",0.975669292211453,FALSE,0.0414842735762631,TRUE,"log_recruit_sd",1.25276296849537,1.29424724207163,0.0826637130249436,1.13039405271404,1.29501518371026,1.45301787046136,TRUE,0.501843820682786,0.322623817747316
81,2,1,200,"correct","robust",0.975669292211453,FALSE,NA,TRUE,"log_process_precision",NA,1.85244102871298,0.206468128399731,1.45330130984972,1.85373828638833,2.28065265067037,NA,NA,0.827351340820648
82,26,2,200,"correct","robust",0.990366466445682,FALSE,0.188776961148585,TRUE,"survival_at_80",0.36,0.548776961148585,0.107268251078242,0.330894648228381,0.54598291365566,0.758549997926029,TRUE,1.75985866508526,0.427655349697647
82,26,2,200,"correct","robust",0.990366466445682,FALSE,-0.0346715226630785,TRUE,"survival_slope_20",0.64,0.605328477336922,0.07007651180938,0.460939987436108,0.605741191102699,0.740704078801647,TRUE,-0.494766673852016,0.279764091365539
82,26,2,200,"correct","robust",0.990366466445682,FALSE,-1.09533682678506,TRUE,"growth_increment_80",8.4,7.30466317321494,0.778454598051687,5.77936458370698,7.28807135359122,8.87856702554886,TRUE,-1.40706578074876,3.09920244184189
82,26,2,200,"correct","robust",0.990366466445682,FALSE,0.558934547573966,TRUE,"growth_slope_20",-2.4,-1.84106545242603,0.33861869314972,-2.49224330851941,-1.83564706060549,-1.18605921235288,TRUE,1.6506311047832,1.30618409616652
82,26,2,200,"correct","robust",0.990366466445682,FALSE,0.0689781333527337,TRUE,"log_growth_sd",1.50407739677627,1.57305553012901,0.152953614156428,1.29090510681611,1.5741898264761,1.8727893118203,TRUE,0.450974197198039,0.58188420500419
82,26,2,200,"correct","robust",0.990366466445682,FALSE,0.0895652435572789,TRUE,"log_recruitment_at_80",-1.69314718055995,-1.60358193700267,0.1620936193492,-1.90876870591575,-1.60372816151648,-1.26602203645834,TRUE,0.552552555226294,0.642746669457411
82,26,2,200,"correct","robust",0.990366466445682,FALSE,-0.120910447326958,TRUE,"recruitment_slope_20",1.5,1.37908955267304,0.105876124101058,1.16911760529164,1.38109034707117,1.59138306415344,TRUE,-1.14199918398551,0.422265458861793
82,26,2,200,"correct","robust",0.990366466445682,FALSE,0.916281266473987,TRUE,"recruit_mean_80",44.6,45.516281266474,1.13184953908693,43.3693226833421,45.4969190003143,47.6960847795326,TRUE,0.809543349033087,4.32676209619047
82,26,2,200,"correct","robust",0.990366466445682,FALSE,-0.666449039057659,TRUE,"recruit_mean_slope_20",0.4,-0.266449039057659,0.623232104548812,-1.51279162951215,-0.251065951401013,0.867618352832332,TRUE,-1.06934324177689,2.38040998234449
82,26,2,200,"correct","robust",0.990366466445682,FALSE,-0.0422022997156555,TRUE,"log_recruit_sd",1.25276296849537,1.21056066877971,0.0573694628209862,1.09572033236331,1.20922893219993,1.32060106829036,TRUE,-0.735623058687897,0.22488073592705
82,26,2,200,"correct","robust",0.990366466445682,FALSE,NA,TRUE,"log_process_precision",NA,5.70690481842799,1.14427841491449,3.50125113192081,5.70891019305372,7.90625308327885,NA,NA,4.40500195135803
83,50,3,200,"correct","robust",0.68073632537241,FALSE,0.217757468805253,TRUE,"survival_at_80",0.36,0.577757468805253,0.139512459116942,0.304514559261112,0.575703704241657,0.842055279490193,TRUE,1.56084603614309,0.537540720229082
83,50,3,200,"correct","robust",0.68073632537241,FALSE,0.0372673263309574,TRUE,"survival_slope_20",0.64,0.677267326330957,0.0913539049171896,0.500476646904493,0.675568375819847,0.860682847689632,TRUE,0.407944535756183,0.360206200785139
83,50,3,200,"correct","robust",0.68073632537241,FALSE,-0.671389333435534,TRUE,"growth_increment_80",8.4,7.72861066656447,1.15081577614457,5.48823111649637,7.69024468739198,9.91119829487289,TRUE,-0.583402962796362,4.42296717837653
83,50,3,200,"correct","robust",0.68073632537241,FALSE,1.04183105899839,TRUE,"growth_slope_20",-2.4,-1.35816894100161,0.556175038350844,-2.4003222825484,-1.37189807432342,-0.274283689454206,TRUE,1.8732071509135,2.12603859309419
83,50,3,200,"correct","robust",0.68073632537241,FALSE,0.280794103991488,TRUE,"log_growth_sd",1.50407739677627,1.78487150076776,0.159342316413938,1.46486743582516,1.78683226671982,2.08841192080582,TRUE,1.76220674024874,0.623544484980659
83,50,3,200,"correct","robust",0.68073632537241,FALSE,0.496866913621907,TRUE,"log_recruitment_at_80",-1.69314718055995,-1.19628026693804,0.229624030284657,-1.60412286982508,-1.22866684900771,-0.735075495572493,FALSE,2.16382803230985,0.869047374252588
83,50,3,200,"correct","robust",0.68073632537241,FALSE,-0.335252842310984,TRUE,"recruitment_slope_20",1.5,1.16474715768902,0.143636189387139,0.860109895023541,1.17383086815531,1.4381665482411,FALSE,-2.33404160707289,0.57805665321756
83,50,3,200,"correct","robust",0.68073632537241,FALSE,-0.874761965691803,TRUE,"recruit_mean_80",44.6,43.7252380343082,0.858997322797877,42.0132598094332,43.7456904901051,45.3482343233048,TRUE,-1.01835237721414,3.33497451387162
83,50,3,200,"correct","robust",0.68073632537241,FALSE,0.831794496031426,TRUE,"recruit_mean_slope_20",0.4,1.23179449603143,0.425908870532815,0.422402305874331,1.20738960509892,2.04310965226109,FALSE,1.95298702041788,1.62070734638676
83,50,3,200,"correct","robust",0.68073632537241,FALSE,-0.0534080050727566,TRUE,"log_recruit_sd",1.25276296849537,1.19935496342261,0.113437016584387,0.981088423323568,1.202728603226,1.41736286399788,TRUE,-0.470816376178459,0.436274440674316
83,50,3,200,"correct","robust",0.68073632537241,FALSE,NA,TRUE,"log_process_precision",NA,4.83986588698499,1.24122056677782,2.44346141642134,4.83049635399011,7.20972469732312,NA,NA,4.76626328090178
84,74,4,200,"correct","robust",0.977391418419192,FALSE,-0.116645342304958,TRUE,"survival_at_80",0.36,0.243354657695042,0.074359023422663,0.0978053079205401,0.243251675815476,0.394020073750413,TRUE,-1.56867770629445,0.296214765829873
84,74,4,200,"correct","robust",0.977391418419192,FALSE,-0.069248796648954,TRUE,"survival_slope_20",0.64,0.570751203351046,0.0635753781013001,0.445539349113262,0.571668519022015,0.697159064440038,TRUE,-1.08923924193756,0.251619715326776
84,74,4,200,"correct","robust",0.977391418419192,FALSE,1.13805763056113,TRUE,"growth_increment_80",8.4,9.53805763056113,0.708613780272786,8.11183229497196,9.53400061726268,11.0300448412354,TRUE,1.60603372703679,2.91821254626345
84,74,4,200,"correct","robust",0.977391418419192,FALSE,-0.11178054452555,TRUE,"growth_slope_20",-2.4,-2.51178054452555,0.265009808300496,-3.0339715790318,-2.51493357641244,-1.98586138380723,TRUE,-0.421797763797485,1.04811019522457
84,74,4,200,"correct","robust",0.977391418419192,FALSE,0.085465408161592,TRUE,"log_growth_sd",1.50407739677627,1.58954280493787,0.14865413873683,1.30189456756895,1.58169357913147,1.87512196455315,TRUE,0.574927875455226,0.573227396984203
84,74,4,200,"correct","robust",0.977391418419192,FALSE,0.155864215847552,TRUE,"log_recruitment_at_80",-1.69314718055995,-1.53728296471239,0.140730508923902,-1.81471983803555,-1.53949563487594,-1.27069587891999,TRUE,1.10753678814473,0.544023959115563
84,74,4,200,"correct","robust",0.977391418419192,FALSE,-0.114432161308291,TRUE,"recruitment_slope_20",1.5,1.38556783869171,0.106288472254687,1.17753455117839,1.38542369192845,1.58752411653123,TRUE,-1.07661874219144,0.409989565352841
84,74,4,200,"correct","robust",0.977391418419192,FALSE,0.541639476391275,TRUE,"recruit_mean_80",44.6,45.1416394763913,0.756140988469341,43.7271314597145,45.1670223973946,46.6083709256955,TRUE,0.716320745272278,2.88123946598092
84,74,4,200,"correct","robust",0.977391418419192,FALSE,-0.508741522996908,TRUE,"recruit_mean_slope_20",0.4,-0.108741522996908,0.460440641982333,-1.00717564284766,-0.113087479281615,0.786272157940602,TRUE,-1.10490142835051,1.79344780078826
84,74,4,200,"correct","robust",0.977391418419192,FALSE,-0.057433965454357,TRUE,"log_recruit_sd",1.25276296849537,1.19532900304101,0.0570979068007587,1.08103633403234,1.19488029219463,1.30993574643017,TRUE,-1.00588565627758,0.228899412397823
84,74,4,200,"correct","robust",0.977391418419192,FALSE,NA,TRUE,"log_process_precision",NA,4.09989963258211,0.862405798331767,2.51913832169848,4.06531825479521,5.89040380742926,NA,NA,3.37126548573077
85,98,5,200,"correct","robust",0.0353330876372944,FALSE,0.0781666005488587,TRUE,"survival_at_80",0.36,0.438166600548859,0.099403785576413,0.245498140887737,0.434887336318871,0.626945493412909,TRUE,0.786354363625026,0.381447352525172
85,98,5,200,"correct","robust",0.0353330876372944,FALSE,-0.125342617191446,TRUE,"survival_slope_20",0.64,0.514657382808554,0.0879051835165269,0.337813942584515,0.520241571081685,0.676612081934365,TRUE,-1.42588425593675,0.33879813934985
85,98,5,200,"correct","robust",0.0353330876372944,FALSE,1.17031924748003,TRUE,"growth_increment_80",8.4,9.57031924748003,0.969211516821847,7.73573864302738,9.58454356575005,11.4973846060351,TRUE,1.20749622468131,3.76164596300773
85,98,5,200,"correct","robust",0.0353330876372944,FALSE,0.531020581017313,TRUE,"growth_slope_20",-2.4,-1.86897941898269,0.389673942755927,-2.62081303998296,-1.87545157035906,-1.12538097761084,TRUE,1.36273053636003,1.49543206237211
85,98,5,200,"correct","robust",0.0353330876372944,FALSE,0.335105404797228,TRUE,"log_growth_sd",1.50407739677627,1.8391828015735,0.145526101775154,1.55467925771117,1.83841608040787,2.13461012712185,FALSE,2.3027168371141,0.579930869410683
85,98,5,200,"correct","robust",0.0353330876372944,FALSE,0.459807676087323,TRUE,"log_recruitment_at_80",-1.69314718055995,-1.23333950447262,0.136678482245792,-1.49714873462667,-1.2293887750528,-0.963560347298375,FALSE,3.36415556078856,0.533588387328297
85,98,5,200,"correct","robust",0.0353330876372944,FALSE,-0.581673254600617,TRUE,"recruitment_slope_20",1.5,0.918326745399383,0.113986231374021,0.700860215347625,0.913043293385749,1.1411500189292,FALSE,-5.10301329896576,0.44028980358157
85,98,5,200,"correct","robust",0.0353330876372944,FALSE,0.495967222210631,TRUE,"recruit_mean_80",44.6,45.0959672222106,0.571478209074871,44.0512653433117,45.0835215517847,46.1726288151674,TRUE,0.867867250815249,2.12136347185568
85,98,5,200,"correct","robust",0.0353330876372944,FALSE,-0.159580592811815,TRUE,"recruit_mean_slope_20",0.4,0.240419407188185,0.428320099998373,-0.583076889636163,0.241181918667571,1.05542639098226,TRUE,-0.372573205909368,1.63850328061842
85,98,5,200,"correct","robust",0.0353330876372944,FALSE,-0.0245254990843606,TRUE,"log_recruit_sd",1.25276296849537,1.22823746941101,0.072868665111074,1.09116914554987,1.22826902954327,1.37226827409433,TRUE,-0.336571268966933,0.281099128544464
85,98,5,200,"correct","robust",0.0353330876372944,FALSE,NA,TRUE,"log_process_precision",NA,5.21056904144812,1.28876047293521,2.57731310112632,5.21512823457943,7.52614079027462,NA,NA,4.9488276891483
86,122,6,200,"correct","robust",0.963179717615696,FALSE,0.0548257295742364,TRUE,"survival_at_80",0.36,0.414825729574236,0.110310191171135,0.192217322191999,0.419011140642543,0.627168999989908,TRUE,0.497014183296806,0.434951677797909
86,122,6,200,"correct","robust",0.963179717615696,FALSE,-0.102235120516362,TRUE,"survival_slope_20",0.64,0.537764879483638,0.0823073381684854,0.383987975226545,0.536457326486553,0.704481544105563,TRUE,-1.24211428520606,0.320493568879018
86,122,6,200,"correct","robust",0.963179717615696,FALSE,0.0712897994179897,TRUE,"growth_increment_80",8.4,8.47128979941799,1.04386017398711,6.4363596959542,8.51564378559339,10.4501568024179,TRUE,0.0682943953553594,4.01379710646365
86,122,6,200,"correct","robust",0.963179717615696,FALSE,0.817078336631362,TRUE,"growth_slope_20",-2.4,-1.58292166336864,0.437063027861216,-2.43559951044548,-1.57654489959106,-0.731996830635145,TRUE,1.86947484583577,1.70360267981033
86,122,6,200,"correct","robust",0.963179717615696,FALSE,0.39901266456361,TRUE,"log_growth_sd",1.50407739677627,1.90309006133988,0.175620433396143,1.56195620686324,1.89771873174647,2.22947705550064,FALSE,2.27201730941847,0.6675208486374
86,122,6,200,"correct","robust",0.963179717615696,FALSE,0.275288675737588,TRUE,"log_recruitment_at_80",-1.69314718055995,-1.41785850482236,0.143941851207524,-1.67996515283126,-1.41715136976776,-1.14154522437157,FALSE,1.91249920317267,0.538419928459693
86,122,6,200,"correct","robust",0.963179717615696,FALSE,-0.203296098694896,TRUE,"recruitment_slope_20",1.5,1.2967039013051,0.0992618989372692,1.10023180663204,1.29436464909785,1.48591403759937,FALSE,-2.04807787148394,0.385682230967331
86,122,6,200,"correct","robust",0.963179717615696,FALSE,-1.06572169615528,TRUE,"recruit_mean_80",44.6,43.5342783038447,0.644057255442154,42.2643710018481,43.5328867720731,44.8609788597073,TRUE,-1.65470024155484,2.59660785785921
86,122,6,200,"correct","robust",0.963179717615696,FALSE,0.411393312212002,TRUE,"recruit_mean_slope_20",0.4,0.811393312212002,0.34065431779436,0.0932639185995813,0.809601751108942,1.47203163186149,TRUE,1.207656238957,1.37876771326191
86,122,6,200,"correct","robust",0.963179717615696,FALSE,-0.119064499081821,TRUE,"log_recruit_sd",1.25276296849537,1.13369846941355,0.075794085819641,0.985405978590214,1.13362516789966,1.28398242377824,TRUE,-1.57089432235051,0.298576445188026
86,122,6,200,"correct","robust",0.963179717615696,FALSE,NA,TRUE,"log_process_precision",NA,4.64458570230066,1.15020999757214,2.24194349933209,4.64937993169132,6.71557348118956,NA,NA,4.47362998185747
87,146,7,200,"correct","robust",3.02982162241474e-09,FALSE,0.136145475949683,TRUE,"survival_at_80",0.36,0.496145475949683,0.128054650252306,0.244225704077183,0.497280547656994,0.754260595656762,TRUE,1.06318259962787,0.510034891579579
87,146,7,200,"correct","robust",3.02982162241474e-09,FALSE,0.126641344614278,TRUE,"survival_slope_20",0.64,0.766641344614278,0.084077134459181,0.600162889324742,0.765570382217808,0.93334519009841,TRUE,1.50625191294741,0.333182300773668
87,146,7,200,"correct","robust",3.02982162241474e-09,FALSE,-0.504171529865882,TRUE,"growth_increment_80",8.4,7.89582847013412,1.04318942716929,5.79934328093107,7.89046254707722,9.92349050953595,TRUE,-0.483298159217315,4.12414722860488
87,146,7,200,"correct","robust",3.02982162241474e-09,FALSE,0.296039693220628,TRUE,"growth_slope_20",-2.4,-2.10396030677937,0.459185380044958,-3.02017948869897,-2.11603580016336,-1.18227710672544,TRUE,0.64470626915788,1.83790238197354
87,146,7,200,"correct","robust",3.02982162241474e-09,FALSE,0.367931765833834,TRUE,"log_growth_sd",1.50407739677627,1.87200916261011,0.132719661167961,1.60008220224024,1.87417087611448,2.13289611652692,FALSE,2.77224762778896,0.532813914286684
87,146,7,200,"correct","robust",3.02982162241474e-09,FALSE,-1.70850803898069,TRUE,"log_recruitment_at_80",-1.69314718055995,-3.40165521954064,0.733359684047602,-4.81711117472738,-3.41185823940235,-1.97800836215115,FALSE,-2.32969997689401,2.83910281257622
87,146,7,200,"correct","robust",3.02982162241474e-09,FALSE,-3.37964599126875,TRUE,"recruitment_slope_20",1.5,-1.87964599126875,0.42907102956548,-2.69615376519182,-1.88671219055007,-1.04768468954199,FALSE,-7.87665854460349,1.64846907564983
87,146,7,200,"correct","robust",3.02982162241474e-09,FALSE,3.71964165227352,TRUE,"recruit_mean_80",44.6,48.3196416522735,3.94877383837955,40.6479223616258,48.3381052255287,56.2637023402156,TRUE,0.941973839099364,15.6157799785898
87,146,7,200,"correct","robust",3.02982162241474e-09,FALSE,1.20499495347921,TRUE,"recruit_mean_slope_20",0.4,1.60499495347921,2.27410057085286,-2.88664631434147,1.62699401045798,6.20023999642373,TRUE,0.529877600368086,9.0868863107652
87,146,7,200,"correct","robust",3.02982162241474e-09,FALSE,0.0462885283067525,TRUE,"log_recruit_sd",1.25276296849537,1.29905149680212,0.0628291582813729,1.17862787286917,1.30039353101693,1.41787701928756,TRUE,0.736736406676893,0.239249146418387
87,146,7,200,"correct","robust",3.02982162241474e-09,FALSE,NA,TRUE,"log_process_precision",NA,3.92757823868293,0.839768494269596,2.27150952709754,3.94858311992868,5.53096239989606,NA,NA,3.25945287279852
88,170,8,200,"correct","robust",0.961991216791986,FALSE,0.00959124560179425,TRUE,"survival_at_80",0.36,0.369591245601794,0.110717911857444,0.159013669383138,0.371395202777283,0.582085151435274,TRUE,0.0866277681803067,0.423071482052135
88,170,8,200,"correct","robust",0.961991216791986,FALSE,-0.00499500655349872,TRUE,"survival_slope_20",0.64,0.635004993446501,0.0810586664230471,0.476650391172646,0.631725036632735,0.792703024404689,TRUE,-0.0616221161032882,0.316052633232043
88,170,8,200,"correct","robust",0.961991216791986,FALSE,-0.509735124676178,TRUE,"growth_increment_80",8.4,7.89026487532382,0.931314887778643,6.05899839999321,7.8818697132764,9.68408398092194,TRUE,-0.547328439999482,3.62508558092873
88,170,8,200,"correct","robust",0.961991216791986,FALSE,-0.0875879425970911,TRUE,"growth_slope_20",-2.4,-2.48758794259709,0.355565624759503,-3.1953261764439,-2.50968239315568,-1.74997098384742,TRUE,-0.246334112461894,1.44535519259648
88,170,8,200,"correct","robust",0.961991216791986,FALSE,0.17364547483922,TRUE,"log_growth_sd",1.50407739677627,1.67772287161549,0.168660931869526,1.33157898277,1.67436393279989,2.00829512552091,TRUE,1.02955363114886,0.676716142750908
88,170,8,200,"correct","robust",0.961991216791986,FALSE,-0.0936527020088962,TRUE,"log_recruitment_at_80",-1.69314718055995,-1.78679988256884,0.190803709683864,-2.16972412114559,-1.77838295799589,-1.46375004350481,TRUE,-0.490832710559276,0.70597407764078
88,170,8,200,"correct","robust",0.961991216791986,FALSE,0.126502466769534,TRUE,"recruitment_slope_20",1.5,1.62650246676953,0.118035860586837,1.40744901302291,1.61869797426551,1.87612007566136,TRUE,1.07172910114438,0.468671062638453
88,170,8,200,"correct","robust",0.961991216791986,FALSE,-0.0101184726548311,TRUE,"recruit_mean_80",44.6,44.5898815273452,1.55557073615723,41.5821829455046,44.5978935910476,47.7220255442017,TRUE,-0.00650466894217042,6.13984259869715
88,170,8,200,"correct","robust",0.961991216791986,FALSE,0.012294221620565,TRUE,"recruit_mean_slope_20",0.4,0.412294221620565,0.789996103982211,-1.16968560948807,0.399036144762637,1.96623558987756,TRUE,0.0155623825973221,3.13592119936562
88,170,8,200,"correct","robust",0.961991216791986,FALSE,-0.00753486870760178,TRUE,"log_recruit_sd",1.25276296849537,1.24522809978777,0.0630041675876511,1.11913994795114,1.24455261915508,1.3646654837079,TRUE,-0.119593179246743,0.245525535756767
88,170,8,200,"correct","robust",0.961991216791986,FALSE,NA,TRUE,"log_process_precision",NA,3.04906262519323,0.401865418513402,2.2969750636065,3.052409916688,3.84449774824012,NA,NA,1.54752268463362
89,194,9,200,"correct","robust",0.989838230797392,FALSE,0.0957735421292835,TRUE,"survival_at_80",0.36,0.455773542129283,0.105734711657994,0.249697780967399,0.457709560424583,0.655009820622626,TRUE,0.905790923600091,0.405312039655227
89,194,9,200,"correct","robust",0.989838230797392,FALSE,-0.0505330263211256,TRUE,"survival_slope_20",0.64,0.589466973678874,0.0642925637781261,0.467200444306149,0.591718156783987,0.713012495324642,TRUE,-0.785985553407315,0.245812051018494
89,194,9,200,"correct","robust",0.989838230797392,FALSE,-1.43241971184056,TRUE,"growth_increment_80",8.4,6.96758028815944,0.836785307190346,5.36054092610475,6.93759614031428,8.60890444016463,TRUE,-1.71181269500316,3.24836351405988
89,194,9,200,"correct","robust",0.989838230797392,FALSE,0.115273086633195,TRUE,"growth_slope_20",-2.4,-2.2847269133668,0.378543297990152,-2.9991494210479,-2.27785706482632,-1.53617269907218,TRUE,0.304517573670513,1.46297672197572
89,194,9,200,"correct","robust",0.989838230797392,FALSE,0.21475766807735,TRUE,"log_growth_sd",1.50407739677627,1.71883506485362,0.127858677209142,1.46933632624212,1.71913105161569,1.95340610988023,TRUE,1.67964875568096,0.484069783638113
89,194,9,200,"correct","robust",0.989838230797392,FALSE,-0.126229951869779,TRUE,"log_recruitment_at_80",-1.69314718055995,-1.81937713242972,0.172271412408211,-2.16792529377424,-1.81684923383269,-1.48997008844618,TRUE,-0.732738822449933,0.677955205328052
89,194,9,200,"correct","robust",0.989838230797392,FALSE,0.140533872672195,TRUE,"recruitment_slope_20",1.5,1.6405338726722,0.113028556804274,1.41879512301015,1.63604935529267,1.86726608481919,TRUE,1.24334837713226,0.448470961809042
89,194,9,200,"correct","robust",0.989838230797392,FALSE,-0.612093108646597,TRUE,"recruit_mean_80",44.6,43.9879068913534,1.07167320046268,41.9289553156273,43.9971721161676,46.0515710863686,TRUE,-0.571156494705976,4.12261577074128
89,194,9,200,"correct","robust",0.989838230797392,FALSE,0.291639071294254,TRUE,"recruit_mean_slope_20",0.4,0.691639071294254,0.552765297903669,-0.361200096805604,0.687599137729018,1.76283868477998,TRUE,0.5276001811262,2.12403878158558
89,194,9,200,"correct","robust",0.989838230797392,FALSE,0.00989267579418573,TRUE,"log_recruit_sd",1.25276296849537,1.26265564428955,0.0588211609457552,1.14884929806474,1.26223250397153,1.37985031398913,TRUE,0.16818226017859,0.231001015924392
89,194,9,200,"correct","robust",0.989838230797392,FALSE,NA,TRUE,"log_process_precision",NA,5.52422336364473,1.14779512305787,3.38136218560541,5.5229400967956,7.77150358056376,NA,NA,4.39014139495835
90,218,10,200,"correct","robust",0.962672517058724,FALSE,-0.00672218969404748,TRUE,"survival_at_80",0.36,0.353277810305952,0.0978553651686392,0.170516640162209,0.352214003275626,0.542980443930817,TRUE,-0.0686951572094466,0.372463803768608
90,218,10,200,"correct","robust",0.962672517058724,FALSE,-0.0215310383568453,TRUE,"survival_slope_20",0.64,0.618468961643155,0.0800980495455886,0.466423242118005,0.618594008265455,0.779616106577903,TRUE,-0.268808522541997,0.313192864459899
90,218,10,200,"correct","robust",0.962672517058724,FALSE,0.160840222878445,TRUE,"growth_increment_80",8.4,8.56084022287845,1.00374930781888,6.54055744235255,8.56848441240845,10.4485581454126,TRUE,0.1602394359085,3.90800070306008
90,218,10,200,"correct","robust",0.962672517058724,FALSE,-0.218243304450215,TRUE,"growth_slope_20",-2.4,-2.61824330445021,0.372272180406791,-3.32602088706027,-2.61670709698402,-1.85115935516001,TRUE,-0.586246611851938,1.47486153190026
90,218,10,200,"correct","robust",0.962672517058724,FALSE,0.249016420756686,TRUE,"log_growth_sd",1.50407739677627,1.75309381753296,0.161742568931249,1.42692498940321,1.75568873299302,2.06817083808519,TRUE,1.53958492437779,0.641245848681976
90,218,10,200,"correct","robust",0.962672517058724,FALSE,-0.0373457724003874,TRUE,"log_recruitment_at_80",-1.69314718055995,-1.73049295296033,0.20656114110289,-2.13434894933876,-1.71733087664564,-1.36421038419304,TRUE,-0.18079766698125,0.770138565145719
90,218,10,200,"correct","robust",0.962672517058724,FALSE,-0.0679101666652633,TRUE,"recruitment_slope_20",1.5,1.43208983333474,0.135517616077742,1.16719926288005,1.42592442051451,1.70398960904884,TRUE,-0.501116892628228,0.53679034616879
90,218,10,200,"correct","robust",0.962672517058724,FALSE,1.15812698353861,TRUE,"recruit_mean_80",44.6,45.7581269835386,1.10448651002452,43.6355447996428,45.75869530248,47.9217578472947,TRUE,1.04856598340246,4.28621304765196
90,218,10,200,"correct","robust",0.962672517058724,FALSE,-0.669158702936962,TRUE,"recruit_mean_slope_20",0.4,-0.269158702936962,0.605294739772604,-1.45068075167443,-0.259908997997765,0.895358976826739,TRUE,-1.10550886860235,2.34603972850117
90,218,10,200,"correct","robust",0.962672517058724,FALSE,-0.00509576581525084,TRUE,"log_recruit_sd",1.25276296849537,1.24766720268012,0.0612222405352378,1.1296780623663,1.24720069940684,1.3723015206961,TRUE,-0.0832338994898081,0.2426234583298
90,218,10,200,"correct","robust",0.962672517058724,FALSE,NA,TRUE,"log_process_precision",NA,2.65012875639217,0.353721125055179,1.99463034628917,2.6445821110126,3.33847555386812,NA,NA,1.34384520757895
91,2,1,800,"correct","robust",0.990694980544151,FALSE,-0.0447101781062265,TRUE,"survival_at_80",0.36,0.315289821893773,0.0980303257301171,0.131463474677776,0.311367190329326,0.514718432919136,TRUE,-0.456085173370902,0.38325495824136
91,2,1,800,"correct","robust",0.990694980544151,FALSE,0.0484480606806128,TRUE,"survival_slope_20",0.64,0.688448060680613,0.0738222621611964,0.542743694211344,0.686768392404572,0.837458422920717,TRUE,0.656279816714677,0.294714728709373
91,2,1,800,"correct","robust",0.990694980544151,FALSE,0.818703312933666,TRUE,"growth_increment_80",8.4,9.21870331293367,0.760636013916361,7.70381354146821,9.25325083668141,10.7030337637959,TRUE,1.07634045450771,2.99922022232773
91,2,1,800,"correct","robust",0.990694980544151,FALSE,-0.685742567650462,TRUE,"growth_slope_20",-2.4,-3.08574256765046,0.306160830155887,-3.67133814111759,-3.09858426944249,-2.49637455751528,FALSE,-2.2398115634234,1.17496358360232
91,2,1,800,"correct","robust",0.990694980544151,FALSE,-0.13869115734495,TRUE,"log_growth_sd",1.50407739677627,1.36538623943132,0.179692257462778,1.01692039569213,1.37437019783711,1.70885683242369,TRUE,-0.771826005768103,0.691936436731561
91,2,1,800,"correct","robust",0.990694980544151,FALSE,-0.052851578074905,TRUE,"log_recruitment_at_80",-1.69314718055995,-1.74599875863485,0.122224667833541,-1.9505239450989,-1.74666253111824,-1.56467965872297,TRUE,-0.432413350035725,0.385844286375921
91,2,1,800,"correct","robust",0.990694980544151,FALSE,0.0321619070651586,TRUE,"recruitment_slope_20",1.5,1.53216190706516,0.0801267163911662,1.39610653509614,1.53425174883846,1.67369956824461,TRUE,0.401388057737811,0.277593033148475
91,2,1,800,"correct","robust",0.990694980544151,FALSE,0.138543539572971,TRUE,"recruit_mean_80",44.6,44.738543539573,1.70412413329304,41.3120298601827,44.7133160723845,47.967101378799,TRUE,0.0812989716337451,6.65507151861626
91,2,1,800,"correct","robust",0.990694980544151,FALSE,0.132403847149794,TRUE,"recruit_mean_slope_20",0.4,0.532403847149794,0.853962100370411,-1.11278871013728,0.524449907883558,2.21967878417044,TRUE,0.155046514467519,3.33246749430772
91,2,1,800,"correct","robust",0.990694980544151,FALSE,0.042296847910609,TRUE,"log_recruit_sd",1.25276296849537,1.29505981640598,0.0830244959393542,1.13719477132581,1.29646581493149,1.45640547779744,TRUE,0.509450222275423,0.319210706471623
91,2,1,800,"correct","robust",0.990694980544151,FALSE,NA,TRUE,"log_process_precision",NA,1.85519980730967,0.204200190081795,1.4446693180805,1.85086825495736,2.25902804665899,NA,NA,0.814358728578492
92,26,2,800,"correct","robust",0.972751895218343,FALSE,0.14030849466358,TRUE,"survival_at_80",0.36,0.50030849466358,0.0968480051229992,0.30085505914939,0.501788196221267,0.672653952082978,TRUE,1.44874945524572,0.371798892933588
92,26,2,800,"correct","robust",0.972751895218343,FALSE,-0.0338735302652006,TRUE,"survival_slope_20",0.64,0.6061264697348,0.0666366959135919,0.472546662411359,0.607669245724974,0.729164035084002,TRUE,-0.508331480137079,0.256617372672643
92,26,2,800,"correct","robust",0.972751895218343,FALSE,-0.955802732480342,TRUE,"growth_increment_80",8.4,7.44419726751966,0.723630081511423,6.09755544327034,7.46282125002645,8.8018395962813,TRUE,-1.32084438845326,2.70428415301096
92,26,2,800,"correct","robust",0.972751895218343,FALSE,0.386443070725917,TRUE,"growth_slope_20",-2.4,-2.01355692927408,0.308569019882472,-2.60227962316548,-2.01258419402315,-1.38881472351544,TRUE,1.25237157921138,1.21346489965005
92,26,2,800,"correct","robust",0.972751895218343,FALSE,0.05922946384137,TRUE,"log_growth_sd",1.50407739677627,1.56330686061764,0.147204924082609,1.27687479091024,1.56347120709321,1.8391038560969,TRUE,0.402360615383568,0.562229065186665
92,26,2,800,"correct","robust",0.972751895218343,FALSE,0.0836717202009767,TRUE,"log_recruitment_at_80",-1.69314718055995,-1.60947546035897,0.103787829132193,-1.78667073256824,-1.61363082325848,-1.42028507754602,TRUE,0.806180463553251,0.366385655022218
92,26,2,800,"correct","robust",0.972751895218343,FALSE,-0.0820978839402946,TRUE,"recruitment_slope_20",1.5,1.41790211605971,0.0781404962788364,1.26895572333035,1.41940593997419,1.56047325287199,TRUE,-1.05064451660681,0.291517529541643
92,26,2,800,"correct","robust",0.972751895218343,FALSE,1.00217991310088,TRUE,"recruit_mean_80",44.6,45.6021799131009,1.22654436093899,43.2328247987529,45.606042786216,48.0273774345554,TRUE,0.817075961552383,4.79455263580252
92,26,2,800,"correct","robust",0.972751895218343,FALSE,-0.678420766042414,TRUE,"recruit_mean_slope_20",0.4,-0.278420766042414,0.661142561848955,-1.568170331421,-0.284690989134613,1.00092292732472,TRUE,-1.02613385552601,2.56909325874572
92,26,2,800,"correct","robust",0.972751895218343,FALSE,-0.0319094166028708,TRUE,"log_recruit_sd",1.25276296849537,1.2208535518925,0.0582845896035888,1.10907113568592,1.21978349554392,1.34686932768071,TRUE,-0.547476045038603,0.237798191994789
92,26,2,800,"correct","robust",0.972751895218343,FALSE,NA,TRUE,"log_process_precision",NA,5.76346475488583,1.17077840172198,3.49739681555283,5.76637721933998,8.02684398088682,NA,NA,4.52944716533399
93,50,3,800,"correct","robust",0.488954301884929,FALSE,0.207294890689575,TRUE,"survival_at_80",0.36,0.567294890689575,0.146356862254439,0.280874896278341,0.568884848113693,0.845914499043237,TRUE,1.41636604868719,0.565039602764896
93,50,3,800,"correct","robust",0.488954301884929,FALSE,0.0355794603868459,TRUE,"survival_slope_20",0.64,0.675579460386846,0.0952548051734534,0.487211686176013,0.674267516144485,0.862492080507366,TRUE,0.3735187985746,0.375280394331354
93,50,3,800,"correct","robust",0.488954301884929,FALSE,-0.758444749056953,TRUE,"growth_increment_80",8.4,7.64155525094305,1.29538819801601,5.3099325319118,7.60740043836664,10.1603889636636,TRUE,-0.585496108593988,4.85045643175183
93,50,3,800,"correct","robust",0.488954301884929,FALSE,0.968241786248006,TRUE,"growth_slope_20",-2.4,-1.43175821375199,0.539170511207731,-2.49260226412584,-1.41408027871824,-0.388569566114093,TRUE,1.79579885420507,2.10403269801175
93,50,3,800,"correct","robust",0.488954301884929,FALSE,0.290423401533712,TRUE,"log_growth_sd",1.50407739677627,1.79450079830999,0.17100452621806,1.45345453130532,1.80386123949409,2.11029998633076,TRUE,1.69833751162453,0.656845455025442
93,50,3,800,"correct","robust",0.488954301884929,FALSE,0.428898626826511,TRUE,"log_recruitment_at_80",-1.69314718055995,-1.26424855373343,0.334241658859106,-1.7345399879379,-1.2435205349592,-0.717282278464764,TRUE,1.2831991927353,1.01725770947313
93,50,3,800,"correct","robust",0.488954301884929,FALSE,-0.282942007520098,TRUE,"recruitment_slope_20",1.5,1.2170579924799,0.201467877305294,0.861226681502854,1.24419386870626,1.52104424099937,TRUE,-1.4044025841963,0.659817559496519
93,50,3,800,"correct","robust",0.488954301884929,FALSE,-0.880339853210934,TRUE,"recruit_mean_80",44.6,43.7196601467891,0.971872766446591,41.6604409189692,43.7772755755214,45.5178016855783,TRUE,-0.905818007875327,3.85736076660908
93,50,3,800,"correct","robust",0.488954301884929,FALSE,0.810990492466015,TRUE,"recruit_mean_slope_20",0.4,1.21099049246602,0.441930965888248,0.401737899872909,1.19785585582481,2.14555614448001,FALSE,1.83510673626589,1.7438182446071
93,50,3,800,"correct","robust",0.488954301884929,FALSE,-0.0418944153108312,TRUE,"log_recruit_sd",1.25276296849537,1.21086855318454,0.111736280023296,0.984457991181773,1.2134038924711,1.42168537616763,TRUE,-0.374940129580977,0.437227384985853
93,50,3,800,"correct","robust",0.488954301884929,FALSE,NA,TRUE,"log_process_precision",NA,4.72879257007064,1.25828399103072,2.29287452817578,4.74060547386185,7.12601551471687,NA,NA,4.83314098654109
94,74,4,800,"correct","robust",0.997064864801279,FALSE,-0.0951707763314845,TRUE,"survival_at_80",0.36,0.264829223668515,0.0743039537631032,0.131187742134234,0.265893593355732,0.415713828529288,TRUE,-1.28083058184103,0.284526086395054
94,74,4,800,"correct","robust",0.997064864801279,FALSE,-0.0785646912391493,TRUE,"survival_slope_20",0.64,0.561435308760851,0.0636743556290591,0.431860455202584,0.561000978310403,0.685946117183509,TRUE,-1.2338513749057,0.254085661980925
94,74,4,800,"correct","robust",0.997064864801279,FALSE,1.07560348664741,TRUE,"growth_increment_80",8.4,9.47560348664741,0.727672632904838,8.07813352739187,9.48230944711601,10.875120477667,TRUE,1.47814200783345,2.79698695027511
94,74,4,800,"correct","robust",0.997064864801279,FALSE,-0.0431560788216578,TRUE,"growth_slope_20",-2.4,-2.44315607882166,0.275534816638823,-3.00359250810661,-2.44055987067296,-1.89598465724106,TRUE,-0.156626590236789,1.10760785086555
94,74,4,800,"correct","robust",0.997064864801279,FALSE,0.0948785662672402,TRUE,"log_growth_sd",1.50407739677627,1.59895596304351,0.155477259953194,1.29400226963372,1.59748078682517,1.90303892056722,TRUE,0.610240792099135,0.609036650933494
94,74,4,800,"correct","robust",0.997064864801279,FALSE,0.0196662107671535,TRUE,"log_recruitment_at_80",-1.69314718055995,-1.67348096979279,0.0949046585364199,-1.85411020801912,-1.67264047722955,-1.48485861061461,TRUE,0.207220710452338,0.369251597404504
94,74,4,800,"correct","robust",0.997064864801279,FALSE,-0.0543027986217708,TRUE,"recruitment_slope_20",1.5,1.44569720137823,0.0755915554206402,1.29681714077129,1.44435157820417,1.58537852004559,TRUE,-0.718371229690869,0.288561379274299
94,74,4,800,"correct","robust",0.997064864801279,FALSE,0.517392481144157,TRUE,"recruit_mean_80",44.6,45.1173924811442,0.794637077974552,43.4973282669232,45.0692093452932,46.6841368186886,TRUE,0.651105385697502,3.18680855176543
94,74,4,800,"correct","robust",0.997064864801279,FALSE,-0.501901728745984,TRUE,"recruit_mean_slope_20",0.4,-0.101901728745984,0.461227816193702,-1.02963726002071,-0.0847723650956742,0.865124322372052,TRUE,-1.08818616554384,1.89476158239276
94,74,4,800,"correct","robust",0.997064864801279,FALSE,-0.0609875083000966,TRUE,"log_recruit_sd",1.25276296849537,1.19177546019527,0.0530498713345166,1.08559335894975,1.19119480278588,1.29776886274743,TRUE,-1.14962594189018,0.212175503797674
94,74,4,800,"correct","robust",0.997064864801279,FALSE,NA,TRUE,"log_process_precision",NA,4.08848917059322,0.897543027897091,2.44338287730045,4.07789306053477,5.84712122704587,NA,NA,3.40373834974542
95,98,5,800,"correct","robust",0.0380705125401188,FALSE,0.0779431222290961,TRUE,"survival_at_80",0.36,0.437943122229096,0.10431166895318,0.220817863152173,0.443052186664313,0.63380769077389,TRUE,0.74721383533879,0.412989827621718
95,98,5,800,"correct","robust",0.0380705125401188,FALSE,-0.130231842429563,TRUE,"survival_slope_20",0.64,0.509768157570437,0.0892931234742248,0.325910696613126,0.504974500116307,0.681946152452738,TRUE,-1.45847560665918,0.356035455839612
95,98,5,800,"correct","robust",0.0380705125401188,FALSE,1.2051728220368,TRUE,"growth_increment_80",8.4,9.6051728220368,1.01096638491206,7.60762604682435,9.5922852409241,11.6591161627905,TRUE,1.19209979681137,4.05149011596617
95,98,5,800,"correct","robust",0.0380705125401188,FALSE,0.519897133064742,TRUE,"growth_slope_20",-2.4,-1.88010286693526,0.397031645870626,-2.64630389380389,-1.86880208248002,-1.1066049721831,TRUE,1.30946018654179,1.5396989216208
95,98,5,800,"correct","robust",0.0380705125401188,FALSE,0.341491448843162,TRUE,"log_growth_sd",1.50407739677627,1.84556884561944,0.148976860503298,1.57725397414453,1.84047639899601,2.13887487361425,FALSE,2.29224490091602,0.56162089946972
95,98,5,800,"correct","robust",0.0380705125401188,FALSE,0.457733422201728,TRUE,"log_recruitment_at_80",-1.69314718055995,-1.23541375835822,0.142619339871841,-1.52154423988127,-1.23571921116817,-0.960281435488813,FALSE,3.20947651709124,0.561262804392453
95,98,5,800,"correct","robust",0.0380705125401188,FALSE,-0.580378101736689,TRUE,"recruitment_slope_20",1.5,0.919621898263311,0.122319694371121,0.70302536069781,0.918889681846882,1.1867343544483,FALSE,-4.7447641585484,0.483708993750492
95,98,5,800,"correct","robust",0.0380705125401188,FALSE,0.486809595397951,TRUE,"recruit_mean_80",44.6,45.086809595398,0.573510264509755,44.0185567423506,45.0516444828249,46.2264898290228,TRUE,0.848824555588525,2.20793308667216
95,98,5,800,"correct","robust",0.0380705125401188,FALSE,-0.145543113132171,TRUE,"recruit_mean_slope_20",0.4,0.254456886867829,0.433648901919813,-0.636043348059717,0.264701785633584,1.08478615538718,TRUE,-0.33562430917693,1.72082950344689
95,98,5,800,"correct","robust",0.0380705125401188,FALSE,-0.0250518730137947,TRUE,"log_recruit_sd",1.25276296849537,1.22771109548157,0.0713957315170419,1.08761479347178,1.22888910192875,1.36164784254413,TRUE,-0.350887545816587,0.274033049072346
95,98,5,800,"correct","robust",0.0380705125401188,FALSE,NA,TRUE,"log_process_precision",NA,5.28679675800922,1.28008976538358,2.72638910622165,5.24595311223261,7.71306781474258,NA,NA,4.98667870852093
96,122,6,800,"correct","robust",0.912655979379395,FALSE,0.035257614135718,TRUE,"survival_at_80",0.36,0.395257614135718,0.106168321841488,0.192682029071192,0.397030939822167,0.603825863724324,TRUE,0.332091659020085,0.411143834653132
96,122,6,800,"correct","robust",0.912655979379395,FALSE,-0.105430655669349,TRUE,"survival_slope_20",0.64,0.534569344330651,0.083094705772144,0.368850722625664,0.53678889655946,0.690801578957527,TRUE,-1.26880111903222,0.321950856331863
96,122,6,800,"correct","robust",0.912655979379395,FALSE,-0.16142815493963,TRUE,"growth_increment_80",8.4,8.23857184506037,1.0260945795221,6.23885097367733,8.20991804084543,10.2609670625714,TRUE,-0.157322880523172,4.02211608889402
96,122,6,800,"correct","robust",0.912655979379395,FALSE,0.625537709077169,TRUE,"growth_slope_20",-2.4,-1.77446229092283,0.400594775001808,-2.559519731182,-1.77699731602712,-1.01328903010335,TRUE,1.5615223864923,1.54623070107866
96,122,6,800,"correct","robust",0.912655979379395,FALSE,0.385827340031432,TRUE,"log_growth_sd",1.50407739677627,1.88990473680771,0.170768203069464,1.56105573500227,1.89982333356393,2.20747274996607,FALSE,2.25936288545759,0.646417014963804
96,122,6,800,"correct","robust",0.912655979379395,FALSE,0.0994763633675197,TRUE,"log_recruitment_at_80",-1.69314718055995,-1.59367081719243,0.164297654660504,-1.83034192349851,-1.62227723879702,-1.1011541367922,TRUE,0.605464293285699,0.729187786706313
96,122,6,800,"correct","robust",0.912655979379395,FALSE,-0.0557139129412951,TRUE,"recruitment_slope_20",1.5,1.4442860870587,0.114391217176381,1.11572131624708,1.45921748644917,1.61279010992831,TRUE,-0.487047120544136,0.497068793681238
96,122,6,800,"correct","robust",0.912655979379395,FALSE,-1.22347833980334,TRUE,"recruit_mean_80",44.6,43.3765216601967,0.756175543441476,41.8870567611439,43.4086679794441,44.8525464360827,TRUE,-1.61798189641931,2.96548967493881
96,122,6,800,"correct","robust",0.912655979379395,FALSE,0.457193797079731,TRUE,"recruit_mean_slope_20",0.4,0.857193797079731,0.391068703756894,0.077886291810092,0.852119134549898,1.61634277949797,TRUE,1.16908817475699,1.53845648768787
96,122,6,800,"correct","robust",0.912655979379395,FALSE,-0.111935966073256,TRUE,"log_recruit_sd",1.25276296849537,1.14082700242211,0.0748520759189612,0.993670995790234,1.14314034137057,1.27875928645908,TRUE,-1.49542901381177,0.285088290668845
96,122,6,800,"correct","robust",0.912655979379395,FALSE,NA,TRUE,"log_process_precision",NA,4.39349563655898,1.02806695018455,2.35245874879341,4.3814171470693,6.47193316616598,NA,NA,4.11947441737258
97,146,7,800,"correct","robust",2.4941790960193e-09,FALSE,0.139831146103677,TRUE,"survival_at_80",0.36,0.499831146103677,0.126986266042101,0.259038344131093,0.49897040669782,0.736182917595475,TRUE,1.10115172657583,0.477144573464383
97,146,7,800,"correct","robust",2.4941790960193e-09,FALSE,0.128112642911917,TRUE,"survival_slope_20",0.64,0.768112642911917,0.0834693385903441,0.611553262458853,0.765454336326975,0.936925876720637,TRUE,1.53484674822543,0.325372614261784
97,146,7,800,"correct","robust",2.4941790960193e-09,FALSE,-0.503450865752862,TRUE,"growth_increment_80",8.4,7.89654913424714,0.992069073749566,5.97102565388133,7.89403199965233,9.85861006191303,TRUE,-0.507475617448742,3.8875844080317
97,146,7,800,"correct","robust",2.4941790960193e-09,FALSE,0.279838976215597,TRUE,"growth_slope_20",-2.4,-2.1201610237844,0.460199662678173,-3.00754760339133,-2.13746115012179,-1.22278708674483,TRUE,0.608081663048271,1.78476051664649
97,146,7,800,"correct","robust",2.4941790960193e-09,FALSE,0.373361916472645,TRUE,"log_growth_sd",1.50407739677627,1.87743931324892,0.129593084458481,1.62560798884436,1.87485198665875,2.14064270510813,FALSE,2.88103271893541,0.515034716263771
97,146,7,800,"correct","robust",2.4941790960193e-09,FALSE,-1.67986136446817,TRUE,"log_recruitment_at_80",-1.69314718055995,-3.37300854502812,0.785126092245628,-4.90162713795831,-3.37125299150004,-1.8050647719097,FALSE,-2.13960710395373,3.09656236604861
97,146,7,800,"correct","robust",2.4941790960193e-09,FALSE,-3.36233176833797,TRUE,"recruitment_slope_20",1.5,-1.86233176833797,0.458633736006157,-2.76423645873948,-1.86283103665754,-0.964306816949904,FALSE,-7.33119154647802,1.79992964178957
97,146,7,800,"correct","robust",2.4941790960193e-09,FALSE,3.69729044938296,TRUE,"recruit_mean_80",44.6,48.297290449383,3.82411245343918,41.0507422385738,48.1834904760325,56.1071579679316,TRUE,0.966836225241713,15.0564157293578
97,146,7,800,"correct","robust",2.4941790960193e-09,FALSE,1.20658630533183,TRUE,"recruit_mean_slope_20",0.4,1.60658630533183,2.20886890768101,-2.53227701618163,1.54533815519888,6.23946595987113,TRUE,0.54624622635418,8.77174297605276
97,146,7,800,"correct","robust",2.4941790960193e-09,FALSE,0.0437590772440193,TRUE,"log_recruit_sd",1.25276296849537,1.29652204573939,0.0591910794555557,1.18381670415582,1.29518381258303,1.40858176533705,TRUE,0.739285001160965,0.224765061181228
97,146,7,800,"correct","robust",2.4941790960193e-09,FALSE,NA,TRUE,"log_process_precision",NA,3.92756788289824,0.849598172623575,2.35614635704844,3.94700099293313,5.49904061814004,NA,NA,3.1428942610916
98,170,8,800,"correct","robust",0.987799497415966,FALSE,0.00873567017676086,TRUE,"survival_at_80",0.36,0.368735670176761,0.0994365819606403,0.166987681369639,0.368893087802024,0.558765479876839,TRUE,0.0878516739465026,0.3917777985072
98,170,8,800,"correct","robust",0.987799497415966,FALSE,-0.010167507098112,TRUE,"survival_slope_20",0.64,0.629832492901888,0.0778683219744875,0.481099136652346,0.629450661109426,0.779659394495584,TRUE,-0.13057308595199,0.298560257843238
98,170,8,800,"correct","robust",0.987799497415966,FALSE,-0.468845784587806,TRUE,"growth_increment_80",8.4,7.93115421541219,0.900707947950817,6.17424104093,7.93759674068145,9.70962247865662,TRUE,-0.520530306915208,3.53538143772662
98,170,8,800,"correct","robust",0.987799497415966,FALSE,-0.0585855683951224,TRUE,"growth_slope_20",-2.4,-2.45858556839512,0.342690916934759,-3.14393947914836,-2.45222919416673,-1.79943845598382,TRUE,-0.170957459039616,1.34450102316454
98,170,8,800,"correct","robust",0.987799497415966,FALSE,0.172540751982412,TRUE,"log_growth_sd",1.50407739677627,1.67661814875869,0.160489225483371,1.40184648177105,1.67125884018765,2.00079127257423,TRUE,1.0750924335434,0.598944790803188
98,170,8,800,"correct","robust",0.987799497415966,FALSE,-0.0419732562686548,TRUE,"log_recruitment_at_80",-1.69314718055995,-1.7351204368286,0.107791670080994,-1.92562238457055,-1.73253581900858,-1.54893177833346,TRUE,-0.389392392168302,0.376690606237088
98,170,8,800,"correct","robust",0.987799497415966,FALSE,0.0916922124405164,TRUE,"recruitment_slope_20",1.5,1.59169221244052,0.0797880162696632,1.43635170138376,1.58880901160006,1.73961473658112,TRUE,1.14919779595247,0.303263035197361
98,170,8,800,"correct","robust",0.987799497415966,FALSE,-0.0143696156000814,TRUE,"recruit_mean_80",44.6,44.5856303843999,1.47714339857689,41.7879268966669,44.5218129391213,47.581727513415,TRUE,-0.00972797604750186,5.79380061674813
98,170,8,800,"correct","robust",0.987799497415966,FALSE,0.0176257665696048,TRUE,"recruit_mean_slope_20",0.4,0.417625766569605,0.769801489927217,-1.17288786692445,0.425877307221968,1.85220237151903,TRUE,0.0228965087756212,3.02509023844348
98,170,8,800,"correct","robust",0.987799497415966,FALSE,-0.0075493974515306,TRUE,"log_recruit_sd",1.25276296849537,1.24521357104384,0.0595769818589355,1.12946915585915,1.24601386772871,1.35924111074421,TRUE,-0.126716681778305,0.229771954885057
98,170,8,800,"correct","robust",0.987799497415966,FALSE,NA,TRUE,"log_process_precision",NA,3.04378378388044,0.426035579913039,2.18849804269048,3.04949567172911,3.85982303365738,NA,NA,1.6713249909669
99,194,9,800,"correct","robust",0.991107611684889,FALSE,0.121772682616561,TRUE,"survival_at_80",0.36,0.481772682616561,0.10785662373352,0.270887545048889,0.48495576243679,0.690231570385532,TRUE,1.12902368349137,0.419344025336643
99,194,9,800,"correct","robust",0.991107611684889,FALSE,-0.0477101475178399,TRUE,"survival_slope_20",0.64,0.59228985248216,0.0675329873162492,0.460396083275552,0.59134165897598,0.721888303126033,TRUE,-0.706471746828239,0.261492219850481
99,194,9,800,"correct","robust",0.991107611684889,FALSE,-1.46366290688508,TRUE,"growth_increment_80",8.4,6.93633709311492,0.872301624551464,5.1677287792174,6.93422775601465,8.64208846029825,TRUE,-1.67793211165656,3.47435968108085
99,194,9,800,"correct","robust",0.991107611684889,FALSE,0.237147471193576,TRUE,"growth_slope_20",-2.4,-2.16285252880642,0.369370461731186,-2.87756805639641,-2.17417792701516,-1.42818195785486,TRUE,0.642031498897071,1.44938609854156
99,194,9,800,"correct","robust",0.991107611684889,FALSE,0.225457803837281,TRUE,"log_growth_sd",1.50407739677627,1.72953520061356,0.131688130722588,1.48793268148267,1.7233677838712,2.00611154061889,TRUE,1.71205865403487,0.518178859136222
99,194,9,800,"correct","robust",0.991107611684889,FALSE,0.00790980382948914,TRUE,"log_recruitment_at_80",-1.69314718055995,-1.68523737673046,0.0977120438517792,-1.86089455444686,-1.68679124476344,-1.50096239188281,TRUE,0.0809501420468457,0.359932162564047
99,194,9,800,"correct","robust",0.991107611684889,FALSE,0.0416282965926675,TRUE,"recruitment_slope_20",1.5,1.54162829659267,0.074489360299894,1.40377983262605,1.54070995994506,1.67987603003063,TRUE,0.558848893655042,0.276096197404575
99,194,9,800,"correct","robust",0.991107611684889,FALSE,-0.601330957102526,TRUE,"recruit_mean_80",44.6,43.9986690428975,1.03225074811871,41.9283267171774,44.0368745038459,45.9773794382164,TRUE,-0.582543493621547,4.04905272103898
99,194,9,800,"correct","robust",0.991107611684889,FALSE,0.295625201080193,TRUE,"recruit_mean_slope_20",0.4,0.695625201080193,0.557033082998655,-0.385599123266419,0.682341215646766,1.78661436394945,TRUE,0.530713902105715,2.17221348721587
99,194,9,800,"correct","robust",0.991107611684889,FALSE,0.00196000267168994,TRUE,"log_recruit_sd",1.25276296849537,1.25472297116706,0.0569251878554565,1.14588634087357,1.25257925943268,1.36621284868787,TRUE,0.0344312025226293,0.220326507814304
99,194,9,800,"correct","robust",0.991107611684889,FALSE,NA,TRUE,"log_process_precision",NA,5.51520866889964,1.14249622221044,3.23967280409565,5.51627431345048,7.88980591521496,NA,NA,4.65013311111931
100,218,10,800,"correct","robust",0.994707584655703,FALSE,0.0278031492655147,TRUE,"survival_at_80",0.36,0.387803149265515,0.100489082280001,0.196709551310406,0.390641718289892,0.584537098524772,TRUE,0.276678308077734,0.387827547214366
100,218,10,800,"correct","robust",0.994707584655703,FALSE,-0.0244173000347843,TRUE,"survival_slope_20",0.64,0.615582699965216,0.0776474208232299,0.469292562910757,0.617322053293457,0.765189040594056,TRUE,-0.314463761653746,0.295896477683299
100,218,10,800,"correct","robust",0.994707584655703,FALSE,0.141538766868308,TRUE,"growth_increment_80",8.4,8.54153876686831,1.06470539998153,6.50216564642921,8.54063595711954,10.571487421617,TRUE,0.132937023584894,4.06932177518775
100,218,10,800,"correct","robust",0.994707584655703,FALSE,-0.0595867407874517,TRUE,"growth_slope_20",-2.4,-2.45958674078745,0.383410417204062,-3.2086795146704,-2.45882761889475,-1.70794179169824,TRUE,-0.155412419991025,1.50073772297216
100,218,10,800,"correct","robust",0.994707584655703,FALSE,0.261171368872948,TRUE,"log_growth_sd",1.50407739677627,1.76524876564922,0.167038494966754,1.44165947909865,1.76795252539595,2.09643247430568,TRUE,1.56354000270973,0.654772995207025
100,218,10,800,"correct","robust",0.994707584655703,FALSE,0.0119784799247549,TRUE,"log_recruitment_at_80",-1.69314718055995,-1.68116870063519,0.0948649581834992,-1.85980690217606,-1.67991638762151,-1.49487682080238,TRUE,0.126268752489035,0.364930081373681
100,218,10,800,"correct","robust",0.994707584655703,FALSE,-0.137947069650233,TRUE,"recruitment_slope_20",1.5,1.36205293034977,0.0737147774343211,1.22538374602248,1.36011706458768,1.50240448539219,TRUE,-1.87136249272599,0.277020739369706
100,218,10,800,"correct","robust",0.994707584655703,FALSE,1.18199708467158,TRUE,"recruit_mean_80",44.6,45.7819970846716,1.07920765025892,43.6831337799481,45.8389055393921,47.8048388244512,TRUE,1.09524527961602,4.12170504450305
100,218,10,800,"correct","robust",0.994707584655703,FALSE,-0.70524519936925,TRUE,"recruit_mean_slope_20",0.4,-0.30524519936925,0.596830729242164,-1.42790844721658,-0.324308347591114,0.868557441094198,TRUE,-1.18165028175534,2.29646588831078
100,218,10,800,"correct","robust",0.994707584655703,FALSE,-0.00838060598760437,TRUE,"log_recruit_sd",1.25276296849537,1.24438236250776,0.0596671161155307,1.13280548789628,1.24756479666626,1.35941489751325,TRUE,-0.140456025583294,0.226609409616965
100,218,10,800,"correct","robust",0.994707584655703,FALSE,NA,TRUE,"log_process_precision",NA,2.68891266759461,0.351983694859198,1.99840867168625,2.68601147991058,3.36104525510509,NA,NA,1.36263658341884
101,2,1,50,"biased","robust",0.976171182740079,FALSE,-0.0672614480359243,TRUE,"survival_at_80",0.36,0.292738551964076,0.104012319475063,0.0855832233073674,0.293658391720002,0.496501368237735,TRUE,-0.646668090620268,0.410918144930368
101,2,1,50,"biased","robust",0.976171182740079,FALSE,0.0675913054095804,TRUE,"survival_slope_20",0.64,0.70759130540958,0.0755295079305008,0.558846862250623,0.706591402615098,0.857310005143675,TRUE,0.894899321623744,0.298463142893052
101,2,1,50,"biased","robust",0.976171182740079,FALSE,0.893838131689302,TRUE,"growth_increment_80",8.4,9.2938381316893,0.776094862710976,7.76705980266167,9.30072079020949,10.8202523688747,TRUE,1.15171247051815,3.05319256621308
101,2,1,50,"biased","robust",0.976171182740079,FALSE,-0.766514900780633,TRUE,"growth_slope_20",-2.4,-3.16651490078063,0.316951416656343,-3.76493309813937,-3.16359411041103,-2.54963284094219,FALSE,-2.41839872137796,1.21530025719718
101,2,1,50,"biased","robust",0.976171182740079,FALSE,-0.150494286510081,TRUE,"log_growth_sd",1.50407739677627,1.35358311026619,0.182051187992705,1.01406944709432,1.35203283155853,1.69805531808295,TRUE,-0.826659183987918,0.683985870988638
101,2,1,50,"biased","robust",0.976171182740079,FALSE,0.342739617986115,TRUE,"log_recruitment_at_80",-1.69314718055995,-1.35040756257383,0.280988802664231,-1.88816622546346,-1.34880958440809,-0.783926799315017,TRUE,1.21976254831647,1.10423942614844
101,2,1,50,"biased","robust",0.976171182740079,FALSE,-0.161394839472874,TRUE,"recruitment_slope_20",1.5,1.33860516052713,0.169543767012309,1.01162252942637,1.33675318438639,1.67289829487243,TRUE,-0.951936142017869,0.661275765446052
101,2,1,50,"biased","robust",0.976171182740079,FALSE,0.450025394620624,TRUE,"recruit_mean_80",44.6,45.0500253946206,1.55251091648667,42.1040203092913,45.0862239364091,48.0696385079125,TRUE,0.289869391475218,5.96561819862119
101,2,1,50,"biased","robust",0.976171182740079,FALSE,0.0467885543462314,TRUE,"recruit_mean_slope_20",0.4,0.446788554346231,0.841635928421036,-1.20156424168523,0.440203790139943,2.04045608605539,TRUE,0.0555923918718748,3.24202032774063
101,2,1,50,"biased","robust",0.976171182740079,FALSE,0.0467296444943814,TRUE,"log_recruit_sd",1.25276296849537,1.29949261298975,0.0837573969873877,1.14458276080215,1.3001204052082,1.45802228126352,TRUE,0.557916627965624,0.313439520461374
101,2,1,50,"biased","robust",0.976171182740079,FALSE,NA,TRUE,"log_process_precision",NA,1.83713798789414,0.20696098236916,1.44200858969038,1.83144344927039,2.25345661071653,NA,NA,0.811448021026154
102,26,2,50,"biased","robust",0.979096123052481,FALSE,0.218185264561161,TRUE,"survival_at_80",0.36,0.578185264561161,0.113312685203922,0.358614324261696,0.577556364883414,0.798567219862974,TRUE,1.92551490743076,0.439952895601278
102,26,2,50,"biased","robust",0.979096123052481,FALSE,-0.0143612311848632,TRUE,"survival_slope_20",0.64,0.625638768815137,0.0700846808153397,0.478341625916547,0.627056345687774,0.758754853856961,TRUE,-0.204912557463198,0.280413227940415
102,26,2,50,"biased","robust",0.979096123052481,FALSE,-1.01735553348123,TRUE,"growth_increment_80",8.4,7.38264446651877,0.786204169170042,5.84638891995856,7.38166877065296,8.99012225730872,TRUE,-1.29400933418505,3.14373333735016
102,26,2,50,"biased","robust",0.979096123052481,FALSE,0.67972492207488,TRUE,"growth_slope_20",-2.4,-1.72027507792512,0.355840580485313,-2.42305346417945,-1.7198691162506,-1.01022711991895,TRUE,1.91019506866765,1.41282634426051
102,26,2,50,"biased","robust",0.979096123052481,FALSE,0.0710753094704515,TRUE,"log_growth_sd",1.50407739677627,1.57515270624673,0.150255944569465,1.29373721127214,1.57586503911698,1.8737914613942,TRUE,0.473028269690806,0.580054250122066
102,26,2,50,"biased","robust",0.979096123052481,FALSE,0.348915479211772,TRUE,"log_recruitment_at_80",-1.69314718055995,-1.34423170134817,0.192683461610914,-1.7083975028743,-1.34645022543557,-0.965801076218825,TRUE,1.81082214474814,0.742596426655476
102,26,2,50,"biased","robust",0.979096123052481,FALSE,-0.300931943597148,TRUE,"recruitment_slope_20",1.5,1.19906805640285,0.133566716470102,0.93822831563,1.19946912854355,1.45272059350375,FALSE,-2.25304590507404,0.514492277873751
102,26,2,50,"biased","robust",0.979096123052481,FALSE,0.874721184210927,TRUE,"recruit_mean_80",44.6,45.4747211842109,0.991056195764585,43.5123416918304,45.4525400688533,47.4540569872904,TRUE,0.882615121068985,3.94171529545991
102,26,2,50,"biased","robust",0.979096123052481,FALSE,-0.677526069106274,TRUE,"recruit_mean_slope_20",0.4,-0.277526069106274,0.591206114426437,-1.4389677647268,-0.265147191042273,0.864761001218069,TRUE,-1.14600653236407,2.30372876594487
102,26,2,50,"biased","robust",0.979096123052481,FALSE,-0.0438070842572711,TRUE,"log_recruit_sd",1.25276296849537,1.2089558842381,0.0583442281835054,1.09595053975159,1.20828622031394,1.31983826597044,TRUE,-0.750838354044006,0.223887726218853
102,26,2,50,"biased","robust",0.979096123052481,FALSE,NA,TRUE,"log_process_precision",NA,5.75003452184069,1.20192598131672,3.25585615525904,5.80672776556525,7.92365586784476,NA,NA,4.66779971258572
103,50,3,50,"biased","robust",0.987560676690273,FALSE,0.137960469298076,TRUE,"survival_at_80",0.36,0.497960469298075,0.121017352723508,0.264230558286449,0.496209590440444,0.742178712876646,TRUE,1.14000567846892,0.477948154590197
103,50,3,50,"biased","robust",0.987560676690273,FALSE,0.0656275073207468,TRUE,"survival_slope_20",0.64,0.705627507320747,0.0859994885918766,0.537412260590089,0.70958526626746,0.874391414473565,TRUE,0.76311508818607,0.336979153883477
103,50,3,50,"biased","robust",0.987560676690273,FALSE,-0.0445226476980398,TRUE,"growth_increment_80",8.4,8.35547735230196,1.03453845619943,6.21026513800434,8.3969846653608,10.2235186522925,TRUE,-0.0430362423274259,4.01325351428816
103,50,3,50,"biased","robust",0.987560676690273,FALSE,0.709873435712335,TRUE,"growth_slope_20",-2.4,-1.69012656428766,0.45235652280021,-2.54357988614387,-1.68338619481225,-0.805389287418905,TRUE,1.56927865507062,1.73819059872497
103,50,3,50,"biased","robust",0.987560676690273,FALSE,0.230477240349531,TRUE,"log_growth_sd",1.50407739677627,1.7345546371258,0.15910007431146,1.42571762576624,1.73194507860254,2.05105426065029,TRUE,1.44863062664785,0.625336634884043
103,50,3,50,"biased","robust",0.987560676690273,FALSE,0.69472643426332,TRUE,"log_recruitment_at_80",-1.69314718055995,-0.998420746296625,0.135547572043332,-1.25958286288071,-0.995862134917783,-0.735091245913936,FALSE,5.12533292769885,0.524491616966778
103,50,3,50,"biased","robust",0.987560676690273,FALSE,-0.421223252051415,TRUE,"recruitment_slope_20",1.5,1.07877674794859,0.107996054629152,0.863331253232631,1.07928004767883,1.28874042517703,FALSE,-3.90035778156763,0.425409171944401
103,50,3,50,"biased","robust",0.987560676690273,FALSE,-0.460998921991596,TRUE,"recruit_mean_80",44.6,44.1390010780084,0.692085389561468,42.7903761752483,44.1396665442085,45.5920910125138,TRUE,-0.666101219509492,2.80171483726554
103,50,3,50,"biased","robust",0.987560676690273,FALSE,0.74058376421477,TRUE,"recruit_mean_slope_20",0.4,1.14058376421477,0.408475044365038,0.301931403346491,1.14849635767797,1.95098543816544,TRUE,1.81304531190145,1.64905403481895
103,50,3,50,"biased","robust",0.987560676690273,FALSE,-0.0130752237956464,TRUE,"log_recruit_sd",1.25276296849537,1.23968774469972,0.0992979937716265,1.0539894318135,1.24294642012291,1.43092294395039,TRUE,-0.13167661600211,0.376933512136889
103,50,3,50,"biased","robust",0.987560676690273,FALSE,NA,TRUE,"log_process_precision",NA,4.90060795834918,1.19024497964848,2.58689317114371,4.90633316290419,7.23626411945223,NA,NA,4.64937094830852
104,74,4,50,"biased","robust",0.981769517950274,FALSE,-0.0940008724032323,TRUE,"survival_at_80",0.36,0.265999127596768,0.0773286132075918,0.111697877321041,0.268067948030479,0.420490841837431,TRUE,-1.21560271811526,0.30879296451639
104,74,4,50,"biased","robust",0.981769517950274,FALSE,-0.070978747283052,TRUE,"survival_slope_20",0.64,0.569021252716948,0.0637397931092828,0.445190608509534,0.569874737175511,0.698759779228946,TRUE,-1.11357040587436,0.253569170719412
104,74,4,50,"biased","robust",0.981769517950274,FALSE,1.18364266567112,TRUE,"growth_increment_80",8.4,9.58364266567112,0.732706301088202,8.19568295822268,9.57192876342894,11.0210649552527,TRUE,1.61543945222416,2.82538199703
104,74,4,50,"biased","robust",0.981769517950274,FALSE,-0.0324627758656084,TRUE,"growth_slope_20",-2.4,-2.43246277586561,0.288126334141183,-3.01071136248488,-2.42983696336561,-1.9103432141303,TRUE,-0.112668548546144,1.10036814835458
104,74,4,50,"biased","robust",0.981769517950274,FALSE,0.092566324671058,TRUE,"log_growth_sd",1.50407739677627,1.59664372144733,0.161569023134363,1.27609563973467,1.59309913796197,1.89507160855755,TRUE,0.572921237470617,0.618975968822887
104,74,4,50,"biased","robust",0.981769517950274,FALSE,0.156210022505135,TRUE,"log_recruitment_at_80",-1.69314718055995,-1.53693715805481,0.173575266356377,-1.87955703414082,-1.54278844518873,-1.21248513009903,TRUE,0.899955539658581,0.667071904041798
104,74,4,50,"biased","robust",0.981769517950274,FALSE,-0.144632414615401,TRUE,"recruitment_slope_20",1.5,1.3553675853846,0.125485302981152,1.11586471004634,1.35794740925885,1.61473916245213,TRUE,-1.15258449539007,0.498874452405794
104,74,4,50,"biased","robust",0.981769517950274,FALSE,0.575483179289442,TRUE,"recruit_mean_80",44.6,45.1754831792894,0.741794599147128,43.6607477930875,45.1844320136686,46.5859528610527,TRUE,0.775798556569566,2.9252050679652
104,74,4,50,"biased","robust",0.981769517950274,FALSE,-0.537136705675616,TRUE,"recruit_mean_slope_20",0.4,-0.137136705675616,0.444703021582156,-0.955377849380374,-0.136847318906557,0.779432785425993,TRUE,-1.20785485955234,1.73481063480637
104,74,4,50,"biased","robust",0.981769517950274,FALSE,-0.0595211275589269,TRUE,"log_recruit_sd",1.25276296849537,1.19324184093644,0.0570298153013082,1.08430191314708,1.19221098036534,1.30363551569448,TRUE,-1.04368438236134,0.219333602547399
104,74,4,50,"biased","robust",0.981769517950274,FALSE,NA,TRUE,"log_process_precision",NA,4.04333988749663,0.913797786669984,2.23375211980863,4.08745502386173,5.78196401917116,NA,NA,3.54821189936254
105,98,5,50,"biased","robust",0.668587916774104,FALSE,0.0507920325468335,TRUE,"survival_at_80",0.36,0.410792032546833,0.103020370924136,0.215067768975909,0.411059474268175,0.619473466033694,TRUE,0.493029020291887,0.404405697057785
105,98,5,50,"biased","robust",0.668587916774104,FALSE,-0.127676952136848,TRUE,"survival_slope_20",0.64,0.512323047863152,0.0849652747778508,0.350068357761855,0.512868537241583,0.675737082621996,TRUE,-1.50269568915855,0.325668724860141
105,98,5,50,"biased","robust",0.668587916774104,FALSE,1.25887208948495,TRUE,"growth_increment_80",8.4,9.65887208948495,0.956233395839143,7.7267775510906,9.63466970310627,11.566863957253,TRUE,1.31649040387282,3.84008640616235
105,98,5,50,"biased","robust",0.668587916774104,FALSE,0.42024912089541,TRUE,"growth_slope_20",-2.4,-1.97975087910459,0.411251047726083,-2.72584767697747,-2.00210954575865,-1.17527480046194,TRUE,1.02187975743547,1.55057287651553
105,98,5,50,"biased","robust",0.668587916774104,FALSE,0.322802242535914,TRUE,"log_growth_sd",1.50407739677627,1.82687963931219,0.148074154553847,1.53149674368288,1.83042808001586,2.08801187095366,FALSE,2.18000395483283,0.556515127270787
105,98,5,50,"biased","robust",0.668587916774104,FALSE,0.470801203713118,TRUE,"log_recruitment_at_80",-1.69314718055995,-1.22234597684683,0.129005370991614,-1.47760295179754,-1.22058057527179,-0.967740816652288,FALSE,3.6494697863682,0.509862135145257
105,98,5,50,"biased","robust",0.668587916774104,FALSE,-0.555262977761111,TRUE,"recruitment_slope_20",1.5,0.944737022238889,0.108099056412701,0.709971298997748,0.950652489339121,1.14891798861433,FALSE,-5.13661262352951,0.438946689616582
105,98,5,50,"biased","robust",0.668587916774104,FALSE,0.536151197264068,TRUE,"recruit_mean_80",44.6,45.1361511972641,0.622432269797284,43.9491972454915,45.1167270340064,46.2900870997339,TRUE,0.861380785155443,2.34088985424243
105,98,5,50,"biased","robust",0.668587916774104,FALSE,-0.174971298102035,TRUE,"recruit_mean_slope_20",0.4,0.225028701897965,0.457530070154321,-0.621120899336292,0.246370288222995,1.11801274787959,TRUE,-0.382425789070035,1.73913364721589
105,98,5,50,"biased","robust",0.668587916774104,FALSE,-0.0182381160401326,TRUE,"log_recruit_sd",1.25276296849537,1.23452485245524,0.0722257296829909,1.08860795728097,1.23411478227599,1.37720463353553,TRUE,-0.252515497180607,0.288596676254566
105,98,5,50,"biased","robust",0.668587916774104,FALSE,NA,TRUE,"log_process_precision",NA,5.12908809658457,1.29036781703323,2.72231277266131,5.08511353360391,7.60518122563748,NA,NA,4.88286845297617
106,122,6,50,"biased","robust",0.98159466714748,FALSE,0.00264040913234281,TRUE,"survival_at_80",0.36,0.362640409132343,0.107954851006713,0.160516183968338,0.363150225497483,0.574128584403371,TRUE,0.0244584574729174,0.413612400435034
106,122,6,50,"biased","robust",0.98159466714748,FALSE,-0.0795781183620967,TRUE,"survival_slope_20",0.64,0.560421881637903,0.0807591548834506,0.39796313590207,0.561020197499554,0.720735395146653,TRUE,-0.985375818716053,0.322772259244583
106,122,6,50,"biased","robust",0.98159466714748,FALSE,0.531003796526004,TRUE,"growth_increment_80",8.4,8.931003796526,1.02569218497181,6.97929144181981,8.90842092038823,10.9020564115603,TRUE,0.517702878413369,3.92276496974045
106,122,6,50,"biased","robust",0.98159466714748,FALSE,0.580680257148018,TRUE,"growth_slope_20",-2.4,-1.81931974285198,0.431749479060526,-2.67928125014858,-1.82829414378081,-0.977156232108585,TRUE,1.34494720969105,1.70212501803999
106,122,6,50,"biased","robust",0.98159466714748,FALSE,0.310953802287441,TRUE,"log_growth_sd",1.50407739677627,1.81503119906372,0.185374767454514,1.46250708842855,1.8107667297729,2.18121632131645,TRUE,1.67743326968025,0.7187092328879
106,122,6,50,"biased","robust",0.98159466714748,FALSE,0.443863313632047,TRUE,"log_recruitment_at_80",-1.69314718055995,-1.2492838669279,0.152328618076207,-1.5540339798362,-1.25347151239933,-0.958364391373565,FALSE,2.91385374092996,0.595669588462634
106,122,6,50,"biased","robust",0.98159466714748,FALSE,-0.26318082654308,TRUE,"recruitment_slope_20",1.5,1.23681917345692,0.106859910263099,1.03220036969884,1.23601311018636,1.44290672613431,FALSE,-2.46285838997154,0.410706356435466
106,122,6,50,"biased","robust",0.98159466714748,FALSE,-0.841529036199127,TRUE,"recruit_mean_80",44.6,43.7584709638009,0.663442150965624,42.3014961919904,43.7627820177246,45.0545135346573,TRUE,-1.26842865647638,2.75301734266689
106,122,6,50,"biased","robust",0.98159466714748,FALSE,0.360051981184696,TRUE,"recruit_mean_slope_20",0.4,0.760051981184696,0.371415968395514,0.0269391802233836,0.756761196598873,1.53021540430609,TRUE,0.969403611643542,1.50327622408271
106,122,6,50,"biased","robust",0.98159466714748,FALSE,-0.0942792861240651,TRUE,"log_recruit_sd",1.25276296849537,1.1584836823713,0.0729992245873261,1.01333348090992,1.16283990071762,1.29563143059759,TRUE,-1.29151078873834,0.282297949687678
106,122,6,50,"biased","robust",0.98159466714748,FALSE,NA,TRUE,"log_process_precision",NA,4.62422699584858,1.12355141136549,2.34520380702412,4.63766580326456,6.694544174668,NA,NA,4.34934036764387
107,146,7,50,"biased","robust",0.00863291666993738,FALSE,0.13549886743423,TRUE,"survival_at_80",0.36,0.49549886743423,0.128015292588907,0.251337728162122,0.493354225210904,0.755812918227996,TRUE,1.05845844425287,0.504475190065875
107,146,7,50,"biased","robust",0.00863291666993738,FALSE,0.127534864955982,TRUE,"survival_slope_20",0.64,0.767534864955982,0.0823704754600496,0.606631825073835,0.765210950465425,0.9320518026081,TRUE,1.54830798588552,0.325419977534265
107,146,7,50,"biased","robust",0.00863291666993738,FALSE,-0.46323470127594,TRUE,"growth_increment_80",8.4,7.93676529872406,0.998006230716911,5.87627508557362,7.95823674741312,9.74458739308085,TRUE,-0.464160129484541,3.86831230750722
107,146,7,50,"biased","robust",0.00863291666993738,FALSE,0.282003482673155,TRUE,"growth_slope_20",-2.4,-2.11799651732685,0.456207533446572,-2.96350034033872,-2.13457477136106,-1.18823348546373,TRUE,0.618147360572206,1.77526685487499
107,146,7,50,"biased","robust",0.00863291666993738,FALSE,0.371094702921362,TRUE,"log_growth_sd",1.50407739677627,1.87517209969764,0.132950392728808,1.62627858474555,1.87147803718682,2.14775950098444,FALSE,2.7912268275756,0.521480916238886
107,146,7,50,"biased","robust",0.00863291666993738,FALSE,-1.67591284765815,TRUE,"log_recruitment_at_80",-1.69314718055995,-3.36906002821809,0.808581591594933,-4.88009159026022,-3.36420918265468,-1.78881791117435,FALSE,-2.07265768238972,3.09127367908587
107,146,7,50,"biased","robust",0.00863291666993738,FALSE,-3.35432863004921,TRUE,"recruitment_slope_20",1.5,-1.85432863004921,0.503865858974233,-2.75351374109234,-1.85683369076798,-0.937299922296272,FALSE,-6.6571857773375,1.81621381879606
107,146,7,50,"biased","robust",0.00863291666993738,FALSE,3.73723122732426,TRUE,"recruit_mean_80",44.6,48.3372312273243,3.55737637299383,41.7038449506182,48.1862432480682,55.1712108622957,TRUE,1.05055828663388,13.4673659116775
107,146,7,50,"biased","robust",0.00863291666993738,FALSE,1.21106713479305,TRUE,"recruit_mean_slope_20",0.4,1.61106713479305,2.06038606723346,-2.13569081488175,1.54673997287702,5.5955061344442,TRUE,0.587786509554096,7.73119694932595
107,146,7,50,"biased","robust",0.00863291666993738,FALSE,0.0468547987232248,TRUE,"log_recruit_sd",1.25276296849537,1.29961776721859,0.0608909325589935,1.18043449414617,1.29857036485037,1.42034682326892,TRUE,0.769487290703425,0.239912329122747
107,146,7,50,"biased","robust",0.00863291666993738,FALSE,NA,TRUE,"log_process_precision",NA,3.957194309232,0.844736381063841,2.38202311812783,3.9355002498224,5.63864748555533,NA,NA,3.2566243674275
108,170,8,50,"biased","robust",0.974428609306523,FALSE,-0.020131778966376,TRUE,"survival_at_80",0.36,0.339868221033624,0.0992100916923845,0.140466975402161,0.342322396982912,0.526047280217632,TRUE,-0.202920676948848,0.385580304815471
108,170,8,50,"biased","robust",0.974428609306523,FALSE,-0.00378698102725206,TRUE,"survival_slope_20",0.64,0.636213018972748,0.0804793820216722,0.48444571504615,0.637365280205667,0.792132363118419,TRUE,-0.0470552945626777,0.307686648072269
108,170,8,50,"biased","robust",0.974428609306523,FALSE,-0.436395272714305,TRUE,"growth_increment_80",8.4,7.9636047272857,0.877096288205635,6.16793278855631,7.98536864319336,9.5654986120993,TRUE,-0.497545456049167,3.397565823543
108,170,8,50,"biased","robust",0.974428609306523,FALSE,-0.191871595892763,TRUE,"growth_slope_20",-2.4,-2.59187159589276,0.332150003312173,-3.23482565138708,-2.59497566847373,-1.9417295269163,TRUE,-0.577665494443578,1.29309612447077
108,170,8,50,"biased","robust",0.974428609306523,FALSE,0.153305432899733,TRUE,"log_growth_sd",1.50407739677627,1.65738282967601,0.158487485980056,1.34375740662358,1.65918280559121,1.96035673069613,TRUE,0.967303077285389,0.616599324072552
108,170,8,50,"biased","robust",0.974428609306523,FALSE,-0.127316958921623,TRUE,"log_recruitment_at_80",-1.69314718055995,-1.82046413948157,0.285225475803456,-2.42047737377474,-1.81218433886183,-1.28130643431674,TRUE,-0.446373026683475,1.13917093945799
108,170,8,50,"biased","robust",0.974428609306523,FALSE,0.167652299792502,TRUE,"recruitment_slope_20",1.5,1.6676522997925,0.162300124077116,1.36065426681684,1.67014739338436,1.99460445704958,TRUE,1.0329770278724,0.633950190232743
108,170,8,50,"biased","robust",0.974428609306523,FALSE,0.0280584449269412,TRUE,"recruit_mean_80",44.6,44.6280584449269,1.52631541616717,41.7166829397583,44.587809868544,47.5721448937439,TRUE,0.0183831235862117,5.85546195398558
108,170,8,50,"biased","robust",0.974428609306523,FALSE,0.000294177511768023,TRUE,"recruit_mean_slope_20",0.4,0.400294177511768,0.779049881610575,-1.08932296408266,0.422846738362476,1.86589232598109,TRUE,0.000377610623802231,2.95521529006375
108,170,8,50,"biased","robust",0.974428609306523,FALSE,-0.00186186540252842,TRUE,"log_recruit_sd",1.25276296849537,1.25090110309284,0.0562875881606,1.14420939921732,1.25102318564358,1.355910822259,TRUE,-0.0330777257184325,0.211701423041682
108,170,8,50,"biased","robust",0.974428609306523,FALSE,NA,TRUE,"log_process_precision",NA,3.05277106209815,0.418234768830053,2.24796012649734,3.03466697440981,3.91884026785903,NA,NA,1.67088014136169
109,194,9,50,"biased","robust",0.968919978454297,FALSE,0.0584248502725287,TRUE,"survival_at_80",0.36,0.418424850272529,0.103676318934107,0.21619847146271,0.417927570214173,0.609994822790761,TRUE,0.563531295026608,0.393796351328051
109,194,9,50,"biased","robust",0.968919978454297,FALSE,-0.0360743560410653,TRUE,"survival_slope_20",0.64,0.603925643958935,0.0642431271184875,0.481788061269751,0.60230833825774,0.735710748962375,TRUE,-0.561528643749412,0.253922687692625
109,194,9,50,"biased","robust",0.968919978454297,FALSE,-1.05883643386994,TRUE,"growth_increment_80",8.4,7.34116356613006,0.868344006060109,5.66949666636141,7.35812648118686,9.06336486566491,TRUE,-1.2193743798315,3.3938681993035
109,194,9,50,"biased","robust",0.968919978454297,FALSE,-0.0113677033779562,TRUE,"growth_slope_20",-2.4,-2.41136770337796,0.368464195167278,-3.15453270861864,-2.40416911563331,-1.68076176939968,TRUE,-0.0308515821267123,1.47377093921896
109,194,9,50,"biased","robust",0.968919978454297,FALSE,0.206704019415905,TRUE,"log_growth_sd",1.50407739677627,1.71078141619218,0.131807313153858,1.44843243447447,1.71308145105282,1.9562247552406,TRUE,1.56822876113573,0.507792320766134
109,194,9,50,"biased","robust",0.968919978454297,FALSE,0.154560256937841,TRUE,"log_recruitment_at_80",-1.69314718055995,-1.5385869236221,0.217636282798713,-1.97315796720447,-1.53396936208283,-1.12872417429479,TRUE,0.710176882963908,0.84443379290968
109,194,9,50,"biased","robust",0.968919978454297,FALSE,-0.00537767529024835,TRUE,"recruitment_slope_20",1.5,1.49462232470975,0.137738883469865,1.22820335361313,1.49265930732078,1.77872073660478,TRUE,-0.0390425358096133,0.550517382991649
109,194,9,50,"biased","robust",0.968919978454297,FALSE,-0.409008675193782,TRUE,"recruit_mean_80",44.6,44.1909913248062,1.0047294094645,42.2185441617387,44.1735550565788,46.1596834610142,TRUE,-0.407083411056688,3.94113929927552
109,194,9,50,"biased","robust",0.968919978454297,FALSE,0.247711570526782,TRUE,"recruit_mean_slope_20",0.4,0.647711570526782,0.550288339376662,-0.419292560346579,0.647182015769471,1.71569601602291,TRUE,0.450148681702717,2.13498857636949
109,194,9,50,"biased","robust",0.968919978454297,FALSE,0.0185003289690564,TRUE,"log_recruit_sd",1.25276296849537,1.27126329746442,0.058055760694475,1.15264521247339,1.27171633085614,1.38196136480917,TRUE,0.318664827533937,0.229316152335777
109,194,9,50,"biased","robust",0.968919978454297,FALSE,NA,TRUE,"log_process_precision",NA,5.42892340286982,1.13587489173383,3.1532797781212,5.47735830955597,7.47359019598199,NA,NA,4.3203104178608
110,218,10,50,"biased","robust",0.84134168934861,FALSE,0.0401388841172174,TRUE,"survival_at_80",0.36,0.400138884117217,0.101866024629521,0.199032330590916,0.401613294357661,0.602159182372564,TRUE,0.394036031770154,0.403126851781649
110,218,10,50,"biased","robust",0.84134168934861,FALSE,0.0218084682834166,TRUE,"survival_slope_20",0.64,0.661808468283417,0.0842841977988102,0.499100796138305,0.662210866336834,0.835454804648066,TRUE,0.258749194427576,0.336354008509761
110,218,10,50,"biased","robust",0.84134168934861,FALSE,0.058343320629767,TRUE,"growth_increment_80",8.4,8.45834332062977,1.04469369476287,6.49447324569696,8.42209861232365,10.667328271053,TRUE,0.055847298516538,4.172855025356
110,218,10,50,"biased","robust",0.84134168934861,FALSE,-0.0460046904422335,TRUE,"growth_slope_20",-2.4,-2.44600469044223,0.402666535984457,-3.26733279411344,-2.43050242257375,-1.60658943104766,TRUE,-0.114250096124227,1.66074336306578
110,218,10,50,"biased","robust",0.84134168934861,FALSE,0.243223362821751,TRUE,"log_growth_sd",1.50407739677627,1.74730075959802,0.160563797046948,1.41703456232274,1.74598518775478,2.06548954932056,TRUE,1.51480824005821,0.648454986997818
110,218,10,50,"biased","robust",0.84134168934861,FALSE,0.50709552089073,TRUE,"log_recruitment_at_80",-1.69314718055995,-1.18605165966921,0.34253804662864,-2.16718247033426,-1.11166026815203,-0.747928814948058,TRUE,1.4804064128984,1.4192536553862
110,218,10,50,"biased","robust",0.84134168934861,FALSE,-0.455169159798862,TRUE,"recruitment_slope_20",1.5,1.04483084020114,0.231704688308141,0.68823982201671,1.00487379972688,1.63262978173432,TRUE,-1.96443655552424,0.944389959717611
110,218,10,50,"biased","robust",0.84134168934861,FALSE,1.17623051263894,TRUE,"recruit_mean_80",44.6,45.7762305126389,0.861519616835852,44.0097137778663,45.7858103084654,47.4484607713336,TRUE,1.36529742289438,3.4387469934673
110,218,10,50,"biased","robust",0.84134168934861,FALSE,-0.818421009532268,TRUE,"recruit_mean_slope_20",0.4,-0.418421009532268,0.60763336035984,-1.67221416191242,-0.416708832974553,0.75052486812814,TRUE,-1.34689940171751,2.42273903004056
110,218,10,50,"biased","robust",0.84134168934861,FALSE,-0.0212363239698574,TRUE,"log_recruit_sd",1.25276296849537,1.23152664452551,0.0698292534636094,1.10031279308916,1.23046171844061,1.36300433957965,TRUE,-0.304117872045195,0.26269154649049
110,218,10,50,"biased","robust",0.84134168934861,FALSE,NA,TRUE,"log_process_precision",NA,2.60755695023664,0.346008056228529,1.95938996585418,2.59248177967242,3.28950409181072,NA,NA,1.33011412595654
111,2,1,200,"biased","robust",0.991215166799651,FALSE,-0.0595737048261093,TRUE,"survival_at_80",0.36,0.300426295173891,0.101003185323742,0.0986568160137406,0.300370947794383,0.504745680893531,TRUE,-0.589820059982859,0.40608886487979
111,2,1,200,"biased","robust",0.991215166799651,FALSE,0.0718238065266743,TRUE,"survival_slope_20",0.64,0.711823806526674,0.0794093586367855,0.557533438088375,0.71295204429555,0.870610280280202,TRUE,0.904475338419403,0.313076842191827
111,2,1,200,"biased","robust",0.991215166799651,FALSE,0.935156646117093,TRUE,"growth_increment_80",8.4,9.33515664611709,0.775289066792684,7.8380953787263,9.33434672273607,10.7544310149916,TRUE,1.20620383566838,2.91633563626528
111,2,1,200,"biased","robust",0.991215166799651,FALSE,-0.754395045765346,TRUE,"growth_slope_20",-2.4,-3.15439504576535,0.304259556915032,-3.7478213200376,-3.16450852671721,-2.54019721169234,FALSE,-2.47944568582941,1.20762410834526
111,2,1,200,"biased","robust",0.991215166799651,FALSE,-0.157444759854776,TRUE,"log_growth_sd",1.50407739677627,1.3466326369215,0.181635756929532,1.0009139481322,1.33963811528636,1.70316986358436,TRUE,-0.866815887555987,0.702255915452164
111,2,1,200,"biased","robust",0.991215166799651,FALSE,0.453515539467444,TRUE,"log_recruitment_at_80",-1.69314718055995,-1.2396316410925,0.154920477559317,-1.54665265913064,-1.23750951092657,-0.939019828931547,FALSE,2.92740860738568,0.607632830199096
111,2,1,200,"biased","robust",0.991215166799651,FALSE,-0.237503043784391,TRUE,"recruitment_slope_20",1.5,1.26249695621561,0.107165881505775,1.05776860225344,1.26161773465641,1.46745139673168,FALSE,-2.21621882307377,0.409682794478245
111,2,1,200,"biased","robust",0.991215166799651,FALSE,0.552858426414275,TRUE,"recruit_mean_80",44.6,45.1528584264143,1.491959333109,42.2123808682308,45.1115607649052,48.0672816600505,TRUE,0.370558643352704,5.85490079181969
111,2,1,200,"biased","robust",0.991215166799651,FALSE,0.0207643037723554,TRUE,"recruit_mean_slope_20",0.4,0.420764303772355,0.850205764556302,-1.28387887351019,0.46065347210531,2.04570851285684,TRUE,0.024422680529803,3.32958738636702
111,2,1,200,"biased","robust",0.991215166799651,FALSE,0.0568813055428048,TRUE,"log_recruit_sd",1.25276296849537,1.30964427403817,0.0825112126610483,1.15602333511949,1.31462662362964,1.47574815386808,TRUE,0.689376676312711,0.319724818748584
111,2,1,200,"biased","robust",0.991215166799651,FALSE,NA,TRUE,"log_process_precision",NA,1.85394781359573,0.21225588541427,1.46916669871955,1.85894399777788,2.26713774212474,NA,NA,0.797971043405186
112,26,2,200,"biased","robust",0.0655864003510736,FALSE,0.203756393705332,TRUE,"survival_at_80",0.36,0.563756393705332,0.119444340814774,0.315532748568566,0.564636618507217,0.792164574845404,TRUE,1.70586896219139,0.476631826276838
112,26,2,200,"biased","robust",0.0655864003510736,FALSE,-0.022424697124541,TRUE,"survival_slope_20",0.64,0.617575302875459,0.0754157399214435,0.472110054585051,0.617864156983927,0.767765306483888,TRUE,-0.297347704178194,0.295655251898838
112,26,2,200,"biased","robust",0.0655864003510736,FALSE,-1.06623700259951,TRUE,"growth_increment_80",8.4,7.33376299740049,0.807299964631408,5.73946787987971,7.34096731505216,8.92133761857416,TRUE,-1.32074451791451,3.18186973869445
112,26,2,200,"biased","robust",0.0655864003510736,FALSE,0.609527629942793,TRUE,"growth_slope_20",-2.4,-1.79047237005721,0.357730320195394,-2.48914816145534,-1.78964056281279,-1.07345280201674,TRUE,1.70387466628455,1.4156953594386
112,26,2,200,"biased","robust",0.0655864003510736,FALSE,0.0740850199710479,TRUE,"log_growth_sd",1.50407739677627,1.57816241674732,0.143001892267516,1.28584809804672,1.57657376465538,1.86097558124417,TRUE,0.518070207298068,0.575127483197446
112,26,2,200,"biased","robust",0.0655864003510736,FALSE,0.212948767968359,TRUE,"log_recruitment_at_80",-1.69314718055995,-1.48019841259159,0.312833936221515,-2.09372363398458,-1.49893713121827,-0.888868909313612,TRUE,0.680708655014883,1.20485472467097
112,26,2,200,"biased","robust",0.0655864003510736,FALSE,-0.205509032475482,TRUE,"recruitment_slope_20",1.5,1.29449096752452,0.192939186666501,0.935695220061314,1.29866386794914,1.67130585205343,TRUE,-1.06514926296807,0.735610631992113
112,26,2,200,"biased","robust",0.0655864003510736,FALSE,0.924036721785392,TRUE,"recruit_mean_80",44.6,45.5240367217854,1.10183850493747,43.3376158413973,45.4753478235152,47.668901680869,TRUE,0.838631721114004,4.33128583947169
112,26,2,200,"biased","robust",0.0655864003510736,FALSE,-0.692633721810001,TRUE,"recruit_mean_slope_20",0.4,-0.292633721810001,0.622948145145268,-1.4946140903362,-0.266582132628319,0.896721652124489,TRUE,-1.11186416912516,2.39133574246068
112,26,2,200,"biased","robust",0.0655864003510736,FALSE,-0.0422751201777576,TRUE,"log_recruit_sd",1.25276296849537,1.21048784831761,0.0575464421689631,1.10318916196463,1.21279895726016,1.31858789816291,TRUE,-0.734626131249485,0.215398736198271
112,26,2,200,"biased","robust",0.0655864003510736,FALSE,NA,TRUE,"log_process_precision",NA,5.74768465488651,1.15964216265924,3.50632123983238,5.73828722134064,8.0111986004533,NA,NA,4.50487736062092
113,50,3,200,"biased","robust",0.867014123287719,FALSE,0.194975456242062,TRUE,"survival_at_80",0.36,0.554975456242062,0.132046464750479,0.317408783200939,0.552414146520059,0.813823586618108,TRUE,1.47656702972319,0.496414803417168
113,50,3,200,"biased","robust",0.867014123287719,FALSE,0.0336828206550673,TRUE,"survival_slope_20",0.64,0.673682820655067,0.0874558353027794,0.515010542276174,0.673104022295032,0.850042579936388,TRUE,0.385140917566617,0.335032037660214
113,50,3,200,"biased","robust",0.867014123287719,FALSE,-0.677419938324273,TRUE,"growth_increment_80",8.4,7.72258006167573,1.08758191205782,5.731588348498,7.68443904506669,9.92544150622371,TRUE,-0.622867970507639,4.19385315772571
113,50,3,200,"biased","robust",0.867014123287719,FALSE,0.93194871582472,TRUE,"growth_slope_20",-2.4,-1.46805128417528,0.486396473851717,-2.38039660644991,-1.46248772601911,-0.533940573173629,FALSE,1.91602687504029,1.84645603327628
113,50,3,200,"biased","robust",0.867014123287719,FALSE,0.295538213267297,TRUE,"log_growth_sd",1.50407739677627,1.79961561004357,0.165293204188212,1.46548873063249,1.80140076885013,2.11628778835675,TRUE,1.78796348415378,0.650799057724261
113,50,3,200,"biased","robust",0.867014123287719,FALSE,0.447974938757777,TRUE,"log_recruitment_at_80",-1.69314718055995,-1.24517224180217,0.188517130563384,-1.58009601381526,-1.26151708227973,-0.845426048779588,FALSE,2.37630891908339,0.73466996503567
113,50,3,200,"biased","robust",0.867014123287719,FALSE,-0.279809787610234,TRUE,"recruitment_slope_20",1.5,1.22019021238977,0.132837596565097,0.945258809846332,1.22445874114337,1.45661140992112,FALSE,-2.10640507541187,0.511352600074786
113,50,3,200,"biased","robust",0.867014123287719,FALSE,-0.91599956242618,TRUE,"recruit_mean_80",44.6,43.6840004375738,0.799832474557456,41.9912272681836,43.7263598830185,45.1702255606973,TRUE,-1.14523927392795,3.17899829251368
113,50,3,200,"biased","robust",0.867014123287719,FALSE,0.824987538460811,TRUE,"recruit_mean_slope_20",0.4,1.22498753846081,0.425061689605256,0.41770899426318,1.19721810651707,2.0661046077494,FALSE,1.94086542879683,1.64839561348622
113,50,3,200,"biased","robust",0.867014123287719,FALSE,-0.0433447235440425,TRUE,"log_recruit_sd",1.25276296849537,1.20941824495133,0.105764417089661,1.00749289355831,1.2086341196194,1.41261226918312,TRUE,-0.409823310492955,0.405119375624816
113,50,3,200,"biased","robust",0.867014123287719,FALSE,NA,TRUE,"log_process_precision",NA,4.79016987634106,1.24794426132329,2.35535409372891,4.7442530557983,7.26193865983374,NA,NA,4.90658456610483
114,74,4,200,"biased","robust",0.977172456970572,FALSE,-0.0876897966038713,TRUE,"survival_at_80",0.36,0.272310203396129,0.0741175646002671,0.1332128616954,0.272383947420092,0.416406098799079,TRUE,-1.1831176196466,0.283193237103679
114,74,4,200,"biased","robust",0.977172456970572,FALSE,-0.0547806867572002,TRUE,"survival_slope_20",0.64,0.5852193132428,0.0646659995331472,0.462721825324727,0.585691328308548,0.714245068147139,TRUE,-0.847132761461765,0.251523242822412
114,74,4,200,"biased","robust",0.977172456970572,FALSE,1.28388193142356,TRUE,"growth_increment_80",8.4,9.68388193142356,0.684865752569098,8.31445001086902,9.69829875368122,11.0558741597009,TRUE,1.87464758838854,2.74142414883184
114,74,4,200,"biased","robust",0.977172456970572,FALSE,0.012531644783865,TRUE,"growth_slope_20",-2.4,-2.38746835521613,0.282327842709928,-2.95966888199813,-2.38913568003291,-1.8535064629551,TRUE,0.0443868541748482,1.10616241904304
114,74,4,200,"biased","robust",0.977172456970572,FALSE,0.0926628360371822,TRUE,"log_growth_sd",1.50407739677627,1.59674023281346,0.158131285277238,1.29195690842684,1.59260291206252,1.90408123648715,TRUE,0.585986738011546,0.612124328060313
114,74,4,200,"biased","robust",0.977172456970572,FALSE,0.342944800348151,TRUE,"log_recruitment_at_80",-1.69314718055995,-1.35020238021179,0.119600504898992,-1.57450909581679,-1.34948066915535,-1.12029632224508,FALSE,2.8674193360453,0.454212773571702
114,74,4,200,"biased","robust",0.977172456970572,FALSE,-0.282025035686459,TRUE,"recruitment_slope_20",1.5,1.21797496431354,0.0931473035980692,1.04199841184589,1.21518688770855,1.40917897800371,FALSE,-3.02773161210761,0.367180566157822
114,74,4,200,"biased","robust",0.977172456970572,FALSE,0.546748465131579,TRUE,"recruit_mean_80",44.6,45.1467484651316,0.672978932185773,43.8617090984935,45.1516613627614,46.4640195818152,TRUE,0.812430284192985,2.60231048332169
114,74,4,200,"biased","robust",0.977172456970572,FALSE,-0.530599479951042,TRUE,"recruit_mean_slope_20",0.4,-0.130599479951042,0.432068473914348,-0.926460367174293,-0.151866369522853,0.734488580667128,TRUE,-1.22804488636731,1.66094894784142
114,74,4,200,"biased","robust",0.977172456970572,FALSE,-0.0601565056728017,TRUE,"log_recruit_sd",1.25276296849537,1.19260646282257,0.0539085601408915,1.08872059742114,1.19322662330795,1.29088249759537,TRUE,-1.1158989502888,0.202161900174228
114,74,4,200,"biased","robust",0.977172456970572,FALSE,NA,TRUE,"log_process_precision",NA,4.04109406636181,0.844867691478196,2.5107929284132,4.0172129984394,5.67985707927586,NA,NA,3.16906415086266
115,98,5,200,"biased","robust",0.860371679814755,FALSE,0.0278798431532537,TRUE,"survival_at_80",0.36,0.387879843153254,0.095238658389763,0.201928603943137,0.382250854352003,0.577251510533911,TRUE,0.292736622130436,0.375322906590774
115,98,5,200,"biased","robust",0.860371679814755,FALSE,-0.12521092330336,TRUE,"survival_slope_20",0.64,0.51478907669664,0.0871460329244849,0.348219735274657,0.516435533213892,0.686358884964557,TRUE,-1.436794299195,0.338139149689899
115,98,5,200,"biased","robust",0.860371679814755,FALSE,1.27574749268856,TRUE,"growth_increment_80",8.4,9.67574749268856,0.933206770777204,7.77320971718124,9.68221323994152,11.4917434272307,TRUE,1.36705769036167,3.71853371004947
115,98,5,200,"biased","robust",0.860371679814755,FALSE,0.315764078155427,TRUE,"growth_slope_20",-2.4,-2.08423592184457,0.372076751471485,-2.80363339512542,-2.07359506681253,-1.35939341769689,TRUE,0.848653071998309,1.44423997742853
115,98,5,200,"biased","robust",0.860371679814755,FALSE,0.314412993298099,TRUE,"log_growth_sd",1.50407739677627,1.81849039007437,0.140039962399076,1.53670539469047,1.81625535996846,2.1029402205253,FALSE,2.24516622192534,0.566234825834829
115,98,5,200,"biased","robust",0.860371679814755,FALSE,0.487226993010291,TRUE,"log_recruitment_at_80",-1.69314718055995,-1.20592018754965,0.106659084289855,-1.41693864545417,-1.20916141947573,-0.995644514896721,FALSE,4.56807778028744,0.421294130557452
115,98,5,200,"biased","robust",0.860371679814755,FALSE,-0.539459462224744,TRUE,"recruitment_slope_20",1.5,0.960540537775256,0.0919336160543753,0.772667368719281,0.96143538273493,1.13055996596344,FALSE,-5.8679238931021,0.357892597244156
115,98,5,200,"biased","robust",0.860371679814755,FALSE,0.537188427866532,TRUE,"recruit_mean_80",44.6,45.1371884278665,0.619476005905883,43.8956154509895,45.1214996157638,46.3510382323451,TRUE,0.86716583490749,2.45542278135559
115,98,5,200,"biased","robust",0.860371679814755,FALSE,-0.158444437829389,TRUE,"recruit_mean_slope_20",0.4,0.241555562170611,0.475368120002486,-0.694634882713262,0.242901422288526,1.1512054469381,TRUE,-0.333308926624193,1.84584032965136
115,98,5,200,"biased","robust",0.860371679814755,FALSE,-0.0128665293120602,TRUE,"log_recruit_sd",1.25276296849537,1.23989643918331,0.0703438157019636,1.10720351871392,1.23890984221691,1.37286603327473,TRUE,-0.18290917522265,0.265662514560806
115,98,5,200,"biased","robust",0.860371679814755,FALSE,NA,TRUE,"log_process_precision",NA,5.12472981184414,1.29895360545964,2.48130982000349,5.14308649012118,7.72974312291251,NA,NA,5.24843330290902
116,122,6,200,"biased","robust",0.991859722807505,FALSE,-0.0131236615883529,TRUE,"survival_at_80",0.36,0.346876338411647,0.102578153365952,0.138528401624049,0.344817529815978,0.548929418502724,TRUE,-0.127938173555666,0.410401016878675
116,122,6,200,"biased","robust",0.991859722807505,FALSE,-0.0811924362027825,TRUE,"survival_slope_20",0.64,0.558807563797218,0.0782282435451772,0.418407446057062,0.559055427860085,0.718051946595668,TRUE,-1.03789159162053,0.299644500538606
116,122,6,200,"biased","robust",0.991859722807505,FALSE,0.523129440258193,TRUE,"growth_increment_80",8.4,8.92312944025819,0.948398586917013,7.0541971977615,8.92895202296604,10.8187750832538,TRUE,0.551592386866313,3.76457788549228
116,122,6,200,"biased","robust",0.991859722807505,FALSE,0.503940515882144,TRUE,"growth_slope_20",-2.4,-1.89605948411786,0.396443710399098,-2.66435496504002,-1.89669870894134,-1.11587212417382,TRUE,1.27115275804182,1.5484828408662
116,122,6,200,"biased","robust",0.991859722807505,FALSE,0.300496771041395,TRUE,"log_growth_sd",1.50407739677627,1.80457416781767,0.180794988670493,1.46411241906061,1.80805666150329,2.1451950927756,TRUE,1.66208573175147,0.681082673714994
116,122,6,200,"biased","robust",0.991859722807505,FALSE,0.436934441628994,TRUE,"log_recruitment_at_80",-1.69314718055995,-1.25621273893095,0.116866694591946,-1.46153822796835,-1.26265392778023,-1.02616126651133,FALSE,3.73874218959135,0.43537696145702
116,122,6,200,"biased","robust",0.991859722807505,FALSE,-0.241992278424529,TRUE,"recruitment_slope_20",1.5,1.25800772157547,0.0879111460863519,1.07527454298675,1.26201427936916,1.4246409481602,FALSE,-2.75269165740176,0.349366405173453
116,122,6,200,"biased","robust",0.991859722807505,FALSE,-0.802805285964183,TRUE,"recruit_mean_80",44.6,43.7971947140358,0.642533927881466,42.5137575887604,43.7969326790676,45.1185386878156,TRUE,-1.24943641281505,2.60478109905515
116,122,6,200,"biased","robust",0.991859722807505,FALSE,0.343286148466062,TRUE,"recruit_mean_slope_20",0.4,0.743286148466062,0.376027985693263,-0.0137710062874596,0.749658891770179,1.46913711802054,TRUE,0.912927126509382,1.482908124308
116,122,6,200,"biased","robust",0.991859722807505,FALSE,-0.0880109003606111,TRUE,"log_recruit_sd",1.25276296849537,1.16475206813476,0.0679151043750966,1.03645349662872,1.16125962304859,1.30569649331539,TRUE,-1.29589582715687,0.269242996686668
116,122,6,200,"biased","robust",0.991859722807505,FALSE,NA,TRUE,"log_process_precision",NA,4.54587712403263,1.09271148561397,2.52091441699836,4.51273988127662,6.69921794219314,NA,NA,4.17830352519479
117,146,7,200,"biased","robust",8.45645034055469e-05,FALSE,0.13380997766388,TRUE,"survival_at_80",0.36,0.49380997766388,0.122187062008384,0.25328573533855,0.495383600152201,0.719267679355197,TRUE,1.09512394736768,0.465981944016647
117,146,7,200,"biased","robust",8.45645034055469e-05,FALSE,0.130961156902567,TRUE,"survival_slope_20",0.64,0.770961156902567,0.0836996972145665,0.607158835362152,0.769442056070986,0.933261995792281,TRUE,1.56465508551177,0.326103160430129
117,146,7,200,"biased","robust",8.45645034055469e-05,FALSE,-0.492969770757844,TRUE,"growth_increment_80",8.4,7.90703022924216,1.00112517759552,6.04708549267751,7.86445539127496,9.90435641668088,TRUE,-0.49241571562694,3.85727092400337
117,146,7,200,"biased","robust",8.45645034055469e-05,FALSE,0.272387249622077,TRUE,"growth_slope_20",-2.4,-2.12761275037792,0.444056004024136,-3.01868215338008,-2.11464248262349,-1.31263518575987,TRUE,0.613407424184432,1.70604696762021
117,146,7,200,"biased","robust",8.45645034055469e-05,FALSE,0.367617294516802,TRUE,"log_growth_sd",1.50407739677627,1.87169469129308,0.133020172082825,1.62067717045974,1.87144026548147,2.14537719299246,FALSE,2.76362065061761,0.524700022532725
117,146,7,200,"biased","robust",8.45645034055469e-05,FALSE,-1.6692773228044,TRUE,"log_recruitment_at_80",-1.69314718055995,-3.36242450336435,0.829593225211411,-5.00742270734582,-3.39074417379385,-1.78374138400328,FALSE,-2.01216363884723,3.22368132334254
117,146,7,200,"biased","robust",8.45645034055469e-05,FALSE,-3.35828129412911,TRUE,"recruitment_slope_20",1.5,-1.85828129412911,0.485887358954927,-2.82675921694069,-1.8644594572314,-0.92077205243993,FALSE,-6.91164573894715,1.90598716450076
117,146,7,200,"biased","robust",8.45645034055469e-05,FALSE,3.91465107524841,TRUE,"recruit_mean_80",44.6,48.5146510752484,3.74255641880313,40.8612648593981,48.552458814879,55.7173053047373,TRUE,1.04598318293364,14.8560404453392
117,146,7,200,"biased","robust",8.45645034055469e-05,FALSE,1.31880185240667,TRUE,"recruit_mean_slope_20",0.4,1.71880185240667,2.1601081225824,-2.66403418419292,1.69683290140969,5.95176771013234,TRUE,0.610525852210605,8.61580189432526
117,146,7,200,"biased","robust",8.45645034055469e-05,FALSE,0.044695498764886,TRUE,"log_recruit_sd",1.25276296849537,1.29745846726025,0.0640780615657972,1.17291838696531,1.29370792753133,1.42653078795708,TRUE,0.697516399103169,0.253612400991774
117,146,7,200,"biased","robust",8.45645034055469e-05,FALSE,NA,TRUE,"log_process_precision",NA,3.96851171109527,0.863274271038573,2.26352500596687,3.94870262827829,5.61347263094928,NA,NA,3.34994762498241
118,170,8,200,"biased","robust",0.164397481441864,FALSE,-0.00577475224490009,TRUE,"survival_at_80",0.36,0.3542252477551,0.094931357827917,0.169170963833441,0.350355214785715,0.543765993869973,TRUE,-0.0608308189941625,0.374595030036532
118,170,8,200,"biased","robust",0.164397481441864,FALSE,-0.0072625448116368,TRUE,"survival_slope_20",0.64,0.632737455188363,0.0772204218866768,0.488298764962211,0.634117361294465,0.785373364909684,TRUE,-0.0940495355269463,0.297074599947473
118,170,8,200,"biased","robust",0.164397481441864,FALSE,-0.559012953612795,TRUE,"growth_increment_80",8.4,7.8409870463872,0.80721343716937,6.05411392375719,7.94412458108357,9.4215598319561,TRUE,-0.69252186332907,3.36744590819891
118,170,8,200,"biased","robust",0.164397481441864,FALSE,-0.162841965324254,TRUE,"growth_slope_20",-2.4,-2.56284196532425,0.312554378426466,-3.21521697598482,-2.53510507364166,-1.92779639350254,TRUE,-0.521003628693577,1.28742058248228
118,170,8,200,"biased","robust",0.164397481441864,FALSE,0.147840183465354,TRUE,"log_growth_sd",1.50407739677627,1.65191758024163,0.151868140658099,1.35766268697069,1.65324863073274,1.95563602931342,TRUE,0.973477273276078,0.597973342342728
118,170,8,200,"biased","robust",0.164397481441864,FALSE,-0.324098344418328,TRUE,"log_recruitment_at_80",-1.69314718055995,-2.01724552497827,0.545325452429791,-3.01949393190235,-2.04588370320598,-1.13056100567772,TRUE,-0.594320956365144,1.88893292622463
118,170,8,200,"biased","robust",0.164397481441864,FALSE,0.259563938017912,TRUE,"recruitment_slope_20",1.5,1.75956393801791,0.300592422939433,1.21911071294135,1.77987730486717,2.30377484612734,TRUE,0.863507920391631,1.08466413318599
118,170,8,200,"biased","robust",0.164397481441864,FALSE,0.0395944905606598,TRUE,"recruit_mean_80",44.6,44.6395944905607,1.59604247065967,41.4088773816677,44.6718613844244,47.6719375407669,TRUE,0.024807917889738,6.26306015909919
118,170,8,200,"biased","robust",0.164397481441864,FALSE,-0.0266037551054851,TRUE,"recruit_mean_slope_20",0.4,0.373396244894515,0.786138648026348,-1.07263194065969,0.376660223358446,1.91752597311642,TRUE,-0.0338410472151134,2.99015791377612
118,170,8,200,"biased","robust",0.164397481441864,FALSE,-0.00349301864030016,TRUE,"log_recruit_sd",1.25276296849537,1.24926994985507,0.0581989406471418,1.13408340055662,1.24906784667872,1.36184190891642,TRUE,-0.060018594865467,0.227758508359802
118,170,8,200,"biased","robust",0.164397481441864,FALSE,NA,TRUE,"log_process_precision",NA,3.04102224191298,0.43022321114502,2.21385823988653,3.02257657515053,3.90602167953404,NA,NA,1.69216343964751
119,194,9,200,"biased","robust",0.93734614445091,FALSE,0.0398081078351452,TRUE,"survival_at_80",0.36,0.399808107835145,0.0994385781527267,0.203639723006859,0.400463466785824,0.595395094564093,TRUE,0.400328610632428,0.391755371557234
119,194,9,200,"biased","robust",0.93734614445091,FALSE,-0.0226936056877136,TRUE,"survival_slope_20",0.64,0.617306394312286,0.0620509967743478,0.492072670192115,0.617901444241045,0.739269341816177,TRUE,-0.365725078845071,0.247196671624062
119,194,9,200,"biased","robust",0.93734614445091,FALSE,-0.865017324225906,TRUE,"growth_increment_80",8.4,7.5349826757741,0.833398733252216,5.90563931408461,7.54956516709479,9.13676505982648,TRUE,-1.03793933169337,3.23112574574187
119,194,9,200,"biased","robust",0.93734614445091,FALSE,-0.075995479994047,TRUE,"growth_slope_20",-2.4,-2.47599547999405,0.367142673114723,-3.17851602838954,-2.48661018169392,-1.78702584018151,TRUE,-0.20699168350365,1.39149018820803
119,194,9,200,"biased","robust",0.93734614445091,FALSE,0.216842534018446,TRUE,"log_growth_sd",1.50407739677627,1.72091993079472,0.129947460139137,1.46925238162245,1.71738080084071,1.979301773463,TRUE,1.66869389972124,0.510049391840548
119,194,9,200,"biased","robust",0.93734614445091,FALSE,0.388908677891242,TRUE,"log_recruitment_at_80",-1.69314718055995,-1.3042385026687,0.194212682967354,-1.86604668216328,-1.27907598273319,-1.04327210928853,TRUE,2.00248857051532,0.822774572874743
119,194,9,200,"biased","robust",0.93734614445091,FALSE,-0.140554909138559,TRUE,"recruitment_slope_20",1.5,1.35944509086144,0.122526750720494,1.17026416145948,1.34616708689311,1.6751706461229,TRUE,-1.14713650947287,0.504906484663419
119,194,9,200,"biased","robust",0.93734614445091,FALSE,-0.245507372959658,TRUE,"recruit_mean_80",44.6,44.3544926270403,0.945812971074017,42.6150112815707,44.3651629024796,46.1235986924396,TRUE,-0.259572854748304,3.50858741086894
119,194,9,200,"biased","robust",0.93734614445091,FALSE,0.226470228791885,TRUE,"recruit_mean_slope_20",0.4,0.626470228791885,0.558975640946238,-0.412553399439114,0.636411642590603,1.72877093830571,TRUE,0.405152232409474,2.14132433774482
119,194,9,200,"biased","robust",0.93734614445091,FALSE,0.0239495067012001,TRUE,"log_recruit_sd",1.25276296849537,1.27671247519657,0.0617747306800608,1.15333029866429,1.27445929114794,1.40064369319366,TRUE,0.387690993348683,0.247313394529367
119,194,9,200,"biased","robust",0.93734614445091,FALSE,NA,TRUE,"log_process_precision",NA,5.28193098310749,1.11259796101419,3.27159975721366,5.26663614038598,7.44157606029477,NA,NA,4.16997630308111
120,218,10,200,"biased","robust",0.95984496073904,FALSE,0.0128669597495629,TRUE,"survival_at_80",0.36,0.372866959749563,0.0976920682310392,0.192943185274313,0.374897515028398,0.569460029399428,TRUE,0.131709359649679,0.376516844125115
120,218,10,200,"biased","robust",0.95984496073904,FALSE,0.0116077069067365,TRUE,"survival_slope_20",0.64,0.651607706906737,0.0794768527324589,0.501919096772167,0.65221064429122,0.805237539079868,TRUE,0.146051416326352,0.303318442307701
120,218,10,200,"biased","robust",0.95984496073904,FALSE,0.201775238627643,TRUE,"growth_increment_80",8.4,8.60177523862764,0.996280056363341,6.61763825965255,8.60255293409518,10.4582768817665,TRUE,0.202528633729928,3.84063862211397
120,218,10,200,"biased","robust",0.95984496073904,FALSE,-0.130867680887766,TRUE,"growth_slope_20",-2.4,-2.53086768088777,0.390301357198884,-3.25931861910307,-2.53976757774864,-1.755300223792,TRUE,-0.335299066923511,1.50401839531107
120,218,10,200,"biased","robust",0.95984496073904,FALSE,0.239061333161238,TRUE,"log_growth_sd",1.50407739677627,1.74313872993751,0.163795832362894,1.42883516717273,1.7354706329787,2.07511844466689,TRUE,1.45950803333989,0.646283277494159
120,218,10,200,"biased","robust",0.95984496073904,FALSE,0.442196398259708,TRUE,"log_recruitment_at_80",-1.69314718055995,-1.25095078230024,0.170913608715525,-1.59071200381736,-1.23359360607735,-0.99382067788969,FALSE,2.58725096019544,0.596891325927666
120,218,10,200,"biased","robust",0.95984496073904,FALSE,-0.378199368666111,TRUE,"recruitment_slope_20",1.5,1.12180063133389,0.119503709088872,0.919672565062315,1.11824213496461,1.37818874450637,FALSE,-3.16475004457688,0.458516179444056
120,218,10,200,"biased","robust",0.95984496073904,FALSE,1.24324272359531,TRUE,"recruit_mean_80",44.6,45.8432427235953,0.902688841342994,44.1515789852543,45.8603027829,47.5767540768955,TRUE,1.37726608179364,3.4251750916412
120,218,10,200,"biased","robust",0.95984496073904,FALSE,-0.802870798486713,TRUE,"recruit_mean_slope_20",0.4,-0.402870798486713,0.583202124388208,-1.4930792713869,-0.414785872054068,0.699305521635509,TRUE,-1.37665959178208,2.19238479302241
120,218,10,200,"biased","robust",0.95984496073904,FALSE,-0.0134030952572928,TRUE,"log_recruit_sd",1.25276296849537,1.23935987323808,0.0671976211379303,1.10892082776481,1.23538062975193,1.37457546537835,TRUE,-0.199457883036983,0.265654637613533
120,218,10,200,"biased","robust",0.95984496073904,FALSE,NA,TRUE,"log_process_precision",NA,2.63095508519236,0.340753943412067,1.97491955019401,2.6285882569205,3.33182876708255,NA,NA,1.35690921688854
121,2,1,800,"biased","robust",0.99402336613933,FALSE,-0.0697811045127636,TRUE,"survival_at_80",0.36,0.290218895487236,0.0954570668459716,0.0992199662888735,0.28628016730107,0.492082246460616,TRUE,-0.7310208329087,0.392862280171743
121,2,1,800,"biased","robust",0.99402336613933,FALSE,0.0771968024444507,TRUE,"survival_slope_20",0.64,0.717196802444451,0.0757853349311906,0.573277680160084,0.717513739128023,0.868414811590754,TRUE,1.01862454674828,0.29513713143067
121,2,1,800,"biased","robust",0.99402336613933,FALSE,0.909790359552003,TRUE,"growth_increment_80",8.4,9.309790359552,0.759557109309825,7.81179684842134,9.30363343654051,10.7918497217225,TRUE,1.19779059191308,2.9800528733012
121,2,1,800,"biased","robust",0.99402336613933,FALSE,-0.771403252727232,TRUE,"growth_slope_20",-2.4,-3.17140325272723,0.304248348863946,-3.77254254645185,-3.17420637264178,-2.56508337268651,FALSE,-2.53543940536614,1.20745917376534
121,2,1,800,"biased","robust",0.99402336613933,FALSE,-0.148690465185274,TRUE,"log_growth_sd",1.50407739677627,1.355386931591,0.190265963720831,1.00113197410139,1.34649039684328,1.74966253632541,TRUE,-0.781487462484047,0.748530562224019
121,2,1,800,"biased","robust",0.99402336613933,FALSE,0.537947676984922,TRUE,"log_recruitment_at_80",-1.69314718055995,-1.15519950357502,0.0820670659836527,-1.29196680660571,-1.15273919560948,-1.01386241925768,FALSE,6.55497635424273,0.27810438734803
121,2,1,800,"biased","robust",0.99402336613933,FALSE,-0.274945148056721,TRUE,"recruitment_slope_20",1.5,1.22505485194328,0.0656473822972194,1.10722275319274,1.22388489844553,1.35680299826922,FALSE,-4.18821190480838,0.24958024507648
121,2,1,800,"biased","robust",0.99402336613933,FALSE,0.739320005962895,TRUE,"recruit_mean_80",44.6,45.3393200059629,1.46287127926932,42.387739877321,45.3337567444129,48.171725281875,TRUE,0.505389651461454,5.78398540455397
121,2,1,800,"biased","robust",0.99402336613933,FALSE,-0.0898814845811644,TRUE,"recruit_mean_slope_20",0.4,0.310118515418836,0.868637702499302,-1.41800713739426,0.305987036122209,2.05954231023247,TRUE,-0.103474077077879,3.47754944762673
121,2,1,800,"biased","robust",0.99402336613933,FALSE,0.0532051138410117,TRUE,"log_recruit_sd",1.25276296849537,1.30596808233638,0.0823552015919572,1.14321163758284,1.30745236668732,1.46190916762295,TRUE,0.646044364078245,0.31869753004011
121,2,1,800,"biased","robust",0.99402336613933,FALSE,NA,TRUE,"log_process_precision",NA,1.83767064252746,0.19567860340994,1.45311590492719,1.83075948713066,2.23069184405458,NA,NA,0.77757593912739
122,26,2,800,"biased","robust",0.930996321256113,FALSE,0.121856259692011,TRUE,"survival_at_80",0.36,0.481856259692011,0.0989438542821701,0.297188886381875,0.478682691814545,0.687143096647589,TRUE,1.23156976829,0.389954210265713
122,26,2,800,"biased","robust",0.930996321256113,FALSE,-0.015396974545453,TRUE,"survival_slope_20",0.64,0.624603025454547,0.0696423830632804,0.485758438891692,0.625732071168809,0.767342808675217,TRUE,-0.221086267703713,0.281584369783524
122,26,2,800,"biased","robust",0.930996321256113,FALSE,-0.702065203622658,TRUE,"growth_increment_80",8.4,7.69793479637734,0.705473555194205,6.21774696825245,7.71543545391466,9.06491844258685,TRUE,-0.995168703991166,2.8471714743344
122,26,2,800,"biased","robust",0.930996321256113,FALSE,0.353914881342269,TRUE,"growth_slope_20",-2.4,-2.04608511865773,0.311780868943259,-2.62342026274811,-2.05212402686109,-1.37897799680451,TRUE,1.13513982606379,1.2444422659436
122,26,2,800,"biased","robust",0.930996321256113,FALSE,0.0674142639822766,TRUE,"log_growth_sd",1.50407739677627,1.57149166075855,0.144781816230488,1.27884836972117,1.57132391181035,1.83537263290902,TRUE,0.465626594122533,0.556524263187848
122,26,2,800,"biased","robust",0.930996321256113,FALSE,0.422828937699221,TRUE,"log_recruitment_at_80",-1.69314718055995,-1.27031824286072,0.120805216447944,-1.56383627116665,-1.25475851953173,-1.09704336031749,FALSE,3.50008840786624,0.466792910849162
122,26,2,800,"biased","robust",0.930996321256113,FALSE,-0.278879043942307,TRUE,"recruitment_slope_20",1.5,1.22112095605769,0.0787536093871539,1.08946266660708,1.21954616983151,1.38333086003092,FALSE,-3.5411588892559,0.29386819342384
122,26,2,800,"biased","robust",0.930996321256113,FALSE,1.08642931822256,TRUE,"recruit_mean_80",44.6,45.6864293182226,1.1294258579551,43.4027550456796,45.6710755506321,47.8866603799609,TRUE,0.961930622156647,4.48390533428133
122,26,2,800,"biased","robust",0.930996321256113,FALSE,-0.747991741833812,TRUE,"recruit_mean_slope_20",0.4,-0.347991741833812,0.687589775576537,-1.71466144601595,-0.332764823466278,0.986278996874456,TRUE,-1.08784593430964,2.70094044289041
122,26,2,800,"biased","robust",0.930996321256113,FALSE,-0.0272540547110456,TRUE,"log_recruit_sd",1.25276296849537,1.22550891378432,0.0625436800845858,1.10672651087587,1.22207292105666,1.34939862181117,TRUE,-0.435760330607129,0.242672110935298
122,26,2,800,"biased","robust",0.930996321256113,FALSE,NA,TRUE,"log_process_precision",NA,5.66497957579805,1.21843092618903,3.19074750923153,5.65222411669496,8.07686915247418,NA,NA,4.88612164324264
123,50,3,800,"biased","robust",0.994827276811565,FALSE,0.197762901759887,TRUE,"survival_at_80",0.36,0.557762901759887,0.116002343657077,0.326739143969259,0.557836419078052,0.769502258581341,TRUE,1.70481815733403,0.442763114612081
123,50,3,800,"biased","robust",0.994827276811565,FALSE,0.0407338712526322,TRUE,"survival_slope_20",0.64,0.680733871252632,0.0855537080712953,0.524363610017048,0.680135178372731,0.844074345537371,TRUE,0.476120464804249,0.319710735520323
123,50,3,800,"biased","robust",0.994827276811565,FALSE,-0.489777749707329,TRUE,"growth_increment_80",8.4,7.91022225029267,0.959498704539104,6.09298732049677,7.928479339109,9.79017037012685,TRUE,-0.510451705031321,3.69718304963008
123,50,3,800,"biased","robust",0.994827276811565,FALSE,0.99475456776671,TRUE,"growth_slope_20",-2.4,-1.40524543223329,0.413987466989992,-2.2112446892716,-1.40483532798695,-0.629511524630681,FALSE,2.40286155278889,1.58173316464092
123,50,3,800,"biased","robust",0.994827276811565,FALSE,0.274444775420615,TRUE,"log_growth_sd",1.50407739677627,1.77852217219689,0.155480926504236,1.46907059427171,1.78283209866581,2.09019333342033,TRUE,1.76513467980356,0.621122739148627
123,50,3,800,"biased","robust",0.994827276811565,FALSE,0.538231025610857,TRUE,"log_recruitment_at_80",-1.69314718055995,-1.15491615494909,0.0709958719612312,-1.29402496091163,-1.15680342199449,-1.02091605789506,FALSE,7.58115944973208,0.273108903016578
123,50,3,800,"biased","robust",0.994827276811565,FALSE,-0.35394053920814,TRUE,"recruitment_slope_20",1.5,1.14605946079186,0.0634505848789196,1.02158817217667,1.14908574764183,1.26996348702839,FALSE,-5.57820766953609,0.24837531485172
123,50,3,800,"biased","robust",0.994827276811565,FALSE,-0.719757873424008,TRUE,"recruit_mean_80",44.6,43.880242126576,0.69571070113292,42.5310824108879,43.9009296083162,45.2257130922064,TRUE,-1.03456490212373,2.69463068131859
123,50,3,800,"biased","robust",0.994827276811565,FALSE,0.765849427562826,TRUE,"recruit_mean_slope_20",0.4,1.16584942756283,0.413961178819233,0.358659925471316,1.16106526365891,1.98172530196944,TRUE,1.85005132545836,1.62306537649813
123,50,3,800,"biased","robust",0.994827276811565,FALSE,-0.0341500242125412,TRUE,"log_recruit_sd",1.25276296849537,1.21861294428283,0.103760978975098,1.01482451731965,1.21782258638021,1.42633611131454,TRUE,-0.329122031710369,0.41151159399489
123,50,3,800,"biased","robust",0.994827276811565,FALSE,NA,TRUE,"log_process_precision",NA,4.8357819284153,1.25642694018287,2.45814636878232,4.81084240983848,7.29634091258181,NA,NA,4.83819454379949
124,74,4,800,"biased","robust",0.395108488512929,FALSE,-0.111642085021945,TRUE,"survival_at_80",0.36,0.248357914978055,0.0772605023443217,0.108436064812704,0.247059794978011,0.406096905989401,TRUE,-1.44500853132428,0.297660841176697
124,74,4,800,"biased","robust",0.395108488512929,FALSE,-0.0575591305724426,TRUE,"survival_slope_20",0.64,0.582440869427557,0.0700843055701244,0.450392252603863,0.584471296066081,0.712042512693014,TRUE,-0.821284167749233,0.261650260089151
124,74,4,800,"biased","robust",0.395108488512929,FALSE,1.12928927531016,TRUE,"growth_increment_80",8.4,9.52928927531016,0.705415352249891,8.16833857450594,9.53650762431817,10.8634545988513,TRUE,1.6008855941515,2.69511602434535
124,74,4,800,"biased","robust",0.395108488512929,FALSE,-0.0789784494017778,TRUE,"growth_slope_20",-2.4,-2.47897844940178,0.289422491689588,-3.05813454646645,-2.47430668717449,-1.88773481448976,TRUE,-0.272882901880632,1.17039973197669
124,74,4,800,"biased","robust",0.395108488512929,FALSE,0.0914217729431459,TRUE,"log_growth_sd",1.50407739677627,1.59549916971942,0.151339447405727,1.30295783412475,1.59992670820739,1.88389352044061,TRUE,0.604084225958964,0.580935686315856
124,74,4,800,"biased","robust",0.395108488512929,FALSE,0.247281766414856,TRUE,"log_recruitment_at_80",-1.69314718055995,-1.44586541414509,0.315142142442345,-2.05319255406791,-1.43845091793969,-1.02911450824363,TRUE,0.784667402773957,1.02407804582428
124,74,4,800,"biased","robust",0.395108488512929,FALSE,-0.183500110245298,TRUE,"recruitment_slope_20",1.5,1.3164998897547,0.186787036715178,1.04622715085478,1.28005832574176,1.70373149681033,TRUE,-0.982402812702189,0.657504345955544
124,74,4,800,"biased","robust",0.395108488512929,FALSE,0.548158074035094,TRUE,"recruit_mean_80",44.6,45.1481580740351,0.781830972298773,43.6468258357623,45.1099375053857,46.6271644974029,TRUE,0.701120949996871,2.98033866164058
124,74,4,800,"biased","robust",0.395108488512929,FALSE,-0.529703726264043,TRUE,"recruit_mean_slope_20",0.4,-0.129703726264043,0.491700630172062,-1.07209618165848,-0.0859222265572599,0.736774638377279,TRUE,-1.07728909372901,1.80887082003576
124,74,4,800,"biased","robust",0.395108488512929,FALSE,-0.0604704166924868,TRUE,"log_recruit_sd",1.25276296849537,1.19229255180288,0.0565217474790693,1.08201290423791,1.19347732320833,1.29974296685603,TRUE,-1.06986106037998,0.217730062618125
124,74,4,800,"biased","robust",0.395108488512929,FALSE,NA,TRUE,"log_process_precision",NA,3.87631017999228,0.808203695908346,2.36015309565466,3.83183414939252,5.51938617573784,NA,NA,3.15923308008318
125,98,5,800,"biased","robust",0.137853863616183,FALSE,0.065048445325451,TRUE,"survival_at_80",0.36,0.425048445325451,0.113549230767868,0.204575886370163,0.423850828931585,0.643486385419369,TRUE,0.572865574566785,0.438910499049206
125,98,5,800,"biased","robust",0.137853863616183,FALSE,-0.118118318699805,TRUE,"survival_slope_20",0.64,0.521881681300195,0.0879415812394566,0.3568802172337,0.519503078357434,0.704622531402479,TRUE,-1.34314526797261,0.347742314168778
125,98,5,800,"biased","robust",0.137853863616183,FALSE,1.21243922503615,TRUE,"growth_increment_80",8.4,9.61243922503615,0.974871897864438,7.7056660351003,9.60523195482197,11.4433775930973,TRUE,1.24369081485694,3.73771155799696
125,98,5,800,"biased","robust",0.137853863616183,FALSE,0.432968515048229,TRUE,"growth_slope_20",-2.4,-1.96703148495177,0.42862418468373,-2.81479599627945,-1.94074232630777,-1.12486626899029,TRUE,1.01013552319197,1.68992972728916
125,98,5,800,"biased","robust",0.137853863616183,FALSE,0.327952167797811,TRUE,"log_growth_sd",1.50407739677627,1.83202956457409,0.146725635010123,1.5320921086605,1.83004061886435,2.13385369049452,FALSE,2.23513885474195,0.60176158183402
125,98,5,800,"biased","robust",0.137853863616183,FALSE,0.473723455056466,TRUE,"log_recruitment_at_80",-1.69314718055995,-1.21942372550348,0.131168967072806,-1.46906017704043,-1.21925522508701,-0.948051654374448,FALSE,3.61155131147388,0.521008522665985
125,98,5,800,"biased","robust",0.137853863616183,FALSE,-0.570933546854545,TRUE,"recruitment_slope_20",1.5,0.929066453145455,0.124471032529674,0.689227340557402,0.924058764062471,1.16523709287737,FALSE,-4.5868788524626,0.47600975231997
125,98,5,800,"biased","robust",0.137853863616183,FALSE,0.545493787106523,TRUE,"recruit_mean_80",44.6,45.1454937871065,0.616581234104156,43.8956602327671,45.1361702473609,46.3815499933123,TRUE,0.88470708632429,2.48588976054526
125,98,5,800,"biased","robust",0.137853863616183,FALSE,-0.167778366149494,TRUE,"recruit_mean_slope_20",0.4,0.232221633850506,0.453428853668277,-0.637010906571827,0.227637902956954,1.16513041824814,TRUE,-0.370021371141588,1.80214132481997
125,98,5,800,"biased","robust",0.137853863616183,FALSE,-0.0155096636960579,TRUE,"log_recruit_sd",1.25276296849537,1.23725330479931,0.0722643121668925,1.09021269289728,1.23913934946328,1.37715393532947,TRUE,-0.21462411017265,0.28694124243219
125,98,5,800,"biased","robust",0.137853863616183,FALSE,NA,TRUE,"log_process_precision",NA,5.17994386349662,1.32825289701599,2.46569649138495,5.15748035083322,7.77481247526736,NA,NA,5.30911598388241
126,122,6,800,"biased","robust",0.997733043057918,FALSE,-0.00852053239538209,TRUE,"survival_at_80",0.36,0.351479467604618,0.0988952529971974,0.147438485893539,0.353393812054636,0.535549933807284,TRUE,-0.0861571424022097,0.388111447913744
126,122,6,800,"biased","robust",0.997733043057918,FALSE,-0.0764368397765494,TRUE,"survival_slope_20",0.64,0.563563160223451,0.0781839752123889,0.405972927628742,0.564550674701209,0.71266408754262,TRUE,-0.977653535381216,0.306691159913878
126,122,6,800,"biased","robust",0.997733043057918,FALSE,0.621237288761362,TRUE,"growth_increment_80",8.4,9.02123728876136,0.948037881616943,7.1727371630508,9.0105438593609,10.9873045248315,TRUE,0.655287410774979,3.81456736178065
126,122,6,800,"biased","robust",0.997733043057918,FALSE,0.545871694026044,TRUE,"growth_slope_20",-2.4,-1.85412830597396,0.356972580008404,-2.56761020152077,-1.85117189815153,-1.19149268502764,TRUE,1.52916981470451,1.37611751649313
126,122,6,800,"biased","robust",0.997733043057918,FALSE,0.288954938190358,TRUE,"log_growth_sd",1.50407739677627,1.79303233496663,0.176481579851227,1.44492555850534,1.79100306158529,2.15114050777418,TRUE,1.63730933525156,0.706214949268836
126,122,6,800,"biased","robust",0.997733043057918,FALSE,0.47425499327519,TRUE,"log_recruitment_at_80",-1.69314718055995,-1.21889218728476,0.0718128709326159,-1.35343386425973,-1.21997645734098,-1.07930260161807,FALSE,6.60403890160856,0.27413126264166
126,122,6,800,"biased","robust",0.997733043057918,FALSE,-0.277447917547794,TRUE,"recruitment_slope_20",1.5,1.22255208245221,0.0612680634658089,1.10055758077617,1.2226920578906,1.33934038487846,FALSE,-4.52842642403128,0.238782804102291
126,122,6,800,"biased","robust",0.997733043057918,FALSE,-0.80261945179555,TRUE,"recruit_mean_80",44.6,43.7973805482045,0.632299071274481,42.5386218287677,43.7923065868939,45.1018932649353,TRUE,-1.26936680482191,2.56327143616752
126,122,6,800,"biased","robust",0.997733043057918,FALSE,0.343162907668109,TRUE,"recruit_mean_slope_20",0.4,0.743162907668109,0.376082488293711,-0.0171073818733917,0.75053223726739,1.48468720835586,TRUE,0.912467127158835,1.50179459022925
126,122,6,800,"biased","robust",0.997733043057918,FALSE,-0.0916333573567367,TRUE,"log_recruit_sd",1.25276296849537,1.16112961113863,0.0716829759984078,1.0253066997102,1.16016334720773,1.29756318945824,TRUE,-1.27831407779125,0.272256489748041
126,122,6,800,"biased","robust",0.997733043057918,FALSE,NA,TRUE,"log_process_precision",NA,4.5883714231671,1.12713634842061,2.4485484007352,4.53403643150252,6.90823791272253,NA,NA,4.45968951198733
127,146,7,800,"biased","robust",0.000168472176153603,FALSE,0.134830172051393,TRUE,"survival_at_80",0.36,0.494830172051393,0.125562799283981,0.251936408711569,0.493316772039299,0.743837583909283,TRUE,1.07380667538681,0.491901175197714
127,146,7,800,"biased","robust",0.000168472176153603,FALSE,0.129901162304949,TRUE,"survival_slope_20",0.64,0.769901162304949,0.0839420070358233,0.610596719548131,0.771092351497414,0.932648136445116,TRUE,1.54751079813367,0.322051416896985
127,146,7,800,"biased","robust",0.000168472176153603,FALSE,-0.467725500626087,TRUE,"growth_increment_80",8.4,7.93227449937391,1.00944842351716,5.95049357345223,7.92386200889666,9.82775914992316,TRUE,-0.46334759630058,3.87726557647094
127,146,7,800,"biased","robust",0.000168472176153603,FALSE,0.260948616558704,TRUE,"growth_slope_20",-2.4,-2.1390513834413,0.450058127111119,-2.99464198147506,-2.1537594204216,-1.26078611440512,TRUE,0.579810919611003,1.73385586706994
127,146,7,800,"biased","robust",0.000168472176153603,FALSE,0.369691326587736,TRUE,"log_growth_sd",1.50407739677627,1.87376872336401,0.133292512025935,1.61349648250923,1.86859068741177,2.13835109503102,FALSE,2.77353409406677,0.524854612521799
127,146,7,800,"biased","robust",0.000168472176153603,FALSE,-1.67017740748289,TRUE,"log_recruitment_at_80",-1.69314718055995,-3.36332458804283,0.825533802495014,-5.00077427749457,-3.37590610802392,-1.77207888825101,FALSE,-2.02314841916237,3.22869538924356
127,146,7,800,"biased","robust",0.000168472176153603,FALSE,-3.35872279214296,TRUE,"recruitment_slope_20",1.5,-1.85872279214296,0.484630136858918,-2.81744789289752,-1.86155660986127,-0.934172390481469,FALSE,-6.93048685315402,1.88327550241605
127,146,7,800,"biased","robust",0.000168472176153603,FALSE,3.92070287216591,TRUE,"recruit_mean_80",44.6,48.5207028721659,3.8836954830208,41.260677139281,48.5044110327211,56.2202221964482,TRUE,1.00952891113809,14.9595450571673
127,146,7,800,"biased","robust",0.000168472176153603,FALSE,1.32093102888597,TRUE,"recruit_mean_slope_20",0.4,1.72093102888597,2.23473202410042,-2.5530728168361,1.69123039049958,6.14923774473723,TRUE,0.591091466287864,8.70231056157333
127,146,7,800,"biased","robust",0.000168472176153603,FALSE,0.0436988033363053,TRUE,"log_recruit_sd",1.25276296849537,1.29646177183167,0.0619591257629837,1.16965246116777,1.29837049441259,1.41050594421159,TRUE,0.705284375758773,0.240853483043825
127,146,7,800,"biased","robust",0.000168472176153603,FALSE,NA,TRUE,"log_process_precision",NA,3.90168426021132,0.842023168708661,2.26554228467504,3.93713074057304,5.61680011017608,NA,NA,3.35125782550103
128,170,8,800,"biased","robust",0.950818418458525,FALSE,0.0150320189348638,TRUE,"survival_at_80",0.36,0.375032018934864,0.103912542693339,0.17265267007469,0.373451651329617,0.589660304323155,TRUE,0.144660293601183,0.417007634248465
128,170,8,800,"biased","robust",0.950818418458525,FALSE,0.0085959691105405,TRUE,"survival_slope_20",0.64,0.64859596911054,0.0776062161552386,0.499106505917087,0.649013021873134,0.801131674191582,TRUE,0.110763925061694,0.302025168274496
128,170,8,800,"biased","robust",0.950818418458525,FALSE,-0.327439292918477,TRUE,"growth_increment_80",8.4,8.07256070708152,0.934127542689657,6.22171247925552,8.06421577059148,9.87338057246028,TRUE,-0.350529534731063,3.65166809320476
128,170,8,800,"biased","robust",0.950818418458525,FALSE,-0.0738933517053182,TRUE,"growth_slope_20",-2.4,-2.47389335170532,0.339368165637689,-3.09225857359053,-2.47304539842831,-1.82689196004648,TRUE,-0.21773801784404,1.26536661354405
128,170,8,800,"biased","robust",0.950818418458525,FALSE,0.168047471477307,TRUE,"log_growth_sd",1.50407739677627,1.67212486825358,0.162189461429795,1.35611230307692,1.6700965916714,2.00054286550514,TRUE,1.03611831493779,0.644430562428227
128,170,8,800,"biased","robust",0.950818418458525,FALSE,0.296541912236639,TRUE,"log_recruitment_at_80",-1.69314718055995,-1.39660526832331,0.228409485706671,-1.9701438970304,-1.360178112644,-1.20493110892429,TRUE,1.29829070504307,0.765212788106113
128,170,8,800,"biased","robust",0.950818418458525,FALSE,-0.111300666035275,TRUE,"recruitment_slope_20",1.5,1.38869933396473,0.138470041117451,1.23833164466357,1.36901300414351,1.78258406122862,TRUE,-0.803788784469765,0.544252416565056
128,170,8,800,"biased","robust",0.950818418458525,FALSE,0.208589813103856,TRUE,"recruit_mean_80",44.6,44.8085898131039,1.28112676076945,42.3353851968836,44.8165944163193,47.2699016451679,TRUE,0.162817466226821,4.93451644828429
128,170,8,800,"biased","robust",0.950818418458525,FALSE,-0.0634599755652195,TRUE,"recruit_mean_slope_20",0.4,0.33654002443478,0.735254471644895,-1.10541251107039,0.322602143573814,1.75485720030882,TRUE,-0.0863102204917548,2.86026971137921
128,170,8,800,"biased","robust",0.950818418458525,FALSE,-0.00543441587907645,TRUE,"log_recruit_sd",1.25276296849537,1.24732855261629,0.0627138367218376,1.12791103868481,1.24567367128985,1.37060636379147,TRUE,-0.0866541765444902,0.242695325106657
128,170,8,800,"biased","robust",0.950818418458525,FALSE,NA,TRUE,"log_process_precision",NA,3.01245379689989,0.431579097153832,2.15438724470424,3.02454711544761,3.8646185094692,NA,NA,1.71023126476496
129,194,9,800,"biased","robust",0.960056696476506,FALSE,0.107688434767613,TRUE,"survival_at_80",0.36,0.467688434767612,0.0965602503916886,0.280459393366323,0.469611577651371,0.656271172351718,TRUE,1.11524601821954,0.375811778985395
129,194,9,800,"biased","robust",0.960056696476506,FALSE,-0.0191242595731513,TRUE,"survival_slope_20",0.64,0.620875740426849,0.0655955035366691,0.492044205503536,0.619091796380827,0.753611846324913,TRUE,-0.291548330937966,0.261567640821377
129,194,9,800,"biased","robust",0.960056696476506,FALSE,-1.06836328265872,TRUE,"growth_increment_80",8.4,7.33163671734128,0.814102609585794,5.70037011446487,7.34502347430625,8.97798758670659,TRUE,-1.31232017939641,3.27761747224172
129,194,9,800,"biased","robust",0.960056696476506,FALSE,0.170854463216346,TRUE,"growth_slope_20",-2.4,-2.22914553678365,0.354651666397245,-2.89273913028641,-2.22898733152755,-1.51496618412056,TRUE,0.481752884321632,1.37777294616585
129,194,9,800,"biased","robust",0.960056696476506,FALSE,0.227296453729427,TRUE,"log_growth_sd",1.50407739677627,1.7313738505057,0.135441463646684,1.46954822686839,1.72973749218859,1.99979330845548,TRUE,1.67818958544599,0.530245081587093
129,194,9,800,"biased","robust",0.960056696476506,FALSE,0.456115216725035,TRUE,"log_recruitment_at_80",-1.69314718055995,-1.23703196383491,0.146398466681478,-1.74580808309497,-1.21699036129213,-1.06768009455723,TRUE,3.11557372877008,0.678127988537746
129,194,9,800,"biased","robust",0.960056696476506,FALSE,-0.231593723077441,TRUE,"recruitment_slope_20",1.5,1.26840627692256,0.102265724792319,1.13729954944492,1.25663766138594,1.61404915627024,TRUE,-2.26462701504108,0.476749606825313
129,194,9,800,"biased","robust",0.960056696476506,FALSE,-0.338627142212495,TRUE,"recruit_mean_80",44.6,44.2613728577875,0.856589066369597,42.5707178173625,44.2917343213196,45.8356734534078,TRUE,-0.395320411510349,3.26495563604533
129,194,9,800,"biased","robust",0.960056696476506,FALSE,0.257570243911819,TRUE,"recruit_mean_slope_20",0.4,0.657570243911819,0.527856325532965,-0.336289361490691,0.638439664016238,1.70658712773722,TRUE,0.487955209500911,2.04287648922791
129,194,9,800,"biased","robust",0.960056696476506,FALSE,0.00266827334024455,TRUE,"log_recruit_sd",1.25276296849537,1.25543124183561,0.0635065273370545,1.13236545799096,1.25756844601494,1.37503996025282,TRUE,0.0420157336911678,0.242674502261857
129,194,9,800,"biased","robust",0.960056696476506,FALSE,NA,TRUE,"log_process_precision",NA,5.18585806785766,1.12910799113965,3.02893367646396,5.21010007972855,7.48937171713555,NA,NA,4.46043804067158
130,218,10,800,"biased","robust",0.842771956125773,FALSE,-0.0222284182494296,TRUE,"survival_at_80",0.36,0.33777158175057,0.0942155389795648,0.160643801499475,0.333383536847453,0.5287485903752,TRUE,-0.235931551102742,0.368104788875726
130,218,10,800,"biased","robust",0.842771956125773,FALSE,0.0150641938710143,TRUE,"survival_slope_20",0.64,0.655064193871014,0.0815019930167749,0.48293472757966,0.655065585938369,0.815738452370216,TRUE,0.184832214690919,0.332803724790556
130,218,10,800,"biased","robust",0.842771956125773,FALSE,0.155140215488705,TRUE,"growth_increment_80",8.4,8.55514021548871,0.97015929672487,6.63776806574515,8.56741824596248,10.4757485165055,TRUE,0.15991210516916,3.83798045076035
130,218,10,800,"biased","robust",0.842771956125773,FALSE,-0.253102761958489,TRUE,"growth_slope_20",-2.4,-2.65310276195849,0.37725676804842,-3.393226657161,-2.65147824691373,-1.90386369669068,TRUE,-0.670903170983016,1.48936296047033
130,218,10,800,"biased","robust",0.842771956125773,FALSE,0.252236938413547,TRUE,"log_growth_sd",1.50407739677627,1.75631433518982,0.156638956868528,1.42485951754956,1.76686168175447,2.05859995029223,TRUE,1.6103078279898,0.63374043274267
130,218,10,800,"biased","robust",0.842771956125773,FALSE,0.421582419359481,TRUE,"log_recruitment_at_80",-1.69314718055995,-1.27156476120046,0.269220535651195,-2.13840126516126,-1.19524412565631,-1.04444364211708,TRUE,1.56593707957586,1.09395762304417
130,218,10,800,"biased","robust",0.842771956125773,FALSE,-0.320664256109656,TRUE,"recruitment_slope_20",1.5,1.17933574389034,0.148819617680407,1.00906259211156,1.14906548859007,1.64426885597681,TRUE,-2.15471764480868,0.635206263865257
130,218,10,800,"biased","robust",0.842771956125773,FALSE,1.2931761391707,TRUE,"recruit_mean_80",44.6,45.8931761391707,0.975303060935295,43.9178343374632,45.9035736989644,47.7781599263713,TRUE,1.32592236297359,3.86032558890808
130,218,10,800,"biased","robust",0.842771956125773,FALSE,-0.819572746009346,TRUE,"recruit_mean_slope_20",0.4,-0.419572746009346,0.621348831727915,-1.67562108695172,-0.400217617687626,0.779579072527514,TRUE,-1.31902194734991,2.45520015947924
130,218,10,800,"biased","robust",0.842771956125773,FALSE,-0.020476694037977,TRUE,"log_recruit_sd",1.25276296849537,1.23228627445739,0.0654859654537064,1.10250504294701,1.22950881533015,1.35881184976376,TRUE,-0.312688282078585,0.256306806816746
130,218,10,800,"biased","robust",0.842771956125773,FALSE,NA,TRUE,"log_process_precision",NA,2.54016392434253,0.339546223874857,1.89296575117046,2.54234602530573,3.20549902732418,NA,NA,1.31253327615371
