"quantity","truth","posterior_mean","posterior_sd","q025","median","q975","covers_truth","standardized_bias","scenario","replicate","method","group"
"survival_50",0.354343693774205,0.343531497261945,0.0249530594775177,0.297324575064513,0.344831177468519,0.390140802855356,TRUE,-0.433301436322898,"standard",1,"recursive_gamma_poisson","survival"
"survival_80",0.589040434058665,0.585755148126371,0.0284586200976988,0.527992451150714,0.585017106753089,0.64052006300013,TRUE,-0.11544080215471,"standard",1,"recursive_gamma_poisson","survival"
"survival_110",0.789181706522253,0.79089376301406,0.0369990433538687,0.70525430658742,0.794131959498044,0.858678945456985,TRUE,0.0462729934780308,"standard",1,"recursive_gamma_poisson","survival"
"growth_increment_50",12,12.4978465308163,1.63949008070157,9.1928016536405,12.5360020753159,15.6469727889355,TRUE,0.303659373531132,"standard",1,"recursive_gamma_poisson","growth"
"growth_increment_80",8.4,8.30675604077057,1.13599692690332,5.94047267392933,8.27125949978558,10.4951345295404,TRUE,-0.0820811720711359,"standard",1,"recursive_gamma_poisson","growth"
"growth_increment_110",4.8,4.11566555072479,0.876432203693894,2.31530781593076,4.07961286403103,5.82837390572227,TRUE,-0.780818466495129,"standard",1,"recursive_gamma_poisson","growth"
"growth_sd.log_growth_sd",4.5,6.35037090686735,0.838927986867906,4.97328225325467,6.30945759482247,8.26442614025353,FALSE,2.20563735604484,"standard",1,"recursive_gamma_poisson","growth"
"recruitment_50",0.019387103915861,0.112063637812793,0.0504387844614616,0.0429125032500047,0.102931834679321,0.231567218793672,FALSE,1.83740617238194,"standard",1,"recursive_gamma_poisson","recruitment"
"recruitment_80",0.183939720585721,0.437965520054115,0.083138070561212,0.294743314662057,0.429046706682985,0.621948020904003,FALSE,3.05546902584614,"standard",1,"recursive_gamma_poisson","recruitment"
"recruitment_110",1.74517147873092,1.82133293181328,0.19622811805549,1.45772764806395,1.81274198632987,2.26433543638973,TRUE,0.388127113673002,"standard",1,"recursive_gamma_poisson","recruitment"
"recruit_mean_50",44,45.3668765578064,1.91491503259865,41.6522292719902,45.4039037076881,49.0332496211364,TRUE,0.713805330543297,"standard",1,"recursive_gamma_poisson","recruit_size"
"recruit_mean_80",44.6,45.4147317147594,0.848043389289372,43.8020516597294,45.4508741737596,47.1904175551201,TRUE,0.96071937479767,"standard",1,"recursive_gamma_poisson","recruit_size"
"recruit_mean_110",45.2,45.4625868717123,0.381647080941325,44.7085913271004,45.4786945720303,46.2111925418529,TRUE,0.688035844698814,"standard",1,"recursive_gamma_poisson","recruit_size"
"recruit_sd.log_recruit_sd",3.5,3.7713515964039,0.205569321409679,3.40815597108313,3.75170468582864,4.17226306618945,TRUE,1.32000044823384,"standard",1,"recursive_gamma_poisson","recruit_size"
"lambda",1.03119869581319,0.995218662412654,0.0171510746059464,0.959350134029173,0.995680425849102,1.02576627044426,FALSE,-2.09782968281557,"standard",1,"recursive_gamma_poisson","lambda"
"survival_50",0.354343693774205,0.388237559999226,0.0370306524172455,0.314549951977549,0.39016772044843,0.463229991352396,TRUE,0.915292170473247,"standard",1,"one_step_gamma_poisson","survival"
"survival_80",0.589040434058665,0.61057546111188,0.0438590296487606,0.527219201118674,0.612018260287721,0.696458912204459,TRUE,0.491005551779777,"standard",1,"one_step_gamma_poisson","survival"
"survival_110",0.789181706522253,0.790889017797873,0.0560679872173677,0.67156653753953,0.795491425204491,0.884746565867894,TRUE,0.0304507324117229,"standard",1,"one_step_gamma_poisson","survival"
"growth_increment_50",12,10.6988178543198,1.79232753483782,7.14978298110091,10.7928751614822,13.979862658615,TRUE,-0.72597341746352,"standard",1,"one_step_gamma_poisson","growth"
"growth_increment_80",8.4,7.35233786258603,1.31634394531601,4.86530562071396,7.32611785648749,9.90019727594781,TRUE,-0.795887838540906,"standard",1,"one_step_gamma_poisson","growth"
"growth_increment_110",4.8,4.00585811479799,1.40913298609895,1.3242100685775,3.89066309335108,6.88894038327698,TRUE,-0.563567734937862,"standard",1,"one_step_gamma_poisson","growth"
"growth_sd.log_growth_sd",4.5,7.29380276593344,0.804708740950848,5.85063720098427,7.20942578592101,8.93602208511615,FALSE,3.47181858945917,"standard",1,"one_step_gamma_poisson","growth"
"recruitment_50",0.019387103915861,0.0265008518860713,0.0206709134909631,0.00522012813083229,0.0210191156175073,0.0795917250433761,TRUE,0.344142893023102,"standard",1,"one_step_gamma_poisson","recruitment"
"recruitment_80",0.183939720585721,0.208385168886672,0.0826750140760398,0.0915340376033173,0.195766792785623,0.415680785876168,TRUE,0.295681211235924,"standard",1,"one_step_gamma_poisson","recruitment"
"recruitment_110",1.74517147873092,1.80809902928749,0.194599552519142,1.43926060685567,1.79936512735731,2.23538031363849,TRUE,0.323369451481043,"standard",1,"one_step_gamma_poisson","recruitment"
"recruit_mean_50",44,44.5869871360531,2.43112282739454,39.8043288632567,44.6160060076897,48.9808815303931,TRUE,0.241446927090137,"standard",1,"one_step_gamma_poisson","recruit_size"
"recruit_mean_80",44.6,44.8986088984176,1.34328629478172,42.2769527504844,44.9146355379856,47.3972734187956,TRUE,0.222297286570699,"standard",1,"one_step_gamma_poisson","recruit_size"
"recruit_mean_110",45.2,45.2102306607822,0.355620254828805,44.502366196977,45.2149575290186,45.8842783027187,TRUE,0.0287684985409574,"standard",1,"one_step_gamma_poisson","recruit_size"
"recruit_sd.log_recruit_sd",3.5,3.64733378869855,0.238642904234417,3.21005242745394,3.63958068284283,4.15616733135152,TRUE,0.617381812257124,"standard",1,"one_step_gamma_poisson","recruit_size"
"lambda",1.03119869581319,1.03247090759114,0.059329865671602,0.924009210590364,1.02677174758085,1.1615503006485,TRUE,0.021443024748912,"standard",1,"one_step_gamma_poisson","lambda"
"survival_50",0.354343693774205,0.382482718533397,0.0338590069276446,0.319185126629165,0.38132330150088,0.448634278054629,TRUE,0.831064680051745,"standard",1,"one_step_shared_gamma_poisson","survival"
"survival_80",0.589040434058665,0.613900687332828,0.0512933126500608,0.507672578939714,0.616351126849559,0.715103300137477,TRUE,0.484668507252933,"standard",1,"one_step_shared_gamma_poisson","survival"
"survival_110",0.789181706522253,0.797901450988129,0.062363768689416,0.671113311466195,0.804962259295702,0.905498384867602,TRUE,0.139820678722968,"standard",1,"one_step_shared_gamma_poisson","survival"
"growth_increment_50",12,10.8319133876855,0.559457565728958,9.73502061855064,10.7986867923988,11.9328515074643,FALSE,-2.08789135024475,"standard",1,"one_step_shared_gamma_poisson","growth"
"growth_increment_80",8.4,7.41143702524514,0.346048997368254,6.70680395840977,7.4112719539945,8.04922087991353,FALSE,-2.85671388234905,"standard",1,"one_step_shared_gamma_poisson","growth"
"growth_increment_110",4.8,3.99096066280477,0.262443567940335,3.48503267827931,4.007899259011,4.48867486156167,FALSE,-3.08271733822473,"standard",1,"one_step_shared_gamma_poisson","growth"
"growth_sd.log_growth_sd",4.5,7.24771671393502,0.797765886612289,5.87640993011306,7.22205397744692,8.81753404533951,FALSE,3.44426448917638,"standard",1,"one_step_shared_gamma_poisson","growth"
"recruitment_50",0.019387103915861,0.0225850860147319,0.0165048111489465,0.00521802127231159,0.0187738922275525,0.0626442694751424,TRUE,0.193760599258661,"standard",1,"one_step_shared_gamma_poisson","recruitment"
"recruitment_80",0.183939720585721,0.192496951240173,0.0713971697752002,0.0912056425892146,0.183737456593423,0.359920445131929,TRUE,0.119853919719722,"standard",1,"one_step_shared_gamma_poisson","recruitment"
"recruitment_110",1.74517147873092,1.78821247133373,0.171424067126084,1.46953344019935,1.78446862981943,2.14947764060254,TRUE,0.251079053976413,"standard",1,"one_step_shared_gamma_poisson","recruitment"
"recruit_mean_50",44,44.1106155175469,2.13925714709827,40.1814935970946,44.1088971265316,48.3058134937696,TRUE,0.0517074432575524,"standard",1,"one_step_shared_gamma_poisson","recruit_size"
"recruit_mean_80",44.6,44.6767419738175,1.19524285147695,42.5151184079902,44.7147634858033,47.1162492037112,TRUE,0.0642061767804558,"standard",1,"one_step_shared_gamma_poisson","recruit_size"
"recruit_mean_110",45.2,45.2428684300883,0.314411166175709,44.6343225202679,45.2466926830418,45.8675957117425,TRUE,0.136345126064314,"standard",1,"one_step_shared_gamma_poisson","recruit_size"
"recruit_sd.log_recruit_sd",3.5,3.73222118221715,0.183306308111555,3.40631217970381,3.73724958698288,4.14024704461475,TRUE,1.26684774031797,"standard",1,"one_step_shared_gamma_poisson","recruit_size"
"lambda",1.03119869581319,1.03788062430755,0.061297569793846,0.902692871338292,1.04195117625291,1.13661100423962,TRUE,0.109008049043829,"standard",1,"one_step_shared_gamma_poisson","lambda"
"survival_50",0.354343693774205,0.38828551610147,0.0333415059488181,0.323728423604422,0.387148940645139,0.458307090185236,TRUE,1.01800507689632,"standard",1,"one_step_gamma_poisson_shape_informed","survival"
"survival_80",0.589040434058665,0.608399587960708,0.0464238756046917,0.514895402460559,0.607914519588086,0.69410989324403,TRUE,0.417008568325691,"standard",1,"one_step_gamma_poisson_shape_informed","survival"
"survival_110",0.789181706522253,0.786570673334253,0.0643002026212497,0.633576682509527,0.794840668507493,0.886132353252687,TRUE,-0.0406069200649359,"standard",1,"one_step_gamma_poisson_shape_informed","survival"
"growth_increment_50",12,10.7572655290513,1.70576546996765,7.52635795573396,10.765600249351,14.1457193045702,TRUE,-0.728549435915306,"standard",1,"one_step_gamma_poisson_shape_informed","growth"
"growth_increment_80",8.4,7.40617233746859,1.22207895057417,4.96044787867507,7.367472738115,9.73009869382152,TRUE,-0.813227052200254,"standard",1,"one_step_gamma_poisson_shape_informed","growth"
"growth_increment_110",4.8,4.05507914588591,1.25777167213196,1.66237810826874,3.97971787943625,6.64344735307957,TRUE,-0.592254437446045,"standard",1,"one_step_gamma_poisson_shape_informed","growth"
"growth_sd.log_growth_sd",4.5,7.29448965875789,0.84586397736229,5.71162880541946,7.28641126563256,9.08963331445461,FALSE,3.30371044700606,"standard",1,"one_step_gamma_poisson_shape_informed","growth"
"recruitment_50",0.019387103915861,0.0229407234629279,0.0114690610973939,0.00759190882033544,0.0206524623004651,0.0512852132110061,TRUE,0.309843980853356,"standard",1,"one_step_gamma_poisson_shape_informed","recruitment"
"recruitment_80",0.183939720585721,0.198994738108644,0.053629655072361,0.111195430565435,0.192447039613434,0.31794510213176,TRUE,0.280721878643631,"standard",1,"one_step_gamma_poisson_shape_informed","recruitment"
"recruitment_110",1.74517147873092,1.80977473281661,0.16618321054289,1.5323104198217,1.79946947603603,2.15202254700939,TRUE,0.388747177736225,"standard",1,"one_step_gamma_poisson_shape_informed","recruitment"
"recruit_mean_50",44,44.3820293484902,2.38007316223996,40.0160422588206,44.4259537183052,49.2105220954141,TRUE,0.160511598782407,"standard",1,"one_step_gamma_poisson_shape_informed","recruit_size"
"recruit_mean_80",44.6,44.795578374348,1.31010387128557,42.3408114390963,44.8018915011041,47.4971216542719,TRUE,0.149284632031581,"standard",1,"one_step_gamma_poisson_shape_informed","recruit_size"
"recruit_mean_110",45.2,45.2091274002056,0.347231923936005,44.5412095390674,45.2257220030559,45.8546777337534,TRUE,0.0262861781317756,"standard",1,"one_step_gamma_poisson_shape_informed","recruit_size"
"recruit_sd.log_recruit_sd",3.5,3.63172603535005,0.232833550175352,3.21260964744752,3.62681111480853,4.1184023405956,TRUE,0.565751951343958,"standard",1,"one_step_gamma_poisson_shape_informed","recruit_size"
"lambda",1.03119869581319,1.02941467185704,0.0577085436637596,0.901985540879239,1.03207484557816,1.14084320795555,TRUE,-0.0309143818728772,"standard",1,"one_step_gamma_poisson_shape_informed","lambda"
"survival_50",0.354343693774205,0.386214187076507,0.0369642126967897,0.315740701727668,0.384127099743961,0.45809088168944,TRUE,0.862198623401782,"standard",1,"one_step_gamma_poisson_fixed_recruitment_slope","survival"
"survival_80",0.589040434058665,0.60876554742542,0.048512949869921,0.518714134549912,0.608327472764873,0.697234648696384,TRUE,0.406594804472713,"standard",1,"one_step_gamma_poisson_fixed_recruitment_slope","survival"
"survival_110",0.789181706522253,0.788315170407512,0.0650512965408864,0.644845371175903,0.797585894289302,0.896200767721108,TRUE,-0.0133208123560799,"standard",1,"one_step_gamma_poisson_fixed_recruitment_slope","survival"
"growth_increment_50",12,10.6568389006942,1.67150662394783,7.03371845789198,10.7408803434145,13.886774010979,TRUE,-0.803563132842096,"standard",1,"one_step_gamma_poisson_fixed_recruitment_slope","growth"
"growth_increment_80",8.4,7.30313327192013,1.24828617367101,4.69246582557242,7.39682477024977,9.60825627552611,TRUE,-0.878698131257962,"standard",1,"one_step_gamma_poisson_fixed_recruitment_slope","growth"
"growth_increment_110",4.8,3.95379205518121,1.36448992020291,1.4513101228969,3.92563108722447,6.65038629969461,TRUE,-0.620164306302061,"standard",1,"one_step_gamma_poisson_fixed_recruitment_slope","growth"
"growth_sd.log_growth_sd",4.5,7.28432579122833,0.836383096962292,5.8067550776132,7.22387854665645,9.18455159859481,FALSE,3.32900772545606,"standard",1,"one_step_gamma_poisson_fixed_recruitment_slope","growth"
"recruitment_50",0.019387103915861,0.0202117083513823,0.00171993157685277,0.0170723566640583,0.0201326433314085,0.0238380615140287,TRUE,0.479440256007295,"standard",1,"one_step_gamma_poisson_fixed_recruitment_slope","recruitment"
"recruitment_80",0.183939720585721,0.191763349639437,0.0163182564577907,0.16197801013268,0.191013201616029,0.226169230495969,TRUE,0.479440256007281,"standard",1,"one_step_gamma_poisson_fixed_recruitment_slope","recruitment"
"recruitment_110",1.74517147873092,1.81940000447424,0.154823306581469,1.53680457143787,1.81228279818997,2.14583391325823,TRUE,0.479440256007297,"standard",1,"one_step_gamma_poisson_fixed_recruitment_slope","recruitment"
"recruit_mean_50",44,44.6609114694878,2.32446587809305,39.730522499852,44.7044338352322,49.2702100536816,TRUE,0.284328316331332,"standard",1,"one_step_gamma_poisson_fixed_recruitment_slope","recruit_size"
"recruit_mean_80",44.6,44.9494591645625,1.29271391373477,42.174570654973,44.9970263700294,47.4849028378574,TRUE,0.270329854772612,"standard",1,"one_step_gamma_poisson_fixed_recruitment_slope","recruit_size"
"recruit_mean_110",45.2,45.2380068596371,0.359650903162892,44.5460933340046,45.2511793107684,45.8983505908611,TRUE,0.105677086593828,"standard",1,"one_step_gamma_poisson_fixed_recruitment_slope","recruit_size"
"recruit_sd.log_recruit_sd",3.5,3.64162065745399,0.224522680368945,3.23301935938908,3.63950670426703,4.10893681906567,TRUE,0.630763258398987,"standard",1,"one_step_gamma_poisson_fixed_recruitment_slope","recruit_size"
"lambda",1.03119869581319,1.02660175809417,0.0576360768264651,0.899521545958861,1.03058015580443,1.12761975106476,TRUE,-0.0797579913856104,"standard",1,"one_step_gamma_poisson_fixed_recruitment_slope","lambda"
"survival_50",0.354343693774205,0.357052951121757,0.0109354349252981,0.333566080735815,0.356880952133333,0.377475864576792,TRUE,0.247750305868896,"dense_profiles",1,"recursive_gamma_poisson","survival"
"survival_80",0.589040434058665,0.575747509285783,0.0106036584957854,0.555161223235222,0.576190118017009,0.5968440105898,TRUE,-1.25361683216836,"dense_profiles",1,"recursive_gamma_poisson","survival"
"survival_110",0.789181706522253,0.768038659402454,0.0161449721705041,0.735883451148623,0.767211401357605,0.799292403348075,TRUE,-1.30957470205034,"dense_profiles",1,"recursive_gamma_poisson","survival"
"growth_increment_50",12,12.4912778692502,0.557747821358103,11.4473090387211,12.510972385768,13.5452699210009,TRUE,0.880824362619566,"dense_profiles",1,"recursive_gamma_poisson","growth"
"growth_increment_80",8.4,8.92480806801597,0.407160945290375,8.18760282369267,8.93960973285487,9.65903872333151,TRUE,1.28894500832268,"dense_profiles",1,"recursive_gamma_poisson","growth"
"growth_increment_110",4.8,5.35833826678175,0.379464527422534,4.62259902809576,5.3569505662397,6.08291705650288,TRUE,1.47138461287592,"dense_profiles",1,"recursive_gamma_poisson","growth"
"growth_sd.log_growth_sd",4.5,4.5150881812666,0.519001422114735,3.56853750123894,4.51220807326474,5.61799123302324,TRUE,0.0290715605462539,"dense_profiles",1,"recursive_gamma_poisson","growth"
"recruitment_50",0.019387103915861,0.0237351818058413,0.00963523654235237,0.0101798616040397,0.0218090831763411,0.0442810554341228,TRUE,0.451268411612727,"dense_profiles",1,"recursive_gamma_poisson","recruitment"
"recruitment_80",0.183939720585721,0.200856709063353,0.041717806220064,0.130715818158693,0.195050557833424,0.288280128001207,TRUE,0.405510021030191,"dense_profiles",1,"recursive_gamma_poisson","recruitment"
"recruitment_110",1.74517147873092,1.75927449024259,0.0772911017646993,1.62031647067461,1.75727356699963,1.92234190757962,TRUE,0.18246617255641,"dense_profiles",1,"recursive_gamma_poisson","recruitment"
"recruit_mean_50",44,45.004517288532,1.25934282418863,42.4993318731068,45.0157284914015,47.4630456091263,TRUE,0.797651973106838,"dense_profiles",1,"recursive_gamma_poisson","recruit_size"
"recruit_mean_80",44.6,45.140895202264,0.701236905737612,43.7876105363763,45.1451792742314,46.5028214845588,TRUE,0.771344459822839,"dense_profiles",1,"recursive_gamma_poisson","recruit_size"
"recruit_mean_110",45.2,45.2772731159962,0.193873614812074,44.9410901738519,45.2753677115588,45.6904799962193,TRUE,0.398574690377885,"dense_profiles",1,"recursive_gamma_poisson","recruit_size"
"recruit_sd.log_recruit_sd",3.5,3.61785999560514,0.112771571841008,3.41754314462708,3.61104605156691,3.85335011705513,TRUE,1.04512151139745,"dense_profiles",1,"recursive_gamma_poisson","recruit_size"
"lambda",1.03119869581319,1.03146803907347,0.0098872990869665,1.01158442788658,1.0319680141431,1.05016683316886,TRUE,0.0272413383986504,"dense_profiles",1,"recursive_gamma_poisson","lambda"
"survival_50",0.354343693774205,0.377222911639814,0.0154333586670107,0.345747139279366,0.376979643023242,0.406261590749902,TRUE,1.48245228788175,"dense_profiles",1,"one_step_gamma_poisson","survival"
"survival_80",0.589040434058665,0.578309499635069,0.0195244488216452,0.542356062678564,0.578946006700966,0.61453486478852,TRUE,-0.54961522968576,"dense_profiles",1,"one_step_gamma_poisson","survival"
"survival_110",0.789181706522253,0.755568462078592,0.0285241427265627,0.698407088930642,0.758290899491253,0.803042997676638,TRUE,-1.1784138358121,"dense_profiles",1,"one_step_gamma_poisson","survival"
"growth_increment_50",12,12.1587630098103,0.673304371480747,10.8825797321583,12.1688344125759,13.4913469645407,TRUE,0.235796790478477,"dense_profiles",1,"one_step_gamma_poisson","growth"
"growth_increment_80",8.4,8.81864272078667,0.591228276758233,7.67678511867159,8.8405244473165,9.94378268320525,TRUE,0.708089814448883,"dense_profiles",1,"one_step_gamma_poisson","growth"
"growth_increment_110",4.8,5.47852243176304,0.730466575089044,3.9736889090125,5.46901537431922,6.91412137095089,TRUE,0.928889089388286,"dense_profiles",1,"one_step_gamma_poisson","growth"
"growth_sd.log_growth_sd",4.5,5.29433820143319,0.5308641847337,4.30463957505727,5.2572763665621,6.51599768308516,TRUE,1.49631153179349,"dense_profiles",1,"one_step_gamma_poisson","growth"
"recruitment_50",0.019387103915861,0.0155766878368192,0.00463961935330766,0.00816596677322489,0.0151111001531402,0.0263803043962901,TRUE,-0.821277736141281,"dense_profiles",1,"one_step_gamma_poisson","recruitment"
"recruitment_80",0.183939720585721,0.159988942773839,0.0268732227966137,0.110766877816295,0.157901141596112,0.216465358180707,TRUE,-0.891250669603355,"dense_profiles",1,"one_step_gamma_poisson","recruitment"
"recruitment_110",1.74517147873092,1.6705041187146,0.0811561475631005,1.51947378695209,1.66709739201018,1.83942835663066,TRUE,-0.920045643594276,"dense_profiles",1,"one_step_gamma_poisson","recruitment"
"recruit_mean_50",44,45.0918201528247,1.20887959119388,42.8163841137151,45.1296060009198,47.5663398499967,TRUE,0.903166999243027,"dense_profiles",1,"one_step_gamma_poisson","recruit_size"
"recruit_mean_80",44.6,45.1491943109078,0.6766852230284,43.8884923700843,45.1594446393913,46.4816509671069,TRUE,0.811594951711768,"dense_profiles",1,"one_step_gamma_poisson","recruit_size"
"recruit_mean_110",45.2,45.2065684689909,0.184765581999564,44.8465752342285,45.2102006577409,45.5569452764871,TRUE,0.0355502844186593,"dense_profiles",1,"one_step_gamma_poisson","recruit_size"
"recruit_sd.log_recruit_sd",3.5,3.57405486281585,0.101342230749679,3.38000220508371,3.5729844409454,3.76666938276993,TRUE,0.730740405732466,"dense_profiles",1,"one_step_gamma_poisson","recruit_size"
"lambda",1.03119869581319,1.03893494328282,0.0312351311600551,0.972864314151578,1.04166824303519,1.10208274847642,TRUE,0.247677764821569,"dense_profiles",1,"one_step_gamma_poisson","lambda"
"survival_50",0.354343693774205,0.375075057736241,0.0168172638083196,0.343019154036332,0.374826521113914,0.40830317696243,TRUE,1.23274298353934,"dense_profiles",1,"one_step_shared_gamma_poisson","survival"
"survival_80",0.589040434058665,0.574193476480863,0.0230584464354889,0.52922546031218,0.574388358941476,0.619362703284685,TRUE,-0.643883690054302,"dense_profiles",1,"one_step_shared_gamma_poisson","survival"
"survival_110",0.789181706522253,0.750843937116574,0.0318512616470777,0.682267427240367,0.75117733333043,0.807626636338532,TRUE,-1.20364994738586,"dense_profiles",1,"one_step_shared_gamma_poisson","survival"
"growth_increment_50",12,12.1718475335668,0.707887737279845,10.9186034729751,12.1481709979154,13.5400469065275,TRUE,0.242760997989849,"dense_profiles",1,"one_step_shared_gamma_poisson","growth"
"growth_increment_80",8.4,8.78677214064762,0.595006260321491,7.61294836524064,8.77889799291325,9.97090674033693,TRUE,0.650030371846244,"dense_profiles",1,"one_step_shared_gamma_poisson","growth"
"growth_increment_110",4.8,5.40169674772841,0.689256979545938,4.11423633047934,5.41586816325991,6.86049422985228,TRUE,0.872964316044781,"dense_profiles",1,"one_step_shared_gamma_poisson","growth"
"growth_sd.log_growth_sd",4.5,5.23896123537579,0.479531139486634,4.30948679722802,5.2255461285184,6.20820704867441,TRUE,1.54100781894349,"dense_profiles",1,"one_step_shared_gamma_poisson","growth"
"recruitment_50",0.019387103915861,0.0152406824398787,0.00501986899535457,0.0078767376197335,0.0142727763103721,0.0262655772924695,TRUE,-0.826001929496456,"dense_profiles",1,"one_step_shared_gamma_poisson","recruitment"
"recruitment_80",0.183939720585721,0.157774001114899,0.0289064853278102,0.111478294887358,0.154044810845389,0.223604506187998,TRUE,-0.905185088193654,"dense_profiles",1,"one_step_shared_gamma_poisson","recruitment"
"recruitment_110",1.74517147873092,1.66593806732978,0.0860645228612278,1.51316770745754,1.66137972332631,1.85570967350681,TRUE,-0.920628021477557,"dense_profiles",1,"one_step_shared_gamma_poisson","recruitment"
"recruit_mean_50",44,45.1964416183971,1.2734407678419,42.6572022676994,45.1562114769844,47.7992511414468,TRUE,0.9395345654158,"dense_profiles",1,"one_step_shared_gamma_poisson","recruit_size"
"recruit_mean_80",44.6,45.2073725537959,0.718758509172147,43.8361673848061,45.1976554925686,46.7380203812089,TRUE,0.845030070663683,"dense_profiles",1,"one_step_shared_gamma_poisson","recruit_size"
"recruit_mean_110",45.2,45.2183034891945,0.189286634249357,44.8613356748277,45.2254945485159,45.5816582334754,TRUE,0.0966972087972398,"dense_profiles",1,"one_step_shared_gamma_poisson","recruit_size"
"recruit_sd.log_recruit_sd",3.5,3.56717080094853,0.0908818600768743,3.40288069935294,3.56372906256437,3.75274556165583,TRUE,0.739100199882708,"dense_profiles",1,"one_step_shared_gamma_poisson","recruit_size"
"lambda",1.03119869581319,1.03115971481776,0.0345503307776784,0.96402888204315,1.03059799308203,1.09826034413054,TRUE,-0.00112823798078908,"dense_profiles",1,"one_step_shared_gamma_poisson","lambda"
"survival_50",0.354343693774205,0.375613102160529,0.0156356177954638,0.345985718452188,0.375278100212068,0.406543711248106,TRUE,1.36031774788556,"dense_profiles",1,"one_step_gamma_poisson_shape_informed","survival"
"survival_80",0.589040434058665,0.577892559399356,0.0189722268916099,0.536505959982888,0.579289729918674,0.612811637832998,TRUE,-0.587589149286361,"dense_profiles",1,"one_step_gamma_poisson_shape_informed","survival"
"survival_110",0.789181706522253,0.756238127465083,0.0278577401887892,0.698544247664668,0.759399075270666,0.806196603827455,TRUE,-1.18256466008779,"dense_profiles",1,"one_step_gamma_poisson_shape_informed","survival"
"growth_increment_50",12,12.2154807873257,0.715381849079268,10.6583630149666,12.2003592387079,13.5144984136888,TRUE,0.301210867459128,"dense_profiles",1,"one_step_gamma_poisson_shape_informed","growth"
"growth_increment_80",8.4,8.85005159045538,0.592439678708891,7.7503597455044,8.83018533082145,10.0537870162592,TRUE,0.759658082720226,"dense_profiles",1,"one_step_gamma_poisson_shape_informed","growth"
"growth_increment_110",4.8,5.48462239358508,0.676308275244226,4.28655447683938,5.4392807362463,6.87616766976118,TRUE,1.01229338549473,"dense_profiles",1,"one_step_gamma_poisson_shape_informed","growth"
"growth_sd.log_growth_sd",4.5,5.21969823509897,0.502743079823216,4.33170407577558,5.17433306740092,6.3563725642878,TRUE,1.43154279786814,"dense_profiles",1,"one_step_gamma_poisson_shape_informed","growth"
"recruitment_50",0.019387103915861,0.0164776414078683,0.00461068918265101,0.00989573074564699,0.0155971528084517,0.0279002281632446,TRUE,-0.631025513266088,"dense_profiles",1,"one_step_gamma_poisson_shape_informed","recruitment"
"recruitment_80",0.183939720585721,0.165660491646145,0.0255222754365109,0.125070311295316,0.163716450430423,0.222244783276038,TRUE,-0.716206867410674,"dense_profiles",1,"one_step_gamma_poisson_shape_informed","recruitment"
"recruitment_110",1.74517147873092,1.68995895281405,0.074037085241776,1.54979109075963,1.69525198653805,1.82890715265768,TRUE,-0.745741485318739,"dense_profiles",1,"one_step_gamma_poisson_shape_informed","recruitment"
"recruit_mean_50",44,45.1183993089694,1.26179158425138,42.645063576066,45.136434238082,47.7363717412876,TRUE,0.886358193324744,"dense_profiles",1,"one_step_gamma_poisson_shape_informed","recruit_size"
"recruit_mean_80",44.6,45.169452002517,0.708188901470686,43.8368393605766,45.1770424476816,46.6439955375739,TRUE,0.804096197122651,"dense_profiles",1,"one_step_gamma_poisson_shape_informed","recruit_size"
"recruit_mean_110",45.2,45.2205046960647,0.187139592328115,44.8870740345992,45.2242541932502,45.5834514158371,TRUE,0.10956898970222,"dense_profiles",1,"one_step_gamma_poisson_shape_informed","recruit_size"
"recruit_sd.log_recruit_sd",3.5,3.57361504932553,0.0992812734647188,3.37557415261461,3.57343883556278,3.75412844843765,TRUE,0.74147970464635,"dense_profiles",1,"one_step_gamma_poisson_shape_informed","recruit_size"
"lambda",1.03119869581319,1.03808063721328,0.0277746122879775,0.98607670021266,1.03892852292936,1.0873032223822,TRUE,0.247778126611916,"dense_profiles",1,"one_step_gamma_poisson_shape_informed","lambda"
"survival_50",0.354343693774205,0.374922824951093,0.0156431418219013,0.345909861201418,0.375281419167715,0.405723608786366,TRUE,1.31553695614245,"dense_profiles",1,"one_step_gamma_poisson_fixed_recruitment_slope","survival"
"survival_80",0.589040434058665,0.574874497820115,0.0193847474070089,0.539116991518773,0.573873041130191,0.612925460200463,TRUE,-0.730777447913933,"dense_profiles",1,"one_step_gamma_poisson_fixed_recruitment_slope","survival"
"survival_110",0.789181706522253,0.752197190983295,0.0282778928769892,0.693012528833102,0.752302509530255,0.805263558800973,TRUE,-1.30789502951451,"dense_profiles",1,"one_step_gamma_poisson_fixed_recruitment_slope","survival"
"growth_increment_50",12,12.2607550838989,0.686006629234682,10.881841975751,12.2624692641487,13.5239432422647,TRUE,0.38010577855458,"dense_profiles",1,"one_step_gamma_poisson_fixed_recruitment_slope","growth"
"growth_increment_80",8.4,8.89217454639259,0.56108114946363,7.67601209820004,8.92188116084858,9.90882596380733,TRUE,0.87718959523606,"dense_profiles",1,"one_step_gamma_poisson_fixed_recruitment_slope","growth"
"growth_increment_110",4.8,5.52359400888634,0.661731392490931,4.31613953717234,5.55039593070373,6.83839247201844,TRUE,1.09348599310445,"dense_profiles",1,"one_step_gamma_poisson_fixed_recruitment_slope","growth"
"growth_sd.log_growth_sd",4.5,5.18615158221264,0.489946125606976,4.32825313518254,5.16214311623742,6.28858160459152,TRUE,1.40046332923357,"dense_profiles",1,"one_step_gamma_poisson_fixed_recruitment_slope","growth"
"recruitment_50",0.019387103915861,0.0191124534469895,0.000579006387879331,0.01796398921636,0.0191034477765134,0.0202085207893489,TRUE,-0.474347908107618,"dense_profiles",1,"one_step_gamma_poisson_fixed_recruitment_slope","recruitment"
"recruitment_80",0.183939720585721,0.181333909489736,0.00549345965576323,0.170437584252017,0.18124846606723,0.191733106892902,TRUE,-0.474347908107601,"dense_profiles",1,"one_step_gamma_poisson_fixed_recruitment_slope","recruitment"
"recruitment_110",1.74517147873092,1.72044823141276,0.0521204940415745,1.61706677597023,1.71963756679107,1.81911306928414,TRUE,-0.474347908107614,"dense_profiles",1,"one_step_gamma_poisson_fixed_recruitment_slope","recruitment"
"recruit_mean_50",44,45.3064791064065,1.21998975248121,42.9727358432925,45.3171213666656,47.7157880807738,TRUE,1.07089350853103,"dense_profiles",1,"one_step_gamma_poisson_fixed_recruitment_slope","recruit_size"
"recruit_mean_80",44.6,45.2740318641464,0.675883241974687,43.9794483117511,45.2821506556309,46.5943107931953,TRUE,0.99726080229055,"dense_profiles",1,"one_step_gamma_poisson_fixed_recruitment_slope","recruit_size"
"recruit_mean_110",45.2,45.2415846218863,0.174465214951007,44.9057257543237,45.2453391613232,45.5867562908058,TRUE,0.238354802692127,"dense_profiles",1,"one_step_gamma_poisson_fixed_recruitment_slope","recruit_size"
"recruit_sd.log_recruit_sd",3.5,3.57922675015302,0.102413220768825,3.39263045597529,3.57776679985775,3.78160844771485,TRUE,0.773598853334171,"dense_profiles",1,"one_step_gamma_poisson_fixed_recruitment_slope","recruit_size"
"lambda",1.03119869581319,1.03101467949425,0.0295005094903104,0.973766198239914,1.03211889905897,1.09057560125311,TRUE,-0.00623773358904722,"dense_profiles",1,"one_step_gamma_poisson_fixed_recruitment_slope","lambda"
"survival_50",0.354343693774205,0.350267079572541,0.00852746457236932,0.333506745467176,0.350323008849347,0.366858512161086,TRUE,-0.478057008278018,"rich_design",1,"recursive_gamma_poisson","survival"
"survival_80",0.589040434058665,0.594361720992202,0.00817427717035072,0.578605196443646,0.594280275487612,0.609788224967059,TRUE,0.650979508358043,"rich_design",1,"recursive_gamma_poisson","survival"
"survival_110",0.789181706522253,0.799200266267168,0.00946888547182068,0.781172549336878,0.79959953003488,0.816439261362736,TRUE,1.05805057783524,"rich_design",1,"recursive_gamma_poisson","survival"
"growth_increment_50",12,12.2633909692996,0.376792418183286,11.5383720251917,12.2376156193975,13.0261845293343,TRUE,0.699034684852505,"rich_design",1,"recursive_gamma_poisson","growth"
"growth_increment_80",8.4,8.51504139317582,0.267018217807458,8.01817712907607,8.50319008564139,9.05357068018847,TRUE,0.430837244441394,"rich_design",1,"recursive_gamma_poisson","growth"
"growth_increment_110",4.8,4.76669181705207,0.216804485756958,4.34728872555862,4.76347931845853,5.18300040803165,TRUE,-0.153632351432385,"rich_design",1,"recursive_gamma_poisson","growth"
"growth_sd.log_growth_sd",4.5,4.30224186970804,0.335357579601725,3.63477648484201,4.27052358400352,5.0213551319243,TRUE,-0.589693337263524,"rich_design",1,"recursive_gamma_poisson","growth"
"recruitment_50",0.019387103915861,0.0278557436945394,0.00689505585616268,0.0171806175444533,0.0268691681359371,0.0436713724930365,TRUE,1.22821916969814,"rich_design",1,"recursive_gamma_poisson","recruitment"
"recruitment_80",0.183939720585721,0.22490641551145,0.0298703487540199,0.176017787217489,0.222641095865075,0.290062266918928,TRUE,1.37148364965826,"rich_design",1,"recursive_gamma_poisson","recruitment"
"recruitment_110",1.74517147873092,1.83888719124833,0.0597643213439895,1.73289808320885,1.83595946369391,1.96695260078254,TRUE,1.56808795632441,"rich_design",1,"recursive_gamma_poisson","recruitment"
"recruit_mean_50",44,43.6330707007238,0.834697627762541,42.1207418023576,43.5993676126461,45.3252610509122,TRUE,-0.43959547394401,"rich_design",1,"recursive_gamma_poisson","recruit_size"
"recruit_mean_80",44.6,44.4151865194905,0.489278385344422,43.5621605110074,44.4057034252374,45.3935596173265,TRUE,-0.377726639976895,"rich_design",1,"recursive_gamma_poisson","recruit_size"
"recruit_mean_110",45.2,45.1973023382573,0.164415461595984,44.9088496964061,45.2028646117151,45.5131979848957,TRUE,-0.0164075915766347,"rich_design",1,"recursive_gamma_poisson","recruit_size"
"recruit_sd.log_recruit_sd",3.5,3.51336189983226,0.086347530271351,3.34811995843431,3.51700222720683,3.6843392660708,TRUE,0.154745593652455,"rich_design",1,"recursive_gamma_poisson","recruit_size"
"lambda",1.03119869581319,1.03446476453327,0.00476138649538404,1.02521299675206,1.03426684546983,1.04367226358038,TRUE,0.685949087151058,"rich_design",1,"recursive_gamma_poisson","lambda"
"survival_50",0.354343693774205,0.389113957746666,0.0158047388442903,0.356546335991493,0.388227159932476,0.420483243801101,FALSE,2.19998978249634,"rich_design",1,"one_step_gamma_poisson","survival"
"survival_80",0.589040434058665,0.600377325459123,0.0167930349901023,0.566176138361977,0.5996109454346,0.632136756654606,TRUE,0.675094847782994,"rich_design",1,"one_step_gamma_poisson","survival"
"survival_110",0.789181706522253,0.779339657271136,0.0224268549784824,0.73200462229133,0.780338938495806,0.818561573226728,TRUE,-0.438851067640109,"rich_design",1,"one_step_gamma_poisson","survival"
"growth_increment_50",12,11.1229577541327,0.558236043363278,10.0020518137083,11.1342238525324,12.1533355629484,TRUE,-1.57109569741005,"rich_design",1,"one_step_gamma_poisson","growth"
"growth_increment_80",8.4,7.79809031539033,0.43919586320804,6.82990098686702,7.82196816985804,8.6540196879472,TRUE,-1.37048122496672,"rich_design",1,"one_step_gamma_poisson","growth"
"growth_increment_110",4.8,4.4732228766479,0.524387739063168,3.4493066139885,4.47825579841788,5.45689199621774,TRUE,-0.623159351391202,"rich_design",1,"one_step_gamma_poisson","growth"
"growth_sd.log_growth_sd",4.5,6.00059286086883,0.390350774262332,5.27303746335075,5.9673746865704,6.80778881777408,FALSE,3.84421643252684,"rich_design",1,"one_step_gamma_poisson","growth"
"recruitment_50",0.019387103915861,0.036039249075986,0.00913944409295327,0.0231328736378272,0.0349095362577138,0.0584906860996556,FALSE,1.82200853692668,"rich_design",1,"one_step_gamma_poisson","recruitment"
"recruitment_80",0.183939720585721,0.255561338261408,0.0361755527296875,0.199267337760246,0.251635923205618,0.340337614059892,FALSE,1.9798347854105,"rich_design",1,"one_step_gamma_poisson","recruitment"
"recruitment_110",1.74517147873092,1.83382940083417,0.0783046515486558,1.68217634475983,1.82992985418628,1.98948274972721,TRUE,1.13221782294959,"rich_design",1,"one_step_gamma_poisson","recruitment"
"recruit_mean_50",44,43.2316082551415,0.827039463292659,41.7390155658306,43.1861327542485,44.8058193486771,TRUE,-0.92908715842809,"rich_design",1,"one_step_gamma_poisson","recruit_size"
"recruit_mean_80",44.6,44.1637436452766,0.476098049222364,43.3181046748152,44.1470382220282,45.0740490569235,TRUE,-0.916316198808105,"rich_design",1,"one_step_gamma_poisson","recruit_size"
"recruit_mean_110",45.2,45.0958790354117,0.156679559355202,44.8051054673793,45.1003092496264,45.3989232238245,TRUE,-0.664547213540603,"rich_design",1,"one_step_gamma_poisson","recruit_size"
"recruit_sd.log_recruit_sd",3.5,3.40545692730818,0.10523443106132,3.2167526798857,3.40323392953955,3.60125284390319,TRUE,-0.898404369542613,"rich_design",1,"one_step_gamma_poisson","recruit_size"
"lambda",1.03119869581319,1.01644069912681,0.0239342865056852,0.970930828380021,1.01699940226904,1.06435850717563,TRUE,-0.616604831018381,"rich_design",1,"one_step_gamma_poisson","lambda"
"survival_50",0.354343693774205,0.387729399300339,0.0156129757331966,0.357172700702216,0.386938019372693,0.419405147584596,FALSE,2.13833071264878,"rich_design",1,"one_step_shared_gamma_poisson","survival"
"survival_80",0.589040434058665,0.602184542128636,0.021315689327577,0.561524077333436,0.602620618004019,0.644406387652167,TRUE,0.616640065820727,"rich_design",1,"one_step_shared_gamma_poisson","survival"
"survival_110",0.789181706522253,0.782720959055437,0.0258538103955138,0.72935522508146,0.783738770793527,0.831134053880856,TRUE,-0.249895368148011,"rich_design",1,"one_step_shared_gamma_poisson","survival"
"growth_increment_50",12,11.1441253522388,0.56849705205863,10.0798417504943,11.1548708987968,12.1578761779654,TRUE,-1.50550410888135,"rich_design",1,"one_step_shared_gamma_poisson","growth"
"growth_increment_80",8.4,7.82178956619503,0.468256010720446,6.90949350851198,7.83550224684654,8.66671651466832,TRUE,-1.23481689624305,"rich_design",1,"one_step_shared_gamma_poisson","growth"
"growth_increment_110",4.8,4.49945378015125,0.524938287689983,3.39960520556724,4.50820665478219,5.41567580649507,TRUE,-0.572536290258648,"rich_design",1,"one_step_shared_gamma_poisson","growth"
"growth_sd.log_growth_sd",4.5,5.94603131954882,0.367643813835004,5.18245691240186,5.92930745401774,6.61802001582903,FALSE,3.93323990539873,"rich_design",1,"one_step_shared_gamma_poisson","growth"
"recruitment_50",0.019387103915861,0.0330956408023755,0.00752907194865434,0.0205736944646274,0.0324301688861228,0.0520533835486377,FALSE,1.82074722887522,"rich_design",1,"one_step_shared_gamma_poisson","recruitment"
"recruitment_80",0.183939720585721,0.244045901797165,0.031114254291345,0.186623171611877,0.243394290457434,0.31348045711632,FALSE,1.93178922588429,"rich_design",1,"one_step_shared_gamma_poisson","recruitment"
"recruitment_110",1.74517147873092,1.81721883416216,0.0701429522560966,1.69253752010404,1.81396398706701,1.96432714696889,TRUE,1.02715031395018,"rich_design",1,"one_step_shared_gamma_poisson","recruitment"
"recruit_mean_50",44,43.0561321966304,0.655248517088474,41.7045712050825,43.0951778189141,44.3545921552694,TRUE,-1.44047300948281,"rich_design",1,"one_step_shared_gamma_poisson","recruit_size"
"recruit_mean_80",44.6,44.063137927037,0.380720322532593,43.2918585181319,44.0776498975,44.7831795246756,TRUE,-1.41012192202339,"rich_design",1,"one_step_shared_gamma_poisson","recruit_size"
"recruit_mean_110",45.2,45.0701436574436,0.131994687119836,44.8024084670911,45.0698665245848,45.3084866978266,TRUE,-0.983799767929455,"rich_design",1,"one_step_shared_gamma_poisson","recruit_size"
"recruit_sd.log_recruit_sd",3.5,3.41879081864274,0.0860324195916229,3.25211782674058,3.41403507586725,3.5801648583166,TRUE,-0.943936968676973,"rich_design",1,"one_step_shared_gamma_poisson","recruit_size"
"lambda",1.03119869581319,1.02096617673553,0.0267715195150179,0.966302055364688,1.0206917296489,1.07231262666781,TRUE,-0.382216596705354,"rich_design",1,"one_step_shared_gamma_poisson","lambda"
"survival_50",0.354343693774205,0.388503318598692,0.0154901737183489,0.359116927604166,0.389288147152627,0.42020984376427,FALSE,2.20524478586209,"rich_design",1,"one_step_gamma_poisson_shape_informed","survival"
"survival_80",0.589040434058665,0.600254382401747,0.0178703656944184,0.564764006767785,0.599902677261197,0.635688546433931,TRUE,0.627516444533899,"rich_design",1,"one_step_gamma_poisson_shape_informed","survival"
"survival_110",0.789181706522253,0.779594074869094,0.0228166279107383,0.732477935930162,0.780728266812364,0.820296537632765,TRUE,-0.420203708044297,"rich_design",1,"one_step_gamma_poisson_shape_informed","survival"
"growth_increment_50",12,11.1486548429593,0.607944344001519,9.93486087299303,11.1396295188249,12.3143814981611,TRUE,-1.40036693398136,"rich_design",1,"one_step_gamma_poisson_shape_informed","growth"
"growth_increment_80",8.4,7.81189593684082,0.49781707840514,6.7603716567624,7.78430081072385,8.78919178763729,TRUE,-1.18136578408135,"rich_design",1,"one_step_gamma_poisson_shape_informed","growth"
"growth_increment_110",4.8,4.47513703072235,0.554603529861789,3.44067803859615,4.45961024951981,5.56944394088302,TRUE,-0.585757125200072,"rich_design",1,"one_step_gamma_poisson_shape_informed","growth"
"growth_sd.log_growth_sd",4.5,6.00978495265216,0.39351386499643,5.30631289636024,5.9924393871998,6.86813513313582,FALSE,3.83667536762868,"rich_design",1,"one_step_gamma_poisson_shape_informed","growth"
"recruitment_50",0.019387103915861,0.0335350477923322,0.00756236528711613,0.0219284244337965,0.0322855892814235,0.051301078214966,FALSE,1.87083582177322,"rich_design",1,"one_step_gamma_poisson_shape_informed","recruitment"
"recruitment_80",0.183939720585721,0.245662837414669,0.0312204261314068,0.194249557217079,0.242229242910459,0.314042750754113,FALSE,1.97701070988445,"rich_design",1,"one_step_gamma_poisson_shape_informed","recruitment"
"recruitment_110",1.74517147873092,1.81631682529269,0.0731332865586693,1.68389915339703,1.81281680376822,1.96658105504756,TRUE,0.972817576093621,"rich_design",1,"one_step_gamma_poisson_shape_informed","recruitment"
"recruit_mean_50",44,43.272892110875,0.813345620348161,41.7640201131618,43.2569644902315,44.8785717165625,TRUE,-0.893971604363871,"rich_design",1,"one_step_gamma_poisson_shape_informed","recruit_size"
"recruit_mean_80",44.6,44.181294318429,0.467879411411324,43.3152247345366,44.1633304483038,45.1017341445588,TRUE,-0.894900847011007,"rich_design",1,"one_step_gamma_poisson_shape_informed","recruit_size"
"recruit_mean_110",45.2,45.089696525983,0.152132767028434,44.7734376584148,45.0901622941528,45.3984241265746,TRUE,-0.725047444883035,"rich_design",1,"one_step_gamma_poisson_shape_informed","recruit_size"
"recruit_sd.log_recruit_sd",3.5,3.42379224404592,0.100568054273627,3.23969206926227,3.42751876824813,3.62508425189284,TRUE,-0.757772997643301,"rich_design",1,"one_step_gamma_poisson_shape_informed","recruit_size"
"lambda",1.03119869581319,1.01744076931799,0.0232234196072268,0.973379622612806,1.01662863067936,1.05956108605767,TRUE,-0.592416049311091,"rich_design",1,"one_step_gamma_poisson_shape_informed","lambda"
"survival_50",0.354343693774205,0.39245499497276,0.0153300137119704,0.363069632917472,0.39349074321531,0.423351330692335,FALSE,2.48605786756709,"rich_design",1,"one_step_gamma_poisson_fixed_recruitment_slope","survival"
"survival_80",0.589040434058665,0.603140337583276,0.0175721976146369,0.56658488251883,0.601466193306248,0.635774501545457,TRUE,0.802398415600918,"rich_design",1,"one_step_gamma_poisson_fixed_recruitment_slope","survival"
"survival_110",0.789181706522253,0.780864192642969,0.0225970311878014,0.73684256018894,0.781310271397482,0.823928929799564,TRUE,-0.368079939800853,"rich_design",1,"one_step_gamma_poisson_fixed_recruitment_slope","survival"
"growth_increment_50",12,11.0167688362545,0.606158998582712,9.82542183273202,11.0334865296085,12.1302083441752,TRUE,-1.62206808122041,"rich_design",1,"one_step_gamma_poisson_fixed_recruitment_slope","growth"
"growth_increment_80",8.4,7.72083738567441,0.486741806776671,6.83788259539726,7.73031422440439,8.6582798377809,TRUE,-1.39532418393065,"rich_design",1,"one_step_gamma_poisson_fixed_recruitment_slope","growth"
"growth_increment_110",4.8,4.42490593509438,0.553101142776435,3.36412183448902,4.43762475444179,5.41093059960687,TRUE,-0.678165412970835,"rich_design",1,"one_step_gamma_poisson_fixed_recruitment_slope","growth"
"growth_sd.log_growth_sd",4.5,6.08912312488129,0.426429018550886,5.30090180000444,6.09305459363207,6.86364231487795,FALSE,3.72658298509219,"rich_design",1,"one_step_gamma_poisson_fixed_recruitment_slope","growth"
"recruitment_50",0.019387103915861,0.0186467704102395,0.000586774925587874,0.017476046442236,0.0186323890850969,0.0198211300041888,TRUE,-1.2616992876438,"rich_design",1,"one_step_gamma_poisson_fixed_recruitment_slope","recruitment"
"recruitment_80",0.183939720585721,0.17691563185358,0.00556716548937668,0.165808112107868,0.176779185639649,0.188057645457863,TRUE,-1.26169928764377,"rich_design",1,"one_step_gamma_poisson_fixed_recruitment_slope","recruitment"
"recruitment_110",1.74517147873092,1.67852878034922,0.0528197955204975,1.57314356720477,1.67723421471557,1.78424126211177,TRUE,-1.26169928764376,"rich_design",1,"one_step_gamma_poisson_fixed_recruitment_slope","recruitment"
"recruit_mean_50",44,42.9587372936171,0.80858574395497,41.4348556307047,42.9687142925249,44.4470231666818,TRUE,-1.28775793311643,"rich_design",1,"one_step_gamma_poisson_fixed_recruitment_slope","recruit_size"
"recruit_mean_80",44.6,43.9546000755003,0.478391730022154,43.060339010512,43.9622410627061,44.8645848428941,TRUE,-1.34910343134437,"rich_design",1,"one_step_gamma_poisson_fixed_recruitment_slope","recruit_size"
"recruit_mean_110",45.2,44.9504628573836,0.171578829121073,44.6079098111784,44.9527162744806,45.2842663013927,TRUE,-1.45435858196908,"rich_design",1,"one_step_gamma_poisson_fixed_recruitment_slope","recruit_size"
"recruit_sd.log_recruit_sd",3.5,3.39748441836467,0.0941219396240354,3.2127641704576,3.4011993727411,3.58222165253243,TRUE,-1.08917837907745,"rich_design",1,"one_step_gamma_poisson_fixed_recruitment_slope","recruit_size"
"lambda",1.03119869581319,1.02567768353604,0.0238473519517725,0.980483869989303,1.02534179877114,1.07257245788981,TRUE,-0.23151468927508,"rich_design",1,"one_step_gamma_poisson_fixed_recruitment_slope","lambda"
"survival_50",0.354343693774205,0.335822636790999,0.0216773562820067,0.295935869886213,0.335428832822162,0.381186117351865,TRUE,-0.854396483697542,"standard",2,"recursive_gamma_poisson","survival"
"survival_80",0.589040434058665,0.56846190868075,0.0224248271903237,0.51942069382548,0.570212202711387,0.607748140566459,TRUE,-0.917667066205755,"standard",2,"recursive_gamma_poisson","survival"
"survival_110",0.789181706522253,0.77331331252595,0.0316436980758993,0.701403891220927,0.777307444087779,0.826191091080975,TRUE,-0.501470907674611,"standard",2,"recursive_gamma_poisson","survival"
"growth_increment_50",12,12.3834449635819,1.26062407873314,9.97961203050045,12.3684846282804,14.8031664651074,TRUE,0.304170743721788,"standard",2,"recursive_gamma_poisson","growth"
"growth_increment_80",8.4,8.88373952538638,0.900943061112824,7.06634296414567,8.86736644539534,10.62845504151,TRUE,0.536925746216273,"standard",2,"recursive_gamma_poisson","growth"
"growth_increment_110",4.8,5.38403408719089,0.768904781949065,3.78336686885956,5.38925312085045,6.71870740416669,TRUE,0.759566204947307,"standard",2,"recursive_gamma_poisson","growth"
"growth_sd.log_growth_sd",4.5,6.06772587370247,1.01223902950695,4.36046516095163,5.91817440945356,8.48483784929169,TRUE,1.54877042674999,"standard",2,"recursive_gamma_poisson","growth"
"recruitment_50",0.019387103915861,0.0325444378748947,0.0144690848018743,0.0132854391464426,0.0298029729727513,0.0662631595008623,TRUE,0.909341132434948,"standard",2,"recursive_gamma_poisson","recruitment"
"recruitment_80",0.183939720585721,0.22801837056784,0.0519291736363113,0.145386395092812,0.221192118041514,0.341555120276474,TRUE,0.848822480612271,"standard",2,"recursive_gamma_poisson","recruitment"
"recruitment_110",1.74517147873092,1.67210916631047,0.118731880342007,1.46071210621299,1.66332980778264,1.91251057821759,TRUE,-0.615355473273055,"standard",2,"recursive_gamma_poisson","recruitment"
"recruit_mean_50",44,46.5221316108584,1.32594852315866,43.8546746636064,46.57178253658,49.1441255022602,TRUE,1.90213388137433,"standard",2,"recursive_gamma_poisson","recruit_size"
"recruit_mean_80",44.6,45.9561173917681,0.74057331270915,44.4104772379455,45.9807182183789,47.4063682589675,TRUE,1.83117237482831,"standard",2,"recursive_gamma_poisson","recruit_size"
"recruit_mean_110",45.2,45.3901031726778,0.244974556060173,44.8948188017361,45.4109418231202,45.8099559165431,TRUE,0.776011908074003,"standard",2,"recursive_gamma_poisson","recruit_size"
"recruit_sd.log_recruit_sd",3.5,3.37452344153755,0.166181453856764,3.05307334806471,3.37902533304846,3.69704034824992,TRUE,-0.755057532296017,"standard",2,"recursive_gamma_poisson","recruit_size"
"lambda",1.03119869581319,1.02128220200139,0.0156113765674326,0.99185592321959,1.02242239883281,1.05056178906366,TRUE,-0.635209442868248,"standard",2,"recursive_gamma_poisson","lambda"
"survival_50",0.354343693774205,0.354489005961861,0.0306646685764994,0.29772641019704,0.353042091277312,0.413899176404402,TRUE,0.00473874965560297,"standard",2,"one_step_gamma_poisson","survival"
"survival_80",0.589040434058665,0.584683603786573,0.0394402696660512,0.508824267721591,0.585585145739503,0.662922687171657,TRUE,-0.110466543687014,"standard",2,"one_step_gamma_poisson","survival"
"survival_110",0.789181706522253,0.779392815769994,0.0542245392541086,0.664926599172852,0.784421302651946,0.875975948821617,TRUE,-0.180525107025544,"standard",2,"one_step_gamma_poisson","survival"
"growth_increment_50",12,11.7005264154043,1.48983712672633,8.72177840826428,11.7422171651842,14.7658307499896,TRUE,-0.201010955643023,"standard",2,"one_step_gamma_poisson","growth"
"growth_increment_80",8.4,8.82581691661098,1.15198363727183,6.56440013751262,8.8480251701704,11.0132642422071,TRUE,0.369637990361923,"standard",2,"one_step_gamma_poisson","growth"
"growth_increment_110",4.8,5.95110741781767,1.45510566948557,2.8044389322492,6.00141463262793,8.55184789473755,TRUE,0.791081666408888,"standard",2,"one_step_gamma_poisson","growth"
"growth_sd.log_growth_sd",4.5,7.46163654640529,0.892691354575023,5.89844380138137,7.39194106872982,9.36938121152214,FALSE,3.31764896257477,"standard",2,"one_step_gamma_poisson","growth"
"recruitment_50",0.019387103915861,0.0491626553556074,0.0162482111340656,0.0237487801883176,0.046025524076736,0.0882236311132713,FALSE,1.83254336087003,"standard",2,"one_step_gamma_poisson","recruitment"
"recruitment_80",0.183939720585721,0.293589189259022,0.0511068206217617,0.201750328875279,0.285413985053361,0.401410591024123,FALSE,2.14549579369865,"standard",2,"one_step_gamma_poisson","recruitment"
"recruitment_110",1.74517147873092,1.79617945691061,0.108614360315457,1.61747522840568,1.78757997445214,2.02824587818122,TRUE,0.469624624511418,"standard",2,"one_step_gamma_poisson","recruitment"
"recruit_mean_50",44,46.579582599836,1.10020031463013,44.5947047457674,46.5590781183379,48.7493922737614,FALSE,2.34464812046811,"standard",2,"one_step_gamma_poisson","recruit_size"
"recruit_mean_80",44.6,45.9386589984209,0.582769318349298,44.8713542755089,45.9214870309768,47.089859700537,FALSE,2.29706498999073,"standard",2,"one_step_gamma_poisson","recruit_size"
"recruit_mean_110",45.2,45.2977353970058,0.1974512538609,44.9045216068108,45.2910889960257,45.6788584944887,TRUE,0.494984939800136,"standard",2,"one_step_gamma_poisson","recruit_size"
"recruit_sd.log_recruit_sd",3.5,3.3142421346172,0.170246072008239,2.99868753753607,3.30123927625247,3.67334459740502,TRUE,-1.09111395752975,"standard",2,"one_step_gamma_poisson","recruit_size"
"lambda",1.03119869581319,1.03974761440809,0.050324986433697,0.94673955365674,1.04106255933116,1.13868060925067,TRUE,0.169874235458867,"standard",2,"one_step_gamma_poisson","lambda"
"survival_50",0.354343693774205,0.357680176782766,0.0315834872152889,0.301107804629476,0.357111299130606,0.42574264362697,TRUE,0.105640108257143,"standard",2,"one_step_shared_gamma_poisson","survival"
"survival_80",0.589040434058665,0.593684223559747,0.0439782796453733,0.504349129653285,0.594857122482404,0.674063680257268,TRUE,0.105592795773902,"standard",2,"one_step_shared_gamma_poisson","survival"
"survival_110",0.789181706522253,0.788681483067645,0.0586548360609512,0.671011966447409,0.797424078659901,0.881126151671672,TRUE,-0.00852825594957779,"standard",2,"one_step_shared_gamma_poisson","survival"
"growth_increment_50",12,11.6292632586037,1.45107309006822,8.81095336335916,11.6106923986174,14.2756419457106,TRUE,-0.255491431778193,"standard",2,"one_step_shared_gamma_poisson","growth"
"growth_increment_80",8.4,8.78009223666844,1.10322206209181,6.63288037470843,8.78009108668163,10.9233837250818,TRUE,0.344529220117076,"standard",2,"one_step_shared_gamma_poisson","growth"
"growth_increment_110",4.8,5.9309212147332,1.34319503506089,3.35986768414679,5.89900381400181,8.28809282950321,TRUE,0.841963516252825,"standard",2,"one_step_shared_gamma_poisson","growth"
"growth_sd.log_growth_sd",4.5,7.38919844981144,0.889605723367441,5.64183665239628,7.38952041591381,9.1833523324817,FALSE,3.2477291612681,"standard",2,"one_step_shared_gamma_poisson","growth"
"recruitment_50",0.019387103915861,0.0531123602138564,0.017652478010387,0.022752506500157,0.0506141000640166,0.0956642507627039,FALSE,1.91051116325713,"standard",2,"one_step_shared_gamma_poisson","recruitment"
"recruitment_80",0.183939720585721,0.304099307534048,0.0538584427537704,0.202405467183376,0.301354100000859,0.42041194589602,FALSE,2.23102601569212,"standard",2,"one_step_shared_gamma_poisson","recruitment"
"recruitment_110",1.74517147873092,1.78734034935389,0.117141929885599,1.57534789752838,1.77948296740416,2.02606976629094,TRUE,0.359981013324208,"standard",2,"one_step_shared_gamma_poisson","recruitment"
"recruit_mean_50",44,46.5350917729206,1.0701798022528,44.5481515791881,46.5289003739546,48.6435381834464,FALSE,2.36884658782015,"standard",2,"one_step_shared_gamma_poisson","recruit_size"
"recruit_mean_80",44.6,45.9056790225673,0.562433723190367,44.8487758071658,45.9105476203741,46.9905347767062,FALSE,2.32148068071182,"standard",2,"one_step_shared_gamma_poisson","recruit_size"
"recruit_mean_110",45.2,45.2762662722139,0.203938945555317,44.8788256561412,45.2989012700462,45.6676579332266,TRUE,0.373966198590648,"standard",2,"one_step_shared_gamma_poisson","recruit_size"
"recruit_sd.log_recruit_sd",3.5,3.34197080191204,0.169032434758546,3.03497505656363,3.32708127110527,3.71729164018539,TRUE,-0.934904583926132,"standard",2,"one_step_shared_gamma_poisson","recruit_size"
"lambda",1.03119869581319,1.04462355624505,0.0577121299305518,0.918811114081986,1.05036675943409,1.14184441538782,TRUE,0.232617656773646,"standard",2,"one_step_shared_gamma_poisson","lambda"
"survival_50",0.354343693774205,0.352801910633965,0.0314350415632573,0.296040666347062,0.351265727730888,0.416840087595765,TRUE,-0.049046639150663,"standard",2,"one_step_gamma_poisson_shape_informed","survival"
"survival_80",0.589040434058665,0.583790102006219,0.0394888364858909,0.498295486579376,0.582068713080052,0.655695693518445,TRUE,-0.132957375290656,"standard",2,"one_step_gamma_poisson_shape_informed","survival"
"survival_110",0.789181706522253,0.779213917399027,0.0573458989142677,0.629478687505787,0.785978300979479,0.864375574346165,TRUE,-0.173818691692797,"standard",2,"one_step_gamma_poisson_shape_informed","survival"
"growth_increment_50",12,11.7692496608837,1.44015010663813,8.75991232198957,11.8102063697244,14.5402605615918,TRUE,-0.160226588917881,"standard",2,"one_step_gamma_poisson_shape_informed","growth"
"growth_increment_80",8.4,8.80472616358176,1.09007660162206,6.60838570325605,8.88160768775209,10.8122743391121,TRUE,0.371282314453426,"standard",2,"one_step_gamma_poisson_shape_informed","growth"
"growth_increment_110",4.8,5.84020266627987,1.43531649040643,2.97071564058653,5.8866195506909,8.57403979204231,TRUE,0.72472006921994,"standard",2,"one_step_gamma_poisson_shape_informed","growth"
"growth_sd.log_growth_sd",4.5,7.36548315590393,0.936986425998774,5.72596792832607,7.29243891240024,9.3722566703016,FALSE,3.05819068067021,"standard",2,"one_step_gamma_poisson_shape_informed","growth"
"recruitment_50",0.019387103915861,0.0400255809910867,0.012115529898345,0.021817926251712,0.0378317179632852,0.0686256358694592,FALSE,1.70347291850974,"standard",2,"one_step_gamma_poisson_shape_informed","recruitment"
"recruitment_80",0.183939720585721,0.26478277231024,0.0433810813515651,0.189824841311779,0.260321712331405,0.359450586374396,FALSE,1.86355547639207,"standard",2,"one_step_gamma_poisson_shape_informed","recruitment"
"recruitment_110",1.74517147873092,1.7860126842756,0.109003756609159,1.57570501927669,1.79036069271266,2.0068176249169,TRUE,0.374677046141779,"standard",2,"one_step_gamma_poisson_shape_informed","recruitment"
"recruit_mean_50",44,46.4412849447453,1.17745614755342,43.9219330336159,46.4790389252262,48.7714445424308,TRUE,2.07335530059265,"standard",2,"one_step_gamma_poisson_shape_informed","recruit_size"
"recruit_mean_80",44.6,45.8683703048019,0.63866564513105,44.4536748746714,45.8719078348805,47.1164381795831,TRUE,1.98596920700445,"standard",2,"one_step_gamma_poisson_shape_informed","recruit_size"
"recruit_mean_110",45.2,45.2954556648585,0.218250361368671,44.8461204858792,45.2939082814368,45.7325807901791,TRUE,0.437367728785812,"standard",2,"one_step_gamma_poisson_shape_informed","recruit_size"
"recruit_sd.log_recruit_sd",3.5,3.34783293167382,0.191073030596354,3.00611841364997,3.3334758619572,3.72477346808078,TRUE,-0.796381717771753,"standard",2,"one_step_gamma_poisson_shape_informed","recruit_size"
"lambda",1.03119869581319,1.04160097990764,0.052133185470888,0.918562731110546,1.04566381259944,1.12830488935607,TRUE,0.199532869524356,"standard",2,"one_step_gamma_poisson_shape_informed","lambda"
"survival_50",0.354343693774205,0.360337121114899,0.0316739977884938,0.301999882383881,0.359975755103793,0.423176414681605,TRUE,0.189222319857335,"standard",2,"one_step_gamma_poisson_fixed_recruitment_slope","survival"
"survival_80",0.589040434058665,0.587848928378392,0.0407954390299375,0.510413972769253,0.58669281609289,0.672928897613777,TRUE,-0.0292068355827309,"standard",2,"one_step_gamma_poisson_fixed_recruitment_slope","survival"
"survival_110",0.789181706522253,0.779324222957391,0.0554465654240975,0.66486760824977,0.782605563015954,0.886324676088914,TRUE,-0.177783483782346,"standard",2,"one_step_gamma_poisson_fixed_recruitment_slope","survival"
"growth_increment_50",12,11.302543978358,1.44223136775671,8.7466635466232,11.2201955490862,14.0878655756132,TRUE,-0.483595099395763,"standard",2,"one_step_gamma_poisson_fixed_recruitment_slope","growth"
"growth_increment_80",8.4,8.49512696655095,1.10548538706016,6.34103778480426,8.50225158494874,10.5723147703723,TRUE,0.0860499538613709,"standard",2,"one_step_gamma_poisson_fixed_recruitment_slope","growth"
"growth_increment_110",4.8,5.68770995474389,1.3936679557514,2.97751818828877,5.63036065437517,8.37669774150971,TRUE,0.636959435768384,"standard",2,"one_step_gamma_poisson_fixed_recruitment_slope","growth"
"growth_sd.log_growth_sd",4.5,7.56017277344024,0.91870080204776,5.9693891316356,7.51473274715405,9.5461507856333,FALSE,3.33097866750437,"standard",2,"one_step_gamma_poisson_fixed_recruitment_slope","growth"
"recruitment_50",0.019387103915861,0.018791222258094,0.00124462646761486,0.0163361430727921,0.0189119816277284,0.0211583399185494,TRUE,-0.478763446923094,"standard",2,"one_step_gamma_poisson_fixed_recruitment_slope","recruitment"
"recruitment_80",0.183939720585721,0.178286152827096,0.0118086871396699,0.15499301005961,0.179431885825953,0.200744739883076,TRUE,-0.478763446923107,"standard",2,"one_step_gamma_poisson_fixed_recruitment_slope","recruitment"
"recruitment_110",1.74517147873092,1.69153192130413,0.112037704155392,1.47053273592764,1.70240233333628,1.90461306254913,TRUE,-0.478763446923099,"standard",2,"one_step_gamma_poisson_fixed_recruitment_slope","recruitment"
"recruit_mean_50",44,46.0550429801156,1.25027373718044,43.5479528600759,46.066597769172,48.4702862322544,TRUE,1.64367443624792,"standard",2,"one_step_gamma_poisson_fixed_recruitment_slope","recruit_size"
"recruit_mean_80",44.6,45.6883007283268,0.711428752410487,44.2885816195969,45.6907658866385,47.0186288727954,TRUE,1.52973959042192,"standard",2,"one_step_gamma_poisson_fixed_recruitment_slope","recruit_size"
"recruit_mean_110",45.2,45.3215584765379,0.252688093554605,44.8271605399499,45.3113030470675,45.7964390522951,TRUE,0.481061354446651,"standard",2,"one_step_gamma_poisson_fixed_recruitment_slope","recruit_size"
"recruit_sd.log_recruit_sd",3.5,3.29518711452161,0.177983486574881,2.97492500051499,3.2896301924948,3.6668520768021,TRUE,-1.15074094467871,"standard",2,"one_step_gamma_poisson_fixed_recruitment_slope","recruit_size"
"lambda",1.03119869581319,1.05788466350964,0.0541142691973722,0.943735036129976,1.06130861799082,1.15807327518725,TRUE,0.493141053039297,"standard",2,"one_step_gamma_poisson_fixed_recruitment_slope","lambda"
"survival_50",0.354343693774205,0.354768620705342,0.0111291996236463,0.334392903764042,0.354723008337193,0.377852461720812,TRUE,0.0381812659946345,"dense_profiles",2,"recursive_gamma_poisson","survival"
"survival_80",0.589040434058665,0.587255966706866,0.0110305546167535,0.56755956120664,0.587001712855062,0.608730295981777,TRUE,-0.161774943672286,"dense_profiles",2,"recursive_gamma_poisson","survival"
"survival_110",0.789181706522253,0.786131438311357,0.0152292613571874,0.757265516359057,0.78720735049031,0.815415638299748,TRUE,-0.200289964125959,"dense_profiles",2,"recursive_gamma_poisson","survival"
"growth_increment_50",12,12.486771633604,0.617928282209975,11.357524619387,12.4629117863721,13.6534781517065,TRUE,0.787747781770155,"dense_profiles",2,"recursive_gamma_poisson","growth"
"growth_increment_80",8.4,8.59175655060945,0.447168242315747,7.77340554080058,8.56717511922352,9.51513884685847,TRUE,0.428824170554691,"dense_profiles",2,"recursive_gamma_poisson","growth"
"growth_increment_110",4.8,4.69674146761495,0.396160596484101,3.8739142106978,4.67200393364414,5.49978456240217,TRUE,-0.260648164662169,"dense_profiles",2,"recursive_gamma_poisson","growth"
"growth_sd.log_growth_sd",4.5,5.33606734133578,0.463176747028701,4.42709651822423,5.3210327352961,6.2212525814662,TRUE,1.80507192275776,"dense_profiles",2,"recursive_gamma_poisson","growth"
"recruitment_50",0.019387103915861,0.0294532821476246,0.00764634662129885,0.0170604483404674,0.0291379220738645,0.0448374809246607,TRUE,1.3164689923583,"dense_profiles",2,"recursive_gamma_poisson","recruitment"
"recruitment_80",0.183939720585721,0.234364203976637,0.0305497248888742,0.181684755988911,0.235010998837402,0.292975686225999,TRUE,1.65057078498536,"dense_profiles",2,"recursive_gamma_poisson","recruitment"
"recruitment_110",1.74517147873092,1.89599946504066,0.0631103434673171,1.7790859956961,1.89195066493087,2.01274811400199,FALSE,2.38990913411599,"dense_profiles",2,"recursive_gamma_poisson","recruitment"
"recruit_mean_50",44,43.5508831105927,0.880663341090349,41.8077062348446,43.5729910994704,45.226355195932,TRUE,-0.509975683615034,"dense_profiles",2,"recursive_gamma_poisson","recruit_size"
"recruit_mean_80",44.6,44.3803387724289,0.481655986990803,43.4517217694379,44.3954020318674,45.2499942278733,TRUE,-0.456054182869132,"dense_profiles",2,"recursive_gamma_poisson","recruit_size"
"recruit_mean_110",45.2,45.209794434265,0.135681690755213,44.9370895204897,45.2114716482855,45.4821109836364,TRUE,0.0721868529977989,"dense_profiles",2,"recursive_gamma_poisson","recruit_size"
"recruit_sd.log_recruit_sd",3.5,3.53645947697937,0.10089624649099,3.34384653785403,3.53460405375756,3.74416853156606,TRUE,0.361356128174917,"dense_profiles",2,"recursive_gamma_poisson","recruit_size"
"lambda",1.03119869581319,1.03107054661818,0.00814431751084819,1.0152102113892,1.03086734143991,1.04691325187,TRUE,-0.0157347985079026,"dense_profiles",2,"recursive_gamma_poisson","lambda"
"survival_50",0.354343693774205,0.353556614907349,0.0147023099461722,0.322954771512842,0.354493901625674,0.381048927246392,TRUE,-0.0535343677107166,"dense_profiles",2,"one_step_gamma_poisson","survival"
"survival_80",0.589040434058665,0.592382302408622,0.0201300472305159,0.551531438564725,0.592841889858578,0.630796693294212,TRUE,0.166013934874944,"dense_profiles",2,"one_step_gamma_poisson","survival"
"survival_110",0.789181706522253,0.793400244989025,0.026137505544113,0.742540493411827,0.79459419550734,0.838390178259285,TRUE,0.161397898496929,"dense_profiles",2,"one_step_gamma_poisson","survival"
"growth_increment_50",12,12.2502989286803,0.584342641264712,11.2096614628669,12.2630797026583,13.4422297526702,TRUE,0.428342741064731,"dense_profiles",2,"one_step_gamma_poisson","growth"
"growth_increment_80",8.4,8.46955040533445,0.480691067387815,7.51397322168161,8.48261833919297,9.42310024205034,TRUE,0.144688366506162,"dense_profiles",2,"one_step_gamma_poisson","growth"
"growth_increment_110",4.8,4.68880188198857,0.610267498316864,3.53462217012783,4.69577898346098,5.83736773150157,TRUE,-0.18221209275952,"dense_profiles",2,"one_step_gamma_poisson","growth"
"growth_sd.log_growth_sd",4.5,4.92002491577648,0.555375198557057,3.96226536753191,4.90297879452976,6.17282093860141,TRUE,0.756290372468495,"dense_profiles",2,"one_step_gamma_poisson","growth"
"recruitment_50",0.019387103915861,0.0271214827740934,0.0067534645299964,0.0166348461317415,0.0260317356951831,0.041445845940802,TRUE,1.14524609167327,"dense_profiles",2,"one_step_gamma_poisson","recruitment"
"recruitment_80",0.183939720585721,0.225871537687589,0.0298435915624515,0.17560687636428,0.222634366922001,0.287733975692234,TRUE,1.4050526396637,"dense_profiles",2,"one_step_gamma_poisson","recruitment"
"recruitment_110",1.74517147873092,1.90590724686877,0.0577114918683229,1.79972390373696,1.90693818347701,2.0225708971455,FALSE,2.78516051022545,"dense_profiles",2,"one_step_gamma_poisson","recruitment"
"recruit_mean_50",44,43.5297235973543,0.957710941387076,41.768734021835,43.4758258005349,45.5185287029773,TRUE,-0.491042111270655,"dense_profiles",2,"one_step_gamma_poisson","recruit_size"
"recruit_mean_80",44.6,44.3670062012324,0.521553863229366,43.445595801096,44.3445295717877,45.4297014927568,TRUE,-0.446730079468503,"dense_profiles",2,"one_step_gamma_poisson","recruit_size"
"recruit_mean_110",45.2,45.2042888051105,0.134032941621449,44.9394288912439,45.215603958345,45.4490594452812,TRUE,0.0319981420880079,"dense_profiles",2,"one_step_gamma_poisson","recruit_size"
"recruit_sd.log_recruit_sd",3.5,3.54412064801749,0.0981720781924708,3.37807530758418,3.53356752211821,3.76393211152744,TRUE,0.449421554782468,"dense_profiles",2,"one_step_gamma_poisson","recruit_size"
"lambda",1.03119869581319,1.03593350593334,0.02835484743512,0.980481787316742,1.0365175272305,1.09150539230588,TRUE,0.16698415080466,"dense_profiles",2,"one_step_gamma_poisson","lambda"
"survival_50",0.354343693774205,0.353479466957676,0.0149141444012832,0.323696792028074,0.353702109825898,0.3809158814396,TRUE,-0.0579467915339378,"dense_profiles",2,"one_step_shared_gamma_poisson","survival"
"survival_80",0.589040434058665,0.593856421972932,0.0193199547924035,0.559506304193188,0.593175481902832,0.63303177597684,TRUE,0.249275320051993,"dense_profiles",2,"one_step_shared_gamma_poisson","survival"
"survival_110",0.789181706522253,0.795475083291464,0.0253069750135718,0.744618495128429,0.796369824471848,0.844262451642658,TRUE,0.248681510367623,"dense_profiles",2,"one_step_shared_gamma_poisson","survival"
"growth_increment_50",12,12.323614394196,0.595752577127034,11.1777752428212,12.2821150365774,13.5651023529254,TRUE,0.543202676111915,"dense_profiles",2,"one_step_shared_gamma_poisson","growth"
"growth_increment_80",8.4,8.4955065030199,0.505478361507235,7.62706309676862,8.50088950666582,9.48874540194323,TRUE,0.18894281198333,"dense_profiles",2,"one_step_shared_gamma_poisson","growth"
"growth_increment_110",4.8,4.66739861184384,0.609039321494478,3.53062499220166,4.67619933000083,5.79531503567409,TRUE,-0.217722211811846,"dense_profiles",2,"one_step_shared_gamma_poisson","growth"
"growth_sd.log_growth_sd",4.5,4.96478596250983,0.524802155601296,4.02931259388968,4.95006144042063,6.01808399144326,TRUE,0.885640345698073,"dense_profiles",2,"one_step_shared_gamma_poisson","growth"
"recruitment_50",0.019387103915861,0.0278050217322427,0.00695993891478169,0.0167402089356748,0.0267179343816985,0.044777627611867,TRUE,1.20948156577976,"dense_profiles",2,"one_step_shared_gamma_poisson","recruitment"
"recruitment_80",0.183939720585721,0.229124281359362,0.0306220676151947,0.174786293262892,0.226977422696347,0.29572958546418,TRUE,1.47555551576211,"dense_profiles",2,"one_step_shared_gamma_poisson","recruitment"
"recruitment_110",1.74517147873092,1.91409017529467,0.058147308625903,1.80294894357958,1.91728690057691,2.02229731818769,FALSE,2.90501315633551,"dense_profiles",2,"one_step_shared_gamma_poisson","recruitment"
"recruit_mean_50",44,43.5782046037754,0.833419476656255,42.0364735557023,43.5395816047845,45.194967717759,TRUE,-0.506102158683482,"dense_profiles",2,"one_step_shared_gamma_poisson","recruit_size"
"recruit_mean_80",44.6,44.4007103633203,0.459488294013643,43.5631202008412,44.3753608340251,45.3106411577913,TRUE,-0.433720813513816,"dense_profiles",2,"one_step_shared_gamma_poisson","recruit_size"
"recruit_mean_110",45.2,45.2232161228652,0.131983099555225,44.9554630098096,45.2247617364207,45.4775227241269,TRUE,0.175902240085727,"dense_profiles",2,"one_step_shared_gamma_poisson","recruit_size"
"recruit_sd.log_recruit_sd",3.5,3.55540619606401,0.0940345338447012,3.36004508605897,3.55183264525296,3.73407561696821,TRUE,0.589211152527413,"dense_profiles",2,"one_step_shared_gamma_poisson","recruit_size"
"lambda",1.03119869581319,1.03745536613833,0.0259967271104411,0.987406740015519,1.03804634953983,1.08523740374814,TRUE,0.240671462163708,"dense_profiles",2,"one_step_shared_gamma_poisson","lambda"
"survival_50",0.354343693774205,0.353974058822927,0.0154748364626811,0.325850221451232,0.353167846108015,0.38499641263568,TRUE,-0.0238861943497341,"dense_profiles",2,"one_step_gamma_poisson_shape_informed","survival"
"survival_80",0.589040434058665,0.592645699113795,0.0192018071134034,0.551785925100026,0.592020594594438,0.629964023453992,TRUE,0.187756549882902,"dense_profiles",2,"one_step_gamma_poisson_shape_informed","survival"
"survival_110",0.789181706522253,0.793570449885784,0.0247536877497652,0.741980915853376,0.794487393054425,0.839572672600232,TRUE,0.177296546999237,"dense_profiles",2,"one_step_gamma_poisson_shape_informed","survival"
"growth_increment_50",12,12.2518837816057,0.557185091179684,11.1292818978934,12.2760149722045,13.2444320597286,TRUE,0.452064826559548,"dense_profiles",2,"one_step_gamma_poisson_shape_informed","growth"
"growth_increment_80",8.4,8.4514416137944,0.47026574776259,7.55283248394247,8.47807029673097,9.28666737313826,TRUE,0.109388391646955,"dense_profiles",2,"one_step_gamma_poisson_shape_informed","growth"
"growth_increment_110",4.8,4.65099944598308,0.611401269572987,3.46098174704127,4.64105471459671,5.8436050353037,TRUE,-0.243703376868983,"dense_profiles",2,"one_step_gamma_poisson_shape_informed","growth"
"growth_sd.log_growth_sd",4.5,4.9810559069538,0.581310860380757,3.99166095358363,4.95740500935358,6.16617647253274,TRUE,0.827536417672823,"dense_profiles",2,"one_step_gamma_poisson_shape_informed","growth"
"recruitment_50",0.019387103915861,0.0256044196743904,0.00614246398793017,0.0161637368431099,0.0250342927855498,0.0385307434526729,TRUE,1.01218595188288,"dense_profiles",2,"one_step_gamma_poisson_shape_informed","recruitment"
"recruitment_80",0.183939720585721,0.219274433759524,0.0281014735187366,0.169995851981333,0.218686374437613,0.276024705736776,TRUE,1.25739716638858,"dense_profiles",2,"one_step_gamma_poisson_shape_informed","recruitment"
"recruitment_110",1.74517147873092,1.89969523840393,0.0612556416712994,1.79152972544534,1.89864293652707,2.01611641409555,FALSE,2.52260453824305,"dense_profiles",2,"one_step_gamma_poisson_shape_informed","recruitment"
"recruit_mean_50",44,43.5688880267686,0.926393514352504,41.7961355135911,43.5790885753374,45.4537232696111,TRUE,-0.465365923392436,"dense_profiles",2,"one_step_gamma_poisson_shape_informed","recruit_size"
"recruit_mean_80",44.6,44.3840850237849,0.510853672502825,43.4347980031427,44.3834265533939,45.4414901761051,TRUE,-0.422655229544093,"dense_profiles",2,"one_step_gamma_poisson_shape_informed","recruit_size"
"recruit_mean_110",45.2,45.1992820208011,0.151018979333057,44.9036554739905,45.2001790019672,45.5046847464282,TRUE,-0.00475423156798606,"dense_profiles",2,"one_step_gamma_poisson_shape_informed","recruit_size"
"recruit_sd.log_recruit_sd",3.5,3.5354343134644,0.103401986176041,3.3560429543312,3.53191528470077,3.74150877373396,TRUE,0.342685037055958,"dense_profiles",2,"one_step_gamma_poisson_shape_informed","recruit_size"
"lambda",1.03119869581319,1.03631244073783,0.0277203886584075,0.978760295003028,1.03661085297621,1.09407939201293,TRUE,0.184475946122447,"dense_profiles",2,"one_step_gamma_poisson_shape_informed","lambda"
"survival_50",0.354343693774205,0.354894621025431,0.0152313124378307,0.32694018689109,0.354602558817476,0.384491594904311,TRUE,0.0361707012101043,"dense_profiles",2,"one_step_gamma_poisson_fixed_recruitment_slope","survival"
"survival_80",0.589040434058665,0.591453086738046,0.0204967633378438,0.554401085608702,0.590950844213787,0.63371315446344,TRUE,0.117708959195836,"dense_profiles",2,"one_step_gamma_poisson_fixed_recruitment_slope","survival"
"survival_110",0.789181706522253,0.791083531986473,0.0274275164965296,0.735157306130664,0.792622928536443,0.842166796370652,TRUE,0.0693400536086165,"dense_profiles",2,"one_step_gamma_poisson_fixed_recruitment_slope","survival"
"growth_increment_50",12,12.2597040457319,0.60741372340314,11.2001269699631,12.2150485065365,13.5363783024951,TRUE,0.42755709284424,"dense_profiles",2,"one_step_gamma_poisson_fixed_recruitment_slope","growth"
"growth_increment_80",8.4,8.47229313701742,0.482475956818392,7.58903602199348,8.46126742997077,9.42799976614015,TRUE,0.14983780226925,"dense_profiles",2,"one_step_gamma_poisson_fixed_recruitment_slope","growth"
"growth_increment_110",4.8,4.68488222830289,0.587958190122706,3.54596105080823,4.67028999668111,5.84382311620843,TRUE,-0.195792445161938,"dense_profiles",2,"one_step_gamma_poisson_fixed_recruitment_slope","growth"
"growth_sd.log_growth_sd",4.5,4.97821375060212,0.541745747031364,4.0089871960786,4.93681023359419,6.06868163483554,TRUE,0.882727281612478,"dense_profiles",2,"one_step_gamma_poisson_fixed_recruitment_slope","growth"
"recruitment_50",0.019387103915861,0.0208156832684866,0.000562102414754178,0.0197432852676613,0.0208143015092075,0.0219098998847585,FALSE,2.54149300043537,"dense_profiles",2,"one_step_gamma_poisson_fixed_recruitment_slope","recruitment"
"recruitment_80",0.183939720585721,0.197493704104709,0.00533307922416688,0.187319075161439,0.197480594337679,0.20787534230765,FALSE,2.54149300043537,"dense_profiles",2,"one_step_gamma_poisson_fixed_recruitment_slope","recruitment"
"recruitment_110",1.74517147873092,1.87376809388943,0.0505988468732672,1.77723390224272,1.87364371188298,1.97226633470759,FALSE,2.54149300043535,"dense_profiles",2,"one_step_gamma_poisson_fixed_recruitment_slope","recruitment"
"recruit_mean_50",44,43.5333644361535,0.895772669164166,41.7177270685941,43.5547148934498,45.238436153965,TRUE,-0.5209307895963,"dense_profiles",2,"one_step_gamma_poisson_fixed_recruitment_slope","recruit_size"
"recruit_mean_80",44.6,44.3537990259508,0.497060883989646,43.3840484279459,44.3618597664511,45.2805067425608,TRUE,-0.495313515867739,"dense_profiles",2,"one_step_gamma_poisson_fixed_recruitment_slope","recruit_size"
"recruit_mean_110",45.2,45.1742336157479,0.140652907771812,44.9054097665092,45.1806478589579,45.438600497071,TRUE,-0.183191266076696,"dense_profiles",2,"one_step_gamma_poisson_fixed_recruitment_slope","recruit_size"
"recruit_sd.log_recruit_sd",3.5,3.54313274116863,0.0979759524088579,3.36525502032376,3.54258663545952,3.73068168160958,TRUE,0.440238039112256,"dense_profiles",2,"one_step_gamma_poisson_fixed_recruitment_slope","recruit_size"
"lambda",1.03119869581319,1.03858063103118,0.0284276366056294,0.982001588869511,1.04044975691051,1.09976300027331,TRUE,0.259674601881185,"dense_profiles",2,"one_step_gamma_poisson_fixed_recruitment_slope","lambda"
"survival_50",0.354343693774205,0.352821443342522,0.0102489674075408,0.33072556872893,0.352935468519482,0.371818439514168,TRUE,-0.148527199975582,"rich_design",2,"recursive_gamma_poisson","survival"
"survival_80",0.589040434058665,0.603664661162198,0.00875642631851216,0.5872291113133,0.603802305341629,0.619909713196111,TRUE,1.67011364814608,"rich_design",2,"recursive_gamma_poisson","survival"
"survival_110",0.789181706522253,0.809620559452155,0.00964215715109486,0.789909508176085,0.809882048881933,0.827510232366423,FALSE,2.1197386237976,"rich_design",2,"recursive_gamma_poisson","survival"
"growth_increment_50",12,11.4118311105664,0.431938126915322,10.6447648615135,11.4140557400918,12.2130822898351,TRUE,-1.36169708757601,"rich_design",2,"recursive_gamma_poisson","growth"
"growth_increment_80",8.4,7.95101280115715,0.300604706627898,7.4084341747373,7.94000551380787,8.54755010313102,TRUE,-1.49361333652912,"rich_design",2,"recursive_gamma_poisson","growth"
"growth_increment_110",4.8,4.49019449174792,0.23209809021166,4.02182844946329,4.48925349451608,4.95968075158207,TRUE,-1.33480421131238,"rich_design",2,"recursive_gamma_poisson","growth"
"growth_sd.log_growth_sd",4.5,4.39172466046104,0.328182207383972,3.83491830433107,4.36902628275837,5.03253785725387,TRUE,-0.329924466052098,"rich_design",2,"recursive_gamma_poisson","growth"
"recruitment_50",0.019387103915861,0.0175487475895698,0.00561985082079176,0.00935003718753021,0.0165419588601832,0.0304992001467876,TRUE,-0.327118349741576,"rich_design",2,"recursive_gamma_poisson","recruitment"
"recruitment_80",0.183939720585721,0.177687746642162,0.0311942040089121,0.127142677484871,0.174327295476336,0.244466515722106,TRUE,-0.200421012242311,"rich_design",2,"recursive_gamma_poisson","recruitment"
"recruitment_110",1.74517147873092,1.83536470746445,0.0844582006265974,1.68266412806293,1.83418408428985,2.00040310943277,TRUE,1.06790374486293,"rich_design",2,"recursive_gamma_poisson","recruitment"
"recruit_mean_50",44,43.8669830248524,1.04076519049005,41.8548773356534,43.8346541158818,45.9096633093731,TRUE,-0.127806902424299,"rich_design",2,"recursive_gamma_poisson","recruit_size"
"recruit_mean_80",44.6,44.5412372055521,0.615448934414527,43.3756012623491,44.523752248026,45.743138915392,TRUE,-0.095479561604539,"rich_design",2,"recursive_gamma_poisson","recruit_size"
"recruit_mean_110",45.2,45.2154913862519,0.211892561510321,44.8245606376314,45.2136182361739,45.6158918677138,TRUE,0.0731096275464752,"rich_design",2,"recursive_gamma_poisson","recruit_size"
"recruit_sd.log_recruit_sd",3.5,3.488568368458,0.0904878352587498,3.32517147161232,3.48041922877078,3.673005762796,TRUE,-0.126333351983857,"rich_design",2,"recursive_gamma_poisson","recruit_size"
"lambda",1.03119869581319,1.04182000235848,0.005617530858037,1.03100036457993,1.04200047244038,1.05270364316055,TRUE,1.89074289286577,"rich_design",2,"recursive_gamma_poisson","lambda"
"survival_50",0.354343693774205,0.390918604562886,0.0189031779396485,0.358079579922274,0.391139143460816,0.432364796213523,FALSE,1.93485512888113,"rich_design",2,"one_step_gamma_poisson","survival"
"survival_80",0.589040434058665,0.710842796840389,0.024102837535193,0.665336546137106,0.711378994734417,0.753518190627115,FALSE,5.0534449565898,"rich_design",2,"one_step_gamma_poisson","survival"
"survival_110",0.789181706522253,0.902503240453415,0.0214147934094293,0.855595738488406,0.905471840206596,0.93695686498421,FALSE,5.29174070300697,"rich_design",2,"one_step_gamma_poisson","survival"
"growth_increment_50",12,7.13123792570395,0.511320124642141,5.9642557405515,7.15321818632536,8.10724221772959,FALSE,-9.52194494144655,"rich_design",2,"one_step_gamma_poisson","growth"
"growth_increment_80",8.4,0.0264808109468868,0.171462974881701,0,0,0.225980890268028,FALSE,-48.835727916364,"rich_design",2,"one_step_gamma_poisson","growth"
"growth_increment_110",4.8,0,0,0,0,0,FALSE,-Inf,"rich_design",2,"one_step_gamma_poisson","growth"
"growth_sd.log_growth_sd",4.5,7.44418882887642,0.327858748899362,6.84413104074143,7.43478438439728,8.04278224926933,FALSE,8.9800526560911,"rich_design",2,"one_step_gamma_poisson","growth"
"recruitment_50",0.019387103915861,0.017406646536065,0.00441566028843992,0.0101954887573968,0.0169798588402309,0.0282640588589872,TRUE,-0.448507641083895,"rich_design",2,"one_step_gamma_poisson","recruitment"
"recruitment_80",0.183939720585721,0.167604338731887,0.0246732000950607,0.122455741913049,0.166489015821099,0.221429188725896,TRUE,-0.66206984869809,"rich_design",2,"one_step_gamma_poisson","recruitment"
"recruitment_110",1.74517147873092,1.63196142391188,0.0811844272817149,1.44829062164256,1.62972297274404,1.79071318778387,TRUE,-1.39447993426371,"rich_design",2,"one_step_gamma_poisson","recruitment"
"recruit_mean_50",44,43.5937937841331,0.77188367970771,42.0504362007551,43.6435545785667,45.0996538815629,TRUE,-0.526253147392215,"rich_design",2,"one_step_gamma_poisson","recruit_size"
"recruit_mean_80",44.6,44.3246460915208,0.453360349278952,43.447549152462,44.3385821005548,45.2107836724967,TRUE,-0.607362132390204,"rich_design",2,"one_step_gamma_poisson","recruit_size"
"recruit_mean_110",45.2,45.0554983989085,0.159386914734311,44.7507097967993,45.0554842529732,45.3574481827887,TRUE,-0.906608935447446,"rich_design",2,"one_step_gamma_poisson","recruit_size"
"recruit_sd.log_recruit_sd",3.5,3.21398413055573,0.0992197071376685,3.00874908216267,3.21282205669948,3.39918376416586,FALSE,-2.88265182084667,"rich_design",2,"one_step_gamma_poisson","recruit_size"
"lambda",1.03119869581319,0.972338859331496,0.0115074003884452,0.945968310426684,0.97364971651054,0.990871393877912,FALSE,-5.11495511538807,"rich_design",2,"one_step_gamma_poisson","lambda"
"survival_50",0.354343693774205,0.407255712240909,0.0183428945007208,0.374692435016003,0.406059888205468,0.44458529094776,FALSE,2.88460572373817,"rich_design",2,"one_step_shared_gamma_poisson","survival"
"survival_80",0.589040434058665,0.626363775900056,0.0216408188835841,0.585118264300192,0.62535351334503,0.668953211118347,TRUE,1.72467326870442,"rich_design",2,"one_step_shared_gamma_poisson","survival"
"survival_110",0.789181706522253,0.802841732328814,0.0242697652202521,0.755605500713954,0.803512833347278,0.849442744078389,TRUE,0.56284128348972,"rich_design",2,"one_step_shared_gamma_poisson","survival"
"growth_increment_50",12,9.53805177460825,0.629071831987721,8.39328971888654,9.55129753497704,10.7840806444119,FALSE,-3.91362019439428,"rich_design",2,"one_step_shared_gamma_poisson","growth"
"growth_increment_80",8.4,6.58072117645293,0.4899342409,5.50696322833385,6.59024639836167,7.62683136605673,FALSE,-3.71331226044764,"rich_design",2,"one_step_shared_gamma_poisson","growth"
"growth_increment_110",4.8,3.6233905782976,0.534054170932969,2.5936759202809,3.61470836664481,4.74923911765612,FALSE,-2.20316493296347,"rich_design",2,"one_step_shared_gamma_poisson","growth"
"growth_sd.log_growth_sd",4.5,6.5291034650425,0.350567695137513,5.93374664704863,6.52282571405773,7.25099301481713,FALSE,5.78805033432009,"rich_design",2,"one_step_shared_gamma_poisson","growth"
"recruitment_50",0.019387103915861,0.0229942290026919,0.00496635336150675,0.0147746098705484,0.0223954625952026,0.0335055796345501,TRUE,0.726312612950394,"rich_design",2,"one_step_shared_gamma_poisson","recruitment"
"recruitment_80",0.183939720585721,0.199082099805427,0.024886000523291,0.154045135410071,0.19758747211696,0.249663107658569,TRUE,0.608469778240759,"rich_design",2,"one_step_shared_gamma_poisson","recruitment"
"recruitment_110",1.74517147873092,1.73802201837091,0.0748818699519388,1.59571639754111,1.73845568115397,1.89612471469018,TRUE,-0.0954765200788212,"rich_design",2,"one_step_shared_gamma_poisson","recruitment"
"recruit_mean_50",44,44.0480816840275,0.65099047257179,42.728802566045,44.0223557976611,45.2895432244967,TRUE,0.0738592745260711,"rich_design",2,"one_step_shared_gamma_poisson","recruit_size"
"recruit_mean_80",44.6,44.5927805459205,0.377412333519367,43.8384317777556,44.5808894988694,45.325495776249,TRUE,-0.0191288239367799,"rich_design",2,"one_step_shared_gamma_poisson","recruit_size"
"recruit_mean_110",45.2,45.1374794078135,0.121082755491328,44.9077710726441,45.1347404119472,45.3894374724014,TRUE,-0.516345964648427,"rich_design",2,"one_step_shared_gamma_poisson","recruit_size"
"recruit_sd.log_recruit_sd",3.5,3.31975792530168,0.0833184780373725,3.14228824324195,3.31639401807392,3.47539166146354,FALSE,-2.16329053223308,"rich_design",2,"one_step_shared_gamma_poisson","recruit_size"
"lambda",1.03119869581319,1.01400736704895,0.0253753972601838,0.9622143744471,1.01575751413377,1.06165651440476,TRUE,-0.677480182397618,"rich_design",2,"one_step_shared_gamma_poisson","lambda"
"survival_50",0.354343693774205,0.413530279158489,0.0179612398842262,0.379853232390219,0.413462984410626,0.447221320757134,FALSE,3.29523940250153,"rich_design",2,"one_step_gamma_poisson_shape_informed","survival"
"survival_80",0.589040434058665,0.630224620582317,0.0203506471153792,0.58939630022336,0.630158288095845,0.669836193642498,FALSE,2.02372859644983,"rich_design",2,"one_step_gamma_poisson_shape_informed","survival"
"survival_110",0.789181706522253,0.804015139072021,0.0233251682483728,0.758521665035126,0.80512868447595,0.846895871243075,TRUE,0.635941074114358,"rich_design",2,"one_step_gamma_poisson_shape_informed","survival"
"growth_increment_50",12,9.43255628300437,0.700557166769353,8.16884208036685,9.44621934008736,10.7504782425218,FALSE,-3.66485968423604,"rich_design",2,"one_step_gamma_poisson_shape_informed","growth"
"growth_increment_80",8.4,6.53105495618349,0.522212078696252,5.53974613877978,6.52578996255606,7.50949867914229,FALSE,-3.5789004507182,"rich_design",2,"one_step_gamma_poisson_shape_informed","growth"
"growth_increment_110",4.8,3.62955362936261,0.520893833187712,2.58611295722252,3.64804098876858,4.57644657778298,FALSE,-2.24699602119421,"rich_design",2,"one_step_gamma_poisson_shape_informed","growth"
"growth_sd.log_growth_sd",4.5,6.61683732841458,0.351948342940065,6.02611054906652,6.615440999896,7.34364862045683,FALSE,6.01462507460949,"rich_design",2,"one_step_gamma_poisson_shape_informed","growth"
"recruitment_50",0.019387103915861,0.0202874271632056,0.00497653864448109,0.0126666250341659,0.0195591197059079,0.0324208609844408,TRUE,0.180913544867776,"rich_design",2,"one_step_gamma_poisson_shape_informed","recruitment"
"recruitment_80",0.183939720585721,0.185103582357397,0.0264518229131394,0.143847612464573,0.182839400924339,0.244521632625165,TRUE,0.0439993030158152,"rich_design",2,"one_step_gamma_poisson_shape_informed","recruitment"
"recruitment_110",1.74517147873092,1.70602286647459,0.0857310638318047,1.54819787251453,1.70241237758943,1.87243936582066,TRUE,-0.456644423929468,"rich_design",2,"one_step_gamma_poisson_shape_informed","recruitment"
"recruit_mean_50",44,43.9019982071676,0.77889797010451,42.3853021106561,43.9153659440208,45.2517469729958,TRUE,-0.125821091585644,"rich_design",2,"one_step_gamma_poisson_shape_informed","recruit_size"
"recruit_mean_80",44.6,44.5037068643084,0.456002549860842,43.608696329854,44.509787495079,45.3158439538757,TRUE,-0.211167976409364,"rich_design",2,"one_step_gamma_poisson_shape_informed","recruit_size"
"recruit_mean_110",45.2,45.1054155214492,0.154783612303159,44.8031814394954,45.1029838289809,45.4028413202226,TRUE,-0.611075534053058,"rich_design",2,"one_step_gamma_poisson_shape_informed","recruit_size"
"recruit_sd.log_recruit_sd",3.5,3.283833935402,0.0952110485490478,3.09877582432538,3.28848885190993,3.47810679741478,FALSE,-2.2703884464274,"rich_design",2,"one_step_gamma_poisson_shape_informed","recruit_size"
"lambda",1.03119869581319,1.01855254929724,0.0228973668450734,0.974370379078967,1.01902734120704,1.06160338227561,TRUE,-0.552296978142601,"rich_design",2,"one_step_gamma_poisson_shape_informed","lambda"
"survival_50",0.354343693774205,0.413185612816754,0.0180765827547118,0.377813956926069,0.412713906538273,0.445095783955689,FALSE,3.25514616567733,"rich_design",2,"one_step_gamma_poisson_fixed_recruitment_slope","survival"
"survival_80",0.589040434058665,0.629509877223228,0.0201016558634635,0.591577817193921,0.630614585693261,0.668426853852253,FALSE,2.01323927936302,"rich_design",2,"one_step_gamma_poisson_fixed_recruitment_slope","survival"
"survival_110",0.789181706522253,0.803207434550357,0.0240063251708614,0.753068724406064,0.803931645680885,0.848725729371238,TRUE,0.584251355768855,"rich_design",2,"one_step_gamma_poisson_fixed_recruitment_slope","survival"
"growth_increment_50",12,9.46560133958428,0.700688202830234,8.15957765002779,9.47959788402072,10.8051618402579,FALSE,-3.61701345930862,"rich_design",2,"one_step_gamma_poisson_fixed_recruitment_slope","growth"
"growth_increment_80",8.4,6.53671173632044,0.538874403663312,5.51365992869271,6.53085266699441,7.6214508438186,FALSE,-3.45774126774769,"rich_design",2,"one_step_gamma_poisson_fixed_recruitment_slope","growth"
"growth_increment_110",4.8,3.6078221330566,0.543236038534202,2.57975097585707,3.59192803086794,4.73023589114116,FALSE,-2.19458537795139,"rich_design",2,"one_step_gamma_poisson_fixed_recruitment_slope","growth"
"growth_sd.log_growth_sd",4.5,6.61489431706189,0.355386173722192,5.93604089530351,6.59922449362857,7.34916319680456,FALSE,5.95097523044077,"rich_design",2,"one_step_gamma_poisson_fixed_recruitment_slope","growth"
"recruitment_50",0.019387103915861,0.0188038450664574,0.000653177986171086,0.017602324459198,0.0187930456150261,0.0200658943932278,TRUE,-0.892955460459846,"rich_design",2,"one_step_gamma_poisson_fixed_recruitment_slope","recruitment"
"recruitment_80",0.183939720585721,0.178405914698361,0.0061971801869159,0.167006204574743,0.178303452356004,0.190379905323213,TRUE,-0.892955460459842,"rich_design",2,"one_step_gamma_poisson_fixed_recruitment_slope","recruitment"
"recruitment_110",1.74517147873092,1.69266819030196,0.0587972085437731,1.58451075203802,1.6916960546645,1.80627425025759,TRUE,-0.89295546045985,"rich_design",2,"one_step_gamma_poisson_fixed_recruitment_slope","recruitment"
"recruit_mean_50",44,43.8133532498196,0.7914560826508,42.224284174353,43.8125560001934,45.3755655714373,TRUE,-0.235827046214977,"rich_design",2,"one_step_gamma_poisson_fixed_recruitment_slope","recruit_size"
"recruit_mean_80",44.6,44.44968258504,0.464578004528286,43.5297958608771,44.4545189426879,45.3803960540826,TRUE,-0.323556891404439,"rich_design",2,"one_step_gamma_poisson_fixed_recruitment_slope","recruit_size"
"recruit_mean_110",45.2,45.0860119202603,0.158676064383135,44.7856220593592,45.0831175563892,45.4012863070557,TRUE,-0.718369718727716,"rich_design",2,"one_step_gamma_poisson_fixed_recruitment_slope","recruit_size"
"recruit_sd.log_recruit_sd",3.5,3.28301784644705,0.104245881498022,3.08902853142953,3.27547242716667,3.4889757940112,FALSE,-2.08144581286954,"rich_design",2,"one_step_gamma_poisson_fixed_recruitment_slope","recruit_size"
"lambda",1.03119869581319,1.01789248154718,0.0233872099440712,0.971440827629722,1.01858509594694,1.06292895196288,TRUE,-0.568952615461102,"rich_design",2,"one_step_gamma_poisson_fixed_recruitment_slope","lambda"
"survival_50",0.354343693774205,0.364669441790644,0.0226388345018048,0.322212927670003,0.362183940610633,0.413452195168684,TRUE,0.456107756590412,"standard",3,"recursive_gamma_poisson","survival"
"survival_80",0.589040434058665,0.583794749609548,0.0214710320094876,0.543912258355476,0.584230905376998,0.62478891213542,TRUE,-0.244314499964393,"standard",3,"recursive_gamma_poisson","survival"
"survival_110",0.789181706522253,0.773455617810775,0.0268428487310263,0.718964701987763,0.773759819132813,0.820995073620642,TRUE,-0.58585766619104,"standard",3,"recursive_gamma_poisson","survival"
"growth_increment_50",12,12.0975653252552,1.18976661789377,9.85133811502626,12.1282917898792,14.2859028199986,TRUE,0.0820037508094469,"standard",3,"recursive_gamma_poisson","growth"
"growth_increment_80",8.4,8.54794056932902,0.812161027412852,6.93713718530814,8.53451777972547,10.1832714102847,TRUE,0.182156695945244,"standard",3,"recursive_gamma_poisson","growth"
"growth_increment_110",4.8,4.99831581340288,0.652176719040621,3.78511250765105,4.98566011081615,6.19982667409984,TRUE,0.304082938892093,"standard",3,"recursive_gamma_poisson","growth"
"growth_sd.log_growth_sd",4.5,5.43053089265484,0.911516191643115,3.93417252417262,5.30066009004929,7.39409452962688,TRUE,1.02086051919435,"standard",3,"recursive_gamma_poisson","growth"
"recruitment_50",0.019387103915861,0.0330549629643876,0.0163233692708449,0.0123454370974046,0.0292038076043443,0.0743664035932458,TRUE,0.837318498512358,"standard",3,"recursive_gamma_poisson","recruitment"
"recruitment_80",0.183939720585721,0.241438438526228,0.0623172023889227,0.146904441354134,0.232188811788362,0.378886496610193,TRUE,0.922678100689694,"standard",3,"recursive_gamma_poisson","recruitment"
"recruitment_110",1.74517147873092,1.85202988026384,0.145198223282269,1.59128242075375,1.84402264535341,2.15005336786151,TRUE,0.735948409817547,"standard",3,"recursive_gamma_poisson","recruitment"
"recruit_mean_50",44,47.2522153982192,1.54090530031502,44.5924388912943,47.1329410401868,50.1340097834909,FALSE,2.11058745631825,"standard",3,"recursive_gamma_poisson","recruit_size"
"recruit_mean_80",44.6,46.3432928542265,0.863870988593714,44.8436515545404,46.2840719131011,47.9462691561466,FALSE,2.01800138822158,"standard",3,"recursive_gamma_poisson","recruit_size"
"recruit_mean_110",45.2,45.4343703102339,0.282755360932377,44.9366455007954,45.4327424186692,45.9515474724097,TRUE,0.828880165034028,"standard",3,"recursive_gamma_poisson","recruit_size"
"recruit_sd.log_recruit_sd",3.5,3.22912705445922,0.209921828456062,2.84289134008363,3.22132032504722,3.66747752966891,TRUE,-1.29035149671188,"standard",3,"recursive_gamma_poisson","recruit_size"
"lambda",1.03119869581319,1.02193021812173,0.0179481760210161,0.983396650330056,1.02275628824594,1.05658780185087,TRUE,-0.516402206029833,"standard",3,"recursive_gamma_poisson","lambda"
"survival_50",0.354343693774205,0.413591291102906,0.0364380848432625,0.346872725336474,0.411640776207116,0.495003595202024,TRUE,1.62598000371187,"standard",3,"one_step_gamma_poisson","survival"
"survival_80",0.589040434058665,0.597684478578427,0.0407992393309816,0.521888370226548,0.597754862196979,0.678289670678959,TRUE,0.211867786299575,"standard",3,"one_step_gamma_poisson","survival"
"survival_110",0.789181706522253,0.75425923570977,0.0601333484302475,0.630628228504989,0.763286943184486,0.854974578392298,TRUE,-0.58075047746578,"standard",3,"one_step_gamma_poisson","survival"
"growth_increment_50",12,11.5318985663812,1.47762975676247,8.59416454115941,11.5238409059482,14.2770819308393,TRUE,-0.316792099967186,"standard",3,"one_step_gamma_poisson","growth"
"growth_increment_80",8.4,8.44893646420994,1.23239662004913,5.99899441534156,8.44138158273122,10.7438627008673,TRUE,0.03970837262438,"standard",3,"one_step_gamma_poisson","growth"
"growth_increment_110",4.8,5.36597436203866,1.5032098071225,2.44192357446308,5.21135895006405,8.41558917547897,TRUE,0.37651055718035,"standard",3,"one_step_gamma_poisson","growth"
"growth_sd.log_growth_sd",4.5,7.1167132590887,1.00148232222819,5.39441846732121,7.10856913060515,9.11869743014375,FALSE,2.61284018799932,"standard",3,"one_step_gamma_poisson","growth"
"recruitment_50",0.019387103915861,0.0382363192090501,0.0260733378138851,0.00867810820994492,0.030453127767734,0.113463486244868,TRUE,0.722930659194359,"standard",3,"one_step_gamma_poisson","recruitment"
"recruitment_80",0.183939720585721,0.268601966264747,0.0929352223886327,0.134953039253326,0.252810606218966,0.499338013746542,TRUE,0.910981256654106,"standard",3,"one_step_gamma_poisson","recruitment"
"recruitment_110",1.74517147873092,2.0708589687376,0.164467791480534,1.75179547574263,2.063332482049,2.41014720556854,FALSE,1.98025088727011,"standard",3,"one_step_gamma_poisson","recruitment"
"recruit_mean_50",44,46.6383385401295,1.8234067246491,42.9601271313446,46.6044512623043,49.899421492067,TRUE,1.44692816170087,"standard",3,"one_step_gamma_poisson","recruit_size"
"recruit_mean_80",44.6,45.9362237405597,0.962640109014822,44.08184133218,45.8639714664445,47.7697460985036,TRUE,1.38808234567244,"standard",3,"one_step_gamma_poisson","recruit_size"
"recruit_mean_110",45.2,45.2341089409898,0.271166619362678,44.7183364259763,45.2302316708099,45.7498193109816,TRUE,0.125785913730819,"standard",3,"one_step_gamma_poisson","recruit_size"
"recruit_sd.log_recruit_sd",3.5,3.20047067136323,0.20015927631229,2.82854016474131,3.19990563619747,3.59451116573277,TRUE,-1.49645489409866,"standard",3,"one_step_gamma_poisson","recruit_size"
"lambda",1.03119869581319,1.05014760599338,0.0658165792219798,0.914279078308615,1.0515709925728,1.17249955103264,TRUE,0.287904816752649,"standard",3,"one_step_gamma_poisson","lambda"
"survival_50",0.354343693774205,0.407190863365543,0.0401705813550671,0.327272524444059,0.405819633221931,0.486974344063839,TRUE,1.31556895142302,"standard",3,"one_step_shared_gamma_poisson","survival"
"survival_80",0.589040434058665,0.611151773311987,0.0540733634332542,0.512482890378197,0.60627647293278,0.715596853439559,TRUE,0.408913702596198,"standard",3,"one_step_shared_gamma_poisson","survival"
"survival_110",0.789181706522253,0.777998077791321,0.0643133355967665,0.645863472425726,0.781323862327427,0.883134353778108,TRUE,-0.17389284239666,"standard",3,"one_step_shared_gamma_poisson","survival"
"growth_increment_50",12,11.0614455497638,1.387067344013,8.1301748646382,10.9627439321311,13.8863847014376,TRUE,-0.676646634561266,"standard",3,"one_step_shared_gamma_poisson","growth"
"growth_increment_80",8.4,8.20214584513093,1.18691030775849,5.88101499305238,8.2434333575523,10.625288483372,TRUE,-0.166696803941928,"standard",3,"one_step_shared_gamma_poisson","growth"
"growth_increment_110",4.8,5.34284614049809,1.48997677918073,2.36664994708092,5.40902005977009,7.93641429798718,TRUE,0.364331946700927,"standard",3,"one_step_shared_gamma_poisson","growth"
"growth_sd.log_growth_sd",4.5,7.00398869033258,0.80402020120312,5.55650994057973,6.96115260476819,8.56437413270069,FALSE,3.11433554354189,"standard",3,"one_step_shared_gamma_poisson","growth"
"recruitment_50",0.019387103915861,0.042468556154436,0.0287104199046797,0.0114268672257997,0.0357629139311652,0.118589796391692,TRUE,0.803939904578435,"standard",3,"one_step_shared_gamma_poisson","recruitment"
"recruitment_80",0.183939720585721,0.284204517467969,0.0918295619949862,0.151409620564659,0.270112242586035,0.527190530064769,TRUE,1.09185750976055,"standard",3,"one_step_shared_gamma_poisson","recruitment"
"recruitment_110",1.74517147873092,2.06827019152191,0.17240763797585,1.77643733289871,2.04162835108254,2.46744619870064,FALSE,1.87403943690851,"standard",3,"one_step_shared_gamma_poisson","recruitment"
"recruit_mean_50",44,46.9540707293038,1.59462744653457,43.6095058303275,46.9533965421499,50.1517592847433,TRUE,1.8525146646156,"standard",3,"one_step_shared_gamma_poisson","recruit_size"
"recruit_mean_80",44.6,46.0825041157059,0.836827663392687,44.3430591414487,46.0733128017538,47.7524043336118,TRUE,1.7715763717651,"standard",3,"one_step_shared_gamma_poisson","recruit_size"
"recruit_mean_110",45.2,45.2109375021078,0.229528597022093,44.768016470274,45.1879154691635,45.7112876642023,TRUE,0.047652023537266,"standard",3,"one_step_shared_gamma_poisson","recruit_size"
"recruit_sd.log_recruit_sd",3.5,3.23827953010069,0.189542785186136,2.90678308349334,3.24169314646245,3.61952034013816,TRUE,-1.38079890322542,"standard",3,"one_step_shared_gamma_poisson","recruit_size"
"lambda",1.03119869581319,1.05776160424822,0.0760050837750431,0.912306940687184,1.05827031038429,1.19050686045782,TRUE,0.349488575180648,"standard",3,"one_step_shared_gamma_poisson","lambda"
"survival_50",0.354343693774205,0.410365309679372,0.0358694881993529,0.344292693653115,0.409812959857822,0.484944285375182,TRUE,1.56181809993535,"standard",3,"one_step_gamma_poisson_shape_informed","survival"
"survival_80",0.589040434058665,0.594034641491784,0.0399935039470728,0.520747876574296,0.596117893604823,0.665410445988038,TRUE,0.124875465768848,"standard",3,"one_step_gamma_poisson_shape_informed","survival"
"survival_110",0.789181706522253,0.751504088777506,0.0580527555961467,0.623607751665102,0.75642055578787,0.845958457746207,TRUE,-0.649023760506006,"standard",3,"one_step_gamma_poisson_shape_informed","survival"
"growth_increment_50",12,11.5809892813925,1.50780627212269,8.76587199573452,11.3560403034594,14.5139320649715,TRUE,-0.277894266892557,"standard",3,"one_step_gamma_poisson_shape_informed","growth"
"growth_increment_80",8.4,8.44340099862418,1.282876588391,5.94731968662628,8.41265776680439,10.8633574851063,TRUE,0.0338310005942268,"standard",3,"one_step_gamma_poisson_shape_informed","growth"
"growth_increment_110",4.8,5.30581271585587,1.57439250141748,2.39163564989898,5.3382278813234,8.12534468451558,TRUE,0.321274850712557,"standard",3,"one_step_gamma_poisson_shape_informed","growth"
"growth_sd.log_growth_sd",4.5,7.08980917260142,0.970311762259762,5.41318014278155,6.97640243918988,9.26149631683989,FALSE,2.66904851959127,"standard",3,"one_step_gamma_poisson_shape_informed","growth"
"recruitment_50",0.019387103915861,0.0298797811825403,0.0148165869170035,0.010774933566337,0.0270977494698868,0.0675841315120068,TRUE,0.708171006282013,"standard",3,"one_step_gamma_poisson_shape_informed","recruitment"
"recruitment_80",0.183939720585721,0.242824953102616,0.062707174070644,0.142249165436208,0.235633792883089,0.388469560408719,TRUE,0.939050968084716,"standard",3,"one_step_gamma_poisson_shape_informed","recruitment"
"recruitment_110",1.74517147873092,2.06590743042935,0.165346546351802,1.76218885911597,2.06084432348163,2.39409514849186,FALSE,1.93978016943885,"standard",3,"one_step_gamma_poisson_shape_informed","recruitment"
"recruit_mean_50",44,46.4712133803272,1.97980311736413,42.6980341869082,46.4131132261176,50.177826091126,TRUE,1.24821168259262,"standard",3,"one_step_gamma_poisson_shape_informed","recruit_size"
"recruit_mean_80",44.6,45.8616791630613,1.05258937248848,43.8444772382345,45.8544730213876,47.8529783106866,TRUE,1.19864326587156,"standard",3,"one_step_gamma_poisson_shape_informed","recruit_size"
"recruit_mean_110",45.2,45.2521449457953,0.247597366625222,44.7630067075634,45.2430106602333,45.7461009418637,TRUE,0.210603798037357,"standard",3,"one_step_gamma_poisson_shape_informed","recruit_size"
"recruit_sd.log_recruit_sd",3.5,3.21109218197527,0.20241012538246,2.81103373129896,3.21070272981816,3.63207400863594,TRUE,-1.42733876321075,"standard",3,"one_step_gamma_poisson_shape_informed","recruit_size"
"lambda",1.03119869581319,1.04777678626504,0.0600823273189541,0.935546088166975,1.04584263568068,1.17562866954934,TRUE,0.275922907643683,"standard",3,"one_step_gamma_poisson_shape_informed","lambda"
"survival_50",0.354343693774205,0.410572590367909,0.0357295469005803,0.346751279889806,0.409967102053154,0.479472995577314,TRUE,1.57373662616446,"standard",3,"one_step_gamma_poisson_fixed_recruitment_slope","survival"
"survival_80",0.589040434058665,0.593354188245682,0.038054820213301,0.519844757677655,0.593861187214896,0.662669137274825,TRUE,0.113356314990785,"standard",3,"one_step_gamma_poisson_fixed_recruitment_slope","survival"
"survival_110",0.789181706522253,0.750597721897279,0.0563724973788086,0.630185358350282,0.754277134260416,0.846687255083933,TRUE,-0.684446962952512,"standard",3,"one_step_gamma_poisson_fixed_recruitment_slope","survival"
"growth_increment_50",12,11.4157826929427,1.46412599792335,8.66326268162406,11.3468773103286,14.2397820145472,TRUE,-0.399021196185273,"standard",3,"one_step_gamma_poisson_fixed_recruitment_slope","growth"
"growth_increment_80",8.4,8.32585345443492,1.18733440257911,6.1696554197433,8.31171036715722,10.7194837367779,TRUE,-0.0624479046543389,"standard",3,"one_step_gamma_poisson_fixed_recruitment_slope","growth"
"growth_increment_110",4.8,5.23592421592718,1.53713785402013,2.37861312472714,5.16501183235326,8.21234717218827,TRUE,0.283594743820203,"standard",3,"one_step_gamma_poisson_fixed_recruitment_slope","growth"
"growth_sd.log_growth_sd",4.5,7.19408431998255,1.03350346217538,5.4756284689326,7.04210447506867,9.45964528278228,FALSE,2.6067491968647,"standard",3,"one_step_gamma_poisson_fixed_recruitment_slope","growth"
"recruitment_50",0.019387103915861,0.0225804661342748,0.00178489444048558,0.0194390875675146,0.0225459498360579,0.0261695376561388,FALSE,1.78910424391545,"standard",3,"one_step_gamma_poisson_fixed_recruitment_slope","recruitment"
"recruitment_80",0.183939720585721,0.21423749774384,0.0169346069471121,0.18443292774042,0.213910016224308,0.248289660241082,FALSE,1.78910424391546,"standard",3,"one_step_gamma_poisson_fixed_recruitment_slope","recruitment"
"recruitment_110",1.74517147873092,2.03262878483601,0.160671077206762,1.74985089792731,2.0295217266874,2.3557067072666,FALSE,1.78910424391546,"standard",3,"one_step_gamma_poisson_fixed_recruitment_slope","recruitment"
"recruit_mean_50",44,46.3459342552356,1.96627207010569,42.6652378242691,46.2550726886309,50.2300936922363,TRUE,1.19308731019582,"standard",3,"one_step_gamma_poisson_fixed_recruitment_slope","recruit_size"
"recruit_mean_80",44.6,45.8007754655778,1.07357588616857,43.7589107371681,45.7723760024255,47.9423208117872,TRUE,1.11848215021223,"standard",3,"one_step_gamma_poisson_fixed_recruitment_slope","recruit_size"
"recruit_mean_110",45.2,45.25561667592,0.269593893338564,44.7032359553686,45.2572114144866,45.8137559700877,TRUE,0.206297981127319,"standard",3,"one_step_gamma_poisson_fixed_recruitment_slope","recruit_size"
"recruit_sd.log_recruit_sd",3.5,3.21123482102123,0.186712256855327,2.85493638202721,3.19792289438889,3.58510374107162,TRUE,-1.54657859019142,"standard",3,"one_step_gamma_poisson_fixed_recruitment_slope","recruit_size"
"lambda",1.03119869581319,1.0479578611053,0.0561758299745205,0.937802838335003,1.05077164674082,1.14469230570915,TRUE,0.298334093144781,"standard",3,"one_step_gamma_poisson_fixed_recruitment_slope","lambda"
"survival_50",0.354343693774205,0.360244946903444,0.0127026706699422,0.335148332307882,0.359818054583812,0.384585615934878,TRUE,0.464567907219973,"dense_profiles",3,"recursive_gamma_poisson","survival"
"survival_80",0.589040434058665,0.582312574846541,0.0121132361833135,0.556976631906737,0.582633625969801,0.602967426455709,TRUE,-0.555413855579931,"dense_profiles",3,"recursive_gamma_poisson","survival"
"survival_110",0.789181706522253,0.775090185651881,0.0162938629320512,0.740583783374364,0.775489643384764,0.805831176990585,TRUE,-0.864836099894551,"dense_profiles",3,"recursive_gamma_poisson","survival"
"growth_increment_50",12,12.4433556718629,0.552327320435904,11.4135123580929,12.4356934112828,13.5089760210882,TRUE,0.802704583783809,"dense_profiles",3,"recursive_gamma_poisson","growth"
"growth_increment_80",8.4,8.58351352462269,0.398416970476485,7.77908069669653,8.58811117116008,9.32530578035359,TRUE,0.460606696555167,"dense_profiles",3,"recursive_gamma_poisson","growth"
"growth_increment_110",4.8,4.72367137738244,0.362800851554208,4.01662982188344,4.75196281546855,5.38995873317754,TRUE,-0.21038710987191,"dense_profiles",3,"recursive_gamma_poisson","growth"
"growth_sd.log_growth_sd",4.5,4.72799362020406,0.515326320536524,3.82852459698639,4.69653204496069,5.86239085972304,TRUE,0.442425723504069,"dense_profiles",3,"recursive_gamma_poisson","growth"
"recruitment_50",0.019387103915861,0.00993733804011426,0.00499771259274566,0.00367102546220467,0.0086924655014306,0.0222872072458011,TRUE,-1.89081818939796,"dense_profiles",3,"recursive_gamma_poisson","recruitment"
"recruitment_80",0.183939720585721,0.133860882447416,0.0365464120207424,0.0786599832111369,0.127521708384665,0.218319181610369,TRUE,-1.37028056570595,"dense_profiles",3,"recursive_gamma_poisson","recruitment"
"recruitment_110",1.74517147873092,1.87972217724005,0.138360635658057,1.62001894660285,1.87764160508723,2.173660624137,TRUE,0.972463720401385,"dense_profiles",3,"recursive_gamma_poisson","recruitment"
"recruit_mean_50",44,44.2996028695418,1.59952629743652,40.9992337319676,44.31111243708,47.3711299035069,TRUE,0.187307248415986,"dense_profiles",3,"recursive_gamma_poisson","recruit_size"
"recruit_mean_80",44.6,44.734071807845,0.945785730755679,42.8374028724069,44.7481767573074,46.5687135177601,TRUE,0.141757063450221,"dense_profiles",3,"recursive_gamma_poisson","recruit_size"
"recruit_mean_110",45.2,45.1685407461482,0.308328907954965,44.5521038118233,45.1607354500767,45.7656670503857,TRUE,-0.102031476907267,"dense_profiles",3,"recursive_gamma_poisson","recruit_size"
"recruit_sd.log_recruit_sd",3.5,3.49270680278633,0.0987054518473633,3.31052535152738,3.48955655108517,3.69373328407417,TRUE,-0.0738884942743536,"dense_profiles",3,"recursive_gamma_poisson","recruit_size"
"lambda",1.03119869581319,1.04712056605675,0.0100284672672275,1.02755346085602,1.04680814197466,1.06691229081644,TRUE,1.58766736922887,"dense_profiles",3,"recursive_gamma_poisson","lambda"
"survival_50",0.354343693774205,0.350533422287957,0.0132977916279614,0.324551958360395,0.35020245697829,0.3760826652375,TRUE,-0.286534154907033,"dense_profiles",3,"one_step_gamma_poisson","survival"
"survival_80",0.589040434058665,0.571825034225024,0.0187009413508096,0.534362107969871,0.571861696070021,0.605537992208791,TRUE,-0.920563275970888,"dense_profiles",3,"one_step_gamma_poisson","survival"
"survival_110",0.789181706522253,0.766878991415791,0.026522980763029,0.714334904278095,0.768422489647683,0.814882166370984,TRUE,-0.84088267852422,"dense_profiles",3,"one_step_gamma_poisson","survival"
"growth_increment_50",12,12.9466312416942,0.526611939334291,11.9713788978779,12.9554261226011,13.9679547383827,TRUE,1.7975878839565,"dense_profiles",3,"one_step_gamma_poisson","growth"
"growth_increment_80",8.4,8.98743297033424,0.46054949490239,8.12008963536663,8.98778724363475,9.87399792760795,TRUE,1.2755045371589,"dense_profiles",3,"one_step_gamma_poisson","growth"
"growth_increment_110",4.8,5.02823469897433,0.596215950616759,3.88224359470538,5.0296218001687,6.08891751641418,TRUE,0.382805422663103,"dense_profiles",3,"one_step_gamma_poisson","growth"
"growth_sd.log_growth_sd",4.5,4.44136813426728,0.474433461052134,3.5515130756354,4.4164770670805,5.48605020636372,TRUE,-0.123582905815067,"dense_profiles",3,"one_step_gamma_poisson","growth"
"recruitment_50",0.019387103915861,0.0113190128598598,0.0035664594406215,0.00582517258005364,0.0108754988849805,0.0192904641066281,FALSE,-2.262213040784,"dense_profiles",3,"one_step_gamma_poisson","recruitment"
"recruitment_80",0.183939720585721,0.150511313832046,0.0276100143797525,0.104648511844533,0.1490857684836,0.207483445392208,TRUE,-1.21073485489343,"dense_profiles",3,"one_step_gamma_poisson","recruitment"
"recruitment_110",1.74517147873092,2.0359803245213,0.115138158913947,1.82750938808148,2.02732034625695,2.28248872822391,FALSE,2.52573819603744,"dense_profiles",3,"one_step_gamma_poisson","recruitment"
"recruit_mean_50",44,43.2228811789385,1.18890312222017,40.8257702707849,43.2510338591873,45.49186654674,TRUE,-0.653643519423459,"dense_profiles",3,"one_step_gamma_poisson","recruit_size"
"recruit_mean_80",44.6,44.1440628857325,0.700504547100199,42.7341979484998,44.1635469445544,45.456662335184,TRUE,-0.650869599854682,"dense_profiles",3,"one_step_gamma_poisson","recruit_size"
"recruit_mean_110",45.2,45.0652445925265,0.230903829763584,44.5853919834077,45.0714172681452,45.4919345252141,TRUE,-0.583599707339042,"dense_profiles",3,"one_step_gamma_poisson","recruit_size"
"recruit_sd.log_recruit_sd",3.5,3.47762506768677,0.0978989733880177,3.2846519827816,3.47684216891006,3.67058510540878,TRUE,-0.228551245624899,"dense_profiles",3,"one_step_gamma_poisson","recruit_size"
"lambda",1.03119869581319,1.0526494256552,0.0315466783987603,0.991305815513403,1.04912235874851,1.1192710068659,TRUE,0.679967937380486,"dense_profiles",3,"one_step_gamma_poisson","lambda"
"survival_50",0.354343693774205,0.35043997683197,0.014010913883308,0.325299058479488,0.350220176915156,0.376925798776113,TRUE,-0.278619722792355,"dense_profiles",3,"one_step_shared_gamma_poisson","survival"
"survival_80",0.589040434058665,0.57010360980714,0.0205249729209911,0.530423186283381,0.569354822593835,0.610139140389639,TRUE,-0.922623592460779,"dense_profiles",3,"one_step_shared_gamma_poisson","survival"
"survival_110",0.789181706522253,0.764362717211548,0.0278391181069289,0.711460615995231,0.7645584698559,0.818223941047334,TRUE,-0.891514925701876,"dense_profiles",3,"one_step_shared_gamma_poisson","survival"
"growth_increment_50",12,13.0073182552503,0.452176949026858,12.2229172281036,13.0007292806084,14.0153866982327,FALSE,2.22770810723136,"dense_profiles",3,"one_step_shared_gamma_poisson","growth"
"growth_increment_80",8.4,9.0469112980849,0.440206548673016,8.16764496790615,9.05002524441476,10.0133549846031,TRUE,1.46956309494938,"dense_profiles",3,"one_step_shared_gamma_poisson","growth"
"growth_increment_110",4.8,5.08650434091953,0.610575380644154,3.85163440252066,5.12965839183483,6.24041764605101,TRUE,0.469236641374681,"dense_profiles",3,"one_step_shared_gamma_poisson","growth"
"growth_sd.log_growth_sd",4.5,4.38593785179598,0.460620310889565,3.54990022533085,4.40051089423825,5.28860624662029,TRUE,-0.247627265900942,"dense_profiles",3,"one_step_shared_gamma_poisson","growth"
"recruitment_50",0.019387103915861,0.0110308545572913,0.00339463239721058,0.00571420518076026,0.0105761822832272,0.0189539944408688,FALSE,-2.46160655434625,"dense_profiles",3,"one_step_shared_gamma_poisson","recruitment"
"recruitment_80",0.183939720585721,0.14861901170541,0.026714528297885,0.100086373627066,0.146213559468311,0.203723073515494,TRUE,-1.32215356702022,"dense_profiles",3,"one_step_shared_gamma_poisson","recruitment"
"recruitment_110",1.74517147873092,2.03479058039773,0.117056095671428,1.77701888388826,2.03043763611395,2.25591759880119,FALSE,2.47419068614558,"dense_profiles",3,"one_step_shared_gamma_poisson","recruitment"
"recruit_mean_50",44,42.7819709293829,1.05900737466261,40.5159386819054,42.7637922430213,44.7359209240236,TRUE,-1.15016108457712,"dense_profiles",3,"one_step_shared_gamma_poisson","recruit_size"
"recruit_mean_80",44.6,43.8994025925614,0.63216728834421,42.5816041903827,43.8772263451633,45.1086339685811,TRUE,-1.10824685230656,"dense_profiles",3,"one_step_shared_gamma_poisson","recruit_size"
"recruit_mean_110",45.2,45.0168342557398,0.21702993862634,44.5832981638272,45.0192857594623,45.4392689933687,TRUE,-0.843965332246364,"dense_profiles",3,"one_step_shared_gamma_poisson","recruit_size"
"recruit_sd.log_recruit_sd",3.5,3.46168574338537,0.0901278682297195,3.29393844051797,3.46023624283679,3.64751098524032,TRUE,-0.425109983928319,"dense_profiles",3,"one_step_shared_gamma_poisson","recruit_size"
"lambda",1.03119869581319,1.05405383744145,0.0351064772410348,0.986546025304018,1.05341922851304,1.12451834307317,TRUE,0.651023498351604,"dense_profiles",3,"one_step_shared_gamma_poisson","lambda"
"survival_50",0.354343693774205,0.350949206661374,0.0130690333074442,0.327560708310012,0.351019117529988,0.375227907785584,TRUE,-0.259735133653496,"dense_profiles",3,"one_step_gamma_poisson_shape_informed","survival"
"survival_80",0.589040434058665,0.571884712654284,0.0187439692716778,0.536613398692625,0.572427668700429,0.607294829180286,TRUE,-0.91526619339394,"dense_profiles",3,"one_step_gamma_poisson_shape_informed","survival"
"survival_110",0.789181706522253,0.766657719478104,0.0262699605457691,0.707112922602292,0.766796723837458,0.816159122965064,TRUE,-0.857404677289346,"dense_profiles",3,"one_step_gamma_poisson_shape_informed","survival"
"growth_increment_50",12,12.9404568678207,0.496443872481076,12.0161913744638,12.926000840896,13.970188656048,FALSE,1.89438709983592,"dense_profiles",3,"one_step_gamma_poisson_shape_informed","growth"
"growth_increment_80",8.4,9.00878697219439,0.429437829163036,8.17682828561735,9.01680335861966,9.88899043467527,TRUE,1.41763703812704,"dense_profiles",3,"one_step_gamma_poisson_shape_informed","growth"
"growth_increment_110",4.8,5.07711707656804,0.577715776532613,4.07299643878866,5.09610473467126,6.1962295193863,TRUE,0.479677183530044,"dense_profiles",3,"one_step_gamma_poisson_shape_informed","growth"
"growth_sd.log_growth_sd",4.5,4.41844621625598,0.48642301602981,3.51380874295144,4.37577699711312,5.54242284914494,TRUE,-0.16766020738422,"dense_profiles",3,"one_step_gamma_poisson_shape_informed","growth"
"recruitment_50",0.019387103915861,0.0128600291271069,0.00357901397224255,0.00675810965666093,0.0123071797482433,0.0216343693749214,TRUE,-1.82370754609386,"dense_profiles",3,"one_step_gamma_poisson_shape_informed","recruitment"
"recruitment_80",0.183939720585721,0.162391585118003,0.0260847535187625,0.113281225267923,0.16015794703978,0.219399998889271,TRUE,-0.82608162090621,"dense_profiles",3,"one_step_gamma_poisson_shape_informed","recruitment"
"recruitment_110",1.74517147873092,2.07908437067573,0.100353464976337,1.8845580062896,2.07716879512646,2.28219596705037,FALSE,3.32736783950155,"dense_profiles",3,"one_step_gamma_poisson_shape_informed","recruitment"
"recruit_mean_50",44,43.2438853862458,1.166686250435,41.0052571336467,43.2511141593277,45.6277659998044,TRUE,-0.648087361509799,"dense_profiles",3,"one_step_gamma_poisson_shape_informed","recruit_size"
"recruit_mean_80",44.6,44.1631170096871,0.682279678630129,42.8478933948571,44.1835860008767,45.5772700052879,TRUE,-0.640328305234077,"dense_profiles",3,"one_step_gamma_poisson_shape_informed","recruit_size"
"recruit_mean_110",45.2,45.0823486331284,0.216592986172811,44.6615951175359,45.0894981936312,45.5041927080188,TRUE,-0.543191028253171,"dense_profiles",3,"one_step_gamma_poisson_shape_informed","recruit_size"
"recruit_sd.log_recruit_sd",3.5,3.47687445569167,0.0903500736757491,3.32149429240986,3.46945221533305,3.66402800708169,TRUE,-0.255954902608313,"dense_profiles",3,"one_step_gamma_poisson_shape_informed","recruit_size"
"lambda",1.03119869581319,1.05226947353103,0.0315426044578642,0.984948465557615,1.05463148384615,1.11030435514055,TRUE,0.668010079699914,"dense_profiles",3,"one_step_gamma_poisson_shape_informed","lambda"
"survival_50",0.354343693774205,0.351660592186073,0.0143890833699567,0.324830087601266,0.351504078593428,0.379338922355485,TRUE,-0.186467860331802,"dense_profiles",3,"one_step_gamma_poisson_fixed_recruitment_slope","survival"
"survival_80",0.589040434058665,0.571489263936264,0.0179246289261118,0.539189529297909,0.571838342326524,0.605457823875937,TRUE,-0.979165046860924,"dense_profiles",3,"one_step_gamma_poisson_fixed_recruitment_slope","survival"
"survival_110",0.789181706522253,0.765495521611087,0.0268858106388027,0.712871044895478,0.766286374338889,0.812138510483091,TRUE,-0.880992030680345,"dense_profiles",3,"one_step_gamma_poisson_fixed_recruitment_slope","survival"
"growth_increment_50",12,12.9446312545658,0.516496136142812,11.9714528602642,12.9484049843019,13.8779182321066,TRUE,1.82892220960318,"dense_profiles",3,"one_step_gamma_poisson_fixed_recruitment_slope","growth"
"growth_increment_80",8.4,8.9960269865964,0.478727402703353,8.17319599811376,8.97302475324502,9.89596819844478,TRUE,1.24502375095025,"dense_profiles",3,"one_step_gamma_poisson_fixed_recruitment_slope","growth"
"growth_increment_110",4.8,5.04742271862698,0.617010805532749,4.07614979685507,4.97499148283461,6.25260569822249,TRUE,0.401002245679217,"dense_profiles",3,"one_step_gamma_poisson_fixed_recruitment_slope","growth"
"growth_sd.log_growth_sd",4.5,4.47777314250748,0.507246598967539,3.56696978291686,4.40306207759479,5.58302419928739,TRUE,-0.0438186427228214,"dense_profiles",3,"one_step_gamma_poisson_fixed_recruitment_slope","growth"
"recruitment_50",0.019387103915861,0.0253450579203563,0.00070873422197825,0.0239948824568609,0.0253233708926188,0.0268026995655899,FALSE,8.40647145253569,"dense_profiles",3,"one_step_gamma_poisson_fixed_recruitment_slope","recruitment"
"recruitment_80",0.183939720585721,0.240467214305547,0.00672428307631672,0.22765710617517,0.240261453515298,0.254296933179599,FALSE,8.40647145253571,"dense_profiles",3,"one_step_gamma_poisson_fixed_recruitment_slope","recruitment"
"recruitment_110",1.74517147873092,2.28148940663604,0.0637982215169893,2.15995048465984,2.27953720261268,2.41270212600415,FALSE,8.40647145253571,"dense_profiles",3,"one_step_gamma_poisson_fixed_recruitment_slope","recruitment"
"recruit_mean_50",44,43.752293019178,1.25236381133457,41.4247845610292,43.710244792775,46.0348447727926,TRUE,-0.197791551129237,"dense_profiles",3,"one_step_gamma_poisson_fixed_recruitment_slope","recruit_size"
"recruit_mean_80",44.6,44.4936727082215,0.710452157112834,43.2089285926014,44.4955230920061,45.7320145824807,TRUE,-0.149661438443074,"dense_profiles",3,"one_step_gamma_poisson_fixed_recruitment_slope","recruit_size"
"recruit_mean_110",45.2,45.2350523972652,0.193193462125851,44.8595910678162,45.2394150286026,45.5854026579259,TRUE,0.181436767473745,"dense_profiles",3,"one_step_gamma_poisson_fixed_recruitment_slope","recruit_size"
"recruit_sd.log_recruit_sd",3.5,3.48622089176294,0.108211368873508,3.2769399681939,3.48382504711892,3.68297440438977,TRUE,-0.127335125509487,"dense_profiles",3,"one_step_gamma_poisson_fixed_recruitment_slope","recruit_size"
"lambda",1.03119869581319,1.03874376122769,0.029302664926967,0.982124077776355,1.03713861140171,1.09514963196038,TRUE,0.257487345717635,"dense_profiles",3,"one_step_gamma_poisson_fixed_recruitment_slope","lambda"
"survival_50",0.354343693774205,0.3382748668059,0.0100974155273241,0.31908974231572,0.338483156014706,0.356485401241071,TRUE,-1.59138018286176,"rich_design",3,"recursive_gamma_poisson","survival"
"survival_80",0.589040434058665,0.584334178109072,0.00857678596284614,0.569386862427785,0.584493211944858,0.60062246502543,TRUE,-0.54872022806443,"rich_design",3,"recursive_gamma_poisson","survival"
"survival_110",0.789181706522253,0.794404499332932,0.00969753963536188,0.775110000931156,0.794674316527869,0.812733152435313,TRUE,0.538568854272483,"rich_design",3,"recursive_gamma_poisson","survival"
"growth_increment_50",12,12.7779872897677,0.464497501926636,11.9526289449993,12.7889700545171,13.7496882545261,TRUE,1.674900912364,"rich_design",3,"recursive_gamma_poisson","growth"
"growth_increment_80",8.4,8.96522425423204,0.308720532120873,8.36562839734327,8.9737526246323,9.60256720055199,TRUE,1.83086058562098,"rich_design",3,"recursive_gamma_poisson","growth"
"growth_increment_110",4.8,5.15246121869632,0.222975268499586,4.71468460366538,5.14764145018224,5.57431319536329,TRUE,1.58071888899632,"rich_design",3,"recursive_gamma_poisson","growth"
"growth_sd.log_growth_sd",4.5,4.48591249574693,0.35966569521102,3.85491751360152,4.47135253452419,5.20284764247781,TRUE,-0.0391683289250176,"rich_design",3,"recursive_gamma_poisson","growth"
"recruitment_50",0.019387103915861,0.0352335725498729,0.0077776765879759,0.0227366381366464,0.0343742509498481,0.0516996423476112,FALSE,2.03742961728572,"rich_design",3,"recursive_gamma_poisson","recruitment"
"recruitment_80",0.183939720585721,0.260887786094871,0.0318732426357579,0.206545905713769,0.259795307893905,0.325016193416761,FALSE,2.41419005868025,"rich_design",3,"recursive_gamma_poisson","recruitment"
"recruitment_110",1.74517147873092,1.95152786971472,0.0784851843976174,1.80370458485005,1.95146702123771,2.10680703866018,FALSE,2.6292400606255,"rich_design",3,"recursive_gamma_poisson","recruitment"
"recruit_mean_50",44,45.1624992608257,0.889430717524124,43.392012885871,45.1907876096876,46.9337547907283,TRUE,1.30701496802547,"rich_design",3,"recursive_gamma_poisson","recruit_size"
"recruit_mean_80",44.6,45.3572819476527,0.515126052700025,44.3569382886326,45.3669865526768,46.3944610421085,TRUE,1.47009056071503,"rich_design",3,"recursive_gamma_poisson","recruit_size"
"recruit_mean_110",45.2,45.5520646344797,0.174659213641435,45.1941998964619,45.5463501303064,45.8918512844382,TRUE,2.01572323119744,"rich_design",3,"recursive_gamma_poisson","recruit_size"
"recruit_sd.log_recruit_sd",3.5,3.64660023545367,0.0933426389394593,3.4670373923608,3.63915740284096,3.82030817183813,TRUE,1.57056021898792,"rich_design",3,"recursive_gamma_poisson","recruit_size"
"lambda",1.03119869581319,1.04158055424645,0.00567444302878246,1.03086246188315,1.04159853202418,1.05317280561437,TRUE,1.82958193087724,"rich_design",3,"recursive_gamma_poisson","lambda"
"survival_50",0.354343693774205,0.36212781102322,0.0140172491352134,0.333955234393936,0.362725955891987,0.389415783529561,TRUE,0.55532417052221,"rich_design",3,"one_step_gamma_poisson","survival"
"survival_80",0.589040434058665,0.587386291898058,0.0174573574348723,0.553811322605437,0.587763256069965,0.621757094193631,TRUE,-0.0947532962407494,"rich_design",3,"one_step_gamma_poisson","survival"
"survival_110",0.789181706522253,0.780570386663267,0.0226194000225373,0.736790454403209,0.782148777874446,0.825338227661552,TRUE,-0.380705051876095,"rich_design",3,"one_step_gamma_poisson","survival"
"growth_increment_50",12,12.1652355898874,0.547351140708289,11.1471612784771,12.1428321489297,13.264903770243,TRUE,0.301882242674442,"rich_design",3,"one_step_gamma_poisson","growth"
"growth_increment_80",8.4,8.56137321603121,0.418147994960778,7.70302895961089,8.54585880321205,9.41071705735829,TRUE,0.385923687249407,"rich_design",3,"one_step_gamma_poisson","growth"
"growth_increment_110",4.8,4.95751084217498,0.447623926760749,4.05583587320934,4.95989076935013,5.79273861459673,TRUE,0.351882088419214,"rich_design",3,"one_step_gamma_poisson","growth"
"growth_sd.log_growth_sd",4.5,5.16194184323923,0.386041563971664,4.36083268831437,5.14311425486412,5.94473863837726,TRUE,1.7146906059261,"rich_design",3,"one_step_gamma_poisson","growth"
"recruitment_50",0.019387103915861,0.0334977119980487,0.00648036313520465,0.0213498085904341,0.0333559546152237,0.0458754771458352,FALSE,2.17744095319778,"rich_design",3,"one_step_gamma_poisson","recruitment"
"recruitment_80",0.183939720585721,0.261815241056245,0.0292741458645068,0.203432422298155,0.26293443190233,0.315461922775665,FALSE,2.66021494977051,"rich_design",3,"one_step_gamma_poisson","recruitment"
"recruitment_110",1.74517147873092,2.06131862648826,0.076390651359135,1.92708176855555,2.05830218273028,2.22063906497553,FALSE,4.13855808443154,"rich_design",3,"one_step_gamma_poisson","recruitment"
"recruit_mean_50",44,44.6148514662585,0.802010793205899,43.0675472665479,44.59509985174,46.2386945192903,TRUE,0.766637396238507,"rich_design",3,"one_step_gamma_poisson","recruit_size"
"recruit_mean_80",44.6,45.010589518561,0.459902520938244,44.1056605546948,45.0119348662943,45.9743866612348,TRUE,0.892775098782638,"rich_design",3,"one_step_gamma_poisson","recruit_size"
"recruit_mean_110",45.2,45.4063275708636,0.147828243072415,45.1415552505326,45.4011865343163,45.7019399863901,TRUE,1.39572497497987,"rich_design",3,"one_step_gamma_poisson","recruit_size"
"recruit_sd.log_recruit_sd",3.5,3.58579559547874,0.0820496515522457,3.44788871774201,3.58158172211128,3.76095033504888,TRUE,1.04565459883893,"rich_design",3,"one_step_gamma_poisson","recruit_size"
"lambda",1.03119869581319,1.03678333870836,0.0228315563238642,0.993685008496261,1.03618610218227,1.08196411193279,TRUE,0.24460193672067,"rich_design",3,"one_step_gamma_poisson","lambda"
"survival_50",0.354343693774205,0.354089633181114,0.015565381978864,0.324120178669607,0.353719670690581,0.383606458855612,TRUE,-0.0163221560148851,"rich_design",3,"one_step_shared_gamma_poisson","survival"
"survival_80",0.589040434058665,0.590406388443781,0.0234654811816317,0.544908102557193,0.589586656948418,0.635648108865682,TRUE,0.058211224161245,"rich_design",3,"one_step_shared_gamma_poisson","survival"
"survival_110",0.789181706522253,0.790321253918563,0.0273982030937882,0.736558049659257,0.789963456233639,0.841847543987822,TRUE,0.0415920486613461,"rich_design",3,"one_step_shared_gamma_poisson","survival"
"growth_increment_50",12,12.1757917042315,0.481541349852641,11.1591217216816,12.1998720735505,13.0475794995199,TRUE,0.365060454902327,"rich_design",3,"one_step_shared_gamma_poisson","growth"
"growth_increment_80",8.4,8.57020931665238,0.380755578219187,7.84960697288729,8.57161363788586,9.31548326166347,TRUE,0.447030395322007,"rich_design",3,"one_step_shared_gamma_poisson","growth"
"growth_increment_110",4.8,4.96462692907328,0.419318264254048,4.1665559980563,4.93965628008633,5.76883722468384,TRUE,0.392606149331801,"rich_design",3,"one_step_shared_gamma_poisson","growth"
"growth_sd.log_growth_sd",4.5,5.09224801161796,0.384656533826061,4.40215673161514,5.06621636946456,5.94274125565428,TRUE,1.53968010299228,"rich_design",3,"one_step_shared_gamma_poisson","growth"
"recruitment_50",0.019387103915861,0.0317749572496009,0.0065298898245719,0.0210747730173083,0.0310903487541064,0.0460495808185119,FALSE,1.8970999000817,"rich_design",3,"one_step_shared_gamma_poisson","recruitment"
"recruitment_80",0.183939720585721,0.254341088816658,0.0300649389770808,0.201098581571401,0.251395661909428,0.314061231167984,FALSE,2.34164347662921,"rich_design",3,"one_step_shared_gamma_poisson","recruitment"
"recruitment_110",1.74517147873092,2.05179072913393,0.082737085457367,1.90444876705946,2.05548844105655,2.2037002984986,FALSE,3.7059469608825,"rich_design",3,"one_step_shared_gamma_poisson","recruitment"
"recruit_mean_50",44,44.6357821142042,0.637894983664217,43.4470228739471,44.6048290081631,45.9025097275838,TRUE,0.996687747177626,"rich_design",3,"one_step_shared_gamma_poisson","recruit_size"
"recruit_mean_80",44.6,45.0324515397199,0.372525256235612,44.3119606877729,45.0209715430776,45.7632474006347,TRUE,1.16086502185059,"rich_design",3,"one_step_shared_gamma_poisson","recruit_size"
"recruit_mean_110",45.2,45.4291209652355,0.127893612411039,45.1732945395753,45.4261417727912,45.6542012270643,TRUE,1.79149654870279,"rich_design",3,"one_step_shared_gamma_poisson","recruit_size"
"recruit_sd.log_recruit_sd",3.5,3.60509736436586,0.0690759293581161,3.47658160335487,3.60545426283541,3.73913932634206,TRUE,1.5214759373124,"rich_design",3,"one_step_shared_gamma_poisson","recruit_size"
"lambda",1.03119869581319,1.04391048206687,0.030152302765421,0.988249094922764,1.0449143124875,1.10201063841368,TRUE,0.421585918414809,"rich_design",3,"one_step_shared_gamma_poisson","lambda"
"survival_50",0.354343693774205,0.36229840393956,0.0144702772844023,0.330907673374321,0.362672515599766,0.388768297918486,TRUE,0.549727555941856,"rich_design",3,"one_step_gamma_poisson_shape_informed","survival"
"survival_80",0.589040434058665,0.586258067630949,0.0184032502782948,0.549650746693127,0.586985246133012,0.620827020249239,TRUE,-0.151188859882976,"rich_design",3,"one_step_gamma_poisson_shape_informed","survival"
"survival_110",0.789181706522253,0.778840811381448,0.0232958292389068,0.7266111169907,0.779628022783703,0.819935559671319,TRUE,-0.443894700409909,"rich_design",3,"one_step_gamma_poisson_shape_informed","survival"
"growth_increment_50",12,12.1557681819622,0.552240565833707,11.0693714637178,12.1368891646894,13.277318152238,TRUE,0.282065808995744,"rich_design",3,"one_step_gamma_poisson_shape_informed","growth"
"growth_increment_80",8.4,8.5619359503455,0.414485451518444,7.77240367201532,8.56337422851496,9.39926382331487,TRUE,0.390691518248123,"rich_design",3,"one_step_gamma_poisson_shape_informed","growth"
"growth_increment_110",4.8,4.96810371872885,0.432396132005181,4.17108567888107,4.96337044994779,5.82421522897828,TRUE,0.388772484964855,"rich_design",3,"one_step_gamma_poisson_shape_informed","growth"
"growth_sd.log_growth_sd",4.5,5.18664605935032,0.41308966262592,4.36510122994595,5.1868590146005,6.04383451287185,TRUE,1.6622203881488,"rich_design",3,"one_step_gamma_poisson_shape_informed","growth"
"recruitment_50",0.019387103915861,0.0317125596693016,0.00653247044566845,0.0206519216118749,0.031299971903933,0.046849421655938,FALSE,1.88679854826031,"rich_design",3,"one_step_gamma_poisson_shape_informed","recruitment"
"recruitment_80",0.183939720585721,0.253658925975059,0.0297860574338188,0.200969806477621,0.253170994910378,0.316594324731574,FALSE,2.34066578110401,"rich_design",3,"one_step_gamma_poisson_shape_informed","recruitment"
"recruitment_110",1.74517147873092,2.04530131399563,0.0769274404434836,1.89973309732455,2.04242640292795,2.19124301721375,FALSE,3.9014665447657,"rich_design",3,"one_step_gamma_poisson_shape_informed","recruitment"
"recruit_mean_50",44,44.5995779202548,0.820072126123701,43.0108230469168,44.6382843078118,46.2322888253611,TRUE,0.731128276592977,"rich_design",3,"one_step_gamma_poisson_shape_informed","recruit_size"
"recruit_mean_80",44.6,44.9914935090817,0.474827242886762,44.0714629014785,45.0108091094247,45.9209419597696,TRUE,0.82449673001397,"rich_design",3,"one_step_gamma_poisson_shape_informed","recruit_size"
"recruit_mean_110",45.2,45.3834090979086,0.158602446072974,45.0837227616401,45.3812020622278,45.6965340864343,TRUE,1.15640775063605,"rich_design",3,"one_step_gamma_poisson_shape_informed","recruit_size"
"recruit_sd.log_recruit_sd",3.5,3.57253656626473,0.0849084008966443,3.39670297458013,3.5734035482983,3.74220104065489,TRUE,0.854291984052612,"rich_design",3,"one_step_gamma_poisson_shape_informed","recruit_size"
"lambda",1.03119869581319,1.03636263951771,0.023937925688527,0.985502262625388,1.0366760010751,1.08092529650311,TRUE,0.215722271499563,"rich_design",3,"one_step_gamma_poisson_shape_informed","lambda"
"survival_50",0.354343693774205,0.364871561956806,0.01478220411184,0.33551528908271,0.364087264305318,0.393277903305037,TRUE,0.712198810336331,"rich_design",3,"one_step_gamma_poisson_fixed_recruitment_slope","survival"
"survival_80",0.589040434058665,0.58888167772194,0.0176199076001066,0.55526773920105,0.590253199883107,0.61731607237848,TRUE,-0.00901005500869134,"rich_design",3,"one_step_gamma_poisson_fixed_recruitment_slope","survival"
"survival_110",0.789181706522253,0.780692785284756,0.0224942935008132,0.7306963918159,0.782962757623576,0.817392161895579,TRUE,-0.377381100552907,"rich_design",3,"one_step_gamma_poisson_fixed_recruitment_slope","survival"
"growth_increment_50",12,12.0531363003266,0.602140460136734,10.946182519506,12.0274352100059,13.2509605406572,TRUE,0.088245689908549,"rich_design",3,"one_step_gamma_poisson_fixed_recruitment_slope","growth"
"growth_increment_80",8.4,8.51335448646,0.431388739349246,7.69930764683086,8.48055345210957,9.38639605600838,TRUE,0.262766447337015,"rich_design",3,"one_step_gamma_poisson_fixed_recruitment_slope","growth"
"growth_increment_110",4.8,4.97357267259337,0.437814136957597,4.09920483779911,4.99238258995556,5.85227625132309,TRUE,0.396452873357485,"rich_design",3,"one_step_gamma_poisson_fixed_recruitment_slope","growth"
"growth_sd.log_growth_sd",4.5,5.25697511127501,0.450400418472106,4.45344326180027,5.23220052883206,6.19319368029799,TRUE,1.68067142087234,"rich_design",3,"one_step_gamma_poisson_fixed_recruitment_slope","growth"
"recruitment_50",0.019387103915861,0.0215435740519033,0.000647809644486277,0.0203612092967934,0.0215059090236725,0.0228571445675249,FALSE,3.32886389450472,"rich_design",3,"one_step_gamma_poisson_fixed_recruitment_slope","recruitment"
"recruitment_80",0.183939720585721,0.204399739575487,0.00614624677913113,0.193181775116783,0.204042383737364,0.216862549630133,FALSE,3.32886389450469,"rich_design",3,"one_step_gamma_poisson_fixed_recruitment_slope","recruitment"
"recruitment_110",1.74517147873092,1.93929073411269,0.0583139658254656,1.83285765070685,1.935900236321,2.05753458368989,FALSE,3.32886389450471,"rich_design",3,"one_step_gamma_poisson_fixed_recruitment_slope","recruitment"
"recruit_mean_50",44,44.3618974934815,0.811282467007383,42.8284220593088,44.3540898286227,46.0470591309729,TRUE,0.446080752634079,"rich_design",3,"one_step_gamma_poisson_fixed_recruitment_slope","recruit_size"
"recruit_mean_80",44.6,44.8373081847367,0.476803264205465,43.903686673213,44.8502051507109,45.8444588095382,TRUE,0.497706711660521,"rich_design",3,"one_step_gamma_poisson_fixed_recruitment_slope","recruit_size"
"recruit_mean_110",45.2,45.312718875992,0.169824820437102,44.9702974867796,45.3116552313643,45.6639287854908,TRUE,0.663736170613104,"rich_design",3,"one_step_gamma_poisson_fixed_recruitment_slope","recruit_size"
"recruit_sd.log_recruit_sd",3.5,3.55737342631248,0.0870992224783358,3.39178316392833,3.55555137359371,3.72302443710043,TRUE,0.658713415343624,"rich_design",3,"one_step_gamma_poisson_fixed_recruitment_slope","recruit_size"
"lambda",1.03119869581319,1.04413528356291,0.0239021353441427,0.996570861739841,1.04451099180375,1.0865175544874,TRUE,0.541231465869495,"rich_design",3,"one_step_gamma_poisson_fixed_recruitment_slope","lambda"
"survival_50",0.354343693774205,0.381625118860009,0.0195772049920557,0.345633672336181,0.380834278314432,0.423129836502835,TRUE,1.39353013348305,"standard",4,"recursive_gamma_poisson","survival"
"survival_80",0.589040434058665,0.626115434560831,0.0172453936052438,0.593943695753994,0.6265101493144,0.656682317370001,FALSE,2.14984948159681,"standard",4,"recursive_gamma_poisson","survival"
"survival_110",0.789181706522253,0.818841863904435,0.0227210232292767,0.77206277217826,0.819096472099927,0.86008394111521,TRUE,1.30540588259968,"standard",4,"recursive_gamma_poisson","survival"
"growth_increment_50",12,10.1381663173421,0.161553173867651,9.82377103904321,10.153509288229,10.4255928621894,FALSE,-11.5245874660635,"standard",4,"recursive_gamma_poisson","growth"
"growth_increment_80",8.4,6.3334073866073,0.0925367418682572,6.14966243172216,6.34064655360812,6.49559470891937,FALSE,-22.3326710198514,"standard",4,"recursive_gamma_poisson","growth"
"growth_increment_110",4.8,2.52864845587251,0.0691973277400623,2.39611115776995,2.52849722750639,2.66493063790729,FALSE,-32.8242667500074,"standard",4,"recursive_gamma_poisson","growth"
"growth_sd.log_growth_sd",4.5,6.75681945938307,0.702615925823392,5.48416659906355,6.70861847810776,8.27729305625642,FALSE,3.21202434564562,"standard",4,"recursive_gamma_poisson","growth"
"recruitment_50",0.019387103915861,0.0133485313407741,0.00788012410739786,0.00394596912047334,0.0115972700541894,0.0327329703694182,TRUE,-0.766304247596541,"standard",4,"recursive_gamma_poisson","recruitment"
"recruitment_80",0.183939720585721,0.146577204310278,0.0455902929901812,0.0772958789925068,0.13957072172791,0.250915512587566,TRUE,-0.819527882470285,"standard",4,"recursive_gamma_poisson","recruitment"
"recruitment_110",1.74517147873092,1.70469890371508,0.145094391249202,1.43985565208973,1.70163738566554,1.98268766864441,TRUE,-0.278939624525724,"standard",4,"recursive_gamma_poisson","recruitment"
"recruit_mean_50",44,40.3417916583576,2.27206306466164,36.1533616363798,40.329982175698,44.5869741810688,TRUE,-1.61008221934508,"standard",4,"recursive_gamma_poisson","recruit_size"
"recruit_mean_80",44.6,42.512009115217,1.31465457420269,39.9947581125433,42.5431356514414,44.9616339796189,TRUE,-1.58824296948828,"standard",4,"recursive_gamma_poisson","recruit_size"
"recruit_mean_110",45.2,44.6822265720764,0.399235337729469,43.9147422621669,44.6901239171014,45.439004385442,TRUE,-1.29691282056424,"standard",4,"recursive_gamma_poisson","recruit_size"
"recruit_sd.log_recruit_sd",3.5,3.13679225895748,0.31055513207413,2.6032144086369,3.07805870021553,3.80578700936863,TRUE,-1.16954351588633,"standard",4,"recursive_gamma_poisson","recruit_size"
"lambda",1.03119869581319,1.01636542374397,0.0152263217350423,0.986403730981085,1.0169083261728,1.04372288497572,TRUE,-0.974186170983673,"standard",4,"recursive_gamma_poisson","lambda"
"survival_50",0.354343693774205,0.41558932773182,0.0312424451106632,0.354065603179479,0.414376178432678,0.480277068150081,TRUE,1.96033421010037,"standard",4,"one_step_gamma_poisson","survival"
"survival_80",0.589040434058665,0.611172242063513,0.0366691627119211,0.538500664226527,0.612243181786665,0.675534253293983,TRUE,0.60355367747877,"standard",4,"one_step_gamma_poisson","survival"
"survival_110",0.789181706522253,0.772869557258901,0.0558714037933435,0.653872482244641,0.776769323083687,0.859806665575717,TRUE,-0.291958822507614,"standard",4,"one_step_gamma_poisson","survival"
"growth_increment_50",12,10.3353750168613,0.474545145621024,9.38779581072167,10.351235958324,11.1928213571447,FALSE,-3.50783270780318,"standard",4,"one_step_gamma_poisson","growth"
"growth_increment_80",8.4,7.06134581827734,0.292253226068638,6.50761197830888,7.05797495396648,7.61849094238398,FALSE,-4.58045989681655,"standard",4,"one_step_gamma_poisson","growth"
"growth_increment_110",4.8,3.78731661969335,0.211127048139699,3.37683274227735,3.79785385761071,4.16981155560386,FALSE,-4.79655917718596,"standard",4,"one_step_gamma_poisson","growth"
"growth_sd.log_growth_sd",4.5,8.92422878005422,0.700716485539779,7.6285570899485,8.90529215810107,10.3311433247538,FALSE,6.31386426800866,"standard",4,"one_step_gamma_poisson","growth"
"recruitment_50",0.019387103915861,0.598859543542451,0.035491390336723,0.531942409049149,0.599729313792579,0.67031990199197,FALSE,16.3271270617711,"standard",4,"one_step_gamma_poisson","recruitment"
"recruitment_80",0.183939720585721,0.244531609173516,0.196327554715106,0.0412486628511643,0.183447152137354,0.824351758706308,TRUE,0.308626512848492,"standard",4,"one_step_gamma_poisson","recruitment"
"recruitment_110",1.74517147873092,0.166729209282399,0.305420644656416,0.00287148352563146,0.0554603716501995,1.10127876069194,FALSE,-5.168092914034,"standard",4,"one_step_gamma_poisson","recruitment"
"recruit_mean_50",44,45.5222120366881,0.259170237039664,44.9987188440427,45.5159220400038,46.0292359997717,FALSE,5.87340604413269,"standard",4,"one_step_gamma_poisson","recruit_size"
"recruit_mean_80",44.6,46.4771801400432,2.49431565529036,41.1362237711082,46.5691825157311,50.9006480018402,TRUE,0.752583233024978,"standard",4,"one_step_gamma_poisson","recruit_size"
"recruit_mean_110",45.2,47.4321482433985,5.00895269036556,36.4559743099581,47.7567576080468,56.1574489028242,TRUE,0.445631728103946,"standard",4,"one_step_gamma_poisson","recruit_size"
"recruit_sd.log_recruit_sd",3.5,3.31733459605422,0.249343216806975,2.8644271394263,3.31727513853513,3.81784459372675,TRUE,-0.732586217042303,"standard",4,"one_step_gamma_poisson","recruit_size"
"lambda",1.03119869581319,1.04111849980439,0.0547195665199764,0.957327917656982,1.03550581561757,1.18019270252708,TRUE,0.18128440377121,"standard",4,"one_step_gamma_poisson","lambda"
"survival_50",0.354343693774205,0.433838749881612,0.0370067728134824,0.363194369646459,0.435979118983039,0.505514940710823,FALSE,2.14812181835119,"standard",4,"one_step_shared_gamma_poisson","survival"
"survival_80",0.589040434058665,0.649570405839497,0.0554352223154919,0.542603141131655,0.650242354595692,0.748044921816135,TRUE,1.09190455548901,"standard",4,"one_step_shared_gamma_poisson","survival"
"survival_110",0.789181706522253,0.811364977637762,0.0678459786855568,0.65806195834616,0.819128374946342,0.917788180114479,TRUE,0.326965157630361,"standard",4,"one_step_shared_gamma_poisson","survival"
"growth_increment_50",12,9.29569572344592,1.35793485097403,6.49308095173018,9.31659961163959,11.7871656218972,FALSE,-1.99148307786218,"standard",4,"one_step_shared_gamma_poisson","growth"
"growth_increment_80",8.4,6.45957623651778,1.06202827640153,4.26051740841472,6.46387075421262,8.46333372704903,TRUE,-1.82709237277275,"standard",4,"one_step_shared_gamma_poisson","growth"
"growth_increment_110",4.8,3.62510052144378,1.55077814841473,0.688851130414186,3.63666352187519,6.48856680066016,TRUE,-0.757619315024045,"standard",4,"one_step_shared_gamma_poisson","growth"
"growth_sd.log_growth_sd",4.5,8.74487879055584,0.726896044446947,7.43838946624301,8.72000948744108,10.218284823605,FALSE,5.83973296179583,"standard",4,"one_step_shared_gamma_poisson","growth"
"recruitment_50",0.019387103915861,0.158819275231764,0.0764443195749773,0.0557015348188851,0.145387304599705,0.32837099392542,FALSE,1.82397033672524,"standard",4,"one_step_shared_gamma_poisson","recruitment"
"recruitment_80",0.183939720585721,0.510794422442339,0.091667096891075,0.35408563223027,0.502615427618677,0.705812872523826,FALSE,3.56567092165042,"standard",4,"one_step_shared_gamma_poisson","recruitment"
"recruitment_110",1.74517147873092,1.79434971831199,0.287797391335674,1.30221553521905,1.76557972851338,2.43953201626988,TRUE,0.170877989382867,"standard",4,"one_step_shared_gamma_poisson","recruitment"
"recruit_mean_50",44,44.5706892996751,0.937356381169294,42.6871918412945,44.5343356349327,46.3997777014538,TRUE,0.608828521509811,"standard",4,"one_step_shared_gamma_poisson","recruit_size"
"recruit_mean_80",44.6,45.1676402736314,0.386044407074942,44.4340797441579,45.1701878354156,45.8898364922408,TRUE,1.47040149586013,"standard",4,"one_step_shared_gamma_poisson","recruit_size"
"recruit_mean_110",45.2,45.7645912475877,0.396448257960483,44.9017497341208,45.757276656755,46.4813526504511,TRUE,1.42412341648867,"standard",4,"one_step_shared_gamma_poisson","recruit_size"
"recruit_sd.log_recruit_sd",3.5,3.1949531570716,0.224302782038273,2.79126888359848,3.19030395862187,3.62508929789546,TRUE,-1.35997797332872,"standard",4,"one_step_shared_gamma_poisson","recruit_size"
"lambda",1.03119869581319,1.0204207593169,0.064155425497741,0.890218063260023,1.02888182898456,1.13086111172827,TRUE,-0.167997272446945,"standard",4,"one_step_shared_gamma_poisson","lambda"
"survival_50",0.354343693774205,0.441964829671984,0.0361086621075822,0.375334378612236,0.441831938165804,0.509068756917479,FALSE,2.42659602387707,"standard",4,"one_step_gamma_poisson_shape_informed","survival"
"survival_80",0.589040434058665,0.631100199439846,0.0443178226834554,0.538668065361032,0.632088465695213,0.712733282365827,TRUE,0.949048550548094,"standard",4,"one_step_gamma_poisson_shape_informed","survival"
"survival_110",0.789181706522253,0.782602729725261,0.0612806337216506,0.649183963600033,0.788836665472356,0.882792072149104,TRUE,-0.107358171700298,"standard",4,"one_step_gamma_poisson_shape_informed","survival"
"growth_increment_50",12,9.27946910155505,1.43643282354228,6.54147244698152,9.32168039822853,12.1452387789978,TRUE,-1.89394927062168,"standard",4,"one_step_gamma_poisson_shape_informed","growth"
"growth_increment_80",8.4,6.38180197537987,1.14466941977359,4.06108879418767,6.41620598206095,8.65852752437976,TRUE,-1.76312740583156,"standard",4,"one_step_gamma_poisson_shape_informed","growth"
"growth_increment_110",4.8,3.4966412904487,1.56656026706585,0.529475068140708,3.54539742188937,6.67869605167369,TRUE,-0.83198759534,"standard",4,"one_step_gamma_poisson_shape_informed","growth"
"growth_sd.log_growth_sd",4.5,9.0326452188435,0.785512309981151,7.60124958052805,9.02113850871976,10.6072079511695,FALSE,5.77030450223277,"standard",4,"one_step_gamma_poisson_shape_informed","growth"
"recruitment_50",0.019387103915861,0.0850649662642596,0.0347384215478293,0.0408356188434657,0.0788386940086485,0.175540334909997,FALSE,1.89064037518143,"standard",4,"one_step_gamma_poisson_shape_informed","recruitment"
"recruitment_80",0.183939720585721,0.397235288684573,0.0782396816494889,0.275140773229411,0.38687673946108,0.59471876162286,FALSE,2.72618144146354,"standard",4,"one_step_gamma_poisson_shape_informed","recruitment"
"recruitment_110",1.74517147873092,1.93067408266497,0.151156562222805,1.64495759153607,1.93072607899657,2.23742750113557,TRUE,1.22722163832109,"standard",4,"one_step_gamma_poisson_shape_informed","recruitment"
"recruit_mean_50",44,44.4348411299495,1.32748738014001,41.7274609060867,44.3746751868495,47.0897798354187,TRUE,0.327567053709844,"standard",4,"one_step_gamma_poisson_shape_informed","recruit_size"
"recruit_mean_80",44.6,44.9979931917949,0.634939756459569,43.794186348135,44.9722143350954,46.278758659116,TRUE,0.626820399488184,"standard",4,"one_step_gamma_poisson_shape_informed","recruit_size"
"recruit_mean_110",45.2,45.5611452536404,0.269446880907721,45.0484761175407,45.5724566857052,46.0911353510645,TRUE,1.340320780199,"standard",4,"one_step_gamma_poisson_shape_informed","recruit_size"
"recruit_sd.log_recruit_sd",3.5,3.12593054203167,0.253841166961581,2.68446643964683,3.12250665376478,3.61267591564817,TRUE,-1.47363590565648,"standard",4,"one_step_gamma_poisson_shape_informed","recruit_size"
"lambda",1.03119869581319,1.00765386743946,0.0533476203384914,0.898104406675165,1.01089259810668,1.10756783538693,TRUE,-0.441347303297517,"standard",4,"one_step_gamma_poisson_shape_informed","lambda"
"survival_50",0.354343693774205,0.465536911764514,0.0374681406148772,0.391184112875475,0.467592477637936,0.532346686093914,FALSE,2.96767376671365,"standard",4,"one_step_gamma_poisson_fixed_recruitment_slope","survival"
"survival_80",0.589040434058665,0.639514785786747,0.0428543822106449,0.554393133120923,0.641567762013133,0.719943385580456,TRUE,1.17781074243427,"standard",4,"one_step_gamma_poisson_fixed_recruitment_slope","survival"
"survival_110",0.789181706522253,0.778251821461833,0.0646620525563004,0.641329004012237,0.786289487786153,0.886840234824847,TRUE,-0.169030901870978,"standard",4,"one_step_gamma_poisson_fixed_recruitment_slope","survival"
"growth_increment_50",12,8.42616948434548,1.25929724951732,6.08587993234568,8.40370947882905,10.9129431491641,FALSE,-2.83795626253004,"standard",4,"one_step_gamma_poisson_fixed_recruitment_slope","growth"
"growth_increment_80",8.4,6.02420157096879,1.09938092924274,3.93556384861492,5.98984668407844,8.12662287631446,FALSE,-2.1610329648593,"standard",4,"one_step_gamma_poisson_fixed_recruitment_slope","growth"
"growth_increment_110",4.8,3.62967113039991,1.63937546945091,0.452625909383621,3.59581136137485,6.86292725981006,TRUE,-0.713887020642125,"standard",4,"one_step_gamma_poisson_fixed_recruitment_slope","growth"
"growth_sd.log_growth_sd",4.5,8.86906179705688,0.780554442735765,7.41832779234394,8.79302742007627,10.5344765256237,FALSE,5.59738252432944,"standard",4,"one_step_gamma_poisson_fixed_recruitment_slope","growth"
"recruitment_50",0.019387103915861,0.020315476594308,0.00172017582619607,0.0173295768872431,0.0201729663683803,0.0240270748042971,TRUE,0.539696387025728,"standard",4,"one_step_gamma_poisson_fixed_recruitment_slope","recruitment"
"recruitment_80",0.183939720585721,0.192747875316519,0.016320573831038,0.164418447662027,0.191395775938937,0.227962538663597,TRUE,0.53969638702572,"standard",4,"one_step_gamma_poisson_fixed_recruitment_slope","recruitment"
"recruitment_110",1.74517147873092,1.8287409240225,0.154845293206675,1.55995879804145,1.8159125623035,2.16284834742588,TRUE,0.539696387025725,"standard",4,"one_step_gamma_poisson_fixed_recruitment_slope","recruitment"
"recruit_mean_50",44,44.3523236098955,1.56419843528693,41.375000037651,44.4705625379142,47.2615190607759,TRUE,0.225242272302161,"standard",4,"one_step_gamma_poisson_fixed_recruitment_slope","recruit_size"
"recruit_mean_80",44.6,44.8453752484433,0.870000963616222,43.1632912031308,44.905003483762,46.6054938929197,TRUE,0.282040203062917,"standard",4,"one_step_gamma_poisson_fixed_recruitment_slope","recruit_size"
"recruit_mean_110",45.2,45.338426886991,0.274463499290939,44.8097530607309,45.3142368136446,45.9161355031411,TRUE,0.504354449129234,"standard",4,"one_step_gamma_poisson_fixed_recruitment_slope","recruit_size"
"recruit_sd.log_recruit_sd",3.5,2.99582389405475,0.241818463574679,2.61251171244239,2.97710235390119,3.57858425638991,TRUE,-2.08493635470293,"standard",4,"one_step_gamma_poisson_fixed_recruitment_slope","recruit_size"
"lambda",1.03119869581319,1.0305295420717,0.055207445137629,0.910100006957242,1.02905654001979,1.13387501155548,TRUE,-0.012120715599569,"standard",4,"one_step_gamma_poisson_fixed_recruitment_slope","lambda"
"survival_50",0.354343693774205,0.334648521846278,0.0113431183114527,0.31097363254824,0.334675315200252,0.357041535017428,TRUE,-1.73631019153186,"dense_profiles",4,"recursive_gamma_poisson","survival"
"survival_80",0.589040434058665,0.593275493682053,0.0104599615644476,0.571454058067984,0.593196395146048,0.613164540537314,TRUE,0.404882904903016,"dense_profiles",4,"recursive_gamma_poisson","survival"
"survival_110",0.789181706522253,0.808548383226249,0.0137866901103065,0.782512450640406,0.809288124826665,0.833551582656885,TRUE,1.40473721749342,"dense_profiles",4,"recursive_gamma_poisson","survival"
"growth_increment_50",12,12.7815804695662,0.487310433937243,11.8824124171651,12.7768721108775,13.6517427325404,TRUE,1.60386565756745,"dense_profiles",4,"recursive_gamma_poisson","growth"
"growth_increment_80",8.4,8.58621118695364,0.330640048936801,7.97202143398361,8.59825204473971,9.20239500057868,TRUE,0.563184004939552,"dense_profiles",4,"recursive_gamma_poisson","growth"
"growth_increment_110",4.8,4.39084190434105,0.29013016532454,3.90344878154739,4.3855527685363,4.94940494648463,TRUE,-1.41025699689403,"dense_profiles",4,"recursive_gamma_poisson","growth"
"growth_sd.log_growth_sd",4.5,3.78222884903084,0.397933786251321,3.02478443464473,3.77287670731561,4.54599511296619,TRUE,-1.80374518517471,"dense_profiles",4,"recursive_gamma_poisson","growth"
"recruitment_50",0.019387103915861,0.0539876113258054,0.0155460647945516,0.0297286794854542,0.0520977703655013,0.0891018925258203,FALSE,2.22567626387809,"dense_profiles",4,"recursive_gamma_poisson","recruitment"
"recruitment_80",0.183939720585721,0.305141698119426,0.0419386193571077,0.227881753995351,0.303939649936336,0.394459774135314,FALSE,2.88998492062099,"dense_profiles",4,"recursive_gamma_poisson","recruitment"
"recruitment_110",1.74517147873092,1.76470947202537,0.0737682755970985,1.6201861444305,1.76171310952891,1.9138817970696,TRUE,0.264856310335297,"dense_profiles",4,"recursive_gamma_poisson","recruitment"
"recruit_mean_50",44,45.3047665980046,1.1443290814388,43.0301758363443,45.2508332217687,47.4701659511163,TRUE,1.1402022540265,"dense_profiles",4,"recursive_gamma_poisson","recruit_size"
"recruit_mean_80",44.6,45.4140309013955,0.564840565976877,44.294437499743,45.3810239509029,46.4610902975277,TRUE,1.44116933242501,"dense_profiles",4,"recursive_gamma_poisson","recruit_size"
"recruit_mean_110",45.2,45.5232952047863,0.155315156795154,45.2324500001863,45.5140497479975,45.8430848647193,FALSE,2.08154317619286,"dense_profiles",4,"recursive_gamma_poisson","recruit_size"
"recruit_sd.log_recruit_sd",3.5,3.50585551490928,0.121918633130958,3.29063535987196,3.50180793303527,3.75049976387235,TRUE,0.0480280557524566,"dense_profiles",4,"recursive_gamma_poisson","recruit_size"
"lambda",1.03119869581319,1.01025022025385,0.00822287433097727,0.995857867459521,1.00962908128034,1.02706161760271,FALSE,-2.54758551768546,"dense_profiles",4,"recursive_gamma_poisson","lambda"
"survival_50",0.354343693774205,0.348397024640919,0.0144658027330254,0.322382717002593,0.347929236187625,0.378720254769781,TRUE,-0.411084627865771,"dense_profiles",4,"one_step_gamma_poisson","survival"
"survival_80",0.589040434058665,0.594034959902414,0.020270961277946,0.554212399464406,0.594589766586416,0.633199199657097,TRUE,0.246388208988528,"dense_profiles",4,"one_step_gamma_poisson","survival"
"survival_110",0.789181706522253,0.79917822618435,0.0265175008321381,0.74384270566864,0.799997649243845,0.847383954819722,TRUE,0.376978197356446,"dense_profiles",4,"one_step_gamma_poisson","survival"
"growth_increment_50",12,12.443674900831,0.572185404570957,11.3159599946653,12.4346842335717,13.6012074029636,TRUE,0.775404086309586,"dense_profiles",4,"one_step_gamma_poisson","growth"
"growth_increment_80",8.4,8.36485293258656,0.462142533661532,7.51580212802452,8.37606245516609,9.28528376780612,TRUE,-0.0760524402178877,"dense_profiles",4,"one_step_gamma_poisson","growth"
"growth_increment_110",4.8,4.2860309643421,0.571270235153033,3.14502638488942,4.30039617952784,5.40417266510407,TRUE,-0.89969510755311,"dense_profiles",4,"one_step_gamma_poisson","growth"
"growth_sd.log_growth_sd",4.5,4.35432858792695,0.448571074589103,3.52675849616858,4.35727633601796,5.28659948186742,TRUE,-0.324745442417309,"dense_profiles",4,"one_step_gamma_poisson","growth"
"recruitment_50",0.019387103915861,0.0463739295539364,0.0133738623463834,0.0264999352066778,0.0444145025755175,0.0788479808218041,FALSE,2.01787822688136,"dense_profiles",4,"one_step_gamma_poisson","recruitment"
"recruitment_80",0.183939720585721,0.280826911435671,0.0398332302020165,0.214716715290055,0.277648151673706,0.365520469359029,FALSE,2.43232071209343,"dense_profiles",4,"one_step_gamma_poisson","recruitment"
"recruitment_110",1.74517147873092,1.73624981141997,0.0563981240531815,1.62828844431178,1.73333016754443,1.84800396524068,TRUE,-0.158190852279733,"dense_profiles",4,"one_step_gamma_poisson","recruitment"
"recruit_mean_50",44,45.1380198299815,1.00747821972341,43.3497965094134,45.0563881117679,47.3651587975937,TRUE,1.12957263760392,"dense_profiles",4,"one_step_gamma_poisson","recruit_size"
"recruit_mean_80",44.6,45.3080693270276,0.50592760040467,44.349770618688,45.2578043534225,46.4429615429426,TRUE,1.39954674633537,"dense_profiles",4,"one_step_gamma_poisson","recruit_size"
"recruit_mean_110",45.2,45.4781188240738,0.134717946586195,45.2238960842215,45.4818916633197,45.73362254792,FALSE,2.06445266663761,"dense_profiles",4,"one_step_gamma_poisson","recruit_size"
"recruit_sd.log_recruit_sd",3.5,3.48681399641463,0.105682703933428,3.28759419634878,3.48396090171698,3.71157971447767,TRUE,-0.124769740880935,"dense_profiles",4,"one_step_gamma_poisson","recruit_size"
"lambda",1.03119869581319,1.00611202100711,0.0262207251223433,0.95789735976496,1.00585754072095,1.05804075767339,TRUE,-0.956749849175749,"dense_profiles",4,"one_step_gamma_poisson","lambda"
"survival_50",0.354343693774205,0.345945020113253,0.0148449111639407,0.319237166892167,0.345375973919042,0.376734025589468,TRUE,-0.565761126368526,"dense_profiles",4,"one_step_shared_gamma_poisson","survival"
"survival_80",0.589040434058665,0.592772641038819,0.0229919496309463,0.545256586301697,0.593085088792436,0.635828875041738,TRUE,0.162326685646992,"dense_profiles",4,"one_step_shared_gamma_poisson","survival"
"survival_110",0.789181706522253,0.799218456166838,0.0276103357195725,0.740498356614108,0.8017715346662,0.848605262424305,TRUE,0.363514219693827,"dense_profiles",4,"one_step_shared_gamma_poisson","survival"
"growth_increment_50",12,12.4691712579675,0.480919851864868,11.5623919751647,12.4719006960555,13.3995364263906,TRUE,0.97557057823297,"dense_profiles",4,"one_step_shared_gamma_poisson","growth"
"growth_increment_80",8.4,8.36986915602817,0.401471895071327,7.53734520803148,8.37185925217302,9.10430265790668,TRUE,-0.0750509421499635,"dense_profiles",4,"one_step_shared_gamma_poisson","growth"
"growth_increment_110",4.8,4.27056705408881,0.530490767747879,3.24886440477136,4.25534556358765,5.30300534157273,TRUE,-0.998005956180577,"dense_profiles",4,"one_step_shared_gamma_poisson","growth"
"growth_sd.log_growth_sd",4.5,4.31117030268993,0.394920192951309,3.61507041504634,4.28630272585202,5.11730119011179,TRUE,-0.478146472832676,"dense_profiles",4,"one_step_shared_gamma_poisson","growth"
"recruitment_50",0.019387103915861,0.0479510896699455,0.0137831486899065,0.0265217872738534,0.0461501600418327,0.0837311041722146,FALSE,2.07238464858193,"dense_profiles",4,"one_step_shared_gamma_poisson","recruitment"
"recruitment_80",0.183939720585721,0.285269675962264,0.0400301613326396,0.215017503058395,0.282833655032,0.381097322217978,FALSE,2.53134016959159,"dense_profiles",4,"one_step_shared_gamma_poisson","recruitment"
"recruitment_110",1.74517147873092,1.73182673303753,0.057370288499407,1.63096732526652,1.7303654164725,1.85041965018956,TRUE,-0.232607261396794,"dense_profiles",4,"one_step_shared_gamma_poisson","recruitment"
"recruit_mean_50",44,45.2671472367639,0.937012440522292,43.3482649208624,45.3094275298676,46.977441030914,TRUE,1.3523270150582,"dense_profiles",4,"one_step_shared_gamma_poisson","recruit_size"
"recruit_mean_80",44.6,45.3828300612968,0.468183549836911,44.4486268759185,45.4209123260239,46.2367829742332,TRUE,1.67205802418621,"dense_profiles",4,"one_step_shared_gamma_poisson","recruit_size"
"recruit_mean_110",45.2,45.4985128858297,0.113005326566306,45.2688146775744,45.5022496916403,45.718605641432,FALSE,2.64158243597936,"dense_profiles",4,"one_step_shared_gamma_poisson","recruit_size"
"recruit_sd.log_recruit_sd",3.5,3.50263296628532,0.0889177642757295,3.33345193210314,3.50349268997345,3.6852856884541,TRUE,0.0296112515509765,"dense_profiles",4,"one_step_shared_gamma_poisson","recruit_size"
"lambda",1.03119869581319,1.00408584969922,0.027517266791069,0.952280217964237,1.00494507499615,1.05669987727342,TRUE,-0.985303021547644,"dense_profiles",4,"one_step_shared_gamma_poisson","lambda"
"survival_50",0.354343693774205,0.348701452626342,0.0148003555031802,0.321370920301084,0.348154060775498,0.378363693685321,TRUE,-0.381223352820813,"dense_profiles",4,"one_step_gamma_poisson_shape_informed","survival"
"survival_80",0.589040434058665,0.594586045385015,0.021259627434974,0.55474799549675,0.594347135128674,0.635532270127905,TRUE,0.260851764374158,"dense_profiles",4,"one_step_gamma_poisson_shape_informed","survival"
"survival_110",0.789181706522253,0.79963216461763,0.0274260762664264,0.746854865181186,0.802124932060832,0.846047667476279,TRUE,0.381040947813984,"dense_profiles",4,"one_step_gamma_poisson_shape_informed","survival"
"growth_increment_50",12,12.414103868195,0.518358670452761,11.4595879226491,12.3960523662708,13.5283595728295,TRUE,0.798875164629277,"dense_profiles",4,"one_step_gamma_poisson_shape_informed","growth"
"growth_increment_80",8.4,8.33063985506623,0.450811053080184,7.43605735841317,8.3190537870438,9.19185026146925,TRUE,-0.153856353920033,"dense_profiles",4,"one_step_gamma_poisson_shape_informed","growth"
"growth_increment_110",4.8,4.2471758419375,0.583112138911853,2.99488427528818,4.24674009143803,5.38614052682516,TRUE,-0.948058051225151,"dense_profiles",4,"one_step_gamma_poisson_shape_informed","growth"
"growth_sd.log_growth_sd",4.5,4.35292439075006,0.438870183674107,3.48864375783233,4.31648172743094,5.23398057273339,TRUE,-0.335123265879352,"dense_profiles",4,"one_step_gamma_poisson_shape_informed","growth"
"recruitment_50",0.019387103915861,0.0379850185779361,0.0104739673197223,0.0213565471806785,0.0364375252732163,0.0621682022177767,FALSE,1.77563229809354,"dense_profiles",4,"one_step_gamma_poisson_shape_informed","recruitment"
"recruitment_80",0.183939720585721,0.254712874784906,0.0356200257767082,0.193382309737268,0.250755806996512,0.32974608240293,FALSE,1.98689227915895,"dense_profiles",4,"one_step_gamma_poisson_shape_informed","recruitment"
"recruitment_110",1.74517147873092,1.73884761788511,0.0555778109552164,1.62512491928498,1.73657579902274,1.85396695628194,TRUE,-0.113783913708123,"dense_profiles",4,"one_step_gamma_poisson_shape_informed","recruitment"
"recruit_mean_50",44,45.0416912782753,1.03411148651713,42.8695399284134,45.0607155141887,46.9576879995153,TRUE,1.00732976265812,"dense_profiles",4,"one_step_gamma_poisson_shape_informed","recruit_size"
"recruit_mean_80",44.6,45.2601550903221,0.528121818944639,44.1235113975687,45.2971967818822,46.2398082688247,TRUE,1.25000533331748,"dense_profiles",4,"one_step_gamma_poisson_shape_informed","recruit_size"
"recruit_mean_110",45.2,45.478618902369,0.134813297768055,45.2402059071165,45.4820665625997,45.7368952636124,FALSE,2.0667019276422,"dense_profiles",4,"one_step_gamma_poisson_shape_informed","recruit_size"
"recruit_sd.log_recruit_sd",3.5,3.48014844111064,0.100090231337845,3.3061272008728,3.47615466187204,3.69197837307779,TRUE,-0.198336627101528,"dense_profiles",4,"one_step_gamma_poisson_shape_informed","recruit_size"
"lambda",1.03119869581319,1.00888426016426,0.0252926088755499,0.958984651448896,1.0085656694617,1.05267483385321,TRUE,-0.882251244176715,"dense_profiles",4,"one_step_gamma_poisson_shape_informed","lambda"
"survival_50",0.354343693774205,0.351415728910375,0.0149006041135958,0.323520999116485,0.351614105296663,0.380780460478431,TRUE,-0.196499741990886,"dense_profiles",4,"one_step_gamma_poisson_fixed_recruitment_slope","survival"
"survival_80",0.589040434058665,0.593902721608377,0.0208297522406009,0.554995249356223,0.593417085721202,0.634189821560155,TRUE,0.233429927228533,"dense_profiles",4,"one_step_gamma_poisson_fixed_recruitment_slope","survival"
"survival_110",0.789181706522253,0.796813006397233,0.0276528822811232,0.736486270385712,0.798473327308147,0.844915693459831,TRUE,0.275967611527765,"dense_profiles",4,"one_step_gamma_poisson_fixed_recruitment_slope","survival"
"growth_increment_50",12,12.3557915642271,0.5604355714893,11.2755390825139,12.3635854662834,13.4273150660905,TRUE,0.634848290021325,"dense_profiles",4,"one_step_gamma_poisson_fixed_recruitment_slope","growth"
"growth_increment_80",8.4,8.30502873573247,0.44150293823701,7.45001125105655,8.29457695393439,9.16789735520724,TRUE,-0.21510901976499,"dense_profiles",4,"one_step_gamma_poisson_fixed_recruitment_slope","growth"
"growth_increment_110",4.8,4.25426590723786,0.551266077855233,3.15797954251172,4.26873779450335,5.30932831077827,TRUE,-0.98996494557653,"dense_profiles",4,"one_step_gamma_poisson_fixed_recruitment_slope","growth"
"growth_sd.log_growth_sd",4.5,4.44888296223697,0.449573675487397,3.66610452326703,4.41548962086556,5.35783888170818,TRUE,-0.113701136321226,"dense_profiles",4,"one_step_gamma_poisson_fixed_recruitment_slope","growth"
"recruitment_50",0.019387103915861,0.0188888477489351,0.00066427699328538,0.0175806745712892,0.0188507378104742,0.0203629231543587,TRUE,-0.750072894232961,"dense_profiles",4,"one_step_gamma_poisson_fixed_recruitment_slope","recruitment"
"recruitment_80",0.183939720585721,0.179212397695092,0.00630248463446218,0.166800796157378,0.178850820666234,0.193198035744623,TRUE,-0.750072894232932,"dense_profiles",4,"one_step_gamma_poisson_fixed_recruitment_slope","recruitment"
"recruitment_110",1.74517147873092,1.70031988793145,0.0597963093244858,1.58256189123549,1.69688934059716,1.83301192724834,TRUE,-0.75007289423296,"dense_profiles",4,"one_step_gamma_poisson_fixed_recruitment_slope","recruitment"
"recruit_mean_50",44,44.7035371998673,1.29921099103893,42.0771499901577,44.675202914749,47.2479576031187,TRUE,0.541511120764671,"dense_profiles",4,"one_step_gamma_poisson_fixed_recruitment_slope","recruit_size"
"recruit_mean_80",44.6,45.0547015806718,0.700039578958381,43.6966107770423,45.0721674171595,46.453055224442,TRUE,0.649536960965,"dense_profiles",4,"one_step_gamma_poisson_fixed_recruitment_slope","recruit_size"
"recruit_mean_110",45.2,45.4058659614764,0.156417331669468,45.1211831755214,45.411897319778,45.7378655866273,TRUE,1.31613267710882,"dense_profiles",4,"one_step_gamma_poisson_fixed_recruitment_slope","recruit_size"
"recruit_sd.log_recruit_sd",3.5,3.45564529714017,0.102654008521124,3.25508418296892,3.453725998662,3.65997832841778,TRUE,-0.432079599217003,"dense_profiles",4,"one_step_gamma_poisson_fixed_recruitment_slope","recruit_size"
"lambda",1.03119869581319,1.01894353032378,0.0276972824330833,0.962879452202664,1.01904540000662,1.07140429734759,TRUE,-0.442468156181905,"dense_profiles",4,"one_step_gamma_poisson_fixed_recruitment_slope","lambda"
"survival_50",0.354343693774205,0.370329742316337,0.0104457594746508,0.349724552235326,0.370635696551058,0.391736158136108,TRUE,1.53038642914634,"rich_design",4,"recursive_gamma_poisson","survival"
"survival_80",0.589040434058665,0.603961332582806,0.00913338631560796,0.586485466698523,0.60373938586605,0.621454438565479,TRUE,1.63366554403183,"rich_design",4,"recursive_gamma_poisson","survival"
"survival_110",0.789181706522253,0.798039128816923,0.010569337224406,0.776205271203844,0.798046307646614,0.818808428356788,TRUE,0.838030058707701,"rich_design",4,"recursive_gamma_poisson","survival"
"growth_increment_50",12,11.693537110875,0.470023088873321,10.7004362636485,11.6956380722108,12.5827699409018,TRUE,-0.652016669776019,"rich_design",4,"recursive_gamma_poisson","growth"
"growth_increment_80",8.4,8.19517077044294,0.325667064279,7.56943878032755,8.20993761687927,8.81014932146422,TRUE,-0.628952854076713,"rich_design",4,"recursive_gamma_poisson","growth"
"growth_increment_110",4.8,4.6968044300109,0.258345393384827,4.20873466338386,4.71054294301656,5.18533683075273,TRUE,-0.399448074676435,"rich_design",4,"recursive_gamma_poisson","growth"
"growth_sd.log_growth_sd",4.5,5.0035545283624,0.364262533806509,4.28512614249848,4.98906418961325,5.70075749879751,TRUE,1.38239451392461,"rich_design",4,"recursive_gamma_poisson","growth"
"recruitment_50",0.019387103915861,0.0481595915904681,0.00810994485694831,0.0342884804350188,0.0475859064767024,0.0649497069253081,FALSE,3.54780312099852,"rich_design",4,"recursive_gamma_poisson","recruitment"
"recruitment_80",0.183939720585721,0.300122581118594,0.0255746201510898,0.255317757587739,0.299024288235866,0.353584479405035,FALSE,4.54289681905293,"rich_design",4,"recursive_gamma_poisson","recruitment"
"recruitment_110",1.74517147873092,1.88467080952883,0.0699019197459042,1.7593182164955,1.88496119878656,2.01765455137462,FALSE,1.99564377208802,"rich_design",4,"recursive_gamma_poisson","recruitment"
"recruit_mean_50",44,44.9502602663175,0.747250615409244,43.4660327760249,44.9616719317593,46.3622138689213,TRUE,1.2716754549571,"rich_design",4,"recursive_gamma_poisson","recruit_size"
"recruit_mean_80",44.6,45.1327884134573,0.409717753926505,44.3188198728923,45.1267365302633,45.9391823867571,TRUE,1.30037912282632,"rich_design",4,"recursive_gamma_poisson","recruit_size"
"recruit_mean_110",45.2,45.3153165605972,0.129445666794528,45.054048250981,45.3179840171242,45.5631118326916,TRUE,0.890849137346852,"rich_design",4,"recursive_gamma_poisson","recruit_size"
"recruit_sd.log_recruit_sd",3.5,3.4474060614291,0.088322752714455,3.27024187799489,3.44688910069679,3.59901055841284,TRUE,-0.595474404437271,"rich_design",4,"recursive_gamma_poisson","recruit_size"
"lambda",1.03119869581319,1.0253924455843,0.00545027400636786,1.01495454027085,1.02519815034114,1.03603842235878,TRUE,-1.06531345435351,"rich_design",4,"recursive_gamma_poisson","lambda"
"survival_50",0.354343693774205,0.434826821946633,0.0188848468780585,0.400125662385162,0.435492341709582,0.47462417809275,FALSE,4.26178346544807,"rich_design",4,"one_step_gamma_poisson","survival"
"survival_80",0.589040434058665,0.625250440132827,0.0209925621047487,0.587095357857783,0.62467087297442,0.668674251345271,TRUE,1.72489693699515,"rich_design",4,"one_step_gamma_poisson","survival"
"survival_110",0.789181706522253,0.782643197618606,0.0270453687312449,0.729003749705998,0.781734242930687,0.833585353705024,TRUE,-0.241760760173796,"rich_design",4,"one_step_gamma_poisson","survival"
"growth_increment_50",12,10.0719154636495,0.693368097462187,8.68213039276756,10.0937444980261,11.3303651969058,FALSE,-2.78075172971978,"rich_design",4,"one_step_gamma_poisson","growth"
"growth_increment_80",8.4,7.36890570221693,0.545085218659704,6.28391135101845,7.39495801256787,8.43135631840103,TRUE,-1.89162036042437,"rich_design",4,"one_step_gamma_poisson","growth"
"growth_increment_110",4.8,4.66589594078436,0.615357227281103,3.50478905260045,4.61096649125119,5.86250093340142,TRUE,-0.217928795292066,"rich_design",4,"one_step_gamma_poisson","growth"
"growth_sd.log_growth_sd",4.5,6.60089520280067,0.370570398572104,5.93830090586423,6.6210274664127,7.36025599695691,FALSE,5.66935516408197,"rich_design",4,"one_step_gamma_poisson","growth"
"recruitment_50",0.019387103915861,0.042461028088026,0.012275357929542,0.0232713596242771,0.0408378767192092,0.0712060731436045,FALSE,1.8796946129477,"rich_design",4,"one_step_gamma_poisson","recruitment"
"recruitment_80",0.183939720585721,0.269322307948325,0.0412480571845255,0.197627196324673,0.264273289069806,0.369061370507708,FALSE,2.06997839875561,"rich_design",4,"one_step_gamma_poisson","recruitment"
"recruitment_110",1.74517147873092,1.73755586674195,0.0768228592657644,1.60711878202387,1.73594841395921,1.89095144197476,TRUE,-0.0991321080959145,"rich_design",4,"one_step_gamma_poisson","recruitment"
"recruit_mean_50",44,44.6262889181109,0.807828555983325,43.070216931094,44.6698472095742,46.1572249530433,TRUE,0.77527454739272,"rich_design",4,"one_step_gamma_poisson","recruit_size"
"recruit_mean_80",44.6,44.8816464420198,0.441076877214859,44.044091144237,44.891081718106,45.6848038557305,TRUE,0.63854274973167,"rich_design",4,"one_step_gamma_poisson","recruit_size"
"recruit_mean_110",45.2,45.1370039659289,0.12844961718413,44.8734024198184,45.1392297530882,45.3804086064819,TRUE,-0.490433801611115,"rich_design",4,"one_step_gamma_poisson","recruit_size"
"recruit_sd.log_recruit_sd",3.5,3.31801838164887,0.100879150333139,3.13216301321933,3.3084450484049,3.51622037527511,TRUE,-1.80395669224176,"rich_design",4,"one_step_gamma_poisson","recruit_size"
"lambda",1.03119869581319,1.02399704109395,0.0259225291398207,0.972076460833405,1.02288710474069,1.075467696886,TRUE,-0.277814509548704,"rich_design",4,"one_step_gamma_poisson","lambda"
"survival_50",0.354343693774205,0.427361938530161,0.0188258735935803,0.39391291412502,0.426696784907536,0.463271657552198,FALSE,3.8786112311333,"rich_design",4,"one_step_shared_gamma_poisson","survival"
"survival_80",0.589040434058665,0.626588603850359,0.025605476052495,0.57486647279242,0.628189458127007,0.673900909510941,TRUE,1.4664117048523,"rich_design",4,"one_step_shared_gamma_poisson","survival"
"survival_110",0.789181706522253,0.789504151584634,0.0301209155326716,0.726650997744594,0.792169396753544,0.840095076000237,TRUE,0.0107050219649207,"rich_design",4,"one_step_shared_gamma_poisson","survival"
"growth_increment_50",12,9.78822631141214,0.600185737802956,8.67861288030968,9.74071044005312,11.0557838306484,FALSE,-3.68514869527606,"rich_design",4,"one_step_shared_gamma_poisson","growth"
"growth_increment_80",8.4,7.19734926900743,0.486074464897024,6.32189750385695,7.17747976702888,8.19737927631418,FALSE,-2.47421088299166,"rich_design",4,"one_step_shared_gamma_poisson","growth"
"growth_increment_110",4.8,4.6064722266027,0.562251531861313,3.54488648264692,4.61488401468952,5.7670692487799,TRUE,-0.344201415968811,"rich_design",4,"one_step_shared_gamma_poisson","growth"
"growth_sd.log_growth_sd",4.5,6.54198479489977,0.33814570265529,5.90659709425093,6.52058141876378,7.25199912788424,FALSE,6.0387719816194,"rich_design",4,"one_step_shared_gamma_poisson","growth"
"recruitment_50",0.019387103915861,0.0324748458078096,0.00766179135947604,0.0210830073635821,0.0309102943659714,0.0513158055359424,FALSE,1.70818301855241,"rich_design",4,"one_step_shared_gamma_poisson","recruitment"
"recruitment_80",0.183939720585721,0.234595428869942,0.0303381002104454,0.186766779158839,0.229190993134697,0.301712697568404,FALSE,1.66970601101714,"rich_design",4,"one_step_shared_gamma_poisson","recruitment"
"recruitment_110",1.74517147873092,1.71312178878903,0.0738017669499154,1.58059707975343,1.71398263599707,1.84888629588775,TRUE,-0.434267244084247,"rich_design",4,"one_step_shared_gamma_poisson","recruitment"
"recruit_mean_50",44,44.5825139389537,0.611034877877973,43.4266798670796,44.5637622348454,45.8495176285851,TRUE,0.953323550002128,"rich_design",4,"one_step_shared_gamma_poisson","recruit_size"
"recruit_mean_80",44.6,44.8531106902739,0.3406415380126,44.2096567851151,44.8360049956149,45.5792522111143,TRUE,0.743041179741526,"rich_design",4,"one_step_shared_gamma_poisson","recruit_size"
"recruit_mean_110",45.2,45.123707441594,0.101820247524672,44.932039587845,45.1213662045805,45.3464572025442,TRUE,-0.749286711245461,"rich_design",4,"one_step_shared_gamma_poisson","recruit_size"
"recruit_sd.log_recruit_sd",3.5,3.350284015808,0.077331668967988,3.19121657296392,3.34568716837302,3.49748294497136,FALSE,-1.9360242212538,"rich_design",4,"one_step_shared_gamma_poisson","recruit_size"
"lambda",1.03119869581319,1.02892558097159,0.032632828809163,0.957939553824482,1.03104133536394,1.08528026784498,TRUE,-0.0696573029231477,"rich_design",4,"one_step_shared_gamma_poisson","lambda"
"survival_50",0.354343693774205,0.435004588104096,0.0184978396157325,0.398077609247177,0.435307031449857,0.471783502880021,FALSE,4.36055755728842,"rich_design",4,"one_step_gamma_poisson_shape_informed","survival"
"survival_80",0.589040434058665,0.623532904303513,0.0192209129376176,0.586186650950301,0.624257899665312,0.659378948848649,TRUE,1.79452819732314,"rich_design",4,"one_step_gamma_poisson_shape_informed","survival"
"survival_110",0.789181706522253,0.780165728494221,0.0249647755014831,0.727354097926652,0.779990653868174,0.828830226186202,TRUE,-0.361147971368559,"rich_design",4,"one_step_gamma_poisson_shape_informed","survival"
"growth_increment_50",12,10.0487896687352,0.658488941737104,8.71795381114868,10.0712172921211,11.3879248138973,FALSE,-2.96316339970341,"rich_design",4,"one_step_gamma_poisson_shape_informed","growth"
"growth_increment_80",8.4,7.36142753032004,0.509653647281803,6.38708397539677,7.36871490133868,8.39228602950006,FALSE,-2.03780052437395,"rich_design",4,"one_step_gamma_poisson_shape_informed","growth"
"growth_increment_110",4.8,4.6740653919049,0.583333481348243,3.47030344712809,4.67815000100958,5.8246993187872,TRUE,-0.215887844812252,"rich_design",4,"one_step_gamma_poisson_shape_informed","growth"
"growth_sd.log_growth_sd",4.5,6.62111888127612,0.329945640976867,5.99187229006242,6.60198511677872,7.27027772175969,FALSE,6.42869193542349,"rich_design",4,"one_step_gamma_poisson_shape_informed","growth"
"recruitment_50",0.019387103915861,0.0374998438544611,0.00918284711419319,0.0222994426028328,0.0367369222105061,0.0582483628239739,FALSE,1.97245360979654,"rich_design",4,"one_step_gamma_poisson_shape_informed","recruitment"
"recruitment_80",0.183939720585721,0.252607192129438,0.0337605272789597,0.192043958114614,0.248946219392911,0.323433707665898,FALSE,2.03395731874461,"rich_design",4,"one_step_gamma_poisson_shape_informed","recruitment"
"recruitment_110",1.74517147873092,1.72323083482435,0.0683262405805826,1.59616379381835,1.71719799218792,1.86373599452734,TRUE,-0.321115924425824,"rich_design",4,"one_step_gamma_poisson_shape_informed","recruitment"
"recruit_mean_50",44,44.575049350785,0.835035536157739,42.9353416466489,44.6048155265487,46.1810441844758,TRUE,0.688652549364569,"rich_design",4,"one_step_gamma_poisson_shape_informed","recruit_size"
"recruit_mean_80",44.6,44.8488215008973,0.456365049381982,43.9885664199303,44.8330738849568,45.7098307118096,TRUE,0.545224708233685,"rich_design",4,"one_step_gamma_poisson_shape_informed","recruit_size"
"recruit_mean_110",45.2,45.1225936510096,0.132481991868917,44.8786755026217,45.120504600083,45.3864272659905,TRUE,-0.584278269811653,"rich_design",4,"one_step_gamma_poisson_shape_informed","recruit_size"
"recruit_sd.log_recruit_sd",3.5,3.31440917859557,0.10279427764283,3.12028292733286,3.31534890986625,3.51314593725839,TRUE,-1.8054586856409,"rich_design",4,"one_step_gamma_poisson_shape_informed","recruit_size"
"lambda",1.03119869581319,1.02406470080225,0.0237864113538203,0.9753821264382,1.02412544022468,1.06923297488695,TRUE,-0.299918928703754,"rich_design",4,"one_step_gamma_poisson_shape_informed","lambda"
"survival_50",0.354343693774205,0.444022013099702,0.0193137633839243,0.405203764569891,0.444877153891991,0.481915400890648,FALSE,4.64323381947098,"rich_design",4,"one_step_gamma_poisson_fixed_recruitment_slope","survival"
"survival_80",0.589040434058665,0.631277999567804,0.0209555600689762,0.589368708258467,0.633007055675237,0.67152545720191,FALSE,2.01557798360491,"rich_design",4,"one_step_gamma_poisson_fixed_recruitment_slope","survival"
"survival_110",0.789181706522253,0.785073248278937,0.0270174997019763,0.722151735694575,0.78687736537934,0.83442684715264,TRUE,-0.152066560141968,"rich_design",4,"one_step_gamma_poisson_fixed_recruitment_slope","survival"
"growth_increment_50",12,9.69954529121634,0.68849129647828,8.257626160457,9.68176180066547,11.0620843783443,FALSE,-3.3412981697093,"rich_design",4,"one_step_gamma_poisson_fixed_recruitment_slope","growth"
"growth_increment_80",8.4,7.15961841660657,0.535936801501208,6.11023855029253,7.1581109857804,8.23144733847519,FALSE,-2.31441763267425,"rich_design",4,"one_step_gamma_poisson_fixed_recruitment_slope","growth"
"growth_increment_110",4.8,4.6196915419968,0.613734004705231,3.42128940951164,4.63616506008297,5.71034760560785,TRUE,-0.293789258246828,"rich_design",4,"one_step_gamma_poisson_fixed_recruitment_slope","growth"
"growth_sd.log_growth_sd",4.5,6.71184767677684,0.35481832807439,6.04855222175422,6.71298008100197,7.3582273074401,FALSE,6.23374696786551,"rich_design",4,"one_step_gamma_poisson_fixed_recruitment_slope","growth"
"recruitment_50",0.019387103915861,0.0177306678977277,0.000772940562982842,0.0163060215914049,0.0176517815763008,0.0193472431216274,FALSE,-2.14303155696854,"rich_design",4,"one_step_gamma_poisson_fixed_recruitment_slope","recruitment"
"recruitment_80",0.183939720585721,0.168223893215843,0.00733345587878744,0.154707225401208,0.167475440637042,0.183561531899805,FALSE,-2.14303155696854,"rich_design",4,"one_step_gamma_poisson_fixed_recruitment_slope","recruitment"
"recruitment_110",1.74517147873092,1.5960638601957,0.0695778921455257,1.46782128658264,1.588962739842,1.74158332438265,FALSE,-2.14303155696856,"rich_design",4,"one_step_gamma_poisson_fixed_recruitment_slope","recruitment"
"recruit_mean_50",44,44.0392986792627,0.872976382026124,42.2673938033698,44.0432356127295,45.948820417258,TRUE,0.0450168871366963,"rich_design",4,"one_step_gamma_poisson_fixed_recruitment_slope","recruit_size"
"recruit_mean_80",44.6,44.5203072466658,0.500590631012349,43.4340572317204,44.5256303641569,45.6001363606511,TRUE,-0.15919745276298,"rich_design",4,"one_step_gamma_poisson_fixed_recruitment_slope","recruit_size"
"recruit_mean_110",45.2,45.0013158140689,0.16425445438103,44.6895794586356,44.9960821429127,45.3577606711538,TRUE,-1.20961216351653,"rich_design",4,"one_step_gamma_poisson_fixed_recruitment_slope","recruit_size"
"recruit_sd.log_recruit_sd",3.5,3.26535693362881,0.102143411776803,3.0725108129231,3.25773262973652,3.4907001735629,FALSE,-2.29719237187723,"rich_design",4,"one_step_gamma_poisson_fixed_recruitment_slope","recruit_size"
"lambda",1.03119869581319,1.04116635875404,0.0278022304294356,0.985155050068925,1.04234714377256,1.09243155518745,TRUE,0.358520262111461,"rich_design",4,"one_step_gamma_poisson_fixed_recruitment_slope","lambda"
"survival_50",0.354343693774205,0.334838062646307,0.0218731008789817,0.297595454969237,0.334443414900034,0.379577726400117,TRUE,-0.891763414607614,"standard",5,"recursive_gamma_poisson","survival"
"survival_80",0.589040434058665,0.616429440161063,0.0219352069449092,0.575269972225001,0.616298316042288,0.658377907995716,TRUE,1.24863221811337,"standard",5,"recursive_gamma_poisson","survival"
"survival_110",0.789181706522253,0.835701698672436,0.0260212821947955,0.781561902454416,0.837446396512886,0.883814672668902,TRUE,1.78776709779074,"standard",5,"recursive_gamma_poisson","survival"
"growth_increment_50",12,13.8998358761334,0.951797958370518,11.9780344346762,14.0131213873837,15.5442667494692,TRUE,1.99604953911223,"standard",5,"recursive_gamma_poisson","growth"
"growth_increment_80",8.4,9.89190995221052,0.619200547110156,8.6537478157876,9.95175763279837,11.0413569212471,FALSE,2.40941316859836,"standard",5,"recursive_gamma_poisson","growth"
"growth_increment_110",4.8,5.88398402828761,0.538806908660675,4.82732205436355,5.88748915665315,6.92762160726873,FALSE,2.01182280862377,"standard",5,"recursive_gamma_poisson","growth"
"growth_sd.log_growth_sd",4.5,4.21218270248588,0.594253364794149,3.1476069426112,4.19878689462945,5.43871517984557,TRUE,-0.484334316918538,"standard",5,"recursive_gamma_poisson","growth"
"recruitment_50",0.019387103915861,0.0673443750134539,0.0241892786865495,0.0279046948422375,0.063497487576956,0.115774447649711,FALSE,1.98258376031112,"standard",5,"recursive_gamma_poisson","recruitment"
"recruitment_80",0.183939720585721,0.355778222017643,0.0610842418842151,0.24058539919896,0.354324764763034,0.483807729321622,FALSE,2.81313962703575,"standard",5,"recursive_gamma_poisson","recruitment"
"recruitment_110",1.74517147873092,1.95217268488177,0.143835917462304,1.66907504072344,1.94884206662692,2.22110155289783,TRUE,1.43914823086591,"standard",5,"recursive_gamma_poisson","recruitment"
"recruit_mean_50",44,46.1404597641048,1.5766324370133,43.1417025889249,46.0978544203973,49.4386711782693,TRUE,1.35761494807223,"standard",5,"recursive_gamma_poisson","recruit_size"
"recruit_mean_80",44.6,45.9800076116743,0.787063189643183,44.4227984266463,46.0056103502435,47.6620845529178,TRUE,1.75336317316519,"standard",5,"recursive_gamma_poisson","recruit_size"
"recruit_mean_110",45.2,45.8195554592438,0.249975174905158,45.326192671281,45.8221751962224,46.3064727681821,FALSE,2.47846794978269,"standard",5,"recursive_gamma_poisson","recruit_size"
"recruit_sd.log_recruit_sd",3.5,3.75887808957224,0.190482376177468,3.38792417195683,3.75557004322208,4.1235791351691,TRUE,1.35906583468411,"standard",5,"recursive_gamma_poisson","recruit_size"
"lambda",1.03119869581319,1.08835124826027,0.017068419513791,1.05213518428852,1.08937774880693,1.11908022028138,FALSE,3.34843846560596,"standard",5,"recursive_gamma_poisson","lambda"
"survival_50",0.354343693774205,0.353622163563536,0.0313775056479744,0.297050579197331,0.351067859335097,0.411274271043157,TRUE,-0.0229951424043601,"standard",5,"one_step_gamma_poisson","survival"
"survival_80",0.589040434058665,0.614202496067662,0.0428658074722136,0.526200591405687,0.61507864276796,0.697570302359849,TRUE,0.586996104653041,"standard",5,"one_step_gamma_poisson","survival"
"survival_110",0.789181706522253,0.818379464924655,0.0512076981366058,0.70695608046821,0.823449751692475,0.898046984547318,TRUE,0.57018298937225,"standard",5,"one_step_gamma_poisson","survival"
"growth_increment_50",12,12.9119566373312,1.36530814945664,10.2323377100997,12.9718131928332,15.3870487550594,TRUE,0.667949310706277,"standard",5,"one_step_gamma_poisson","growth"
"growth_increment_80",8.4,8.61075703170918,0.985160332385751,6.68987623010566,8.65455626366388,10.56348524391,TRUE,0.213931707135212,"standard",5,"one_step_gamma_poisson","growth"
"growth_increment_110",4.8,4.30955742608714,1.00058534029111,2.24192296093722,4.35115275666549,6.18361921198375,TRUE,-0.490155666052608,"standard",5,"one_step_gamma_poisson","growth"
"growth_sd.log_growth_sd",4.5,5.5358597603975,0.858330864449759,3.97750094169156,5.47577402885281,7.43296888269204,TRUE,1.20683037660721,"standard",5,"one_step_gamma_poisson","growth"
"recruitment_50",0.019387103915861,0.622387600186795,0.0466813504057723,0.531272404064657,0.622235185055287,0.711098103072476,FALSE,12.9173747337946,"standard",5,"one_step_gamma_poisson","recruitment"
"recruitment_80",0.183939720585721,0.273573583108088,0.32411648505043,0.0274608678736273,0.180894133328939,1.13719777279212,TRUE,0.27654829870323,"standard",5,"one_step_gamma_poisson","recruitment"
"recruitment_110",1.74517147873092,0.302369189250585,1.35281432747314,0.00120654119327581,0.0521248719388602,2.14094790356573,TRUE,-1.06651907817629,"standard",5,"one_step_gamma_poisson","recruitment"
"recruit_mean_50",44,45.664103836624,0.29452807356676,45.0814650256221,45.659127917245,46.2256658723831,FALSE,5.65006865549891,"standard",5,"one_step_gamma_poisson","recruit_size"
"recruit_mean_80",44.6,46.1468230196111,2.53459446818807,41.4508694793887,46.103819113566,51.162439969093,TRUE,0.610284224567449,"standard",5,"one_step_gamma_poisson","recruit_size"
"recruit_mean_110",45.2,46.6295422025982,5.08112865889077,37.4785311776232,46.6244603692173,56.8352054877666,TRUE,0.281343437367366,"standard",5,"one_step_gamma_poisson","recruit_size"
"recruit_sd.log_recruit_sd",3.5,3.65014626963347,0.223657730029268,3.24045184547325,3.64375883890552,4.12540358153786,TRUE,0.671321619931603,"standard",5,"one_step_gamma_poisson","recruit_size"
"lambda",1.03119869581319,1.0288416955342,0.084846026127892,0.931012911208442,1.00950810782884,1.24320664143752,TRUE,-0.0277797368546429,"standard",5,"one_step_gamma_poisson","lambda"
"survival_50",0.354343693774205,0.36323251170634,0.0364405557184373,0.295690294709165,0.36427537702525,0.425259350642688,TRUE,0.243926519694589,"standard",5,"one_step_shared_gamma_poisson","survival"
"survival_80",0.589040434058665,0.62525616743826,0.0576604448159687,0.510303446814787,0.626343045479886,0.725519698118145,TRUE,0.628086264252416,"standard",5,"one_step_shared_gamma_poisson","survival"
"survival_110",0.789181706522253,0.824138157287186,0.0616371896272901,0.686210478840098,0.83023522655711,0.920806686771345,TRUE,0.567132456497592,"standard",5,"one_step_shared_gamma_poisson","survival"
"growth_increment_50",12,12.3101398683822,1.39414784314561,9.4106924073655,12.3357679263974,15.0455964452474,TRUE,0.2224583783614,"standard",5,"one_step_shared_gamma_poisson","growth"
"growth_increment_80",8.4,8.28202019614321,0.975878029689202,6.3609158236925,8.29690219627243,10.1603362872916,TRUE,-0.120896054903871,"standard",5,"one_step_shared_gamma_poisson","growth"
"growth_increment_110",4.8,4.25390052390422,0.969789648127064,2.46122000810273,4.30423643544101,6.17277526096427,TRUE,-0.56311126557234,"standard",5,"one_step_shared_gamma_poisson","growth"
"growth_sd.log_growth_sd",4.5,5.77138125793155,0.95023496504918,4.10955044271488,5.66463324436545,7.84945658753669,TRUE,1.33796513988069,"standard",5,"one_step_shared_gamma_poisson","growth"
"recruitment_50",0.019387103915861,0.408689812017856,0.176641436969005,0.163923790531949,0.377274136350583,0.82428865488875,FALSE,2.20391497477631,"standard",5,"one_step_shared_gamma_poisson","recruitment"
"recruitment_80",0.183939720585721,0.536652611045223,0.0825982849719921,0.38359996022311,0.533676017514737,0.705785937451079,FALSE,4.27022050856263,"standard",5,"one_step_shared_gamma_poisson","recruitment"
"recruitment_110",1.74517147873092,0.955308222821552,0.751668594584164,0.188250846624907,0.718474960746191,2.72553838547326,TRUE,-1.05081316633474,"standard",5,"one_step_shared_gamma_poisson","recruitment"
"recruit_mean_50",44,45.4473733203939,0.871354038438997,43.7526287653529,45.4015116460547,47.2195894198497,TRUE,1.66106227382249,"standard",5,"one_step_shared_gamma_poisson","recruit_size"
"recruit_mean_80",44.6,45.6701215778963,0.425072111216705,44.8060775804325,45.6809316381114,46.4831958588112,FALSE,2.51750597053567,"standard",5,"one_step_shared_gamma_poisson","recruit_size"
"recruit_mean_110",45.2,45.8928698353986,1.50758098087089,42.8170149846102,45.9634984853988,48.6872646491563,TRUE,0.459590459278888,"standard",5,"one_step_shared_gamma_poisson","recruit_size"
"recruit_sd.log_recruit_sd",3.5,3.63079752545415,0.200906325533903,3.25313092629327,3.6390819054729,4.01387850539243,TRUE,0.651037368318565,"standard",5,"one_step_shared_gamma_poisson","recruit_size"
"lambda",1.03119869581319,1.01656968264108,0.0875650920055283,0.891678629740245,1.00633752068183,1.20326049614284,TRUE,-0.167064441286558,"standard",5,"one_step_shared_gamma_poisson","lambda"
"survival_50",0.354343693774205,0.382727144814387,0.0439518239474122,0.296613808236908,0.381355583586141,0.468967680540194,TRUE,0.645785509928837,"standard",5,"one_step_gamma_poisson_shape_informed","survival"
"survival_80",0.589040434058665,0.639178962398774,0.0510839152928667,0.538712508787795,0.641235843345758,0.731285781953846,TRUE,0.981493451562235,"standard",5,"one_step_gamma_poisson_shape_informed","survival"
"survival_110",0.789181706522253,0.830000320472648,0.0571714678695148,0.708719576801389,0.839250488672156,0.913123587933473,TRUE,0.713968268989656,"standard",5,"one_step_gamma_poisson_shape_informed","survival"
"growth_increment_50",12,11.5321394661016,2.01370484889007,7.53525871595788,11.5409407224661,15.3033244500768,TRUE,-0.232338187076557,"standard",5,"one_step_gamma_poisson_shape_informed","growth"
"growth_increment_80",8.4,7.77417947684856,1.31230087111178,5.13733534300635,7.79963964116173,10.318226492536,TRUE,-0.476887988820162,"standard",5,"one_step_gamma_poisson_shape_informed","growth"
"growth_increment_110",4.8,4.01621948759549,1.04598543205156,1.83425443646959,4.03922483900515,6.02629385055452,TRUE,-0.749322589385616,"standard",5,"one_step_gamma_poisson_shape_informed","growth"
"growth_sd.log_growth_sd",4.5,6.17418124959999,1.08737904140282,4.3694618266827,6.0851055291375,8.4118495830464,TRUE,1.53964826049998,"standard",5,"one_step_gamma_poisson_shape_informed","growth"
"recruitment_50",0.019387103915861,0.0800287319986723,0.0406420592607666,0.0285717867838383,0.0715162532462648,0.17775889174154,FALSE,1.49209043994853,"standard",5,"one_step_gamma_poisson_shape_informed","recruitment"
"recruitment_80",0.183939720585721,0.358507356254613,0.0890259764806802,0.214998009963333,0.348438461352721,0.561244315757116,FALSE,1.96086179079176,"standard",5,"one_step_gamma_poisson_shape_informed","recruitment"
"recruitment_110",1.74517147873092,1.71232793714664,0.180607112776748,1.38554339872364,1.70333403686262,2.09888724883702,TRUE,-0.181850764786234,"standard",5,"one_step_gamma_poisson_shape_informed","recruitment"
"recruit_mean_50",44,45.3984100209825,1.89867671564414,41.6228497383454,45.3950933929786,49.2779653609531,TRUE,0.736518233704711,"standard",5,"one_step_gamma_poisson_shape_informed","recruit_size"
"recruit_mean_80",44.6,45.456638375149,0.913581258350414,43.6918853557637,45.489254485726,47.2078695480623,TRUE,0.937670696852728,"standard",5,"one_step_gamma_poisson_shape_informed","recruit_size"
"recruit_mean_110",45.2,45.5148667293155,0.366832000077404,44.7734766890878,45.5243214099337,46.2041483393712,TRUE,0.858340409912636,"standard",5,"one_step_gamma_poisson_shape_informed","recruit_size"
"recruit_sd.log_recruit_sd",3.5,3.52972233670394,0.240869220584228,3.09425936578963,3.51231837206023,4.01438324031059,TRUE,0.123396159259579,"standard",5,"one_step_gamma_poisson_shape_informed","recruit_size"
"lambda",1.03119869581319,1.03007250984543,0.0508314789831212,0.917123556670306,1.0356634912635,1.11569198171451,TRUE,-0.0221552862575001,"standard",5,"one_step_gamma_poisson_shape_informed","lambda"
"survival_50",0.354343693774205,0.416332778235085,0.0661212874709595,0.290232895740899,0.416337746555597,0.54143507420837,TRUE,0.937505708552722,"standard",5,"one_step_gamma_poisson_fixed_recruitment_slope","survival"
"survival_80",0.589040434058665,0.661509181742859,0.0593483492275907,0.550475819974417,0.663497113366164,0.765892052834221,TRUE,1.22107436225882,"standard",5,"one_step_gamma_poisson_fixed_recruitment_slope","survival"
"survival_110",0.789181706522253,0.839057146754539,0.055805162621695,0.714058375482127,0.847825263419641,0.922280654783426,TRUE,0.893742404630079,"standard",5,"one_step_gamma_poisson_fixed_recruitment_slope","survival"
"growth_increment_50",12,9.79135121405842,2.80981358461936,4.84131575585597,9.67898490191882,15.5040872188478,TRUE,-0.786048155661113,"standard",5,"one_step_gamma_poisson_fixed_recruitment_slope","growth"
"growth_increment_80",8.4,6.67142999260749,1.78637971502011,3.56419540210889,6.52363082394066,10.2804864997577,TRUE,-0.967638622885421,"standard",5,"one_step_gamma_poisson_fixed_recruitment_slope","growth"
"growth_increment_110",4.8,3.55591955117462,1.24213694019117,1.09843931491934,3.51028533212809,6.18490085696299,TRUE,-1.00156464925188,"standard",5,"one_step_gamma_poisson_fixed_recruitment_slope","growth"
"growth_sd.log_growth_sd",4.5,6.75868870489633,1.12998199170952,4.85842206964797,6.66093690105875,9.19776288471336,FALSE,1.99887141694995,"standard",5,"one_step_gamma_poisson_fixed_recruitment_slope","growth"
"recruitment_50",0.019387103915861,0.0175995577065633,0.00254985777970394,0.0132820243628326,0.017374556876237,0.023588930106799,TRUE,-0.701037612186064,"standard",5,"one_step_gamma_poisson_fixed_recruitment_slope","recruitment"
"recruitment_80",0.183939720585721,0.16697995435662,0.0241923770341147,0.126016338526634,0.164845205915523,0.223805537515633,TRUE,-0.701037612186064,"standard",5,"one_step_gamma_poisson_fixed_recruitment_slope","recruitment"
"recruitment_110",1.74517147873092,1.58426169690282,0.229530882553267,1.19560973100583,1.56400776761661,2.12340781866255,TRUE,-0.701037612186059,"standard",5,"one_step_gamma_poisson_fixed_recruitment_slope","recruitment"
"recruit_mean_50",44,45.034061962027,2.3164374125571,40.3850224203733,45.0527387014632,49.813502544744,TRUE,0.446401856757067,"standard",5,"one_step_gamma_poisson_fixed_recruitment_slope","recruit_size"
"recruit_mean_80",44.6,45.1667851799897,1.26561274225946,42.8416180210853,45.1616290470155,47.8725906954001,TRUE,0.44783460300648,"standard",5,"one_step_gamma_poisson_fixed_recruitment_slope","recruit_size"
"recruit_mean_110",45.2,45.2995083979525,0.365067989342498,44.5782458696241,45.2908065131194,46.0195849485927,TRUE,0.272574974682725,"standard",5,"one_step_gamma_poisson_fixed_recruitment_slope","recruit_size"
"recruit_sd.log_recruit_sd",3.5,3.37977069083331,0.338283145845016,2.79021375652507,3.37240229652124,4.08468055876926,TRUE,-0.355410284678413,"standard",5,"one_step_gamma_poisson_fixed_recruitment_slope","recruit_size"
"lambda",1.03119869581319,1.04657759697814,0.0498946084727357,0.938235246393018,1.04908649618809,1.13670450572477,TRUE,0.308227715091776,"standard",5,"one_step_gamma_poisson_fixed_recruitment_slope","lambda"
"survival_50",0.354343693774205,0.353605054503611,0.0155302435774921,0.322843830279899,0.353493186680338,0.382685218524114,TRUE,-0.0475613448628631,"dense_profiles",5,"recursive_gamma_poisson","survival"
"survival_80",0.589040434058665,0.583674133006069,0.0149753822269597,0.553512866311031,0.582793959091292,0.613442796611141,TRUE,-0.358341508167669,"dense_profiles",5,"recursive_gamma_poisson","survival"
"survival_110",0.789181706522253,0.781883953811633,0.0194405388203952,0.743483242360795,0.782799505889087,0.817685447789669,TRUE,-0.375388397309438,"dense_profiles",5,"recursive_gamma_poisson","survival"
"growth_increment_50",12,12.7937512696334,0.855355379607693,11.1212588392939,12.7789140798883,14.441610467895,TRUE,0.927978345091431,"dense_profiles",5,"recursive_gamma_poisson","growth"
"growth_increment_80",8.4,8.73744210103347,0.611369641655443,7.61966372805899,8.75920673078406,9.94237028047875,TRUE,0.551944483405745,"dense_profiles",5,"recursive_gamma_poisson","growth"
"growth_increment_110",4.8,4.68113293243352,0.490106674425181,3.72102680424356,4.67223479046188,5.58363676112918,TRUE,-0.242533052025658,"dense_profiles",5,"recursive_gamma_poisson","growth"
"growth_sd.log_growth_sd",4.5,6.05479828422724,0.639866271943513,4.928882076465,6.00809106898289,7.28632974740701,FALSE,2.42988004275447,"dense_profiles",5,"recursive_gamma_poisson","growth"
"recruitment_50",0.019387103915861,0.0133567749257806,0.00699077002039664,0.00463676548297291,0.0121650902105354,0.0295448541203824,TRUE,-0.862612984333057,"dense_profiles",5,"recursive_gamma_poisson","recruitment"
"recruitment_80",0.183939720585721,0.139676547837127,0.0398097442634994,0.0790883562962909,0.135308303912948,0.223891154286053,TRUE,-1.11186779939148,"dense_profiles",5,"recursive_gamma_poisson","recruitment"
"recruitment_110",1.74517147873092,1.53131438773002,0.120452139214237,1.31494343129185,1.53194320529571,1.76012596783311,TRUE,-1.77545282629253,"dense_profiles",5,"recursive_gamma_poisson","recruitment"
"recruit_mean_50",44,44.1572723458238,1.67902587188026,40.8047636748687,44.2647385951306,47.2616216871937,TRUE,0.0936688043095098,"dense_profiles",5,"recursive_gamma_poisson","recruit_size"
"recruit_mean_80",44.6,44.7746767570954,0.998148042348175,42.7592906859965,44.8384241969242,46.6510441078096,TRUE,0.175000851260945,"dense_profiles",5,"recursive_gamma_poisson","recruit_size"
"recruit_mean_110",45.2,45.392081168367,0.346990964610987,44.6808303861354,45.3942855905931,46.0999092695937,TRUE,0.553562449622707,"dense_profiles",5,"recursive_gamma_poisson","recruit_size"
"recruit_sd.log_recruit_sd",3.5,3.65155538851644,0.138651521236057,3.37949908449566,3.65124119013242,3.90431589849111,TRUE,1.09306690013461,"dense_profiles",5,"recursive_gamma_poisson","recruit_size"
"lambda",1.03119869581319,1.0395823312357,0.0115986931829406,1.01709412976745,1.03883330232418,1.06438920332142,TRUE,0.72280862078838,"dense_profiles",5,"recursive_gamma_poisson","lambda"
"survival_50",0.354343693774205,0.352572735041709,0.0198965464239162,0.314442286573659,0.352235920211247,0.393480582740491,TRUE,-0.089008348221011,"dense_profiles",5,"one_step_gamma_poisson","survival"
"survival_80",0.589040434058665,0.580806502007249,0.0228816351714216,0.534731668202513,0.580993064262341,0.627919709157673,TRUE,-0.359848935171366,"dense_profiles",5,"one_step_gamma_poisson","survival"
"survival_110",0.789181706522253,0.778006178305697,0.0302553279697114,0.710051733624655,0.778243415991646,0.832192998005576,TRUE,-0.36937389102982,"dense_profiles",5,"one_step_gamma_poisson","survival"
"growth_increment_50",12,13.0880900709214,0.918789138837677,11.2488390082156,13.0963688337768,14.9327156072946,TRUE,1.18426527363821,"dense_profiles",5,"one_step_gamma_poisson","growth"
"growth_increment_80",8.4,9.21133008783418,0.727312923545897,7.76360441587309,9.19754017017022,10.5996824281391,TRUE,1.11551721627422,"dense_profiles",5,"one_step_gamma_poisson","growth"
"growth_increment_110",4.8,5.33457010474693,0.760737343962038,3.97766360802576,5.32111595779841,6.98182294038966,TRUE,0.702699964698466,"dense_profiles",5,"one_step_gamma_poisson","growth"
"growth_sd.log_growth_sd",4.5,5.5163457832838,0.700230647071583,4.31766166034798,5.48589440740269,6.82641157368605,TRUE,1.45144430272258,"dense_profiles",5,"one_step_gamma_poisson","growth"
"recruitment_50",0.019387103915861,0.0214191851800441,0.00910369882222727,0.00922881848640485,0.0193160116648306,0.0424849354446938,TRUE,0.223214904607962,"dense_profiles",5,"one_step_gamma_poisson","recruitment"
"recruitment_80",0.183939720585721,0.186875483758223,0.0448355947948411,0.116148728413979,0.181178953634106,0.288524579695746,TRUE,0.0654784036196179,"dense_profiles",5,"one_step_gamma_poisson","recruitment"
"recruitment_110",1.74517147873092,1.68268054707213,0.119885825936468,1.44168492865383,1.67513497982963,1.90949480492022,TRUE,-0.521253710942461,"dense_profiles",5,"one_step_gamma_poisson","recruitment"
"recruit_mean_50",44,44.8226399751672,1.47988268073111,41.9901135644763,44.8513033674166,47.5058295496912,TRUE,0.555881885691647,"dense_profiles",5,"one_step_gamma_poisson","recruit_size"
"recruit_mean_80",44.6,45.190942325388,0.858076487025818,43.5817436832216,45.1845135954989,46.8046545309222,TRUE,0.688682575881171,"dense_profiles",5,"one_step_gamma_poisson","recruit_size"
"recruit_mean_110",45.2,45.5592446756089,0.284986003568211,44.9950621632103,45.5552586741156,46.0812730691125,TRUE,1.26056954064726,"dense_profiles",5,"one_step_gamma_poisson","recruit_size"
"recruit_sd.log_recruit_sd",3.5,3.71718337883529,0.137656384459191,3.43709289632532,3.71908104959557,3.98424663465382,TRUE,1.57772107475096,"dense_profiles",5,"one_step_gamma_poisson","recruit_size"
"lambda",1.03119869581319,1.04904768247463,0.0336993713512625,0.988943747258395,1.04966804996967,1.11764656850725,TRUE,0.529653401406056,"dense_profiles",5,"one_step_gamma_poisson","lambda"
"survival_50",0.354343693774205,0.354858543641747,0.0220997492276364,0.314185794465681,0.355142784392601,0.399178122966475,TRUE,0.0232966384477702,"dense_profiles",5,"one_step_shared_gamma_poisson","survival"
"survival_80",0.589040434058665,0.590242783301037,0.0334343635383015,0.524561450051194,0.590051331834383,0.648820172262589,TRUE,0.035961481396053,"dense_profiles",5,"one_step_shared_gamma_poisson","survival"
"survival_110",0.789181706522253,0.788800778772993,0.0382371011922713,0.699309507109037,0.791399814643526,0.850493169222611,TRUE,-0.00996225491425219,"dense_profiles",5,"one_step_shared_gamma_poisson","survival"
"growth_increment_50",12,12.652105381363,0.785501871878312,11.0903498622257,12.6743500842992,14.0453913708654,TRUE,0.830176737585233,"dense_profiles",5,"one_step_shared_gamma_poisson","growth"
"growth_increment_80",8.4,8.87943319356493,0.652285162738074,7.51990920160962,8.88826013390708,10.0367518420772,TRUE,0.735005517452572,"dense_profiles",5,"one_step_shared_gamma_poisson","growth"
"growth_increment_110",4.8,5.10676100576685,0.731461557298176,3.6690896293753,5.14371402511016,6.56169886532443,TRUE,0.419380899387166,"dense_profiles",5,"one_step_shared_gamma_poisson","growth"
"growth_sd.log_growth_sd",4.5,5.77768813191117,0.667512434714712,4.62013299310944,5.70782224123771,7.24859651037249,FALSE,1.91410386603096,"dense_profiles",5,"one_step_shared_gamma_poisson","growth"
"recruitment_50",0.019387103915861,0.0228435429350847,0.00753484910789703,0.0116973824976049,0.0218945658991738,0.0411254277561105,TRUE,0.458727038820334,"dense_profiles",5,"one_step_shared_gamma_poisson","recruitment"
"recruitment_80",0.183939720585721,0.195216639810698,0.036305931211538,0.13167414048421,0.195171382687266,0.278439496979749,TRUE,0.31060818022464,"dense_profiles",5,"one_step_shared_gamma_poisson","recruitment"
"recruitment_110",1.74517147873092,1.70032416268646,0.103067668421131,1.49257183532325,1.7003218918561,1.92593148466892,TRUE,-0.435124969172791,"dense_profiles",5,"one_step_shared_gamma_poisson","recruitment"
"recruit_mean_50",44,44.7453855658951,1.06018592169918,42.6420864035154,44.6901657211968,46.872699965457,TRUE,0.703070613030276,"dense_profiles",5,"one_step_shared_gamma_poisson","recruit_size"
"recruit_mean_80",44.6,45.1302696615671,0.610846987726842,43.9322336585484,45.1028490272715,46.334831009926,TRUE,0.86808918145016,"dense_profiles",5,"one_step_shared_gamma_poisson","recruit_size"
"recruit_mean_110",45.2,45.515153757239,0.184741839700945,45.1573019843423,45.5149533311795,45.8861652571479,TRUE,1.70591436000186,"dense_profiles",5,"one_step_shared_gamma_poisson","recruit_size"
"recruit_sd.log_recruit_sd",3.5,3.65941175937126,0.103570108454925,3.45737288341028,3.66553661901543,3.85494028286022,TRUE,1.53916763967315,"dense_profiles",5,"one_step_shared_gamma_poisson","recruit_size"
"lambda",1.03119869581319,1.04890526498743,0.0442181961921964,0.966946223087464,1.04938069212036,1.12980034270665,TRUE,0.400436261517156,"dense_profiles",5,"one_step_shared_gamma_poisson","lambda"
"survival_50",0.354343693774205,0.353764552593258,0.0201739490563447,0.316479348768146,0.353439793262306,0.392107193306834,TRUE,-0.0287073779818483,"dense_profiles",5,"one_step_gamma_poisson_shape_informed","survival"
"survival_80",0.589040434058665,0.583700565193329,0.022865746808233,0.534986338647732,0.583745075718246,0.626625552407799,TRUE,-0.233531356317384,"dense_profiles",5,"one_step_gamma_poisson_shape_informed","survival"
"survival_110",0.789181706522253,0.781154646786605,0.0301592702525631,0.715594883353059,0.781320064563985,0.834517165746153,TRUE,-0.266155635346158,"dense_profiles",5,"one_step_gamma_poisson_shape_informed","survival"
"growth_increment_50",12,13.014398336295,0.912584182555616,11.1800492757886,13.0691626685415,14.8283587817242,TRUE,1.11156686219813,"dense_profiles",5,"one_step_gamma_poisson_shape_informed","growth"
"growth_increment_80",8.4,9.16369727221536,0.705778118647514,7.79728124408651,9.18240022808131,10.4477987576899,TRUE,1.08206425225939,"dense_profiles",5,"one_step_gamma_poisson_shape_informed","growth"
"growth_increment_110",4.8,5.31299620813571,0.733388818736722,3.88591895880693,5.27173576851359,6.69148537140146,TRUE,0.699487359269206,"dense_profiles",5,"one_step_gamma_poisson_shape_informed","growth"
"growth_sd.log_growth_sd",4.5,5.47669263858841,0.692189003332127,4.33304243557691,5.41769528654077,6.86703255045119,TRUE,1.41102016051499,"dense_profiles",5,"one_step_gamma_poisson_shape_informed","growth"
"recruitment_50",0.019387103915861,0.019920200445282,0.00664186864942232,0.00922164768356546,0.0192972996046172,0.0365614501780166,TRUE,0.0802630340284392,"dense_profiles",5,"one_step_gamma_poisson_shape_informed","recruitment"
"recruitment_80",0.183939720585721,0.180597761896613,0.0345014088731893,0.116150824700927,0.17930269238718,0.2549474479998,TRUE,-0.0968644121575215,"dense_profiles",5,"one_step_gamma_poisson_shape_informed","recruitment"
"recruitment_110",1.74517147873092,1.66961502628449,0.105629985231222,1.45693236160947,1.67119975575281,1.87036000526389,TRUE,-0.715293600401806,"dense_profiles",5,"one_step_gamma_poisson_shape_informed","recruitment"
"recruit_mean_50",44,44.8272679926506,1.45054424144538,42.0676847058348,44.7519236933748,47.7265458364642,TRUE,0.570315588462388,"dense_profiles",5,"one_step_gamma_poisson_shape_informed","recruit_size"
"recruit_mean_80",44.6,45.1897037168929,0.850805226168506,43.567960439399,45.1398897958634,46.8673766970516,TRUE,0.693112475987665,"dense_profiles",5,"one_step_gamma_poisson_shape_informed","recruit_size"
"recruit_mean_110",45.2,45.5521394411351,0.293844235641828,44.9876777164219,45.5420821639976,46.1207804726686,TRUE,1.19838812003888,"dense_profiles",5,"one_step_gamma_poisson_shape_informed","recruit_size"
"recruit_sd.log_recruit_sd",3.5,3.712192749601,0.134557782328415,3.46403643054019,3.70610353297046,3.98366599397381,TRUE,1.57696378410208,"dense_profiles",5,"one_step_gamma_poisson_shape_informed","recruit_size"
"lambda",1.03119869581319,1.0510389885534,0.0321814761729157,0.987793105413426,1.05169135651331,1.11145830762436,TRUE,0.616512823513767,"dense_profiles",5,"one_step_gamma_poisson_shape_informed","lambda"
"survival_50",0.354343693774205,0.352461740605466,0.0200961674651401,0.317531157096142,0.350995215222409,0.392470042271521,TRUE,-0.0936473669421293,"dense_profiles",5,"one_step_gamma_poisson_fixed_recruitment_slope","survival"
"survival_80",0.589040434058665,0.581829354835516,0.0235687519924883,0.538072471732608,0.58136824575006,0.623530301909378,TRUE,-0.305959315344626,"dense_profiles",5,"one_step_gamma_poisson_fixed_recruitment_slope","survival"
"survival_110",0.789181706522253,0.779480039992837,0.0306794317617157,0.717283742822051,0.780366640574978,0.834051391081162,TRUE,-0.316227060682487,"dense_profiles",5,"one_step_gamma_poisson_fixed_recruitment_slope","survival"
"growth_increment_50",12,13.0918368977135,0.86769933748923,11.5463810957923,13.0929210244484,14.8482058851327,TRUE,1.25831247131392,"dense_profiles",5,"one_step_gamma_poisson_fixed_recruitment_slope","growth"
"growth_increment_80",8.4,9.21884538742435,0.697649524845188,7.83026222226089,9.25333933022075,10.6861854175731,TRUE,1.17372026821928,"dense_profiles",5,"one_step_gamma_poisson_fixed_recruitment_slope","growth"
"growth_increment_110",4.8,5.3458538771352,0.762131438398934,3.89221161176149,5.33097147304982,6.83427421220324,TRUE,0.716220129013329,"dense_profiles",5,"one_step_gamma_poisson_fixed_recruitment_slope","growth"
"growth_sd.log_growth_sd",4.5,5.45984918435224,0.70923190358647,4.28042873980811,5.39462041859881,7.01198407256721,TRUE,1.35336436431926,"dense_profiles",5,"one_step_gamma_poisson_fixed_recruitment_slope","growth"
"recruitment_50",0.019387103915861,0.0184738478985727,0.000827002467089434,0.0170719720777155,0.0184223478039087,0.0201986535301982,TRUE,-1.10429660567089,"dense_profiles",5,"one_step_gamma_poisson_fixed_recruitment_slope","recruitment"
"recruitment_80",0.183939720585721,0.175274988742725,0.00784638094376134,0.161974361279053,0.174786369449006,0.191639488944651,TRUE,-1.10429660567089,"dense_profiles",5,"one_step_gamma_poisson_fixed_recruitment_slope","recruitment"
"recruitment_110",1.74517147873092,1.66296279191169,0.0744443896658451,1.53676995207856,1.65832690112833,1.8182248469216,TRUE,-1.10429660567089,"dense_profiles",5,"one_step_gamma_poisson_fixed_recruitment_slope","recruitment"
"recruit_mean_50",44,44.6530007592595,1.39642110170714,41.8299329513794,44.6183998607212,47.3681339075533,TRUE,0.46762452849013,"dense_profiles",5,"one_step_gamma_poisson_fixed_recruitment_slope","recruit_size"
"recruit_mean_80",44.6,45.0974320355682,0.81660380011071,43.4469114873557,45.065245399018,46.7423392116847,TRUE,0.609147343547402,"dense_profiles",5,"one_step_gamma_poisson_fixed_recruitment_slope","recruit_size"
"recruit_mean_110",45.2,45.5418633118769,0.282347322810845,44.9542344180847,45.5464200496698,46.0532171682971,TRUE,1.2107899889878,"dense_profiles",5,"one_step_gamma_poisson_fixed_recruitment_slope","recruit_size"
"recruit_sd.log_recruit_sd",3.5,3.70825677020166,0.124725783105816,3.46837018338671,3.71184763181848,3.94807035872759,TRUE,1.6697170786651,"dense_profiles",5,"one_step_gamma_poisson_fixed_recruitment_slope","recruit_size"
"lambda",1.03119869581319,1.05127579357668,0.0312345344694164,0.993135964266786,1.05402949665833,1.11048580669088,TRUE,0.642785240905316,"dense_profiles",5,"one_step_gamma_poisson_fixed_recruitment_slope","lambda"
"survival_50",0.354343693774205,0.349266613655582,0.00898340536109864,0.332131780914835,0.349161486863095,0.368468231345565,TRUE,-0.565162086596752,"rich_design",5,"recursive_gamma_poisson","survival"
"survival_80",0.589040434058665,0.588799670311514,0.00806281117965187,0.573125293189911,0.588956828401176,0.604143646656968,TRUE,-0.0298610176757016,"rich_design",5,"recursive_gamma_poisson","survival"
"survival_110",0.789181706522253,0.792440754730697,0.00964025857774943,0.772377246695449,0.792180982849006,0.81100520500638,TRUE,0.338066472196754,"rich_design",5,"recursive_gamma_poisson","survival"
"growth_increment_50",12,11.8655818074115,0.403128628448417,11.1138178614753,11.8704666502403,12.6572109732951,TRUE,-0.333437476534047,"rich_design",5,"recursive_gamma_poisson","growth"
"growth_increment_80",8.4,8.0872411868983,0.276068242107124,7.57218921487461,8.08978631773731,8.61662612739908,TRUE,-1.13290399038488,"rich_design",5,"recursive_gamma_poisson","growth"
"growth_increment_110",4.8,4.30890056638505,0.23116069259015,3.85829718449293,4.30432380087753,4.75739039272401,FALSE,-2.12449369359552,"rich_design",5,"recursive_gamma_poisson","growth"
"growth_sd.log_growth_sd",4.5,4.54337638316452,0.294242646842756,4.00296446453195,4.54606483782991,5.07630076408187,TRUE,0.147417050621151,"rich_design",5,"recursive_gamma_poisson","growth"
"recruitment_50",0.019387103915861,0.0141896797898667,0.00401688574551707,0.00772174811561664,0.0136674610152522,0.0237859638396057,TRUE,-1.29389394054704,"rich_design",5,"recursive_gamma_poisson","recruitment"
"recruitment_80",0.183939720585721,0.15804583546763,0.0236873511374062,0.115403121613739,0.15585058586315,0.210047046099958,TRUE,-1.0931524157296,"rich_design",5,"recursive_gamma_poisson","recruitment"
"recruitment_110",1.74517147873092,1.79057253176987,0.0663235331267137,1.66953736765325,1.78960236408663,1.92848459922653,TRUE,0.684539120559326,"rich_design",5,"recursive_gamma_poisson","recruitment"
"recruit_mean_50",44,44.1648236298307,0.883148755929753,42.5634838614647,44.1331974177379,45.8786246772893,TRUE,0.186631786235353,"rich_design",5,"recursive_gamma_poisson","recruit_size"
"recruit_mean_80",44.6,44.686170069212,0.514991473442304,43.763420702862,44.6690879132024,45.7111880805051,TRUE,0.167323293016976,"rich_design",5,"recursive_gamma_poisson","recruit_size"
"recruit_mean_110",45.2,45.2075165085934,0.173511536241768,44.8787669491214,45.2065515597584,45.5185229762718,TRUE,0.043319935700924,"rich_design",5,"recursive_gamma_poisson","recruit_size"
"recruit_sd.log_recruit_sd",3.5,3.58334707908977,0.0898042655448583,3.42170989372654,3.58200967228587,3.7351842294303,TRUE,0.928097107460145,"rich_design",5,"recursive_gamma_poisson","recruit_size"
"lambda",1.03119869581319,1.02500246496552,0.00490417263056013,1.01572932981626,1.02491939491202,1.03461486494001,TRUE,-1.26346099830531,"rich_design",5,"recursive_gamma_poisson","lambda"
"survival_50",0.354343693774205,0.396994093148083,0.0211313288307147,0.354435755840903,0.396062253343761,0.434936933395414,FALSE,2.01834914006378,"rich_design",5,"one_step_gamma_poisson","survival"
"survival_80",0.589040434058665,0.607301700678108,0.0217455063411478,0.565108171789143,0.607566676672261,0.65008089475532,TRUE,0.839771966352787,"rich_design",5,"one_step_gamma_poisson","survival"
"survival_110",0.789181706522253,0.783399706433476,0.0264105329783149,0.732513413048863,0.783619355988686,0.834083812205359,TRUE,-0.218927807838047,"rich_design",5,"one_step_gamma_poisson","survival"
"growth_increment_50",12,10.571882487463,0.824586476039485,9.00817419484222,10.6148685694327,12.0286434906864,TRUE,-1.73191963976457,"rich_design",5,"one_step_gamma_poisson","growth"
"growth_increment_80",8.4,7.72408530601374,0.619067794732453,6.55199402980585,7.7075487852679,8.79442022197876,TRUE,-1.09182661372068,"rich_design",5,"one_step_gamma_poisson","growth"
"growth_increment_110",4.8,4.87628812456454,0.586270225565962,3.68215545807785,4.88080742466325,5.97782356767252,TRUE,0.130124507842592,"rich_design",5,"one_step_gamma_poisson","growth"
"growth_sd.log_growth_sd",4.5,6.11641097571644,0.503389195199421,5.27067893165119,6.07813870471919,7.22338418246447,FALSE,3.21105615919326,"rich_design",5,"one_step_gamma_poisson","growth"
"recruitment_50",0.019387103915861,0.0323490758201986,0.00979620858744597,0.0186434070252472,0.030845924303075,0.0541911272298463,TRUE,1.32316209772714,"rich_design",5,"one_step_gamma_poisson","recruitment"
"recruitment_80",0.183939720585721,0.238056908640888,0.0390154854087335,0.176068133655859,0.233585696334066,0.324304433135279,TRUE,1.38706945430065,"rich_design",5,"one_step_gamma_poisson","recruitment"
"recruitment_110",1.74517147873092,1.78310523959168,0.0879998329721571,1.61486625944571,1.7858443525032,1.9620310541641,TRUE,0.431066282509423,"rich_design",5,"one_step_gamma_poisson","recruitment"
"recruit_mean_50",44,43.8283636995171,0.948281543436394,41.9363905458628,43.8451221737962,45.484872140802,TRUE,-0.18099719610796,"rich_design",5,"one_step_gamma_poisson","recruit_size"
"recruit_mean_80",44.6,44.4450903668187,0.530015825550895,43.3385448244502,44.4467351959018,45.4082043050393,TRUE,-0.292273599604839,"rich_design",5,"one_step_gamma_poisson","recruit_size"
"recruit_mean_110",45.2,45.0618170341203,0.158033184767145,44.7575194913404,45.0644592999757,45.3905138576093,TRUE,-0.874392084695826,"rich_design",5,"one_step_gamma_poisson","recruit_size"
"recruit_sd.log_recruit_sd",3.5,3.44618324138285,0.119311544356034,3.20437565332036,3.44160282585268,3.68823474430557,TRUE,-0.451060782991466,"rich_design",5,"one_step_gamma_poisson","recruit_size"
"lambda",1.03119869581319,1.03132433751788,0.0278733690137437,0.977429422439111,1.02989549067516,1.08780044801078,TRUE,0.0045075894710917,"rich_design",5,"one_step_gamma_poisson","lambda"
"survival_50",0.354343693774205,0.393858167599242,0.0202089068563205,0.353179083553478,0.393061202479313,0.431579590221838,TRUE,1.95529991334882,"rich_design",5,"one_step_shared_gamma_poisson","survival"
"survival_80",0.589040434058665,0.610856834188932,0.0289139782324266,0.553085315227288,0.61230520381894,0.666810210703601,TRUE,0.754527791191312,"rich_design",5,"one_step_shared_gamma_poisson","survival"
"survival_110",0.789181706522253,0.79007807961903,0.0333008353469242,0.716485096410802,0.791845554458494,0.850703485804031,TRUE,0.0269174357771894,"rich_design",5,"one_step_shared_gamma_poisson","survival"
"growth_increment_50",12,10.2641197838956,0.787501722641145,8.72951079293046,10.2723605394608,11.8232967728746,FALSE,-2.2042875160737,"rich_design",5,"one_step_shared_gamma_poisson","growth"
"growth_increment_80",8.4,7.53237521430564,0.6016683230391,6.28267694172929,7.53025254051612,8.70735820710208,TRUE,-1.44203168501856,"rich_design",5,"one_step_shared_gamma_poisson","growth"
"growth_increment_110",4.8,4.80063064471567,0.595921368348546,3.62084353952345,4.80930156151377,5.93055295994518,TRUE,0.00105826833735053,"rich_design",5,"one_step_shared_gamma_poisson","growth"
"growth_sd.log_growth_sd",4.5,6.1504444773521,0.476980611443598,5.33353544235131,6.15911502123412,7.06127063792307,FALSE,3.46019196117213,"rich_design",5,"one_step_shared_gamma_poisson","growth"
"recruitment_50",0.019387103915861,0.0275734030968041,0.00658991577700837,0.0163374822244539,0.0269000121841267,0.0430785123938384,TRUE,1.24224640465124,"rich_design",5,"one_step_shared_gamma_poisson","recruitment"
"recruitment_80",0.183939720585721,0.219681558018701,0.0299671733691987,0.163274815797755,0.218371272128012,0.283608948992987,TRUE,1.19269965814381,"rich_design",5,"one_step_shared_gamma_poisson","recruitment"
"recruitment_110",1.74517147873092,1.76973429461112,0.0927863471502878,1.58631816983109,1.76986457043775,1.97280033088351,TRUE,0.264724462537747,"rich_design",5,"one_step_shared_gamma_poisson","recruitment"
"recruit_mean_50",44,43.5693060651537,0.695681697879241,42.2335667675051,43.573617008467,44.8968998310833,TRUE,-0.619096256462238,"rich_design",5,"one_step_shared_gamma_poisson","recruit_size"
"recruit_mean_80",44.6,44.3034632704735,0.399320857598076,43.5587268931533,44.3046307252753,45.072980625953,TRUE,-0.742602656195262,"rich_design",5,"one_step_shared_gamma_poisson","recruit_size"
"recruit_mean_110",45.2,45.0376204757933,0.131645290298798,44.7869774363526,45.039646534872,45.2706595242545,TRUE,-1.23346246446129,"rich_design",5,"one_step_shared_gamma_poisson","recruit_size"
"recruit_sd.log_recruit_sd",3.5,3.40797903691642,0.100646475794393,3.21071392536539,3.41013165250526,3.60129006705016,TRUE,-0.914298909696218,"rich_design",5,"one_step_shared_gamma_poisson","recruit_size"
"lambda",1.03119869581319,1.03568930285615,0.0351484564267654,0.962866637258604,1.03982653090502,1.09758998964757,TRUE,0.12776114513924,"rich_design",5,"one_step_shared_gamma_poisson","lambda"
"survival_50",0.354343693774205,0.398200591412307,0.0202542266636585,0.35524205000259,0.398146820096956,0.43636789558247,FALSE,2.16532076817296,"rich_design",5,"one_step_gamma_poisson_shape_informed","survival"
"survival_80",0.589040434058665,0.605589302358018,0.0202382451422219,0.564058531952204,0.605213519567446,0.642578898226893,TRUE,0.81770272980969,"rich_design",5,"one_step_gamma_poisson_shape_informed","survival"
"survival_110",0.789181706522253,0.780179092897366,0.0253336271778681,0.730895096663279,0.781431115255308,0.823678413817784,TRUE,-0.355362205407028,"rich_design",5,"one_step_gamma_poisson_shape_informed","survival"
"growth_increment_50",12,10.5330037799031,0.800828380239029,9.05398709285863,10.4759492974049,12.1140509584998,TRUE,-1.83184844130909,"rich_design",5,"one_step_gamma_poisson_shape_informed","growth"
"growth_increment_80",8.4,7.68871126140363,0.611934326454095,6.60930436512684,7.6547433892988,8.92125937137819,TRUE,-1.16236123362779,"rich_design",5,"one_step_gamma_poisson_shape_informed","growth"
"growth_increment_110",4.8,4.84441874290421,0.619420575992651,3.64850136581372,4.86218374728026,6.02254111628574,TRUE,0.0717101507857126,"rich_design",5,"one_step_gamma_poisson_shape_informed","growth"
"growth_sd.log_growth_sd",4.5,6.11789168658286,0.492257213380547,5.1952454655188,6.1055346916445,7.08598221847892,FALSE,3.28667948910711,"rich_design",5,"one_step_gamma_poisson_shape_informed","growth"
"recruitment_50",0.019387103915861,0.0290737027511191,0.00754494641466986,0.0174745604739759,0.0279688778819385,0.0482406649387756,TRUE,1.28385256871065,"rich_design",5,"one_step_gamma_poisson_shape_informed","recruitment"
"recruitment_80",0.183939720585721,0.22529332391803,0.0324712885487154,0.171709397922114,0.221728709669628,0.303848930271408,TRUE,1.27354364980828,"rich_design",5,"one_step_gamma_poisson_shape_informed","recruitment"
"recruitment_110",1.74517147873092,1.76813710762124,0.0858665835291792,1.6117596160275,1.76395891508412,1.95611660932292,TRUE,0.26745711715095,"rich_design",5,"one_step_gamma_poisson_shape_informed","recruitment"
"recruit_mean_50",44,43.7701387038996,0.951688274976678,41.9408344372698,43.7655506957827,45.7365979854857,TRUE,-0.241530028418204,"rich_design",5,"one_step_gamma_poisson_shape_informed","recruit_size"
"recruit_mean_80",44.6,44.4116151694814,0.531487836254443,43.3996979616757,44.412004780467,45.5494310770003,TRUE,-0.35444805632095,"rich_design",5,"one_step_gamma_poisson_shape_informed","recruit_size"
"recruit_mean_110",45.2,45.0530916350631,0.160746312712544,44.7087037930492,45.0610985677554,45.3560405219895,TRUE,-0.913914368907803,"rich_design",5,"one_step_gamma_poisson_shape_informed","recruit_size"
"recruit_sd.log_recruit_sd",3.5,3.43789626790909,0.124491514362557,3.20911148666722,3.435838434515,3.69309614702012,TRUE,-0.498859158464776,"rich_design",5,"one_step_gamma_poisson_shape_informed","recruit_size"
"lambda",1.03119869581319,1.02953971416064,0.0262908750111239,0.977530641898768,1.03040506631169,1.08170569202524,TRUE,-0.0631010436833959,"rich_design",5,"one_step_gamma_poisson_shape_informed","lambda"
"survival_50",0.354343693774205,0.405120485617892,0.0214172374493377,0.363938425555106,0.405353357184598,0.447537326387987,FALSE,2.37083760049817,"rich_design",5,"one_step_gamma_poisson_fixed_recruitment_slope","survival"
"survival_80",0.589040434058665,0.613674264543695,0.0212875700126309,0.571049040859307,0.614007841857922,0.651814728602697,TRUE,1.15719316344765,"rich_design",5,"one_step_gamma_poisson_fixed_recruitment_slope","survival"
"survival_110",0.789181706522253,0.786766172150593,0.0258097028698901,0.7345999231809,0.786905246210096,0.833492357789415,TRUE,-0.0935901658316938,"rich_design",5,"one_step_gamma_poisson_fixed_recruitment_slope","survival"
"growth_increment_50",12,10.230930436736,0.837631353215501,8.68054648592932,10.2183830146685,11.8163425486769,FALSE,-2.11199062269206,"rich_design",5,"one_step_gamma_poisson_fixed_recruitment_slope","growth"
"growth_increment_80",8.4,7.45295541236625,0.638671721948505,6.21207251945596,7.45991923716424,8.71512995302639,TRUE,-1.48283469439424,"rich_design",5,"one_step_gamma_poisson_fixed_recruitment_slope","growth"
"growth_increment_110",4.8,4.6749803879965,0.639635180599696,3.43754835299288,4.70359985331836,5.81765667718429,TRUE,-0.195454558778789,"rich_design",5,"one_step_gamma_poisson_fixed_recruitment_slope","growth"
"growth_sd.log_growth_sd",4.5,6.31604994001328,0.519237591054567,5.41030375136027,6.30143411830803,7.36763280572659,FALSE,3.49753171053139,"rich_design",5,"one_step_gamma_poisson_fixed_recruitment_slope","growth"
"recruitment_50",0.019387103915861,0.0186733872764474,0.000854231542454469,0.0170454417901095,0.018629352765819,0.0204718332488509,TRUE,-0.835507241236858,"rich_design",5,"one_step_gamma_poisson_fixed_recruitment_slope","recruitment"
"recruitment_80",0.183939720585721,0.177168165648951,0.00810472321789309,0.161722648918586,0.176750377844426,0.194231345951079,TRUE,-0.835507241236866,"rich_design",5,"one_step_gamma_poisson_fixed_recruitment_slope","recruitment"
"recruitment_110",1.74517147873092,1.68092475428946,0.0768954729181713,1.53438177169569,1.67696089396447,1.8428157015242,TRUE,-0.835507241236841,"rich_design",5,"one_step_gamma_poisson_fixed_recruitment_slope","recruitment"
"recruit_mean_50",44,43.2586978548209,1.01303581349332,41.2861267609533,43.2438982867499,45.1180173142934,TRUE,-0.731763018942845,"rich_design",5,"one_step_gamma_poisson_fixed_recruitment_slope","recruit_size"
"recruit_mean_80",44.6,44.0946027435195,0.578578687514706,42.9503704576995,44.0951304410676,45.1405528221602,TRUE,-0.873515162909767,"rich_design",5,"one_step_gamma_poisson_fixed_recruitment_slope","recruit_size"
"recruit_mean_110",45.2,44.930507632218,0.182235129030133,44.5762451325449,44.9285740854366,45.2933796208638,TRUE,-1.47881678585391,"rich_design",5,"one_step_gamma_poisson_fixed_recruitment_slope","recruit_size"
"recruit_sd.log_recruit_sd",3.5,3.39370229288072,0.125133278898366,3.14208187238351,3.39483395450441,3.6198280357249,TRUE,-0.849475919236618,"rich_design",5,"one_step_gamma_poisson_fixed_recruitment_slope","recruit_size"
"lambda",1.03119869581319,1.03884257335525,0.0279463684827819,0.983639307137883,1.04039813958226,1.09341505432401,TRUE,0.27351952890646,"rich_design",5,"one_step_gamma_poisson_fixed_recruitment_slope","lambda"
"survival_50",0.354343693774205,0.354561843103577,0.02274297833608,0.307455214137594,0.354488849197733,0.399594889131174,TRUE,0.00959194201167318,"standard",6,"recursive_gamma_poisson","survival"
"survival_80",0.589040434058665,0.585817808307946,0.0239278225470847,0.536566340371818,0.584764776153664,0.634125502536048,TRUE,-0.134681112097749,"standard",6,"recursive_gamma_poisson","survival"
"survival_110",0.789181706522253,0.783590322105649,0.0301174556024653,0.722175525955088,0.784228466466916,0.837307911262778,TRUE,-0.185652615891832,"standard",6,"recursive_gamma_poisson","survival"
"growth_increment_50",12,10.7469766992106,1.37517492484772,8.2446184667912,10.7542987455136,13.6235743560746,TRUE,-0.911173755533792,"standard",6,"recursive_gamma_poisson","growth"
"growth_increment_80",8.4,7.73204642175333,0.89604228715819,6.11880612692518,7.72953998622986,9.56154350369308,TRUE,-0.745448722476136,"standard",6,"recursive_gamma_poisson","growth"
"growth_increment_110",4.8,4.71711614429608,0.672428253782301,3.32996234631679,4.74273601600259,6.050355666764,TRUE,-0.123260519226721,"standard",6,"recursive_gamma_poisson","growth"
"growth_sd.log_growth_sd",4.5,5.37066538738337,0.77978639203637,4.06018869478132,5.30451423723064,6.99921689751812,TRUE,1.11654344866121,"standard",6,"recursive_gamma_poisson","growth"
"recruitment_50",0.019387103915861,0.0234212472700059,0.0123433346145608,0.00835803009653605,0.0204320022837356,0.0529690066218912,TRUE,0.326827675026,"standard",6,"recursive_gamma_poisson","recruitment"
"recruitment_80",0.183939720585721,0.199150809340515,0.0513914836154838,0.123031680864566,0.191875152868191,0.302073686661901,TRUE,0.295984620109522,"standard",6,"recursive_gamma_poisson","recruitment"
"recruitment_110",1.74517147873092,1.79473493637154,0.143340745534719,1.53799686912198,1.7905584925356,2.08278924123473,TRUE,0.345773683928685,"standard",6,"recursive_gamma_poisson","recruitment"
"recruit_mean_50",44,48.0444965669296,1.54294708331727,45.0346700941844,48.0750429640045,50.865455371257,FALSE,2.62128015319498,"standard",6,"recursive_gamma_poisson","recruit_size"
"recruit_mean_80",44.6,46.7907075733085,0.861051576561493,45.1626010459262,46.8083123616803,48.3230366427559,FALSE,2.54422340419704,"standard",6,"recursive_gamma_poisson","recruit_size"
"recruit_mean_110",45.2,45.5369185796875,0.264767009744015,45.0138705548913,45.5420125073508,46.0410199801145,TRUE,1.27250966807841,"standard",6,"recursive_gamma_poisson","recruit_size"
"recruit_sd.log_recruit_sd",3.5,3.49250613544109,0.174218010991114,3.1648839193318,3.49381702224416,3.82159273727745,TRUE,-0.0430142929326264,"standard",6,"recursive_gamma_poisson","recruit_size"
"lambda",1.03119869581319,1.0151580038402,0.0175778484552123,0.979676831470355,1.0155065769291,1.04999739687249,TRUE,-0.912551499909939,"standard",6,"recursive_gamma_poisson","lambda"
"survival_50",0.354343693774205,0.364266506996244,0.0353650702922653,0.29340124021738,0.363305746385183,0.431647979802445,TRUE,0.280582313000801,"standard",6,"one_step_gamma_poisson","survival"
"survival_80",0.589040434058665,0.564669557353766,0.0388684345537024,0.485503585624127,0.564748460875403,0.633878216484926,TRUE,-0.627009474004593,"standard",6,"one_step_gamma_poisson","survival"
"survival_110",0.789181706522253,0.743087206059018,0.0573029010516736,0.621773926002511,0.749851712108178,0.83313817071941,TRUE,-0.804400817711974,"standard",6,"one_step_gamma_poisson","survival"
"growth_increment_50",12,12.0426399771598,1.52497179425537,9.00938005408414,12.0612109505617,14.8845131830118,TRUE,0.0279611579180638,"standard",6,"one_step_gamma_poisson","growth"
"growth_increment_80",8.4,9.07938818321491,1.16827339530476,6.59111747517524,9.11621843891861,11.1603380157758,TRUE,0.581531845153146,"standard",6,"one_step_gamma_poisson","growth"
"growth_increment_110",4.8,6.11613638927006,1.20114196389567,3.66305331256716,6.15638711006549,8.12313195708294,TRUE,1.0957375804284,"standard",6,"one_step_gamma_poisson","growth"
"growth_sd.log_growth_sd",4.5,5.89805547678666,1.10532161385276,4.02468556785008,5.81041724529223,8.3693386664737,TRUE,1.26484044034345,"standard",6,"one_step_gamma_poisson","growth"
"recruitment_50",0.019387103915861,0.0461304239721781,0.0210974122104834,0.0189148643096121,0.0422729064214471,0.0990666868780539,TRUE,1.26761139183829,"standard",6,"one_step_gamma_poisson","recruitment"
"recruitment_80",0.183939720585721,0.281154707836545,0.0638794553761455,0.181400109945925,0.273446145545831,0.431591626457784,TRUE,1.5218505962267,"standard",6,"one_step_gamma_poisson","recruitment"
"recruitment_110",1.74517147873092,1.7945467362702,0.121437875578694,1.57008738179457,1.79004320116028,2.05464763486268,TRUE,0.40658861416988,"standard",6,"one_step_gamma_poisson","recruitment"
"recruit_mean_50",44,48.3083585240293,1.46196158737786,45.4787247100191,48.2060557992206,51.2787567064714,FALSE,2.94697108407384,"standard",6,"one_step_gamma_poisson","recruit_size"
"recruit_mean_80",44.6,46.8524370838393,0.801673724611332,45.2001098403565,46.8116968345669,48.4763221746053,FALSE,2.80966809150607,"standard",6,"one_step_gamma_poisson","recruit_size"
"recruit_mean_110",45.2,45.3965156436494,0.304650430483617,44.7454378789963,45.4034452532515,45.9872817922229,TRUE,0.645052899933342,"standard",6,"one_step_gamma_poisson","recruit_size"
"recruit_sd.log_recruit_sd",3.5,3.44990966786792,0.228067720145262,3.03391087420052,3.43490547631814,3.89341174193089,TRUE,-0.219629205308732,"standard",6,"one_step_gamma_poisson","recruit_size"
"lambda",1.03119869581319,1.01251050955415,0.0534109828372246,0.894703126329793,1.01455552560369,1.10299137870907,TRUE,-0.349894071711749,"standard",6,"one_step_gamma_poisson","lambda"
"survival_50",0.354343693774205,0.362801629672991,0.0357043770818925,0.29692919667187,0.35990550590087,0.431077333139542,TRUE,0.236887927757081,"standard",6,"one_step_shared_gamma_poisson","survival"
"survival_80",0.589040434058665,0.580284016600382,0.0543651966526832,0.477080886375048,0.583219382636228,0.684516113596645,TRUE,-0.161066601381482,"standard",6,"one_step_shared_gamma_poisson","survival"
"survival_110",0.789181706522253,0.765645374174944,0.0683057430770169,0.61324438160809,0.773033399340401,0.877768048639154,TRUE,-0.3445732567578,"standard",6,"one_step_shared_gamma_poisson","survival"
"growth_increment_50",12,12.0358651957447,1.4267184444469,9.09052165053815,12.0231183121345,14.6409236898913,TRUE,0.0251382435576602,"standard",6,"one_step_shared_gamma_poisson","growth"
"growth_increment_80",8.4,8.98552803943146,1.08204148578163,6.9240928026553,9.00781346756999,11.0760155887657,TRUE,0.541132708057397,"standard",6,"one_step_shared_gamma_poisson","growth"
"growth_increment_110",4.8,5.93519088311822,1.1333602638107,3.77552034558796,5.87958980136411,8.20407185282846,TRUE,1.00161521394916,"standard",6,"one_step_shared_gamma_poisson","growth"
"growth_sd.log_growth_sd",4.5,5.86880502331518,1.06794331988027,4.16237000498095,5.74953852188436,8.41668440624083,TRUE,1.28172066610112,"standard",6,"one_step_shared_gamma_poisson","growth"
"recruitment_50",0.019387103915861,0.0381316962896734,0.0170336290103413,0.0141579540326803,0.0354746930894062,0.0781306952277345,TRUE,1.10044620335645,"standard",6,"one_step_shared_gamma_poisson","recruitment"
"recruitment_80",0.183939720585721,0.258780086501052,0.0623050010571602,0.157452278948785,0.254415574404649,0.39518649165551,TRUE,1.2011935582293,"standard",6,"one_step_shared_gamma_poisson","recruitment"
"recruitment_110",1.74517147873092,1.83349990100212,0.156193379792785,1.58117050263811,1.81676618380603,2.11308504622352,TRUE,0.565506824862773,"standard",6,"one_step_shared_gamma_poisson","recruitment"
"recruit_mean_50",44,48.6503345685247,1.41087334724941,45.8795456192813,48.6232628374528,51.5858621217154,FALSE,3.29606805429475,"standard",6,"one_step_shared_gamma_poisson","recruit_size"
"recruit_mean_80",44.6,47.0825179713141,0.771488394090223,45.620949786845,47.0734208435293,48.7095029104297,FALSE,3.21782931581439,"standard",6,"one_step_shared_gamma_poisson","recruit_size"
"recruit_mean_110",45.2,45.5147013741035,0.268525517223205,45.0380618551271,45.5070572654849,46.0672841504248,TRUE,1.17196077809602,"standard",6,"one_step_shared_gamma_poisson","recruit_size"
"recruit_sd.log_recruit_sd",3.5,3.44914420538922,0.21037227760466,3.04917772723971,3.43643856944338,3.87985276146114,TRUE,-0.241741902449459,"standard",6,"one_step_shared_gamma_poisson","recruit_size"
"lambda",1.03119869581319,1.0341958602592,0.0677816024733379,0.88009658292737,1.03883874477504,1.1475493679143,TRUE,0.0442179638226186,"standard",6,"one_step_shared_gamma_poisson","lambda"
"survival_50",0.354343693774205,0.366224766787178,0.0340240611028415,0.299836264977236,0.365835182400874,0.42935851603577,TRUE,0.349196204916917,"standard",6,"one_step_gamma_poisson_shape_informed","survival"
"survival_80",0.589040434058665,0.566722718933464,0.0383903857753254,0.495590840077742,0.5643813427697,0.643018203619893,TRUE,-0.581336047410729,"standard",6,"one_step_gamma_poisson_shape_informed","survival"
"survival_110",0.789181706522253,0.744571143184128,0.0557679512286162,0.633152480479544,0.74951867509487,0.851486574631357,TRUE,-0.799931902738327,"standard",6,"one_step_gamma_poisson_shape_informed","survival"
"growth_increment_50",12,11.9953431349042,1.46470701250941,9.30225638108832,12.0228981195286,14.7474980767691,TRUE,-0.00317938335520171,"standard",6,"one_step_gamma_poisson_shape_informed","growth"
"growth_increment_80",8.4,8.97689495334001,1.06750262513419,6.86181727928803,8.9518365542893,10.8669182116777,TRUE,0.540415489158628,"standard",6,"one_step_gamma_poisson_shape_informed","growth"
"growth_increment_110",4.8,5.95844677177584,1.1997476531731,3.69016038568253,5.9425937032808,8.32288639663337,TRUE,0.965575359711666,"standard",6,"one_step_gamma_poisson_shape_informed","growth"
"growth_sd.log_growth_sd",4.5,5.98490126484588,1.12758451625633,4.06572723507478,5.82050667597581,8.38772793570732,TRUE,1.31688688824486,"standard",6,"one_step_gamma_poisson_shape_informed","growth"
"recruitment_50",0.019387103915861,0.0346244563907343,0.0132700389248907,0.0153152178821918,0.03240273191886,0.0639792401012524,TRUE,1.14825228178438,"standard",6,"one_step_gamma_poisson_shape_informed","recruitment"
"recruitment_80",0.183939720585721,0.246103689619186,0.0508536733186935,0.161260714737191,0.242999936079744,0.352685385960514,TRUE,1.22240862806293,"standard",6,"one_step_gamma_poisson_shape_informed","recruitment"
"recruitment_110",1.74517147873092,1.80371520583922,0.135360916473149,1.55292951204862,1.80571310158643,2.07216483180173,TRUE,0.432500965815423,"standard",6,"one_step_gamma_poisson_shape_informed","recruitment"
"recruit_mean_50",44,48.4092553303347,1.55765957685083,45.3380754874284,48.3322657973134,51.5194907301684,FALSE,2.83069253119418,"standard",6,"one_step_gamma_poisson_shape_informed","recruit_size"
"recruit_mean_80",44.6,46.9358787923693,0.841630039513112,45.2655487354023,46.8834249627405,48.5354724744071,FALSE,2.77542231467951,"standard",6,"one_step_gamma_poisson_shape_informed","recruit_size"
"recruit_mean_110",45.2,45.4625022544039,0.287443116476666,44.9331619681547,45.4602261948074,46.0500017035354,TRUE,0.913232007854353,"standard",6,"one_step_gamma_poisson_shape_informed","recruit_size"
"recruit_sd.log_recruit_sd",3.5,3.47559505600474,0.23384817190211,3.04536485435108,3.45973213724256,3.97598967337192,TRUE,-0.104362346717335,"standard",6,"one_step_gamma_poisson_shape_informed","recruit_size"
"lambda",1.03119869581319,1.01772665511414,0.0521744165434213,0.915676150906374,1.01945191943984,1.11422768659346,TRUE,-0.258211621548988,"standard",6,"one_step_gamma_poisson_shape_informed","lambda"
"survival_50",0.354343693774205,0.371955804559077,0.0364376766115929,0.30888604485607,0.371223555541873,0.439896095876148,TRUE,0.483348896599776,"standard",6,"one_step_gamma_poisson_fixed_recruitment_slope","survival"
"survival_80",0.589040434058665,0.569874752312529,0.0423463451121493,0.486767800965672,0.57162878352972,0.641260060520575,TRUE,-0.452593528328791,"standard",6,"one_step_gamma_poisson_fixed_recruitment_slope","survival"
"survival_110",0.789181706522253,0.744485059183144,0.0607289494709964,0.606196246756653,0.748575325179266,0.842199512789264,TRUE,-0.736002314027435,"standard",6,"one_step_gamma_poisson_fixed_recruitment_slope","survival"
"growth_increment_50",12,11.6550369283705,1.61238127570262,8.38135083616003,11.613353877246,14.8462043414228,TRUE,-0.213946339385018,"standard",6,"one_step_gamma_poisson_fixed_recruitment_slope","growth"
"growth_increment_80",8.4,8.79989422129146,1.2235410098586,6.36179440157004,8.7530650089654,11.1683126810725,TRUE,0.32683352504684,"standard",6,"one_step_gamma_poisson_fixed_recruitment_slope","growth"
"growth_increment_110",4.8,5.94475151421244,1.2806494633948,3.6897341883226,5.92751043107617,8.51296689132428,TRUE,0.893883569964475,"standard",6,"one_step_gamma_poisson_fixed_recruitment_slope","growth"
"growth_sd.log_growth_sd",4.5,6.16048337416008,1.1995967577933,4.01447668664733,6.03421694583324,8.73473100814806,TRUE,1.38420128545078,"standard",6,"one_step_gamma_poisson_fixed_recruitment_slope","growth"
"recruitment_50",0.019387103915861,0.0191514515172193,0.00152466326805561,0.0164907817547876,0.0191319169221399,0.022422555355435,TRUE,-0.154560291166587,"standard",6,"one_step_gamma_poisson_fixed_recruitment_slope","recruitment"
"recruitment_80",0.183939720585721,0.181703912878205,0.0144656023267107,0.156460181024465,0.181518573800421,0.212739281988493,TRUE,-0.154560291166581,"standard",6,"one_step_gamma_poisson_fixed_recruitment_slope","recruitment"
"recruitment_110",1.74517147873092,1.72395872582111,0.137245813589645,1.48445286646896,1.72220027761094,2.01841410952341,TRUE,-0.15456029116657,"standard",6,"one_step_gamma_poisson_fixed_recruitment_slope","recruitment"
"recruit_mean_50",44,48.2477656194562,1.68880665201971,44.839672240161,48.3922187588904,51.567342773755,FALSE,2.51524685456216,"standard",6,"one_step_gamma_poisson_fixed_recruitment_slope","recruit_size"
"recruit_mean_80",44.6,46.8960580173759,0.948664669774464,45.1443145784451,46.9014050603431,48.7730811282704,FALSE,2.42030518320217,"standard",6,"one_step_gamma_poisson_fixed_recruitment_slope","recruit_size"
"recruit_mean_110",45.2,45.5443504152956,0.317397911682804,44.9295697894412,45.5317646014608,46.1455006045581,TRUE,1.08491707922673,"standard",6,"one_step_gamma_poisson_fixed_recruitment_slope","recruit_size"
"recruit_sd.log_recruit_sd",3.5,3.49391162285468,0.237766894078863,3.08052793994848,3.47085150024083,3.98898310421641,TRUE,-0.0256064965179817,"standard",6,"one_step_gamma_poisson_fixed_recruitment_slope","recruit_size"
"lambda",1.03119869581319,1.02914702725196,0.0590324487691382,0.892945224563104,1.03327244643394,1.15392307487918,TRUE,-0.0347549289248771,"standard",6,"one_step_gamma_poisson_fixed_recruitment_slope","lambda"
"survival_50",0.354343693774205,0.342656133187104,0.01237093075293,0.318484079458355,0.341998899672638,0.36636730916566,TRUE,-0.944760003957844,"dense_profiles",6,"recursive_gamma_poisson","survival"
"survival_80",0.589040434058665,0.573095982288273,0.0119680074351511,0.550122668210732,0.573347736791642,0.595228174459476,TRUE,-1.33225617186381,"dense_profiles",6,"recursive_gamma_poisson","survival"
"survival_110",0.789181706522253,0.775439144801832,0.0148425480490155,0.747628863978512,0.77494471323691,0.803696503163047,TRUE,-0.925889656886256,"dense_profiles",6,"recursive_gamma_poisson","survival"
"growth_increment_50",12,12.3267462534087,0.629615032143056,11.0112331221376,12.3557294291504,13.4429097808969,TRUE,0.518961963624843,"dense_profiles",6,"recursive_gamma_poisson","growth"
"growth_increment_80",8.4,8.77970066598993,0.427000137451138,7.8085912782204,8.7917659447247,9.53442517873926,TRUE,0.889228439729443,"dense_profiles",6,"recursive_gamma_poisson","growth"
"growth_increment_110",4.8,5.23265507857122,0.346087042942911,4.55629167758783,5.2438744500762,5.8980174617729,TRUE,1.25013370882708,"dense_profiles",6,"recursive_gamma_poisson","growth"
"growth_sd.log_growth_sd",4.5,4.60741974730633,0.480880382738142,3.78453575337034,4.59187561772635,5.6241759403829,TRUE,0.223381429482897,"dense_profiles",6,"recursive_gamma_poisson","growth"
"recruitment_50",0.019387103915861,0.0522688459667847,0.0125269451066856,0.032714450150834,0.0500292459304216,0.0792941651314373,FALSE,2.62488114786859,"dense_profiles",6,"recursive_gamma_poisson","recruitment"
"recruitment_80",0.183939720585721,0.316091051345477,0.037264608149969,0.251904307354818,0.312180663000981,0.400498053062934,FALSE,3.54629599828131,"dense_profiles",6,"recursive_gamma_poisson","recruitment"
"recruitment_110",1.74517147873092,1.93884693555,0.0746506001938864,1.80201783738968,1.9387784762749,2.0848746135876,FALSE,2.59442598339543,"dense_profiles",6,"recursive_gamma_poisson","recruitment"
"recruit_mean_50",44,45.275554544833,0.908418236428273,43.4781615639782,45.3006015542009,47.0559374592125,TRUE,1.40414898521664,"dense_profiles",6,"recursive_gamma_poisson","recruit_size"
"recruit_mean_80",44.6,45.3705845885867,0.484377947486129,44.360602038009,45.3693682744611,46.3094751229521,TRUE,1.59087463123779,"dense_profiles",6,"recursive_gamma_poisson","recruit_size"
"recruit_mean_110",45.2,45.4656146323405,0.148712168078042,45.1619409310385,45.460850546396,45.7597076881542,TRUE,1.78609884969921,"dense_profiles",6,"recursive_gamma_poisson","recruit_size"
"recruit_sd.log_recruit_sd",3.5,3.73495348005257,0.103350779591093,3.5414098475344,3.74026067079697,3.92244324360599,FALSE,2.27335953325328,"dense_profiles",6,"recursive_gamma_poisson","recruit_size"
"lambda",1.03119869581319,1.01748515886037,0.00959400572006755,0.997460275936026,1.01798300835481,1.03530669581209,TRUE,-1.42938594711631,"dense_profiles",6,"recursive_gamma_poisson","lambda"
"survival_50",0.354343693774205,0.349946207367303,0.0148023785272769,0.32056421079085,0.350846080325442,0.378455486878143,TRUE,-0.297079715857688,"dense_profiles",6,"one_step_gamma_poisson","survival"
"survival_80",0.589040434058665,0.574466784776886,0.019898182217877,0.535498090195833,0.573451802612267,0.614469489510038,TRUE,-0.732411087716616,"dense_profiles",6,"one_step_gamma_poisson","survival"
"survival_110",0.789181706522253,0.771028912180401,0.0282244410095868,0.716014227933887,0.771249785085214,0.823501712473584,TRUE,-0.643158684194534,"dense_profiles",6,"one_step_gamma_poisson","survival"
"growth_increment_50",12,12.255848652557,0.636878632667135,11.1095616302633,12.2409008077618,13.434818951312,TRUE,0.401722776419078,"dense_profiles",6,"one_step_gamma_poisson","growth"
"growth_increment_80",8.4,8.70095799432965,0.495987520264882,7.72399506915556,8.72069425169886,9.69324491218325,TRUE,0.606785417038161,"dense_profiles",6,"one_step_gamma_poisson","growth"
"growth_increment_110",4.8,5.14606733610229,0.581814016056987,4.01079083718307,5.14557382848182,6.27375034533991,TRUE,0.594807492689199,"dense_profiles",6,"one_step_gamma_poisson","growth"
"growth_sd.log_growth_sd",4.5,4.74924382063645,0.489572515042552,3.9356769934053,4.70943305871521,5.8112041781936,TRUE,0.509105010959998,"dense_profiles",6,"one_step_gamma_poisson","growth"
"recruitment_50",0.019387103915861,0.0426939213175182,0.00992430596642104,0.0266130021058851,0.0408618274248937,0.0651595035739347,FALSE,2.34845816730318,"dense_profiles",6,"one_step_gamma_poisson","recruitment"
"recruitment_80",0.183939720585721,0.286303611648973,0.0354933067681148,0.223933933561887,0.281905608136875,0.361217906614161,FALSE,2.88403364983761,"dense_profiles",6,"one_step_gamma_poisson","recruitment"
"recruitment_110",1.74517147873092,1.94219441113636,0.0598429780331193,1.8369075561826,1.93909323916202,2.06908589501657,FALSE,3.29233168002427,"dense_profiles",6,"one_step_gamma_poisson","recruitment"
"recruit_mean_50",44,44.3618547319657,0.905760655653954,42.6545575011003,44.3987395928548,46.0031672563721,TRUE,0.399503698584092,"dense_profiles",6,"one_step_gamma_poisson","recruit_size"
"recruit_mean_80",44.6,44.87869421646,0.497581212766419,43.9352293212798,44.9084866475373,45.7904379262112,TRUE,0.560097948454604,"dense_profiles",6,"one_step_gamma_poisson","recruit_size"
"recruit_mean_110",45.2,45.3955337009543,0.152563637946959,45.1132387003893,45.3901047377525,45.6933548433876,TRUE,1.28165337157395,"dense_profiles",6,"one_step_gamma_poisson","recruit_size"
"recruit_sd.log_recruit_sd",3.5,3.71151195775921,0.110046769302295,3.49933643920913,3.71226819571118,3.92064289008375,TRUE,1.92201878437878,"dense_profiles",6,"one_step_gamma_poisson","recruit_size"
"lambda",1.03119869581319,1.01911771163601,0.0281704252870581,0.966516966122985,1.01823459216597,1.07140571205782,TRUE,-0.428853453722271,"dense_profiles",6,"one_step_gamma_poisson","lambda"
"survival_50",0.354343693774205,0.349967513952971,0.0150106914701007,0.321219791789701,0.349961672455168,0.377702911742722,TRUE,-0.29153752376766,"dense_profiles",6,"one_step_shared_gamma_poisson","survival"
"survival_80",0.589040434058665,0.575586140019375,0.0197337431762216,0.53415895500108,0.576000800677717,0.612778928359652,TRUE,-0.681791281012635,"dense_profiles",6,"one_step_shared_gamma_poisson","survival"
"survival_110",0.789181706522253,0.772737988885601,0.0269003680640589,0.717534827119846,0.774409351252109,0.820022551957653,TRUE,-0.611282254484177,"dense_profiles",6,"one_step_shared_gamma_poisson","survival"
"growth_increment_50",12,12.2451806205036,0.635638860716113,10.9354367570558,12.2769820244294,13.5015521144451,TRUE,0.385723145100554,"dense_profiles",6,"one_step_shared_gamma_poisson","growth"
"growth_increment_80",8.4,8.69082031002748,0.506856984679642,7.65371703258344,8.72411284789677,9.67349211230571,TRUE,0.573771929396011,"dense_profiles",6,"one_step_shared_gamma_poisson","growth"
"growth_increment_110",4.8,5.1364599995514,0.62731322960623,3.84202278196174,5.15744954936338,6.35543946595755,TRUE,0.536350874925109,"dense_profiles",6,"one_step_shared_gamma_poisson","growth"
"growth_sd.log_growth_sd",4.5,4.75021923326025,0.508150772425302,3.76419882558314,4.71225534302196,5.82981925937884,TRUE,0.49241139999848,"dense_profiles",6,"one_step_shared_gamma_poisson","growth"
"recruitment_50",0.019387103915861,0.0430651665644832,0.00951830951102101,0.0265133735587477,0.0424601621963596,0.0626941892980192,FALSE,2.48763318961271,"dense_profiles",6,"one_step_shared_gamma_poisson","recruitment"
"recruitment_80",0.183939720585721,0.288243565114632,0.033796254789702,0.225348444541695,0.288719711493447,0.35781421605296,FALSE,3.08625453257895,"dense_profiles",6,"one_step_shared_gamma_poisson","recruitment"
"recruitment_110",1.74517147873092,1.94986397509683,0.0584704230720841,1.84296902637779,1.95072503229884,2.06240451616432,FALSE,3.50078698957866,"dense_profiles",6,"one_step_shared_gamma_poisson","recruitment"
"recruit_mean_50",44,44.3386485100672,0.856691609533996,42.7635694872242,44.3279308943462,45.9823594078453,TRUE,0.395298035253847,"dense_profiles",6,"one_step_shared_gamma_poisson","recruit_size"
"recruit_mean_80",44.6,44.8656877045517,0.461765081142951,44.0454327708326,44.8477926146822,45.7533603339755,TRUE,0.575374179212604,"dense_profiles",6,"one_step_shared_gamma_poisson","recruit_size"
"recruit_mean_110",45.2,45.3927268990361,0.125694822817877,45.1499165014339,45.3967748091001,45.6270342652801,TRUE,1.53329226069518,"dense_profiles",6,"one_step_shared_gamma_poisson","recruit_size"
"recruit_sd.log_recruit_sd",3.5,3.70670794709146,0.0918536684266009,3.53248257426721,3.70765325820171,3.8943722954257,FALSE,2.25040491721502,"dense_profiles",6,"one_step_shared_gamma_poisson","recruit_size"
"lambda",1.03119869581319,1.02044166136906,0.0279846401866845,0.962531535807089,1.02207365931341,1.07341286304945,TRUE,-0.384390664749238,"dense_profiles",6,"one_step_shared_gamma_poisson","lambda"
"survival_50",0.354343693774205,0.349786740566064,0.0159153941671305,0.316716436282392,0.350069639269441,0.380204603127819,TRUE,-0.286323616008946,"dense_profiles",6,"one_step_gamma_poisson_shape_informed","survival"
"survival_80",0.589040434058665,0.57565665541479,0.0208594246560569,0.533743960585056,0.57579031612422,0.61767436127505,TRUE,-0.641617823336693,"dense_profiles",6,"one_step_gamma_poisson_shape_informed","survival"
"survival_110",0.789181706522253,0.772898996386394,0.0282924962914431,0.712938955153051,0.774398514006823,0.825129219110383,TRUE,-0.575513378817115,"dense_profiles",6,"one_step_gamma_poisson_shape_informed","survival"
"growth_increment_50",12,12.1919268529055,0.668745485479857,10.967787465373,12.2130574759874,13.4705679209517,TRUE,0.286995362320445,"dense_profiles",6,"one_step_gamma_poisson_shape_informed","growth"
"growth_increment_80",8.4,8.66570822789092,0.532920316253087,7.61602975926139,8.66147511946806,9.70029148333741,TRUE,0.49858903814944,"dense_profiles",6,"one_step_gamma_poisson_shape_informed","growth"
"growth_increment_110",4.8,5.13948960287637,0.637985687648169,3.880440858959,5.16643726526763,6.38366792618777,TRUE,0.532127302303358,"dense_profiles",6,"one_step_gamma_poisson_shape_informed","growth"
"growth_sd.log_growth_sd",4.5,4.74559149173272,0.528899385570432,3.82639286711601,4.69365549430019,5.94865773499069,TRUE,0.464344445149695,"dense_profiles",6,"one_step_gamma_poisson_shape_informed","growth"
"recruitment_50",0.019387103915861,0.0391292689266772,0.00920927897245018,0.0246369634229434,0.0384375568974848,0.0621567126752606,FALSE,2.14372537414443,"dense_profiles",6,"one_step_gamma_poisson_shape_informed","recruitment"
"recruitment_80",0.183939720585721,0.273843336974055,0.0345353276129097,0.21350123101158,0.275260066081102,0.353041424881641,FALSE,2.60323623959852,"dense_profiles",6,"one_step_gamma_poisson_shape_informed","recruitment"
"recruitment_110",1.74517147873092,1.93791972123737,0.0661215384788732,1.80624926290891,1.93868338112499,2.05655420011593,FALSE,2.9150598570545,"dense_profiles",6,"one_step_gamma_poisson_shape_informed","recruitment"
"recruit_mean_50",44,44.310763215253,0.941070614619598,42.4443046702499,44.3146271848785,46.1716070710558,TRUE,0.330223057043023,"dense_profiles",6,"one_step_gamma_poisson_shape_informed","recruit_size"
"recruit_mean_80",44.6,44.8397208416977,0.523061631358933,43.8322151735401,44.8653528945064,45.8733986010383,TRUE,0.458303242535398,"dense_profiles",6,"one_step_gamma_poisson_shape_informed","recruit_size"
"recruit_mean_110",45.2,45.3686784681422,0.159667344240198,45.0627930962281,45.3682643588863,45.6652031861141,TRUE,1.05643686218311,"dense_profiles",6,"one_step_gamma_poisson_shape_informed","recruit_size"
"recruit_sd.log_recruit_sd",3.5,3.70426746851261,0.112235765902105,3.4868531062389,3.71422765401724,3.92979735216637,TRUE,1.81998551772502,"dense_profiles",6,"one_step_gamma_poisson_shape_informed","recruit_size"
"lambda",1.03119869581319,1.02198368264622,0.0279018025317057,0.965457086316189,1.02262083324413,1.07271401938546,TRUE,-0.330265872841056,"dense_profiles",6,"one_step_gamma_poisson_shape_informed","lambda"
"survival_50",0.354343693774205,0.353444375280142,0.0162163888202824,0.322483712986927,0.353240861630836,0.383364174150296,TRUE,-0.0554573835167377,"dense_profiles",6,"one_step_gamma_poisson_fixed_recruitment_slope","survival"
"survival_80",0.589040434058665,0.579297900661326,0.0222009720056645,0.536871334942557,0.579348792734238,0.624821276605381,TRUE,-0.438833641826727,"dense_profiles",6,"one_step_gamma_poisson_fixed_recruitment_slope","survival"
"survival_110",0.789181706522253,0.775199639654653,0.029162999821591,0.711511263923504,0.774300068171592,0.833650550195302,TRUE,-0.479445425818244,"dense_profiles",6,"one_step_gamma_poisson_fixed_recruitment_slope","survival"
"growth_increment_50",12,11.9995398638029,0.764211189084819,10.5193779831958,11.9424055294598,13.5583557831691,TRUE,-0.000602106071861078,"dense_profiles",6,"one_step_gamma_poisson_fixed_recruitment_slope","growth"
"growth_increment_80",8.4,8.53052132709294,0.587239526670323,7.45100977846168,8.48758707099382,9.77390590658582,TRUE,0.222262503059012,"dense_profiles",6,"one_step_gamma_poisson_fixed_recruitment_slope","growth"
"growth_increment_110",4.8,5.06150279038304,0.648337441692807,3.85507891911148,5.04163674331742,6.37154426859707,TRUE,0.403343650337783,"dense_profiles",6,"one_step_gamma_poisson_fixed_recruitment_slope","growth"
"growth_sd.log_growth_sd",4.5,4.89635661225536,0.559330129077919,3.87551815310547,4.90080770212798,5.97357361771522,TRUE,0.708627323381934,"dense_profiles",6,"one_step_gamma_poisson_fixed_recruitment_slope","growth"
"recruitment_50",0.019387103915861,0.0201930140527541,0.000677747946551668,0.0189133601193974,0.020180947634392,0.0214893227239576,TRUE,1.18910007915698,"dense_profiles",6,"one_step_gamma_poisson_fixed_recruitment_slope","recruitment"
"recruitment_80",0.183939720585721,0.191585983072406,0.00643029348051668,0.179444964590761,0.191471500082495,0.203885017307166,TRUE,1.18910007915695,"dense_profiles",6,"one_step_gamma_poisson_fixed_recruitment_slope","recruitment"
"recruitment_110",1.74517147873092,1.81771719734004,0.0610089258934006,1.70252642120185,1.81663101297402,1.93440718520178,TRUE,1.18910007915697,"dense_profiles",6,"one_step_gamma_poisson_fixed_recruitment_slope","recruitment"
"recruit_mean_50",44,43.7725966949368,1.00923211641618,41.9213986497719,43.7878959710552,45.7511119975351,TRUE,-0.225323096009577,"dense_profiles",6,"one_step_gamma_poisson_fixed_recruitment_slope","recruit_size"
"recruit_mean_80",44.6,44.4920107701926,0.57415530310474,43.4007780849571,44.4888975376587,45.6071090659947,TRUE,-0.188083658242641,"dense_profiles",6,"one_step_gamma_poisson_fixed_recruitment_slope","recruit_size"
"recruit_mean_110",45.2,45.2114248454485,0.182840402335927,44.8598322912671,45.2109399766199,45.5588614224172,TRUE,0.0624853440625091,"dense_profiles",6,"one_step_gamma_poisson_fixed_recruitment_slope","recruit_size"
"recruit_sd.log_recruit_sd",3.5,3.67122050564814,0.11385372834532,3.4622665879775,3.67171400965945,3.91092069030322,TRUE,1.50386384474673,"dense_profiles",6,"one_step_gamma_poisson_fixed_recruitment_slope","recruit_size"
"lambda",1.03119869581319,1.03355450643918,0.0304937900583897,0.972397048963612,1.0324551262095,1.09124929130851,TRUE,0.0772554222178561,"dense_profiles",6,"one_step_gamma_poisson_fixed_recruitment_slope","lambda"
"survival_50",0.354343693774205,0.328929750469014,0.0104839718533207,0.307774601075321,0.328974186160891,0.349861274718251,FALSE,-2.42407588085437,"rich_design",6,"recursive_gamma_poisson","survival"
"survival_80",0.589040434058665,0.596801805174635,0.00861180924192056,0.580122918622817,0.597225436939889,0.612917904005095,TRUE,0.901247449628736,"rich_design",6,"recursive_gamma_poisson","survival"
"survival_110",0.789181706522253,0.817067793819663,0.00984018487661065,0.796863575474786,0.817284179483531,0.835746297438937,FALSE,2.83389871705495,"rich_design",6,"recursive_gamma_poisson","survival"
"growth_increment_50",12,12.3363769412098,0.404793620235313,11.5713298369902,12.3473603676309,13.1063933498738,TRUE,0.830983801113801,"rich_design",6,"recursive_gamma_poisson","growth"
"growth_increment_80",8.4,8.70080025649715,0.269632918497533,8.19730536002613,8.7059071744076,9.23773235797882,TRUE,1.11559173921824,"rich_design",6,"recursive_gamma_poisson","growth"
"growth_increment_110",4.8,5.06522357178453,0.216220766762828,4.62840540178988,5.05730992280198,5.48035509125085,TRUE,1.22663320343995,"rich_design",6,"recursive_gamma_poisson","growth"
"growth_sd.log_growth_sd",4.5,4.32439539252254,0.346093636542316,3.66055294977934,4.32191057622831,4.97311298515937,TRUE,-0.507390454305535,"rich_design",6,"recursive_gamma_poisson","growth"
"recruitment_50",0.019387103915861,0.0425795773025139,0.00911878282064683,0.027983875007093,0.0416007806388065,0.0635656657730762,FALSE,2.54337380797581,"rich_design",6,"recursive_gamma_poisson","recruitment"
"recruitment_80",0.183939720585721,0.280735025043253,0.0331408361590694,0.224168020081016,0.278661256022952,0.350085094203631,FALSE,2.92072607923751,"rich_design",6,"recursive_gamma_poisson","recruitment"
"recruitment_110",1.74517147873092,1.86862402523012,0.0736023915969634,1.73651748705024,1.86520501484938,2.00535853491918,TRUE,1.67728987904641,"rich_design",6,"recursive_gamma_poisson","recruitment"
"recruit_mean_50",44,44.5281690488326,0.847341393752992,42.9682035012244,44.5584823745178,46.2377515490076,TRUE,0.623324969990259,"rich_design",6,"recursive_gamma_poisson","recruit_size"
"recruit_mean_80",44.6,45.0005019484198,0.488119657529368,44.1216165581372,45.031212100946,46.0016505764497,TRUE,0.820499527609619,"rich_design",6,"recursive_gamma_poisson","recruit_size"
"recruit_mean_110",45.2,45.4728348480069,0.16792675131973,45.1639613469821,45.463536154512,45.8186807482689,TRUE,1.62472533924904,"rich_design",6,"recursive_gamma_poisson","recruit_size"
"recruit_sd.log_recruit_sd",3.5,3.6962456157253,0.0942004450538669,3.50269687928191,3.69156954799847,3.87039309927295,FALSE,2.08327694856517,"rich_design",6,"recursive_gamma_poisson","recruit_size"
"lambda",1.03119869581319,1.04491962428414,0.00554314628765256,1.03509760371984,1.04532283813721,1.05578684021682,FALSE,2.47529611504328,"rich_design",6,"recursive_gamma_poisson","lambda"
"survival_50",0.354343693774205,0.375437919144474,0.0169647100964569,0.343757338287923,0.374415292563433,0.40727735877763,TRUE,1.2434179688502,"rich_design",6,"one_step_gamma_poisson","survival"
"survival_80",0.589040434058665,0.604956411584464,0.0186646809610679,0.57053316534381,0.603729438943209,0.643431987220024,TRUE,0.852732364351549,"rich_design",6,"one_step_gamma_poisson","survival"
"survival_110",0.789181706522253,0.795349831927224,0.0224532055739387,0.751527905146265,0.795953728739183,0.837753769296811,TRUE,0.274710236124591,"rich_design",6,"one_step_gamma_poisson","survival"
"growth_increment_50",12,10.9443215968192,0.625858918925912,9.64438695110606,10.9839162122922,12.1057511675315,TRUE,-1.68676737081977,"rich_design",6,"one_step_gamma_poisson","growth"
"growth_increment_80",8.4,7.69990740027634,0.454714210304498,6.80094256009636,7.71027276275347,8.60959333342676,TRUE,-1.5396321114637,"rich_design",6,"one_step_gamma_poisson","growth"
"growth_increment_110",4.8,4.45549320373343,0.448430422714474,3.59870025421765,4.4679390159914,5.29030757500197,TRUE,-0.768250276556107,"rich_design",6,"one_step_gamma_poisson","growth"
"growth_sd.log_growth_sd",4.5,5.53677697232837,0.430551956003756,4.78074873211857,5.51725773321379,6.41044153916562,FALSE,2.40801826091188,"rich_design",6,"one_step_gamma_poisson","growth"
"recruitment_50",0.019387103915861,0.0476263028408186,0.0116368139889171,0.0295602311359336,0.0457475582336377,0.074203082461333,FALSE,2.42671223857772,"rich_design",6,"one_step_gamma_poisson","recruitment"
"recruitment_80",0.183939720585721,0.30024537132058,0.0402639804069118,0.232962415871578,0.296015804237308,0.386112550533931,FALSE,2.8885780680266,"rich_design",6,"one_step_gamma_poisson","recruitment"
"recruitment_110",1.74517147873092,1.91560006989833,0.07586093923588,1.76980123137881,1.91375884258493,2.06561278863126,FALSE,2.24659215775702,"rich_design",6,"one_step_gamma_poisson","recruitment"
"recruit_mean_50",44,44.6984983645629,0.862316524233341,42.9523872272769,44.7319724123209,46.2257585922278,TRUE,0.810025489403533,"rich_design",6,"one_step_gamma_poisson","recruit_size"
"recruit_mean_80",44.6,45.012301858276,0.485987554025034,44.0225739560376,45.0326531072587,45.9046214592935,TRUE,0.848379459229394,"rich_design",6,"one_step_gamma_poisson","recruit_size"
"recruit_mean_110",45.2,45.3261053519891,0.152513926809123,45.0310618784847,45.3304841355857,45.5995105144657,TRUE,0.826844830681551,"rich_design",6,"one_step_gamma_poisson","recruit_size"
"recruit_sd.log_recruit_sd",3.5,3.60471214292589,0.0927556650968465,3.43244938044114,3.60269620704768,3.77891133820166,TRUE,1.12890293888309,"rich_design",6,"one_step_gamma_poisson","recruit_size"
"lambda",1.03119869581319,1.0181871586576,0.0221778209263138,0.975162174152813,1.01864323133276,1.05850806668102,TRUE,-0.586691415663627,"rich_design",6,"one_step_gamma_poisson","lambda"
"survival_50",0.354343693774205,0.376582477196347,0.0188865341842518,0.340147220451248,0.375710099376133,0.417140114034291,TRUE,1.17749414504467,"rich_design",6,"one_step_shared_gamma_poisson","survival"
"survival_80",0.589040434058665,0.615799673497751,0.0252814169849407,0.566739987810256,0.616113225330989,0.664219623996632,TRUE,1.05845489020751,"rich_design",6,"one_step_shared_gamma_poisson","survival"
"survival_110",0.789181706522253,0.808704797999004,0.0271513464156618,0.752287788507523,0.810961794917825,0.854891924296242,TRUE,0.719046900211533,"rich_design",6,"one_step_shared_gamma_poisson","survival"
"growth_increment_50",12,10.594193739852,0.599918332935215,9.54406325181884,10.5685780861117,11.825139453397,FALSE,-2.3433293883017,"rich_design",6,"one_step_shared_gamma_poisson","growth"
"growth_increment_80",8.4,7.46111818135428,0.464186373429856,6.60008318311602,7.43930689695521,8.35833802057934,FALSE,-2.02263976796293,"rich_design",6,"one_step_shared_gamma_poisson","growth"
"growth_increment_110",4.8,4.3280426228566,0.487151482772308,3.36134858865757,4.36782990997917,5.21481484172533,TRUE,-0.968810306103478,"rich_design",6,"one_step_shared_gamma_poisson","growth"
"growth_sd.log_growth_sd",4.5,5.58296459159628,0.425455436613664,4.84412613900148,5.5499458461272,6.59595674478469,FALSE,2.5454242639745,"rich_design",6,"one_step_shared_gamma_poisson","growth"
"recruitment_50",0.019387103915861,0.0564406211110483,0.012294748169307,0.035733293474412,0.0546961232894672,0.0826059577401998,FALSE,3.01376788568056,"rich_design",6,"one_step_shared_gamma_poisson","recruitment"
"recruitment_80",0.183939720585721,0.328212832630597,0.0381766236616764,0.261774664268448,0.325185078920727,0.406781437657503,FALSE,3.77909564039589,"rich_design",6,"one_step_shared_gamma_poisson","recruitment"
"recruitment_110",1.74517147873092,1.92763430542793,0.0721432209651823,1.78881404964101,1.92615964411979,2.07073109830843,FALSE,2.52917494195433,"rich_design",6,"one_step_shared_gamma_poisson","recruitment"
"recruit_mean_50",44,44.6951496423033,0.605174626771775,43.5006472390499,44.7227955054139,45.8231901771571,TRUE,1.14867612016635,"rich_design",6,"one_step_shared_gamma_poisson","recruit_size"
"recruit_mean_80",44.6,45.017104109471,0.334646771868419,44.3804748735589,45.0399296787191,45.6124356810148,TRUE,1.24640111465042,"rich_design",6,"one_step_shared_gamma_poisson","recruit_size"
"recruit_mean_110",45.2,45.3390585766386,0.0983314938692312,45.1606026050091,45.3403222670294,45.5408894834884,TRUE,1.41418147092839,"rich_design",6,"one_step_shared_gamma_poisson","recruit_size"
"recruit_sd.log_recruit_sd",3.5,3.55897008947789,0.0685899522094485,3.42817845804931,3.55859436094875,3.70697926124844,TRUE,0.859748222273452,"rich_design",6,"one_step_shared_gamma_poisson","recruit_size"
"lambda",1.03119869581319,1.02115544207526,0.0280580134637471,0.965756354497271,1.02195586733889,1.07120574438167,TRUE,-0.357946001804912,"rich_design",6,"one_step_shared_gamma_poisson","lambda"
"survival_50",0.354343693774205,0.374842574717101,0.0174517155939968,0.339909739361744,0.375060601559973,0.408384767936326,TRUE,1.17460548978624,"rich_design",6,"one_step_gamma_poisson_shape_informed","survival"
"survival_80",0.589040434058665,0.603894918887557,0.0191774612502974,0.566423126943972,0.604526987285149,0.639406853033654,TRUE,0.774580359465525,"rich_design",6,"one_step_gamma_poisson_shape_informed","survival"
"survival_110",0.789181706522253,0.794258287475612,0.0237219083457742,0.746970628330492,0.795334810105207,0.838296250092728,TRUE,0.214003902188753,"rich_design",6,"one_step_gamma_poisson_shape_informed","survival"
"growth_increment_50",12,10.960275495186,0.625858151991176,9.76197856028611,10.9685366422084,12.2343893768552,TRUE,-1.6612782009887,"rich_design",6,"one_step_gamma_poisson_shape_informed","growth"
"growth_increment_80",8.4,7.68064050789146,0.489120338548622,6.68466403716755,7.66982039228878,8.61138002356908,TRUE,-1.47072087462793,"rich_design",6,"one_step_gamma_poisson_shape_informed","growth"
"growth_increment_110",4.8,4.40100552059693,0.51476972774568,3.5031220619226,4.38172466924205,5.32094194336219,TRUE,-0.775093129796843,"rich_design",6,"one_step_gamma_poisson_shape_informed","growth"
"growth_sd.log_growth_sd",4.5,5.53223074139976,0.443794120078688,4.740349901429,5.52655594766479,6.50996859987392,FALSE,2.32592252735736,"rich_design",6,"one_step_gamma_poisson_shape_informed","growth"
"recruitment_50",0.019387103915861,0.0421592035182359,0.0100238356189946,0.0258353537428489,0.0411217000235442,0.0655747913036475,FALSE,2.27179499624107,"rich_design",6,"one_step_gamma_poisson_shape_informed","recruitment"
"recruitment_80",0.183939720585721,0.281178926565407,0.0373951029951834,0.212201266324026,0.280542531615601,0.359835390389771,FALSE,2.60031924480086,"rich_design",6,"one_step_gamma_poisson_shape_informed","recruitment"
"recruitment_110",1.74517147873092,1.89625934804673,0.080270523544505,1.74199316817139,1.89391163595848,2.04385566524046,TRUE,1.88223351043728,"rich_design",6,"one_step_gamma_poisson_shape_informed","recruitment"
"recruit_mean_50",44,44.5163402903533,0.875074796743099,42.8398844600199,44.5568117492488,46.3195757596439,TRUE,0.590052750090693,"rich_design",6,"one_step_gamma_poisson_shape_informed","recruit_size"
"recruit_mean_80",44.6,44.9068968150772,0.497213589981541,43.959440264779,44.9348944258805,45.935821416749,TRUE,0.61723336059369,"rich_design",6,"one_step_gamma_poisson_shape_informed","recruit_size"
"recruit_mean_110",45.2,45.297453339801,0.158591157350815,44.9721871308474,45.2968286773591,45.6008067923606,TRUE,0.614494158620785,"rich_design",6,"one_step_gamma_poisson_shape_informed","recruit_size"
"recruit_sd.log_recruit_sd",3.5,3.59646311247037,0.0891892753846132,3.42540964266529,3.5914734369923,3.76409413066892,TRUE,1.08155506426521,"rich_design",6,"one_step_gamma_poisson_shape_informed","recruit_size"
"lambda",1.03119869581319,1.01747644313912,0.0239624709975673,0.970092152450975,1.01660149818438,1.06587972481711,TRUE,-0.572655995096021,"rich_design",6,"one_step_gamma_poisson_shape_informed","lambda"
"survival_50",0.354343693774205,0.379240726659966,0.0189614260394021,0.344819525942164,0.37905241395968,0.418810658462215,TRUE,1.31303588844134,"rich_design",6,"one_step_gamma_poisson_fixed_recruitment_slope","survival"
"survival_80",0.589040434058665,0.608093604551532,0.0201202732794481,0.572960435750132,0.608206761332038,0.648254164166421,TRUE,0.946963802540829,"rich_design",6,"one_step_gamma_poisson_fixed_recruitment_slope","survival"
"survival_110",0.789181706522253,0.797022573495672,0.0227749082488912,0.751539258829056,0.797287418434195,0.838978295959561,TRUE,0.344276555924238,"rich_design",6,"one_step_gamma_poisson_fixed_recruitment_slope","survival"
"growth_increment_50",12,10.7170045800324,0.71849209711381,9.34431017406391,10.7178128432102,12.0790169270929,TRUE,-1.78567784547862,"rich_design",6,"one_step_gamma_poisson_fixed_recruitment_slope","growth"
"growth_increment_80",8.4,7.52672693469111,0.555537779779187,6.49524309958207,7.52874109550866,8.62594519764725,TRUE,-1.57194181403107,"rich_design",6,"one_step_gamma_poisson_fixed_recruitment_slope","growth"
"growth_increment_110",4.8,4.33644928934983,0.545585555093298,3.25564797457651,4.33357640189735,5.47462658944359,TRUE,-0.849638899568923,"rich_design",6,"one_step_gamma_poisson_fixed_recruitment_slope","growth"
"growth_sd.log_growth_sd",4.5,5.65299039670015,0.452489539054828,4.7698768849444,5.63061754829285,6.56921823133966,FALSE,2.54810398293085,"rich_design",6,"one_step_gamma_poisson_fixed_recruitment_slope","growth"
"recruitment_50",0.019387103915861,0.0189591416654757,0.000750074853967332,0.0174946633969864,0.0189308109431017,0.0205534914907479,TRUE,-0.570559389001853,"rich_design",6,"one_step_gamma_poisson_fixed_recruitment_slope","recruitment"
"recruitment_80",0.183939720585721,0.179879327806132,0.00711651207193724,0.165984744856617,0.179610533396194,0.195006097779058,TRUE,-0.570559389001882,"rich_design",6,"one_step_gamma_poisson_fixed_recruitment_slope","recruitment"
"recruitment_110",1.74517147873092,1.70664754464632,0.067519586614797,1.57481941206496,1.70409729429054,1.85016634220681,TRUE,-0.570559389001852,"rich_design",6,"one_step_gamma_poisson_fixed_recruitment_slope","recruitment"
"recruit_mean_50",44,43.8281045218861,0.895286852430276,42.1014708701773,43.843497392328,45.474651548977,TRUE,-0.192000449517696,"rich_design",6,"one_step_gamma_poisson_fixed_recruitment_slope","recruit_size"
"recruit_mean_80",44.6,44.4734335843747,0.525588505944081,43.4950468187589,44.4709316951139,45.4667675162393,TRUE,-0.240808948814294,"rich_design",6,"one_step_gamma_poisson_fixed_recruitment_slope","recruit_size"
"recruit_mean_110",45.2,45.1187626468634,0.184292479166091,44.7948678082934,45.110487378506,45.5088661949256,TRUE,-0.440806665058601,"rich_design",6,"one_step_gamma_poisson_fixed_recruitment_slope","recruit_size"
"recruit_sd.log_recruit_sd",3.5,3.5666629043007,0.0899407059117868,3.38206953623187,3.56867100317422,3.73523828120379,TRUE,0.741187248030803,"rich_design",6,"one_step_gamma_poisson_fixed_recruitment_slope","recruit_size"
"lambda",1.03119869581319,1.02879854468355,0.0245822671798964,0.980805197092912,1.03025580676613,1.07264626240115,TRUE,-0.0976375007266244,"rich_design",6,"one_step_gamma_poisson_fixed_recruitment_slope","lambda"
"survival_50",0.354343693774205,0.349566238758888,0.0243434251537879,0.304760140550097,0.350055826251746,0.395567529942904,TRUE,-0.196252375544336,"standard",7,"recursive_gamma_poisson","survival"
"survival_80",0.589040434058665,0.58253401461906,0.0233398718380244,0.535895757306991,0.582042295384192,0.627830904548284,TRUE,-0.278768430467759,"standard",7,"recursive_gamma_poisson","survival"
"survival_110",0.789181706522253,0.782708899531428,0.0301920081706523,0.725606729584756,0.782809948206052,0.840660150107279,TRUE,-0.214388090856326,"standard",7,"recursive_gamma_poisson","survival"
"growth_increment_50",12,11.4450083665603,1.19708735017289,9.27535544207081,11.4868970073873,13.7908631430975,TRUE,-0.463618326064171,"standard",7,"recursive_gamma_poisson","growth"
"growth_increment_80",8.4,8.0353166138308,0.780013505077568,6.65030662642456,8.06858431282529,9.56927472427911,TRUE,-0.467534707790649,"standard",7,"recursive_gamma_poisson","growth"
"growth_increment_110",4.8,4.62562486110138,0.669817434069347,3.35710760423945,4.5991179167215,5.98907198241728,TRUE,-0.260332338379487,"standard",7,"recursive_gamma_poisson","growth"
"growth_sd.log_growth_sd",4.5,5.73628621402202,0.967664165213306,4.09307358151932,5.66329840884394,7.75763330932119,TRUE,1.27759842563717,"standard",7,"recursive_gamma_poisson","growth"
"recruitment_50",0.019387103915861,0.0189052293860391,0.0204880242689778,0.00348050661684372,0.0135439719634334,0.0636043304390323,TRUE,-0.0235198144777453,"standard",7,"recursive_gamma_poisson","recruitment"
"recruitment_80",0.183939720585721,0.158914226043106,0.0765585272781551,0.0682827636209536,0.141968153513927,0.334864122449456,TRUE,-0.326880563567942,"standard",7,"recursive_gamma_poisson","recruitment"
"recruitment_110",1.74517147873092,1.53403274187802,0.159791112088904,1.25309707158511,1.51985681482055,1.90098958436662,TRUE,-1.32134218288331,"standard",7,"recursive_gamma_poisson","recruitment"
"recruit_mean_50",44,43.3646765222317,2.13168075261348,39.3497239846707,43.4129856326125,47.4397131488398,TRUE,-0.298038755094719,"standard",7,"recursive_gamma_poisson","recruit_size"
"recruit_mean_80",44.6,44.2840504742417,1.25794200822605,41.8423040185788,44.302734762128,46.6472348901168,TRUE,-0.251163824478535,"standard",7,"recursive_gamma_poisson","recruit_size"
"recruit_mean_110",45.2,45.2034244262518,0.429733552387164,44.3264977121467,45.1946478792435,46.0182151257299,TRUE,0.00796871976326816,"standard",7,"recursive_gamma_poisson","recruit_size"
"recruit_sd.log_recruit_sd",3.5,3.40517942574212,0.248537843420196,2.98577297929293,3.38133671249099,3.9778581919887,TRUE,-0.38151362767549,"standard",7,"recursive_gamma_poisson","recruit_size"
"lambda",1.03119869581319,1.02384010940247,0.0173496930215013,0.991343239482333,1.02329648395709,1.05973593482649,TRUE,-0.424133522224379,"standard",7,"recursive_gamma_poisson","lambda"
"survival_50",0.354343693774205,0.377734837022545,0.0331099435865939,0.310790076240637,0.378847729018065,0.447882556940142,TRUE,0.706468834269206,"standard",7,"one_step_gamma_poisson","survival"
"survival_80",0.589040434058665,0.598783869875711,0.0419392241792642,0.521236497541606,0.598221173063086,0.681701102359896,TRUE,0.23232274816049,"standard",7,"one_step_gamma_poisson","survival"
"survival_110",0.789181706522253,0.782088235750995,0.0548288497582474,0.673986353466546,0.782237302520208,0.880102816250023,TRUE,-0.129374787224873,"standard",7,"one_step_gamma_poisson","survival"
"growth_increment_50",12,10.1696454244958,1.38502245967254,7.47582001982801,10.2093246374989,12.7265082571407,TRUE,-1.32153421969557,"standard",7,"one_step_gamma_poisson","growth"
"growth_increment_80",8.4,7.12701370847969,1.01104641137416,5.36368975465605,7.09112546425603,9.1336769413738,TRUE,-1.25907799800223,"standard",7,"one_step_gamma_poisson","growth"
"growth_increment_110",4.8,4.08438199246358,1.26564237000873,1.83767568217719,4.09581966589445,6.50790359967524,TRUE,-0.565418813792943,"standard",7,"one_step_gamma_poisson","growth"
"growth_sd.log_growth_sd",4.5,6.48884864520142,0.861443617914235,4.90512391425635,6.43093988870762,8.34904022122373,FALSE,2.30873919527886,"standard",7,"one_step_gamma_poisson","growth"
"recruitment_50",0.019387103915861,0.0125866019386357,0.00656807896870528,0.00427286384286652,0.0108450873497391,0.028671727759901,TRUE,-1.03538675610136,"standard",7,"one_step_gamma_poisson","recruitment"
"recruitment_80",0.183939720585721,0.142304841241412,0.0417300033428539,0.0771527385892136,0.134998958337838,0.235667736599522,TRUE,-0.997720489074415,"standard",7,"one_step_gamma_poisson","recruitment"
"recruitment_110",1.74517147873092,1.681590828038,0.165327432531866,1.39278063924495,1.67281943766467,2.01363557439318,TRUE,-0.384574112833154,"standard",7,"one_step_gamma_poisson","recruitment"
"recruit_mean_50",44,45.7353140200169,2.0538187332957,42.1044585309966,45.705737634417,49.7092617380795,TRUE,0.844920728341124,"standard",7,"one_step_gamma_poisson","recruit_size"
"recruit_mean_80",44.6,45.6107411223686,1.19074220597409,43.4371743656572,45.581790812984,47.8553397968539,TRUE,0.84883286852321,"standard",7,"one_step_gamma_poisson","recruit_size"
"recruit_mean_110",45.2,45.4861682247205,0.371665151100116,44.7735578886763,45.4920571837604,46.174029579291,TRUE,0.769962488744007,"standard",7,"one_step_gamma_poisson","recruit_size"
"recruit_sd.log_recruit_sd",3.5,3.36597829619223,0.193249321646679,3.00919377983193,3.35961894582512,3.76248691845214,TRUE,-0.693517072483203,"standard",7,"one_step_gamma_poisson","recruit_size"
"lambda",1.03119869581319,1.02168713130725,0.0576939131431814,0.910438384122802,1.02523342611285,1.12747220338605,TRUE,-0.164862530338904,"standard",7,"one_step_gamma_poisson","lambda"
"survival_50",0.354343693774205,0.375455768643851,0.0365046475966289,0.306388467098341,0.375915839305748,0.443747863107619,TRUE,0.578339369357346,"standard",7,"one_step_shared_gamma_poisson","survival"
"survival_80",0.589040434058665,0.609291869385286,0.0519395134757766,0.501812069519675,0.613182411180405,0.71107547950561,TRUE,0.389904216874604,"standard",7,"one_step_shared_gamma_poisson","survival"
"survival_110",0.789181706522253,0.79617197426331,0.0672411881666693,0.631014252563328,0.805834116999562,0.900711576848536,TRUE,0.103958123460441,"standard",7,"one_step_shared_gamma_poisson","survival"
"growth_increment_50",12,9.94214301070645,1.34363749233703,7.40598094549375,9.89010753267113,12.4970389138985,TRUE,-1.53155668923339,"standard",7,"one_step_shared_gamma_poisson","growth"
"growth_increment_80",8.4,6.98263046031835,1.00651762385233,5.1001803309721,7.01570723865973,8.89129673714636,TRUE,-1.40819147732041,"standard",7,"one_step_shared_gamma_poisson","growth"
"growth_increment_110",4.8,4.02311790993024,1.20058464067569,1.8798245947098,4.0191147382343,6.37655204713583,TRUE,-0.647086480826977,"standard",7,"one_step_shared_gamma_poisson","growth"
"growth_sd.log_growth_sd",4.5,6.42523508333455,0.797854569737576,4.97720271326977,6.37795326238314,8.19322983756212,FALSE,2.41301504855425,"standard",7,"one_step_shared_gamma_poisson","growth"
"recruitment_50",0.019387103915861,0.013290795502453,0.00740390382095656,0.00382386501333773,0.0120560496133809,0.0339074911375203,TRUE,-0.823391086760552,"standard",7,"one_step_shared_gamma_poisson","recruitment"
"recruitment_80",0.183939720585721,0.145687985747303,0.0457475426475708,0.0745801471568656,0.140635975787375,0.253907846191146,TRUE,-0.836148405458651,"standard",7,"one_step_shared_gamma_poisson","recruitment"
"recruitment_110",1.74517147873092,1.68532450635837,0.162123578124247,1.38486348374555,1.69348360907105,1.98984118829253,TRUE,-0.369144161910175,"standard",7,"one_step_shared_gamma_poisson","recruitment"
"recruit_mean_50",44,45.9551987873106,1.88540492740162,42.3149306859042,46.0684486774662,49.575989628355,TRUE,1.0370179683391,"standard",7,"one_step_shared_gamma_poisson","recruit_size"
"recruit_mean_80",44.6,45.7388000111766,1.08546586466142,43.610807722599,45.7935360340152,47.8110234134608,TRUE,1.04913479847824,"standard",7,"one_step_shared_gamma_poisson","recruit_size"
"recruit_mean_110",45.2,45.5224012350426,0.329204036416882,44.8560774788241,45.5150051064656,46.1492252694543,TRUE,0.979335607642218,"standard",7,"one_step_shared_gamma_poisson","recruit_size"
"recruit_sd.log_recruit_sd",3.5,3.3806397167694,0.178430859250762,3.02514354979387,3.37505248050956,3.7058839604978,TRUE,-0.66894417104643,"standard",7,"one_step_shared_gamma_poisson","recruit_size"
"lambda",1.03119869581319,1.02747287618084,0.0663602425612386,0.883871935040626,1.02881000265729,1.14580771108958,TRUE,-0.0561453588557123,"standard",7,"one_step_shared_gamma_poisson","lambda"
"survival_50",0.354343693774205,0.379404459737749,0.0353731190368942,0.307752756887642,0.379187209878178,0.447819845815325,TRUE,0.708469217470079,"standard",7,"one_step_gamma_poisson_shape_informed","survival"
"survival_80",0.589040434058665,0.599124613112752,0.0426064683017031,0.518890045105701,0.599948866679775,0.671484581945344,TRUE,0.236681880851507,"standard",7,"one_step_gamma_poisson_shape_informed","survival"
"survival_110",0.789181706522253,0.78107869443418,0.0582659595589149,0.654293751869298,0.786022050352363,0.872746164019929,TRUE,-0.139069400888868,"standard",7,"one_step_gamma_poisson_shape_informed","survival"
"growth_increment_50",12,10.1842324425805,1.37782863275943,7.43555164841724,10.2315990110194,12.908723300948,TRUE,-1.31784716491413,"standard",7,"one_step_gamma_poisson_shape_informed","growth"
"growth_increment_80",8.4,7.1591832235734,1.0237542489638,5.08765819755624,7.25133739993514,9.0113062978375,TRUE,-1.21202600886151,"standard",7,"one_step_gamma_poisson_shape_informed","growth"
"growth_increment_110",4.8,4.13413400456632,1.26287830811144,1.6688301738909,4.14568171318395,6.58706378617772,TRUE,-0.527260616606394,"standard",7,"one_step_gamma_poisson_shape_informed","growth"
"growth_sd.log_growth_sd",4.5,6.46783196954211,0.845851783198736,4.89309820834215,6.48257597592305,8.13844373775456,FALSE,2.32645010465121,"standard",7,"one_step_gamma_poisson_shape_informed","growth"
"recruitment_50",0.019387103915861,0.0139088341493931,0.00592313079417846,0.00574494247583793,0.0127202398385718,0.0259437613529093,TRUE,-0.924894275819852,"standard",7,"one_step_gamma_poisson_shape_informed","recruitment"
"recruitment_80",0.183939720585721,0.152078685759862,0.0366495924566219,0.0936522679803553,0.148115137500299,0.220905764605494,TRUE,-0.869342131527631,"standard",7,"one_step_gamma_poisson_shape_informed","recruitment"
"recruitment_110",1.74517147873092,1.71663773058967,0.144690553578654,1.43988919178613,1.71784020666419,1.99504590691398,TRUE,-0.197205328444162,"standard",7,"one_step_gamma_poisson_shape_informed","recruitment"
"recruit_mean_50",44,45.7392573784245,1.9743560942,42.0452523220461,45.7067222411572,49.4197743898697,TRUE,0.880923853368624,"standard",7,"one_step_gamma_poisson_shape_informed","recruit_size"
"recruit_mean_80",44.6,45.612559988228,1.13436802500385,43.4222096190229,45.5744028656447,47.7169603625049,TRUE,0.892620354161085,"standard",7,"one_step_gamma_poisson_shape_informed","recruit_size"
"recruit_mean_110",45.2,45.4858625980315,0.348550111534523,44.8193975629328,45.4846120890016,46.2072850115666,TRUE,0.820147773796244,"standard",7,"one_step_gamma_poisson_shape_informed","recruit_size"
"recruit_sd.log_recruit_sd",3.5,3.34785773176191,0.208706527162023,2.99588184568061,3.33588759894268,3.75298112095999,TRUE,-0.728977048810651,"standard",7,"one_step_gamma_poisson_shape_informed","recruit_size"
"lambda",1.03119869581319,1.01983114845324,0.0601726344316927,0.897546919546101,1.0213366522686,1.14070417999169,TRUE,-0.188915567139692,"standard",7,"one_step_gamma_poisson_shape_informed","lambda"
"survival_50",0.354343693774205,0.372989130125367,0.0350780003654419,0.303285039717517,0.373492763607505,0.441504547138117,TRUE,0.531542167652498,"standard",7,"one_step_gamma_poisson_fixed_recruitment_slope","survival"
"survival_80",0.589040434058665,0.597506317552454,0.0444896452126271,0.512652615427668,0.597762763706381,0.682716536163189,TRUE,0.190288851559245,"standard",7,"one_step_gamma_poisson_fixed_recruitment_slope","survival"
"survival_110",0.789181706522253,0.783051951732003,0.0601969053285332,0.650714360424478,0.791533285418067,0.882183096035629,TRUE,-0.101828403915379,"standard",7,"one_step_gamma_poisson_fixed_recruitment_slope","survival"
"growth_increment_50",12,10.3922115425307,1.52353277651391,7.57810503503106,10.2906389281686,13.2990833321516,TRUE,-1.0553028344741,"standard",7,"one_step_gamma_poisson_fixed_recruitment_slope","growth"
"growth_increment_80",8.4,7.24669014913325,1.09789819511266,5.17908639929448,7.21556297962114,9.48588900861344,TRUE,-1.05047066841057,"standard",7,"one_step_gamma_poisson_fixed_recruitment_slope","growth"
"growth_increment_110",4.8,4.10116875573583,1.21859143562784,1.72248015190612,4.13550358815895,6.59221353554991,TRUE,-0.573474606691391,"standard",7,"one_step_gamma_poisson_fixed_recruitment_slope","growth"
"growth_sd.log_growth_sd",4.5,6.46084968103536,0.848108451896291,5.00799433335935,6.44606067221501,8.09267381469119,FALSE,2.31202704872364,"standard",7,"one_step_gamma_poisson_fixed_recruitment_slope","growth"
"recruitment_50",0.019387103915861,0.0201016088604568,0.001313244535227,0.0175713387897102,0.0200037548013765,0.0227544334365976,TRUE,0.544076084407489,"standard",7,"one_step_gamma_poisson_fixed_recruitment_slope","recruitment"
"recruitment_80",0.183939720585721,0.190718754753818,0.0124597172387752,0.16671222072793,0.189790341290748,0.215888053552442,TRUE,0.544076084407479,"standard",7,"one_step_gamma_poisson_fixed_recruitment_slope","recruitment"
"recruitment_110",1.74517147873092,1.80948916414348,0.118214505757222,1.5817215109593,1.80068062245895,2.04828882233119,TRUE,0.544076084407479,"standard",7,"one_step_gamma_poisson_fixed_recruitment_slope","recruitment"
"recruit_mean_50",44,45.8666389417466,1.97683630417937,42.5448925005901,45.8106750195893,49.8470832421154,TRUE,0.944255696741429,"standard",7,"one_step_gamma_poisson_fixed_recruitment_slope","recruit_size"
"recruit_mean_80",44.6,45.6953837858856,1.11674735624007,43.7687630974893,45.6379462521934,47.9462893599092,TRUE,0.980869826791977,"standard",7,"one_step_gamma_poisson_fixed_recruitment_slope","recruit_size"
"recruit_mean_110",45.2,45.5241286300245,0.320679745437981,44.9449273079733,45.5238614791876,46.1733910770642,TRUE,1.0107549186863,"standard",7,"one_step_gamma_poisson_fixed_recruitment_slope","recruit_size"
"recruit_sd.log_recruit_sd",3.5,3.36713953261367,0.207666272372563,2.98103245876153,3.34552379269944,3.83745940665282,TRUE,-0.639778746295258,"standard",7,"one_step_gamma_poisson_fixed_recruitment_slope","recruit_size"
"lambda",1.03119869581319,1.01177604946222,0.0569328860361884,0.899528659013664,1.01468595053711,1.1277378977829,TRUE,-0.341149864396921,"standard",7,"one_step_gamma_poisson_fixed_recruitment_slope","lambda"
"survival_50",0.354343693774205,0.349816483527448,0.0110137736304991,0.328177637229751,0.349784871388192,0.370496552693461,TRUE,-0.411049872517796,"dense_profiles",7,"recursive_gamma_poisson","survival"
"survival_80",0.589040434058665,0.593667839178639,0.0112606439191156,0.569636885768652,0.593844814231471,0.615142881892838,TRUE,0.41093610216358,"dense_profiles",7,"recursive_gamma_poisson","survival"
"survival_110",0.789181706522253,0.798468599625515,0.0136894202858768,0.770864579270882,0.798936898147042,0.824472257054332,TRUE,0.678399297364215,"dense_profiles",7,"recursive_gamma_poisson","survival"
"growth_increment_50",12,12.2995107148232,0.575989126596028,11.1946900987076,12.2841859317486,13.3251029335878,TRUE,0.519993696049882,"dense_profiles",7,"recursive_gamma_poisson","growth"
"growth_increment_80",8.4,8.60121835421012,0.395056988812717,7.83701362564031,8.57885274734161,9.38250203597137,TRUE,0.509340069681712,"dense_profiles",7,"recursive_gamma_poisson","growth"
"growth_increment_110",4.8,4.90292599359702,0.322035962070686,4.28035960655575,4.90657241951171,5.48880111053792,TRUE,0.319610247672995,"dense_profiles",7,"recursive_gamma_poisson","growth"
"growth_sd.log_growth_sd",4.5,4.73613647584633,0.436565529469943,3.89157898353657,4.70897476898942,5.63863421979022,TRUE,0.540895833285415,"dense_profiles",7,"recursive_gamma_poisson","growth"
"recruitment_50",0.019387103915861,0.0214412902428767,0.00556924925466267,0.0121499706296762,0.0205578374284052,0.0337824922349305,TRUE,0.368844386933461,"dense_profiles",7,"recursive_gamma_poisson","recruitment"
"recruitment_80",0.183939720585721,0.192775094792057,0.0269517491495952,0.143195106176036,0.19124209285852,0.246351612612409,TRUE,0.327821921957456,"dense_profiles",7,"recursive_gamma_poisson","recruitment"
"recruitment_110",1.74517147873092,1.75805923905371,0.0671604685539225,1.64262163046507,1.7531213206572,1.89226680889637,TRUE,0.191895032900831,"dense_profiles",7,"recursive_gamma_poisson","recruitment"
"recruit_mean_50",44,44.1531707530315,1.01699212154278,42.2791285059404,44.2041837376618,46.1549494182753,TRUE,0.150611543380641,"dense_profiles",7,"recursive_gamma_poisson","recruit_size"
"recruit_mean_80",44.6,44.6891293672692,0.5820099949578,43.5833709603551,44.6902064175466,45.8487338099777,TRUE,0.153140612775399,"dense_profiles",7,"recursive_gamma_poisson","recruit_size"
"recruit_mean_110",45.2,45.225087981507,0.17269181452068,44.8925054373976,45.2254332305673,45.572743628239,TRUE,0.145276031620824,"dense_profiles",7,"recursive_gamma_poisson","recruit_size"
"recruit_sd.log_recruit_sd",3.5,3.55324378885851,0.0940102230390095,3.37967988167603,3.54863891991458,3.72794781210021,TRUE,0.566361690647366,"dense_profiles",7,"recursive_gamma_poisson","recruit_size"
"lambda",1.03119869581319,1.04325374452426,0.00766023392777647,1.02848686188217,1.04344803532697,1.05788189636682,TRUE,1.57371809069113,"dense_profiles",7,"recursive_gamma_poisson","lambda"
"survival_50",0.354343693774205,0.349485281820393,0.0138921613124911,0.322453695705088,0.350516272446859,0.374891698002761,TRUE,-0.349723260803453,"dense_profiles",7,"one_step_gamma_poisson","survival"
"survival_80",0.589040434058665,0.599836595723647,0.0207064104238906,0.560933340709751,0.599437311141347,0.640666910130755,TRUE,0.521392237667872,"dense_profiles",7,"one_step_gamma_poisson","survival"
"survival_110",0.789181706522253,0.805968093638339,0.026613866945307,0.752919473337619,0.806621758549622,0.853151552949049,TRUE,0.630738372239669,"dense_profiles",7,"one_step_gamma_poisson","survival"
"growth_increment_50",12,12.0808085059655,0.577454538365288,10.8993037410809,12.0524748033254,13.1390788083241,TRUE,0.13993916507143,"dense_profiles",7,"one_step_gamma_poisson","growth"
"growth_increment_80",8.4,8.37440464772236,0.452784770153104,7.53160172838217,8.35344600450847,9.23635541969592,TRUE,-0.0565287394030155,"dense_profiles",7,"one_step_gamma_poisson","growth"
"growth_increment_110",4.8,4.66800078947917,0.56270365641228,3.53875108237912,4.64661473444641,5.71176621391519,TRUE,-0.234580331968056,"dense_profiles",7,"one_step_gamma_poisson","growth"
"growth_sd.log_growth_sd",4.5,4.9431433106166,0.440590447916635,4.15055716706406,4.93005631615845,5.84454489360366,TRUE,1.00579418530755,"dense_profiles",7,"one_step_gamma_poisson","growth"
"recruitment_50",0.019387103915861,0.0190007517315024,0.00427259454239053,0.0118484307224889,0.0183666074690713,0.0283398872849613,TRUE,-0.0904256606905684,"dense_profiles",7,"one_step_gamma_poisson","recruitment"
"recruitment_80",0.183939720585721,0.178775095790024,0.0229665385404149,0.137105830530598,0.176374850157413,0.227079504888311,TRUE,-0.224876064218755,"dense_profiles",7,"one_step_gamma_poisson","recruitment"
"recruitment_110",1.74517147873092,1.69762821402869,0.0673686010908578,1.57485101327908,1.69609666134765,1.83671576404302,TRUE,-0.705718449431842,"dense_profiles",7,"one_step_gamma_poisson","recruitment"
"recruit_mean_50",44,43.7490406493198,0.852937001336698,42.1474792233644,43.7075748960288,45.459545605281,TRUE,-0.294229644495358,"dense_profiles",7,"one_step_gamma_poisson","recruit_size"
"recruit_mean_80",44.6,44.4417624311937,0.494073931402507,43.5348382571883,44.4193122154343,45.4519768375148,TRUE,-0.320271033845314,"dense_profiles",7,"one_step_gamma_poisson","recruit_size"
"recruit_mean_110",45.2,45.1344842130676,0.162271730859952,44.8263783569981,45.1335356119474,45.4785895727273,TRUE,-0.403741222116906,"dense_profiles",7,"one_step_gamma_poisson","recruit_size"
"recruit_sd.log_recruit_sd",3.5,3.51567884948108,0.0957588881892142,3.33472011084215,3.51113715729128,3.69621063985677,TRUE,0.163732576448696,"dense_profiles",7,"one_step_gamma_poisson","recruit_size"
"lambda",1.03119869581319,1.0424521705605,0.0255557660050707,0.994689258534843,1.04177043329812,1.09300445566983,TRUE,0.440349733405633,"dense_profiles",7,"one_step_gamma_poisson","lambda"
"survival_50",0.354343693774205,0.348238940415518,0.0140746349351645,0.319044797144186,0.348152226390535,0.374291009666457,TRUE,-0.433741506391352,"dense_profiles",7,"one_step_shared_gamma_poisson","survival"
"survival_80",0.589040434058665,0.599202676276204,0.0206825028367614,0.558028216621809,0.599371900224907,0.637638127001769,TRUE,0.491344896589424,"dense_profiles",7,"one_step_shared_gamma_poisson","survival"
"survival_110",0.789181706522253,0.806116826212777,0.0255809613443781,0.753603812912038,0.807973414282295,0.852477949365038,TRUE,0.66202045585929,"dense_profiles",7,"one_step_shared_gamma_poisson","survival"
"growth_increment_50",12,12.0946163160193,0.577231459118838,10.953496740529,12.0851487382069,13.2210650702658,TRUE,0.163913997625371,"dense_profiles",7,"one_step_shared_gamma_poisson","growth"
"growth_increment_80",8.4,8.41608314012511,0.446016761748144,7.49346537180058,8.41476726242571,9.39022842926616,TRUE,0.0360594970961992,"dense_profiles",7,"one_step_shared_gamma_poisson","growth"
"growth_increment_110",4.8,4.73754996423095,0.557064475160833,3.61856839732277,4.7514270750316,5.83256079112313,TRUE,-0.112105579432299,"dense_profiles",7,"one_step_shared_gamma_poisson","growth"
"growth_sd.log_growth_sd",4.5,4.90407962956311,0.428800017603968,4.09744708149948,4.90207763188435,5.7425552891549,TRUE,0.942349843689394,"dense_profiles",7,"one_step_shared_gamma_poisson","growth"
"recruitment_50",0.019387103915861,0.018923229874043,0.0043766245739661,0.0118250277969678,0.0188628199283802,0.0280157242033943,TRUE,-0.105988995395522,"dense_profiles",7,"one_step_shared_gamma_poisson","recruitment"
"recruitment_80",0.183939720585721,0.178602397278061,0.0233337412647598,0.136275048207397,0.178991564860621,0.224404034593682,TRUE,-0.228738428488576,"dense_profiles",7,"one_step_shared_gamma_poisson","recruitment"
"recruitment_110",1.74517147873092,1.70237770449328,0.0671866464272234,1.57214803493074,1.70580463223379,1.82867679955763,TRUE,-0.636938685189462,"dense_profiles",7,"one_step_shared_gamma_poisson","recruitment"
"recruit_mean_50",44,43.6998484053283,0.867559229075209,42.1440848946038,43.674809106222,45.4976052942594,TRUE,-0.345972453075747,"dense_profiles",7,"one_step_shared_gamma_poisson","recruit_size"
"recruit_mean_80",44.6,44.414408443603,0.503926891074863,43.5622774004606,44.4019425419788,45.4893709700557,TRUE,-0.368290638352567,"dense_profiles",7,"one_step_shared_gamma_poisson","recruit_size"
"recruit_mean_110",45.2,45.1289684818776,0.167393801955221,44.8209631513676,45.123325598825,45.4718909997528,TRUE,-0.424337802790402,"dense_profiles",7,"one_step_shared_gamma_poisson","recruit_size"
"recruit_sd.log_recruit_sd",3.5,3.51927391334143,0.0994972956517594,3.33364227743043,3.52051383437047,3.71455513660017,TRUE,0.193712936770592,"dense_profiles",7,"one_step_shared_gamma_poisson","recruit_size"
"lambda",1.03119869581319,1.04491924662547,0.0289656232722383,0.986229167804294,1.04626005945371,1.09745077151094,TRUE,0.473683948842582,"dense_profiles",7,"one_step_shared_gamma_poisson","lambda"
"survival_50",0.354343693774205,0.349284369189218,0.0149395599915795,0.31932572719402,0.349901045682966,0.377646788485806,TRUE,-0.338652851077122,"dense_profiles",7,"one_step_gamma_poisson_shape_informed","survival"
"survival_80",0.589040434058665,0.598778564432825,0.0195945911343268,0.559277710227021,0.598087311852629,0.638241941920148,TRUE,0.496980534444528,"dense_profiles",7,"one_step_gamma_poisson_shape_informed","survival"
"survival_110",0.789181706522253,0.804895158310194,0.0251308188385125,0.752711908143593,0.806589247239394,0.849239924305059,TRUE,0.625266207556288,"dense_profiles",7,"one_step_gamma_poisson_shape_informed","survival"
"growth_increment_50",12,12.0323702104276,0.561848655455239,10.9592629754731,12.0254420838548,13.0533494264455,TRUE,0.0576137543683389,"dense_profiles",7,"one_step_gamma_poisson_shape_informed","growth"
"growth_increment_80",8.4,8.35712578052992,0.444622675372347,7.54259251595193,8.35435105257261,9.16330558624405,TRUE,-0.0964283241608801,"dense_profiles",7,"one_step_gamma_poisson_shape_informed","growth"
"growth_increment_110",4.8,4.68188135063226,0.539142527727212,3.62671985106358,4.6639454233585,5.66524828300918,TRUE,-0.219086128979054,"dense_profiles",7,"one_step_gamma_poisson_shape_informed","growth"
"growth_sd.log_growth_sd",4.5,4.93520211737037,0.445970419411483,4.08562877212846,4.90952977782083,5.86695093077049,TRUE,0.975854223570868,"dense_profiles",7,"one_step_gamma_poisson_shape_informed","growth"
"recruitment_50",0.019387103915861,0.0188717619538381,0.00452971915307337,0.0116477865832111,0.0181363951130585,0.0290343800439791,TRUE,-0.113769075875984,"dense_profiles",7,"one_step_gamma_poisson_shape_informed","recruitment"
"recruitment_80",0.183939720585721,0.177900901865624,0.0241539967395355,0.136777893025073,0.175310468165528,0.228164662874127,TRUE,-0.250013229082408,"dense_profiles",7,"one_step_gamma_poisson_shape_informed","recruitment"
"recruitment_110",1.74517147873092,1.6952274425994,0.0658656674240218,1.56731031415083,1.69334353601362,1.81846720979766,TRUE,-0.758271161362384,"dense_profiles",7,"one_step_gamma_poisson_shape_informed","recruitment"
"recruit_mean_50",44,43.7309976450302,0.919086966677943,42.0676977410385,43.7002773118534,45.6168325192401,TRUE,-0.29268433208466,"dense_profiles",7,"one_step_gamma_poisson_shape_informed","recruit_size"
"recruit_mean_80",44.6,44.4313091279989,0.534341118782844,43.4613292854321,44.4081555333805,45.5219397516563,TRUE,-0.315698841192304,"dense_profiles",7,"one_step_gamma_poisson_shape_informed","recruit_size"
"recruit_mean_110",45.2,45.1316206109674,0.176788547788421,44.8074539704434,45.1228882748872,45.4872091513792,TRUE,-0.386786304248584,"dense_profiles",7,"one_step_gamma_poisson_shape_informed","recruit_size"
"recruit_sd.log_recruit_sd",3.5,3.5118858347115,0.100985967462481,3.32487615370149,3.51032562683796,3.71182539475672,TRUE,0.117697884272096,"dense_profiles",7,"one_step_gamma_poisson_shape_informed","recruit_size"
"lambda",1.03119869581319,1.04181369324468,0.026383852253389,0.991700353701253,1.04259630218076,1.09101830272144,TRUE,0.402329323615838,"dense_profiles",7,"one_step_gamma_poisson_shape_informed","lambda"
"survival_50",0.354343693774205,0.349216385358601,0.0142085443255287,0.320994989188824,0.348383675864874,0.376788987437709,TRUE,-0.360860922704913,"dense_profiles",7,"one_step_gamma_poisson_fixed_recruitment_slope","survival"
"survival_80",0.589040434058665,0.598056910822334,0.0197483609347868,0.555406542513126,0.598867255227819,0.633372207710968,TRUE,0.456568359948619,"dense_profiles",7,"one_step_gamma_poisson_fixed_recruitment_slope","survival"
"survival_110",0.789181706522253,0.803962798545087,0.025594564154419,0.751770208398212,0.806017295991203,0.846436923664831,TRUE,0.577509034092375,"dense_profiles",7,"one_step_gamma_poisson_fixed_recruitment_slope","survival"
"growth_increment_50",12,12.098957166516,0.563331215671488,10.9850014350267,12.0828147934617,13.1440728606631,TRUE,0.175664269550604,"dense_profiles",7,"one_step_gamma_poisson_fixed_recruitment_slope","growth"
"growth_increment_80",8.4,8.41194359597918,0.456823985947484,7.48412255478923,8.39056876665926,9.31897790291304,TRUE,0.0261448530431499,"dense_profiles",7,"one_step_gamma_poisson_fixed_recruitment_slope","growth"
"growth_increment_110",4.8,4.7249300254424,0.533048662425278,3.6712035096937,4.75789162311769,5.76148848304894,TRUE,-0.140831372160365,"dense_profiles",7,"one_step_gamma_poisson_fixed_recruitment_slope","growth"
"growth_sd.log_growth_sd",4.5,4.93915997414265,0.442232494635604,4.17418062735291,4.95918310998566,5.82131879432464,TRUE,0.993052250727344,"dense_profiles",7,"one_step_gamma_poisson_fixed_recruitment_slope","growth"
"recruitment_50",0.019387103915861,0.0188968971663083,0.000495857705605989,0.0179358134790329,0.018882793900057,0.0198718551602273,TRUE,-0.988603674018977,"dense_profiles",7,"one_step_gamma_poisson_fixed_recruitment_slope","recruitment"
"recruitment_80",0.183939720585721,0.179288768440765,0.00470456692321246,0.170170260299263,0.179154960376143,0.188538912338615,TRUE,-0.988603674018968,"dense_profiles",7,"one_step_gamma_poisson_fixed_recruitment_slope","recruitment"
"recruitment_110",1.74517147873092,1.70104447339203,0.0446356881919098,1.61453047692378,1.69977493782213,1.78880739514313,TRUE,-0.988603674019018,"dense_profiles",7,"one_step_gamma_poisson_fixed_recruitment_slope","recruitment"
"recruit_mean_50",44,43.7974750853287,0.813322275676569,42.2934353849759,43.7803803233619,45.3405456450493,TRUE,-0.24900942803122,"dense_profiles",7,"one_step_gamma_poisson_fixed_recruitment_slope","recruit_size"
"recruit_mean_80",44.6,44.4728341949688,0.467070629585637,43.6134521819055,44.4597338561607,45.3510860617692,TRUE,-0.272262473759005,"dense_profiles",7,"one_step_gamma_poisson_fixed_recruitment_slope","recruit_size"
"recruit_mean_110",45.2,45.1481933046089,0.148489474304512,44.8554582195893,45.1462614758307,45.4537593282052,TRUE,-0.348891365086507,"dense_profiles",7,"one_step_gamma_poisson_fixed_recruitment_slope","recruit_size"
"recruit_sd.log_recruit_sd",3.5,3.51673460137305,0.0913631191177637,3.3454592990813,3.51676329276942,3.68332888601702,TRUE,0.183165828122447,"dense_profiles",7,"one_step_gamma_poisson_fixed_recruitment_slope","recruit_size"
"lambda",1.03119869581319,1.04211965769063,0.0247166355244459,0.995267554926487,1.04110227205664,1.09231366036848,TRUE,0.441846620533732,"dense_profiles",7,"one_step_gamma_poisson_fixed_recruitment_slope","lambda"
"survival_50",0.354343693774205,0.373244661536406,0.010505329994777,0.352177928465999,0.373063389223018,0.392157069118097,TRUE,1.7991788712585,"rich_design",7,"recursive_gamma_poisson","survival"
"survival_80",0.589040434058665,0.598143167190044,0.0086800667490256,0.582692171544709,0.598161682226331,0.615922291485904,TRUE,1.04869390922604,"rich_design",7,"recursive_gamma_poisson","survival"
"survival_110",0.789181706522253,0.788066431517611,0.00980923984795287,0.769781480921294,0.788231370499125,0.80718697299347,TRUE,-0.113696374227703,"rich_design",7,"recursive_gamma_poisson","survival"
"growth_increment_50",12,11.8849476976978,0.416300403295079,11.0590421295267,11.8795245400347,12.6869754873501,TRUE,-0.276368462272704,"rich_design",7,"recursive_gamma_poisson","growth"
"growth_increment_80",8.4,8.47464030919772,0.303283967713322,7.85823040119525,8.48221272128219,9.0438924016058,TRUE,0.246107005788957,"rich_design",7,"recursive_gamma_poisson","growth"
"growth_increment_110",4.8,5.0643329206976,0.253035916803159,4.5739521575067,5.06732609395769,5.54481542706229,TRUE,1.04464585121815,"rich_design",7,"recursive_gamma_poisson","growth"
"growth_sd.log_growth_sd",4.5,4.48818945150566,0.450986045893807,3.71336659173078,4.45000565181513,5.47410961095152,TRUE,-0.0261882792203296,"rich_design",7,"recursive_gamma_poisson","growth"
"recruitment_50",0.019387103915861,0.0181193922717903,0.00573256490156942,0.00951813160556941,0.0171748549341093,0.0318174863495487,TRUE,-0.221142135473018,"rich_design",7,"recursive_gamma_poisson","recruitment"
"recruitment_80",0.183939720585721,0.167334767855469,0.0288149047415533,0.117759052294114,0.164741459722664,0.231322742481348,TRUE,-0.576262627941525,"rich_design",7,"recursive_gamma_poisson","recruitment"
"recruitment_110",1.74517147873092,1.5749309095195,0.073118843529428,1.43634610673977,1.57237448355162,1.71183465110376,FALSE,-2.32827217983694,"rich_design",7,"recursive_gamma_poisson","recruitment"
"recruit_mean_50",44,44.5131504866043,0.836222449288068,42.8308415976532,44.5355385071937,46.1067744791715,TRUE,0.613653086019426,"rich_design",7,"recursive_gamma_poisson","recruit_size"
"recruit_mean_80",44.6,44.8986485688342,0.502157922161153,43.9040961123419,44.9043718547899,45.8666409940546,TRUE,0.594730373960588,"rich_design",7,"recursive_gamma_poisson","recruit_size"
"recruit_mean_110",45.2,45.284146651064,0.18384292739287,44.9363374492162,45.2779215752113,45.6662479382044,TRUE,0.457709481987445,"rich_design",7,"recursive_gamma_poisson","recruit_size"
"recruit_sd.log_recruit_sd",3.5,3.47049114496333,0.0739163657701849,3.31144439968266,3.46800524501484,3.61223378237901,TRUE,-0.399219506116112,"rich_design",7,"recursive_gamma_poisson","recruit_size"
"lambda",1.03119869581319,1.0391564396714,0.00507353320942558,1.0301741901418,1.03911820215167,1.04965739406255,TRUE,1.56848167336786,"rich_design",7,"recursive_gamma_poisson","lambda"
"survival_50",0.354343693774205,0.399352364785371,0.0143805673487537,0.372213671198086,0.399368209759528,0.425847498232477,FALSE,3.12982582116744,"rich_design",7,"one_step_gamma_poisson","survival"
"survival_80",0.589040434058665,0.616787041074402,0.0159629796525243,0.585382079246777,0.616401038109972,0.647044317935608,TRUE,1.73818470108427,"rich_design",7,"one_step_gamma_poisson","survival"
"survival_110",0.789181706522253,0.795117523538288,0.0218683442233703,0.752069864042767,0.79643881508196,0.838131031714392,TRUE,0.2714342227013,"rich_design",7,"one_step_gamma_poisson","survival"
"growth_increment_50",12,10.6696470621323,0.323357689473271,10.1038895405943,10.6590402618856,11.3616242205882,FALSE,-4.11418370793902,"rich_design",7,"one_step_gamma_poisson","growth"
"growth_increment_80",8.4,7.47558562903121,0.210913595670788,7.10013780423521,7.47869945506194,7.89501662302232,FALSE,-4.3829055591641,"rich_design",7,"one_step_gamma_poisson","growth"
"growth_increment_110",4.8,4.28152419593015,0.163923173686512,3.9681292705292,4.28382542764105,4.57731352683335,FALSE,-3.1629195092415,"rich_design",7,"one_step_gamma_poisson","growth"
"growth_sd.log_growth_sd",4.5,6.11142713316915,0.391487005929976,5.40314461578607,6.10741487354049,6.9627199014588,FALSE,4.11617016340353,"rich_design",7,"one_step_gamma_poisson","growth"
"recruitment_50",0.019387103915861,0.0298384466898212,0.00714895844463893,0.018494596463456,0.0289150704692494,0.0466807202231546,TRUE,1.46193922581796,"rich_design",7,"one_step_gamma_poisson","recruitment"
"recruitment_80",0.183939720585721,0.21903422186334,0.0296012223902751,0.16639968633511,0.215632430117789,0.285399889117167,TRUE,1.18557608246436,"rich_design",7,"one_step_gamma_poisson","recruitment"
"recruitment_110",1.74517147873092,1.62502732355638,0.0649524123620387,1.49599635746935,1.63088273811974,1.75400561531026,TRUE,-1.84972583473681,"rich_design",7,"one_step_gamma_poisson","recruitment"
"recruit_mean_50",44,44.5708799725083,0.839516986606798,42.9940737077818,44.5306471740235,46.2269274559493,TRUE,0.68001003150119,"rich_design",7,"one_step_gamma_poisson","recruit_size"
"recruit_mean_80",44.6,44.9067202420761,0.486133876932568,43.9412461344811,44.9015428523239,45.863913739491,TRUE,0.6309378067035,"rich_design",7,"one_step_gamma_poisson","recruit_size"
"recruit_mean_110",45.2,45.242560511644,0.156363774441076,44.9376100599284,45.2323988156136,45.5063446135513,TRUE,0.272189078295669,"rich_design",7,"one_step_gamma_poisson","recruit_size"
"recruit_sd.log_recruit_sd",3.5,3.388679634093,0.0881746977087376,3.23199351642148,3.3840390976816,3.57582653780439,TRUE,-1.26249784575074,"rich_design",7,"one_step_gamma_poisson","recruit_size"
"lambda",1.03119869581319,1.01787488394995,0.0186094017984004,0.981250738916565,1.01783519146838,1.05279637889457,TRUE,-0.715972066570798,"rich_design",7,"one_step_gamma_poisson","lambda"
"survival_50",0.354343693774205,0.395765097890127,0.0156784836043834,0.366051557297963,0.395270684638289,0.43025158574306,FALSE,2.64192667869628,"rich_design",7,"one_step_shared_gamma_poisson","survival"
"survival_80",0.589040434058665,0.623640761064464,0.0218328628315241,0.580195437144647,0.624385144192728,0.666120522065691,TRUE,1.58478195336985,"rich_design",7,"one_step_shared_gamma_poisson","survival"
"survival_110",0.789181706522253,0.806463432140702,0.0262906166933711,0.74856651021501,0.808552045093668,0.854545037109367,TRUE,0.657334356968767,"rich_design",7,"one_step_shared_gamma_poisson","survival"
"growth_increment_50",12,10.3323743804221,0.310181956447975,9.73391189051148,10.3549803450068,10.8530856110555,FALSE,-5.37628184009984,"rich_design",7,"one_step_shared_gamma_poisson","growth"
"growth_increment_80",8.4,7.23726996881984,0.206742604307203,6.78220307698181,7.24096491850606,7.61655768547637,FALSE,-5.62404655332887,"rich_design",7,"one_step_shared_gamma_poisson","growth"
"growth_increment_110",4.8,4.14216555721756,0.171600364452707,3.80589193810757,4.14709361375021,4.46195772202684,FALSE,-3.83352590701364,"rich_design",7,"one_step_shared_gamma_poisson","growth"
"growth_sd.log_growth_sd",4.5,6.17536695983731,0.348730757912937,5.53549049131064,6.15945920051968,6.85757158241676,FALSE,4.80418466631377,"rich_design",7,"one_step_shared_gamma_poisson","growth"
"recruitment_50",0.019387103915861,0.0324514408682746,0.0076984138849848,0.019582478856141,0.0316162568804631,0.0499225105823814,FALSE,1.69701670338804,"rich_design",7,"one_step_shared_gamma_poisson","recruitment"
"recruitment_80",0.183939720585721,0.228781078017914,0.0309943170555704,0.172312665298622,0.226311486090697,0.295269042744818,TRUE,1.4467606223359,"rich_design",7,"one_step_shared_gamma_poisson","recruitment"
"recruitment_110",1.74517147873092,1.62905143658032,0.069763434657213,1.49170235021729,1.62783586435304,1.78157743561999,TRUE,-1.66448287302888,"rich_design",7,"one_step_shared_gamma_poisson","recruitment"
"recruit_mean_50",44,44.6615703085739,0.69974627699764,43.3350658909392,44.6741922317419,45.9969717054422,TRUE,0.945443127489677,"rich_design",7,"one_step_shared_gamma_poisson","recruit_size"
"recruit_mean_80",44.6,44.9654222291443,0.408938155787704,44.1680535500632,44.9609822494819,45.7668720345459,TRUE,0.893588000954246,"rich_design",7,"one_step_shared_gamma_poisson","recruit_size"
"recruit_mean_110",45.2,45.2692741497145,0.134370569959067,45.0025977871635,45.2675004568369,45.5241726577305,TRUE,0.515545552390234,"rich_design",7,"one_step_shared_gamma_poisson","recruit_size"
"recruit_sd.log_recruit_sd",3.5,3.41442745398263,0.0641266029720748,3.29178547988965,3.41345569828266,3.54801845281466,TRUE,-1.33443129764159,"rich_design",7,"one_step_shared_gamma_poisson","recruit_size"
"lambda",1.03119869581319,1.01900490184391,0.0235761450521478,0.96811144116685,1.02013928730361,1.0649257677477,TRUE,-0.517208981464406,"rich_design",7,"one_step_shared_gamma_poisson","lambda"
"survival_50",0.354343693774205,0.39879350187375,0.0189029855030698,0.358686827099244,0.398919768972043,0.432350359790695,FALSE,2.35147025279829,"rich_design",7,"one_step_gamma_poisson_shape_informed","survival"
"survival_80",0.589040434058665,0.617116913527293,0.020387979684995,0.578775105778746,0.616837320870655,0.658138824106286,TRUE,1.37710944892158,"rich_design",7,"one_step_gamma_poisson_shape_informed","survival"
"survival_110",0.789181706522253,0.795928927556206,0.0240553290647184,0.74489601162798,0.796385662656655,0.843012779041667,TRUE,0.280487579937095,"rich_design",7,"one_step_gamma_poisson_shape_informed","survival"
"growth_increment_50",12,10.6560635872177,0.820799406599479,9.0336469129173,10.6594394419178,12.2586343225439,TRUE,-1.6373506145066,"rich_design",7,"one_step_gamma_poisson_shape_informed","growth"
"growth_increment_80",8.4,7.46004393433738,0.546193747109753,6.40378318652601,7.4657328831911,8.52328043343402,TRUE,-1.72092059024202,"rich_design",7,"one_step_gamma_poisson_shape_informed","growth"
"growth_increment_110",4.8,4.26402428145707,0.311146475351134,3.70583420790435,4.27356045455188,4.85521948700007,TRUE,-1.72258328794524,"rich_design",7,"one_step_gamma_poisson_shape_informed","growth"
"growth_sd.log_growth_sd",4.5,6.12968833407344,0.461152244546718,5.31404089664724,6.11274803699894,7.18369211274603,FALSE,3.53394861099575,"rich_design",7,"one_step_gamma_poisson_shape_informed","growth"
"recruitment_50",0.019387103915861,0.0276597202365175,0.00656573068469185,0.0179287248227568,0.0266638000287697,0.0418012116886722,TRUE,1.25996887748446,"rich_design",7,"one_step_gamma_poisson_shape_informed","recruitment"
"recruitment_80",0.183939720585721,0.209656945631891,0.0288379037176772,0.161080332440013,0.207481125144215,0.266322426025065,TRUE,0.891785522898642,"rich_design",7,"one_step_gamma_poisson_shape_informed","recruitment"
"recruitment_110",1.74517147873092,1.60468533058022,0.0796791073368738,1.46128139469257,1.6004211040433,1.7699037492979,TRUE,-1.76314912209976,"rich_design",7,"one_step_gamma_poisson_shape_informed","recruitment"
"recruit_mean_50",44,44.4915309646132,0.839086336994357,42.8593454264541,44.5203812168007,46.1783541721619,TRUE,0.585793073897399,"rich_design",7,"one_step_gamma_poisson_shape_informed","recruit_size"
"recruit_mean_80",44.6,44.859307835873,0.489012991402369,43.9168362276248,44.8698679009812,45.8226349347655,TRUE,0.530267785175531,"rich_design",7,"one_step_gamma_poisson_shape_informed","recruit_size"
"recruit_mean_110",45.2,45.2270847071329,0.166787003752445,44.9119816167709,45.2236812960752,45.5454273128296,TRUE,0.162390992844217,"rich_design",7,"one_step_gamma_poisson_shape_informed","recruit_size"
"recruit_sd.log_recruit_sd",3.5,3.3851777185351,0.0992897782448589,3.19535335101673,3.38341257589642,3.57838086017043,TRUE,-1.15643607523968,"rich_design",7,"one_step_gamma_poisson_shape_informed","recruit_size"
"lambda",1.03119869581319,1.01861666632843,0.0196205116033012,0.974194130089965,1.01965353791217,1.05235733702957,TRUE,-0.641269184981157,"rich_design",7,"one_step_gamma_poisson_shape_informed","lambda"
"survival_50",0.354343693774205,0.405109496624527,0.0174798394830752,0.371515927733447,0.405522496717831,0.436228853950749,FALSE,2.90424880042386,"rich_design",7,"one_step_gamma_poisson_fixed_recruitment_slope","survival"
"survival_80",0.589040434058665,0.620280597163875,0.019876514597086,0.578455900382297,0.620820044920086,0.658639577947046,TRUE,1.57171233178829,"rich_design",7,"one_step_gamma_poisson_fixed_recruitment_slope","survival"
"survival_110",0.789181706522253,0.795926513692766,0.0249161906398237,0.746091797057228,0.797693834384756,0.841331374692002,TRUE,0.270699773814262,"rich_design",7,"one_step_gamma_poisson_fixed_recruitment_slope","survival"
"growth_increment_50",12,10.418349516487,0.63084836152081,9.1069268548484,10.4210678204087,11.7124833284683,FALSE,-2.50718014024809,"rich_design",7,"one_step_gamma_poisson_fixed_recruitment_slope","growth"
"growth_increment_80",8.4,7.29541037953788,0.531135643847583,6.1848209701223,7.28239369307108,8.41463339424584,TRUE,-2.07967518892237,"rich_design",7,"one_step_gamma_poisson_fixed_recruitment_slope","growth"
"growth_increment_110",4.8,4.17247124258878,0.536441171803156,3.11229844156396,4.18275784687316,5.20611290702917,TRUE,-1.16979976630409,"rich_design",7,"one_step_gamma_poisson_fixed_recruitment_slope","growth"
"growth_sd.log_growth_sd",4.5,6.23457625498319,0.417475520188524,5.47413074021826,6.2215208442556,7.06382001116695,FALSE,4.15491728520966,"rich_design",7,"one_step_gamma_poisson_fixed_recruitment_slope","growth"
"recruitment_50",0.019387103915861,0.0164663371176162,0.000573210888750626,0.0153937846494948,0.0164405306070533,0.0176632298205602,FALSE,-5.09544890993079,"rich_design",7,"one_step_gamma_poisson_fixed_recruitment_slope","recruitment"
"recruitment_80",0.183939720585721,0.156228256764368,0.00543847349099023,0.146052162276198,0.155983411409289,0.167584058554366,FALSE,-5.09544890993078,"rich_design",7,"one_step_gamma_poisson_fixed_recruitment_slope","recruitment"
"recruitment_110",1.74517147873092,1.48225243035511,0.0515987998355539,1.38570433400553,1.47992940230537,1.58999327794866,FALSE,-5.09544890993078,"rich_design",7,"one_step_gamma_poisson_fixed_recruitment_slope","recruitment"
"recruit_mean_50",44,44.1204475407349,0.8417583114926,42.505968844623,44.1520370351954,45.7955148695129,TRUE,0.143090408601196,"rich_design",7,"one_step_gamma_poisson_fixed_recruitment_slope","recruit_size"
"recruit_mean_80",44.6,44.6224986316762,0.49971595026406,43.6284787973805,44.635229724793,45.5833157116987,TRUE,0.0450228408045687,"rich_design",7,"one_step_gamma_poisson_fixed_recruitment_slope","recruit_size"
"recruit_mean_110",45.2,45.1245497226175,0.17798703473655,44.7834644772166,45.129462001271,45.4592961711307,TRUE,-0.423908839732107,"rich_design",7,"one_step_gamma_poisson_fixed_recruitment_slope","recruit_size"
"recruit_sd.log_recruit_sd",3.5,3.34853534037853,0.0929409548771319,3.16486618309172,3.34921826407698,3.52279497984588,TRUE,-1.62968693211407,"rich_design",7,"one_step_gamma_poisson_fixed_recruitment_slope","recruit_size"
"lambda",1.03119869581319,1.02331548221634,0.0248254606203746,0.980661864308928,1.02381492064292,1.07015111095248,TRUE,-0.317545511739149,"rich_design",7,"one_step_gamma_poisson_fixed_recruitment_slope","lambda"
"survival_50",0.354343693774205,0.393953707388181,0.0374773323121991,0.316832043972165,0.392678420330666,0.466668703708646,TRUE,1.05690589938502,"standard",8,"one_step_shared_gamma_poisson","survival"
"survival_80",0.589040434058665,0.600099702761329,0.0438341995300399,0.514581289992984,0.599214042682425,0.680765324608501,TRUE,0.252297722354545,"standard",8,"one_step_shared_gamma_poisson","survival"
"survival_110",0.789181706522253,0.772527128240697,0.058240162773671,0.642164381932204,0.7767589406857,0.867362893677972,TRUE,-0.285963800380812,"standard",8,"one_step_shared_gamma_poisson","survival"
"growth_increment_50",12,8.82271022359333,0.4622814045935,7.85162955533247,8.85766191517714,9.66472365616621,FALSE,-6.87306420901912,"standard",8,"one_step_shared_gamma_poisson","growth"
"growth_increment_80",8.4,5.87706600770338,0.288385456761734,5.28893914840575,5.88744714199386,6.38974772779031,FALSE,-8.74847858358227,"standard",8,"one_step_shared_gamma_poisson","growth"
"growth_increment_110",4.8,2.93142179181345,0.164035338223493,2.60717143840967,2.93456421093169,3.25029831068936,FALSE,-11.3913149960448,"standard",8,"one_step_shared_gamma_poisson","growth"
"growth_sd.log_growth_sd",4.5,7.60436942503396,0.736112922825747,6.3406163670455,7.54406221967931,9.19001963123594,FALSE,4.21724619792992,"standard",8,"one_step_shared_gamma_poisson","growth"
"recruitment_50",0.019387103915861,0.0443991611625528,0.0207007878042298,0.0165623784268514,0.0410357240212464,0.0913900908790802,TRUE,1.20826595988685,"standard",8,"one_step_shared_gamma_poisson","recruitment"
"recruitment_80",0.183939720585721,0.263693600356139,0.0608526237560558,0.16491878177901,0.26114921270912,0.386773386232496,TRUE,1.31060708393007,"standard",8,"one_step_shared_gamma_poisson","recruitment"
"recruitment_110",1.74517147873092,1.65006273834144,0.126330758407454,1.41183242819596,1.6455336691306,1.90678990791907,TRUE,-0.752854978379244,"standard",8,"one_step_shared_gamma_poisson","recruitment"
"recruit_mean_50",44,44.4951749825856,1.44971945486008,41.8185305996711,44.4822128083227,47.4079891906103,TRUE,0.341566073991458,"standard",8,"one_step_shared_gamma_poisson","recruit_size"
"recruit_mean_80",44.6,44.90795894711,0.744416166445105,43.5430308258857,44.9010553317896,46.428611187201,TRUE,0.413691911851718,"standard",8,"one_step_shared_gamma_poisson","recruit_size"
"recruit_mean_110",45.2,45.3207429116344,0.264991099828956,44.7652073171416,45.3201446451811,45.8223641071063,TRUE,0.455648932029423,"standard",8,"one_step_shared_gamma_poisson","recruit_size"
"recruit_sd.log_recruit_sd",3.5,3.63096544714548,0.213083099207707,3.22142779389837,3.61813772019833,4.06286185125813,TRUE,0.614621467551578,"standard",8,"one_step_shared_gamma_poisson","recruit_size"
"lambda",1.03119869581319,0.953000764392105,0.0535176598958506,0.829906098945931,0.960674729451298,1.04197326393983,TRUE,-1.46116126103545,"standard",8,"one_step_shared_gamma_poisson","lambda"
"survival_50",0.354343693774205,0.413646695196513,0.0414180485660491,0.338194621881214,0.41449328170592,0.491132300375279,TRUE,1.43181543977714,"standard",8,"one_step_gamma_poisson_shape_informed","survival"
"survival_80",0.589040434058665,0.608324751277232,0.0450542578113315,0.513840202943384,0.611584695601476,0.694865753091427,TRUE,0.428024301261864,"standard",8,"one_step_gamma_poisson_shape_informed","survival"
"survival_110",0.789181706522253,0.769926715637511,0.0619086354331249,0.617022135267492,0.778436632057598,0.870008909326952,TRUE,-0.31102269901493,"standard",8,"one_step_gamma_poisson_shape_informed","survival"
"growth_increment_50",12,8.43684745495672,1.69499793023909,5.03507311985869,8.3617718814812,11.6136158689971,FALSE,-2.10215746077086,"standard",8,"one_step_gamma_poisson_shape_informed","growth"
"growth_increment_80",8.4,5.63140400994857,1.16697632383514,3.31652014332976,5.70716623397738,7.55751811354646,FALSE,-2.37245257980277,"standard",8,"one_step_gamma_poisson_shape_informed","growth"
"growth_increment_110",4.8,2.83088805871837,1.29358651397709,0.279893916774302,2.84834787981223,5.44030505180209,TRUE,-1.52221124757064,"standard",8,"one_step_gamma_poisson_shape_informed","growth"
"growth_sd.log_growth_sd",4.5,7.66352414710502,0.756946692142784,6.40521809561176,7.6035005376117,9.26611243332917,FALSE,4.17932224282484,"standard",8,"one_step_gamma_poisson_shape_informed","growth"
"recruitment_50",0.019387103915861,0.0291080364305386,0.0131851929998438,0.0121918151472352,0.0256717551548271,0.0604493320162968,TRUE,0.737261298700199,"standard",8,"one_step_gamma_poisson_shape_informed","recruitment"
"recruitment_80",0.183939720585721,0.212378990970206,0.0512568500058375,0.134014140055986,0.205237213975464,0.334934831546533,TRUE,0.554838433911684,"standard",8,"one_step_gamma_poisson_shape_informed","recruitment"
"recruitment_110",1.74517147873092,1.61111165358074,0.145699836445603,1.3241758529497,1.60489707752386,1.89030108358828,TRUE,-0.920109647482246,"standard",8,"one_step_gamma_poisson_shape_informed","recruitment"
"recruit_mean_50",44,44.4935412506868,1.69370545494335,41.2778538076037,44.5195524603009,47.5835245051181,TRUE,0.291397331954247,"standard",8,"one_step_gamma_poisson_shape_informed","recruit_size"
"recruit_mean_80",44.6,44.8585293911262,0.891291074992159,43.0060074844268,44.8523054256344,46.4477069810335,TRUE,0.290061685099352,"standard",8,"one_step_gamma_poisson_shape_informed","recruit_size"
"recruit_mean_110",45.2,45.2235175315655,0.272106786958401,44.6461406466542,45.2150916525893,45.7806806630791,TRUE,0.086427581716704,"standard",8,"one_step_gamma_poisson_shape_informed","recruit_size"
"recruit_sd.log_recruit_sd",3.5,3.54772569423857,0.25745052512462,3.05177652424396,3.54848140849507,4.0432368684785,TRUE,0.185378119603649,"standard",8,"one_step_gamma_poisson_shape_informed","recruit_size"
"lambda",1.03119869581319,0.95889506929254,0.0551430438721878,0.836561746721268,0.95945053378453,1.05166293856384,TRUE,-1.31120122219295,"standard",8,"one_step_gamma_poisson_shape_informed","lambda"
"survival_50",0.354343693774205,0.416655905888961,0.0416469642829357,0.337037019082339,0.41547564568487,0.496886754955459,TRUE,1.49620057998533,"standard",8,"one_step_gamma_poisson_fixed_recruitment_slope","survival"
"survival_80",0.589040434058665,0.613312788700402,0.042861746998848,0.533797851179483,0.612925789453095,0.696317810365911,TRUE,0.566294104680075,"standard",8,"one_step_gamma_poisson_fixed_recruitment_slope","survival"
"survival_110",0.789181706522253,0.775294589197623,0.0572055734841702,0.657889260146508,0.774676588869345,0.868642158286939,TRUE,-0.242758117414426,"standard",8,"one_step_gamma_poisson_fixed_recruitment_slope","survival"
"growth_increment_50",12,8.06780569765685,1.54970169969437,4.80091243042864,8.1547911474929,11.1211257753377,FALSE,-2.53738787478819,"standard",8,"one_step_gamma_poisson_fixed_recruitment_slope","growth"
"growth_increment_80",8.4,5.4846361509581,1.15298224812813,3.13164850305905,5.4943613093746,7.62156227252721,FALSE,-2.52854183468567,"standard",8,"one_step_gamma_poisson_fixed_recruitment_slope","growth"
"growth_increment_110",4.8,2.91830749111163,1.40114366970719,0,2.94926053482442,5.6235118759941,TRUE,-1.34296899709193,"standard",8,"one_step_gamma_poisson_fixed_recruitment_slope","growth"
"growth_sd.log_growth_sd",4.5,7.6628262944026,0.808384165939312,6.01765223705964,7.65485484471282,9.12334050385552,FALSE,3.91252875509693,"standard",8,"one_step_gamma_poisson_fixed_recruitment_slope","growth"
"recruitment_50",0.019387103915861,0.0170434656572496,0.00157981959477043,0.0142981619737318,0.0169505241617572,0.0204064064416842,TRUE,-1.48348473861791,"standard",8,"one_step_gamma_poisson_fixed_recruitment_slope","recruitment"
"recruitment_80",0.183939720585721,0.161703899892032,0.0149889109842848,0.135657183752234,0.160822095534565,0.193610593688065,TRUE,-1.4834847386179,"standard",8,"one_step_gamma_poisson_fixed_recruitment_slope","recruitment"
"recruitment_110",1.74517147873092,1.53420388588457,0.142210827893587,1.28707952374555,1.52583755908156,1.8369261680329,TRUE,-1.48348473861791,"standard",8,"one_step_gamma_poisson_fixed_recruitment_slope","recruitment"
"recruit_mean_50",44,44.2565684151246,1.85827221078848,40.8593614270175,44.3162638496533,47.6956520566687,TRUE,0.138068262354153,"standard",8,"one_step_gamma_poisson_fixed_recruitment_slope","recruit_size"
"recruit_mean_80",44.6,44.7263299928238,1.02072271638582,42.7275376482966,44.7167133926518,46.6438928395286,TRUE,0.123765240839446,"standard",8,"one_step_gamma_poisson_fixed_recruitment_slope","recruit_size"
"recruit_mean_110",45.2,45.1960915705231,0.332088464526161,44.5448204662705,45.1911670486277,45.8562250585485,TRUE,-0.0117692419172293,"standard",8,"one_step_gamma_poisson_fixed_recruitment_slope","recruit_size"
"recruit_sd.log_recruit_sd",3.5,3.53173892463137,0.278418545870995,3.03535225377864,3.52371364498883,4.12329932526467,TRUE,0.113997163989494,"standard",8,"one_step_gamma_poisson_fixed_recruitment_slope","recruit_size"
"lambda",1.03119869581319,0.970892937539801,0.053910956537446,0.867606631024273,0.971596343301972,1.08058188630979,TRUE,-1.11861784962957,"standard",8,"one_step_gamma_poisson_fixed_recruitment_slope","lambda"
"survival_50",0.354343693774205,0.349808495158493,0.0109114366206367,0.328442221479545,0.349247926467816,0.372783288881047,TRUE,-0.415637167990711,"dense_profiles",8,"recursive_gamma_poisson","survival"
"survival_80",0.589040434058665,0.58282554798323,0.0100632395850179,0.563153262312481,0.582924879837463,0.602270773348461,TRUE,-0.617583038039517,"dense_profiles",8,"recursive_gamma_poisson","survival"
"survival_110",0.789181706522253,0.78367199875075,0.0146365174920812,0.752020140613963,0.784644105301496,0.810021586046936,TRUE,-0.376435704359537,"dense_profiles",8,"recursive_gamma_poisson","survival"
"growth_increment_50",12,12.2514047390211,0.514364390939643,11.2727906881138,12.2713903291386,13.2886613175668,TRUE,0.488767775237769,"dense_profiles",8,"recursive_gamma_poisson","growth"
"growth_increment_80",8.4,8.53227982826306,0.363559677164037,7.89032773250037,8.51201090882707,9.2643942902232,TRUE,0.363846258459996,"dense_profiles",8,"recursive_gamma_poisson","growth"
"growth_increment_110",4.8,4.81315491750502,0.329343711194862,4.18728978764895,4.80510015697689,5.48169236407703,TRUE,0.0399428228257144,"dense_profiles",8,"recursive_gamma_poisson","growth"
"growth_sd.log_growth_sd",4.5,4.25411373843952,0.438513822338328,3.38022692485473,4.26340503910442,5.16966349000827,TRUE,-0.560726364905266,"dense_profiles",8,"recursive_gamma_poisson","growth"
"recruitment_50",0.019387103915861,0.0314194525647275,0.00775230490067677,0.01835895313896,0.0306539221081892,0.0503393571085708,TRUE,1.552099511439,"dense_profiles",8,"recursive_gamma_poisson","recruitment"
"recruitment_80",0.183939720585721,0.233353933038893,0.0286212444889158,0.183998916132926,0.231416777062028,0.290998980295949,FALSE,1.7264872068127,"dense_profiles",8,"recursive_gamma_poisson","recruitment"
"recruitment_110",1.74517147873092,1.75993213480351,0.0630616275846412,1.64322074957515,1.76275188462188,1.88656727080709,TRUE,0.234067159982161,"dense_profiles",8,"recursive_gamma_poisson","recruitment"
"recruit_mean_50",44,44.5390718927343,0.903843390691406,42.9240885580531,44.4809027774272,46.3475568367201,TRUE,0.596421789754861,"dense_profiles",8,"recursive_gamma_poisson","recruit_size"
"recruit_mean_80",44.6,44.8474773464323,0.475132837789813,43.9663642434599,44.8099922888984,45.8148352623692,TRUE,0.520859277130749,"dense_profiles",8,"recursive_gamma_poisson","recruit_size"
"recruit_mean_110",45.2,45.1558828001304,0.126322912920535,44.8993401296472,45.1494958472121,45.3956972602065,TRUE,-0.349241470527023,"dense_profiles",8,"recursive_gamma_poisson","recruit_size"
"recruit_sd.log_recruit_sd",3.5,3.52209122060944,0.0978167348474016,3.34325949750996,3.52594932485836,3.70672312627718,TRUE,0.225842956666881,"dense_profiles",8,"recursive_gamma_poisson","recruit_size"
"lambda",1.03119869581319,1.01435971321432,0.00820021471440052,0.997799381882656,1.01464381991229,1.02932315939304,FALSE,-2.05348069353665,"dense_profiles",8,"recursive_gamma_poisson","lambda"
"survival_50",0.354343693774205,0.35462073144461,0.0154367431558851,0.324072399127368,0.354563456192612,0.382661880992497,TRUE,0.0179466398843322,"dense_profiles",8,"one_step_gamma_poisson","survival"
"survival_80",0.589040434058665,0.583618686022027,0.019434773821672,0.543046087385622,0.584075652953645,0.618735083874228,TRUE,-0.278971501617991,"dense_profiles",8,"one_step_gamma_poisson","survival"
"survival_110",0.789181706522253,0.780625665594882,0.0262197047547872,0.725562830882626,0.782984244988212,0.825913297437122,TRUE,-0.326321024869995,"dense_profiles",8,"one_step_gamma_poisson","survival"
"growth_increment_50",12,11.9400128738699,0.573663825064135,10.8044970228854,11.9701282799209,13.0198269176556,TRUE,-0.104568431037782,"dense_profiles",8,"one_step_gamma_poisson","growth"
"growth_increment_80",8.4,8.549463243987,0.46408558330512,7.67689875526741,8.56360190923578,9.45408442923256,TRUE,0.322059657450589,"dense_profiles",8,"one_step_gamma_poisson","growth"
"growth_increment_110",4.8,5.15891361410411,0.588071161233134,3.99091072794209,5.17657881984896,6.35053099602879,TRUE,0.610323440026368,"dense_profiles",8,"one_step_gamma_poisson","growth"
"growth_sd.log_growth_sd",4.5,4.31313880262974,0.507122083233719,3.35774251470375,4.30339468906272,5.37588885650413,TRUE,-0.368473792698435,"dense_profiles",8,"one_step_gamma_poisson","growth"
"recruitment_50",0.019387103915861,0.0398870962709542,0.00932222877620561,0.0244263791768086,0.0387115174103531,0.0626026767375767,FALSE,2.19904411779918,"dense_profiles",8,"one_step_gamma_poisson","recruitment"
"recruitment_80",0.183939720585721,0.268038407959618,0.0316468117127892,0.208271676831806,0.265483351916633,0.336206605274895,FALSE,2.65741421717723,"dense_profiles",8,"one_step_gamma_poisson","recruitment"
"recruitment_110",1.74517147873092,1.82516960781716,0.0584303029331523,1.7117862545146,1.82558256763459,1.9425071199151,TRUE,1.36912056022995,"dense_profiles",8,"one_step_gamma_poisson","recruitment"
"recruit_mean_50",44,44.7308462330659,0.930645409174516,42.9054572579556,44.7742172891234,46.589481803077,TRUE,0.785311167777795,"dense_profiles",8,"one_step_gamma_poisson","recruit_size"
"recruit_mean_80",44.6,44.9491128565887,0.472397886885186,43.9927886868591,44.9573744245947,45.8916975076691,TRUE,0.739022900569311,"dense_profiles",8,"one_step_gamma_poisson","recruit_size"
"recruit_mean_110",45.2,45.1673794801116,0.129589208660474,44.9333774838907,45.1650601249997,45.4230805230568,TRUE,-0.251722502402784,"dense_profiles",8,"one_step_gamma_poisson","recruit_size"
"recruit_sd.log_recruit_sd",3.5,3.51303677832127,0.103647969279868,3.32798765242831,3.51286090308528,3.72221753614864,TRUE,0.125779389715445,"dense_profiles",8,"one_step_gamma_poisson","recruit_size"
"lambda",1.03119869581319,1.02028252199606,0.02840079063342,0.96509510539397,1.02293917733952,1.07591586030939,TRUE,-0.384361617182998,"dense_profiles",8,"one_step_gamma_poisson","lambda"
"survival_50",0.354343693774205,0.356070526570699,0.0156866445415731,0.326896404700131,0.356591912508756,0.384282178185654,TRUE,0.110082993970968,"dense_profiles",8,"one_step_shared_gamma_poisson","survival"
"survival_80",0.589040434058665,0.584737549842748,0.0215080876325399,0.544583856305713,0.584776536294667,0.626113026696416,TRUE,-0.200058893632539,"dense_profiles",8,"one_step_shared_gamma_poisson","survival"
"survival_110",0.789181706522253,0.78101429910197,0.0279231100033473,0.728087928521889,0.782716304955559,0.83128121105713,TRUE,-0.2924963379546,"dense_profiles",8,"one_step_shared_gamma_poisson","survival"
"growth_increment_50",12,11.91069691009,0.54656718733317,10.8520836933013,11.9484621793526,12.8930103371566,TRUE,-0.163389043432641,"dense_profiles",8,"one_step_shared_gamma_poisson","growth"
"growth_increment_80",8.4,8.5326099600329,0.444326606540257,7.65924664034213,8.54454396957389,9.37341573805204,TRUE,0.298451540108005,"dense_profiles",8,"one_step_shared_gamma_poisson","growth"
"growth_increment_110",4.8,5.15452300997584,0.560423801930187,4.01408001574418,5.16438352058606,6.1827367936989,TRUE,0.632598060173052,"dense_profiles",8,"one_step_shared_gamma_poisson","growth"
"growth_sd.log_growth_sd",4.5,4.37828009709535,0.507380312259038,3.48521109549539,4.35690895775914,5.46268960861331,TRUE,-0.239898750431823,"dense_profiles",8,"one_step_shared_gamma_poisson","growth"
"recruitment_50",0.019387103915861,0.0404167568165631,0.0089279594704651,0.0263533055096464,0.0391547932013398,0.0614140891056458,FALSE,2.35548256802364,"dense_profiles",8,"one_step_shared_gamma_poisson","recruitment"
"recruitment_80",0.183939720585721,0.269407410045211,0.030312658128701,0.218656245865727,0.268183648266383,0.33506377845463,FALSE,2.81953793351319,"dense_profiles",8,"one_step_shared_gamma_poisson","recruitment"
"recruitment_110",1.74517147873092,1.81662180901564,0.060008256233812,1.71090375512565,1.81386992377551,1.93881026393575,TRUE,1.19067499655927,"dense_profiles",8,"one_step_shared_gamma_poisson","recruitment"
"recruit_mean_50",44,44.7619716992374,0.850351494148237,43.1206785444193,44.7719345091629,46.381670612354,TRUE,0.896066749433598,"dense_profiles",8,"one_step_shared_gamma_poisson","recruit_size"
"recruit_mean_80",44.6,44.9580024959712,0.435771390089553,44.1278942189165,44.9506947223779,45.7990604367523,TRUE,0.821537402668042,"dense_profiles",8,"one_step_shared_gamma_poisson","recruit_size"
"recruit_mean_110",45.2,45.154033292705,0.131962097364995,44.8932313108377,45.156594954917,45.4132848613234,TRUE,-0.348332651669215,"dense_profiles",8,"one_step_shared_gamma_poisson","recruit_size"
"recruit_sd.log_recruit_sd",3.5,3.51847566550128,0.0953668762626356,3.33428445636778,3.51742404825225,3.71409824830901,TRUE,0.193732522499738,"dense_profiles",8,"one_step_shared_gamma_poisson","recruit_size"
"lambda",1.03119869581319,1.02013024091793,0.0297244336909085,0.960184723085388,1.02109603865628,1.07585862081177,TRUE,-0.372368907356249,"dense_profiles",8,"one_step_shared_gamma_poisson","lambda"
"survival_50",0.354343693774205,0.3549099349214,0.0151224538956744,0.325380977446497,0.355152067369814,0.384732671747243,TRUE,0.0374437344033072,"dense_profiles",8,"one_step_gamma_poisson_shape_informed","survival"
"survival_80",0.589040434058665,0.583196149743901,0.0203336073544076,0.543502342485407,0.583263100133822,0.622053882681141,TRUE,-0.287419945359435,"dense_profiles",8,"one_step_gamma_poisson_shape_informed","survival"
"survival_110",0.789181706522253,0.779671880252541,0.0280178784222652,0.722371046672704,0.78075560704326,0.830708946709845,TRUE,-0.339419927747069,"dense_profiles",8,"one_step_gamma_poisson_shape_informed","survival"
"growth_increment_50",12,11.99441462838,0.565031156769957,10.9102451383317,11.9781110541451,13.1232271963984,TRUE,-0.0098850683774315,"dense_profiles",8,"one_step_gamma_poisson_shape_informed","growth"
"growth_increment_80",8.4,8.58784892069871,0.466202189132576,7.64482868142542,8.59833707179063,9.49239430711633,TRUE,0.402934445778184,"dense_profiles",8,"one_step_gamma_poisson_shape_informed","growth"
"growth_increment_110",4.8,5.18128321301748,0.569778737318907,3.99851119482933,5.16861168418489,6.24811713273054,TRUE,0.66917767906118,"dense_profiles",8,"one_step_gamma_poisson_shape_informed","growth"
"growth_sd.log_growth_sd",4.5,4.31844164997543,0.501668856501872,3.4652187645182,4.29381336321627,5.43587383544221,TRUE,-0.361908752499749,"dense_profiles",8,"one_step_gamma_poisson_shape_informed","growth"
"recruitment_50",0.019387103915861,0.0359850806558246,0.00818317314790524,0.0235341428523642,0.0348981486258415,0.0542486487413051,FALSE,2.02830569999761,"dense_profiles",8,"one_step_gamma_poisson_shape_informed","recruitment"
"recruitment_80",0.183939720585721,0.254676168801306,0.0292397417261927,0.205975685890266,0.253923451975533,0.31795074237935,FALSE,2.41918854407048,"dense_profiles",8,"one_step_gamma_poisson_shape_informed","recruitment"
"recruitment_110",1.74517147873092,1.82452705364794,0.0559110191161337,1.71633993882779,1.82639644324609,1.93514015891366,TRUE,1.41931905680686,"dense_profiles",8,"one_step_gamma_poisson_shape_informed","recruitment"
"recruit_mean_50",44,44.6833863833733,0.978976912077883,42.8924590374871,44.6403066367648,46.6157105988151,TRUE,0.698061797926184,"dense_profiles",8,"one_step_gamma_poisson_shape_informed","recruit_size"
"recruit_mean_80",44.6,44.9171440374181,0.506604558497264,43.9746344138595,44.8934613696701,45.850057561953,TRUE,0.626018917711341,"dense_profiles",8,"one_step_gamma_poisson_shape_informed","recruit_size"
"recruit_mean_110",45.2,45.1509016914628,0.134963068449726,44.9054971420408,45.147341414612,45.403208121623,TRUE,-0.363790695492747,"dense_profiles",8,"one_step_gamma_poisson_shape_informed","recruit_size"
"recruit_sd.log_recruit_sd",3.5,3.51626812605737,0.10012010520346,3.33272008896956,3.51289039210986,3.70259747054146,TRUE,0.162486106305146,"dense_profiles",8,"one_step_gamma_poisson_shape_informed","recruit_size"
"lambda",1.03119869581319,1.02281455144031,0.0292887531462908,0.963674533289625,1.02392823155448,1.07800371131546,TRUE,-0.286258152779874,"dense_profiles",8,"one_step_gamma_poisson_shape_informed","lambda"
"survival_50",0.354343693774205,0.357504640144142,0.0159668118330605,0.327795440576975,0.358127568464498,0.390487944143886,TRUE,0.197969789021558,"dense_profiles",8,"one_step_gamma_poisson_fixed_recruitment_slope","survival"
"survival_80",0.589040434058665,0.583948830412764,0.0186310036652248,0.547239587260966,0.584624352962367,0.618706745255906,TRUE,-0.273286599980902,"dense_profiles",8,"one_step_gamma_poisson_fixed_recruitment_slope","survival"
"survival_110",0.789181706522253,0.778916413302704,0.0264378101984182,0.724837174251622,0.78086454480234,0.826160172146928,TRUE,-0.388280766920808,"dense_profiles",8,"one_step_gamma_poisson_fixed_recruitment_slope","survival"
"growth_increment_50",12,11.8832764674276,0.581996898238698,10.7112314955862,11.9095134392987,12.94664421334,TRUE,-0.200556966756415,"dense_profiles",8,"one_step_gamma_poisson_fixed_recruitment_slope","growth"
"growth_increment_80",8.4,8.50325616671798,0.472836115719945,7.55802082014174,8.49559866154475,9.37293466007363,TRUE,0.21837622652991,"dense_profiles",8,"one_step_gamma_poisson_fixed_recruitment_slope","growth"
"growth_increment_110",4.8,5.12323586600835,0.612478583073281,3.99915622122465,5.12608723261485,6.2552967826846,TRUE,0.527750479676237,"dense_profiles",8,"one_step_gamma_poisson_fixed_recruitment_slope","growth"
"growth_sd.log_growth_sd",4.5,4.3898623671887,0.520344282872601,3.45005887486294,4.34869456806118,5.45285191594387,TRUE,-0.21166300166359,"dense_profiles",8,"one_step_gamma_poisson_fixed_recruitment_slope","growth"
"recruitment_50",0.019387103915861,0.0197473154328188,0.000638681907717561,0.0185469975460914,0.0197222251440809,0.0209987797504653,TRUE,0.563992047692475,"dense_profiles",8,"one_step_gamma_poisson_fixed_recruitment_slope","recruitment"
"recruitment_80",0.183939720585721,0.18735731230383,0.00605964522388574,0.175969013274905,0.187119262272227,0.199230875158289,TRUE,0.563992047692456,"dense_profiles",8,"one_step_gamma_poisson_fixed_recruitment_slope","recruitment"
"recruitment_110",1.74517147873092,1.77759668614886,0.0574923131462795,1.66954751333697,1.77533813033318,1.89024991394837,TRUE,0.56399204769241,"dense_profiles",8,"one_step_gamma_poisson_fixed_recruitment_slope","recruitment"
"recruit_mean_50",44,44.2319980249168,0.978347571515209,42.3261573732926,44.2298332282092,46.2497957636231,TRUE,0.237132519844185,"dense_profiles",8,"one_step_gamma_poisson_fixed_recruitment_slope","recruit_size"
"recruit_mean_80",44.6,44.6551846206107,0.533874036043736,43.595230964819,44.6573331337818,45.7328390898868,TRUE,0.103366369002718,"dense_profiles",8,"one_step_gamma_poisson_fixed_recruitment_slope","recruit_size"
"recruit_mean_110",45.2,45.0783712163046,0.152496276046498,44.7897557715208,45.073642844634,45.3618054901486,TRUE,-0.797585271251612,"dense_profiles",8,"one_step_gamma_poisson_fixed_recruitment_slope","recruit_size"
"recruit_sd.log_recruit_sd",3.5,3.47980167388457,0.105368283376135,3.27123562775397,3.48624721481767,3.67610000655874,TRUE,-0.191692656160367,"dense_profiles",8,"one_step_gamma_poisson_fixed_recruitment_slope","recruit_size"
"lambda",1.03119869581319,1.03353380235731,0.0300311226032944,0.972911610090647,1.03549098292495,1.08819092984784,TRUE,0.0777562189387416,"dense_profiles",8,"one_step_gamma_poisson_fixed_recruitment_slope","lambda"
"survival_50",0.354343693774205,0.370550554942985,0.0113484387719579,0.348537120334415,0.370095487273237,0.393563229342175,TRUE,1.42811372510799,"rich_design",8,"recursive_gamma_poisson","survival"
"survival_80",0.589040434058665,0.594914920334713,0.00872214508453632,0.578197457843268,0.595078609039927,0.61196800211076,TRUE,0.673513937123441,"rich_design",8,"recursive_gamma_poisson","survival"
"survival_110",0.789181706522253,0.785506849225661,0.00995971075984897,0.767582457112206,0.786352195005458,0.804392075921111,TRUE,-0.368972290983217,"rich_design",8,"recursive_gamma_poisson","survival"
"growth_increment_50",12,11.5084162087236,0.482146236736003,10.6800502325779,11.4802177300437,12.4933088166377,TRUE,-1.0195740499901,"rich_design",8,"recursive_gamma_poisson","growth"
"growth_increment_80",8.4,8.06873573202274,0.321447370052096,7.52340841842954,8.03516382999016,8.74831584611178,TRUE,-1.03053967411081,"rich_design",8,"recursive_gamma_poisson","growth"
"growth_increment_110",4.8,4.62905525532188,0.228787186107896,4.19533588545631,4.62433248808551,5.07224973903046,TRUE,-0.747177967377534,"rich_design",8,"recursive_gamma_poisson","growth"
"growth_sd.log_growth_sd",4.5,4.64587047034041,0.32138042441954,4.102168520688,4.63366894326373,5.333132847125,TRUE,0.453887229142453,"rich_design",8,"recursive_gamma_poisson","growth"
"recruitment_50",0.019387103915861,0.00633660579126595,0.00179022477802597,0.00339265813913207,0.00620118625028402,0.010370966514431,FALSE,-7.28986565529805,"rich_design",8,"recursive_gamma_poisson","recruitment"
"recruitment_80",0.183939720585721,0.0910206416790909,0.0151342680443582,0.0625385466522221,0.0914297690779207,0.122225449407326,FALSE,-6.13964802488541,"rich_design",8,"recursive_gamma_poisson","recruitment"
"recruitment_110",1.74517147873092,1.32569066417989,0.0783330181829221,1.18081821464491,1.32639760130435,1.49020856835904,FALSE,-5.35509577291486,"rich_design",8,"recursive_gamma_poisson","recruitment"
"recruit_mean_50",44,44.7305860817323,1.12893171473627,42.5285687711184,44.7140780679325,46.8695444750965,TRUE,0.647148159800794,"rich_design",8,"recursive_gamma_poisson","recruit_size"
"recruit_mean_80",44.6,45.0074958825621,0.696503357578737,43.6150635976834,45.0086834778334,46.3487045277529,TRUE,0.585059466157779,"rich_design",8,"recursive_gamma_poisson","recruit_size"
"recruit_mean_110",45.2,45.284405683392,0.280133383618677,44.7390184407548,45.2848041458025,45.8440672473877,TRUE,0.301305336413782,"rich_design",8,"recursive_gamma_poisson","recruit_size"
"recruit_sd.log_recruit_sd",3.5,3.64007670170399,0.0945009392861964,3.46144278058584,3.64329736576792,3.81782100069383,TRUE,1.48227840656445,"rich_design",8,"recursive_gamma_poisson","recruit_size"
"lambda",1.03119869581319,1.03338773276235,0.0059043811815536,1.02232958665144,1.03395866956562,1.04438927866666,TRUE,0.370747904285159,"rich_design",8,"recursive_gamma_poisson","lambda"
"survival_50",0.354343693774205,0.420855863087082,0.020265775319072,0.378516049929751,0.421557780303837,0.459797041814282,FALSE,3.28199480482167,"rich_design",8,"one_step_gamma_poisson","survival"
"survival_80",0.589040434058665,0.615631129584176,0.0192783101958168,0.576681808631969,0.615349504650803,0.652436346828189,TRUE,1.3793063424864,"rich_design",8,"one_step_gamma_poisson","survival"
"survival_110",0.789181706522253,0.778655849594046,0.024533547123027,0.727248791248717,0.778511523252337,0.821940558083722,TRUE,-0.429039342555032,"rich_design",8,"one_step_gamma_poisson","survival"
"growth_increment_50",12,10.2657170451322,0.725563713146916,8.79368165790736,10.2908957838665,11.7005206892576,FALSE,-2.39025591198033,"rich_design",8,"one_step_gamma_poisson","growth"
"growth_increment_80",8.4,7.26382254982612,0.544459110270825,6.21314856399626,7.25552933931246,8.39099688265565,FALSE,-2.08680032851084,"rich_design",8,"one_step_gamma_poisson","growth"
"growth_increment_110",4.8,4.26192805452006,0.569839512353711,3.11278618053507,4.24876092480578,5.41672095967933,TRUE,-0.944251730206368,"rich_design",8,"one_step_gamma_poisson","growth"
"growth_sd.log_growth_sd",4.5,6.43645915381005,0.412628797073817,5.71459484044392,6.40644891828807,7.26544943129719,FALSE,4.69298111896837,"rich_design",8,"one_step_gamma_poisson","growth"
"recruitment_50",0.019387103915861,0.0174579813487143,0.00577446889403702,0.00962946594462457,0.0166733159283266,0.0317836612356028,TRUE,-0.334077921718273,"rich_design",8,"one_step_gamma_poisson","recruitment"
"recruitment_80",0.183939720585721,0.161566616338251,0.0307002971664392,0.113123461000153,0.158074943441549,0.238106740494868,TRUE,-0.728758556510892,"rich_design",8,"one_step_gamma_poisson","recruitment"
"recruitment_110",1.74517147873092,1.5214611051618,0.0989274482698553,1.34185974654702,1.51974705116728,1.74415311933075,FALSE,-2.26135796972019,"rich_design",8,"one_step_gamma_poisson","recruitment"
"recruit_mean_50",44,44.9180082881736,1.06114499998203,42.899857731923,44.9007201695798,47.0141419656235,TRUE,0.865111071709484,"rich_design",8,"one_step_gamma_poisson","recruit_size"
"recruit_mean_80",44.6,45.0582889310761,0.623653736448162,43.8713493469746,45.0608039880104,46.2205587087144,TRUE,0.73484516213453,"rich_design",8,"one_step_gamma_poisson","recruit_size"
"recruit_mean_110",45.2,45.1985695739785,0.213141375457463,44.7766991762757,45.1980879175573,45.5766459135221,TRUE,-0.00671116069534181,"rich_design",8,"one_step_gamma_poisson","recruit_size"
"recruit_sd.log_recruit_sd",3.5,3.5138309540872,0.101449216211419,3.32501974216631,3.51627991040612,3.70555435493118,TRUE,0.13633376977868,"rich_design",8,"one_step_gamma_poisson","recruit_size"
"lambda",1.03119869581319,1.01645904426598,0.0261484938352676,0.962270223463483,1.01647752235264,1.06639873694979,TRUE,-0.563690269889809,"rich_design",8,"one_step_gamma_poisson","lambda"
"survival_50",0.354343693774205,0.419487834244294,0.020778867546358,0.381349386622305,0.41978138243077,0.458532309035205,FALSE,3.13511505498322,"rich_design",8,"one_step_shared_gamma_poisson","survival"
"survival_80",0.589040434058665,0.622883724028896,0.0261406046464557,0.57007709889547,0.622786452017871,0.672296187739069,TRUE,1.29466362496017,"rich_design",8,"one_step_shared_gamma_poisson","survival"
"survival_110",0.789181706522253,0.789605371683577,0.0304085371913501,0.721293177142299,0.791314742393566,0.841822219100505,TRUE,0.0139324413620388,"rich_design",8,"one_step_shared_gamma_poisson","survival"
"growth_increment_50",12,9.21405262882671,0.635785973639856,8.03441383866226,9.21027220445346,10.5087128965628,FALSE,-4.38189498774851,"rich_design",8,"one_step_shared_gamma_poisson","growth"
"growth_increment_80",8.4,6.50273534585576,0.482075104724351,5.60589541106448,6.49074154888602,7.47018819694692,FALSE,-3.93562047811843,"rich_design",8,"one_step_shared_gamma_poisson","growth"
"growth_increment_110",4.8,3.79141806288481,0.537259020677181,2.81255271104401,3.75237890904293,4.85870781973644,TRUE,-1.87727315558878,"rich_design",8,"one_step_shared_gamma_poisson","growth"
"growth_sd.log_growth_sd",4.5,6.64693542131679,0.328200821423141,6.02058071992653,6.64814978478739,7.27012605911678,FALSE,6.54152970125812,"rich_design",8,"one_step_shared_gamma_poisson","growth"
"recruitment_50",0.019387103915861,0.020059617525444,0.00523212718885339,0.0122878758018231,0.0193802275390783,0.031319908145413,TRUE,0.128535409272107,"rich_design",8,"one_step_shared_gamma_poisson","recruitment"
"recruitment_80",0.183939720585721,0.173945446248498,0.0259693493379561,0.131486357585605,0.171865339393957,0.226689891188008,TRUE,-0.384848854207347,"rich_design",8,"one_step_shared_gamma_poisson","recruitment"
"recruitment_110",1.74517147873092,1.52624292849209,0.0809650837671839,1.37751097784492,1.5240099356582,1.68921417718758,FALSE,-2.70398720105521,"rich_design",8,"one_step_shared_gamma_poisson","recruitment"
"recruit_mean_50",44,44.6581902424304,0.720376196921777,43.1950823982397,44.6841636905413,45.9946553443134,TRUE,0.913675722827707,"rich_design",8,"one_step_shared_gamma_poisson","recruit_size"
"recruit_mean_80",44.6,44.9177988802301,0.423259218947639,44.0362518262179,44.9380172099369,45.7028489381937,TRUE,0.75083746792385,"rich_design",8,"one_step_shared_gamma_poisson","recruit_size"
"recruit_mean_110",45.2,45.1774075180297,0.142611380783044,44.8889531338495,45.1826788097212,45.4437796035797,TRUE,-0.158419909030149,"rich_design",8,"one_step_shared_gamma_poisson","recruit_size"
"recruit_sd.log_recruit_sd",3.5,3.43081449543328,0.0854991952610326,3.26616036402146,3.43226141056966,3.59004247999141,TRUE,-0.809194804179083,"rich_design",8,"one_step_shared_gamma_poisson","recruit_size"
"lambda",1.03119869581319,1.00213354446619,0.0322905009734529,0.939549572322439,1.00305725428472,1.06613204697343,TRUE,-0.900114599364757,"rich_design",8,"one_step_shared_gamma_poisson","lambda"
"survival_50",0.354343693774205,0.418485859829157,0.0203361344227876,0.378383892916277,0.417443707962326,0.458869515060736,FALSE,3.15409825296385,"rich_design",8,"one_step_gamma_poisson_shape_informed","survival"
"survival_80",0.589040434058665,0.615147644309979,0.0201565956706686,0.578226703554617,0.615531702903142,0.653346872843823,TRUE,1.29521922639471,"rich_design",8,"one_step_gamma_poisson_shape_informed","survival"
"survival_110",0.789181706522253,0.779643069930816,0.0243495154348806,0.7359516218761,0.780142307552846,0.825065242118377,TRUE,-0.391738251093618,"rich_design",8,"one_step_gamma_poisson_shape_informed","survival"
"growth_increment_50",12,10.2402790535923,0.820168679333289,8.60994553894425,10.2569183088871,11.9059127108277,FALSE,-2.14555979855043,"rich_design",8,"one_step_gamma_poisson_shape_informed","growth"
"growth_increment_80",8.4,7.24204469197314,0.593483293979107,6.05459739876619,7.2377400761039,8.45407439960883,TRUE,-1.95111693922024,"rich_design",8,"one_step_gamma_poisson_shape_informed","growth"
"growth_increment_110",4.8,4.24381033035397,0.548353933778007,3.10900954969317,4.26073829089349,5.25292571229769,TRUE,-1.01428955896065,"rich_design",8,"one_step_gamma_poisson_shape_informed","growth"
"growth_sd.log_growth_sd",4.5,6.43660675494032,0.423724699149984,5.66252474233396,6.42793746968153,7.29088126591056,FALSE,4.57043632062343,"rich_design",8,"one_step_gamma_poisson_shape_informed","growth"
"recruitment_50",0.019387103915861,0.0174574266621358,0.00528293715481488,0.00987537620122403,0.0165268484415324,0.0302440074682469,TRUE,-0.365265986926709,"rich_design",8,"one_step_gamma_poisson_shape_informed","recruitment"
"recruitment_80",0.183939720585721,0.161673183402609,0.0281494651318611,0.115631013632745,0.158800585555181,0.226623028937796,TRUE,-0.791011022014386,"rich_design",8,"one_step_gamma_poisson_shape_informed","recruitment"
"recruitment_110",1.74517147873092,1.5204792600212,0.0926067364136218,1.34399218835363,1.52004765297777,1.7035317057922,FALSE,-2.42630533599791,"rich_design",8,"one_step_gamma_poisson_shape_informed","recruitment"
"recruit_mean_50",44,44.9753655200223,0.984842685750902,43.0678199172889,45.0028673915815,46.7676838094828,TRUE,0.990376975058368,"rich_design",8,"one_step_gamma_poisson_shape_informed","recruit_size"
"recruit_mean_80",44.6,45.0903921421556,0.578036700607362,43.9748284755599,45.1127490398846,46.1235282830813,TRUE,0.84837544335907,"rich_design",8,"one_step_gamma_poisson_shape_informed","recruit_size"
"recruit_mean_110",45.2,45.2054187642887,0.199095482592715,44.8185155080458,45.2099765624533,45.6180044289177,TRUE,0.0272169122982963,"rich_design",8,"one_step_gamma_poisson_shape_informed","recruit_size"
"recruit_sd.log_recruit_sd",3.5,3.51650492688003,0.106258622107067,3.31056738475787,3.52094026053108,3.72498378643893,TRUE,0.155327883542437,"rich_design",8,"one_step_gamma_poisson_shape_informed","recruit_size"
"lambda",1.03119869581319,1.01556271348193,0.0254724200757832,0.965430522096792,1.0162511317409,1.06123886451026,TRUE,-0.613839685618629,"rich_design",8,"one_step_gamma_poisson_shape_informed","lambda"
"survival_50",0.354343693774205,0.419096674153836,0.0201302026225386,0.379589560562467,0.419040294353034,0.459400186199011,FALSE,3.21670782921637,"rich_design",8,"one_step_gamma_poisson_fixed_recruitment_slope","survival"
"survival_80",0.589040434058665,0.615397960642253,0.0195416098505802,0.577397314194579,0.614905451442674,0.65077639606034,TRUE,1.34878993005816,"rich_design",8,"one_step_gamma_poisson_fixed_recruitment_slope","survival"
"survival_110",0.789181706522253,0.77959916011619,0.0237437676169458,0.730756786659237,0.77902368058482,0.821892735614787,TRUE,-0.403581544456465,"rich_design",8,"one_step_gamma_poisson_fixed_recruitment_slope","survival"
"growth_increment_50",12,10.2367942976374,0.751944177212783,8.79879963566968,10.2197769548627,11.6602207505432,FALSE,-2.34486249883368,"rich_design",8,"one_step_gamma_poisson_fixed_recruitment_slope","growth"
"growth_increment_80",8.4,7.22175865930496,0.556433628953537,6.19053991193442,7.23445900622813,8.35399949370742,FALSE,-2.11748765600475,"rich_design",8,"one_step_gamma_poisson_fixed_recruitment_slope","growth"
"growth_increment_110",4.8,4.20672302097252,0.559677553728445,3.11884610821646,4.22674750748438,5.35080123019443,TRUE,-1.06003354087582,"rich_design",8,"one_step_gamma_poisson_fixed_recruitment_slope","growth"
"growth_sd.log_growth_sd",4.5,6.40166578983726,0.405011271599829,5.68657494401841,6.38972960855213,7.26952618459781,FALSE,4.69534040947928,"rich_design",8,"one_step_gamma_poisson_fixed_recruitment_slope","growth"
"recruitment_50",0.019387103915861,0.016888928804656,0.000710835152889891,0.0155766917308383,0.0168518395626616,0.0183308276322326,FALSE,-3.51442257891814,"rich_design",8,"one_step_gamma_poisson_fixed_recruitment_slope","recruitment"
"recruitment_80",0.183939720585721,0.160237695057643,0.00674421615381681,0.147787536346584,0.159885802127229,0.173918050236444,FALSE,-3.51442257891813,"rich_design",8,"one_step_gamma_poisson_fixed_recruitment_slope","recruitment"
"recruitment_110",1.74517147873092,1.52029292173389,0.0639873412907159,1.40216910476263,1.51695425456744,1.65008851781791,FALSE,-3.51442257891814,"rich_design",8,"one_step_gamma_poisson_fixed_recruitment_slope","recruitment"
"recruit_mean_50",44,44.8987723069836,1.01339229427104,42.9327914040901,44.9352024437022,46.7033849744382,TRUE,0.886894751484258,"rich_design",8,"one_step_gamma_poisson_fixed_recruitment_slope","recruit_size"
"recruit_mean_80",44.6,45.0489057078597,0.592831804077889,43.8631067139835,45.0629755558808,46.13268723252,TRUE,0.75722271438859,"rich_design",8,"one_step_gamma_poisson_fixed_recruitment_slope","recruit_size"
"recruit_mean_110",45.2,45.1990391087359,0.199793266972192,44.8275875833551,45.1972661272251,45.5653628899787,TRUE,-0.00480942765820867,"rich_design",8,"one_step_gamma_poisson_fixed_recruitment_slope","recruit_size"
"recruit_sd.log_recruit_sd",3.5,3.52018419296036,0.105681985551837,3.31340371322875,3.51769208460102,3.72701404413144,TRUE,0.190989910484398,"rich_design",8,"one_step_gamma_poisson_fixed_recruitment_slope","recruit_size"
"lambda",1.03119869581319,1.01403573175539,0.0250641134967877,0.966072708306678,1.01383541796962,1.06094013280606,TRUE,-0.684762461676517,"rich_design",8,"one_step_gamma_poisson_fixed_recruitment_slope","lambda"
"survival_50",0.354343693774205,0.358974072947294,0.0208754449189136,0.319613627121231,0.359520479759116,0.400406250694671,TRUE,0.221809843626098,"standard",9,"recursive_gamma_poisson","survival"
"survival_80",0.589040434058665,0.605320988042618,0.0232435496921217,0.55657810057363,0.60502105162084,0.649347825857366,TRUE,0.700433204032997,"standard",9,"recursive_gamma_poisson","survival"
"survival_110",0.789181706522253,0.806522393634495,0.0293096643289277,0.738129907178341,0.806804789265183,0.859796746406541,TRUE,0.591637178701068,"standard",9,"recursive_gamma_poisson","survival"
"growth_increment_50",12,10.9877548371891,1.02917330579527,8.99196978303262,10.9459470728581,13.043000555292,TRUE,-0.983551708066051,"standard",9,"recursive_gamma_poisson","growth"
"growth_increment_80",8.4,6.99467685059403,0.732217044652447,5.5667359235299,7.01617910229662,8.51617012339534,TRUE,-1.91927128666203,"standard",9,"recursive_gamma_poisson","growth"
"growth_increment_110",4.8,3.00159886399897,0.647783900892502,1.7108021649147,3.00944748307365,4.35511269029216,FALSE,-2.77623623174832,"standard",9,"recursive_gamma_poisson","growth"
"growth_sd.log_growth_sd",4.5,4.95412955375556,0.618458525213269,3.91831878765153,4.92037081359957,6.32081851118224,TRUE,0.734292657052403,"standard",9,"recursive_gamma_poisson","growth"
"recruitment_50",0.019387103915861,0.00249076607503818,0.00195395403758492,0.000433689980544043,0.00185621846458084,0.00732970880979906,FALSE,-8.64725449822077,"standard",9,"recursive_gamma_poisson","recruitment"
"recruitment_80",0.183939720585721,0.057572830938553,0.0251813540304265,0.0232475146592839,0.0517503224199602,0.116909239903049,FALSE,-5.01827223009851,"standard",9,"recursive_gamma_poisson","recruitment"
"recruitment_110",1.74517147873092,1.4705347772264,0.187093832076232,1.14505673985417,1.45987705734163,1.88272201757603,TRUE,-1.46790890141488,"standard",9,"recursive_gamma_poisson","recruitment"
"recruit_mean_50",44,43.4586467678869,2.43760762391062,38.6796171371836,43.3786394371918,48.0147794995019,TRUE,-0.222083827931502,"standard",9,"recursive_gamma_poisson","recruit_size"
"recruit_mean_80",44.6,44.1176276218211,1.46234382429542,41.2587669373195,44.0392734814391,46.8312694445197,TRUE,-0.329862492093008,"standard",9,"recursive_gamma_poisson","recruit_size"
"recruit_mean_110",45.2,44.7766084757553,0.512830438937985,43.8680584283991,44.766583307905,45.815187293931,TRUE,-0.825597492070709,"standard",9,"recursive_gamma_poisson","recruit_size"
"recruit_sd.log_recruit_sd",3.5,3.23850994131465,0.191729392129399,2.87335019432447,3.2322930614122,3.61036617673324,TRUE,-1.3638496204529,"standard",9,"recursive_gamma_poisson","recruit_size"
"lambda",1.03119869581319,1.02569422790804,0.0178112766809335,0.989268856141564,1.02594683683336,1.06067218899067,TRUE,-0.309043983974906,"standard",9,"recursive_gamma_poisson","lambda"
"survival_50",0.354343693774205,0.400183506385431,0.034485996139068,0.332604728226795,0.399978372224424,0.468329071236252,TRUE,1.32922976695739,"standard",9,"one_step_gamma_poisson","survival"
"survival_80",0.589040434058665,0.631563760471233,0.0448073540287562,0.545091535297907,0.63101689049264,0.716336542793324,TRUE,0.949025608280227,"standard",9,"one_step_gamma_poisson","survival"
"survival_110",0.789181706522253,0.810535101099126,0.0555053516225928,0.69826742402814,0.816475303583205,0.904448541239206,TRUE,0.384708752447236,"standard",9,"one_step_gamma_poisson","survival"
"growth_increment_50",12,10.2088586120474,1.32913338711264,7.73236331551439,10.1443544593,12.9642019491907,TRUE,-1.34760092953773,"standard",9,"one_step_gamma_poisson","growth"
"growth_increment_80",8.4,7.2872879826804,1.13424647721333,4.91031180067247,7.30969175801728,9.38536776243814,TRUE,-0.981014303040524,"standard",9,"one_step_gamma_poisson","growth"
"growth_increment_110",4.8,4.36744695336712,1.49057118830852,1.46790341278165,4.36108199519041,7.23378135364337,TRUE,-0.290192813349446,"standard",9,"one_step_gamma_poisson","growth"
"growth_sd.log_growth_sd",4.5,6.84558666149188,0.968339980225442,5.01574196823886,6.73379908898459,8.82549975241574,FALSE,2.4222759664904,"standard",9,"one_step_gamma_poisson","growth"
"recruitment_50",0.019387103915861,0.0481422232654069,0.0241794975174368,0.0159148097895121,0.0440060993985384,0.113369335542384,TRUE,1.18923560461955,"standard",9,"one_step_gamma_poisson","recruitment"
"recruitment_80",0.183939720585721,0.274956516982288,0.0700575102772996,0.158150893732424,0.269109839046938,0.431874676324469,TRUE,1.29917258030306,"standard",9,"one_step_gamma_poisson","recruitment"
"recruitment_110",1.74517147873092,1.66324760473484,0.126746598184358,1.43698089768361,1.66465413694326,1.9280793292893,TRUE,-0.646359548655649,"standard",9,"one_step_gamma_poisson","recruitment"
"recruit_mean_50",44,43.7755246699854,1.51212990369198,40.9562495726399,43.7449212139659,46.7717811495032,TRUE,-0.148449765768473,"standard",9,"one_step_gamma_poisson","recruit_size"
"recruit_mean_80",44.6,44.3732790641256,0.78887546985432,42.9654605340833,44.3511223600804,45.9894282418583,TRUE,-0.28739762426166,"standard",9,"one_step_gamma_poisson","recruit_size"
"recruit_mean_110",45.2,44.9710334582658,0.254201012751744,44.4736409510567,44.97471399831,45.4985106384594,TRUE,-0.900730249874507,"standard",9,"one_step_gamma_poisson","recruit_size"
"recruit_sd.log_recruit_sd",3.5,3.13901826975087,0.220148076497215,2.75252350833974,3.12226352177342,3.58560860935137,TRUE,-1.63972239045974,"standard",9,"one_step_gamma_poisson","recruit_size"
"lambda",1.03119869581319,1.02840933611465,0.0561535266234122,0.912992539278475,1.03059422545791,1.13829159635057,TRUE,-0.0496738115354098,"standard",9,"one_step_gamma_poisson","lambda"
"survival_50",0.354343693774205,0.3929287473012,0.0349872914367928,0.32512308854678,0.391934306724935,0.462233976253313,TRUE,1.1028305405322,"standard",9,"one_step_shared_gamma_poisson","survival"
"survival_80",0.589040434058665,0.637170848441616,0.0514384296457643,0.543889781108507,0.635874441974252,0.73629878174967,TRUE,0.935689808464324,"standard",9,"one_step_shared_gamma_poisson","survival"
"survival_110",0.789181706522253,0.82068571682376,0.0615396612076781,0.685711694276817,0.827614333221626,0.915151743620779,TRUE,0.511930187512584,"standard",9,"one_step_shared_gamma_poisson","survival"
"growth_increment_50",12,10.2028892558192,1.31474461902871,7.73014784263788,10.20562207603,12.9126995047224,TRUE,-1.36688959830725,"standard",9,"one_step_shared_gamma_poisson","growth"
"growth_increment_80",8.4,7.17648845773573,1.15636956345035,4.94725155616956,7.13923412587796,9.48166727518218,TRUE,-1.05806273438534,"standard",9,"one_step_shared_gamma_poisson","growth"
"growth_increment_110",4.8,4.1556108571001,1.55699667066022,1.11819161844495,4.11181651549599,7.21281035532183,TRUE,-0.413866744253637,"standard",9,"one_step_shared_gamma_poisson","growth"
"growth_sd.log_growth_sd",4.5,6.77645757361628,0.94323967831975,5.00227721835768,6.62454260270718,8.80804744366148,FALSE,2.41344551755019,"standard",9,"one_step_shared_gamma_poisson","growth"
"recruitment_50",0.019387103915861,0.0535733697571823,0.0238705354883608,0.0179381547987408,0.050034643316355,0.110513288555336,TRUE,1.43215328612927,"standard",9,"one_step_shared_gamma_poisson","recruitment"
"recruitment_80",0.183939720585721,0.291405017593156,0.0651404682935862,0.169533296674897,0.287575662263177,0.421933103783136,TRUE,1.64974707463096,"standard",9,"one_step_shared_gamma_poisson","recruitment"
"recruitment_110",1.74517147873092,1.66940192497049,0.126211787696777,1.44822143804342,1.65552127216263,1.93687803214445,TRUE,-0.600336586171033,"standard",9,"one_step_shared_gamma_poisson","recruitment"
"recruit_mean_50",44,43.659983199416,1.25207525228832,41.5042263638811,43.6440029480273,46.5578470576888,TRUE,-0.271562591755211,"standard",9,"one_step_shared_gamma_poisson","recruit_size"
"recruit_mean_80",44.6,44.3317499849282,0.65301035389505,43.1797390882357,44.337759729224,45.7576992215426,TRUE,-0.410789834298562,"standard",9,"one_step_shared_gamma_poisson","recruit_size"
"recruit_mean_110",45.2,45.0035167704405,0.234528406783984,44.5418092403815,44.9960837798712,45.4479411016453,TRUE,-0.837780089217569,"standard",9,"one_step_shared_gamma_poisson","recruit_size"
"recruit_sd.log_recruit_sd",3.5,3.15015585229295,0.197968566801053,2.7962607276401,3.14506692715407,3.5754141984395,TRUE,-1.76717017938823,"standard",9,"one_step_shared_gamma_poisson","recruit_size"
"lambda",1.03119869581319,1.02755427822997,0.0604613678611071,0.905911275641803,1.03064568661699,1.13705880118188,TRUE,-0.0602767967737606,"standard",9,"one_step_shared_gamma_poisson","lambda"
"survival_50",0.354343693774205,0.401079231339789,0.0348900029771059,0.330642631205855,0.399822136599721,0.467271705920572,TRUE,1.33951085060816,"standard",9,"one_step_gamma_poisson_shape_informed","survival"
"survival_80",0.589040434058665,0.63700701863125,0.0419643774363826,0.55800879105858,0.637011048455553,0.712286479010988,TRUE,1.14303100636489,"standard",9,"one_step_gamma_poisson_shape_informed","survival"
"survival_110",0.789181706522253,0.816849835768614,0.0550271268542305,0.685561829754452,0.823860886233893,0.905202727195795,TRUE,0.502808902228444,"standard",9,"one_step_gamma_poisson_shape_informed","survival"
"growth_increment_50",12,10.0393435909607,1.2703425216562,7.42886525470182,10.1089990649189,12.46564531963,TRUE,-1.54340768384504,"standard",9,"one_step_gamma_poisson_shape_informed","growth"
"growth_increment_80",8.4,7.0849796489538,1.11102624543674,4.92242492695409,7.04262849190994,9.17086275514366,TRUE,-1.18360871891849,"standard",9,"one_step_gamma_poisson_shape_informed","growth"
"growth_increment_110",4.8,4.134870430158,1.53538455125664,1.29089176295684,4.09054919365988,7.18539996417993,TRUE,-0.433200639733951,"standard",9,"one_step_gamma_poisson_shape_informed","growth"
"growth_sd.log_growth_sd",4.5,6.8613927731837,0.921806280548905,5.15134773135214,6.78209781080927,8.85923764776485,FALSE,2.5617017620856,"standard",9,"one_step_gamma_poisson_shape_informed","growth"
"recruitment_50",0.019387103915861,0.0317368379227143,0.0134015785650396,0.0130883578393654,0.0294842891170216,0.0649170811721195,TRUE,0.92151338343602,"standard",9,"one_step_gamma_poisson_shape_informed","recruitment"
"recruitment_80",0.183939720585721,0.225377175948663,0.0501693793418183,0.142330140543257,0.219904603487481,0.336684540317995,TRUE,0.825951126096595,"standard",9,"one_step_gamma_poisson_shape_informed","recruitment"
"recruitment_110",1.74517147873092,1.65883882933536,0.121918680996804,1.40544413626464,1.65448584674707,1.89805526644089,TRUE,-0.708116661775747,"standard",9,"one_step_gamma_poisson_shape_informed","recruitment"
"recruit_mean_50",44,43.4953015469973,1.50608606505009,40.5150943325878,43.4068435358187,46.4017142377423,TRUE,-0.335105984123108,"standard",9,"one_step_gamma_poisson_shape_informed","recruit_size"
"recruit_mean_80",44.6,44.2040611425881,0.807557853295911,42.7049774517532,44.1734491060029,45.7982384671276,TRUE,-0.49029163148609,"standard",9,"one_step_gamma_poisson_shape_informed","recruit_size"
"recruit_mean_110",45.2,44.9128207381789,0.253202945949478,44.4235203239448,44.9047917999073,45.3689640002227,TRUE,-1.13418610018219,"standard",9,"one_step_gamma_poisson_shape_informed","recruit_size"
"recruit_sd.log_recruit_sd",3.5,3.11521947865843,0.2216084185603,2.71372691935278,3.1058141026432,3.59111062653197,TRUE,-1.73630823161562,"standard",9,"one_step_gamma_poisson_shape_informed","recruit_size"
"lambda",1.03119869581319,1.03615678399946,0.0530333865532865,0.922591348801357,1.03823647313928,1.13620581828213,TRUE,0.0934899411200925,"standard",9,"one_step_gamma_poisson_shape_informed","lambda"
"survival_50",0.354343693774205,0.404946931752398,0.0358875629839119,0.338508638874752,0.406512275167102,0.484347384922443,TRUE,1.41004943692828,"standard",9,"one_step_gamma_poisson_fixed_recruitment_slope","survival"
"survival_80",0.589040434058665,0.641761920754836,0.0423434346098601,0.553863327006073,0.641808706399781,0.723300989538651,TRUE,1.24509235450387,"standard",9,"one_step_gamma_poisson_fixed_recruitment_slope","survival"
"survival_110",0.789181706522253,0.820849918769357,0.0519443921498422,0.71844623805524,0.825459449871913,0.906600175139029,TRUE,0.609656036704642,"standard",9,"one_step_gamma_poisson_fixed_recruitment_slope","survival"
"growth_increment_50",12,10.046523091627,1.38339650049435,7.54792275308338,9.9848918403961,12.6265000257473,TRUE,-1.41208750179356,"standard",9,"one_step_gamma_poisson_fixed_recruitment_slope","growth"
"growth_increment_80",8.4,7.05701859375742,1.20644918805575,4.69508880034829,7.0465041061016,9.49190370194917,TRUE,-1.11316864360186,"standard",9,"one_step_gamma_poisson_fixed_recruitment_slope","growth"
"growth_increment_110",4.8,4.07191752941548,1.57993384090202,1.01931756412854,4.14667196917333,7.11027497226249,TRUE,-0.460830986548681,"standard",9,"one_step_gamma_poisson_fixed_recruitment_slope","growth"
"growth_sd.log_growth_sd",4.5,6.96558454781188,0.948064124573818,5.32128714683305,6.8833164726045,8.90481343039069,FALSE,2.60065166891557,"standard",9,"one_step_gamma_poisson_fixed_recruitment_slope","growth"
"recruitment_50",0.019387103915861,0.0176987741596541,0.00134088275344413,0.0152497334155057,0.0176109348479368,0.0200988267332329,TRUE,-1.25911810847765,"standard",9,"one_step_gamma_poisson_fixed_recruitment_slope","recruitment"
"recruitment_80",0.183939720585721,0.167921293854167,0.0127219413522069,0.144685442221208,0.167087897668545,0.190692358665655,TRUE,-1.25911810847763,"standard",9,"one_step_gamma_poisson_fixed_recruitment_slope","recruitment"
"recruitment_110",1.74517147873092,1.59319287738787,0.120702418875385,1.37273725516153,1.58528583453166,1.80923872503186,TRUE,-1.25911810847763,"standard",9,"one_step_gamma_poisson_fixed_recruitment_slope","recruitment"
"recruit_mean_50",44,43.4060262223429,1.66498334163134,39.9804901545753,43.5459377641931,46.679908477398,TRUE,-0.356744576840698,"standard",9,"one_step_gamma_poisson_fixed_recruitment_slope","recruit_size"
"recruit_mean_80",44.6,44.1202204222816,0.933234568958151,42.21145036452,44.2269218458283,45.994461506128,TRUE,-0.514103949507564,"standard",9,"one_step_gamma_poisson_fixed_recruitment_slope","recruit_size"
"recruit_mean_110",45.2,44.8344146222203,0.277972259931916,44.2768393163348,44.8450142393513,45.3768324006961,TRUE,-1.3151865508783,"standard",9,"one_step_gamma_poisson_fixed_recruitment_slope","recruit_size"
"recruit_sd.log_recruit_sd",3.5,3.09728102707014,0.238432597669678,2.65653005334002,3.09121023377376,3.58230904085329,TRUE,-1.68902648742595,"standard",9,"one_step_gamma_poisson_fixed_recruitment_slope","recruit_size"
"lambda",1.03119869581319,1.05051844861972,0.0566749597266816,0.925580769045754,1.05044729597481,1.15796706717681,TRUE,0.34088692607277,"standard",9,"one_step_gamma_poisson_fixed_recruitment_slope","lambda"
"survival_50",0.354343693774205,0.350218542045073,0.0120796494275386,0.327416530065007,0.349998694274637,0.37594967109414,TRUE,-0.341495980812726,"dense_profiles",9,"recursive_gamma_poisson","survival"
"survival_80",0.589040434058665,0.603356083382595,0.0121219600940061,0.578679913089669,0.603648046637213,0.626995216201126,TRUE,1.1809681943276,"dense_profiles",9,"recursive_gamma_poisson","survival"
"survival_110",0.789181706522253,0.810755530031096,0.01525265360287,0.775374219161005,0.811578841638956,0.838835672092407,TRUE,1.41443083089386,"dense_profiles",9,"recursive_gamma_poisson","survival"
"growth_increment_50",12,12.5196131830548,0.61293193197928,11.3700231312668,12.4968811270752,13.6874287797211,TRUE,0.847750224689485,"dense_profiles",9,"recursive_gamma_poisson","growth"
"growth_increment_80",8.4,8.62946974874211,0.417928399664311,7.89914524537747,8.62635405243085,9.42782531186891,TRUE,0.549064741535691,"dense_profiles",9,"recursive_gamma_poisson","growth"
"growth_increment_110",4.8,4.73932631442944,0.355914006671282,4.09359116901403,4.72220880792934,5.48272729767045,TRUE,-0.170472879496967,"dense_profiles",9,"recursive_gamma_poisson","growth"
"growth_sd.log_growth_sd",4.5,4.27400352592025,0.570090273180921,3.32529298420301,4.23650475789057,5.56200784611966,TRUE,-0.396422259265641,"dense_profiles",9,"recursive_gamma_poisson","growth"
"recruitment_50",0.019387103915861,0.0588706041712842,0.0158204139818848,0.0332319205725437,0.0572808064635041,0.0928628262153789,FALSE,2.49573116737866,"dense_profiles",9,"recursive_gamma_poisson","recruitment"
"recruitment_80",0.183939720585721,0.311103593104856,0.0405700582620358,0.237142225295583,0.310020653558633,0.385394963113809,FALSE,3.13442666751433,"dense_profiles",9,"recursive_gamma_poisson","recruitment"
"recruitment_110",1.74517147873092,1.67704319380729,0.074680510348761,1.53720875744419,1.67621868008777,1.81816991018755,TRUE,-0.91226324787373,"dense_profiles",9,"recursive_gamma_poisson","recruitment"
"recruit_mean_50",44,44.0525306493061,1.23788186445357,41.7262992999791,44.1416804831075,46.5316195457809,TRUE,0.0424359147787399,"dense_profiles",9,"recursive_gamma_poisson","recruit_size"
"recruit_mean_80",44.6,44.775844495042,0.616442080500304,43.6226684187069,44.8055701559729,46.0148160046277,TRUE,0.285257124074436,"dense_profiles",9,"recursive_gamma_poisson","recruit_size"
"recruit_mean_110",45.2,45.4991583407779,0.1823556245904,45.145114287254,45.4983175081641,45.8411249291126,TRUE,1.64052159866141,"dense_profiles",9,"recursive_gamma_poisson","recruit_size"
"recruit_sd.log_recruit_sd",3.5,3.54701652702833,0.143265707404222,3.25716330491178,3.55213213706835,3.80714060601758,TRUE,0.328177118447993,"dense_profiles",9,"recursive_gamma_poisson","recruit_size"
"lambda",1.03119869581319,1.02384805945589,0.0102599952893623,1.00386483202051,1.02378409251542,1.04487672452153,TRUE,-0.716436621069633,"dense_profiles",9,"recursive_gamma_poisson","lambda"
"survival_50",0.354343693774205,0.358579386835738,0.0151503942964577,0.331085816868974,0.358216445324136,0.386930168452983,TRUE,0.279576424128047,"dense_profiles",9,"one_step_gamma_poisson","survival"
"survival_80",0.589040434058665,0.608511938756099,0.0223759238242597,0.560702253755412,0.608581008110779,0.65310519004698,TRUE,0.870198917835208,"dense_profiles",9,"one_step_gamma_poisson","survival"
"survival_110",0.789181706522253,0.810748180591611,0.0292836399084765,0.746160328672121,0.812266489720537,0.862655958695606,TRUE,0.736468353550395,"dense_profiles",9,"one_step_gamma_poisson","survival"
"growth_increment_50",12,11.9635963170547,0.599974439624257,10.7499510478949,11.9810710189793,13.1798341221607,TRUE,-0.060675389718439,"dense_profiles",9,"one_step_gamma_poisson","growth"
"growth_increment_80",8.4,8.06770640645219,0.471884080453593,7.1342672225014,8.06848860502713,9.03205987980727,TRUE,-0.704184793071203,"dense_profiles",9,"one_step_gamma_poisson","growth"
"growth_increment_110",4.8,4.1718164958497,0.577592578683058,3.15218090713474,4.15471956170529,5.27120442837584,TRUE,-1.08758929275476,"dense_profiles",9,"one_step_gamma_poisson","growth"
"growth_sd.log_growth_sd",4.5,4.58681020663999,0.59210097818528,3.57993098963509,4.5493372134072,5.7235430716932,TRUE,0.146613854457821,"dense_profiles",9,"one_step_gamma_poisson","growth"
"recruitment_50",0.019387103915861,0.0667927877614797,0.0171377096098694,0.0391910993116515,0.0645436340174807,0.104923438388513,FALSE,2.76616216080114,"dense_profiles",9,"one_step_gamma_poisson","recruitment"
"recruitment_80",0.183939720585721,0.332304620678542,0.0404225312342396,0.263980561967088,0.331333148227284,0.415991976587828,FALSE,3.67035154807796,"dense_profiles",9,"one_step_gamma_poisson","recruitment"
"recruitment_110",1.74517147873092,1.68333690578682,0.0669902211794403,1.54907782427685,1.67719845854462,1.8016151166764,TRUE,-0.923038793654242,"dense_profiles",9,"one_step_gamma_poisson","recruitment"
"recruit_mean_50",44,44.6805602999167,1.06434865998514,42.6702345273306,44.7318479690168,46.7274071207857,TRUE,0.639414813493745,"dense_profiles",9,"one_step_gamma_poisson","recruit_size"
"recruit_mean_80",44.6,45.0553875503316,0.517607377360391,44.1381294536949,45.0704245195526,46.069293054455,TRUE,0.879793392153605,"dense_profiles",9,"one_step_gamma_poisson","recruit_size"
"recruit_mean_110",45.2,45.4302148007466,0.16284517905228,45.1005567910082,45.4345993481053,45.7415252925039,TRUE,1.41370350713716,"dense_profiles",9,"one_step_gamma_poisson","recruit_size"
"recruit_sd.log_recruit_sd",3.5,3.54400230743265,0.120337287886115,3.32075716993537,3.54311414916009,3.76442523885077,TRUE,0.365658128129738,"dense_profiles",9,"one_step_gamma_poisson","recruit_size"
"lambda",1.03119869581319,1.00624208099731,0.0258890109902426,0.951441920775839,1.0073241537066,1.05579708067098,TRUE,-0.963984866988088,"dense_profiles",9,"one_step_gamma_poisson","lambda"
"survival_50",0.354343693774205,0.362000024303614,0.0196891801212817,0.323963365888378,0.361703241669048,0.398365183999139,TRUE,0.388859794173636,"dense_profiles",9,"one_step_shared_gamma_poisson","survival"
"survival_80",0.589040434058665,0.615159465666281,0.0300688283854787,0.555833405638794,0.614780400410787,0.6735185600397,TRUE,0.868641480564958,"dense_profiles",9,"one_step_shared_gamma_poisson","survival"
"survival_110",0.789181706522253,0.816692339288,0.0329875548812105,0.746035827243503,0.818385748843867,0.87736418110051,TRUE,0.833970049153804,"dense_profiles",9,"one_step_shared_gamma_poisson","survival"
"growth_increment_50",12,11.784329090718,0.632580328699729,10.5267263538351,11.7620964137736,12.9767163678898,TRUE,-0.340938374933812,"dense_profiles",9,"one_step_shared_gamma_poisson","growth"
"growth_increment_80",8.4,7.97711954789049,0.469665340328018,7.06444572197622,7.93847390658179,8.96514775047395,TRUE,-0.9003867558423,"dense_profiles",9,"one_step_shared_gamma_poisson","growth"
"growth_increment_110",4.8,4.16991000506295,0.56815839780657,2.99717284902219,4.14222903547541,5.28754586618318,TRUE,-1.1090041040836,"dense_profiles",9,"one_step_shared_gamma_poisson","growth"
"growth_sd.log_growth_sd",4.5,4.75378883692485,0.614974507368394,3.64177428374709,4.71828596002178,6.14842103611718,TRUE,0.412681881743143,"dense_profiles",9,"one_step_shared_gamma_poisson","growth"
"recruitment_50",0.019387103915861,0.0645685118221906,0.0148643439397098,0.0415021182832186,0.0619990421771399,0.0964146493148957,FALSE,3.03958305119867,"dense_profiles",9,"one_step_shared_gamma_poisson","recruitment"
"recruitment_80",0.183939720585721,0.327548575682132,0.0363504839903,0.262248123044868,0.32428397072819,0.399839708005016,FALSE,3.95067243491812,"dense_profiles",9,"one_step_shared_gamma_poisson","recruitment"
"recruitment_110",1.74517147873092,1.68601484782526,0.0778188014596429,1.54015702660846,1.68113271945521,1.84482476071695,TRUE,-0.760184297317117,"dense_profiles",9,"one_step_shared_gamma_poisson","recruitment"
"recruit_mean_50",44,44.6202915287098,0.865975992976501,43.0542235866454,44.5929430524541,46.4057323670847,TRUE,0.716291829959131,"dense_profiles",9,"one_step_shared_gamma_poisson","recruit_size"
"recruit_mean_80",44.6,45.0225720803503,0.430719939297628,44.229792997402,45.0104945815809,45.9040196375841,TRUE,0.981083162853817,"dense_profiles",9,"one_step_shared_gamma_poisson","recruit_size"
"recruit_mean_110",45.2,45.4248526319907,0.13361048702195,45.1833166750251,45.427086569728,45.6705097273692,TRUE,1.68289658246503,"dense_profiles",9,"one_step_shared_gamma_poisson","recruit_size"
"recruit_sd.log_recruit_sd",3.5,3.53519790329425,0.0982352138449934,3.34013497146455,3.53085637713322,3.73413376775171,TRUE,0.358302302367708,"dense_profiles",9,"one_step_shared_gamma_poisson","recruit_size"
"lambda",1.03119869581319,1.01234223327557,0.0329325661330982,0.943294835310505,1.01249203798625,1.07272880161522,TRUE,-0.572577990473293,"dense_profiles",9,"one_step_shared_gamma_poisson","lambda"
"survival_50",0.354343693774205,0.359218773293067,0.0166397840761099,0.329111558068355,0.359804611781274,0.39398496061741,TRUE,0.292977330508871,"dense_profiles",9,"one_step_gamma_poisson_shape_informed","survival"
"survival_80",0.589040434058665,0.607356718875938,0.0222392507782431,0.56488974949213,0.607413753814975,0.650733221570022,TRUE,0.823601703128971,"dense_profiles",9,"one_step_gamma_poisson_shape_informed","survival"
"survival_110",0.789181706522253,0.80896657904138,0.0282606811369672,0.75608750241874,0.810590299933098,0.866132846813452,TRUE,0.700084772310995,"dense_profiles",9,"one_step_gamma_poisson_shape_informed","survival"
"growth_increment_50",12,11.8795637866539,0.61204817781034,10.6854451355395,11.8914930050514,12.9765089244286,TRUE,-0.19677570771787,"dense_profiles",9,"one_step_gamma_poisson_shape_informed","growth"
"growth_increment_80",8.4,7.9931577307123,0.477446122939107,7.06384376585043,7.99561183437416,8.9360713093806,TRUE,-0.852121841063925,"dense_profiles",9,"one_step_gamma_poisson_shape_informed","growth"
"growth_increment_110",4.8,4.10675167477065,0.582339717793083,2.94127037215893,4.1453236304049,5.20038745260772,TRUE,-1.19045344847263,"dense_profiles",9,"one_step_gamma_poisson_shape_informed","growth"
"growth_sd.log_growth_sd",4.5,4.59274978273922,0.585905613404599,3.58645831480144,4.54375631327005,5.70140621729525,TRUE,0.158301577280117,"dense_profiles",9,"one_step_gamma_poisson_shape_informed","growth"
"recruitment_50",0.019387103915861,0.0563976386613593,0.0133892580648155,0.035431526863082,0.0544135743178958,0.0877978982071184,FALSE,2.76419608661924,"dense_profiles",9,"one_step_gamma_poisson_shape_informed","recruitment"
"recruitment_80",0.183939720585721,0.306851932829096,0.0364379518587881,0.242900908068267,0.304061583390367,0.388650348918497,FALSE,3.37319212451099,"dense_profiles",9,"one_step_gamma_poisson_shape_informed","recruitment"
"recruitment_110",1.74517147873092,1.69298772435498,0.0640981002680903,1.56084474866201,1.68938707945624,1.8223814968365,TRUE,-0.814123260403731,"dense_profiles",9,"one_step_gamma_poisson_shape_informed","recruitment"
"recruit_mean_50",44,44.4456729299809,1.04268371625394,42.5674422604238,44.4161949395598,46.4478629110333,TRUE,0.427428685260416,"dense_profiles",9,"one_step_gamma_poisson_shape_informed","recruit_size"
"recruit_mean_80",44.6,44.9224972193782,0.527936526926434,43.9529037945136,44.9237502653899,45.946160540258,TRUE,0.610863622670176,"dense_profiles",9,"one_step_gamma_poisson_shape_informed","recruit_size"
"recruit_mean_110",45.2,45.3993215087755,0.154192038235059,45.066114468611,45.4011345433506,45.6883897411996,TRUE,1.2926835331904,"dense_profiles",9,"one_step_gamma_poisson_shape_informed","recruit_size"
"recruit_sd.log_recruit_sd",3.5,3.51948776619191,0.117665633120332,3.29300706647847,3.51934918978279,3.75247660685777,TRUE,0.165619864314875,"dense_profiles",9,"one_step_gamma_poisson_shape_informed","recruit_size"
"lambda",1.03119869581319,1.00577144412826,0.0254761162036206,0.954422010999278,1.00551021750824,1.05430998883072,TRUE,-0.998081947880334,"dense_profiles",9,"one_step_gamma_poisson_shape_informed","lambda"
"survival_50",0.354343693774205,0.364664387355627,0.0176768833313756,0.333848956700226,0.365428280919971,0.397907338603943,TRUE,0.583852559749816,"dense_profiles",9,"one_step_gamma_poisson_fixed_recruitment_slope","survival"
"survival_80",0.589040434058665,0.611840001550197,0.0232761601952733,0.568873803756126,0.613344692194783,0.654560651013687,TRUE,0.979524427579833,"dense_profiles",9,"one_step_gamma_poisson_fixed_recruitment_slope","survival"
"survival_110",0.789181706522253,0.81108274678312,0.0292493148744654,0.746439034969189,0.814299960241498,0.857295340766755,TRUE,0.74877105172767,"dense_profiles",9,"one_step_gamma_poisson_fixed_recruitment_slope","survival"
"growth_increment_50",12,11.7054930006424,0.693081914790483,10.3432252538423,11.6866361512248,13.0112809676002,TRUE,-0.424923797711033,"dense_profiles",9,"one_step_gamma_poisson_fixed_recruitment_slope","growth"
"growth_increment_80",8.4,7.9272218470603,0.538620356805277,6.84812022823333,7.93099627584886,8.98211064434593,TRUE,-0.877757676564416,"dense_profiles",9,"one_step_gamma_poisson_fixed_recruitment_slope","growth"
"growth_increment_110",4.8,4.1489506934782,0.611469038189834,3.07255065635011,4.11021355160535,5.42710927411191,TRUE,-1.06472979964633,"dense_profiles",9,"one_step_gamma_poisson_fixed_recruitment_slope","growth"
"growth_sd.log_growth_sd",4.5,4.77911159888855,0.631141651738303,3.73773458414511,4.68530590933294,6.10894436178379,TRUE,0.442232893550629,"dense_profiles",9,"one_step_gamma_poisson_fixed_recruitment_slope","growth"
"recruitment_50",0.019387103915861,0.0178449554314464,0.000698550699849526,0.0164682558281541,0.0177937801197533,0.0192354442716972,FALSE,-2.20764002490697,"dense_profiles",9,"one_step_gamma_poisson_fixed_recruitment_slope","recruitment"
"recruitment_80",0.183939720585721,0.169308223145155,0.00662766450847568,0.156246460983098,0.168822685306468,0.182500813944859,FALSE,-2.20764002490699,"dense_profiles",9,"one_step_gamma_poisson_fixed_recruitment_slope","recruitment"
"recruitment_110",1.74517147873092,1.60635169612447,0.0628815300684262,1.48242514717353,1.60174504137245,1.73151951262923,FALSE,-2.207640024907,"dense_profiles",9,"one_step_gamma_poisson_fixed_recruitment_slope","recruitment"
"recruit_mean_50",44,43.6841318462528,1.2773829459719,41.2569234478946,43.7569763770409,46.2175826436614,TRUE,-0.247277572276408,"dense_profiles",9,"one_step_gamma_poisson_fixed_recruitment_slope","recruit_size"
"recruit_mean_80",44.6,44.4271929580433,0.709968222234777,43.0563543037785,44.458178480457,45.8355973768457,TRUE,-0.243401093942926,"dense_profiles",9,"one_step_gamma_poisson_fixed_recruitment_slope","recruit_size"
"recruit_mean_110",45.2,45.1702540698339,0.200369943550066,44.7863523593898,45.1545213758382,45.5653781764337,TRUE,-0.14845505088768,"dense_profiles",9,"one_step_gamma_poisson_fixed_recruitment_slope","recruit_size"
"recruit_sd.log_recruit_sd",3.5,3.47867541136099,0.131065232093235,3.20908435903405,3.47848480372235,3.7404506987841,TRUE,-0.162702101071598,"dense_profiles",9,"one_step_gamma_poisson_fixed_recruitment_slope","recruit_size"
"lambda",1.03119869581319,1.02825713821949,0.0287330964168433,0.972523595654702,1.02820376609905,1.0869377579849,TRUE,-0.102375238332431,"dense_profiles",9,"one_step_gamma_poisson_fixed_recruitment_slope","lambda"
"survival_50",0.354343693774205,0.352994632418042,0.0120801295830513,0.329436754286994,0.352967011432407,0.376166398604921,TRUE,-0.111676066625575,"rich_design",9,"recursive_gamma_poisson","survival"
"survival_80",0.589040434058665,0.59814877904628,0.0104333701406642,0.578393179567294,0.597827005564349,0.618621169164201,TRUE,0.873001232086543,"rich_design",9,"recursive_gamma_poisson","survival"
"survival_110",0.789181706522253,0.802283374788412,0.0114269884110884,0.77933903053654,0.8030180681398,0.823126515910213,TRUE,1.14655478721289,"rich_design",9,"recursive_gamma_poisson","survival"
"growth_increment_50",12,11.5978043300004,0.558508741328344,10.516242777113,11.5687733552019,12.7177718176944,TRUE,-0.720124216933443,"rich_design",9,"recursive_gamma_poisson","growth"
"growth_increment_80",8.4,8.04552349202084,0.374813373448702,7.34996792569734,8.02353004352373,8.80505292249028,TRUE,-0.94574135580485,"rich_design",9,"recursive_gamma_poisson","growth"
"growth_increment_110",4.8,4.49324265404121,0.277515704562072,3.96026854783072,4.47971312901802,5.03334631721545,TRUE,-1.10536932114477,"rich_design",9,"recursive_gamma_poisson","growth"
"growth_sd.log_growth_sd",4.5,5.06071428249674,0.381200788691313,4.35053664510497,5.05356098598823,5.84555460536334,TRUE,1.47091585099209,"rich_design",9,"recursive_gamma_poisson","growth"
"recruitment_50",0.019387103915861,0.0237372771041956,0.00838007888707596,0.011002229385246,0.0225894248243089,0.0407904024171489,TRUE,0.519108858872866,"rich_design",9,"recursive_gamma_poisson","recruitment"
"recruitment_80",0.183939720585721,0.203223088442267,0.0396288448439633,0.13641251533206,0.201146432891108,0.280980280516983,TRUE,0.486599292320356,"rich_design",9,"recursive_gamma_poisson","recruitment"
"recruitment_110",1.74517147873092,1.78336334974044,0.0958277784983609,1.59900012844071,1.78500210284955,1.96969401688304,TRUE,0.39854697257924,"rich_design",9,"recursive_gamma_poisson","recruitment"
"recruit_mean_50",44,44.1372664158576,1.07385612538499,41.7679512306988,44.1391305271765,46.2268279883931,TRUE,0.127825704591863,"rich_design",9,"recursive_gamma_poisson","recruit_size"
"recruit_mean_80",44.6,44.6495981638884,0.631070867634213,43.27660018129,44.6502945045386,45.888315678536,TRUE,0.0785936515724533,"rich_design",9,"recursive_gamma_poisson","recruit_size"
"recruit_mean_110",45.2,45.1619299119191,0.224057314447197,44.7494376690841,45.1605716531765,45.6107356306746,TRUE,-0.169912275235626,"rich_design",9,"recursive_gamma_poisson","recruit_size"
"recruit_sd.log_recruit_sd",3.5,3.39062499998343,0.109484287508275,3.16846475707028,3.39493184468241,3.59786354984511,TRUE,-0.999001797479858,"rich_design",9,"recursive_gamma_poisson","recruit_size"
"lambda",1.03119869581319,1.03063192211313,0.00670025927861785,1.01818920746185,1.03063835067274,1.0437646335729,TRUE,-0.0845898160800224,"rich_design",9,"recursive_gamma_poisson","lambda"
"survival_50",0.354343693774205,0.399543984208105,0.0176057188031681,0.367433936626308,0.40004484828325,0.432809801477749,FALSE,2.56736410136044,"rich_design",9,"one_step_gamma_poisson","survival"
"survival_80",0.589040434058665,0.611513378544924,0.0191021360122205,0.571342966217261,0.61128559403495,0.648143875909946,TRUE,1.17646238472398,"rich_design",9,"one_step_gamma_poisson","survival"
"survival_110",0.789181706522253,0.787562479705907,0.0250021034576957,0.735627915883885,0.78868039894461,0.832322590987597,TRUE,-0.064763623552144,"rich_design",9,"one_step_gamma_poisson","survival"
"growth_increment_50",12,10.3244127796887,0.67463041927209,9.04645353255293,10.305320965143,11.6178051143505,FALSE,-2.48371133652592,"rich_design",9,"one_step_gamma_poisson","growth"
"growth_increment_80",8.4,7.19910696474348,0.519115710330576,6.15202305951697,7.21820465903607,8.24535277991817,FALSE,-2.31334365606423,"rich_design",9,"one_step_gamma_poisson","growth"
"growth_increment_110",4.8,4.07380114979831,0.587658526930954,2.92083747675606,4.06538209393309,5.28303781830519,TRUE,-1.23574970313843,"rich_design",9,"one_step_gamma_poisson","growth"
"growth_sd.log_growth_sd",4.5,6.51491178288063,0.388651964924517,5.78613131508049,6.48680996210115,7.27573707979148,FALSE,5.18436021099743,"rich_design",9,"one_step_gamma_poisson","growth"
"recruitment_50",0.019387103915861,0.0178505897072922,0.00510633728940253,0.00977907980445595,0.0174401394518223,0.0292656488247997,TRUE,-0.300903391508741,"rich_design",9,"one_step_gamma_poisson","recruitment"
"recruitment_80",0.183939720585721,0.165722452646722,0.0273294447221097,0.117940830907247,0.164802812431458,0.226476560463716,TRUE,-0.666580244283592,"rich_design",9,"one_step_gamma_poisson","recruitment"
"recruitment_110",1.74517147873092,1.55913062951586,0.0881684740402583,1.39275626752194,1.55148835840869,1.73260418362422,FALSE,-2.1100608946698,"rich_design",9,"one_step_gamma_poisson","recruitment"
"recruit_mean_50",44,44.2826090058283,0.793561732496064,42.6720341087997,44.2906647005278,45.831069053142,TRUE,0.35612731090165,"rich_design",9,"one_step_gamma_poisson","recruit_size"
"recruit_mean_80",44.6,44.6660474614657,0.467486221378719,43.7200504478269,44.6631641703395,45.5369094258451,TRUE,0.141282156447164,"rich_design",9,"one_step_gamma_poisson","recruit_size"
"recruit_mean_110",45.2,45.0494859171032,0.167518820744088,44.7119340511701,45.0555319927155,45.3721692637877,TRUE,-0.898490582898553,"rich_design",9,"one_step_gamma_poisson","recruit_size"
"recruit_sd.log_recruit_sd",3.5,3.32045754364089,0.0936942013794088,3.14432615602494,3.31846841556087,3.52197243558392,TRUE,-1.91626006429219,"rich_design",9,"one_step_gamma_poisson","recruit_size"
"lambda",1.03119869581319,1.01481454621603,0.0253608005097368,0.967410955735709,1.01570536372736,1.06204051649875,TRUE,-0.646042288407786,"rich_design",9,"one_step_gamma_poisson","lambda"
"survival_50",0.354343693774205,0.391444053925732,0.0189677735502341,0.355193662074424,0.391055724880449,0.428831013841341,FALSE,1.95596810839559,"rich_design",9,"one_step_shared_gamma_poisson","survival"
"survival_80",0.589040434058665,0.610616530749307,0.0256509194789091,0.562212170161267,0.611035846978749,0.661896485237034,TRUE,0.841143207688231,"rich_design",9,"one_step_shared_gamma_poisson","survival"
"survival_110",0.789181706522253,0.79172734675876,0.0287667968685619,0.731061814278496,0.792257606068533,0.848087858490825,TRUE,0.0884923075773272,"rich_design",9,"one_step_shared_gamma_poisson","survival"
"growth_increment_50",12,10.1490064342082,0.637843847838897,8.8823659489933,10.1256590070955,11.3584564625701,FALSE,-2.90195409434968,"rich_design",9,"one_step_shared_gamma_poisson","growth"
"growth_increment_80",8.4,7.04874326566661,0.514644898433474,6.04515948023949,7.05933853864695,8.00170560590274,FALSE,-2.62560988838417,"rich_design",9,"one_step_shared_gamma_poisson","growth"
"growth_increment_110",4.8,3.94848009712506,0.564331385555004,2.8173386078386,3.96094811382035,4.99188755301165,TRUE,-1.50890048767622,"rich_design",9,"one_step_shared_gamma_poisson","growth"
"growth_sd.log_growth_sd",4.5,6.48474250034048,0.36553600324351,5.81963852584962,6.46612341652361,7.25103010240526,FALSE,5.42967719384485,"rich_design",9,"one_step_shared_gamma_poisson","growth"
"recruitment_50",0.019387103915861,0.0153719641556707,0.00330172080457949,0.0098349843639838,0.0151439914658034,0.0225880547163396,TRUE,-1.21607488877353,"rich_design",9,"one_step_shared_gamma_poisson","recruitment"
"recruitment_80",0.183939720585721,0.152346447095244,0.0196040634553548,0.118013248495554,0.151162697100662,0.192745041411931,TRUE,-1.61156759987164,"rich_design",9,"one_step_shared_gamma_poisson","recruitment"
"recruitment_110",1.74517147873092,1.52141008398319,0.081468909269238,1.36836676581479,1.51994623526978,1.68910939652963,FALSE,-2.74658635735806,"rich_design",9,"one_step_shared_gamma_poisson","recruitment"
"recruit_mean_50",44,44.1284390833557,0.590546812737643,42.9743478483775,44.0888307971968,45.3593218005346,TRUE,0.217491789956995,"rich_design",9,"one_step_shared_gamma_poisson","recruit_size"
"recruit_mean_80",44.6,44.5800003946356,0.358367450500856,43.8861127356174,44.5558740787486,45.3259059925811,TRUE,-0.0558075387049832,"rich_design",9,"one_step_shared_gamma_poisson","recruit_size"
"recruit_mean_110",45.2,45.0315617059154,0.138872180208239,44.7562761692951,45.0268239016479,45.332833661049,TRUE,-1.21290163250835,"rich_design",9,"one_step_shared_gamma_poisson","recruit_size"
"recruit_sd.log_recruit_sd",3.5,3.33644738778835,0.075988550500335,3.1858431156472,3.33951134602473,3.47933051108371,FALSE,-2.15233230710102,"rich_design",9,"one_step_shared_gamma_poisson","recruit_size"
"lambda",1.03119869581319,1.01299641760191,0.0329858784742882,0.951239692034923,1.01244702032459,1.08319281343881,TRUE,-0.551820325945713,"rich_design",9,"one_step_shared_gamma_poisson","lambda"
"survival_50",0.354343693774205,0.400953532676948,0.0187166761672419,0.364633558456993,0.400112704642936,0.440521033930464,FALSE,2.49028398452074,"rich_design",9,"one_step_gamma_poisson_shape_informed","survival"
"survival_80",0.589040434058665,0.613391255481852,0.0196319157315892,0.573766557234344,0.61433044328859,0.64830337140763,TRUE,1.24036908858595,"rich_design",9,"one_step_gamma_poisson_shape_informed","survival"
"survival_110",0.789181706522253,0.789330995670273,0.0236957379157504,0.745715604697973,0.790046050125898,0.833029661010942,TRUE,0.00630025317425569,"rich_design",9,"one_step_gamma_poisson_shape_informed","survival"
"growth_increment_50",12,10.2356176273779,0.693533337639037,8.83700533719011,10.2489262352493,11.6425903271093,FALSE,-2.54404839229294,"rich_design",9,"one_step_gamma_poisson_shape_informed","growth"
"growth_increment_80",8.4,7.11750133883122,0.545506144422614,6.11024704403527,7.11874558460628,8.15039760854038,FALSE,-2.35102514294541,"rich_design",9,"one_step_gamma_poisson_shape_informed","growth"
"growth_increment_110",4.8,3.9993850502846,0.598133761782615,2.94847859100682,4.0266554692233,5.11258107733779,TRUE,-1.33852158308091,"rich_design",9,"one_step_gamma_poisson_shape_informed","growth"
"growth_sd.log_growth_sd",4.5,6.55278381656145,0.384934676358165,5.89351536024665,6.5251807573386,7.35084799800542,FALSE,5.33281084464167,"rich_design",9,"one_step_gamma_poisson_shape_informed","growth"
"recruitment_50",0.019387103915861,0.0175809450475604,0.00426866032268226,0.0109513390321829,0.0170246402668343,0.0273817776571732,TRUE,-0.423120776020346,"rich_design",9,"one_step_gamma_poisson_shape_informed","recruitment"
"recruitment_80",0.183939720585721,0.164342384136063,0.0233137205610087,0.124684564644239,0.16231251787118,0.215147085812229,TRUE,-0.84059240559113,"rich_design",9,"one_step_gamma_poisson_shape_informed","recruitment"
"recruitment_110",1.74517147873092,1.55162629977898,0.0810450637167937,1.40030275953716,1.54962639980123,1.7189774553049,FALSE,-2.38811804292328,"rich_design",9,"one_step_gamma_poisson_shape_informed","recruitment"
"recruit_mean_50",44,44.223990082945,0.771225805800865,42.7501148913924,44.2141582120817,45.6066081583739,TRUE,0.290433853821101,"rich_design",9,"one_step_gamma_poisson_shape_informed","recruit_size"
"recruit_mean_80",44.6,44.6249041361084,0.460887782452005,43.7734463576869,44.6273780584953,45.5092580462942,TRUE,0.0540351405625613,"rich_design",9,"one_step_gamma_poisson_shape_informed","recruit_size"
"recruit_mean_110",45.2,45.0258181892718,0.175964105855336,44.676673473826,45.0308059146409,45.3772477924041,TRUE,-0.989871257445167,"rich_design",9,"one_step_gamma_poisson_shape_informed","recruit_size"
"recruit_sd.log_recruit_sd",3.5,3.30238143555453,0.0977238172743708,3.09373118434618,3.29958948762654,3.50018724601244,TRUE,-2.02221495186416,"rich_design",9,"one_step_gamma_poisson_shape_informed","recruit_size"
"lambda",1.03119869581319,1.01400706236219,0.0246430204698346,0.96671613692542,1.01339866478601,1.06047699496573,TRUE,-0.697626878655102,"rich_design",9,"one_step_gamma_poisson_shape_informed","lambda"
"survival_50",0.354343693774205,0.40124721446554,0.0177092856386174,0.366210753092932,0.40181510556765,0.435191996137318,FALSE,2.64852697327647,"rich_design",9,"one_step_gamma_poisson_fixed_recruitment_slope","survival"
"survival_80",0.589040434058665,0.612078224280308,0.0202296476042191,0.57510230784519,0.611330705361457,0.654580243919985,TRUE,1.13881322464746,"rich_design",9,"one_step_gamma_poisson_fixed_recruitment_slope","survival"
"survival_110",0.789181706522253,0.787188235338149,0.0250453738793348,0.737451768837065,0.78731915441226,0.837073019056063,TRUE,-0.0795943871194749,"rich_design",9,"one_step_gamma_poisson_fixed_recruitment_slope","survival"
"growth_increment_50",12,10.2849126871598,0.669715212288295,9.0327958035375,10.2597641202406,11.4700085064407,FALSE,-2.56092034550039,"rich_design",9,"one_step_gamma_poisson_fixed_recruitment_slope","growth"
"growth_increment_80",8.4,7.13982751570532,0.498290215770243,6.19572376795082,7.13834478511822,8.12232886953915,FALSE,-2.52899303340072,"rich_design",9,"one_step_gamma_poisson_fixed_recruitment_slope","growth"
"growth_increment_110",4.8,3.99474234425083,0.539667437553785,3.0259716488616,3.97327482617013,5.07074203925911,TRUE,-1.49213682300206,"rich_design",9,"one_step_gamma_poisson_fixed_recruitment_slope","growth"
"growth_sd.log_growth_sd",4.5,6.54486642663112,0.370368982863421,5.8397295784626,6.53242697604762,7.26948229782638,FALSE,5.5211600356534,"rich_design",9,"one_step_gamma_poisson_fixed_recruitment_slope","growth"
"recruitment_50",0.019387103915861,0.0173316153410221,0.000615968308589797,0.0161885010590344,0.0173459066585443,0.0187092043996995,FALSE,-3.33700378116002,"rich_design",9,"one_step_gamma_poisson_fixed_recruitment_slope","recruitment"
"recruitment_80",0.183939720585721,0.164437787972997,0.00584414459546856,0.153592221634729,0.1645733802184,0.177507989052785,FALSE,-3.33700378116001,"rich_design",9,"one_step_gamma_poisson_fixed_recruitment_slope","recruitment"
"recruitment_110",1.74517147873092,1.56014229380293,0.0554477001112881,1.45724242538974,1.56142875720877,1.68414890897605,FALSE,-3.33700378116001,"rich_design",9,"one_step_gamma_poisson_fixed_recruitment_slope","recruitment"
"recruit_mean_50",44,44.2195063895375,0.804051131015748,42.6563043197053,44.2281096191237,45.7165101279348,TRUE,0.273000535749707,"rich_design",9,"one_step_gamma_poisson_fixed_recruitment_slope","recruit_size"
"recruit_mean_80",44.6,44.6220289507419,0.474527872585733,43.6258159373108,44.6215285858392,45.5126337121161,TRUE,0.0464228805398506,"rich_design",9,"one_step_gamma_poisson_fixed_recruitment_slope","recruit_size"
"recruit_mean_110",45.2,45.0245515119463,0.170947354761273,44.6823223464188,45.0260068039717,45.354482731817,TRUE,-1.02633052321105,"rich_design",9,"one_step_gamma_poisson_fixed_recruitment_slope","recruit_size"
"recruit_sd.log_recruit_sd",3.5,3.31021869031938,0.0899233289267543,3.13521467602603,3.30904914389958,3.48954589946868,FALSE,-2.1104791375684,"rich_design",9,"one_step_gamma_poisson_fixed_recruitment_slope","recruit_size"
"lambda",1.03119869581319,1.01213609352974,0.0251775577083856,0.963755186410213,1.01303659475402,1.05854994858816,TRUE,-0.75712674375502,"rich_design",9,"one_step_gamma_poisson_fixed_recruitment_slope","lambda"
"survival_50",0.354343693774205,0.329086510588538,0.0222936429383324,0.287305720709314,0.329683888155691,0.371375924714315,TRUE,-1.13293207644584,"standard",10,"recursive_gamma_poisson","survival"
"survival_80",0.589040434058665,0.551195979326382,0.0225409872882281,0.50722290700686,0.5521094230129,0.594733066071455,TRUE,-1.67891735390167,"standard",10,"recursive_gamma_poisson","survival"
"survival_110",0.789181706522253,0.753453231971602,0.0346814514339509,0.686370146209256,0.754872126571069,0.814466067421522,TRUE,-1.03018971448452,"standard",10,"recursive_gamma_poisson","survival"
"growth_increment_50",12,13.4663604825474,1.08573959793088,11.3800288972941,13.4527185076238,15.7586576867145,TRUE,1.35056369440877,"standard",10,"recursive_gamma_poisson","growth"
"growth_increment_80",8.4,9.24099985559145,0.805285531651528,7.67855062948895,9.25625235418731,10.8521799616537,TRUE,1.04434988899736,"standard",10,"recursive_gamma_poisson","growth"
"growth_increment_110",4.8,5.0156392286355,0.716431249821761,3.41106680715649,4.99617158226399,6.30685964937992,TRUE,0.300990818992252,"standard",10,"recursive_gamma_poisson","growth"
"growth_sd.log_growth_sd",4.5,5.42455903305274,0.786431506513721,4.03742087795658,5.40868649069758,6.98957784023522,TRUE,1.17563834281175,"standard",10,"recursive_gamma_poisson","growth"
"recruitment_50",0.019387103915861,0.0370328570090275,0.0198666672071682,0.0110775644783882,0.0333894170469274,0.084654789376708,TRUE,0.888209024148733,"standard",10,"recursive_gamma_poisson","recruitment"
"recruitment_80",0.183939720585721,0.23873643434106,0.0663337462521964,0.131352912877548,0.232730450574041,0.37981498229284,TRUE,0.826075969643042,"standard",10,"recursive_gamma_poisson","recruitment"
"recruitment_110",1.74517147873092,1.63860526201906,0.124522558344456,1.39989024319563,1.63601940109612,1.89906001448943,TRUE,-0.855798484456701,"standard",10,"recursive_gamma_poisson","recruitment"
"recruit_mean_50",44,43.5693434674552,2.25288757731663,39.7662759912158,43.502865541233,48.2654455525661,TRUE,-0.191157577892866,"standard",10,"recursive_gamma_poisson","recruit_size"
"recruit_mean_80",44.6,44.3275757232127,1.2368566422428,42.2897013752583,44.2633998623917,46.8261144311608,TRUE,-0.220255337185516,"standard",10,"recursive_gamma_poisson","recruit_size"
"recruit_mean_110",45.2,45.08580797897,0.325539294889857,44.4789729496731,45.1030544662086,45.6821467001362,TRUE,-0.350777994615345,"standard",10,"recursive_gamma_poisson","recruit_size"
"recruit_sd.log_recruit_sd",3.5,3.40800237996337,0.25102349063637,2.93298857578712,3.40881171896567,3.90437974723657,TRUE,-0.366490083471497,"standard",10,"recursive_gamma_poisson","recruit_size"
"lambda",1.03119869581319,0.994722331973945,0.0212259313588265,0.952408048409083,0.996018587148141,1.03320526453613,TRUE,-1.71848119277367,"standard",10,"recursive_gamma_poisson","lambda"
"survival_50",0.354343693774205,0.372638552824601,0.0317147582346791,0.316171702752671,0.370474916265178,0.44121418848441,TRUE,0.576856330261773,"standard",10,"one_step_gamma_poisson","survival"
"survival_80",0.589040434058665,0.574073286673307,0.0393051086513973,0.496527065968956,0.575768540195487,0.64460450946967,TRUE,-0.38079394508495,"standard",10,"one_step_gamma_poisson","survival"
"survival_110",0.789181706522253,0.750430518731755,0.0567097529627733,0.637014378287128,0.756628862086755,0.847280269505023,TRUE,-0.683324926771167,"standard",10,"one_step_gamma_poisson","survival"
"growth_increment_50",12,11.7474497092837,1.54059720282029,8.36871188736838,11.7751377121332,14.7140393075554,TRUE,-0.163930124145357,"standard",10,"one_step_gamma_poisson","growth"
"growth_increment_80",8.4,7.82127265036131,1.28589926671534,5.46753414530881,7.88909958085147,10.3700207024489,TRUE,-0.450056520459004,"standard",10,"one_step_gamma_poisson","growth"
"growth_increment_110",4.8,3.89559677186962,1.39981992798722,1.35317852111972,3.83979336781017,6.552447435174,TRUE,-0.646085407164341,"standard",10,"one_step_gamma_poisson","growth"
"growth_sd.log_growth_sd",4.5,7.28170813753943,1.12890695236404,5.47761914922587,7.12173284055147,9.91752546620196,FALSE,2.46407211127035,"standard",10,"one_step_gamma_poisson","growth"
"recruitment_50",0.019387103915861,0.0566220108794476,0.0309246516323229,0.0172247453589749,0.050989695685605,0.143230500995287,TRUE,1.20405259229075,"standard",10,"one_step_gamma_poisson","recruitment"
"recruitment_80",0.183939720585721,0.290073442336201,0.080414042380928,0.160694708407395,0.284511015758455,0.497817927918971,TRUE,1.31984064733018,"standard",10,"one_step_gamma_poisson","recruitment"
"recruitment_110",1.74517147873092,1.58311681981731,0.119886051088078,1.36291354869846,1.57847453555593,1.83818311799792,TRUE,-1.35173906757969,"standard",10,"one_step_gamma_poisson","recruitment"
"recruit_mean_50",44,43.0919670257119,2.05698950728057,39.077546015496,43.1652837811221,47.4096898320081,TRUE,-0.441437825071158,"standard",10,"one_step_gamma_poisson","recruit_size"
"recruit_mean_80",44.6,44.0517401409449,1.09109779494691,41.8066334525833,44.1467983211983,46.2830434519252,TRUE,-0.502484618330424,"standard",10,"one_step_gamma_poisson","recruit_size"
"recruit_mean_110",45.2,45.011513256178,0.286532805726553,44.4654739299183,45.0273062827546,45.505204255021,TRUE,-0.657819070120235,"standard",10,"one_step_gamma_poisson","recruit_size"
"recruit_sd.log_recruit_sd",3.5,3.19303132610712,0.286611481736261,2.67639606893315,3.17448561318058,3.75864197449769,TRUE,-1.0710271341305,"standard",10,"one_step_gamma_poisson","recruit_size"
"lambda",1.03119869581319,0.965663920633825,0.0516357575702407,0.85305346168057,0.969317453007686,1.06535776939089,TRUE,-1.26917427502095,"standard",10,"one_step_gamma_poisson","lambda"
"survival_50",0.354343693774205,0.371694077638051,0.0384451019263299,0.303245130469491,0.370804049934624,0.447029445431681,TRUE,0.451302844692507,"standard",10,"one_step_shared_gamma_poisson","survival"
"survival_80",0.589040434058665,0.591862924981925,0.0579997235724538,0.475841506382155,0.594689423070782,0.696879557895063,TRUE,0.0486638685395541,"standard",10,"one_step_shared_gamma_poisson","survival"
"survival_110",0.789181706522253,0.775183609249404,0.071511330809724,0.615569764524136,0.785015902686981,0.881310956137413,TRUE,-0.195746563717226,"standard",10,"one_step_shared_gamma_poisson","survival"
"growth_increment_50",12,11.642654541054,1.591920746228,8.49276026891156,11.6755938294063,14.5637624460373,TRUE,-0.22447440288261,"standard",10,"one_step_shared_gamma_poisson","growth"
"growth_increment_80",8.4,7.72639832115667,1.26594651079873,5.06544599495238,7.77083294484846,9.95404170923004,TRUE,-0.532093317606551,"standard",10,"one_step_shared_gamma_poisson","growth"
"growth_increment_110",4.8,3.81056295501604,1.38223096890118,0.995497020568748,3.79066467555487,6.54669455154583,TRUE,-0.715826129818616,"standard",10,"one_step_shared_gamma_poisson","growth"
"growth_sd.log_growth_sd",4.5,7.2081770625466,1.03428274491053,5.34736176261734,7.11567364030355,9.39380101069751,FALSE,2.61841075457646,"standard",10,"one_step_shared_gamma_poisson","growth"
"recruitment_50",0.019387103915861,0.0629704168061862,0.035354158170097,0.0213093397686662,0.0549613601967663,0.14783995584135,FALSE,1.23276341868008,"standard",10,"one_step_shared_gamma_poisson","recruitment"
"recruitment_80",0.183939720585721,0.309114593233547,0.0850110656059066,0.177710604018793,0.299606082635006,0.505780792317773,TRUE,1.47245387121848,"standard",10,"one_step_shared_gamma_poisson","recruitment"
"recruitment_110",1.74517147873092,1.61576591790384,0.141104719059944,1.36418440302175,1.61526556185609,1.87896921880442,TRUE,-0.917088823741664,"standard",10,"one_step_shared_gamma_poisson","recruitment"
"recruit_mean_50",44,43.3423436512849,1.72200492608732,39.8811591715873,43.306265872566,46.3389939376576,TRUE,-0.381913163401593,"standard",10,"one_step_shared_gamma_poisson","recruit_size"
"recruit_mean_80",44.6,44.2033382307553,0.901870162301162,42.356583013726,44.2309369728789,45.8987954498888,TRUE,-0.439821368779516,"standard",10,"one_step_shared_gamma_poisson","recruit_size"
"recruit_mean_110",45.2,45.0643328102257,0.230553210985105,44.6084695190809,45.0550895406594,45.5042775925233,TRUE,-0.588441987836951,"standard",10,"one_step_shared_gamma_poisson","recruit_size"
"recruit_sd.log_recruit_sd",3.5,3.17868076203772,0.23409554160182,2.73478263580407,3.16497927748226,3.67450614621795,TRUE,-1.37259870804723,"standard",10,"one_step_shared_gamma_poisson","recruit_size"
"lambda",1.03119869581319,0.983276800358173,0.0674600735205906,0.847480797267733,0.98961560580359,1.10372382884778,TRUE,-0.710374195491982,"standard",10,"one_step_shared_gamma_poisson","lambda"
"survival_50",0.354343693774205,0.374117053660005,0.0373404412224888,0.300556949185127,0.372520849770251,0.448032724345669,TRUE,0.529542748784985,"standard",10,"one_step_gamma_poisson_shape_informed","survival"
"survival_80",0.589040434058665,0.580013396483102,0.0420600312814383,0.498538284555614,0.581685212476571,0.662143235369468,TRUE,-0.214622702374134,"standard",10,"one_step_gamma_poisson_shape_informed","survival"
"survival_110",0.789181706522253,0.758475950306424,0.055389392988876,0.647782649064256,0.762271366708171,0.848805995946122,TRUE,-0.554361666718311,"standard",10,"one_step_gamma_poisson_shape_informed","survival"
"growth_increment_50",12,11.5787658804144,1.74918074598914,8.04838130268441,11.6101350472638,15.0674265939215,TRUE,-0.240817948946379,"standard",10,"one_step_gamma_poisson_shape_informed","growth"
"growth_increment_80",8.4,7.77225700532778,1.37924720159203,5.06948391952672,7.84896568710908,10.362192679991,TRUE,-0.455134506669747,"standard",10,"one_step_gamma_poisson_shape_informed","growth"
"growth_increment_110",4.8,3.96574813024118,1.41755830710951,1.22574914528936,3.96310595319513,6.61789100872806,TRUE,-0.588513266491247,"standard",10,"one_step_gamma_poisson_shape_informed","growth"
"growth_sd.log_growth_sd",4.5,7.42523022057698,1.18079348342111,5.40278129722364,7.30221046293244,10.0738594506289,FALSE,2.47734278825939,"standard",10,"one_step_gamma_poisson_shape_informed","growth"
"recruitment_50",0.019387103915861,0.0344144625783449,0.0161771512988365,0.0138354471148042,0.0310680178841418,0.0715312619574525,TRUE,0.928924900613662,"standard",10,"one_step_gamma_poisson_shape_informed","recruitment"
"recruitment_80",0.183939720585721,0.226632750596845,0.0575498765401468,0.138194627250137,0.220472326043623,0.352905246338872,TRUE,0.741843989558197,"standard",10,"one_step_gamma_poisson_shape_informed","recruitment"
"recruitment_110",1.74517147873092,1.55146343805643,0.145947858802463,1.29732590396675,1.540587166878,1.84938303066348,TRUE,-1.3272414015794,"standard",10,"one_step_gamma_poisson_shape_informed","recruitment"
"recruit_mean_50",44,42.7207571035945,2.49387311816752,38.016637189572,42.5476839041209,47.7155190631883,TRUE,-0.512954282672377,"standard",10,"one_step_gamma_poisson_shape_informed","recruit_size"
"recruit_mean_80",44.6,43.7976063694136,1.3724913804532,41.1651856005058,43.7405200621749,46.5983112769227,TRUE,-0.584625624622502,"standard",10,"one_step_gamma_poisson_shape_informed","recruit_size"
"recruit_mean_110",45.2,44.8744556352326,0.341042693769797,44.2141423765683,44.8767530244877,45.5290360653679,TRUE,-0.954556044490958,"standard",10,"one_step_gamma_poisson_shape_informed","recruit_size"
"recruit_sd.log_recruit_sd",3.5,3.18819677792536,0.305329906510323,2.62411162445401,3.17630364387513,3.87361694958457,TRUE,-1.02120105311105,"standard",10,"one_step_gamma_poisson_shape_informed","recruit_size"
"lambda",1.03119869581319,0.982240608178444,0.05265699660341,0.8836099881557,0.983849179053614,1.07487141101687,TRUE,-0.929754653564471,"standard",10,"one_step_gamma_poisson_shape_informed","lambda"
"survival_50",0.354343693774205,0.385444307050619,0.0390105234916142,0.313989840770136,0.385066408406571,0.45380821681438,TRUE,0.797236501660887,"standard",10,"one_step_gamma_poisson_fixed_recruitment_slope","survival"
"survival_80",0.589040434058665,0.591404163502765,0.04607704604839,0.494436900632086,0.594199778573223,0.680513615512855,TRUE,0.0512995004414386,"standard",10,"one_step_gamma_poisson_fixed_recruitment_slope","survival"
"survival_110",0.789181706522253,0.765859890613408,0.0609311487222289,0.631969057955558,0.770675275122717,0.871622701644374,TRUE,-0.382756872271752,"standard",10,"one_step_gamma_poisson_fixed_recruitment_slope","survival"
"growth_increment_50",12,11.0100512463683,1.88643212879473,7.51402975815983,10.9520838840817,14.6931493648427,TRUE,-0.524773056247845,"standard",10,"one_step_gamma_poisson_fixed_recruitment_slope","growth"
"growth_increment_80",8.4,7.28679345275211,1.47176329690264,4.51465354565018,7.25678647523669,10.4036246976978,TRUE,-0.75637607595641,"standard",10,"one_step_gamma_poisson_fixed_recruitment_slope","growth"
"growth_increment_110",4.8,3.56452833479358,1.51430883280709,0.751069920194926,3.52848046710545,6.81293217963979,TRUE,-0.81586505898946,"standard",10,"one_step_gamma_poisson_fixed_recruitment_slope","growth"
"growth_sd.log_growth_sd",4.5,7.72016704941139,1.18913667364416,5.67144166632485,7.63743718412478,10.3128135864991,FALSE,2.70798733298086,"standard",10,"one_step_gamma_poisson_fixed_recruitment_slope","growth"
"recruitment_50",0.019387103915861,0.0154666298087103,0.00126721412516581,0.0130895794132118,0.0153909855749725,0.0182515591156439,FALSE,-3.0937739954861,"standard",10,"one_step_gamma_poisson_fixed_recruitment_slope","recruitment"
"recruitment_80",0.183939720585721,0.146743297903792,0.0120229928676754,0.124190471681591,0.146025605396544,0.17316597149091,FALSE,-3.09377399548609,"standard",10,"one_step_gamma_poisson_fixed_recruitment_slope","recruitment"
"recruitment_110",1.74517147873092,1.39226164626724,0.114070980290927,1.1782863887077,1.38545236934674,1.64295299335215,FALSE,-3.09377399548609,"standard",10,"one_step_gamma_poisson_fixed_recruitment_slope","recruitment"
"recruit_mean_50",44,42.4249269250047,2.66984994090913,36.798824358995,42.4377966370596,47.5400207840979,TRUE,-0.589948165573283,"standard",10,"one_step_gamma_poisson_fixed_recruitment_slope","recruit_size"
"recruit_mean_80",44.6,43.5616458514602,1.52333672756731,40.3176494904764,43.5455543808456,46.4549234957358,TRUE,-0.681631401481418,"standard",10,"one_step_gamma_poisson_fixed_recruitment_slope","recruit_size"
"recruit_mean_110",45.2,44.6983647779158,0.421282371111354,43.8517975302348,44.7100959081057,45.4993099979991,TRUE,-1.19073395063005,"standard",10,"one_step_gamma_poisson_fixed_recruitment_slope","recruit_size"
"recruit_sd.log_recruit_sd",3.5,3.14988729338761,0.316145377722693,2.61679259059312,3.14450587920474,3.76962398406204,TRUE,-1.10744211771932,"standard",10,"one_step_gamma_poisson_fixed_recruitment_slope","recruit_size"
"lambda",1.03119869581319,0.98876797024079,0.0559308437426687,0.880810013155042,0.987042337550226,1.09609096369055,TRUE,-0.758628383430471,"standard",10,"one_step_gamma_poisson_fixed_recruitment_slope","lambda"
"survival_50",0.354343693774205,0.352629044181838,0.0137011526627762,0.325300137079414,0.353230724221653,0.377863759358872,TRUE,-0.125146375240736,"dense_profiles",10,"recursive_gamma_poisson","survival"
"survival_80",0.589040434058665,0.606212074355467,0.013810002968712,0.578607124321681,0.606623293321111,0.632744957434485,TRUE,1.24342046382653,"dense_profiles",10,"recursive_gamma_poisson","survival"
"survival_110",0.789181706522253,0.812795061770656,0.0156348751817937,0.780188291206771,0.813351409455763,0.841111692703479,TRUE,1.51030020859391,"dense_profiles",10,"recursive_gamma_poisson","survival"
"growth_increment_50",12,11.5241549557788,0.701996856952842,10.1922798733088,11.5299994226197,12.9085050318258,TRUE,-0.677844978233472,"dense_profiles",10,"recursive_gamma_poisson","growth"
"growth_increment_80",8.4,8.20107729221324,0.464963622654655,7.30214493260943,8.17984862181174,9.11127151512026,TRUE,-0.427824238487804,"dense_profiles",10,"recursive_gamma_poisson","growth"
"growth_increment_110",4.8,4.87799962864763,0.370552675700853,4.15859905165443,4.88168739042672,5.58775317400678,TRUE,0.210495386384958,"dense_profiles",10,"recursive_gamma_poisson","growth"
"growth_sd.log_growth_sd",4.5,4.61359856449204,0.526160100139317,3.69184905975894,4.54644037929767,5.81445383528688,TRUE,0.215901138193414,"dense_profiles",10,"recursive_gamma_poisson","growth"
"recruitment_50",0.019387103915861,0.0219751604054282,0.00885847308251252,0.0102412833099788,0.0198426766153974,0.0432501097166515,TRUE,0.292156048278375,"dense_profiles",10,"recursive_gamma_poisson","recruitment"
"recruitment_80",0.183939720585721,0.187385203102902,0.03952435956162,0.123796589115774,0.182191882684082,0.275483984554429,TRUE,0.0871736457059978,"dense_profiles",10,"recursive_gamma_poisson","recruitment"
"recruitment_110",1.74517147873092,1.65148727086162,0.08518268303288,1.49138404611066,1.65180182082496,1.81305446537153,TRUE,-1.09980344048492,"dense_profiles",10,"recursive_gamma_poisson","recruitment"
"recruit_mean_50",44,43.8190283773797,1.4736925991415,40.7094837397608,43.8124006518882,46.4844938918923,TRUE,-0.122801473472609,"dense_profiles",10,"recursive_gamma_poisson","recruit_size"
"recruit_mean_80",44.6,44.5401120714515,0.832146938683753,42.8127604706556,44.5325977264367,46.0512984978955,TRUE,-0.0719679731601646,"dense_profiles",10,"recursive_gamma_poisson","recruit_size"
"recruit_mean_110",45.2,45.2611957655233,0.230562792936079,44.7641142462357,45.2593093322504,45.7008655510764,TRUE,0.265419084944167,"dense_profiles",10,"recursive_gamma_poisson","recruit_size"
"recruit_sd.log_recruit_sd",3.5,3.62127361086226,0.131422922578161,3.37964551293161,3.61510406686259,3.90114858927186,TRUE,0.922773656856805,"dense_profiles",10,"recursive_gamma_poisson","recruit_size"
"lambda",1.03119869581319,1.04823956665259,0.00996142063820584,1.03057015616207,1.04728178216088,1.06741931511056,TRUE,1.71068680445421,"dense_profiles",10,"recursive_gamma_poisson","lambda"
"survival_50",0.354343693774205,0.351004279084117,0.0179966979871974,0.316459872713012,0.351145122236379,0.388971358427803,TRUE,-0.185557077885255,"dense_profiles",10,"one_step_gamma_poisson","survival"
"survival_80",0.589040434058665,0.599898360546922,0.022037505559198,0.556828206338072,0.600935802576756,0.641453397716121,TRUE,0.492702155381855,"dense_profiles",10,"one_step_gamma_poisson","survival"
"survival_110",0.789181706522253,0.804918561420165,0.0285114152030803,0.748987209119126,0.807140234211113,0.855878982332024,TRUE,0.551949273153319,"dense_profiles",10,"one_step_gamma_poisson","survival"
"growth_increment_50",12,11.7869319024618,0.72305254241459,10.3975496999031,11.7712701562117,13.2298148674059,TRUE,-0.294678581485439,"dense_profiles",10,"one_step_gamma_poisson","growth"
"growth_increment_80",8.4,8.45268099629213,0.50341773572294,7.41658814991144,8.42692744317209,9.42269078483907,TRUE,0.104646683169556,"dense_profiles",10,"one_step_gamma_poisson","growth"
"growth_increment_110",4.8,5.11843009012244,0.517577165053357,4.05151120473461,5.10927965030498,6.13919648698918,TRUE,0.615232107640628,"dense_profiles",10,"one_step_gamma_poisson","growth"
"growth_sd.log_growth_sd",4.5,4.68602013577999,0.433206110032956,3.92970209009139,4.6740780465546,5.50913446008825,TRUE,0.429403305890219,"dense_profiles",10,"one_step_gamma_poisson","growth"
"recruitment_50",0.019387103915861,0.0355798862761315,0.00947574771036089,0.0202524035905662,0.0346255611581177,0.0572319787564914,FALSE,1.70886592332604,"dense_profiles",10,"one_step_gamma_poisson","recruitment"
"recruitment_80",0.183939720585721,0.25075212543437,0.0359770986469341,0.185824449247489,0.248065987045198,0.325816302192794,FALSE,1.85708151466913,"dense_profiles",10,"one_step_gamma_poisson","recruitment"
"recruitment_110",1.74517147873092,1.79443589176917,0.0724204286461434,1.65125621251949,1.79122898767477,1.93060337297647,TRUE,0.680255750472909,"dense_profiles",10,"one_step_gamma_poisson","recruitment"
"recruit_mean_50",44,44.3238155463461,1.13630054009184,42.2606676854044,44.2820275325834,46.5109559054243,TRUE,0.284973503858378,"dense_profiles",10,"one_step_gamma_poisson","recruit_size"
"recruit_mean_80",44.6,44.8451980683552,0.616248616677871,43.6594332570289,44.8475924994713,45.9806364214572,TRUE,0.397888225172881,"dense_profiles",10,"one_step_gamma_poisson","recruit_size"
"recruit_mean_110",45.2,45.3665805903644,0.175800595080093,45.0090143526162,45.3631894351396,45.7252159645552,TRUE,0.947554189384069,"dense_profiles",10,"one_step_gamma_poisson","recruit_size"
"recruit_sd.log_recruit_sd",3.5,3.61515463833822,0.12203176093935,3.38088687440025,3.61203710932812,3.84707891831285,TRUE,0.943644813873143,"dense_profiles",10,"one_step_gamma_poisson","recruit_size"
"lambda",1.03119869581319,1.04315636663803,0.0269962398657411,0.98687649994423,1.04655939036135,1.0856979313756,TRUE,0.442938382689922,"dense_profiles",10,"one_step_gamma_poisson","lambda"
"survival_50",0.354343693774205,0.355100113840401,0.0186649601648848,0.317529877813017,0.3547839383072,0.392458493618974,TRUE,0.0405262084415954,"dense_profiles",10,"one_step_shared_gamma_poisson","survival"
"survival_80",0.589040434058665,0.614541202265066,0.0329345112134218,0.542246731028438,0.615439340829713,0.670161539754676,TRUE,0.774287131245125,"dense_profiles",10,"one_step_shared_gamma_poisson","survival"
"survival_110",0.789181706522253,0.820071739082,0.0355707743052253,0.740770600883076,0.823500138437449,0.877743606004435,TRUE,0.868410462327468,"dense_profiles",10,"one_step_shared_gamma_poisson","survival"
"growth_increment_50",12,11.665372470188,0.642530433373776,10.5505705478198,11.6426592695361,13.0589746889557,TRUE,-0.520796389448816,"dense_profiles",10,"one_step_shared_gamma_poisson","growth"
"growth_increment_80",8.4,8.38924472973972,0.467994585577094,7.4572192327288,8.38482789267195,9.28570319311726,TRUE,-0.0229816125907034,"dense_profiles",10,"one_step_shared_gamma_poisson","growth"
"growth_increment_110",4.8,5.1131169892915,0.526360638301025,4.14005313063865,5.11921210098228,6.16549730938027,TRUE,0.594871588996792,"dense_profiles",10,"one_step_shared_gamma_poisson","growth"
"growth_sd.log_growth_sd",4.5,4.64314273204986,0.412224536887835,3.82287947440981,4.64096424090081,5.43271186097709,TRUE,0.347244569987368,"dense_profiles",10,"one_step_shared_gamma_poisson","growth"
"recruitment_50",0.019387103915861,0.0380382110863201,0.00899300223340698,0.024088852733,0.0361039764765358,0.0580613282226033,FALSE,2.07395780478898,"dense_profiles",10,"one_step_shared_gamma_poisson","recruitment"
"recruitment_80",0.183939720585721,0.260727315182796,0.0328581655217153,0.205158568162835,0.255992825942225,0.330072969184948,FALSE,2.33694101231329,"dense_profiles",10,"one_step_shared_gamma_poisson","recruitment"
"recruitment_110",1.74517147873092,1.80853291392235,0.0825223240036395,1.65615342292183,1.80670583026225,1.97158508186963,TRUE,0.767809631592987,"dense_profiles",10,"one_step_shared_gamma_poisson","recruitment"
"recruit_mean_50",44,44.2780903362119,0.978527227266869,42.4830205187212,44.2151201445559,46.2838455562933,TRUE,0.284192742381495,"dense_profiles",10,"one_step_shared_gamma_poisson","recruit_size"
"recruit_mean_80",44.6,44.8371941847248,0.53018792026526,43.8602754962747,44.832313944504,45.9329529194027,TRUE,0.447377572476849,"dense_profiles",10,"one_step_shared_gamma_poisson","recruit_size"
"recruit_mean_110",45.2,45.3962980332378,0.134988343576577,45.1322365387478,45.3903016729421,45.6751616453459,TRUE,1.45418506544177,"dense_profiles",10,"one_step_shared_gamma_poisson","recruit_size"
"recruit_sd.log_recruit_sd",3.5,3.61124440698531,0.0999907036629663,3.43801260273473,3.60707185259407,3.81368579066067,TRUE,1.11254749601804,"dense_profiles",10,"one_step_shared_gamma_poisson","recruit_size"
"lambda",1.03119869581319,1.05532797219905,0.0374625910553048,0.973047151687562,1.05858470043584,1.11739764373698,TRUE,0.644089896244375,"dense_profiles",10,"one_step_shared_gamma_poisson","lambda"
"survival_50",0.354343693774205,0.348773919927952,0.0172004666713186,0.31263662748106,0.34879438382904,0.382608697873661,TRUE,-0.323815275055317,"dense_profiles",10,"one_step_gamma_poisson_shape_informed","survival"
"survival_80",0.589040434058665,0.599785225993838,0.022744032571917,0.550895488478583,0.599358447200639,0.641947154901971,TRUE,0.472422465154217,"dense_profiles",10,"one_step_gamma_poisson_shape_informed","survival"
"survival_110",0.789181706522253,0.806318280673766,0.0284685735789815,0.741583720852826,0.808357074117964,0.853296582116396,TRUE,0.601947059411703,"dense_profiles",10,"one_step_gamma_poisson_shape_informed","survival"
"growth_increment_50",12,11.8054006352274,0.701593715798954,10.4301946089493,11.8023519867957,13.1448776779104,TRUE,-0.277367599496014,"dense_profiles",10,"one_step_gamma_poisson_shape_informed","growth"
"growth_increment_80",8.4,8.44944421782549,0.505385493953967,7.58331945739183,8.43380531494176,9.46425358772684,TRUE,0.097834659714229,"dense_profiles",10,"one_step_gamma_poisson_shape_informed","growth"
"growth_increment_110",4.8,5.09348780042363,0.55498144741746,4.07914614801432,5.04463869764252,6.21102509653007,TRUE,0.528824525196902,"dense_profiles",10,"one_step_gamma_poisson_shape_informed","growth"
"growth_sd.log_growth_sd",4.5,4.65077338367819,0.445064544165949,3.83833173779263,4.61784522053796,5.60095976224841,TRUE,0.338767456663476,"dense_profiles",10,"one_step_gamma_poisson_shape_informed","growth"
"recruitment_50",0.019387103915861,0.0322820647261456,0.0080362259676215,0.019358359280206,0.0311400334193994,0.0500604861011157,TRUE,1.60460405944771,"dense_profiles",10,"one_step_gamma_poisson_shape_informed","recruitment"
"recruitment_80",0.183939720585721,0.23816189341932,0.0319724502033773,0.181805275891491,0.235468899567936,0.306574071882512,TRUE,1.69590295672339,"dense_profiles",10,"one_step_gamma_poisson_shape_informed","recruitment"
"recruitment_110",1.74517147873092,1.78018321231119,0.0730665050679796,1.64389973773662,1.77843731897723,1.93985624329258,TRUE,0.479176245636638,"dense_profiles",10,"one_step_gamma_poisson_shape_informed","recruitment"
"recruit_mean_50",44,44.2705236206551,1.19714838448094,41.9336708780531,44.2354255548162,46.5959478373334,TRUE,0.225973341452064,"dense_profiles",10,"one_step_gamma_poisson_shape_informed","recruit_size"
"recruit_mean_80",44.6,44.8221216985663,0.659633829089271,43.5331692233351,44.7977429731454,46.1012635436765,TRUE,0.33673485011063,"dense_profiles",10,"one_step_gamma_poisson_shape_informed","recruit_size"
"recruit_mean_110",45.2,45.3737197764775,0.183541543788578,44.9824041594229,45.3685575451872,45.7155686558176,TRUE,0.946487497553133,"dense_profiles",10,"one_step_gamma_poisson_shape_informed","recruit_size"
"recruit_sd.log_recruit_sd",3.5,3.62571373402485,0.113657257813896,3.40499162269714,3.62675369638494,3.84693596867365,TRUE,1.10607748632027,"dense_profiles",10,"one_step_gamma_poisson_shape_informed","recruit_size"
"lambda",1.03119869581319,1.04473522588316,0.0289249583611154,0.985326062578922,1.04606850813379,1.09696676671982,TRUE,0.467987884406687,"dense_profiles",10,"one_step_gamma_poisson_shape_informed","lambda"
"survival_50",0.354343693774205,0.352115568993018,0.0168010935494602,0.32123745049902,0.351550558963587,0.38427668102135,TRUE,-0.132617842679511,"dense_profiles",10,"one_step_gamma_poisson_fixed_recruitment_slope","survival"
"survival_80",0.589040434058665,0.601819975750747,0.0223633706081235,0.557826262236083,0.601625416485692,0.643527889463541,TRUE,0.571449711942775,"dense_profiles",10,"one_step_gamma_poisson_fixed_recruitment_slope","survival"
"survival_110",0.789181706522253,0.806588929519314,0.0288477127464188,0.741385014878683,0.808523303118604,0.857824588797113,TRUE,0.603417787402294,"dense_profiles",10,"one_step_gamma_poisson_fixed_recruitment_slope","survival"
"growth_increment_50",12,11.7385707155111,0.706038397387355,10.4247261440542,11.7256296707343,13.1091857542215,TRUE,-0.370276298649307,"dense_profiles",10,"one_step_gamma_poisson_fixed_recruitment_slope","growth"
"growth_increment_80",8.4,8.44192167389531,0.511606286553298,7.51392282420415,8.42702897352,9.55107082210083,TRUE,0.0819412798418355,"dense_profiles",10,"one_step_gamma_poisson_fixed_recruitment_slope","growth"
"growth_increment_110",4.8,5.1452726322795,0.564928811949909,4.10366990592943,5.15202537583321,6.18687295133365,TRUE,0.611179010480548,"dense_profiles",10,"one_step_gamma_poisson_fixed_recruitment_slope","growth"
"growth_sd.log_growth_sd",4.5,4.72507130703857,0.438315337001326,3.95445100759763,4.72674268009249,5.63297114476225,TRUE,0.513491744501502,"dense_profiles",10,"one_step_gamma_poisson_fixed_recruitment_slope","growth"
"recruitment_50",0.019387103915861,0.0189298807501409,0.000744524987625298,0.0175296748634043,0.0189380456958883,0.0203911320989139,TRUE,-0.614113929444366,"dense_profiles",10,"one_step_gamma_poisson_fixed_recruitment_slope","recruitment"
"recruitment_80",0.183939720585721,0.179601707971105,0.00706385640615692,0.166316924401234,0.179679174819475,0.193465674758786,TRUE,-0.614113929444349,"dense_profiles",10,"one_step_gamma_poisson_fixed_recruitment_slope","recruitment"
"recruitment_110",1.74517147873092,1.70401356098865,0.0670200035675858,1.57797104383452,1.70474854598206,1.83555121551422,TRUE,-0.614113929444381,"dense_profiles",10,"one_step_gamma_poisson_fixed_recruitment_slope","recruitment"
"recruit_mean_50",44,43.9414540304811,1.17422692436329,41.6135241028304,43.9501050587415,46.3766116151376,TRUE,-0.0498591612099162,"dense_profiles",10,"one_step_gamma_poisson_fixed_recruitment_slope","recruit_size"
"recruit_mean_80",44.6,44.5952992750346,0.665048091800149,43.3609702134742,44.6141897721021,45.9347364313964,TRUE,-0.00706824818131472,"dense_profiles",10,"one_step_gamma_poisson_fixed_recruitment_slope","recruit_size"
"recruit_mean_110",45.2,45.2491445195881,0.205934695724341,44.8071135677733,45.2491766580388,45.615751026218,TRUE,0.238641280990647,"dense_profiles",10,"one_step_gamma_poisson_fixed_recruitment_slope","recruit_size"
"recruit_sd.log_recruit_sd",3.5,3.59778051096301,0.122184923062471,3.3654628798717,3.59219138300259,3.84580823823385,TRUE,0.800266583734065,"dense_profiles",10,"one_step_gamma_poisson_fixed_recruitment_slope","recruit_size"
"lambda",1.03119869581319,1.05750845916185,0.028832783527303,1.00485855327151,1.05762864368099,1.10949653944432,TRUE,0.912494741402376,"dense_profiles",10,"one_step_gamma_poisson_fixed_recruitment_slope","lambda"
"survival_50",0.354343693774205,0.357689903229439,0.01156349697663,0.335800249545134,0.357608590408264,0.381490324021814,TRUE,0.289376947302099,"rich_design",10,"recursive_gamma_poisson","survival"
"survival_80",0.589040434058665,0.587371607598858,0.00965375197616765,0.569278681636725,0.587540732959073,0.606948231840804,TRUE,-0.172868172284425,"rich_design",10,"recursive_gamma_poisson","survival"
"survival_110",0.789181706522253,0.784283186426098,0.0121391051043064,0.758556122012893,0.784601650884858,0.808759393401256,TRUE,-0.403532225321672,"rich_design",10,"recursive_gamma_poisson","survival"
"growth_increment_50",12,12.0625284370031,0.53912893256087,11.0489299153032,12.095614011356,13.0925120768958,TRUE,0.115980488574658,"rich_design",10,"recursive_gamma_poisson","growth"
"growth_increment_80",8.4,8.56411372554044,0.379977319515223,7.86906132092101,8.57135069880481,9.31349725875408,TRUE,0.431904003506892,"rich_design",10,"recursive_gamma_poisson","growth"
"growth_increment_110",4.8,5.06569901407775,0.297693233553955,4.47785628788556,5.05472460157299,5.6752228385224,TRUE,0.892526211985908,"rich_design",10,"recursive_gamma_poisson","growth"
"growth_sd.log_growth_sd",4.5,5.87018375665342,0.402589099726974,5.13797704575885,5.89017576769532,6.67498120268357,FALSE,3.40342984343749,"rich_design",10,"recursive_gamma_poisson","growth"
"recruitment_50",0.019387103915861,0.039979527664971,0.00664712435957416,0.0292611385258588,0.0394326363705362,0.0542432388594444,FALSE,3.09794471039944,"rich_design",10,"recursive_gamma_poisson","recruitment"
"recruitment_80",0.183939720585721,0.260197756500187,0.02400784230659,0.220871457584401,0.259315155163917,0.309933761592597,FALSE,3.17638024028232,"rich_design",10,"recursive_gamma_poisson","recruitment"
"recruitment_110",1.74517147873092,1.70365816709975,0.0695459929016749,1.57202329585808,1.69863802730463,1.83946095379591,TRUE,-0.596918814429243,"rich_design",10,"recursive_gamma_poisson","recruitment"
"recruit_mean_50",44,45.07227300486,0.73159160492526,43.8438466930597,45.030936889025,46.5635592844026,TRUE,1.4656715545137,"rich_design",10,"recursive_gamma_poisson","recruit_size"
"recruit_mean_80",44.6,45.237441757286,0.421514746802188,44.5344338404957,45.2279294505723,46.1038543022969,TRUE,1.51226442757195,"rich_design",10,"recursive_gamma_poisson","recruit_size"
"recruit_mean_110",45.2,45.4026105097119,0.164201641670085,45.1149208259047,45.4009304289658,45.7319584253099,TRUE,1.23391281384987,"rich_design",10,"recursive_gamma_poisson","recruit_size"
"recruit_sd.log_recruit_sd",3.5,3.62384889227194,0.103516194985185,3.41024542925341,3.62679149418286,3.83176823505777,TRUE,1.19642044696165,"rich_design",10,"recursive_gamma_poisson","recruit_size"
"lambda",1.03119869581319,1.02353924585005,0.00601687276690746,1.0128815918081,1.02342420824795,1.03635279630993,TRUE,-1.27299516873083,"rich_design",10,"recursive_gamma_poisson","lambda"
"survival_50",0.354343693774205,0.409304602517065,0.0186402589929574,0.370573257253204,0.409321970021613,0.446251050398275,FALSE,2.94850563844772,"rich_design",10,"one_step_gamma_poisson","survival"
"survival_80",0.589040434058665,0.606202083553735,0.0193128039374815,0.563497386101739,0.606760737369387,0.644453877161364,TRUE,0.888615115165289,"rich_design",10,"one_step_gamma_poisson","survival"
"survival_110",0.789181706522253,0.773073533136131,0.0258078965472445,0.714696767612971,0.77596260232164,0.815259909434016,TRUE,-0.624156771422031,"rich_design",10,"one_step_gamma_poisson","survival"
"growth_increment_50",12,10.7506814586078,0.694275618738518,9.39999921179507,10.7555846946282,12.1455435962505,TRUE,-1.79945616362295,"rich_design",10,"one_step_gamma_poisson","growth"
"growth_increment_80",8.4,7.65816800331631,0.5491441016468,6.66877606269302,7.64403157150847,8.75230868088966,TRUE,-1.35088767130348,"rich_design",10,"one_step_gamma_poisson","growth"
"growth_increment_110",4.8,4.5656545480248,0.637691219990733,3.28053562949747,4.54895376222794,5.77180129257236,TRUE,-0.367490479135983,"rich_design",10,"one_step_gamma_poisson","growth"
"growth_sd.log_growth_sd",4.5,7.02798281449521,0.401801745862951,6.28951289738426,7.0404677379528,7.82491701415509,FALSE,6.29161729764477,"rich_design",10,"one_step_gamma_poisson","growth"
"recruitment_50",0.019387103915861,0.033456747877468,0.0082538520215763,0.0201808341364802,0.0324375526569443,0.052685260342816,FALSE,1.70461548436145,"rich_design",10,"one_step_gamma_poisson","recruitment"
"recruitment_80",0.183939720585721,0.240534166912996,0.0333727179666816,0.182962106683423,0.238087418354805,0.314914165498629,TRUE,1.69582970088852,"rich_design",10,"one_step_gamma_poisson","recruitment"
"recruitment_110",1.74517147873092,1.74897044316857,0.0802130265627951,1.59491254505152,1.74713116148854,1.89804841208779,TRUE,0.0473609412390436,"rich_design",10,"one_step_gamma_poisson","recruitment"
"recruit_mean_50",44,44.2919305867079,0.828679896621282,42.8057369091912,44.2765840149857,46.048096177664,TRUE,0.352283901055387,"rich_design",10,"one_step_gamma_poisson","recruit_size"
"recruit_mean_80",44.6,44.7564584420058,0.477968434096044,43.9190109589763,44.7412576373236,45.7406841964016,TRUE,0.327340533066225,"rich_design",10,"one_step_gamma_poisson","recruit_size"
"recruit_mean_110",45.2,45.2209862973037,0.17314722079531,44.892465473687,45.2184932874903,45.5468096691544,TRUE,0.12120493304656,"rich_design",10,"one_step_gamma_poisson","recruit_size"
"recruit_sd.log_recruit_sd",3.5,3.52527291041975,0.112436722084453,3.30131244040782,3.52630620437244,3.74950724412669,TRUE,0.224774521626215,"rich_design",10,"one_step_gamma_poisson","recruit_size"
"lambda",1.03119869581319,1.02045103959993,0.0254799976517339,0.971112059400392,1.02164717907198,1.06604105984985,TRUE,-0.4218075825659,"rich_design",10,"one_step_gamma_poisson","lambda"
"survival_50",0.354343693774205,0.39986413335293,0.018091174575587,0.363821315231691,0.400255451714278,0.437131138831448,FALSE,2.51616827799298,"rich_design",10,"one_step_shared_gamma_poisson","survival"
"survival_80",0.589040434058665,0.605864032618542,0.024404468047832,0.557691063859737,0.60493526867076,0.653542316228393,TRUE,0.689365509910055,"rich_design",10,"one_step_shared_gamma_poisson","survival"
"survival_110",0.789181706522253,0.779186833181668,0.0286280826921039,0.718432162645918,0.779350214453439,0.829419377156404,TRUE,-0.349128282465858,"rich_design",10,"one_step_shared_gamma_poisson","survival"
"growth_increment_50",12,10.5987429086007,0.620332581471659,9.46918549276895,10.5569830206126,11.7770725557701,FALSE,-2.25888037038944,"rich_design",10,"one_step_shared_gamma_poisson","growth"
"growth_increment_80",8.4,7.54928119184314,0.49174287113551,6.61373479862037,7.52849703553694,8.44838579605541,TRUE,-1.73000740446408,"rich_design",10,"one_step_shared_gamma_poisson","growth"
"growth_increment_110",4.8,4.49981947508562,0.594506838292449,3.38794346507536,4.45434052012628,5.80765664091747,TRUE,-0.504923586373817,"rich_design",10,"one_step_shared_gamma_poisson","growth"
"growth_sd.log_growth_sd",4.5,6.94597279947772,0.384444333799199,6.26451585829655,6.92492458480502,7.76971066058307,FALSE,6.36235882398332,"rich_design",10,"one_step_shared_gamma_poisson","growth"
"recruitment_50",0.019387103915861,0.0365578324297401,0.00807347685140064,0.0238496831409349,0.0357437569747355,0.0550613547140499,FALSE,2.12680717736872,"rich_design",10,"one_step_shared_gamma_poisson","recruitment"
"recruitment_80",0.183939720585721,0.252688425655175,0.0314705649723355,0.198508180647243,0.250657033707882,0.3178382420881,FALSE,2.18453990673153,"rich_design",10,"one_step_shared_gamma_poisson","recruitment"
"recruitment_110",1.74517147873092,1.76266009237108,0.0773361377711755,1.62086030729772,1.75774190020283,1.9248408503606,TRUE,0.226137665316431,"rich_design",10,"one_step_shared_gamma_poisson","recruitment"
"recruit_mean_50",44,44.4630976177585,0.539778108650283,43.4588659964843,44.4735927815897,45.4696460801395,TRUE,0.8579407173746,"rich_design",10,"one_step_shared_gamma_poisson","recruit_size"
"recruit_mean_80",44.6,44.8521692170565,0.308926206849868,44.2927416354258,44.8433790506946,45.4440924620591,TRUE,0.816276545871116,"rich_design",10,"one_step_shared_gamma_poisson","recruit_size"
"recruit_mean_110",45.2,45.2412408163544,0.10728705193597,45.0358319601267,45.2338220298398,45.4451143802061,TRUE,0.384396957603393,"rich_design",10,"one_step_shared_gamma_poisson","recruit_size"
"recruit_sd.log_recruit_sd",3.5,3.55006745469694,0.0780273057963368,3.40932544227139,3.55193622818397,3.70885275150689,TRUE,0.641665814114147,"rich_design",10,"one_step_shared_gamma_poisson","recruit_size"
"lambda",1.03119869581319,1.01745054665544,0.0328154096990334,0.955366224916174,1.01844572966708,1.08486576804587,TRUE,-0.418954061029304,"rich_design",10,"one_step_shared_gamma_poisson","lambda"
"survival_50",0.354343693774205,0.40910420520395,0.0180943916038599,0.375462368864428,0.409143294132705,0.44618408707665,FALSE,3.02638036296637,"rich_design",10,"one_step_gamma_poisson_shape_informed","survival"
"survival_80",0.589040434058665,0.606149670068026,0.0197717861540272,0.568320349821097,0.607864035672199,0.647264105797464,TRUE,0.865335881951973,"rich_design",10,"one_step_gamma_poisson_shape_informed","survival"
"survival_110",0.789181706522253,0.773108646540874,0.0260245057709616,0.722566714602928,0.773692933134994,0.822463236475514,TRUE,-0.617612496576738,"rich_design",10,"one_step_gamma_poisson_shape_informed","survival"
"growth_increment_50",12,10.7739341145498,0.650101899042573,9.49561335902319,10.7891576588666,11.9939962638878,FALSE,-1.88595955073486,"rich_design",10,"one_step_gamma_poisson_shape_informed","growth"
"growth_increment_80",8.4,7.65601111719988,0.507979895685998,6.70443145173264,7.63803599107359,8.66331073060359,TRUE,-1.46460300716312,"rich_design",10,"one_step_gamma_poisson_shape_informed","growth"
"growth_increment_110",4.8,4.53808811984997,0.575427374319899,3.44327319100076,4.53495062775838,5.66045012443975,TRUE,-0.455160619460598,"rich_design",10,"one_step_gamma_poisson_shape_informed","growth"
"growth_sd.log_growth_sd",4.5,7.02772181642494,0.404608422092253,6.27016097495697,7.0033873651963,7.82814775104067,FALSE,6.24732872181442,"rich_design",10,"one_step_gamma_poisson_shape_informed","growth"
"recruitment_50",0.019387103915861,0.0315363461749958,0.00691251030046862,0.0200803341074511,0.0306756744723207,0.0457484877782994,FALSE,1.75757311469194,"rich_design",10,"one_step_gamma_poisson_shape_informed","recruitment"
"recruitment_80",0.183939720585721,0.233691009421415,0.0291839164415763,0.180973920914747,0.232522099936918,0.293633204285359,TRUE,1.70475024951814,"rich_design",10,"one_step_gamma_poisson_shape_informed","recruitment"
"recruitment_110",1.74517147873092,1.74743230940834,0.0761219978133304,1.60942528437874,1.74352490388993,1.90220424323452,TRUE,0.0297000964552074,"rich_design",10,"one_step_gamma_poisson_shape_informed","recruitment"
"recruit_mean_50",44,44.2345038054243,0.762186962434901,42.715753565308,44.1770575767789,45.748350787483,TRUE,0.307672286436288,"rich_design",10,"one_step_gamma_poisson_shape_informed","recruit_size"
"recruit_mean_80",44.6,44.7169741735632,0.439241273247641,43.877882057805,44.6846108687212,45.5817541247727,TRUE,0.266309613161531,"rich_design",10,"one_step_gamma_poisson_shape_informed","recruit_size"
"recruit_mean_110",45.2,45.1994445417021,0.160505066709319,44.8979931017775,45.1872731591403,45.4857833297091,TRUE,-0.00346069011597196,"rich_design",10,"one_step_gamma_poisson_shape_informed","recruit_size"
"recruit_sd.log_recruit_sd",3.5,3.51225961732037,0.109627320446468,3.31316923948111,3.50841358304119,3.72747433342706,TRUE,0.111829945951825,"rich_design",10,"one_step_gamma_poisson_shape_informed","recruit_size"
"lambda",1.03119869581319,1.02090270704676,0.0249863580968331,0.971189367237481,1.01991520406282,1.07137137790663,TRUE,-0.412064404365494,"rich_design",10,"one_step_gamma_poisson_shape_informed","lambda"
"survival_50",0.354343693774205,0.414653005567307,0.0187574034769116,0.379474302643167,0.414986082613945,0.448267053061658,FALSE,3.21522708979082,"rich_design",10,"one_step_gamma_poisson_fixed_recruitment_slope","survival"
"survival_80",0.589040434058665,0.609322536577917,0.0207687323869156,0.564622029579051,0.610512271568074,0.651370206134173,TRUE,0.976569110786458,"rich_design",10,"one_step_gamma_poisson_fixed_recruitment_slope","survival"
"survival_110",0.789181706522253,0.773676082464332,0.0271892889310057,0.715790312446792,0.774754305262744,0.825538505659623,TRUE,-0.570284279859896,"rich_design",10,"one_step_gamma_poisson_fixed_recruitment_slope","survival"
"growth_increment_50",12,10.5370573216537,0.719350914753397,9.1173958013612,10.5233022637344,11.9443277894668,FALSE,-2.0336982248057,"rich_design",10,"one_step_gamma_poisson_fixed_recruitment_slope","growth"
"growth_increment_80",8.4,7.49391265837619,0.566895418842767,6.3724293462935,7.4755130138457,8.63480947956334,TRUE,-1.59833244635043,"rich_design",10,"one_step_gamma_poisson_fixed_recruitment_slope","growth"
"growth_increment_110",4.8,4.45076799509872,0.632686920136808,3.25007409451546,4.43681390975627,5.57673196122857,TRUE,-0.551982337213114,"rich_design",10,"one_step_gamma_poisson_fixed_recruitment_slope","growth"
"growth_sd.log_growth_sd",4.5,7.10947975565039,0.372571588185021,6.32720945396993,7.11807437440224,7.82672496151423,FALSE,7.00396873621642,"rich_design",10,"one_step_gamma_poisson_fixed_recruitment_slope","growth"
"recruitment_50",0.019387103915861,0.017947534917767,0.000668921379603014,0.0167282370177563,0.0179087684238701,0.0193706087918595,FALSE,-2.1520750300257,"rich_design",10,"one_step_gamma_poisson_fixed_recruitment_slope","recruitment"
"recruitment_80",0.183939720585721,0.170281470213594,0.0063465493449659,0.158713093832465,0.169913663960199,0.183783219206607,FALSE,-2.1520750300257,"rich_design",10,"one_step_gamma_poisson_fixed_recruitment_slope","recruitment"
"recruitment_110",1.74517147873092,1.61558560721333,0.0602143836574507,1.50582790805362,1.61209595864216,1.74368663498786,FALSE,-2.15207503002571,"rich_design",10,"one_step_gamma_poisson_fixed_recruitment_slope","recruitment"
"recruit_mean_50",44,43.8419320272558,0.773989644583822,42.2769839740469,43.8707101947042,45.2785750597915,TRUE,-0.204224919351694,"rich_design",10,"one_step_gamma_poisson_fixed_recruitment_slope","recruit_size"
"recruit_mean_80",44.6,44.4691313486555,0.455398556288634,43.564736155997,44.4991189739925,45.3717100039243,TRUE,-0.287371686926295,"rich_design",10,"one_step_gamma_poisson_fixed_recruitment_slope","recruit_size"
"recruit_mean_110",45.2,45.0963306700552,0.171433199305853,44.7662014165193,45.0938658052848,45.4416989880316,TRUE,-0.604721432981485,"rich_design",10,"one_step_gamma_poisson_fixed_recruitment_slope","recruit_size"
"recruit_sd.log_recruit_sd",3.5,3.48209161783202,0.109213610694065,3.28240001793765,3.4842415795057,3.68301771363316,TRUE,-0.163975735754682,"rich_design",10,"one_step_gamma_poisson_fixed_recruitment_slope","recruit_size"
"lambda",1.03119869581319,1.02783210141361,0.026748825171555,0.974525603675852,1.02727711173059,1.07944606873634,TRUE,-0.125859523847817,"rich_design",10,"one_step_gamma_poisson_fixed_recruitment_slope","lambda"
