"quantity","truth","posterior_mean","posterior_sd","q025","median","q975","covers_truth","standardized_bias","prior_sd","contraction","scenario","replicate","method","group"
"survival_at_80",0.36,0.347620343390664,0.117654916490909,0.112087012802828,0.343403795476698,0.577622118277806,TRUE,-0.105220053513805,1.5,0.921563389006061,"standard",1,"recursive_gamma_poisson","survival"
"survival_slope_20",0.64,0.664755342416533,0.0879555826826569,0.486790219376342,0.668231244151851,0.840112562935903,TRUE,0.281452770381271,1,0.912044417317343,"standard",1,"recursive_gamma_poisson","survival"
"growth_increment_80",8.4,8.30675604077057,1.13599692690332,5.94047267392933,8.27125949978558,10.4951345295404,TRUE,-0.0820811720711359,6,0.810667178849447,"standard",1,"recursive_gamma_poisson","growth"
"growth_slope_20",-2.4,-2.79406032669719,0.440979489702688,-3.63509318984769,-2.8199798712633,-1.90038453862333,TRUE,-0.893602391718637,3,0.85300683676577,"standard",1,"recursive_gamma_poisson","growth"
"log_growth_sd",1.50407739677627,1.83987720517287,0.131529503263547,1.60407905706099,1.8420496328352,2.11196028878149,FALSE,2.55303791213863,0.7,0.812100709623504,"standard",1,"recursive_gamma_poisson","growth"
"log_recruitment_at_80",-1.69314718055995,-0.843279849613545,0.188183460777796,-1.22165046686786,-0.846189508304419,-0.474899248273411,FALSE,4.5161637873687,1.5,0.874544359481469,"standard",1,"recursive_gamma_poisson","recruitment"
"recruitment_slope_20",1.5,0.95805317847557,0.16613824845197,0.627891173752826,0.954282676609557,1.29967446573551,FALSE,-3.26202320401316,1,0.83386175154803,"standard",1,"recursive_gamma_poisson","recruitment"
"recruit_mean_80",44.6,45.4147317147594,0.848043389289372,43.8020516597294,45.4508741737596,47.1904175551201,TRUE,0.96071937479767,10,0.915195661071063,"standard",1,"recursive_gamma_poisson","recruit_size"
"recruit_mean_slope_20",0.4,0.0319034379686125,0.726360623049904,-1.33055023844827,0.0240486237439806,1.440544050067,TRUE,-0.506768332905758,2,0.636819688475048,"standard",1,"recursive_gamma_poisson","recruit_size"
"log_recruit_sd",1.25276296849537,1.32596656055857,0.0541142804614927,1.22617133793698,1.32221031926394,1.42845858578682,TRUE,1.35275922434736,0.7,0.92269388505501,"standard",1,"recursive_gamma_poisson","recruit_size"
"log_process_precision",NA,3.0003566352741,0.431715755289106,2.15545400439677,2.98372306840413,3.75640219799164,NA,NA,2,0.784142122355447,"standard",1,"recursive_gamma_poisson","process"
"survival_at_80",0.36,0.453632515268664,0.186749763422142,0.108984555707675,0.455804181425031,0.830491892222004,TRUE,0.50137956564374,1.5,0.875500157718572,"standard",1,"one_step_gamma_poisson","survival"
"survival_slope_20",0.64,0.607432037888984,0.130242970609425,0.360632340345027,0.609103720484568,0.86708457264713,TRUE,-0.250055430697152,1,0.869757029390575,"standard",1,"one_step_gamma_poisson","survival"
"growth_increment_80",8.4,7.35233786258603,1.31634394531601,4.86530562071396,7.32611785648749,9.90019727594781,TRUE,-0.795887838540906,6,0.780609342447331,"standard",1,"one_step_gamma_poisson","growth"
"growth_slope_20",-2.4,-2.23098666115586,0.620496747105087,-3.39053138551496,-2.23546616820932,-1.0735912961934,TRUE,0.272383924061911,3,0.793167750964971,"standard",1,"one_step_gamma_poisson","growth"
"log_growth_sd",1.50407739677627,1.98098264932963,0.110115773348091,1.76655000762227,1.97538929382604,2.19009053311447,FALSE,4.33094404237435,0.7,0.84269175235987,"standard",1,"one_step_gamma_poisson","growth"
"log_recruitment_at_80",-1.69314718055995,-1.64280611464914,0.38844376809956,-2.39106291518411,-1.63083128870711,-0.877840276803366,TRUE,0.129596791208926,1.5,0.741037487933627,"standard",1,"one_step_gamma_poisson","recruitment"
"recruitment_slope_20",1.5,1.48619487049583,0.211402393148469,1.07858938295194,1.48735202605533,1.91943623523219,TRUE,-0.0653026169598272,1,0.788597606851531,"standard",1,"one_step_gamma_poisson","recruitment"
"recruit_mean_80",44.6,44.8986088984176,1.34328629478172,42.2769527504844,44.9146355379856,47.3972734187956,TRUE,0.222297286570699,10,0.865671370521829,"standard",1,"one_step_gamma_poisson","recruit_size"
"recruit_mean_slope_20",0.4,0.207747841576361,0.734542613244846,-1.15006788523772,0.215072084406686,1.69234440885528,TRUE,-0.261730435997939,2,0.632728693377577,"standard",1,"one_step_gamma_poisson","recruit_size"
"log_recruit_sd",1.25276296849537,1.29187791319522,0.0650856867653382,1.16628723119179,1.2918684776295,1.42459333358295,TRUE,0.600976138438539,0.7,0.907020447478088,"standard",1,"one_step_gamma_poisson","recruit_size"
"log_process_precision",NA,2.61819967162875,0.330254498160632,1.99146858255113,2.60698196161748,3.26792045547395,NA,NA,2,0.834872750919684,"standard",1,"one_step_gamma_poisson","process"
"survival_at_80",0.36,0.469194888063687,0.219346696167877,0.0306927257341077,0.474089080865882,0.920302501405408,TRUE,0.497818704231199,1.5,0.853768869221415,"standard",1,"one_step_shared_gamma_poisson","survival"
"survival_slope_20",0.64,0.633752450610244,0.138303678695077,0.396956836542682,0.624377749394001,0.932742579292172,TRUE,-0.0451726913463426,1,0.861696321304923,"standard",1,"one_step_shared_gamma_poisson","survival"
"growth_increment_80",8.4,7.41143702524514,0.346048997368254,6.70680395840977,7.4112719539945,8.04922087991353,FALSE,-2.85671388234905,6,0.942325167105291,"standard",1,"one_step_shared_gamma_poisson","growth"
"growth_slope_20",-2.4,-2.28031757496025,0.17786985069956,-2.65325539607038,-2.27012706491254,-1.95472539551258,TRUE,0.672865157130564,3,0.940710049766813,"standard",1,"one_step_shared_gamma_poisson","growth"
"log_growth_sd",1.50407739677627,1.97466260391561,0.109972221451434,1.770945707256,1.97713933256304,2.17674210517822,FALSE,4.27912795548242,0.7,0.842896826497952,"standard",1,"one_step_shared_gamma_poisson","growth"
"log_recruitment_at_80",-1.69314718055995,-1.71183109131858,0.35866287242497,-2.3946445135417,-1.69424745934371,-1.02187413927869,TRUE,-0.0520932390696292,1.5,0.760891418383354,"standard",1,"one_step_shared_gamma_poisson","recruitment"
"recruitment_slope_20",1.5,1.52562777130684,0.194307495322725,1.14939653784533,1.51638638012721,1.89228910855624,TRUE,0.131892860150717,1,0.805692504677275,"standard",1,"one_step_shared_gamma_poisson","recruitment"
"recruit_mean_80",44.6,44.6767419738175,1.19524285147695,42.5151184079902,44.7147634858033,47.1162492037112,TRUE,0.0642061767804558,10,0.880475714852305,"standard",1,"one_step_shared_gamma_poisson","recruit_size"
"recruit_mean_slope_20",0.4,0.377417637513775,0.635621231519647,-0.889354928379994,0.391155918870451,1.55461170116142,TRUE,-0.0355280178924093,2,0.682189384240177,"standard",1,"one_step_shared_gamma_poisson","recruit_size"
"log_recruit_sd",1.25276296849537,1.31580547207017,0.0489746247568246,1.22563013586891,1.31834993595805,1.42075543021386,TRUE,1.28724832273505,0.7,0.930036250347393,"standard",1,"one_step_shared_gamma_poisson","recruit_size"
"log_process_precision",NA,3.34052564295312,0.532093297905946,2.36613903706295,3.29040636343663,4.35376380536187,NA,NA,2,0.733953351047027,"standard",1,"one_step_shared_gamma_poisson","process"
"survival_at_80",0.36,0.44475666434305,0.196738330264593,0.0595992574963209,0.438554700506117,0.819404424397381,TRUE,0.430809106842889,1.5,0.868841113156938,"standard",1,"one_step_gamma_poisson_shape_informed","survival"
"survival_slope_20",0.64,0.600965644957501,0.143323140589292,0.298005554520171,0.593854457161482,0.846306530574411,TRUE,-0.272352077145425,1,0.856676859410708,"standard",1,"one_step_gamma_poisson_shape_informed","survival"
"growth_increment_80",8.4,7.40617233746859,1.22207895057417,4.96044787867507,7.367472738115,9.73009869382152,TRUE,-0.813227052200254,6,0.796320174904306,"standard",1,"one_step_gamma_poisson_shape_informed","growth"
"growth_slope_20",-2.4,-2.23406212772178,0.57824859991735,-3.30681225933263,-2.20360355391416,-1.16897301079328,TRUE,0.286966319160884,3,0.807250466694217,"standard",1,"one_step_gamma_poisson_shape_informed","growth"
"log_growth_sd",1.50407739677627,1.98046194095517,0.115505846370625,1.74250419474323,1.98601113305039,2.20713451060615,FALSE,4.12433274286665,0.7,0.834991648041964,"standard",1,"one_step_gamma_poisson_shape_informed","growth"
"log_recruitment_at_80",-1.69314718055995,-1.65019043797843,0.268960210080768,-2.19646666838984,-1.64793754917583,-1.14587688324661,TRUE,0.159714117447401,1.5,0.820693193279488,"standard",1,"one_step_gamma_poisson_shape_informed","recruitment"
"recruitment_slope_20",1.5,1.49279792476437,0.147272211154452,1.21280729004534,1.48878157772468,1.79474637579413,TRUE,-0.0489031513764732,0.2,0.263638944227739,"standard",1,"one_step_gamma_poisson_shape_informed","recruitment"
"recruit_mean_80",44.6,44.795578374348,1.31010387128557,42.3408114390963,44.8018915011041,47.4971216542719,TRUE,0.149284632031581,10,0.868989612871442,"standard",1,"one_step_gamma_poisson_shape_informed","recruit_size"
"recruit_mean_slope_20",0.4,0.275699350571818,0.723045097640729,-1.16996517867903,0.26276488033282,1.59127803001695,TRUE,-0.171912720013966,2,0.638477451179636,"standard",1,"one_step_gamma_poisson_shape_informed","recruit_size"
"log_recruit_sd",1.25276296849537,1.28766465339627,0.0639876114069106,1.16708356694078,1.28835378133861,1.41546524664671,TRUE,0.545444409214643,0.7,0.908589126561556,"standard",1,"one_step_gamma_poisson_shape_informed","recruit_size"
"log_process_precision",NA,2.60696212855147,0.331008625483077,1.98876515639354,2.60087822693827,3.26522655370509,NA,NA,2,0.834495687258462,"standard",1,"one_step_gamma_poisson_shape_informed","process"
"survival_at_80",0.36,0.446792751378981,0.206369563352772,0.0748916589415672,0.44028724254132,0.834165635799002,TRUE,0.420569535395178,1.5,0.862420291098152,"standard",1,"one_step_gamma_poisson_fixed_recruitment_slope","survival"
"survival_slope_20",0.64,0.608531620841248,0.148353111764567,0.332861344170081,0.616120714999335,0.905731010364703,TRUE,-0.212118093004287,1,0.851646888235433,"standard",1,"one_step_gamma_poisson_fixed_recruitment_slope","survival"
"growth_increment_80",8.4,7.30313327192013,1.24828617367101,4.69246582557242,7.39682477024977,9.60825627552611,TRUE,-0.878698131257962,6,0.791952304388164,"standard",1,"one_step_gamma_poisson_fixed_recruitment_slope","growth"
"growth_slope_20",-2.4,-2.23580375251603,0.591770032106817,-3.42458792252021,-2.20202768776157,-1.12049718138054,TRUE,0.2774663105183,3,0.802743322631061,"standard",1,"one_step_gamma_poisson_fixed_recruitment_slope","growth"
"log_growth_sd",1.50407739677627,1.97924891393111,0.11371119217102,1.7590218397787,1.97739200072249,2.21752194300887,FALSE,4.1787576762029,0.7,0.837555439755686,"standard",1,"one_step_gamma_poisson_fixed_recruitment_slope","growth"
"log_recruitment_at_80",-1.69314718055995,-1.65508867256073,0.08489949301338,-1.82029469787134,-1.65541403093762,-1.48647667870924,TRUE,0.448277211658011,1.5,0.94340033799108,"standard",1,"one_step_gamma_poisson_fixed_recruitment_slope","recruitment"
"recruitment_slope_20",1.5,1.5,0,1.5,1.5,1.5,TRUE,NA,NA,NA,"standard",1,"one_step_gamma_poisson_fixed_recruitment_slope","recruitment"
"recruit_mean_80",44.6,44.9494591645625,1.29271391373477,42.174570654973,44.9970263700294,47.4849028378574,TRUE,0.270329854772612,10,0.870728608626523,"standard",1,"one_step_gamma_poisson_fixed_recruitment_slope","recruit_size"
"recruit_mean_slope_20",0.4,0.192365130049767,0.697658283918085,-1.19600683211684,0.215505866933234,1.61261897169192,TRUE,-0.297616863063885,2,0.651170858040958,"standard",1,"one_step_gamma_poisson_fixed_recruitment_slope","recruit_size"
"log_recruit_sd",1.25276296849537,1.29053576963711,0.0616109698806296,1.17341648503631,1.29184797513952,1.41316425079193,TRUE,0.613085643918965,0.7,0.911984328741958,"standard",1,"one_step_gamma_poisson_fixed_recruitment_slope","recruit_size"
"log_process_precision",NA,2.62983477138762,0.305462040762457,2.04290961414823,2.64497335699938,3.19276271972044,NA,NA,2,0.847268979618771,"standard",1,"one_step_gamma_poisson_fixed_recruitment_slope","process"
"survival_at_80",0.36,0.305482897883552,0.0434309334776093,0.221546655317484,0.30715270981665,0.392332232922223,TRUE,-1.25525973657816,1.5,0.97104604434826,"dense_profiles",1,"recursive_gamma_poisson","survival"
"survival_slope_20",0.64,0.595990747318142,0.0387035682992001,0.523677443747783,0.594942200296623,0.6735671947748,TRUE,-1.13708514785101,1,0.9612964317008,"dense_profiles",1,"recursive_gamma_poisson","survival"
"growth_increment_80",8.4,8.92480806801597,0.407160945290375,8.18760282369267,8.93960973285487,9.65903872333151,TRUE,1.28894500832268,6,0.932139842451604,"dense_profiles",1,"recursive_gamma_poisson","growth"
"growth_slope_20",-2.4,-2.37764653415615,0.165674305029956,-2.69303486641995,-2.37894730341075,-2.070897071812,TRUE,0.134924156403205,3,0.944775231656681,"dense_profiles",1,"recursive_gamma_poisson","growth"
"log_growth_sd",1.50407739677627,1.50086761019067,0.114716968660321,1.27215550757464,1.50678650163258,1.72597413561117,TRUE,-0.0279800505809255,0.7,0.836118616199542,"dense_profiles",1,"recursive_gamma_poisson","growth"
"log_recruitment_at_80",-1.69314718055995,-1.62597677884614,0.203767906861535,-2.03473201443202,-1.63449675348036,-1.24382321537788,TRUE,0.329641712222396,1.5,0.864154728758976,"dense_profiles",1,"recursive_gamma_poisson","recruitment"
"recruitment_slope_20",1.5,1.45994768042125,0.123551602601154,1.22911459019276,1.46090497050805,1.70152103441646,TRUE,-0.324174828456442,1,0.876448397398846,"dense_profiles",1,"recursive_gamma_poisson","recruitment"
"recruit_mean_80",44.6,45.140895202264,0.701236905737612,43.7876105363763,45.1451792742314,46.5028214845588,TRUE,0.771344459822839,10,0.929876309426239,"dense_profiles",1,"recursive_gamma_poisson","recruit_size"
"recruit_mean_slope_20",0.4,0.090918609154738,0.377142746750345,-0.608564945014797,0.0930276212030738,0.863143610841403,TRUE,-0.819534230761338,2,0.811428626624828,"dense_profiles",1,"recursive_gamma_poisson","recruit_size"
"log_recruit_sd",1.25276296849537,1.2854000981241,0.0310780065613418,1.22892191303229,1.28399749525287,1.34894291160756,TRUE,1.05016805258449,0.7,0.955602847769512,"dense_profiles",1,"recursive_gamma_poisson","recruit_size"
"log_process_precision",NA,4.10729123564325,0.339219687163025,3.45508219209063,4.11881044095512,4.7219362888304,NA,NA,2,0.830390156418488,"dense_profiles",1,"recursive_gamma_poisson","process"
"survival_at_80",0.36,0.316336425529422,0.080152522211513,0.169831282157294,0.318448145029061,0.466414950756358,TRUE,-0.544756088340615,1.5,0.946564985192325,"dense_profiles",1,"one_step_gamma_poisson","survival"
"survival_slope_20",0.64,0.545480512030216,0.0581790659995856,0.426107823075007,0.548947130079669,0.669037432171023,TRUE,-1.6246305495942,1,0.941820934000414,"dense_profiles",1,"one_step_gamma_poisson","survival"
"growth_increment_80",8.4,8.81864272078667,0.591228276758233,7.67678511867159,8.8405244473165,9.94378268320525,TRUE,0.708089814448883,6,0.901461953873628,"dense_profiles",1,"one_step_gamma_poisson","growth"
"growth_slope_20",-2.4,-2.22674685934908,0.252902459678028,-2.69124776718445,-2.24229563510517,-1.72808604415702,TRUE,0.685059136520413,3,0.915699180107324,"dense_profiles",1,"one_step_gamma_poisson","growth"
"log_growth_sd",1.50407739677627,1.66167731777958,0.0996016898889026,1.45969231414717,1.65961308836193,1.87426033159301,TRUE,1.58230167760298,0.7,0.857711871587282,"dense_profiles",1,"one_step_gamma_poisson","growth"
"log_recruitment_at_80",-1.69314718055995,-1.84668593432842,0.168185195314027,-2.200327557802,-1.84578614830291,-1.5303248282171,TRUE,-0.912914798961897,1.5,0.887876536457315,"dense_profiles",1,"one_step_gamma_poisson","recruitment"
"recruitment_slope_20",1.5,1.57242431146794,0.0863801168879288,1.40810630174637,1.57123269624385,1.74809019289197,TRUE,0.838437294104418,1,0.913619883112071,"dense_profiles",1,"one_step_gamma_poisson","recruitment"
"recruit_mean_80",44.6,45.1491943109078,0.6766852230284,43.8884923700843,45.1594446393913,46.4816509671069,TRUE,0.811594951711768,10,0.93233147769716,"dense_profiles",1,"one_step_gamma_poisson","recruit_size"
"recruit_mean_slope_20",0.4,0.0382494387220434,0.358925063106406,-0.646855483063951,0.0311163209097018,0.726460067918701,TRUE,-1.00787211165221,2,0.820537468446797,"dense_profiles",1,"one_step_gamma_poisson","recruit_size"
"log_recruit_sd",1.25276296849537,1.27329941810401,0.0283764334258255,1.21787634165361,1.2734012243636,1.32619115743084,TRUE,0.723714967996935,0.7,0.959462237963106,"dense_profiles",1,"one_step_gamma_poisson","recruit_size"
"log_process_precision",NA,5.61993477403749,0.853912311098696,3.88383240363945,5.63339568532611,7.2503511940433,NA,NA,2,0.573043844450652,"dense_profiles",1,"one_step_gamma_poisson","process"
"survival_at_80",0.36,0.299645617038997,0.0945764712962817,0.117035263480505,0.299778461737673,0.486844109692879,TRUE,-0.638154311889363,1.5,0.936949019135812,"dense_profiles",1,"one_step_shared_gamma_poisson","survival"
"survival_slope_20",0.64,0.54052832006801,0.0608425099651342,0.427140436183162,0.537483095316663,0.664710960976275,TRUE,-1.63490427973783,1,0.939157490034866,"dense_profiles",1,"one_step_shared_gamma_poisson","survival"
"growth_increment_80",8.4,8.78677214064762,0.595006260321491,7.61294836524064,8.77889799291325,9.97090674033693,TRUE,0.650030371846244,6,0.900832289946418,"dense_profiles",1,"one_step_shared_gamma_poisson","growth"
"growth_slope_20",-2.4,-2.25671692861281,0.244092574788263,-2.71989998555713,-2.25480121601797,-1.77775251288556,TRUE,0.587002990613217,3,0.918635808403912,"dense_profiles",1,"one_step_shared_gamma_poisson","growth"
"log_growth_sd",1.50407739677627,1.65193567807452,0.0917583461320692,1.46081882445705,1.65355931424836,1.8258720825052,TRUE,1.61138781953885,0.7,0.868916648382758,"dense_profiles",1,"one_step_shared_gamma_poisson","growth"
"log_recruitment_at_80",-1.69314718055995,-1.86290393687183,0.180324613077172,-2.19392697138739,-1.87051177627732,-1.49787645248543,TRUE,-0.941395372573074,1.5,0.879783591281885,"dense_profiles",1,"one_step_shared_gamma_poisson","recruitment"
"recruitment_slope_20",1.5,1.58131481075756,0.0934621792860912,1.39763886986373,1.58392560065469,1.76753272781798,TRUE,0.870029046815323,1,0.906537820713909,"dense_profiles",1,"one_step_shared_gamma_poisson","recruitment"
"recruit_mean_80",44.6,45.2073725537959,0.718758509172147,43.8361673848061,45.1976554925686,46.7380203812089,TRUE,0.845030070663683,10,0.928124149082785,"dense_profiles",1,"one_step_shared_gamma_poisson","recruit_size"
"recruit_mean_slope_20",0.4,0.00728729026581627,0.372455285934503,-0.764666607526031,0.0236421116104274,0.754357112753823,TRUE,-1.0543888744896,2,0.813772357032749,"dense_profiles",1,"one_step_shared_gamma_poisson","recruit_size"
"log_recruit_sd",1.25276296849537,1.27145016232998,0.0254135658627545,1.22462233488984,1.27080748544473,1.32248763759351,TRUE,0.735323564411888,0.7,0.963694905910351,"dense_profiles",1,"one_step_shared_gamma_poisson","recruit_size"
"log_process_precision",NA,5.61820063819209,0.665295381644061,4.38361349302337,5.61640888006153,6.87813788756946,NA,NA,2,0.66735230917797,"dense_profiles",1,"one_step_shared_gamma_poisson","process"
"survival_at_80",0.36,0.314587120469416,0.0777537037973444,0.146284146793471,0.319858347849278,0.459146323954565,TRUE,-0.58406065965612,1.5,0.948164197468437,"dense_profiles",1,"one_step_gamma_poisson_shape_informed","survival"
"survival_slope_20",0.64,0.548897956180396,0.0578391129542591,0.433288343383883,0.550325693945179,0.658121624195816,TRUE,-1.57509406984941,1,0.942160887045741,"dense_profiles",1,"one_step_gamma_poisson_shape_informed","survival"
"growth_increment_80",8.4,8.85005159045538,0.592439678708891,7.7503597455044,8.83018533082145,10.0537870162592,TRUE,0.759658082720226,6,0.901260053548518,"dense_profiles",1,"one_step_gamma_poisson_shape_informed","growth"
"growth_slope_20",-2.4,-2.2436194645802,0.243673062997901,-2.70711334734942,-2.23573237165802,-1.74803345517065,TRUE,0.641763736606138,3,0.918775645667366,"dense_profiles",1,"one_step_gamma_poisson_shape_informed","growth"
"log_growth_sd",1.50407739677627,1.64788807425544,0.0952379820505018,1.46596095637671,1.64371045453951,1.84945743462919,TRUE,1.51001390813708,0.7,0.863945739927855,"dense_profiles",1,"one_step_gamma_poisson_shape_informed","growth"
"log_recruitment_at_80",-1.69314718055995,-1.80939506185511,0.1518785176027,-2.07887921204829,-1.80961943848458,-1.50397594322257,TRUE,-0.765400420876218,1.5,0.898747654931533,"dense_profiles",1,"one_step_gamma_poisson_shape_informed","recruitment"
"recruitment_slope_20",1.5,1.55542443788881,0.0794013217382456,1.38876415605401,1.56379005596797,1.69168397813855,TRUE,0.698029159659572,0.2,0.602993391308772,"dense_profiles",1,"one_step_gamma_poisson_shape_informed","recruitment"
"recruit_mean_80",44.6,45.169452002517,0.708188901470686,43.8368393605766,45.1770424476816,46.6439955375739,TRUE,0.804096197122651,10,0.929181109852931,"dense_profiles",1,"one_step_gamma_poisson_shape_informed","recruit_size"
"recruit_mean_slope_20",0.4,0.0340351290317667,0.372402467103606,-0.720352199264421,0.0158031905250177,0.773259361609099,TRUE,-0.982713336500047,2,0.813798766448197,"dense_profiles",1,"one_step_gamma_poisson_shape_informed","recruit_size"
"log_recruit_sd",1.25276296849537,1.27319180151504,0.0278355445519551,1.21656541363191,1.2735283906161,1.3228561519442,TRUE,0.733911743006956,0.7,0.96023493635435,"dense_profiles",1,"one_step_gamma_poisson_shape_informed","recruit_size"
"log_process_precision",NA,5.7003727211454,0.843765734012567,4.01945498224142,5.73932984028816,7.26095691622128,NA,NA,2,0.578117132993717,"dense_profiles",1,"one_step_gamma_poisson_shape_informed","process"
"survival_at_80",0.36,0.302240703413735,0.0794697789740151,0.156788470450928,0.297670978218955,0.459626160810183,TRUE,-0.726808320495651,1.5,0.947020147350657,"dense_profiles",1,"one_step_gamma_poisson_fixed_recruitment_slope","survival"
"survival_slope_20",0.64,0.542634171457699,0.0579259559120933,0.42290698315509,0.542535429435432,0.672548384394088,TRUE,-1.68086701391792,1,0.942074044087907,"dense_profiles",1,"one_step_gamma_poisson_fixed_recruitment_slope","survival"
"growth_increment_80",8.4,8.89217454639259,0.56108114946363,7.67601209820004,8.92188116084858,9.90882596380733,TRUE,0.87718959523606,6,0.906486475089395,"dense_profiles",1,"one_step_gamma_poisson_fixed_recruitment_slope","growth"
"growth_slope_20",-2.4,-2.2457203583375,0.248939715413217,-2.72948811427182,-2.26527365773512,-1.76479461164089,TRUE,0.619746999414728,3,0.917020094862261,"dense_profiles",1,"one_step_gamma_poisson_fixed_recruitment_slope","growth"
"log_growth_sd",1.50407739677627,1.64158364231742,0.0938946528127844,1.4651639766112,1.64135182307851,1.83873542959932,TRUE,1.46447365661304,0.7,0.865864781696022,"dense_profiles",1,"one_step_gamma_poisson_fixed_recruitment_slope","growth"
"log_recruitment_at_80",-1.69314718055995,-1.70787398848075,0.0303533577584827,-1.76938616318,-1.70788644844609,-1.6516509819351,TRUE,-0.485178873387929,1.5,0.979764428161012,"dense_profiles",1,"one_step_gamma_poisson_fixed_recruitment_slope","recruitment"
"recruitment_slope_20",1.5,1.5,0,1.5,1.5,1.5,TRUE,NA,NA,NA,"dense_profiles",1,"one_step_gamma_poisson_fixed_recruitment_slope","recruitment"
"recruit_mean_80",44.6,45.2740318641464,0.675883241974687,43.9794483117511,45.2821506556309,46.5943107931953,TRUE,0.99726080229055,10,0.932411675802531,"dense_profiles",1,"one_step_gamma_poisson_fixed_recruitment_slope","recruit_size"
"recruit_mean_slope_20",0.4,-0.0216314948400785,0.36672023663903,-0.742646548989911,-0.0176421803655897,0.674089300022821,TRUE,-1.14973610047896,2,0.816639881680485,"dense_profiles",1,"one_step_gamma_poisson_fixed_recruitment_slope","recruit_size"
"log_recruit_sd",1.25276296849537,1.27473830640377,0.0286241002156617,1.22160554744287,1.27473880499727,1.33014926531704,TRUE,0.767721526365309,0.7,0.95910842826334,"dense_profiles",1,"one_step_gamma_poisson_fixed_recruitment_slope","recruit_size"
"log_process_precision",NA,5.61596592883553,0.8035670478894,4.0628322458975,5.59116651672879,7.30916881776994,NA,NA,2,0.5982164760553,"dense_profiles",1,"one_step_gamma_poisson_fixed_recruitment_slope","process"
"survival_at_80",0.36,0.382134420631795,0.0339114709713597,0.317050208707929,0.381688466704473,0.446422126806855,TRUE,0.652711899477594,1.5,0.97739235268576,"rich_design",1,"recursive_gamma_poisson","survival"
"survival_slope_20",0.64,0.666806190361988,0.0239966015415008,0.617338297103381,0.66778029728581,0.709975308384742,TRUE,1.11708278006067,1,0.976003398458499,"rich_design",1,"recursive_gamma_poisson","survival"
"growth_increment_80",8.4,8.51504139317582,0.267018217807458,8.01817712907607,8.50319008564139,9.05357068018847,TRUE,0.430837244441394,6,0.955496963698757,"rich_design",1,"recursive_gamma_poisson","growth"
"growth_slope_20",-2.4,-2.49889971741583,0.101520938357678,-2.70300873641057,-2.50069584571361,-2.30893282579581,TRUE,-0.974180489421663,3,0.966159687214107,"rich_design",1,"recursive_gamma_poisson","growth"
"log_growth_sd",1.50407739677627,1.45613645964111,0.077442099423097,1.29054731370476,1.45173629756506,1.61369958380276,TRUE,-0.619055236005925,0.7,0.889368429395576,"rich_design",1,"recursive_gamma_poisson","growth"
"log_recruitment_at_80",-1.69314718055995,-1.50072786536724,0.131450150978722,-1.73717040777166,-1.5021942573465,-1.23765973868505,TRUE,1.46381965908771,1.5,0.912366566014186,"rich_design",1,"recursive_gamma_poisson","recruitment"
"recruitment_slope_20",1.5,1.40624221423428,0.0745112630645383,1.26452537092326,1.40514784467513,1.54661796591298,TRUE,-1.25830353572866,1,0.925488736935462,"rich_design",1,"recursive_gamma_poisson","recruitment"
"recruit_mean_80",44.6,44.4151865194905,0.489278385344422,43.5621605110074,44.4057034252374,45.3935596173265,TRUE,-0.377726639976895,10,0.951072161465558,"rich_design",1,"recursive_gamma_poisson","recruit_size"
"recruit_mean_slope_20",0.4,0.521410545844492,0.233317093279484,0.045080694311284,0.531347561012091,0.964092114319589,TRUE,0.520367128434337,2,0.883341453360258,"rich_design",1,"recursive_gamma_poisson","recruit_size"
"log_recruit_sd",1.25276296849537,1.25627236486131,0.0245643492592966,1.20839897537133,1.25760897992914,1.30409116027628,TRUE,0.142865431886384,0.7,0.964908072486719,"rich_design",1,"recursive_gamma_poisson","recruit_size"
"log_process_precision",NA,4.46103945333093,0.349748438755188,3.83775449676417,4.44506321862809,5.18673794618024,NA,NA,2,0.825125780622406,"rich_design",1,"recursive_gamma_poisson","process"
"survival_at_80",0.36,0.40752780007933,0.0700654328470486,0.266266643770999,0.403844318818553,0.541394515640567,TRUE,0.678334496028622,1.5,0.953289711435301,"rich_design",1,"one_step_gamma_poisson","survival"
"survival_slope_20",0.64,0.572704017082971,0.051104989922534,0.474728236292572,0.573870653419603,0.676226597649221,TRUE,-1.31681824062655,1,0.948895010077466,"rich_design",1,"one_step_gamma_poisson","survival"
"growth_increment_80",8.4,7.79809031539033,0.43919586320804,6.82990098686702,7.82196816985804,8.6540196879472,TRUE,-1.37048122496672,6,0.926800689465327,"rich_design",1,"one_step_gamma_poisson","growth"
"growth_slope_20",-2.4,-2.21657829249495,0.211252333831452,-2.59391705378103,-2.22173749628128,-1.79454020612906,TRUE,0.868258845610623,3,0.929582555389516,"rich_design",1,"one_step_gamma_poisson","growth"
"log_growth_sd",1.50407739677627,1.78975994812238,0.0647946167061118,1.66260636419774,1.7863070668126,1.91806728070244,FALSE,4.40904763187147,0.7,0.907436261848412,"rich_design",1,"one_step_gamma_poisson","growth"
"log_recruitment_at_80",-1.69314718055995,-1.37404732166812,0.139339463944249,-1.6131088130639,-1.37977207848849,-1.07781734939335,FALSE,2.29008961179513,1.5,0.907107024037168,"rich_design",1,"one_step_gamma_poisson","recruitment"
"recruitment_slope_20",1.5,1.31969781504871,0.0719972588221757,1.17448308677689,1.32091291897602,1.4428966578237,FALSE,-2.50429235641614,1,0.928002741177824,"rich_design",1,"one_step_gamma_poisson","recruitment"
"recruit_mean_80",44.6,44.1637436452766,0.476098049222364,43.3181046748152,44.1470382220282,45.0740490569235,TRUE,-0.916316198808105,10,0.952390195077764,"rich_design",1,"one_step_gamma_poisson","recruit_size"
"recruit_mean_slope_20",0.4,0.621423593423413,0.23814283912367,0.153595566570397,0.626522763425077,1.05523435280711,TRUE,0.929793204104809,2,0.880928580438165,"rich_design",1,"one_step_gamma_poisson","recruit_size"
"log_recruit_sd",1.25276296849537,1.22490357930673,0.030870430113082,1.16837234416793,1.22472612767332,1.28128172960652,TRUE,-0.902461970454741,0.7,0.95589938555274,"rich_design",1,"one_step_gamma_poisson","recruit_size"
"log_process_precision",NA,3.84505589783264,0.242043344332878,3.35825393770542,3.85839262630275,4.35043214916523,NA,NA,2,0.878978327833561,"rich_design",1,"one_step_gamma_poisson","process"
"survival_at_80",0.36,0.415378732577256,0.089092568964817,0.247349772641713,0.416396404101977,0.594541279843708,TRUE,0.621586437799609,1.5,0.940604954023455,"rich_design",1,"one_step_shared_gamma_poisson","survival"
"survival_slope_20",0.64,0.581820182273191,0.0508963058522827,0.485106605806954,0.578451567886403,0.67897842590453,TRUE,-1.14310492191055,1,0.949103694147717,"rich_design",1,"one_step_shared_gamma_poisson","survival"
"growth_increment_80",8.4,7.82178956619503,0.468256010720446,6.90949350851198,7.83550224684654,8.66671651466832,TRUE,-1.23481689624305,6,0.921957331546592,"rich_design",1,"one_step_shared_gamma_poisson","growth"
"growth_slope_20",-2.4,-2.21489052402918,0.188692413396682,-2.57632626286586,-2.20952186758676,-1.85839528407538,TRUE,0.981011756851441,3,0.937102528867773,"rich_design",1,"one_step_shared_gamma_poisson","growth"
"log_growth_sd",1.50407739677627,1.7808123159512,0.0619801175574747,1.64527916407032,1.77990741145949,1.88979495510014,FALSE,4.46489826222597,0.7,0.911456974917893,"rich_design",1,"one_step_shared_gamma_poisson","growth"
"log_recruitment_at_80",-1.69314718055995,-1.41841926000024,0.126710938020213,-1.67866409853746,-1.41307401816017,-1.16001922240498,FALSE,2.16814684550655,1.5,0.915526041319858,"rich_design",1,"one_step_shared_gamma_poisson","recruitment"
"recruitment_slope_20",1.5,1.34332425903105,0.0657404954849611,1.20987871505098,1.34406916636821,1.47091419546026,FALSE,-2.38324551424766,1,0.934259504515039,"rich_design",1,"one_step_shared_gamma_poisson","recruitment"
"recruit_mean_80",44.6,44.063137927037,0.380720322532593,43.2918585181319,44.0776498975,44.7831795246756,TRUE,-1.41012192202339,10,0.961927967746741,"rich_design",1,"one_step_shared_gamma_poisson","recruit_size"
"recruit_mean_slope_20",0.4,0.671337153604393,0.186712666115531,0.276945356261641,0.668480514251431,1.06783094756937,TRUE,1.45323378027552,2,0.906643666942235,"rich_design",1,"one_step_shared_gamma_poisson","recruit_size"
"log_recruit_sd",1.25276296849537,1.22897064835526,0.0251926476481202,1.17930640677837,1.22789489504226,1.27540879670997,TRUE,-0.944415230682865,0.7,0.964010503359828,"rich_design",1,"one_step_shared_gamma_poisson","recruit_size"
"log_process_precision",NA,4.58822021084713,0.326528973973547,3.91805281908867,4.57861134795288,5.181834360463,NA,NA,2,0.836735513013226,"rich_design",1,"one_step_shared_gamma_poisson","process"
"survival_at_80",0.36,0.407073651919378,0.0744846979652516,0.260519559883458,0.405059639161833,0.556699593133669,TRUE,0.631990908271372,1.5,0.950343534689832,"rich_design",1,"one_step_gamma_poisson_shape_informed","survival"
"survival_slope_20",0.64,0.574102097526402,0.0491437791995843,0.484789138076133,0.572172901692525,0.662711261638998,TRUE,-1.34092053046982,1,0.950856220800416,"rich_design",1,"one_step_gamma_poisson_shape_informed","survival"
"growth_increment_80",8.4,7.81189593684082,0.49781707840514,6.7603716567624,7.78430081072385,8.78919178763729,TRUE,-1.18136578408135,6,0.917030486932477,"rich_design",1,"one_step_gamma_poisson_shape_informed","growth"
"growth_slope_20",-2.4,-2.22450593741232,0.200852468595973,-2.60284973261633,-2.23378680170931,-1.86448061935225,TRUE,0.873746107351563,3,0.933049177134676,"rich_design",1,"one_step_gamma_poisson_shape_informed","growth"
"log_growth_sd",1.50407739677627,1.79126711313838,0.0651383151906764,1.66889722372197,1.79049857233414,1.92689254926314,FALSE,4.40892146997403,0.7,0.906945264013319,"rich_design",1,"one_step_gamma_poisson_shape_informed","growth"
"log_recruitment_at_80",-1.69314718055995,-1.41168820415466,0.125411836690267,-1.63861157176574,-1.41787071876684,-1.15822758351531,FALSE,2.24427760435732,1.5,0.916392108873156,"rich_design",1,"one_step_gamma_poisson_shape_informed","recruitment"
"recruitment_slope_20",1.5,1.3384632722868,0.063615301295022,1.20399572808149,1.34217697214353,1.45469138634062,FALSE,-2.53927474090007,0.2,0.68192349352489,"rich_design",1,"one_step_gamma_poisson_shape_informed","recruitment"
"recruit_mean_80",44.6,44.181294318429,0.467879411411324,43.3152247345366,44.1633304483038,45.1017341445588,TRUE,-0.894900847011007,10,0.953212058858868,"rich_design",1,"one_step_gamma_poisson_shape_informed","recruit_size"
"recruit_mean_slope_20",0.4,0.605601471702684,0.234214142137797,0.145327610318098,0.60147451686042,1.04381343260233,TRUE,0.87783542798078,2,0.882892928931101,"rich_design",1,"one_step_gamma_poisson_shape_informed","recruit_size"
"log_recruit_sd",1.25276296849537,1.23031865435876,0.0293664445699709,1.17547828069058,1.23183658736672,1.28787752284605,TRUE,-0.764284354652862,0.7,0.958047936328613,"rich_design",1,"one_step_gamma_poisson_shape_informed","recruit_size"
"log_process_precision",NA,3.83338480778202,0.259330889479617,3.30929235317812,3.83365107735907,4.336097322387,NA,NA,2,0.870334555260192,"rich_design",1,"one_step_gamma_poisson_shape_informed","process"
"survival_at_80",0.36,0.419127070019061,0.0735825270682749,0.267930940192922,0.411578004955501,0.55707095032487,TRUE,0.803547695014593,1.5,0.950944981954483,"rich_design",1,"one_step_gamma_poisson_fixed_recruitment_slope","survival"
"survival_slope_20",0.64,0.571049159018214,0.0498409193439623,0.480881066858015,0.569748105144942,0.672597833233268,TRUE,-1.38341832151895,1,0.950159080656038,"rich_design",1,"one_step_gamma_poisson_fixed_recruitment_slope","survival"
"growth_increment_80",8.4,7.72083738567441,0.486741806776671,6.83788259539726,7.73031422440439,8.6582798377809,TRUE,-1.39532418393065,6,0.918876365537222,"rich_design",1,"one_step_gamma_poisson_fixed_recruitment_slope","growth"
"growth_slope_20",-2.4,-2.19728763372003,0.210562438760235,-2.59966737882413,-2.21129226600873,-1.77921681523119,TRUE,0.962718552622755,3,0.929812520413255,"rich_design",1,"one_step_gamma_poisson_fixed_recruitment_slope","growth"
"log_growth_sd",1.50407739677627,1.80406595310598,0.0699024064592042,1.66787633052972,1.80714944499303,1.92623644041935,FALSE,4.29153403330661,0.7,0.900139419343994,"rich_design",1,"one_step_gamma_poisson_fixed_recruitment_slope","growth"
"log_recruitment_at_80",-1.69314718055995,-1.7325772275867,0.0315213412368766,-1.79692412894613,-1.73285386714337,-1.6710067574044,TRUE,-1.25090004040256,1.5,0.978985772508749,"rich_design",1,"one_step_gamma_poisson_fixed_recruitment_slope","recruitment"
"recruitment_slope_20",1.5,1.5,0,1.5,1.5,1.5,TRUE,NA,NA,NA,"rich_design",1,"one_step_gamma_poisson_fixed_recruitment_slope","recruitment"
"recruit_mean_80",44.6,43.9546000755003,0.478391730022154,43.060339010512,43.9622410627061,44.8645848428941,TRUE,-1.34910343134437,10,0.952160826997785,"rich_design",1,"one_step_gamma_poisson_fixed_recruitment_slope","recruit_size"
"recruit_mean_slope_20",0.4,0.66390852125548,0.22387144387527,0.248786281195438,0.659850029452757,1.07531315853005,TRUE,1.17883959064702,2,0.888064278062365,"rich_design",1,"one_step_gamma_poisson_fixed_recruitment_slope","recruit_size"
"log_recruit_sd",1.25276296849537,1.22265171221429,0.027749803132582,1.16713142649518,1.22412812409426,1.27598238445501,TRUE,-1.08509801446913,0.7,0.960357424096311,"rich_design",1,"one_step_gamma_poisson_fixed_recruitment_slope","recruit_size"
"log_process_precision",NA,3.71075658210047,0.230980936694194,3.23757295004598,3.71953622285892,4.14796093301335,NA,NA,2,0.884509531652903,"rich_design",1,"one_step_gamma_poisson_fixed_recruitment_slope","process"
"survival_at_80",0.36,0.276132874352877,0.0914472815173923,0.0777219235439146,0.282716990387041,0.437856610074291,TRUE,-0.917109008113839,1.5,0.939035145655072,"standard",2,"recursive_gamma_poisson","survival"
"survival_slope_20",0.64,0.639757096654162,0.0740599326322737,0.492284025317675,0.643797328533971,0.777483677512447,TRUE,-0.0032798213177451,1,0.925940067367726,"standard",2,"recursive_gamma_poisson","survival"
"growth_increment_80",8.4,8.88373952538638,0.900943061112824,7.06634296414567,8.86736644539534,10.62845504151,TRUE,0.536925746216273,6,0.849842823147863,"standard",2,"recursive_gamma_poisson","growth"
"growth_slope_20",-2.4,-2.33313695879699,0.351817766227926,-2.98994763798194,-2.32999814173196,-1.67267932086489,TRUE,0.190050212415062,3,0.882727411257358,"standard",2,"recursive_gamma_poisson","growth"
"log_growth_sd",1.50407739677627,1.78967638771166,0.162185997446738,1.47257870904462,1.77802799053327,2.13828007037288,TRUE,1.76093494772366,0.7,0.768305717933231,"standard",2,"recursive_gamma_poisson","growth"
"log_recruitment_at_80",-1.69314718055995,-1.50383001464958,0.226596790165913,-1.92836115456135,-1.5087239014712,-1.07424696050426,TRUE,0.835480351560802,1.5,0.848935473222724,"standard",2,"recursive_gamma_poisson","recruitment"
"recruitment_slope_20",1.5,1.34360999201773,0.144851347143652,1.07434456656065,1.34328178839449,1.64922858012476,TRUE,-1.07965863670691,1,0.855148652856348,"standard",2,"recursive_gamma_poisson","recruitment"
"recruit_mean_80",44.6,45.9561173917681,0.74057331270915,44.4104772379455,45.9807182183789,47.4063682589675,TRUE,1.83117237482831,10,0.925942668729085,"standard",2,"recursive_gamma_poisson","recruit_size"
"recruit_mean_slope_20",0.4,-0.377342812726847,0.4003482806506,-1.13981974399574,-0.381942030363455,0.446348566324271,TRUE,-1.94166641970736,2,0.7998258596747,"standard",2,"recursive_gamma_poisson","recruit_size"
"log_recruit_sd",1.25276296849537,1.21503893682896,0.0494308252851467,1.11614868425961,1.21758729882207,1.30753254812823,TRUE,-0.763168153653035,0.7,0.929384535306933,"standard",2,"recursive_gamma_poisson","recruit_size"
"log_process_precision",NA,5.4966893988287,1.15818527615289,3.09729731682672,5.4474993248328,7.85644635405284,NA,NA,2,0.420907361923555,"standard",2,"recursive_gamma_poisson","process"
"survival_at_80",0.36,0.344308123771243,0.163542461906561,0.0353007380810855,0.345744063394519,0.676346293759655,TRUE,-0.0959498594176847,1.5,0.890971692062293,"standard",2,"one_step_gamma_poisson","survival"
"survival_slope_20",0.64,0.630868679820181,0.123221237821369,0.394731165671696,0.625888937565759,0.882228705527401,TRUE,-0.0741050840039192,1,0.876778762178631,"standard",2,"one_step_gamma_poisson","survival"
"growth_increment_80",8.4,8.82581691661098,1.15198363727183,6.56440013751262,8.8480251701704,11.0132642422071,TRUE,0.369637990361923,6,0.808002727121362,"standard",2,"one_step_gamma_poisson","growth"
"growth_slope_20",-2.4,-1.91647299919555,0.611521703522752,-3.17030127854502,-1.9105974557962,-0.842174557881102,TRUE,0.790694750519946,3,0.796159432159083,"standard",2,"one_step_gamma_poisson","growth"
"log_growth_sd",1.50407739677627,2.00276258796776,0.118301534328105,1.77468854622203,2.00039025341911,2.23744700458793,FALSE,4.21537382438674,0.7,0.830997808102707,"standard",2,"one_step_gamma_poisson","growth"
"log_recruitment_at_80",-1.69314718055995,-1.24055229537985,0.173462038509317,-1.60072455569366,-1.25381460527608,-0.912770469697503,FALSE,2.60918693836164,1.5,0.884358640993789,"standard",2,"one_step_gamma_poisson","recruitment"
"recruitment_slope_20",1.5,1.21627220554868,0.103948315147145,1.01370408842442,1.22218542367016,1.42729354712762,FALSE,-2.72950835277791,1,0.896051684852855,"standard",2,"one_step_gamma_poisson","recruitment"
"recruit_mean_80",44.6,45.9386589984209,0.582769318349298,44.8713542755089,45.9214870309768,47.089859700537,FALSE,2.29706498999073,10,0.94172306816507,"standard",2,"one_step_gamma_poisson","recruit_size"
"recruit_mean_slope_20",0.4,-0.427282400943408,0.35596116303292,-1.09693338387913,-0.433692389718154,0.231463676566381,FALSE,-2.32408050893715,2,0.82201941848354,"standard",2,"one_step_gamma_poisson","recruit_size"
"log_recruit_sd",1.25276296849537,1.19692194751265,0.051124246417762,1.09817407086425,1.19429793622577,1.30110256942624,TRUE,-1.09226100911914,0.7,0.92696536226034,"standard",2,"one_step_gamma_poisson","recruit_size"
"log_process_precision",NA,4.69548684591035,1.08523849484829,2.63050072743419,4.72237293347836,6.85580622488783,NA,NA,2,0.457380752575856,"standard",2,"one_step_gamma_poisson","process"
"survival_at_80",0.36,0.382354206132635,0.183809089844905,0.0173969576189442,0.38408147277753,0.726622671208077,TRUE,0.121616434483722,1.5,0.877460606770063,"standard",2,"one_step_shared_gamma_poisson","survival"
"survival_slope_20",0.64,0.646967677999245,0.131905949941846,0.407055041242813,0.64690234483385,0.898112335538527,TRUE,0.0528230758530343,1,0.868094050058154,"standard",2,"one_step_shared_gamma_poisson","survival"
"growth_increment_80",8.4,8.78009223666844,1.10322206209181,6.63288037470843,8.78009108668163,10.9233837250818,TRUE,0.344529220117076,6,0.816129656318032,"standard",2,"one_step_shared_gamma_poisson","growth"
"growth_slope_20",-2.4,-1.89944734795682,0.572632940093419,-2.93290772847907,-1.89455323412306,-0.765174920588161,TRUE,0.874124796176624,3,0.809122353302194,"standard",2,"one_step_shared_gamma_poisson","growth"
"log_growth_sd",1.50407739677627,1.99271373308867,0.121544496457183,1.73020963724795,2.00006261792388,2.217392232755,FALSE,4.02022593005297,0.7,0.826365005061168,"standard",2,"one_step_shared_gamma_poisson","growth"
"log_recruitment_at_80",-1.69314718055995,-1.20629515466126,0.179955561314994,-1.59748435885152,-1.19946940161132,-0.866521062586829,FALSE,2.70540139099396,1.5,0.880029625790004,"standard",2,"one_step_shared_gamma_poisson","recruitment"
"recruitment_slope_20",1.5,1.18992418157533,0.111088765836823,0.979598120177469,1.18197237092577,1.45572814200071,FALSE,-2.79124370577794,1,0.888911234163178,"standard",2,"one_step_shared_gamma_poisson","recruitment"
"recruit_mean_80",44.6,45.9056790225673,0.562433723190367,44.8487758071658,45.9105476203741,46.9905347767062,FALSE,2.32148068071182,10,0.943756627680963,"standard",2,"one_step_shared_gamma_poisson","recruit_size"
"recruit_mean_slope_20",0.4,-0.419608500235559,0.350939221297018,-1.11864360840992,-0.428125822675789,0.29146606212446,FALSE,-2.33547135941776,2,0.824530389351491,"standard",2,"one_step_shared_gamma_poisson","recruit_size"
"log_recruit_sd",1.25276296849537,1.20529839090025,0.050188298243517,1.11020320280156,1.20209539758469,1.31299532886612,TRUE,-0.945729966073214,0.7,0.92830243108069,"standard",2,"one_step_shared_gamma_poisson","recruit_size"
"log_process_precision",NA,4.61633289279226,0.863280302603829,2.85077536360898,4.57710947758463,6.3375787109582,NA,NA,2,0.568359848698086,"standard",2,"one_step_shared_gamma_poisson","process"
"survival_at_80",0.36,0.340513702986135,0.163150173233643,-0.00681808034150872,0.331271472142949,0.644171151366136,TRUE,-0.119437795422745,1.5,0.891233217844238,"standard",2,"one_step_gamma_poisson_shape_informed","survival"
"survival_slope_20",0.64,0.633323563088936,0.127945909830155,0.338119528492075,0.635851918116146,0.85352676947173,TRUE,-0.0521817142879132,1,0.872054090169845,"standard",2,"one_step_gamma_poisson_shape_informed","survival"
"growth_increment_80",8.4,8.80472616358176,1.09007660162206,6.60838570325605,8.88160768775209,10.8122743391121,TRUE,0.371282314453426,6,0.818320566396323,"standard",2,"one_step_gamma_poisson_shape_informed","growth"
"growth_slope_20",-2.4,-1.97634899820126,0.624967868058413,-3.1977272916097,-1.91859799509311,-0.749875799508632,TRUE,0.677876453256545,3,0.791677377313862,"standard",2,"one_step_gamma_poisson_shape_informed","growth"
"log_growth_sd",1.50407739677627,1.98878331078651,0.126877088024591,1.74501142293482,1.98683803760384,2.23775388373942,FALSE,3.82027930776828,0.7,0.818747017107727,"standard",2,"one_step_gamma_poisson_shape_informed","growth"
"log_recruitment_at_80",-1.69314718055995,-1.34210025001188,0.163116535848804,-1.66165357761526,-1.34583715802619,-1.02317856424449,FALSE,2.15212350312208,1.5,0.891255642767464,"standard",2,"one_step_gamma_poisson_shape_informed","recruitment"
"recruitment_slope_20",1.5,1.28014655766712,0.0930848053606876,1.10582377241359,1.28357482703089,1.45540069294545,FALSE,-2.36186176122927,0.2,0.534575973196562,"standard",2,"one_step_gamma_poisson_shape_informed","recruitment"
"recruit_mean_80",44.6,45.8683703048019,0.63866564513105,44.4536748746714,45.8719078348805,47.1164381795831,TRUE,1.98596920700445,10,0.936133435486895,"standard",2,"one_step_gamma_poisson_shape_informed","recruit_size"
"recruit_mean_slope_20",0.4,-0.381943093295605,0.370659648347099,-1.10711877474843,-0.39429027115727,0.398265431598631,FALSE,-2.10959864874033,2,0.81467017582645,"standard",2,"one_step_gamma_poisson_shape_informed","recruit_size"
"log_recruit_sd",1.25276296849537,1.20669503038444,0.0569201084491719,1.10064967838669,1.20401552818741,1.31500594192654,TRUE,-0.809343821824764,0.7,0.918685559358326,"standard",2,"one_step_gamma_poisson_shape_informed","recruit_size"
"log_process_precision",NA,4.64108594279891,1.13335629011805,2.49651376297341,4.57025949811624,6.92005255380008,NA,NA,2,0.433321854940977,"standard",2,"one_step_gamma_poisson_shape_informed","process"
"survival_at_80",0.36,0.357667314346384,0.17001346730312,0.0416619495505807,0.350310268391333,0.721462768344771,TRUE,-0.013720593377797,1.5,0.886657688464587,"standard",2,"one_step_gamma_poisson_fixed_recruitment_slope","survival"
"survival_slope_20",0.64,0.622805262395499,0.126058472609695,0.385668412759141,0.6186962902462,0.891838257753586,TRUE,-0.136402871211522,1,0.873941527390305,"standard",2,"one_step_gamma_poisson_fixed_recruitment_slope","survival"
"growth_increment_80",8.4,8.49512696655095,1.10548538706016,6.34103778480426,8.50225158494874,10.5723147703723,TRUE,0.0860499538613709,6,0.815752435489973,"standard",2,"one_step_gamma_poisson_fixed_recruitment_slope","growth"
"growth_slope_20",-2.4,-1.8716113412047,0.592198504073796,-2.98414902619947,-1.84234612550766,-0.770703017984633,TRUE,0.892249229203483,3,0.802600498642068,"standard",2,"one_step_gamma_poisson_fixed_recruitment_slope","growth"
"log_growth_sd",1.50407739677627,2.01561240840698,0.120715598433158,1.78664066254033,2.01686545469179,2.2561377163794,FALSE,4.2375220623534,0.7,0.827549145095488,"standard",2,"one_step_gamma_poisson_fixed_recruitment_slope","growth"
"log_recruitment_at_80",-1.69314718055995,-1.72656915333621,0.0666245661517585,-1.8643766912572,-1.71795961397612,-1.60572115951288,TRUE,-0.50164638521069,1.5,0.955583622565494,"standard",2,"one_step_gamma_poisson_fixed_recruitment_slope","recruitment"
"recruitment_slope_20",1.5,1.5,0,1.5,1.5,1.5,TRUE,NA,NA,NA,"standard",2,"one_step_gamma_poisson_fixed_recruitment_slope","recruitment"
"recruit_mean_80",44.6,45.6883007283268,0.711428752410487,44.2885816195969,45.6907658866385,47.0186288727954,TRUE,1.52973959042192,10,0.928857124758951,"standard",2,"one_step_gamma_poisson_fixed_recruitment_slope","recruit_size"
"recruit_mean_slope_20",0.4,-0.244494834525915,0.369616603461451,-0.993180196972199,-0.249522824848797,0.480018552730157,TRUE,-1.74368474925162,2,0.815191698269275,"standard",2,"one_step_gamma_poisson_fixed_recruitment_slope","recruit_size"
"log_recruit_sd",1.25276296849537,1.19100261072051,0.0541824092227691,1.09021882405235,1.19077514372602,1.29933354709588,TRUE,-1.13985994090696,0.7,0.922596558253187,"standard",2,"one_step_gamma_poisson_fixed_recruitment_slope","recruit_size"
"log_process_precision",NA,3.95309350358507,0.700993745470629,2.62595799411603,3.95145181720701,5.28253357974447,NA,NA,2,0.649503127264685,"standard",2,"one_step_gamma_poisson_fixed_recruitment_slope","process"
"survival_at_80",0.36,0.352814095769583,0.045541204219095,0.271901132847129,0.351584292201753,0.441978219566936,TRUE,-0.157789069341375,1.5,0.96963919718727,"dense_profiles",2,"recursive_gamma_poisson","survival"
"survival_slope_20",0.64,0.63419963676193,0.0379015221930124,0.562281476282751,0.634721675552328,0.70812332667143,TRUE,-0.15303773839299,1,0.962098477806988,"dense_profiles",2,"recursive_gamma_poisson","survival"
"growth_increment_80",8.4,8.59175655060945,0.447168242315747,7.77340554080058,8.56717511922352,9.51513884685847,TRUE,0.428824170554691,6,0.925471959614042,"dense_profiles",2,"recursive_gamma_poisson","growth"
"growth_slope_20",-2.4,-2.59667672199634,0.175663634565926,-2.92926731586866,-2.59013723682997,-2.26702401088336,TRUE,-1.119621158257,3,0.941445455144691,"dense_profiles",2,"recursive_gamma_poisson","growth"
"log_growth_sd",1.50407739677627,1.67072502495742,0.0869840439351603,1.48774392745815,1.67166739872113,1.82797125062708,TRUE,1.91584135022933,0.7,0.875737080092628,"dense_profiles",2,"recursive_gamma_poisson","growth"
"log_recruitment_at_80",-1.69314718055995,-1.45936307979898,0.130764750330839,-1.70548260925836,-1.44812297752692,-1.22766599945999,TRUE,1.78782202519782,1.5,0.91282349977944,"dense_profiles",2,"recursive_gamma_poisson","recruitment"
"recruitment_slope_20",1.5,1.39903699664973,0.0863960579760401,1.2424445347916,1.39139294826143,1.57252526287892,TRUE,-1.16860659751713,1,0.91360394202396,"dense_profiles",2,"recursive_gamma_poisson","recruitment"
"recruit_mean_80",44.6,44.3803387724289,0.481655986990803,43.4517217694379,44.3954020318674,45.2499942278733,TRUE,-0.456054182869132,10,0.95183440130092,"dense_profiles",2,"recursive_gamma_poisson","recruit_size"
"recruit_mean_slope_20",0.4,0.552970441224102,0.270798187232747,0.0377455556867124,0.550698539132559,1.10409536440647,TRUE,0.564887242367785,2,0.864600906383626,"dense_profiles",2,"recursive_gamma_poisson","recruit_size"
"log_recruit_sd",1.25276296849537,1.26271962585253,0.0285590552646007,1.20712179543215,1.2626012855187,1.32019956936009,TRUE,0.348633988936608,0.7,0.959201349621999,"dense_profiles",2,"recursive_gamma_poisson","recruit_size"
"log_process_precision",NA,6.11917490770886,0.835174020547016,4.55689709146259,6.11402511297792,7.78852938084006,NA,NA,2,0.582412989726492,"dense_profiles",2,"recursive_gamma_poisson","process"
"survival_at_80",0.36,0.374461835984599,0.0834647693777753,0.206860260861341,0.37572615075286,0.535636278797577,TRUE,0.173268746710867,1.5,0.944356820414817,"dense_profiles",2,"one_step_gamma_poisson","survival"
"survival_slope_20",0.64,0.652343216019486,0.0590847121048316,0.544410767512594,0.652909028156942,0.765216325221681,TRUE,0.208907102696643,1,0.940915287895168,"dense_profiles",2,"one_step_gamma_poisson","survival"
"growth_increment_80",8.4,8.46955040533445,0.480691067387815,7.51397322168161,8.48261833919297,9.42310024205034,TRUE,0.144688366506162,6,0.919884822102031,"dense_profiles",2,"one_step_gamma_poisson","growth"
"growth_slope_20",-2.4,-2.52049901556392,0.236528099044522,-2.97846806712035,-2.53277085741815,-2.08754444726636,TRUE,-0.509449050876775,3,0.921157300318493,"dense_profiles",2,"one_step_gamma_poisson","growth"
"log_growth_sd",1.50407739677627,1.58704070398296,0.111937770463775,1.37681592404777,1.58984293601863,1.82015593155301,TRUE,0.741155615865447,0.7,0.840088899337465,"dense_profiles",2,"one_step_gamma_poisson","growth"
"log_recruitment_at_80",-1.69314718055995,-1.49637972958112,0.131041016264218,-1.73950840930695,-1.50222446412769,-1.24571895028046,TRUE,1.50157146661686,1.5,0.912639322490521,"dense_profiles",2,"one_step_gamma_poisson","recruitment"
"recruitment_slope_20",1.5,1.42725419556481,0.0761107177827203,1.28711490385876,1.43219859189427,1.57138792947815,TRUE,-0.955789231194218,1,0.92388928221728,"dense_profiles",2,"one_step_gamma_poisson","recruitment"
"recruit_mean_80",44.6,44.3670062012324,0.521553863229366,43.445595801096,44.3445295717877,45.4297014927568,TRUE,-0.446730079468503,10,0.947844613677063,"dense_profiles",2,"one_step_gamma_poisson","recruit_size"
"recruit_mean_slope_20",0.4,0.558188402585411,0.294821306403752,-0.0664374578717637,0.573473030878868,1.10913155063753,TRUE,0.536556887678856,2,0.852589346798124,"dense_profiles",2,"one_step_gamma_poisson","recruit_size"
"log_recruit_sd",1.25276296849537,1.26490962067165,0.0275811256994114,1.21730610040277,1.26230799006581,1.32546418519142,TRUE,0.440397259657324,0.7,0.960598391857984,"dense_profiles",2,"one_step_gamma_poisson","recruit_size"
"log_process_precision",NA,6.50078677800261,0.981944815013428,4.64528980008993,6.56936929734874,8.33638760092191,NA,NA,2,0.509027592493286,"dense_profiles",2,"one_step_gamma_poisson","process"
"survival_at_80",0.36,0.380542022346568,0.0803472021466985,0.239158663292624,0.377108363201354,0.545245373654409,TRUE,0.255665683405659,1.5,0.946435198568868,"dense_profiles",2,"one_step_shared_gamma_poisson","survival"
"survival_slope_20",0.64,0.656631358064505,0.0596618070285367,0.541276086756052,0.65674032955926,0.769688458420968,TRUE,0.278760548713346,1,0.940338192971463,"dense_profiles",2,"one_step_shared_gamma_poisson","survival"
"growth_increment_80",8.4,8.4955065030199,0.505478361507235,7.62706309676862,8.50088950666582,9.48874540194323,TRUE,0.18894281198333,6,0.915753606415461,"dense_profiles",2,"one_step_shared_gamma_poisson","growth"
"growth_slope_20",-2.4,-2.55207192745071,0.21849651935996,-3.00898052744542,-2.54836401077885,-2.14916661217696,TRUE,-0.695992448283252,3,0.927167826880013,"dense_profiles",2,"one_step_shared_gamma_poisson","growth"
"log_growth_sd",1.50407739677627,1.59681970953735,0.105537917664606,1.39359575222415,1.59939998672596,1.79476796292715,TRUE,0.878758220868142,0.7,0.84923154619342,"dense_profiles",2,"one_step_shared_gamma_poisson","growth"
"log_recruitment_at_80",-1.69314718055995,-1.4824087491363,0.133990857242543,-1.74419146293958,-1.48290474236875,-1.21831107208614,TRUE,1.57278217156399,1.5,0.910672761838305,"dense_profiles",2,"one_step_shared_gamma_poisson","recruitment"
"recruitment_slope_20",1.5,1.42079341730173,0.0786882978386374,1.26420909344993,1.42357838316046,1.57613249081215,TRUE,-1.00658655573787,1,0.921311702161363,"dense_profiles",2,"one_step_shared_gamma_poisson","recruitment"
"recruit_mean_80",44.6,44.4007103633203,0.459488294013643,43.5631202008412,44.3753608340251,45.3106411577913,TRUE,-0.433720813513816,10,0.954051170598636,"dense_profiles",2,"one_step_shared_gamma_poisson","recruit_size"
"recruit_mean_slope_20",0.4,0.548337173029935,0.253749035232782,0.068573635150966,0.55978218414629,1.02963420461452,TRUE,0.584582214840164,2,0.873125482383609,"dense_profiles",2,"one_step_shared_gamma_poisson","recruit_size"
"log_recruit_sd",1.25276296849537,1.26812075699275,0.0264323235391052,1.21195438545338,1.26746370306373,1.31750026701326,TRUE,0.581023021856504,0.7,0.962239537801278,"dense_profiles",2,"one_step_shared_gamma_poisson","recruit_size"
"log_process_precision",NA,7.222717442592,0.93075509813557,5.47098869417246,7.2202114774213,9.11460684744372,NA,NA,2,0.534622450932215,"dense_profiles",2,"one_step_shared_gamma_poisson","process"
"survival_at_80",0.36,0.375502675486844,0.0797099730841947,0.207889196482624,0.37232474227362,0.532062492431266,TRUE,0.194488529941785,1.5,0.94686001794387,"dense_profiles",2,"one_step_gamma_poisson_shape_informed","survival"
"survival_slope_20",0.64,0.651854675827831,0.0574418543309639,0.532955887082069,0.648970328986384,0.76893642829174,TRUE,0.206376969648776,1,0.942558145669036,"dense_profiles",2,"one_step_gamma_poisson_shape_informed","survival"
"growth_increment_80",8.4,8.4514416137944,0.47026574776259,7.55283248394247,8.47807029673097,9.28666737313826,TRUE,0.109388391646955,6,0.921622375372902,"dense_profiles",2,"one_step_gamma_poisson_shape_informed","growth"
"growth_slope_20",-2.4,-2.53362811187421,0.231884545616495,-2.99179254304144,-2.54710753912544,-2.1147218070918,TRUE,-0.576270020578324,3,0.922705151461168,"dense_profiles",2,"one_step_gamma_poisson_shape_informed","growth"
"log_growth_sd",1.50407739677627,1.59888594862735,0.116435260248084,1.38419694295814,1.60088223723199,1.81907873205595,TRUE,0.814259801103852,0.7,0.833663913931308,"dense_profiles",2,"one_step_gamma_poisson_shape_informed","growth"
"log_recruitment_at_80",-1.69314718055995,-1.52549625820387,0.127068825514135,-1.77198124374867,-1.52011673321317,-1.28726499914108,TRUE,1.31937099188366,1.5,0.915287449657244,"dense_profiles",2,"one_step_gamma_poisson_shape_informed","recruitment"
"recruitment_slope_20",1.5,1.44444736620033,0.0714230080305085,1.3110656886957,1.44288714128275,1.5744674720959,TRUE,-0.777797453951313,0.2,0.642884959847458,"dense_profiles",2,"one_step_gamma_poisson_shape_informed","recruitment"
"recruit_mean_80",44.6,44.3840850237849,0.510853672502825,43.4347980031427,44.3834265533939,45.4414901761051,TRUE,-0.422655229544093,10,0.948914632749717,"dense_profiles",2,"one_step_gamma_poisson_shape_informed","recruit_size"
"recruit_mean_slope_20",0.4,0.543464664677496,0.282476636648034,-0.00991735711629082,0.539090697930424,1.09603444942777,TRUE,0.50788152386653,2,0.858761681675983,"dense_profiles",2,"one_step_gamma_poisson_shape_informed","recruit_size"
"log_recruit_sd",1.25276296849537,1.26240974050886,0.0292389531082591,1.2107623508034,1.26184029723869,1.319488941813,TRUE,0.32992877610126,0.7,0.958230066988201,"dense_profiles",2,"one_step_gamma_poisson_shape_informed","recruit_size"
"log_process_precision",NA,6.5164235211572,0.9176549525274,4.86341158172537,6.45234174040986,8.36008127840841,NA,NA,2,0.5411725237363,"dense_profiles",2,"one_step_gamma_poisson_shape_informed","process"
"survival_at_80",0.36,0.370641397773318,0.0850771696857927,0.218469207992149,0.367897506021762,0.548179835323211,TRUE,0.125079358100634,1.5,0.943281886876138,"dense_profiles",2,"one_step_gamma_poisson_fixed_recruitment_slope","survival"
"survival_slope_20",0.64,0.645914439204633,0.0628717536377115,0.530082574038888,0.643432775681757,0.762575114821243,TRUE,0.0940714846084052,1,0.937128246362289,"dense_profiles",2,"one_step_gamma_poisson_fixed_recruitment_slope","survival"
"growth_increment_80",8.4,8.47229313701742,0.482475956818392,7.58903602199348,8.46126742997077,9.42799976614015,TRUE,0.14983780226925,6,0.919587340530268,"dense_profiles",2,"one_step_gamma_poisson_fixed_recruitment_slope","growth"
"growth_slope_20",-2.4,-2.52494060580969,0.235268247324051,-2.9556400067958,-2.52703030601131,-2.05826716714692,TRUE,-0.53105596369576,3,0.921577250891983,"dense_profiles",2,"one_step_gamma_poisson_fixed_recruitment_slope","growth"
"log_growth_sd",1.50407739677627,1.59915823084194,0.109082172842163,1.38853796052108,1.59671940729588,1.8031413878402,TRUE,0.871644115516832,0.7,0.844168324511195,"dense_profiles",2,"one_step_gamma_poisson_fixed_recruitment_slope","growth"
"log_recruitment_at_80",-1.69314718055995,-1.6224118171692,0.026981059492896,-1.67494190273676,-1.62211496189726,-1.57081670525055,FALSE,2.62166737408406,1.5,0.982012627004736,"dense_profiles",2,"one_step_gamma_poisson_fixed_recruitment_slope","recruitment"
"recruitment_slope_20",1.5,1.5,0,1.5,1.5,1.5,TRUE,NA,NA,NA,"dense_profiles",2,"one_step_gamma_poisson_fixed_recruitment_slope","recruitment"
"recruit_mean_80",44.6,44.3537990259508,0.497060883989646,43.3840484279459,44.3618597664511,45.2805067425608,TRUE,-0.495313515867739,10,0.950293911601035,"dense_profiles",2,"one_step_gamma_poisson_fixed_recruitment_slope","recruit_size"
"recruit_mean_slope_20",0.4,0.546956393198134,0.270001181273557,0.0350496987201218,0.540033487057901,1.07787374413785,TRUE,0.544280556495943,2,0.864999409363221,"dense_profiles",2,"one_step_gamma_poisson_fixed_recruitment_slope","recruit_size"
"log_recruit_sd",1.25276296849537,1.2646295673498,0.0276743796606983,1.21350374206707,1.26485714724418,1.31659094827853,TRUE,0.428793671255587,0.7,0.960465171913288,"dense_profiles",2,"one_step_gamma_poisson_fixed_recruitment_slope","recruit_size"
"log_process_precision",NA,6.35711523235688,0.96095456107957,4.45679890821849,6.34782945887853,8.19002288576023,NA,NA,2,0.519522719460215,"dense_profiles",2,"one_step_gamma_poisson_fixed_recruitment_slope","process"
"survival_at_80",0.36,0.420895922055631,0.0365853097167792,0.352522461659384,0.421333526686579,0.489165026474185,TRUE,1.66449109019575,1.5,0.975609793522147,"rich_design",2,"recursive_gamma_poisson","survival"
"survival_slope_20",0.64,0.685235985581892,0.0268445772153246,0.629457934933376,0.685227063445384,0.736659554927602,TRUE,1.68510702251135,1,0.973155422784675,"rich_design",2,"recursive_gamma_poisson","survival"
"growth_increment_80",8.4,7.95101280115715,0.300604706627898,7.4084341747373,7.94000551380787,8.54755010313102,TRUE,-1.49361333652912,6,0.949899215562017,"rich_design",2,"recursive_gamma_poisson","growth"
"growth_slope_20",-2.4,-2.30721220627282,0.115194222144195,-2.51393309405126,-2.30832722864506,-2.07240462848796,TRUE,0.805489997675652,3,0.961601925951935,"rich_design",2,"recursive_gamma_poisson","growth"
"log_growth_sd",1.50407739677627,1.47695812059316,0.0743309213262084,1.34414759307397,1.47453938399909,1.61592425093259,TRUE,-0.36484515056798,0.7,0.893812969533988,"rich_design",2,"recursive_gamma_poisson","growth"
"log_recruitment_at_80",-1.69314718055995,-1.74286961019957,0.174137878920688,-2.06244556978078,-1.74682121523829,-1.40867692974062,TRUE,-0.285534829916441,1.5,0.883908080719541,"rich_design",2,"recursive_gamma_poisson","recruitment"
"recruitment_slope_20",1.5,1.56604204302688,0.0943463775212231,1.38647060398467,1.56749594420737,1.73724460325235,TRUE,0.69999553519719,1,0.905653622478777,"rich_design",2,"recursive_gamma_poisson","recruitment"
"recruit_mean_80",44.6,44.5412372055521,0.615448934414527,43.3756012623491,44.523752248026,45.743138915392,TRUE,-0.095479561604539,10,0.938455106558547,"rich_design",2,"recursive_gamma_poisson","recruit_size"
"recruit_mean_slope_20",0.4,0.449502787133153,0.286951741051133,-0.109034193697439,0.452053875829113,1.01861480401313,TRUE,0.172512586791838,2,0.856524129474434,"rich_design",2,"recursive_gamma_poisson","recruit_size"
"log_recruit_sd",1.25276296849537,1.24915662944769,0.025897279328431,1.20152124308487,1.24715275269749,1.30101020975623,TRUE,-0.139255518000263,0.7,0.96300388667367,"rich_design",2,"recursive_gamma_poisson","recruit_size"
"log_process_precision",NA,3.2777789091829,0.177479536237228,2.91009812744252,3.28224577369713,3.60004424859573,NA,NA,2,0.911260231881386,"rich_design",2,"recursive_gamma_poisson","process"
"survival_at_80",0.36,0.902371912595203,0.117408198510813,0.687168074264754,0.902090922192983,1.11746503095464,FALSE,4.61954036834365,1.5,0.921727867659458,"rich_design",2,"one_step_gamma_poisson","survival"
"survival_slope_20",0.64,0.897666341060181,0.0912811473601516,0.729504971374288,0.89399997420817,1.06963587768553,FALSE,2.82277719454548,1,0.908718852639848,"rich_design",2,"one_step_gamma_poisson","survival"
"growth_increment_80",8.4,-2.84452378245141,1.68523469428811,-6.34343057088532,-2.82716888890364,0.225980890268028,FALSE,-6.67237852422769,6,0.719127550951982,"rich_design",2,"one_step_gamma_poisson","growth"
"growth_slope_20",-2.4,-6.6505078054369,1.15132459061539,-9.03156233833711,-6.62316858304019,-4.45883409846275,FALSE,-3.69184141473517,3,0.616225136461537,"rich_design",2,"one_step_gamma_poisson","growth"
"log_growth_sd",1.50407739677627,2.00646795462706,0.0439959849272346,1.92339105530846,2.00616957304959,2.08477506208378,FALSE,11.4190092273577,0.7,0.937148592961093,"rich_design",2,"one_step_gamma_poisson","growth"
"log_recruitment_at_80",-1.69314718055995,-1.79694577559796,0.147477840724728,-2.10000567714961,-1.79282597451006,-1.50765257246765,TRUE,-0.703825025698313,1.5,0.901681439516848,"rich_design",2,"one_step_gamma_poisson","recruitment"
"recruitment_slope_20",1.5,1.52365941667787,0.0708248577134082,1.37724509890638,1.52394396845472,1.66536636845681,TRUE,0.334055265929539,1,0.929175142286592,"rich_design",2,"one_step_gamma_poisson","recruitment"
"recruit_mean_80",44.6,44.3246460915208,0.453360349278952,43.447549152462,44.3385821005548,45.2107836724967,TRUE,-0.607362132390204,10,0.954663965072105,"rich_design",2,"one_step_gamma_poisson","recruit_size"
"recruit_mean_slope_20",0.4,0.487234871591774,0.216095344693016,0.0706426567250683,0.476309016219974,0.902290787834549,TRUE,0.403686954551009,2,0.891952327653492,"rich_design",2,"one_step_gamma_poisson","recruit_size"
"log_recruit_sd",1.25276296849537,1.16703363888723,0.0309912063713598,1.10152438498214,1.16714969617275,1.22353533105838,FALSE,-2.76624693407768,0.7,0.955726848040914,"rich_design",2,"one_step_gamma_poisson","recruit_size"
"log_process_precision",NA,3.9431569062794,0.269992371298623,3.43234875421155,3.93656997594992,4.441287027675,NA,NA,2,0.865003814350688,"rich_design",2,"one_step_gamma_poisson","process"
"survival_at_80",0.36,0.517739611889778,0.0927857312197223,0.34382049405463,0.512334232125482,0.703454598249283,TRUE,1.70004169624143,1.5,0.938142845853518,"rich_design",2,"one_step_shared_gamma_poisson","survival"
"survival_slope_20",0.64,0.59572664744617,0.0525234047625782,0.490734196897323,0.594285168531442,0.699920006208984,TRUE,-0.8429261727026,1,0.947476595237422,"rich_design",2,"one_step_shared_gamma_poisson","survival"
"growth_increment_80",8.4,6.58072117645293,0.4899342409,5.50696322833385,6.59024639836167,7.62683136605673,FALSE,-3.71331226044764,6,0.918344293183333,"rich_design",2,"one_step_shared_gamma_poisson","growth"
"growth_slope_20",-2.4,-1.97155373210355,0.211278702969835,-2.37029425384232,-1.95946825616756,-1.57730547330452,FALSE,2.02787248252665,3,0.929573765676722,"rich_design",2,"one_step_shared_gamma_poisson","growth"
"log_growth_sd",1.50407739677627,1.87483757520089,0.0535432451073953,1.78065581168813,1.87530758866606,1.98113808070472,FALSE,6.92449958311188,0.7,0.923509649846578,"rich_design",2,"one_step_shared_gamma_poisson","growth"
"log_recruitment_at_80",-1.69314718055995,-1.62179500266559,0.124796875216914,-1.8705096416581,-1.62157394417976,-1.38764284812798,TRUE,0.571746510241837,1.5,0.916802083188724,"rich_design",2,"one_step_shared_gamma_poisson","recruitment"
"recruitment_slope_20",1.5,1.4490781126651,0.0610546706388273,1.33220814008634,1.44593821518617,1.57253319396725,TRUE,-0.834037540487869,1,0.938945329361173,"rich_design",2,"one_step_shared_gamma_poisson","recruitment"
"recruit_mean_80",44.6,44.5927805459205,0.377412333519367,43.8384317777556,44.5808894988694,45.325495776249,TRUE,-0.0191288239367799,10,0.962258766648063,"rich_design",2,"one_step_shared_gamma_poisson","recruit_size"
"recruit_mean_slope_20",0.4,0.363132574595332,0.184733736359207,0.00362139531208617,0.373038711964715,0.739738741310282,TRUE,-0.199570615152725,2,0.907633131820397,"rich_design",2,"one_step_shared_gamma_poisson","recruit_size"
"log_recruit_sd",1.25276296849537,1.19957724346325,0.0251271290266606,1.14495117384393,1.19887804373696,1.24570718069069,FALSE,-2.11666541671686,0.7,0.964104101390485,"rich_design",2,"one_step_shared_gamma_poisson","recruit_size"
"log_process_precision",NA,4.88559571149377,0.395385099347564,4.1561553186203,4.88243215771564,5.57085521321196,NA,NA,2,0.802307450326218,"rich_design",2,"one_step_shared_gamma_poisson","process"
"survival_at_80",0.36,0.534172523660693,0.0874802653834788,0.361470385849128,0.532895933278672,0.70744428943679,FALSE,1.99099217288825,1.5,0.941679823077681,"rich_design",2,"one_step_gamma_poisson_shape_informed","survival"
"survival_slope_20",0.64,0.58935587969904,0.0519436726893011,0.484251436859612,0.591185722220612,0.691531499281723,TRUE,-0.974981507447226,1,0.948056327310699,"rich_design",2,"one_step_gamma_poisson_shape_informed","survival"
"growth_increment_80",8.4,6.53105495618349,0.522212078696252,5.53974613877978,6.52578996255606,7.50949867914229,FALSE,-3.5789004507182,6,0.912964653550625,"rich_design",2,"one_step_gamma_poisson_shape_informed","growth"
"growth_slope_20",-2.4,-1.93433421788059,0.219443649609324,-2.36064713695321,-1.93569238466501,-1.49126280802012,FALSE,2.12202897166737,3,0.926852116796892,"rich_design",2,"one_step_gamma_poisson_shape_informed","growth"
"log_growth_sd",1.50407739677627,1.88822524779445,0.0526811200423996,1.79610178519633,1.88940646111416,1.99383580057901,FALSE,7.2919454011038,0.7,0.924741257082286,"rich_design",2,"one_step_gamma_poisson_shape_informed","growth"
"log_recruitment_at_80",-1.69314718055995,-1.69686568781309,0.141530621300992,-1.93900360702733,-1.69914714328012,-1.4084534443336,TRUE,-0.0262735174830638,1.5,0.905646252466005,"rich_design",2,"one_step_gamma_poisson_shape_informed","recruitment"
"recruitment_slope_20",1.5,1.48651326234149,0.0666161723140268,1.35321237961998,1.49102748936493,1.6083236373177,TRUE,-0.202454406940909,0.2,0.666919138429866,"rich_design",2,"one_step_gamma_poisson_shape_informed","recruitment"
"recruit_mean_80",44.6,44.5037068643084,0.456002549860842,43.608696329854,44.509787495079,45.3158439538757,TRUE,-0.211167976409364,10,0.954399745013916,"rich_design",2,"one_step_gamma_poisson_shape_informed","recruit_size"
"recruit_mean_slope_20",0.4,0.401139104760511,0.21846096193923,0.0173736880330452,0.390738497417439,0.818753222623345,TRUE,0.00521422569231168,2,0.890769519030385,"rich_design",2,"one_step_gamma_poisson_shape_informed","recruit_size"
"log_recruit_sd",1.25276296849537,1.18859270150551,0.0289788645801171,1.13100691054206,1.19042814360955,1.24648806093651,FALSE,-2.21438168539852,0.7,0.958601622028404,"rich_design",2,"one_step_gamma_poisson_shape_informed","recruit_size"
"log_process_precision",NA,4.10232669884426,0.29118734691747,3.48452680703423,4.10718739854517,4.642926606329,NA,NA,2,0.854406326541265,"rich_design",2,"one_step_gamma_poisson_shape_informed","process"
"survival_at_80",0.36,0.531072060892639,0.0862664148232298,0.370491839268514,0.534854294781043,0.701078534925548,FALSE,1.98306677335769,1.5,0.942489056784513,"rich_design",2,"one_step_gamma_poisson_fixed_recruitment_slope","survival"
"survival_slope_20",0.64,0.588248268489163,0.0555140544920008,0.476481226364815,0.587388002778517,0.705740986506339,TRUE,-0.932227559028215,1,0.944485945507999,"rich_design",2,"one_step_gamma_poisson_fixed_recruitment_slope","survival"
"growth_increment_80",8.4,6.53671173632044,0.538874403663312,5.51365992869271,6.53085266699441,7.6214508438186,FALSE,-3.45774126774769,6,0.910187599389448,"rich_design",2,"one_step_gamma_poisson_fixed_recruitment_slope","growth"
"growth_slope_20",-2.4,-1.95259306884256,0.213592605625661,-2.3444006167695,-1.9549712595124,-1.55080001020561,FALSE,2.09467425076297,3,0.928802464791446,"rich_design",2,"one_step_gamma_poisson_fixed_recruitment_slope","growth"
"log_growth_sd",1.50407739677627,1.88788717098435,0.0536628618695168,1.78104239272427,1.88695211535477,1.99458645216264,FALSE,7.15224199449756,0.7,0.923338768757833,"rich_design",2,"one_step_gamma_poisson_fixed_recruitment_slope","growth"
"log_recruitment_at_80",-1.69314718055995,-1.72429535284602,0.0347251215768845,-1.78972432388073,-1.72426839461561,-1.6587337152773,TRUE,-0.896992461699744,1.5,0.976849918948744,"rich_design",2,"one_step_gamma_poisson_fixed_recruitment_slope","recruitment"
"recruitment_slope_20",1.5,1.5,0,1.5,1.5,1.5,TRUE,NA,NA,NA,"rich_design",2,"one_step_gamma_poisson_fixed_recruitment_slope","recruitment"
"recruit_mean_80",44.6,44.44968258504,0.464578004528286,43.5297958608771,44.4545189426879,45.3803960540826,TRUE,-0.323556891404439,10,0.953542199547171,"rich_design",2,"one_step_gamma_poisson_fixed_recruitment_slope","recruit_size"
"recruit_mean_slope_20",0.4,0.424219556813559,0.221065791911269,0.0037725092395095,0.418814866500911,0.877210298482643,TRUE,0.109558139249693,2,0.889467104044366,"rich_design",2,"one_step_gamma_poisson_fixed_recruitment_slope","recruit_size"
"log_recruit_sd",1.25276296849537,1.18826330723947,0.0316100367117165,1.12785665009879,1.18646211088869,1.24960793747672,FALSE,-2.04048042854649,0.7,0.954842804697548,"rich_design",2,"one_step_gamma_poisson_fixed_recruitment_slope","recruit_size"
"log_process_precision",NA,4.10549301509418,0.296457081448372,3.54082272042232,4.08135904037957,4.70511630326103,NA,NA,2,0.851771459275814,"rich_design",2,"one_step_gamma_poisson_fixed_recruitment_slope","process"
"survival_at_80",0.36,0.339026474263821,0.0885300938113277,0.176102737748406,0.340166341485224,0.509925093623534,TRUE,-0.236908432299612,1.5,0.940979937459115,"standard",3,"recursive_gamma_poisson","survival"
"survival_slope_20",0.64,0.596968519301858,0.0631571906846402,0.480277419590444,0.594913712754392,0.721522567081948,TRUE,-0.681339372946612,1,0.93684280931536,"standard",3,"recursive_gamma_poisson","survival"
"growth_increment_80",8.4,8.54794056932902,0.812161027412852,6.93713718530814,8.53451777972547,10.1832714102847,TRUE,0.182156695945244,6,0.864639828764525,"standard",3,"recursive_gamma_poisson","growth"
"growth_slope_20",-2.4,-2.36641650395077,0.340479403526646,-3.00675575089943,-2.38509914801981,-1.7106845654792,TRUE,0.0986359107228805,3,0.886506865491118,"standard",3,"recursive_gamma_poisson","growth"
"log_growth_sd",1.50407739677627,1.67826339528453,0.165756858050309,1.36970054474204,1.66783135780479,2.00068158908631,TRUE,1.05085243866888,0.7,0.763204488499558,"standard",3,"recursive_gamma_poisson","growth"
"log_recruitment_at_80",-1.69314718055995,-1.45319178758899,0.252815267298186,-1.91797312393653,-1.46020632342164,-0.970519026401891,TRUE,0.949133315939867,1.5,0.831456488467876,"standard",3,"recursive_gamma_poisson","recruitment"
"recruitment_slope_20",1.5,1.37761069116304,0.147500971498039,1.09555346449768,1.37998065431525,1.66005071333916,TRUE,-0.829752560908278,1,0.852499028501961,"standard",3,"recursive_gamma_poisson","recruitment"
"recruit_mean_80",44.6,46.3432928542265,0.863870988593714,44.8436515545404,46.2840719131011,47.9462691561466,FALSE,2.01800138822158,10,0.913612901140629,"standard",3,"recursive_gamma_poisson","recruit_size"
"recruit_mean_slope_20",0.4,-0.605948362661762,0.462311479610194,-1.46344709234809,-0.581072397797538,0.194249863548325,FALSE,-2.17591041327796,2,0.768844260194903,"standard",3,"recursive_gamma_poisson","recruit_size"
"log_recruit_sd",1.25276296849537,1.17010921540158,0.0649222780146312,1.04482141234677,1.1697912754245,1.29950410357606,TRUE,-1.27311849832447,0.7,0.907253888550527,"standard",3,"recursive_gamma_poisson","recruit_size"
"log_process_precision",NA,3.01157311207259,0.36579041438679,2.32822743286739,3.0158676778745,3.69980746783889,NA,NA,2,0.817104792806605,"standard",3,"recursive_gamma_poisson","process"
"survival_at_80",0.36,0.398674833662202,0.171071909837288,0.0876095557024623,0.396119042171765,0.745922902799142,TRUE,0.226073548246387,1.5,0.885952060108475,"standard",3,"one_step_gamma_poisson","survival"
"survival_slope_20",0.64,0.499806771060872,0.126792078345085,0.247838093704356,0.50767725974952,0.729659919043566,TRUE,-1.10569391060512,1,0.873207921654915,"standard",3,"one_step_gamma_poisson","survival"
"growth_increment_80",8.4,8.44893646420994,1.23239662004913,5.99899441534156,8.44138158273122,10.7438627008673,TRUE,0.03970837262438,6,0.794600563325144,"standard",3,"one_step_gamma_poisson","growth"
"growth_slope_20",-2.4,-2.05530806811419,0.558853302969998,-3.15528714448564,-2.05455786959297,-1.01882840765053,TRUE,0.616784279620368,3,0.813715565676667,"standard",3,"one_step_gamma_poisson","growth"
"log_growth_sd",1.50407739677627,1.95262345762065,0.140512157975627,1.68536479674149,1.9613009157642,2.21032696823177,FALSE,3.19222241908906,0.7,0.799268345749104,"standard",3,"one_step_gamma_poisson","growth"
"log_recruitment_at_80",-1.69314718055995,-1.37224278546848,0.341103536409612,-2.00284634057766,-1.37511519371204,-0.694472105758795,TRUE,0.940782961294515,1.5,0.772597642393592,"standard",3,"one_step_gamma_poisson","recruitment"
"recruitment_slope_20",1.5,1.39803233432946,0.206430975152615,0.998746064947268,1.40271832521014,1.78415050002511,TRUE,-0.493955258386742,1,0.793569024847385,"standard",3,"one_step_gamma_poisson","recruitment"
"recruit_mean_80",44.6,45.9362237405597,0.962640109014822,44.08184133218,45.8639714664445,47.7697460985036,TRUE,1.38808234567244,10,0.903735989098518,"standard",3,"one_step_gamma_poisson","recruit_size"
"recruit_mean_slope_20",0.4,-0.468076533046551,0.585944908290872,-1.48635569677249,-0.468735990256509,0.68464695741695,TRUE,-1.48149855176423,2,0.707027545854564,"standard",3,"one_step_gamma_poisson","recruit_size"
"log_recruit_sd",1.25276296849537,1.16135634757562,0.0623526519778828,1.039760657548,1.16312132027816,1.27940632109486,TRUE,-1.46596204043047,0.7,0.910924782888739,"standard",3,"one_step_gamma_poisson","recruit_size"
"log_process_precision",NA,2.96510036593563,0.408361832811692,2.17185957235597,2.99008506884563,3.72886403224941,NA,NA,2,0.795819083594154,"standard",3,"one_step_gamma_poisson","process"
"survival_at_80",0.36,0.458207522587725,0.231270521934601,0.0499420530627894,0.431687156949036,0.922724513427972,TRUE,0.424643494407371,1.5,0.845819652043599,"standard",3,"one_step_shared_gamma_poisson","survival"
"survival_slope_20",0.64,0.557625074806784,0.125047656538146,0.314734369987623,0.555252798035601,0.812635096926629,TRUE,-0.658748252256025,1,0.874952343461854,"standard",3,"one_step_shared_gamma_poisson","survival"
"growth_increment_80",8.4,8.20214584513093,1.18691030775849,5.88101499305238,8.2434333575523,10.625288483372,TRUE,-0.166696803941928,6,0.802181615373584,"standard",3,"one_step_shared_gamma_poisson","growth"
"growth_slope_20",-2.4,-1.90619980308856,0.542929187524754,-2.9223363777198,-1.89949144635712,-0.843628252763086,TRUE,0.909511236930738,3,0.819023604158415,"standard",3,"one_step_shared_gamma_poisson","growth"
"log_growth_sd",1.50407739677627,1.93985592670861,0.115628246040346,1.71496883902757,1.94034487692055,2.14761096856118,FALSE,3.76878958952887,0.7,0.834816791370934,"standard",3,"one_step_shared_gamma_poisson","growth"
"log_recruitment_at_80",-1.69314718055995,-1.30587849120862,0.306635531744394,-1.88776838886321,-1.30891770070194,-0.640193446081559,TRUE,1.26296090719892,1.5,0.795576312170404,"standard",3,"one_step_shared_gamma_poisson","recruitment"
"recruitment_slope_20",1.5,1.35279026466093,0.186948754430976,0.940727155032992,1.35229564383707,1.72316805797502,TRUE,-0.787433624723199,1,0.813051245569024,"standard",3,"one_step_shared_gamma_poisson","recruitment"
"recruit_mean_80",44.6,46.0825041157059,0.836827663392687,44.3430591414487,46.0733128017538,47.7524043336118,TRUE,1.7715763717651,10,0.916317233660731,"standard",3,"one_step_shared_gamma_poisson","recruit_size"
"recruit_mean_slope_20",0.4,-0.581044409065368,0.515311986115373,-1.55006346004873,-0.584175499827222,0.460030134862237,TRUE,-1.9037872890574,2,0.742344006942314,"standard",3,"one_step_shared_gamma_poisson","recruit_size"
"log_recruit_sd",1.25276296849537,1.17333916660028,0.0584051293953104,1.06704667755265,1.17609573938018,1.28634151073143,TRUE,-1.35987716690964,0.7,0.916564100863842,"standard",3,"one_step_shared_gamma_poisson","recruit_size"
"log_process_precision",NA,3.29110858720061,0.501287087289073,2.29129894037942,3.29364308800374,4.28819989096368,NA,NA,2,0.749356456355463,"standard",3,"one_step_shared_gamma_poisson","process"
"survival_at_80",0.36,0.383262584646178,0.166909241777372,0.083039194012254,0.38931546058965,0.687500967283393,TRUE,0.139372657849627,1.5,0.888727172148419,"standard",3,"one_step_gamma_poisson_shape_informed","survival"
"survival_slope_20",0.64,0.498451994071249,0.120465434983918,0.259130600354775,0.494849123370333,0.718057487319367,TRUE,-1.17500929580047,1,0.879534565016082,"standard",3,"one_step_gamma_poisson_shape_informed","survival"
"growth_increment_80",8.4,8.44340099862418,1.282876588391,5.94731968662628,8.41265776680439,10.8633574851063,TRUE,0.0338310005942268,6,0.786187235268167,"standard",3,"one_step_gamma_poisson_shape_informed","growth"
"growth_slope_20",-2.4,-2.09172552184553,0.569726410108621,-3.16685637881598,-2.10102620865578,-0.87628032938606,TRUE,0.54109213244247,3,0.81009119663046,"standard",3,"one_step_gamma_poisson_shape_informed","growth"
"log_growth_sd",1.50407739677627,1.94953274005526,0.13474487959357,1.6888366756112,1.94253337332821,2.22586533767672,FALSE,3.30591666727973,0.7,0.807507314866329,"standard",3,"one_step_gamma_poisson_shape_informed","growth"
"log_recruitment_at_80",-1.69314718055995,-1.44717587819096,0.252127872413811,-1.95018733967086,-1.4454764894484,-0.945540475545384,TRUE,0.975581557144472,1.5,0.831914751724126,"standard",3,"one_step_gamma_poisson_shape_informed","recruitment"
"recruitment_slope_20",1.5,1.44637203826229,0.142172105623726,1.1674284742243,1.44528189844272,1.71439467071497,TRUE,-0.377204526179327,0.2,0.289139471881372,"standard",3,"one_step_gamma_poisson_shape_informed","recruitment"
"recruit_mean_80",44.6,45.8616791630613,1.05258937248848,43.8444772382345,45.8544730213876,47.8529783106866,TRUE,1.19864326587156,10,0.894741062751152,"standard",3,"one_step_gamma_poisson_shape_informed","recruit_size"
"recruit_mean_slope_20",0.4,-0.406356144843953,0.626282872782487,-1.61277474014661,-0.41261425784735,0.74559394510896,TRUE,-1.28752705827867,2,0.686858563608757,"standard",3,"one_step_gamma_poisson_shape_informed","recruit_size"
"log_recruit_sd",1.25276296849537,1.16462671911033,0.0631263318932307,1.03355207904239,1.16648983170049,1.28980362240685,TRUE,-1.39618835344504,0.7,0.909819525866813,"standard",3,"one_step_gamma_poisson_shape_informed","recruit_size"
"log_process_precision",NA,2.96829393781786,0.386453096596187,2.20770807787046,2.94369628698885,3.76661378269328,NA,NA,2,0.806773451701906,"standard",3,"one_step_gamma_poisson_shape_informed","process"
"survival_at_80",0.36,0.380195229282702,0.158770337405484,0.0794207516973777,0.37995059664874,0.675214066400313,TRUE,0.127197747467941,1.5,0.894153108396344,"standard",3,"one_step_gamma_poisson_fixed_recruitment_slope","survival"
"survival_slope_20",0.64,0.495843768724632,0.117710866958234,0.246850038708987,0.500288274476445,0.695372680463396,TRUE,-1.2246637460118,1,0.882289133041766,"standard",3,"one_step_gamma_poisson_fixed_recruitment_slope","survival"
"growth_increment_80",8.4,8.32585345443492,1.18733440257911,6.1696554197433,8.31171036715722,10.7194837367779,TRUE,-0.0624479046543389,6,0.802110932903482,"standard",3,"one_step_gamma_poisson_fixed_recruitment_slope","growth"
"growth_slope_20",-2.4,-2.05995282567183,0.612269322177911,-3.32541910793441,-2.02059753688365,-0.934707013267694,TRUE,0.555388228694171,3,0.795910225940696,"standard",3,"one_step_gamma_poisson_fixed_recruitment_slope","growth"
"log_growth_sd",1.50407739677627,1.96309695151408,0.142598790583751,1.70030703197823,1.95190695364634,2.24703454663739,FALSE,3.21895825945465,0.7,0.796287442023214,"standard",3,"one_step_gamma_poisson_fixed_recruitment_slope","growth"
"log_recruitment_at_80",-1.69314718055995,-1.54376569837057,0.0787202050208733,-1.69047019162561,-1.5421998438016,-1.39315945408531,FALSE,1.89762567500635,1.5,0.947519863319418,"standard",3,"one_step_gamma_poisson_fixed_recruitment_slope","recruitment"
"recruitment_slope_20",1.5,1.5,0,1.5,1.5,1.5,TRUE,NA,NA,NA,"standard",3,"one_step_gamma_poisson_fixed_recruitment_slope","recruitment"
"recruit_mean_80",44.6,45.8007754655778,1.07357588616857,43.7589107371681,45.7723760024255,47.9423208117872,TRUE,1.11848215021223,10,0.892642411383143,"standard",3,"one_step_gamma_poisson_fixed_recruitment_slope","recruit_size"
"recruit_mean_slope_20",0.4,-0.363439193105173,0.602545775905664,-1.56325344040211,-0.333048747078711,0.849819852188531,TRUE,-1.26702272861788,2,0.698727112047168,"standard",3,"one_step_gamma_poisson_fixed_recruitment_slope","recruit_size"
"log_recruit_sd",1.25276296849537,1.16497466155703,0.0580281695034173,1.0490495287915,1.16250150182274,1.27678738483866,TRUE,-1.51285673302457,0.7,0.917102614995118,"standard",3,"one_step_gamma_poisson_fixed_recruitment_slope","recruit_size"
"log_process_precision",NA,2.99185428535604,0.404309286791577,2.19360902785151,3.02734252154753,3.77626712991122,NA,NA,2,0.797845356604212,"standard",3,"one_step_gamma_poisson_fixed_recruitment_slope","process"
"survival_at_80",0.36,0.332475439623584,0.0497902943975293,0.228900767260585,0.333594129349739,0.417844853924784,TRUE,-0.552809753576825,1.5,0.966806470401647,"dense_profiles",3,"recursive_gamma_poisson","survival"
"survival_slope_20",0.64,0.604799954087363,0.0389491298348942,0.53312055531655,0.602564589645594,0.685115153908782,TRUE,-0.903744090351958,1,0.961050870165106,"dense_profiles",3,"recursive_gamma_poisson","survival"
"growth_increment_80",8.4,8.58351352462269,0.398416970476485,7.77908069669653,8.58811117116008,9.32530578035359,TRUE,0.460606696555167,6,0.933597171587252,"dense_profiles",3,"recursive_gamma_poisson","growth"
"growth_slope_20",-2.4,-2.57322809816017,0.16276620046424,-2.85204721029741,-2.56328972652156,-2.2481673113316,TRUE,-1.06427561536787,3,0.945744599845253,"dense_profiles",3,"recursive_gamma_poisson","growth"
"log_growth_sd",1.50407739677627,1.54761223798846,0.10863471615061,1.34247913826546,1.5468243576813,1.76855746873453,TRUE,0.400745201486324,0.7,0.844807548356271,"dense_profiles",3,"recursive_gamma_poisson","growth"
"log_recruitment_at_80",-1.69314718055995,-2.0459137540615,0.262831534207235,-2.54262127614466,-2.05946997073827,-1.52182496909318,TRUE,-1.34217750760228,1.5,0.824778977195177,"dense_profiles",3,"recursive_gamma_poisson","recruitment"
"recruitment_slope_20",1.5,1.78289759633863,0.13308074595954,1.52401862054198,1.78892433325931,2.04307183165516,FALSE,2.12575902170429,1,0.86691925404046,"dense_profiles",3,"recursive_gamma_poisson","recruitment"
"recruit_mean_80",44.6,44.734071807845,0.945785730755679,42.8374028724069,44.7481767573074,46.5687135177601,TRUE,0.141757063450221,10,0.905421426924432,"dense_profiles",3,"recursive_gamma_poisson","recruit_size"
"recruit_mean_slope_20",0.4,0.289645958868778,0.438312368236162,-0.550867448081339,0.294614155463029,1.22338085800558,TRUE,-0.251770310692587,2,0.780843815881919,"dense_profiles",3,"recursive_gamma_poisson","recruit_size"
"log_recruit_sd",1.25276296849537,1.25027981958372,0.0282034314595338,1.19710688652252,1.24977466316711,1.30663767057811,TRUE,-0.0880442124642983,0.7,0.959709383629237,"dense_profiles",3,"recursive_gamma_poisson","recruit_size"
"log_process_precision",NA,3.86531293425173,0.275199404068669,3.3432984220041,3.86237025412238,4.40547281106385,NA,NA,2,0.862400297965666,"dense_profiles",3,"recursive_gamma_poisson","process"
"survival_at_80",0.36,0.28971477805973,0.0764224962302814,0.137665439209048,0.289450889167709,0.428594485138169,TRUE,-0.919692831394595,1.5,0.949051669179812,"dense_profiles",3,"one_step_gamma_poisson","survival"
"survival_slope_20",0.64,0.604613419658911,0.0554544636785492,0.501247688491158,0.60373164168452,0.710132685554732,TRUE,-0.638119602890998,1,0.944545536321451,"dense_profiles",3,"one_step_gamma_poisson","survival"
"growth_increment_80",8.4,8.98743297033424,0.46054949490239,8.12008963536663,8.98778724363475,9.87399792760795,TRUE,1.2755045371589,6,0.923241750849602,"dense_profiles",3,"one_step_gamma_poisson","growth"
"growth_slope_20",-2.4,-2.63946551423994,0.215294072741642,-3.08527117180379,-2.63671806559516,-2.2172291938509,TRUE,-1.11227174622361,3,0.92823530908612,"dense_profiles",3,"one_step_gamma_poisson","growth"
"log_growth_sd",1.50407739677627,1.48527917362996,0.106853405063353,1.2673737140456,1.48534226374009,1.70220838814881,TRUE,-0.175925354322268,0.7,0.847352278480924,"dense_profiles",3,"one_step_gamma_poisson","growth"
"log_recruitment_at_80",-1.69314718055995,-1.9104887271438,0.183874338515943,-2.25715032017915,-1.90323355194746,-1.57270386227517,TRUE,-1.18201130368721,1.5,0.877417107656038,"dense_profiles",3,"one_step_gamma_poisson","recruitment"
"recruitment_slope_20",1.5,1.74658227973418,0.0884678668463356,1.58701741141432,1.74333106975783,1.91671792297941,FALSE,2.78725246266517,1,0.911532133153664,"dense_profiles",3,"one_step_gamma_poisson","recruitment"
"recruit_mean_80",44.6,44.1440628857325,0.700504547100199,42.7341979484998,44.1635469445544,45.456662335184,TRUE,-0.650869599854682,10,0.92994954528998,"dense_profiles",3,"one_step_gamma_poisson","recruit_size"
"recruit_mean_slope_20",0.4,0.614121137862683,0.328428572179787,-0.00687188893614142,0.60790885123591,1.2719049713713,TRUE,0.651956486128954,2,0.835785713910107,"dense_profiles",3,"one_step_gamma_poisson","recruit_size"
"log_recruit_sd",1.25276296849537,1.24595419196709,0.0281623468960218,1.18926068448427,1.24612445620777,1.30035102526553,TRUE,-0.241768789846057,0.7,0.959768075862826,"dense_profiles",3,"one_step_gamma_poisson","recruit_size"
"log_process_precision",NA,4.92721442465557,0.529036190006722,3.96192061699739,4.92616920836482,6.05720868639152,NA,NA,2,0.735481904996639,"dense_profiles",3,"one_step_gamma_poisson","process"
"survival_at_80",0.36,0.282776416189809,0.0840026245355696,0.121843260984892,0.279219334988231,0.447897169701719,TRUE,-0.91929965566126,1.5,0.94399825030962,"dense_profiles",3,"one_step_shared_gamma_poisson","survival"
"survival_slope_20",0.64,0.600296943960113,0.0563546031675616,0.505344298229414,0.596219347699679,0.714844388251174,TRUE,-0.704521969959328,1,0.943645396832438,"dense_profiles",3,"one_step_shared_gamma_poisson","survival"
"growth_increment_80",8.4,9.0469112980849,0.440206548673016,8.16764496790615,9.05002524441476,10.0133549846031,TRUE,1.46956309494938,6,0.92663224188783,"dense_profiles",3,"one_step_shared_gamma_poisson","growth"
"growth_slope_20",-2.4,-2.64027130477691,0.205319630327813,-3.04165292447597,-2.63964936201291,-2.21675827620716,TRUE,-1.17023055415255,3,0.931560123224062,"dense_profiles",3,"one_step_shared_gamma_poisson","growth"
"log_growth_sd",1.50407739677627,1.47285384310726,0.105847338276476,1.26691942512355,1.48172064137659,1.66555474162322,TRUE,-0.294986668322828,0.7,0.848789516747891,"dense_profiles",3,"one_step_shared_gamma_poisson","growth"
"log_recruitment_at_80",-1.69314718055995,-1.9226563179003,0.181917196199759,-2.30172174453414,-1.92268711611898,-1.5909937182786,TRUE,-1.26161320718872,1.5,0.87872186920016,"dense_profiles",3,"one_step_shared_gamma_poisson","recruitment"
"recruitment_slope_20",1.5,1.75425744206942,0.0860648512155557,1.58794758577258,1.75165561943476,1.92283525203379,FALSE,2.95425412904757,1,0.913935148784444,"dense_profiles",3,"one_step_shared_gamma_poisson","recruitment"
"recruit_mean_80",44.6,43.8994025925614,0.63216728834421,42.5816041903827,43.8772263451633,45.1086339685811,TRUE,-1.10824685230656,10,0.936783271165579,"dense_profiles",3,"one_step_shared_gamma_poisson","recruit_size"
"recruit_mean_slope_20",0.4,0.744954442118961,0.286483527913133,0.174844784288162,0.747053960595576,1.35736900014006,TRUE,1.20409869506898,2,0.856758236043434,"dense_profiles",3,"one_step_shared_gamma_poisson","recruit_size"
"log_recruit_sd",1.25276296849537,1.24141810465736,0.0260083914698178,1.19208391658737,1.24133684062178,1.29404497930478,TRUE,-0.436200133759665,0.7,0.962845155043117,"dense_profiles",3,"one_step_shared_gamma_poisson","recruit_size"
"log_process_precision",NA,5.85936062314716,0.773416599264175,4.34058613922118,5.84503678487817,7.19807499252256,NA,NA,2,0.613291700367912,"dense_profiles",3,"one_step_shared_gamma_poisson","process"
"survival_at_80",0.36,0.289965816477507,0.0766582436797314,0.146716212886946,0.291762946636483,0.435955259867228,TRUE,-0.913589721871104,1.5,0.948894504213512,"dense_profiles",3,"one_step_gamma_poisson_shape_informed","survival"
"survival_slope_20",0.64,0.603549480422612,0.0542714933778177,0.497696421751909,0.605252736708625,0.712949018802066,TRUE,-0.671632883282448,1,0.945728506622182,"dense_profiles",3,"one_step_gamma_poisson_shape_informed","survival"
"growth_increment_80",8.4,9.00878697219439,0.429437829163036,8.17682828561735,9.01680335861966,9.88899043467527,TRUE,1.41763703812704,6,0.928427028472827,"dense_profiles",3,"one_step_gamma_poisson_shape_informed","growth"
"growth_slope_20",-2.4,-2.6211132637509,0.216732471415371,-3.02960011076493,-2.62259818493618,-2.21263657310456,TRUE,-1.02021290260257,3,0.927755842861543,"dense_profiles",3,"one_step_gamma_poisson_shape_informed","growth"
"log_growth_sd",1.50407739677627,1.47978813539318,0.10961739076466,1.25670043807654,1.47608409659917,1.71243164939346,TRUE,-0.221582188863064,0.7,0.843403727479057,"dense_profiles",3,"one_step_gamma_poisson_shape_informed","growth"
"log_recruitment_at_80",-1.69314718055995,-1.83068725508032,0.161766923009571,-2.17788214943975,-1.83159497109619,-1.51686101867817,TRUE,-0.85023608016722,1.5,0.892155384660286,"dense_profiles",3,"one_step_gamma_poisson_shape_informed","recruitment"
"recruitment_slope_20",1.5,1.70763365100661,0.0793160116581311,1.55234962668383,1.70831336327204,1.87446569750026,FALSE,2.6178024671936,0.2,0.603419941709344,"dense_profiles",3,"one_step_gamma_poisson_shape_informed","recruitment"
"recruit_mean_80",44.6,44.1631170096871,0.682279678630129,42.8478933948571,44.1835860008767,45.5772700052879,TRUE,-0.640328305234077,10,0.931772032136987,"dense_profiles",3,"one_step_gamma_poisson_shape_informed","recruit_size"
"recruit_mean_slope_20",0.4,0.612821082294174,0.325596276551897,-0.0564407519916743,0.617234618556135,1.22772280570072,TRUE,0.653634877363999,2,0.837201861724052,"dense_profiles",3,"one_step_gamma_poisson_shape_informed","recruit_size"
"log_recruit_sd",1.25276296849537,1.2457973945648,0.025962043550675,1.20041467475183,1.24399671622244,1.29856307622361,TRUE,-0.268298368615349,0.7,0.962911366356179,"dense_profiles",3,"one_step_gamma_poisson_shape_informed","recruit_size"
"log_process_precision",NA,4.94692257369372,0.533334653094716,3.86636116225773,4.96332220247663,5.91492477465522,NA,NA,2,0.733332673452642,"dense_profiles",3,"one_step_gamma_poisson_shape_informed","process"
"survival_at_80",0.36,0.288311013980147,0.0732711540693183,0.157080350833545,0.289355504094364,0.428258930795066,TRUE,-0.978406672181407,1.5,0.951152563953788,"dense_profiles",3,"one_step_gamma_poisson_fixed_recruitment_slope","survival"
"survival_slope_20",0.64,0.600431555222932,0.0590028106413574,0.488933221412675,0.600563925790318,0.708184404019253,TRUE,-0.670619659418949,1,0.940997189358643,"dense_profiles",3,"one_step_gamma_poisson_fixed_recruitment_slope","survival"
"growth_increment_80",8.4,8.9960269865964,0.478727402703353,8.17319599811376,8.97302475324502,9.89596819844478,TRUE,1.24502375095025,6,0.920212099549441,"dense_profiles",3,"one_step_gamma_poisson_fixed_recruitment_slope","growth"
"growth_slope_20",-2.4,-2.63240284531295,0.20499904639151,-3.03915024573457,-2.6423316542284,-2.21223360756478,TRUE,-1.13367768974449,3,0.931666984536163,"dense_profiles",3,"one_step_gamma_poisson_fixed_recruitment_slope","growth"
"log_growth_sd",1.50407739677627,1.49282751970232,0.112105309992215,1.27171638854177,1.4823001545396,1.71972916647397,TRUE,-0.100350974228957,0.7,0.839849557153979,"dense_profiles",3,"one_step_gamma_poisson_fixed_recruitment_slope","growth"
"log_recruitment_at_80",-1.69314718055995,-1.42556023189588,0.0278969674228359,-1.47991470886094,-1.42602755936283,-1.36925266894244,FALSE,9.5919726545268,1.5,0.981402021718109,"dense_profiles",3,"one_step_gamma_poisson_fixed_recruitment_slope","recruitment"
"recruitment_slope_20",1.5,1.5,0,1.5,1.5,1.5,TRUE,NA,NA,NA,"dense_profiles",3,"one_step_gamma_poisson_fixed_recruitment_slope","recruitment"
"recruit_mean_80",44.6,44.4936727082215,0.710452157112834,43.2089285926014,44.4955230920061,45.7320145824807,TRUE,-0.149661438443074,10,0.928954784288717,"dense_profiles",3,"one_step_gamma_poisson_fixed_recruitment_slope","recruit_size"
"recruit_mean_slope_20",0.4,0.494253126029051,0.364006805386952,-0.188522850036002,0.507756178154506,1.18265013778026,TRUE,0.25893231839129,2,0.817996597306524,"dense_profiles",3,"one_step_gamma_poisson_fixed_recruitment_slope","recruit_size"
"log_recruit_sd",1.25276296849537,1.24833810497303,0.0310273405144667,1.18690996722955,1.24813046591971,1.30372067571639,TRUE,-0.142611756243557,0.7,0.955675227836476,"dense_profiles",3,"one_step_gamma_poisson_fixed_recruitment_slope","recruit_size"
"log_process_precision",NA,4.57290619614198,0.398230721189848,3.81064224888431,4.55274623941476,5.34465918728564,NA,NA,2,0.800884639405076,"dense_profiles",3,"one_step_gamma_poisson_fixed_recruitment_slope","process"
"survival_at_80",0.36,0.340696395384831,0.0353244473015844,0.279350017597101,0.341246216894062,0.408059394307057,TRUE,-0.546465864005279,1.5,0.97645036846561,"rich_design",3,"recursive_gamma_poisson","survival"
"survival_slope_20",0.64,0.674677350598931,0.0260375694393643,0.621832590036219,0.675509058432741,0.720935154289224,TRUE,1.33181980290774,1,0.973962430560636,"rich_design",3,"recursive_gamma_poisson","survival"
"growth_increment_80",8.4,8.96522425423204,0.308720532120873,8.36562839734327,8.9737526246323,9.60256720055199,TRUE,1.83086058562098,6,0.948546577979855,"rich_design",3,"recursive_gamma_poisson","growth"
"growth_slope_20",-2.4,-2.54184202369047,0.128978177096884,-2.78775116897092,-2.53655556739786,-2.30808762701315,TRUE,-1.09973661345764,3,0.957007274301039,"rich_design",3,"recursive_gamma_poisson","growth"
"log_growth_sd",1.50407739677627,1.49777356709153,0.0795192926861592,1.34934909393619,1.49769083646242,1.64920413209766,TRUE,-0.079274217259783,0.7,0.886401010448344,"rich_design",3,"recursive_gamma_poisson","growth"
"log_recruitment_at_80",-1.69314718055995,-1.3511184439102,0.122435925929777,-1.57723279927565,-1.34786133261492,-1.12388038921316,FALSE,2.79353248691002,1.5,0.918376049380148,"rich_design",3,"recursive_gamma_poisson","recruitment"
"recruitment_slope_20",1.5,1.34594903278085,0.0678720190387416,1.21918299892972,1.34544054101012,1.4793470527367,FALSE,-2.26972719245643,1,0.932127980961258,"rich_design",3,"recursive_gamma_poisson","recruitment"
"recruit_mean_80",44.6,45.3572819476527,0.515126052700025,44.3569382886326,45.3669865526768,46.3944610421085,TRUE,1.47009056071503,10,0.948487394729998,"rich_design",3,"recursive_gamma_poisson","recruit_size"
"recruit_mean_slope_20",0.4,0.129855124551353,0.254245350375798,-0.382937222177988,0.124581368366946,0.636916010449662,TRUE,-1.06253614883949,2,0.872877324812101,"rich_design",3,"recursive_gamma_poisson","recruit_size"
"log_recruit_sd",1.25276296849537,1.29346794702895,0.0256314578580179,1.24330035392664,1.29175216861672,1.34033108930282,TRUE,1.58808674711602,0.7,0.963383631631403,"rich_design",3,"recursive_gamma_poisson","recruit_size"
"log_process_precision",NA,2.92979365229961,0.152045874929799,2.65759765779804,2.9275231640787,3.24345520668506,NA,NA,2,0.923977062535101,"rich_design",3,"recursive_gamma_poisson","process"
"survival_at_80",0.36,0.353624395801193,0.0721237318963112,0.216082153838708,0.354726436475427,0.49701289577886,TRUE,-0.0883981462297646,1.5,0.951917512069126,"rich_design",3,"one_step_gamma_poisson","survival"
"survival_slope_20",0.64,0.613515423412843,0.0491213279288353,0.521709130700651,0.613918525131217,0.710574857352431,TRUE,-0.539166543411185,1,0.950878672071165,"rich_design",3,"one_step_gamma_poisson","survival"
"growth_increment_80",8.4,8.56137321603121,0.418147994960778,7.70302895961089,8.54585880321205,9.41071705735829,TRUE,0.385923687249407,6,0.930308667506537,"rich_design",3,"one_step_gamma_poisson","growth"
"growth_slope_20",-2.4,-2.40257491590415,0.182735364006679,-2.76322460932625,-2.40909003217618,-2.03328711013862,TRUE,-0.0140909556185075,3,0.939088211997774,"rich_design",3,"one_step_gamma_poisson","growth"
"log_growth_sd",1.50407739677627,1.63850662156854,0.0751837221832636,1.47266197650428,1.63765878138678,1.78250654317396,TRUE,1.78800970327845,0.7,0.892594682595338,"rich_design",3,"one_step_gamma_poisson","growth"
"log_recruitment_at_80",-1.69314718055995,-1.34648711552448,0.113823426765192,-1.59243158463605,-1.33585082443653,-1.15372243339276,FALSE,3.0455950491685,1.5,0.924117715489872,"rich_design",3,"one_step_gamma_poisson","recruitment"
"recruitment_slope_20",1.5,1.37943343194893,0.0584535805139227,1.2829850150456,1.37517696869829,1.50688898074499,TRUE,-2.06260364191634,1,0.941546419486077,"rich_design",3,"one_step_gamma_poisson","recruitment"
"recruit_mean_80",44.6,45.010589518561,0.459902520938244,44.1056605546948,45.0119348662943,45.9743866612348,TRUE,0.892775098782638,10,0.954009747906176,"rich_design",3,"one_step_gamma_poisson","recruit_size"
"recruit_mean_slope_20",0.4,0.263825368201681,0.231926158908835,-0.200275910240744,0.264513178960403,0.684212992760926,TRUE,-0.587146497139401,2,0.884036920545582,"rich_design",3,"one_step_gamma_poisson","recruit_size"
"log_recruit_sd",1.25276296849537,1.2767199757094,0.0228349017127029,1.23776203328653,1.2758045232887,1.32467166473677,TRUE,1.04913993129656,0.7,0.967378711838996,"rich_design",3,"one_step_gamma_poisson","recruit_size"
"log_process_precision",NA,3.6017267964721,0.212919021927145,3.22338994350779,3.60735314738439,4.01012478230301,NA,NA,2,0.893540489036428,"rich_design",3,"one_step_gamma_poisson","process"
"survival_at_80",0.36,0.366496767906287,0.0972527955255322,0.180117795516031,0.362256904301555,0.556524997509582,TRUE,0.066802891075572,1.5,0.935164802982979,"rich_design",3,"one_step_shared_gamma_poisson","survival"
"survival_slope_20",0.64,0.645520444912197,0.0540951069375696,0.546587205555096,0.64196018733801,0.753653032306724,TRUE,0.102050725559492,1,0.94590489306243,"rich_design",3,"one_step_shared_gamma_poisson","survival"
"growth_increment_80",8.4,8.57020931665238,0.380755578219187,7.84960697288729,8.57161363788586,9.31548326166347,TRUE,0.447030395322007,6,0.936540736963469,"rich_design",3,"one_step_shared_gamma_poisson","growth"
"growth_slope_20",-2.4,-2.4037215917194,0.161768186451324,-2.69839574770785,-2.40283977021477,-2.07763163420664,TRUE,-0.0230057083598425,3,0.946077271182892,"rich_design",3,"one_step_shared_gamma_poisson","growth"
"log_growth_sd",1.50407739677627,1.62490451209425,0.0749825329002459,1.48209400666401,1.6225942607194,1.7821702243041,TRUE,1.61140349151336,0.7,0.892882095856792,"rich_design",3,"one_step_shared_gamma_poisson","growth"
"log_recruitment_at_80",-1.69314718055995,-1.37604111251121,0.118281470344877,-1.60396033771929,-1.3807275356966,-1.1581676885581,FALSE,2.68094459025692,1.5,0.921145686436749,"rich_design",3,"one_step_shared_gamma_poisson","recruitment"
"recruitment_slope_20",1.5,1.39596236866965,0.0591592744316313,1.28392466423978,1.39288117493575,1.5060485003571,TRUE,-1.75860221968372,1,0.940840725568369,"rich_design",3,"one_step_shared_gamma_poisson","recruitment"
"recruit_mean_80",44.6,45.0324515397199,0.372525256235612,44.3119606877729,45.0209715430776,45.7632474006347,TRUE,1.16086502185059,10,0.962747474376439,"rich_design",3,"one_step_shared_gamma_poisson","recruit_size"
"recruit_mean_slope_20",0.4,0.264446283677102,0.17994854401109,-0.0780573810552952,0.274012673174794,0.596049688841861,TRUE,-0.753291542689804,2,0.910025727994455,"rich_design",3,"one_step_shared_gamma_poisson","recruit_size"
"log_recruit_sd",1.25276296849537,1.28216528761736,0.0191916955004344,1.24604951254224,1.28244775594398,1.3188554577695,TRUE,1.53203343192515,0.7,0.972583292142237,"rich_design",3,"one_step_shared_gamma_poisson","recruit_size"
"log_process_precision",NA,3.85918286858294,0.287227986878738,3.29828969763302,3.83380503838449,4.37276392582662,NA,NA,2,0.856386006560631,"rich_design",3,"one_step_shared_gamma_poisson","process"
"survival_at_80",0.36,0.349008242633906,0.0759059576243442,0.199259672784192,0.351516370832732,0.493060031765446,TRUE,-0.144807571238236,1.5,0.949396028250437,"rich_design",3,"one_step_gamma_poisson_shape_informed","survival"
"survival_slope_20",0.64,0.609968502986402,0.0484983966211114,0.512532819809005,0.610334538998498,0.706578831064757,TRUE,-0.619226595225726,1,0.951501603378889,"rich_design",3,"one_step_gamma_poisson_shape_informed","survival"
"growth_increment_80",8.4,8.5619359503455,0.414485451518444,7.77240367201532,8.56337422851496,9.39926382331487,TRUE,0.390691518248123,6,0.930919091413593,"rich_design",3,"one_step_gamma_poisson_shape_informed","growth"
"growth_slope_20",-2.4,-2.3958881544111,0.181560934665337,-2.76473236916231,-2.39379585058693,-2.07860668565596,TRUE,0.0226471933319641,3,0.939479688444888,"rich_design",3,"one_step_gamma_poisson_shape_informed","growth"
"log_growth_sd",1.50407739677627,1.64289955680351,0.0801659586820832,1.47364111696494,1.64612821799598,1.79903857501305,TRUE,1.73168464906365,0.7,0.885477201882738,"rich_design",3,"one_step_gamma_poisson_shape_informed","growth"
"log_recruitment_at_80",-1.69314718055995,-1.37868041971469,0.118127885460759,-1.60460155053826,-1.37369018399273,-1.15013410917067,FALSE,2.66208744547216,1.5,0.921248076359494,"rich_design",3,"one_step_gamma_poisson_shape_informed","recruitment"
"recruitment_slope_20",1.5,1.39567974414346,0.0603286378037541,1.2741621955661,1.39462283294415,1.51630601300055,TRUE,-1.72919959167472,0.2,0.69835681098123,"rich_design",3,"one_step_gamma_poisson_shape_informed","recruitment"
"recruit_mean_80",44.6,44.9914935090817,0.474827242886762,44.0714629014785,45.0108091094247,45.9209419597696,TRUE,0.82449673001397,10,0.952517275711324,"rich_design",3,"one_step_gamma_poisson_shape_informed","recruit_size"
"recruit_mean_slope_20",0.4,0.261277059217966,0.234165756472959,-0.184692159100687,0.255412833488296,0.731947100616794,TRUE,-0.592413437692601,2,0.88291712176352,"rich_design",3,"one_step_gamma_poisson_shape_informed","recruit_size"
"log_recruit_sd",1.25276296849537,1.27299428678622,0.0237596947267503,1.22280524760224,1.27351851392404,1.31967395178495,TRUE,0.851497400262284,0.7,0.966057578961785,"rich_design",3,"one_step_gamma_poisson_shape_informed","recruit_size"
"log_process_precision",NA,3.5868374765071,0.208612943564839,3.19409742817319,3.59288864504325,3.96929405450782,NA,NA,2,0.895693528217581,"rich_design",3,"one_step_gamma_poisson_shape_informed","process"
"survival_at_80",0.36,0.359802719071044,0.0727093550735816,0.221978076222954,0.365012188974907,0.478172105550448,TRUE,-0.00271328123810063,1.5,0.951527096617612,"rich_design",3,"one_step_gamma_poisson_fixed_recruitment_slope","survival"
"survival_slope_20",0.64,0.609757237597983,0.0482140823365951,0.514420825708158,0.608074288956072,0.695850498635872,TRUE,-0.627259940174418,1,0.951785917663405,"rich_design",3,"one_step_gamma_poisson_fixed_recruitment_slope","survival"
"growth_increment_80",8.4,8.51335448646,0.431388739349246,7.69930764683086,8.48055345210957,9.38639605600838,TRUE,0.262766447337015,6,0.928101876775126,"rich_design",3,"one_step_gamma_poisson_fixed_recruitment_slope","growth"
"growth_slope_20",-2.4,-2.35985454257775,0.201142218000067,-2.69019279747891,-2.37407947605372,-1.9272791557523,TRUE,0.199587425362078,3,0.932952593999978,"rich_design",3,"one_step_gamma_poisson_fixed_recruitment_slope","growth"
"log_growth_sd",1.50407739677627,1.65590056065792,0.0856497767263433,1.49367735454843,1.65483193663072,1.82345084028334,TRUE,1.77260431590767,0.7,0.877643176105224,"rich_design",3,"one_step_gamma_poisson_fixed_recruitment_slope","growth"
"log_recruitment_at_80",-1.69314718055995,-1.58812703458521,0.0299927877776888,-1.64412369343959,-1.58942754331676,-1.52849153956252,FALSE,3.50151332224129,1.5,0.980004808148207,"rich_design",3,"one_step_gamma_poisson_fixed_recruitment_slope","recruitment"
"recruitment_slope_20",1.5,1.5,0,1.5,1.5,1.5,TRUE,NA,NA,NA,"rich_design",3,"one_step_gamma_poisson_fixed_recruitment_slope","recruitment"
"recruit_mean_80",44.6,44.8373081847367,0.476803264205465,43.903686673213,44.8502051507109,45.8444588095382,TRUE,0.497706711660521,10,0.952319673579454,"rich_design",3,"one_step_gamma_poisson_fixed_recruitment_slope","recruit_size"
"recruit_mean_slope_20",0.4,0.316940460836825,0.227223338685927,-0.143688709498184,0.315862197635081,0.750451062609944,TRUE,-0.365541408041633,2,0.886388330657037,"rich_design",3,"one_step_gamma_poisson_fixed_recruitment_slope","recruit_size"
"log_recruit_sd",1.25276296849537,1.26872397412498,0.0244556518164262,1.22135577860551,1.26851013991131,1.31453635868732,TRUE,0.652651000653185,0.7,0.965063354547963,"rich_design",3,"one_step_gamma_poisson_fixed_recruitment_slope","recruit_size"
"log_process_precision",NA,3.51848240904771,0.201771666239776,3.11024997209079,3.52705577054676,3.92112504705512,NA,NA,2,0.899114166880112,"rich_design",3,"one_step_gamma_poisson_fixed_recruitment_slope","process"
"survival_at_80",0.36,0.51627083582617,0.0737411738800549,0.380292706350988,0.517274146446823,0.648544503274299,FALSE,2.11918020291289,1.5,0.950839217413297,"standard",4,"recursive_gamma_poisson","survival"
"survival_slope_20",0.64,0.666490098362224,0.0660470394945651,0.539719816909143,0.666369873533606,0.788344082163066,TRUE,0.401079269637877,1,0.933952960505435,"standard",4,"recursive_gamma_poisson","survival"
"growth_increment_80",8.4,6.3334073866073,0.0925367418682572,6.14966243172216,6.34064655360812,6.49559470891937,FALSE,-22.3326710198514,6,0.984577209688624,"standard",4,"recursive_gamma_poisson","growth"
"growth_slope_20",-2.4,-2.53650595382319,0.0553003937335631,-2.63671272731686,-2.54060798917842,-2.42351402644914,FALSE,-2.46844451923578,3,0.981566535422146,"standard",4,"recursive_gamma_poisson","growth"
"log_growth_sd",1.50407739677627,1.90517682414384,0.103849839414519,1.70186508835105,1.90339301994669,2.1135159692784,FALSE,3.86230185457069,0.7,0.851643086550687,"standard",4,"recursive_gamma_poisson","growth"
"log_recruitment_at_80",-1.69314718055995,-1.9652338776229,0.299169753614679,-2.56011467447845,-1.96918416120107,-1.38264081799862,TRUE,-0.909472611370311,1.5,0.800553497590214,"standard",4,"recursive_gamma_poisson","recruitment"
"recruitment_slope_20",1.5,1.6633380392481,0.157837773270027,1.35629280178871,1.66269636440577,1.9742823284957,TRUE,1.03484758980132,1,0.842162226729973,"standard",4,"recursive_gamma_poisson","recruitment"
"recruit_mean_80",44.6,42.512009115217,1.31465457420269,39.9947581125433,42.5431356514414,44.9616339796189,TRUE,-1.58824296948828,10,0.868534542579731,"standard",4,"recursive_gamma_poisson","recruit_size"
"recruit_mean_slope_20",0.4,1.44681163790625,0.64377810631157,0.249527102048471,1.45757272604831,2.59225764385467,TRUE,1.6260441721198,2,0.678110946844215,"standard",4,"recursive_gamma_poisson","recruit_size"
"log_recruit_sd",1.25276296849537,1.13835843179836,0.098407682440709,0.956745198033385,1.12429897644888,1.33652245624587,TRUE,-1.16255696567126,0.7,0.859417596513273,"standard",4,"recursive_gamma_poisson","recruit_size"
"log_process_precision",NA,5.19190250726554,1.20332507547669,2.8757057067588,5.19490437924867,7.54343281246593,NA,NA,2,0.398337462261657,"standard",4,"recursive_gamma_poisson","process"
"survival_at_80",0.36,0.454870548191647,0.154962276057751,0.154308204488384,0.456751176571919,0.733324336434484,TRUE,0.612217054402908,1.5,0.896691815961499,"standard",4,"one_step_gamma_poisson","survival"
"survival_slope_20",0.64,0.531459910716243,0.126210761087727,0.283058191697264,0.52970839676658,0.763512573555925,TRUE,-0.859990767414145,1,0.873789238912273,"standard",4,"one_step_gamma_poisson","survival"
"growth_increment_80",8.4,7.06134581827734,0.292253226068638,6.50761197830888,7.05797495396648,7.61849094238398,FALSE,-4.58045989681655,6,0.95129112898856,"standard",4,"one_step_gamma_poisson","growth"
"growth_slope_20",-2.4,-2.18268613238933,0.148281885754882,-2.46649666657241,-2.18656647810726,-1.89933047356939,TRUE,1.46554561607006,3,0.950572704748373,"standard",4,"one_step_gamma_poisson","growth"
"log_growth_sd",1.50407739677627,2.18569082351687,0.0786679618615166,2.03189871400842,2.18664572412127,2.33516261970366,FALSE,8.66443480435504,0.7,0.887617197340691,"standard",4,"one_step_gamma_poisson","growth"
"log_recruitment_at_80",-1.69314718055995,-1.68841148048402,0.762902079308868,-3.18813658654507,-1.69582865836612,-0.193158573611772,TRUE,0.00620748088695183,1.5,0.491398613794088,"standard",4,"one_step_gamma_poisson","recruitment"
"recruitment_slope_20",1.5,-0.782631799147699,0.514335184488941,-1.77616155443768,-0.790527409856253,0.193988666350428,FALSE,-4.43802381790347,1,0.485664815511059,"standard",4,"one_step_gamma_poisson","recruitment"
"recruit_mean_80",44.6,46.4771801400432,2.49431565529036,41.1362237711082,46.5691825157311,50.9006480018402,TRUE,0.752583233024978,10,0.750568434470964,"standard",4,"one_step_gamma_poisson","recruit_size"
"recruit_mean_slope_20",0.4,0.636645402236798,1.68084337889144,-3.12047535004308,0.721571809170557,3.49141312177268,TRUE,0.140789680471521,2,0.159578310554279,"standard",4,"one_step_gamma_poisson","recruit_size"
"log_recruit_sd",1.25276296849537,1.19635399622237,0.0750164714733089,1.05236827179722,1.19914370179259,1.33968602081938,TRUE,-0.751954486329939,0.7,0.892833612180987,"standard",4,"one_step_gamma_poisson","recruit_size"
"log_process_precision",NA,3.49245907364332,0.566413832680176,2.27301498672818,3.50518720861341,4.63416343025136,NA,NA,2,0.716793083659912,"standard",4,"one_step_gamma_poisson","process"
"survival_at_80",0.36,0.626208840930064,0.247129208458234,0.170826891444554,0.62010475074756,1.08821222934967,TRUE,1.07720508875038,1.5,0.835247194361177,"standard",4,"one_step_shared_gamma_poisson","survival"
"survival_slope_20",0.64,0.595965814858795,0.152233127409668,0.301642760388318,0.599456837241073,0.897327281176253,TRUE,-0.289254946610316,1,0.847766872590332,"standard",4,"one_step_shared_gamma_poisson","survival"
"growth_increment_80",8.4,6.45957623651778,1.06202827640153,4.26051740841472,6.46387075421262,8.46333372704903,TRUE,-1.82709237277275,6,0.822995287266412,"standard",4,"one_step_shared_gamma_poisson","growth"
"growth_slope_20",-2.4,-1.89074632461876,0.667558312881029,-3.14713617321008,-1.88434505474001,-0.601587665425733,TRUE,0.76286021094309,3,0.77748056237299,"standard",4,"one_step_shared_gamma_poisson","growth"
"log_growth_sd",1.50407739677627,2.16502198361825,0.0832072193997295,2.00665380265149,2.16562015502627,2.32417861874867,FALSE,7.94335625694668,0.7,0.881132543714672,"standard",4,"one_step_shared_gamma_poisson","growth"
"log_recruitment_at_80",-1.69314718055995,-0.687719037821592,0.179006139761247,-1.03821665425904,-0.687930012715198,-0.348405146504732,FALSE,5.61672434297149,1.5,0.880662573492502,"standard",4,"one_step_shared_gamma_poisson","recruitment"
"recruitment_slope_20",1.5,0.839885040184335,0.200026451498735,0.490387360964218,0.828688329105457,1.23299605584403,FALSE,-3.30013833105389,1,0.799973548501265,"standard",4,"one_step_shared_gamma_poisson","recruitment"
"recruit_mean_80",44.6,45.1676402736314,0.386044407074942,44.4340797441579,45.1701878354156,45.8898364922408,TRUE,1.47040149586013,10,0.961395559292506,"standard",4,"one_step_shared_gamma_poisson","recruit_size"
"recruit_mean_slope_20",0.4,0.397967315970855,0.404899888337574,-0.432734198388643,0.401914524854026,1.17448071748868,TRUE,-0.00502021385456713,2,0.797550055831213,"standard",4,"one_step_shared_gamma_poisson","recruit_size"
"log_recruit_sd",1.25276296849537,1.15912639092224,0.0699954461109169,1.02649622987962,1.16011619678133,1.28787892045325,TRUE,-1.33775242213255,0.7,0.900006505555833,"standard",4,"one_step_shared_gamma_poisson","recruit_size"
"log_process_precision",NA,3.52758472557702,0.523062998270548,2.61587435208361,3.48283251976968,4.57611905547658,NA,NA,2,0.738468500864726,"standard",4,"one_step_shared_gamma_poisson","process"
"survival_at_80",0.36,0.541692253909285,0.191587125055735,0.154981754006116,0.541186902047235,0.908696158656144,TRUE,0.948353151895923,1.5,0.872275249962843,"standard",4,"one_step_gamma_poisson_shape_informed","survival"
"survival_slope_20",0.64,0.51743571173923,0.134837867653547,0.257970844506111,0.512767987378046,0.788015206164079,TRUE,-0.908975278188818,1,0.865162132346453,"standard",4,"one_step_gamma_poisson_shape_informed","survival"
"growth_increment_80",8.4,6.38180197537987,1.14466941977359,4.06108879418767,6.41620598206095,8.65852752437976,TRUE,-1.76312740583156,6,0.809221763371068,"standard",4,"one_step_gamma_poisson_shape_informed","growth"
"growth_slope_20",-2.4,-1.93177808411679,0.66596357156512,-3.30605484682591,-1.9255587180939,-0.617078372540512,TRUE,0.703074366038991,3,0.778012142811627,"standard",4,"one_step_gamma_poisson_shape_informed","growth"
"log_growth_sd",1.50407739677627,2.19707083809858,0.0870827970178276,2.02831265225389,2.19957054141317,2.36153222122875,FALSE,7.95786843158513,0.7,0.875596004260246,"standard",4,"one_step_gamma_poisson_shape_informed","growth"
"log_recruitment_at_80",-1.69314718055995,-0.941885690805629,0.192570661234568,-1.29047253960167,-0.949649185724867,-0.519666767840402,FALSE,3.90122506168898,1.5,0.871619559176954,"standard",4,"one_step_gamma_poisson_shape_informed","recruitment"
"recruitment_slope_20",1.5,1.06446279264904,0.131252966960045,0.790458803171866,1.06636110695635,1.30751632552452,FALSE,-3.31830371105849,0.2,0.343735165199774,"standard",4,"one_step_gamma_poisson_shape_informed","recruitment"
"recruit_mean_80",44.6,44.9979931917949,0.634939756459569,43.794186348135,44.9722143350954,46.278758659116,TRUE,0.626820399488184,10,0.936506024354043,"standard",4,"one_step_gamma_poisson_shape_informed","recruit_size"
"recruit_mean_slope_20",0.4,0.375434707896992,0.478081205885918,-0.539800305884234,0.393255416618022,1.34630884340278,TRUE,-0.0513830951741492,2,0.760959397057041,"standard",4,"one_step_gamma_poisson_shape_informed","recruit_size"
"log_recruit_sd",1.25276296849537,1.13642675679097,0.081550670941362,0.987480794324673,1.13863607292936,1.28444867593033,TRUE,-1.42655125165119,0.7,0.88349904151234,"standard",4,"one_step_gamma_poisson_shape_informed","recruit_size"
"log_process_precision",NA,3.1783843198477,0.458540603477546,2.2793967737294,3.16416788461854,4.10957059907091,NA,NA,2,0.770729698261227,"standard",4,"one_step_gamma_poisson_shape_informed","process"
"survival_at_80",0.36,0.578094548315809,0.18724145328555,0.218437316076457,0.582175183473529,0.944180807072933,TRUE,1.16477705384612,1.5,0.8751723644763,"standard",4,"one_step_gamma_poisson_fixed_recruitment_slope","survival"
"survival_slope_20",0.64,0.478000157421097,0.148256035245104,0.18368671385439,0.478446735682262,0.752689313986015,TRUE,-1.09270318952667,1,0.851743964754896,"standard",4,"one_step_gamma_poisson_fixed_recruitment_slope","survival"
"growth_increment_80",8.4,6.02420157096879,1.09938092924274,3.93556384861492,5.98984668407844,8.12662287631446,FALSE,-2.1610329648593,6,0.81676984512621,"standard",4,"one_step_gamma_poisson_fixed_recruitment_slope","growth"
"growth_slope_20",-2.4,-1.60131194225112,0.652846515554413,-2.74308033182364,-1.61994354471186,-0.306658589292864,TRUE,1.22339330718586,3,0.782384494815196,"standard",4,"one_step_gamma_poisson_fixed_recruitment_slope","growth"
"log_growth_sd",1.50407739677627,2.17876064430652,0.0871682359069016,2.003953662653,2.17395891378334,2.35465335415562,FALSE,7.74001263775523,0.7,0.875473948704426,"standard",4,"one_step_gamma_poisson_fixed_recruitment_slope","growth"
"log_recruitment_at_80",-1.69314718055995,-1.64991919871296,0.0842256366234215,-1.80534060446097,-1.6534118907651,-1.47857408151336,TRUE,0.513240191228929,1.5,0.943849575584386,"standard",4,"one_step_gamma_poisson_fixed_recruitment_slope","recruitment"
"recruitment_slope_20",1.5,1.5,0,1.5,1.5,1.5,TRUE,NA,NA,NA,"standard",4,"one_step_gamma_poisson_fixed_recruitment_slope","recruitment"
"recruit_mean_80",44.6,44.8453752484433,0.870000963616222,43.1632912031308,44.905003483762,46.6054938929197,TRUE,0.282040203062917,10,0.912999903638378,"standard",4,"one_step_gamma_poisson_fixed_recruitment_slope","recruit_size"
"recruit_mean_slope_20",0.4,0.328701092365142,0.473343568905951,-0.560084158448191,0.31506113322826,1.30456830250374,TRUE,-0.150628237750547,2,0.763328215547024,"standard",4,"one_step_gamma_poisson_fixed_recruitment_slope","recruit_size"
"log_recruit_sd",1.25276296849537,1.09401625247157,0.0799087009475644,0.960312010065268,1.09095043432708,1.27496716227534,TRUE,-1.98660113531276,0.7,0.885844712932051,"standard",4,"one_step_gamma_poisson_fixed_recruitment_slope","recruit_size"
"log_process_precision",NA,2.78081595701696,0.345277784843838,2.09144096859596,2.76890015924637,3.42332600709987,NA,NA,2,0.827361107578081,"standard",4,"one_step_gamma_poisson_fixed_recruitment_slope","process"
"survival_at_80",0.36,0.377697752374519,0.0433688048459064,0.287786173077971,0.377195011565784,0.460633923738973,TRUE,0.408075630338467,1.5,0.971087463436062,"dense_profiles",4,"recursive_gamma_poisson","survival"
"survival_slope_20",0.64,0.710241630278984,0.0389588166832482,0.643104268326855,0.708277226640354,0.785369486686733,FALSE,1.80297134920904,1,0.961041183316752,"dense_profiles",4,"recursive_gamma_poisson","survival"
"growth_increment_80",8.4,8.58621118695364,0.330640048936801,7.97202143398361,8.59825204473971,9.20239500057868,TRUE,0.563184004939552,6,0.9448933251772,"dense_profiles",4,"recursive_gamma_poisson","growth"
"growth_slope_20",-2.4,-2.79691285507506,0.15129168878802,-3.10869528082179,-2.79824398663131,-2.51298265084454,FALSE,-2.62349411428136,3,0.94956943707066,"dense_profiles",4,"recursive_gamma_poisson","growth"
"log_growth_sd",1.50407739677627,1.32470934805255,0.106556097515572,1.1068396830101,1.32783775632555,1.51424661093622,TRUE,-1.68332036275554,0.7,0.847777003549183,"dense_profiles",4,"recursive_gamma_poisson","growth"
"log_recruitment_at_80",-1.69314718055995,-1.19648764084225,0.138690285168478,-1.4789284305451,-1.19092612485023,-0.93023818679992,FALSE,3.58106942468513,1.5,0.907539809887681,"dense_profiles",4,"recursive_gamma_poisson","recruitment"
"recruitment_slope_20",1.5,1.17573443958542,0.10208532883385,0.984110034738385,1.17729169703082,1.3734899466361,FALSE,-3.17641686732815,1,0.89791467116615,"dense_profiles",4,"recursive_gamma_poisson","recruitment"
"recruit_mean_80",44.6,45.4140309013955,0.564840565976877,44.294437499743,45.3810239509029,46.4610902975277,TRUE,1.44116933242501,10,0.943515943402312,"dense_profiles",4,"recursive_gamma_poisson","recruit_size"
"recruit_mean_slope_20",0.4,0.0728428689272316,0.39314179364892,-0.667568450806525,0.0683480807441195,0.863177553209396,TRUE,-0.832160651342309,2,0.80342910317554,"dense_profiles",4,"recursive_gamma_poisson","recruit_size"
"log_recruit_sd",1.25276296849537,1.2538341072329,0.0346644586644901,1.19108065790245,1.25327933617953,1.32188909852331,TRUE,0.0309002009205947,0.7,0.950479344765014,"dense_profiles",4,"recursive_gamma_poisson","recruit_size"
"log_process_precision",NA,3.80922879157787,0.305328785910434,3.21381389632219,3.80229935333809,4.37639364040642,NA,NA,2,0.847335607044783,"dense_profiles",4,"recursive_gamma_poisson","process"
"survival_at_80",0.36,0.381337292047494,0.0842117199643965,0.217705399227048,0.382972223965515,0.545966217655991,TRUE,0.253376751555663,1.5,0.943858853357069,"dense_profiles",4,"one_step_gamma_poisson","survival"
"survival_slope_20",0.64,0.672026613050797,0.062354239113181,0.553140835414099,0.668343999051476,0.791581018536559,TRUE,0.513623668675752,1,0.937645760886819,"dense_profiles",4,"one_step_gamma_poisson","survival"
"growth_increment_80",8.4,8.36485293258656,0.462142533661532,7.51580212802452,8.37606245516609,9.28528376780612,TRUE,-0.0760524402178877,6,0.922976244389745,"dense_profiles",4,"one_step_gamma_poisson","growth"
"growth_slope_20",-2.4,-2.71921464549631,0.224397650976826,-3.15299299200078,-2.7134165442108,-2.29782325160618,TRUE,-1.42254004935763,3,0.925200783007725,"dense_profiles",4,"one_step_gamma_poisson","growth"
"log_growth_sd",1.50407739677627,1.4658920141501,0.102941516122245,1.260379154538,1.47184712363703,1.6651751987284,TRUE,-0.37094249302516,0.7,0.852940691253936,"dense_profiles",4,"one_step_gamma_poisson","growth"
"log_recruitment_at_80",-1.69314718055995,-1.27999098785505,0.141566934679759,-1.5384357311518,-1.28140061210707,-1.00643490062636,FALSE,2.91845121630631,1.5,0.905622043546827,"dense_profiles",4,"one_step_gamma_poisson","recruitment"
"recruitment_slope_20",1.5,1.22079553652694,0.0962966658585537,1.03541442252759,1.22307306982257,1.40060716012433,FALSE,-2.89941983955267,1,0.903703334141446,"dense_profiles",4,"one_step_gamma_poisson","recruitment"
"recruit_mean_80",44.6,45.3080693270276,0.50592760040467,44.349770618688,45.2578043534225,46.4429615429426,TRUE,1.39954674633537,10,0.949407239959533,"dense_profiles",4,"one_step_gamma_poisson","recruit_size"
"recruit_mean_slope_20",0.4,0.11336633136411,0.340338333181362,-0.605729439500509,0.133389305783286,0.751029696414271,TRUE,-0.842202128559954,2,0.829830833409319,"dense_profiles",4,"one_step_gamma_poisson","recruit_size"
"log_recruit_sd",1.25276296849537,1.24853191850244,0.0302304127193435,1.19015600489368,1.24816977648127,1.31145757620725,TRUE,-0.139960047261358,0.7,0.956813696115223,"dense_profiles",4,"one_step_gamma_poisson","recruit_size"
"log_process_precision",NA,4.6788567333743,0.530511554124931,3.62391471752828,4.68861136124828,5.78211048976886,NA,NA,2,0.734744222937534,"dense_profiles",4,"one_step_gamma_poisson","process"
"survival_at_80",0.36,0.376270268494171,0.0953424207267043,0.181523178477463,0.376733790261073,0.55730563551774,TRUE,0.170650885200504,1.5,0.936438386182197,"dense_profiles",4,"one_step_shared_gamma_poisson","survival"
"survival_slope_20",0.64,0.675895719696923,0.0584654265006042,0.558384019319056,0.68012152445219,0.783064802808973,TRUE,0.613964899350429,1,0.941534573499396,"dense_profiles",4,"one_step_shared_gamma_poisson","survival"
"growth_increment_80",8.4,8.36986915602817,0.401471895071327,7.53734520803148,8.37185925217302,9.10430265790668,TRUE,-0.0750509421499635,6,0.933088017488112,"dense_profiles",4,"one_step_shared_gamma_poisson","growth"
"growth_slope_20",-2.4,-2.73286806795957,0.205666933289473,-3.13994374974748,-2.73765854491213,-2.33253504949827,TRUE,-1.61848121443551,3,0.931444355570175,"dense_profiles",4,"one_step_shared_gamma_poisson","growth"
"log_growth_sd",1.50407739677627,1.45705347168393,0.0911972671412951,1.2851103406039,1.45542452300859,1.63262714532027,TRUE,-0.515628664831425,0.7,0.86971818979815,"dense_profiles",4,"one_step_shared_gamma_poisson","growth"
"log_recruitment_at_80",-1.69314718055995,-1.26399103741726,0.139136412472949,-1.53703664165401,-1.2628963457889,-0.964700960567941,FALSE,3.08442725750256,1.5,0.9072423916847,"dense_profiles",4,"one_step_shared_gamma_poisson","recruitment"
"recruitment_slope_20",1.5,1.2084144698935,0.0947797528668729,1.01180054297624,1.2084588846035,1.40367642990953,FALSE,-3.07645379194082,1,0.905220247133127,"dense_profiles",4,"one_step_shared_gamma_poisson","recruitment"
"recruit_mean_80",44.6,45.3828300612968,0.468183549836911,44.4486268759185,45.4209123260239,46.2367829742332,TRUE,1.67205802418621,10,0.953181645016309,"dense_profiles",4,"one_step_shared_gamma_poisson","recruit_size"
"recruit_mean_slope_20",0.4,0.077121883021924,0.317059701651183,-0.49426384124264,0.0639770051308916,0.714330586584979,TRUE,-1.01835116634688,2,0.841470149174408,"dense_profiles",4,"one_step_shared_gamma_poisson","recruit_size"
"log_recruit_sd",1.25276296849537,1.25319416379898,0.0253515850790872,1.2040083432992,1.25376038230023,1.30434804149692,TRUE,0.0170086131603987,0.7,0.963783449887018,"dense_profiles",4,"one_step_shared_gamma_poisson","recruit_size"
"log_process_precision",NA,5.36913406278418,0.694417173622854,4.06104140880163,5.35816149073721,6.72155556344667,NA,NA,2,0.652791413188573,"dense_profiles",4,"one_step_shared_gamma_poisson","process"
"survival_at_80",0.36,0.383696281677446,0.0883850623746069,0.21987354064936,0.381965793746026,0.556024859361081,TRUE,0.268102788421565,1.5,0.941076625083595,"dense_profiles",4,"one_step_gamma_poisson_shape_informed","survival"
"survival_slope_20",0.64,0.67272454478457,0.0634607336166654,0.554128631394632,0.671630586090966,0.788822774348825,TRUE,0.515666033460042,1,0.936539266383335,"dense_profiles",4,"one_step_gamma_poisson_shape_informed","survival"
"growth_increment_80",8.4,8.33063985506623,0.450811053080184,7.43605735841317,8.3190537870438,9.19185026146925,TRUE,-0.153856353920033,6,0.924864824486636,"dense_profiles",4,"one_step_gamma_poisson_shape_informed","growth"
"growth_slope_20",-2.4,-2.72230934208582,0.212003284367316,-3.10240384668291,-2.73919485016149,-2.31377545391686,TRUE,-1.5203035323141,3,0.929332238544228,"dense_profiles",4,"one_step_gamma_poisson_shape_informed","growth"
"log_growth_sd",1.50407739677627,1.46575559444813,0.101277349705952,1.24951202184427,1.46244046303469,1.65517155975499,TRUE,-0.378384727082683,0.7,0.855318071848641,"dense_profiles",4,"one_step_gamma_poisson_shape_informed","growth"
"log_recruitment_at_80",-1.69314718055995,-1.37730831072033,0.139462481233544,-1.64308624513717,-1.38327570207727,-1.10943254946839,FALSE,2.26468701148886,1.5,0.907025012510971,"dense_profiles",4,"one_step_gamma_poisson_shape_informed","recruitment"
"recruitment_slope_20",1.5,1.28668157044827,0.0894717476346714,1.11297780956024,1.29027142935108,1.46543204447906,FALSE,-2.38419875760946,0.2,0.552641261826643,"dense_profiles",4,"one_step_gamma_poisson_shape_informed","recruitment"
"recruit_mean_80",44.6,45.2601550903221,0.528121818944639,44.1235113975687,45.2971967818822,46.2398082688247,TRUE,1.25000533331748,10,0.947187818105536,"dense_profiles",4,"one_step_gamma_poisson_shape_informed","recruit_size"
"recruit_mean_slope_20",0.4,0.145642541364567,0.343102148868228,-0.476201135547081,0.13261466826348,0.844458388111195,TRUE,-0.741346154416309,2,0.828448925565886,"dense_profiles",4,"one_step_gamma_poisson_shape_informed","recruit_size"
"log_recruit_sd",1.25276296849537,1.24666340261566,0.0287108113332459,1.19577742905492,1.24592670014503,1.30616240307374,TRUE,-0.212448398232709,0.7,0.95898455523822,"dense_profiles",4,"one_step_gamma_poisson_shape_informed","recruit_size"
"log_process_precision",NA,4.70447195802432,0.533151995734203,3.77696765355559,4.68918995399717,5.77566932053601,NA,NA,2,0.733424002132898,"dense_profiles",4,"one_step_gamma_poisson_shape_informed","process"
"survival_at_80",0.36,0.380822709356299,0.0865087848602796,0.220874775688604,0.378109621514823,0.550233756405547,TRUE,0.240700518333831,1.5,0.942327476759814,"dense_profiles",4,"one_step_gamma_poisson_fixed_recruitment_slope","survival"
"survival_slope_20",0.64,0.662851889541839,0.0641401863980601,0.534489381166651,0.664082352769315,0.781648074183038,TRUE,0.356280373119247,1,0.93585981360194,"dense_profiles",4,"one_step_gamma_poisson_fixed_recruitment_slope","survival"
"growth_increment_80",8.4,8.30502873573247,0.44150293823701,7.45001125105655,8.29457695393439,9.16789735520724,TRUE,-0.21510901976499,6,0.926416176960498,"dense_profiles",4,"one_step_gamma_poisson_fixed_recruitment_slope","growth"
"growth_slope_20",-2.4,-2.70050855232975,0.225158033113832,-3.10398572896097,-2.70215833277271,-2.21850158232446,TRUE,-1.33465614428166,3,0.924947322295389,"dense_profiles",4,"one_step_gamma_poisson_fixed_recruitment_slope","growth"
"log_growth_sd",1.50407739677627,1.48759354566438,0.100672812090104,1.29912965817285,1.48511872713366,1.67856069180964,TRUE,-0.163736869663858,0.7,0.856181697014137,"dense_profiles",4,"one_step_gamma_poisson_fixed_recruitment_slope","growth"
"log_recruitment_at_80",-1.69314718055995,-1.71979825955957,0.0350803852252711,-1.79095518346188,-1.72120323208888,-1.64403953119729,TRUE,-0.759714547844512,1.5,0.976613076516486,"dense_profiles",4,"one_step_gamma_poisson_fixed_recruitment_slope","recruitment"
"recruitment_slope_20",1.5,1.5,0,1.5,1.5,1.5,TRUE,NA,NA,NA,"dense_profiles",4,"one_step_gamma_poisson_fixed_recruitment_slope","recruitment"
"recruit_mean_80",44.6,45.0547015806718,0.700039578958381,43.6966107770423,45.0721674171595,46.453055224442,TRUE,0.649536960965,10,0.929996042104162,"dense_profiles",4,"one_step_gamma_poisson_fixed_recruitment_slope","recruit_size"
"recruit_mean_slope_20",0.4,0.234109587203038,0.403403508128443,-0.545271619115183,0.241962677454959,1.06362274238552,TRUE,-0.411226995934162,2,0.798298245935779,"dense_profiles",4,"one_step_gamma_poisson_fixed_recruitment_slope","recruit_size"
"log_recruit_sd",1.25276296849537,1.23956888987378,0.029718862548299,1.18021813537558,1.2394536429213,1.29745721438567,TRUE,-0.443963109292848,0.7,0.957544482073859,"dense_profiles",4,"one_step_gamma_poisson_fixed_recruitment_slope","recruit_size"
"log_process_precision",NA,4.42106697724568,0.434598789620584,3.51817499647388,4.44766103192455,5.15589650381838,NA,NA,2,0.782700605189708,"dense_profiles",4,"one_step_gamma_poisson_fixed_recruitment_slope","process"
"survival_at_80",0.36,0.422149510427389,0.038194565980846,0.349455258560493,0.421070513561187,0.495726160216564,TRUE,1.62718200433424,1.5,0.974536956012769,"rich_design",4,"recursive_gamma_poisson","survival"
"survival_slope_20",0.64,0.635473536171598,0.0274168282065312,0.583560724244886,0.635091331379148,0.688983410846322,TRUE,-0.165098011859879,1,0.972583171793469,"rich_design",4,"recursive_gamma_poisson","survival"
"growth_increment_80",8.4,8.19517077044294,0.325667064279,7.56943878032755,8.20993761687927,8.81014932146422,TRUE,-0.628952854076713,6,0.9457221559535,"rich_design",4,"recursive_gamma_poisson","growth"
"growth_slope_20",-2.4,-2.33224422695469,0.129568491407247,-2.57787316349477,-2.33485521516884,-2.08099765026669,TRUE,0.522934027473908,3,0.956810502864251,"rich_design",4,"recursive_gamma_poisson","growth"
"log_growth_sd",1.50407739677627,1.60749178461517,0.0731334185323457,1.45514847077723,1.60724827285403,1.74059801476532,TRUE,1.41405105783698,0.7,0.895523687810935,"rich_design",4,"recursive_gamma_poisson","growth"
"log_recruitment_at_80",-1.69314718055995,-1.20719429701516,0.0854270036632195,-1.36524672593736,-1.207230502842,-1.03963287799646,FALSE,5.68851607461927,1.5,0.94304866422452,"rich_design",4,"recursive_gamma_poisson","recruitment"
"recruitment_slope_20",1.5,1.2268415678588,0.0587515681332206,1.11943832910937,1.22567734543503,1.34585487334282,FALSE,-4.64938112837782,1,0.941248431866779,"rich_design",4,"recursive_gamma_poisson","recruitment"
"recruit_mean_80",44.6,45.1327884134573,0.409717753926505,44.3188198728923,45.1267365302633,45.9391823867571,TRUE,1.30037912282632,10,0.95902822460735,"rich_design",4,"recursive_gamma_poisson","recruit_size"
"recruit_mean_slope_20",0.4,0.121685431426554,0.230652401830698,-0.337868397737849,0.129696703698865,0.559728666180758,TRUE,-1.20664066952892,2,0.884673799084651,"rich_design",4,"recursive_gamma_poisson","recruit_size"
"log_recruit_sd",1.25276296849537,1.23729383792617,0.0256726647405027,1.18486395079793,1.23747211402077,1.2806589606778,TRUE,-0.602552587569566,0.7,0.963324764656425,"rich_design",4,"recursive_gamma_poisson","recruit_size"
"log_process_precision",NA,3.05457552041045,0.179764754274214,2.7213654659229,3.05310116225927,3.40140689412107,NA,NA,2,0.910117622862893,"rich_design",4,"recursive_gamma_poisson","process"
"survival_at_80",0.36,0.512919054207827,0.0900497248425461,0.351970588108124,0.509421599969849,0.702195083971133,TRUE,1.69816237057037,1.5,0.939966850104969,"rich_design",4,"one_step_gamma_poisson","survival"
"survival_slope_20",0.64,0.516986500231459,0.0587899234676015,0.40406428896324,0.514177373559452,0.64092996872556,TRUE,-2.09242490060959,1,0.941210076532399,"rich_design",4,"one_step_gamma_poisson","survival"
"growth_increment_80",8.4,7.36890570221693,0.545085218659704,6.28391135101845,7.39495801256787,8.43135631840103,TRUE,-1.89162036042437,6,0.909152463556716,"rich_design",4,"one_step_gamma_poisson","growth"
"growth_slope_20",-2.4,-1.80200650762171,0.242756414055473,-2.27487346681058,-1.80157033815879,-1.32777518141066,FALSE,2.46334785717191,3,0.919081195314842,"rich_design",4,"one_step_gamma_poisson","growth"
"log_growth_sd",1.50407739677627,1.88563418677663,0.0561409456230963,1.78142304797181,1.89025055921731,1.99609443343779,FALSE,6.79640832133379,0.7,0.919798649109862,"rich_design",4,"one_step_gamma_poisson","growth"
"log_recruitment_at_80",-1.69314718055995,-1.32325179230529,0.150688164322501,-1.62137349776425,-1.33077178583474,-0.996792825822986,FALSE,2.45470764022982,1.5,0.899541223784999,"rich_design",4,"one_step_gamma_poisson","recruitment"
"recruitment_slope_20",1.5,1.24984215842563,0.0859425654060589,1.07843196386548,1.25132807056138,1.42254682333074,FALSE,-2.91075604262488,1,0.914057434593941,"rich_design",4,"one_step_gamma_poisson","recruitment"
"recruit_mean_80",44.6,44.8816464420198,0.441076877214859,44.044091144237,44.891081718106,45.6848038557305,TRUE,0.63854274973167,10,0.955892312278514,"rich_design",4,"one_step_gamma_poisson","recruit_size"
"recruit_mean_slope_20",0.4,0.170238349272672,0.249438773066272,-0.300854979665465,0.163778562281305,0.68266887125924,TRUE,-0.92111441979505,2,0.875280613466864,"rich_design",4,"one_step_gamma_poisson","recruit_size"
"log_recruit_sd",1.25276296849537,1.19890729585238,0.0303775805885287,1.14172381347088,1.19647827699193,1.25738665515411,TRUE,-1.77287564050859,0.7,0.956603456302102,"rich_design",4,"one_step_gamma_poisson","recruit_size"
"log_process_precision",NA,3.20031803290793,0.180936985025522,2.85979268781977,3.19712813151782,3.55858568561177,NA,NA,2,0.909531507487239,"rich_design",4,"one_step_gamma_poisson","process"
"survival_at_80",0.36,0.519115956297421,0.109609710794228,0.301734739514375,0.524457548828708,0.725881826973257,TRUE,1.45165930230517,1.5,0.926926859470514,"rich_design",4,"one_step_shared_gamma_poisson","survival"
"survival_slope_20",0.64,0.54144382728497,0.0566152912376998,0.43476565230473,0.544475177978062,0.650019115101056,TRUE,-1.74080483488536,1,0.9433847087623,"rich_design",4,"one_step_shared_gamma_poisson","survival"
"growth_increment_80",8.4,7.19734926900743,0.486074464897024,6.32189750385695,7.17747976702888,8.19737927631418,FALSE,-2.47421088299166,6,0.918987589183829,"rich_design",4,"one_step_shared_gamma_poisson","growth"
"growth_slope_20",-2.4,-1.72725136160315,0.212818615566618,-2.16212360028246,-1.72339037117905,-1.34027538097523,FALSE,3.16113624085795,3,0.929060461477794,"rich_design",4,"one_step_shared_gamma_poisson","growth"
"log_growth_sd",1.50407739677627,1.87691418287361,0.0515249494437928,1.7760698721165,1.87496352357162,1.98127715610356,FALSE,7.2360437054685,0.7,0.92639292936601,"rich_design",4,"one_step_shared_gamma_poisson","growth"
"log_recruitment_at_80",-1.69314718055995,-1.4579215435273,0.125893808879256,-1.67789476832654,-1.4731996137333,-1.19828023685687,FALSE,1.86844483558563,1.5,0.916070794080496,"rich_design",4,"one_step_shared_gamma_poisson","recruitment"
"recruitment_slope_20",1.5,1.33020971041529,0.0683223723391821,1.18354156185358,1.33552619980635,1.45290137403257,FALSE,-2.48513457263742,1,0.931677627660818,"rich_design",4,"one_step_shared_gamma_poisson","recruitment"
"recruit_mean_80",44.6,44.8531106902739,0.3406415380126,44.2096567851151,44.8360049956149,45.5792522111143,TRUE,0.743041179741526,10,0.96593584619874,"rich_design",4,"one_step_shared_gamma_poisson","recruit_size"
"recruit_mean_slope_20",0.4,0.180397834213438,0.183580239768249,-0.201543966368366,0.191484229245193,0.510466237472396,TRUE,-1.19621897249828,2,0.908209880115875,"rich_design",4,"one_step_shared_gamma_poisson","recruit_size"
"log_recruit_sd",1.25276296849537,1.2087789877035,0.0231102307749743,1.16040219274803,1.2076721038694,1.25204354063965,FALSE,-1.90322551168558,0.7,0.96698538460718,"rich_design",4,"one_step_shared_gamma_poisson","recruit_size"
"log_process_precision",NA,3.81290218296676,0.302730823023501,3.26861967579998,3.81262505981901,4.37596321882898,NA,NA,2,0.848634588488249,"rich_design",4,"one_step_shared_gamma_poisson","process"
"survival_at_80",0.36,0.505400822442174,0.0820574354228509,0.348223271169364,0.507660579057645,0.660528783893444,TRUE,1.77193963829003,1.5,0.945295043051433,"rich_design",4,"one_step_gamma_poisson_shape_informed","survival"
"survival_slope_20",0.64,0.511491796832247,0.0553894650616449,0.404272535881287,0.506119882634,0.623137815356501,FALSE,-2.32008384671583,1,0.944610534938355,"rich_design",4,"one_step_gamma_poisson_shape_informed","survival"
"growth_increment_80",8.4,7.36142753032004,0.509653647281803,6.38708397539677,7.36871490133868,8.39228602950006,FALSE,-2.03780052437395,6,0.915057725453033,"rich_design",4,"one_step_gamma_poisson_shape_informed","growth"
"growth_slope_20",-2.4,-1.79157475894343,0.237763634485373,-2.28363845054508,-1.7790029593905,-1.33154459717935,FALSE,2.55894995201212,3,0.920745455171542,"rich_design",4,"one_step_gamma_poisson_shape_informed","growth"
"log_growth_sd",1.50407739677627,1.88902689827173,0.0498128709183546,1.79040392736627,1.88737036299253,1.98379448427731,FALSE,7.72791237281643,0.7,0.928838755830922,"rich_design",4,"one_step_gamma_poisson_shape_informed","growth"
"log_recruitment_at_80",-1.69314718055995,-1.38483512182763,0.134048729093516,-1.65003652797073,-1.39051839898742,-1.12876170653229,FALSE,2.29999986435697,1.5,0.910634180604323,"rich_design",4,"one_step_gamma_poisson_shape_informed","recruitment"
"recruitment_slope_20",1.5,1.2855029277722,0.0757320816220913,1.14359794020713,1.28393448330532,1.4364293657915,FALSE,-2.83231449121072,0.2,0.621339591889543,"rich_design",4,"one_step_gamma_poisson_shape_informed","recruitment"
"recruit_mean_80",44.6,44.8488215008973,0.456365049381982,43.9885664199303,44.8330738849568,45.7098307118096,TRUE,0.545224708233685,10,0.954363495061802,"rich_design",4,"one_step_gamma_poisson_shape_informed","recruit_size"
"recruit_mean_slope_20",0.4,0.182514766741533,0.257465297864892,-0.320092764117867,0.171969690480654,0.69210883128626,TRUE,-0.844716686334152,2,0.871267351067554,"rich_design",4,"one_step_gamma_poisson_shape_informed","recruit_size"
"log_recruit_sd",1.25276296849537,1.19779939393373,0.0310293716261705,1.13792365433742,1.19856286926591,1.25651191402959,TRUE,-1.77134023930023,0.7,0.955672326248328,"rich_design",4,"one_step_gamma_poisson_shape_informed","recruit_size"
"log_process_precision",NA,3.18948414461016,0.183795091176565,2.81423777371327,3.18862841922652,3.57005204337597,NA,NA,2,0.908102454411717,"rich_design",4,"one_step_gamma_poisson_shape_informed","process"
"survival_at_80",0.36,0.538759961275464,0.0900941516588947,0.361356268498568,0.545138952521915,0.715092614463024,FALSE,1.9841461180773,1.5,0.939937232227404,"rich_design",4,"one_step_gamma_poisson_fixed_recruitment_slope","survival"
"survival_slope_20",0.64,0.509306597398676,0.0586531005507711,0.407174682675167,0.51059317301811,0.622398902583663,FALSE,-2.22824371387142,1,0.941346899449229,"rich_design",4,"one_step_gamma_poisson_fixed_recruitment_slope","survival"
"growth_increment_80",8.4,7.15961841660657,0.535936801501208,6.11023855029253,7.1581109857804,8.23144733847519,FALSE,-2.31441763267425,6,0.910677199749799,"rich_design",4,"one_step_gamma_poisson_fixed_recruitment_slope","growth"
"growth_slope_20",-2.4,-1.69328458307318,0.247760270983946,-2.19827205834652,-1.68646515316931,-1.24526714284692,FALSE,2.85241622524949,3,0.917413243005351,"rich_design",4,"one_step_gamma_poisson_fixed_recruitment_slope","growth"
"log_growth_sd",1.50407739677627,1.90247804581284,0.0529462218943938,1.79981880039652,1.90404297583272,1.99581862711438,FALSE,7.52462847738621,0.7,0.924362540150866,"rich_design",4,"one_step_gamma_poisson_fixed_recruitment_slope","growth"
"log_recruitment_at_80",-1.69314718055995,-1.78339963398507,0.0433396577037095,-1.86622081675129,-1.78691859328344,-1.69520534478875,FALSE,-2.08244499857701,1.5,0.971106894864194,"rich_design",4,"one_step_gamma_poisson_fixed_recruitment_slope","recruitment"
"recruitment_slope_20",1.5,1.5,0,1.5,1.5,1.5,TRUE,NA,NA,NA,"rich_design",4,"one_step_gamma_poisson_fixed_recruitment_slope","recruitment"
"recruit_mean_80",44.6,44.5203072466658,0.500590631012349,43.4340572317204,44.5256303641569,45.6001363606511,TRUE,-0.15919745276298,10,0.949940936898765,"rich_design",4,"one_step_gamma_poisson_fixed_recruitment_slope","recruit_size"
"recruit_mean_slope_20",0.4,0.320672378268758,0.252931843979426,-0.217373581930206,0.320749780322637,0.82266199195292,TRUE,-0.313632401848516,2,0.873534078010287,"rich_design",4,"one_step_gamma_poisson_fixed_recruitment_slope","recruit_size"
"log_recruit_sd",1.25276296849537,1.18288155115713,0.0312614258347144,1.12249504105373,1.18103144079914,1.25010232087041,FALSE,-2.23538803724818,0.7,0.955340820236122,"rich_design",4,"one_step_gamma_poisson_fixed_recruitment_slope","recruit_size"
"log_process_precision",NA,3.12586192281045,0.175898783989857,2.79022349478694,3.12204358377895,3.49083421973839,NA,NA,2,0.912050608005072,"rich_design",4,"one_step_gamma_poisson_fixed_recruitment_slope","process"
"survival_at_80",0.36,0.475431855274033,0.0930708516469047,0.303385718398101,0.473865740641899,0.656073971314912,TRUE,1.2402578598073,1.5,0.93795276556873,"standard",5,"recursive_gamma_poisson","survival"
"survival_slope_20",0.64,0.77559340903505,0.0804339541762759,0.619243435383742,0.777424875175121,0.940854419330179,TRUE,1.68577325861525,1,0.919566045823724,"standard",5,"recursive_gamma_poisson","survival"
"growth_increment_80",8.4,9.89190995221052,0.619200547110156,8.6537478157876,9.95175763279837,11.0413569212471,FALSE,2.40941316859836,6,0.896799908814974,"standard",5,"recursive_gamma_poisson","growth"
"growth_slope_20",-2.4,-2.67195061594861,0.308909768665267,-3.22137133865884,-2.69846469132692,-2.02376992383258,TRUE,-0.880356154237683,3,0.897030077111578,"standard",5,"recursive_gamma_poisson","growth"
"log_growth_sd",1.50407739677627,1.42827433015558,0.139127684046464,1.1466422560905,1.43479564770265,1.69354240196904,TRUE,-0.544845313427183,0.7,0.801246165647909,"standard",5,"recursive_gamma_poisson","growth"
"log_recruitment_at_80",-1.69314718055995,-1.04846283219929,0.175183387736221,-1.42468611629407,-1.03754153225243,-0.726067983690506,FALSE,3.68005412323332,1.5,0.88321107484252,"standard",5,"recursive_gamma_poisson","recruitment"
"recruitment_slope_20",1.5,1.14313537626506,0.133914157322958,0.920292266046546,1.14003692244776,1.44389734274125,FALSE,-2.66487599869142,1,0.866085842677042,"standard",5,"recursive_gamma_poisson","recruitment"
"recruit_mean_80",44.6,45.9800076116743,0.787063189643183,44.4227984266463,46.0056103502435,47.6620845529178,TRUE,1.75336317316519,10,0.921293681035682,"standard",5,"recursive_gamma_poisson","recruit_size"
"recruit_mean_slope_20",0.4,-0.106968101620355,0.53940718499906,-1.18353182838935,-0.0836679574490859,0.880678370651102,TRUE,-0.939861603106453,2,0.73029640750047,"standard",5,"recursive_gamma_poisson","recruit_size"
"log_recruit_sd",1.25276296849537,1.3228360048056,0.0508041165364148,1.22021737086921,1.32324003915371,1.41672147379949,TRUE,1.3792787098267,0.7,0.927422690662265,"standard",5,"recursive_gamma_poisson","recruit_size"
"log_process_precision",NA,3.94291929991333,0.832327863341873,2.37422604197431,3.88340683473148,5.54938720130806,NA,NA,2,0.583836068329064,"standard",5,"recursive_gamma_poisson","process"
"survival_at_80",0.36,0.468781786218539,0.182292458473663,0.104898449994421,0.468711088332861,0.835755454238202,TRUE,0.59674320665468,1.5,0.878471694350891,"standard",5,"one_step_gamma_poisson","survival"
"survival_slope_20",0.64,0.716480981707958,0.128701031401243,0.488566055414851,0.71318245993991,0.96855675507048,TRUE,0.594253059787206,1,0.871298968598757,"standard",5,"one_step_gamma_poisson","survival"
"growth_increment_80",8.4,8.61075703170918,0.985160332385751,6.68987623010566,8.65455626366388,10.56348524391,TRUE,0.213931707135212,6,0.835806611269042,"standard",5,"one_step_gamma_poisson","growth"
"growth_slope_20",-2.4,-2.86746640374803,0.453175365900412,-3.68970246373144,-2.86675435396403,-1.93245283264728,TRUE,-1.03153533692023,3,0.848941544699863,"standard",5,"one_step_gamma_poisson","growth"
"log_growth_sd",1.50407739677627,1.69931745601755,0.154894554746655,1.38065274454164,1.70033194630998,2.00592426494897,TRUE,1.26047077355695,0.7,0.778722064647635,"standard",5,"one_step_gamma_poisson","growth"
"log_recruitment_at_80",-1.69314718055995,-1.72952248912199,0.932408683484616,-3.59499335819489,-1.70984389965634,0.128561698883143,TRUE,-0.0390121941229715,1.5,0.378394211010256,"standard",5,"one_step_gamma_poisson","recruitment"
"recruitment_slope_20",1.5,-0.83499252604549,0.63490996581541,-2.11325444822715,-0.826848764736764,0.377795403205927,FALSE,-3.67767502758706,1,0.36509003418459,"standard",5,"one_step_gamma_poisson","recruitment"
"recruit_mean_80",44.6,46.1468230196111,2.53459446818807,41.4508694793887,46.103819113566,51.162439969093,TRUE,0.610284224567449,10,0.746540553181193,"standard",5,"one_step_gamma_poisson","recruit_size"
"recruit_mean_slope_20",0.4,0.321812788658021,1.70334814070413,-2.78415037756192,0.312748514804431,3.7789833234229,TRUE,-0.0459020733774705,2,0.148325929647936,"standard",5,"one_step_gamma_poisson","recruit_size"
"log_recruit_sd",1.25276296849537,1.2929019573952,0.0611234984587306,1.17571266583467,1.29301579588955,1.41716384748393,TRUE,0.656686706618044,0.7,0.912680716487528,"standard",5,"one_step_gamma_poisson","recruit_size"
"log_process_precision",NA,3.07334142483598,0.464957881679863,2.16694365849144,3.09396151793941,3.98311043840529,NA,NA,2,0.767521059160068,"standard",5,"one_step_gamma_poisson","process"
"survival_at_80",0.36,0.519730128768143,0.250550132083107,0.0412196229177106,0.516560093554804,0.972009683719553,TRUE,0.637517639444553,1.5,0.832966578611262,"standard",5,"one_step_shared_gamma_poisson","survival"
"survival_slope_20",0.64,0.723052101179805,0.142093626152924,0.4425033459478,0.720332369609951,1.02131272173818,TRUE,0.584488575795952,1,0.857906373847076,"standard",5,"one_step_shared_gamma_poisson","survival"
"growth_increment_80",8.4,8.28202019614321,0.975878029689202,6.3609158236925,8.29690219627243,10.1603362872916,TRUE,-0.120896054903871,6,0.837353661718466,"standard",5,"one_step_shared_gamma_poisson","growth"
"growth_slope_20",-2.4,-2.685413114826,0.466539104589863,-3.5587975680113,-2.70372645447101,-1.79688341654215,TRUE,-0.61176675656568,3,0.844486965136712,"standard",5,"one_step_shared_gamma_poisson","growth"
"log_growth_sd",1.50407739677627,1.73961684601124,0.163121801779642,1.41331353003115,1.73424215142624,2.06044389441879,TRUE,1.44394830528631,0.7,0.766968854600512,"standard",5,"one_step_shared_gamma_poisson","growth"
"log_recruitment_at_80",-1.69314718055995,-0.634275602131692,0.154938135029257,-0.958155163251758,-0.627966966861895,-0.348443323221726,FALSE,6.83415724752534,1.5,0.896707909980496,"standard",5,"one_step_shared_gamma_poisson","recruitment"
"recruitment_slope_20",1.5,0.232920311642029,0.36849026933173,-0.482575338154967,0.210773542941133,0.936671139192697,FALSE,-3.43857027936142,1,0.63150973066827,"standard",5,"one_step_shared_gamma_poisson","recruitment"
"recruit_mean_80",44.6,45.6701215778963,0.425072111216705,44.8060775804325,45.6809316381114,46.4831958588112,FALSE,2.51750597053567,10,0.95749278887833,"standard",5,"one_step_shared_gamma_poisson","recruit_size"
"recruit_mean_slope_20",0.4,0.148498838334905,0.770380234360371,-1.41750316849562,0.186017549992459,1.65286834363524,TRUE,-0.326463673972517,2,0.614809882819815,"standard",5,"one_step_shared_gamma_poisson","recruit_size"
"log_recruit_sd",1.25276296849537,1.28792402183096,0.0553811005029716,1.1796178761666,1.2917314249147,1.38975793199295,TRUE,0.634892644173956,0.7,0.920884142138612,"standard",5,"one_step_shared_gamma_poisson","recruit_size"
"log_process_precision",NA,3.3898790387752,0.528030250630627,2.41560876861103,3.37757946759277,4.43220999292084,NA,NA,2,0.735984874684687,"standard",5,"one_step_shared_gamma_poisson","process"
"survival_at_80",0.36,0.57852811496559,0.222788152802817,0.155160576059867,0.580732127533336,1.00115595851691,TRUE,0.980878526153064,1.5,0.851474564798122,"standard",5,"one_step_gamma_poisson_shape_informed","survival"
"survival_slope_20",0.64,0.707103732053706,0.150504670128323,0.419784828751992,0.70775680675718,1.0153111110341,TRUE,0.445858138465016,1,0.849495329871677,"standard",5,"one_step_gamma_poisson_shape_informed","survival"
"growth_increment_80",8.4,7.77417947684856,1.31230087111178,5.13733534300635,7.79963964116173,10.318226492536,TRUE,-0.476887988820162,6,0.781283188148037,"standard",5,"one_step_gamma_poisson_shape_informed","growth"
"growth_slope_20",-2.4,-2.50530665950204,0.615508026821207,-3.60105417263371,-2.51050695991342,-1.24521752416418,TRUE,-0.171089010887314,3,0.794830657726264,"standard",5,"one_step_gamma_poisson_shape_informed","growth"
"log_growth_sd",1.50407739677627,1.80524656878863,0.173867846622959,1.47463984951897,1.80584406567656,2.12964027142671,TRUE,1.73217289948645,0.7,0.751617361967202,"standard",5,"one_step_gamma_poisson_shape_informed","growth"
"log_recruitment_at_80",-1.69314718055995,-1.05615260739344,0.247976263377868,-1.53713017176601,-1.05429365674837,-0.577598967812068,FALSE,2.56877236752234,1.5,0.834682491081421,"standard",5,"one_step_gamma_poisson_shape_informed","recruitment"
"recruitment_slope_20",1.5,1.05897970090559,0.171580358640549,0.726246250066165,1.06252583959683,1.39729477924988,FALSE,-2.57034256478224,0.2,0.142098206797254,"standard",5,"one_step_gamma_poisson_shape_informed","recruitment"
"recruit_mean_80",44.6,45.456638375149,0.913581258350414,43.6918853557637,45.489254485726,47.2078695480623,TRUE,0.937670696852728,10,0.908641874164959,"standard",5,"one_step_gamma_poisson_shape_informed","recruit_size"
"recruit_mean_slope_20",0.4,0.038818902777665,0.678278467165506,-1.28816674936031,0.0218859466458603,1.37568001494805,TRUE,-0.532496776333906,2,0.660860766417247,"standard",5,"one_step_gamma_poisson_shape_informed","recruit_size"
"log_recruit_sd",1.25276296849537,1.25891209940172,0.0679318757266692,1.12954849730532,1.25627630899993,1.38988371298713,TRUE,0.0905190801898236,0.7,0.902954463247615,"standard",5,"one_step_gamma_poisson_shape_informed","recruit_size"
"log_process_precision",NA,2.48009975604084,0.32384073978434,1.85762744412829,2.49400627589471,3.13469319634452,NA,NA,2,0.83807963010783,"standard",5,"one_step_gamma_poisson_shape_informed","process"
"survival_at_80",0.36,0.68150289929221,0.268587476019007,0.202593508274827,0.678917922791603,1.18525941073468,TRUE,1.19701374039294,1.5,0.820941682653995,"standard",5,"one_step_gamma_poisson_fixed_recruitment_slope","survival"
"survival_slope_20",0.64,0.683758353651689,0.149503830947095,0.37308360503359,0.687681071464865,0.98673984771773,TRUE,0.292690517523752,1,0.850496169052905,"standard",5,"one_step_gamma_poisson_fixed_recruitment_slope","survival"
"growth_increment_80",8.4,6.67142999260749,1.78637971502011,3.56419540210889,6.52363082394066,10.2804864997577,TRUE,-0.967638622885421,6,0.702270047496648,"standard",5,"one_step_gamma_poisson_fixed_recruitment_slope","growth"
"growth_slope_20",-2.4,-2.07994748096728,0.828845399341511,-3.77332192097456,-2.0441551119026,-0.416760415313245,TRUE,0.3861426018495,3,0.723718200219496,"standard",5,"one_step_gamma_poisson_fixed_recruitment_slope","growth"
"log_growth_sd",1.50407739677627,1.89689731219928,0.167561895657464,1.58071350002689,1.89626004936253,2.2189595335419,FALSE,2.34432723431357,0.7,0.76062586334648,"standard",5,"one_step_gamma_poisson_fixed_recruitment_slope","growth"
"log_recruitment_at_80",-1.69314718055995,-1.80000118404402,0.141635896324875,-2.07134428784705,-1.80274841883616,-1.49697792328884,TRUE,-0.754427417460501,1.5,0.90557606911675,"standard",5,"one_step_gamma_poisson_fixed_recruitment_slope","recruitment"
"recruitment_slope_20",1.5,1.5,0,1.5,1.5,1.5,TRUE,NA,NA,NA,"standard",5,"one_step_gamma_poisson_fixed_recruitment_slope","recruitment"
"recruit_mean_80",44.6,45.1667851799897,1.26561274225946,42.8416180210853,45.1616290470155,47.8725906954001,TRUE,0.44783460300648,10,0.873438725774054,"standard",5,"one_step_gamma_poisson_fixed_recruitment_slope","recruit_size"
"recruit_mean_slope_20",0.4,0.0884821453084836,0.714237074926461,-1.36287699656096,0.103812177609269,1.41421930369904,TRUE,-0.43615469656709,2,0.642881462536769,"standard",5,"one_step_gamma_poisson_fixed_recruitment_slope","recruit_size"
"log_recruit_sd",1.25276296849537,1.21291455645908,0.0986732087380717,1.02611810331551,1.21562531492267,1.40724349702061,TRUE,-0.403842264236698,0.7,0.859038273231326,"standard",5,"one_step_gamma_poisson_fixed_recruitment_slope","recruit_size"
"log_process_precision",NA,2.22923911529511,0.268195153513604,1.70533690899537,2.21532596963247,2.75239632347567,NA,NA,2,0.865902423243198,"standard",5,"one_step_gamma_poisson_fixed_recruitment_slope","process"
"survival_at_80",0.36,0.338193230689333,0.061708598504657,0.214874413980594,0.334253512971527,0.461807285996883,TRUE,-0.353382994251949,1.5,0.958860934330229,"dense_profiles",5,"recursive_gamma_poisson","survival"
"survival_slope_20",0.64,0.628070179318705,0.0469955275768852,0.540938558199463,0.629066997519925,0.717273945932013,TRUE,-0.253850127797322,1,0.953004472423115,"dense_profiles",5,"recursive_gamma_poisson","survival"
"growth_increment_80",8.4,8.73744210103347,0.611369641655443,7.61966372805899,8.75920673078406,9.94237028047875,TRUE,0.551944483405745,6,0.898105059724093,"dense_profiles",5,"recursive_gamma_poisson","growth"
"growth_slope_20",-2.4,-2.70420611239996,0.223254563354691,-3.14532699196475,-2.69864659172429,-2.30725535680984,TRUE,-1.36259751123949,3,0.925581812215103,"dense_profiles",5,"recursive_gamma_poisson","growth"
"log_growth_sd",1.50407739677627,1.7952843966893,0.105831000093068,1.59511161117637,1.79310685123078,1.98599904167709,FALSE,2.75162286718388,0.7,0.848812857009902,"dense_profiles",5,"recursive_gamma_poisson","growth"
"log_recruitment_at_80",-1.69314718055995,-2.00801233885654,0.282880855147347,-2.53720601362511,-2.00020574118844,-1.49659535404624,TRUE,-1.11306634071292,1.5,0.811412763235102,"dense_profiles",5,"recursive_gamma_poisson","recruitment"
"recruitment_slope_20",1.5,1.62069801880296,0.146540747955361,1.34788227685319,1.61927878965248,1.89741627490204,TRUE,0.823648169447878,1,0.853459252044639,"dense_profiles",5,"recursive_gamma_poisson","recruitment"
"recruit_mean_80",44.6,44.7746767570954,0.998148042348175,42.7592906859965,44.8384241969242,46.6510441078096,TRUE,0.175000851260945,10,0.900185195765182,"dense_profiles",5,"recursive_gamma_poisson","recruit_size"
"recruit_mean_slope_20",0.4,0.411602940847755,0.458725669431195,-0.423120801213527,0.383523001875217,1.36142782387455,TRUE,0.0252938556112242,2,0.770637165284402,"dense_profiles",5,"recursive_gamma_poisson","recruit_size"
"log_recruit_sd",1.25276296849537,1.29443176355641,0.038072540108024,1.2177274052046,1.29506714047305,1.36208233860037,TRUE,1.09445797267053,0.7,0.945610656988537,"dense_profiles",5,"recursive_gamma_poisson","recruit_size"
"log_process_precision",NA,3.21693396489945,0.203453587672939,2.81084366800075,3.2322072927671,3.61471010483848,NA,NA,2,0.89827320616353,"dense_profiles",5,"recursive_gamma_poisson","process"
"survival_at_80",0.36,0.326798083412791,0.0941841456175187,0.139150853078044,0.326851346663551,0.523302679065647,TRUE,-0.352521290813018,1.5,0.937210569588321,"dense_profiles",5,"one_step_gamma_poisson","survival"
"survival_slope_20",0.64,0.623778911348884,0.0671602493936486,0.489595130891278,0.624243367973158,0.752183565759302,TRUE,-0.241528118158692,1,0.932839750606351,"dense_profiles",5,"one_step_gamma_poisson","survival"
"growth_increment_80",8.4,9.21133008783418,0.727312923545897,7.76360441587309,9.19754017017022,10.5996824281391,TRUE,1.11551721627422,6,0.878781179409017,"dense_profiles",5,"one_step_gamma_poisson","growth"
"growth_slope_20",-2.4,-2.5845066553915,0.284771491484639,-3.13266000281919,-2.59650264183033,-1.99879960824734,TRUE,-0.647911258355205,3,0.90507616950512,"dense_profiles",5,"one_step_gamma_poisson","growth"
"log_growth_sd",1.50407739677627,1.69968473425979,0.127022554086109,1.46271395859133,1.70217861563543,1.92079899279558,TRUE,1.53994177562289,0.7,0.818539208448416,"dense_profiles",5,"one_step_gamma_poisson","growth"
"log_recruitment_at_80",-1.69314718055995,-1.70544315267164,0.237504607502222,-2.15289379991278,-1.70827055565384,-1.24297518424237,TRUE,-0.0517715097867426,1.5,0.841663594998519,"dense_profiles",5,"one_step_gamma_poisson","recruitment"
"recruitment_slope_20",1.5,1.48220121870928,0.118867211953754,1.25390638930265,1.4868098690832,1.7029597591762,TRUE,-0.149736676735059,1,0.881132788046246,"dense_profiles",5,"one_step_gamma_poisson","recruitment"
"recruit_mean_80",44.6,45.190942325388,0.858076487025818,43.5817436832216,45.1845135954989,46.8046545309222,TRUE,0.688682575881171,10,0.914192351297418,"dense_profiles",5,"one_step_gamma_poisson","recruit_size"
"recruit_mean_slope_20",0.4,0.245534900147229,0.421288830926281,-0.523299779705657,0.248812358071195,1.04846959247129,TRUE,-0.366648931834132,2,0.78935558453686,"dense_profiles",5,"one_step_gamma_poisson","recruit_size"
"log_recruit_sd",1.25276296849537,1.31227788977402,0.03721567243206,1.23462602059022,1.31347658896744,1.38234823693783,TRUE,1.59918973350014,0.7,0.946834753668486,"dense_profiles",5,"one_step_gamma_poisson","recruit_size"
"log_process_precision",NA,3.50592345913343,0.217604150260468,3.11075727637782,3.50368928311087,3.91925021143929,NA,NA,2,0.891197924869766,"dense_profiles",5,"one_step_gamma_poisson","process"
"survival_at_80",0.36,0.366633221871977,0.138427777646275,0.0983249421828772,0.364177591423405,0.613857205225023,TRUE,0.0479182862338981,1.5,0.907714814902483,"dense_profiles",5,"one_step_shared_gamma_poisson","survival"
"survival_slope_20",0.64,0.643818020595008,0.0703717940313229,0.498936794144839,0.645573192956487,0.769217132084786,TRUE,0.0542549845085461,1,0.929628205968677,"dense_profiles",5,"one_step_shared_gamma_poisson","survival"
"growth_increment_80",8.4,8.87943319356493,0.652285162738074,7.51990920160962,8.88826013390708,10.0367518420772,TRUE,0.735005517452572,6,0.891285806210321,"dense_profiles",5,"one_step_shared_gamma_poisson","growth"
"growth_slope_20",-2.4,-2.51511479186539,0.258670675859365,-2.9811254722138,-2.51873460740163,-1.99359810853136,TRUE,-0.445024514212735,3,0.913776441380212,"dense_profiles",5,"one_step_shared_gamma_poisson","growth"
"log_growth_sd",1.50407739677627,1.74740668490994,0.114905753496512,1.53042340673747,1.74183755486851,1.98080671134318,FALSE,2.11764233495106,0.7,0.835848923576412,"dense_profiles",5,"one_step_shared_gamma_poisson","growth"
"log_recruitment_at_80",-1.69314718055995,-1.65053768585858,0.183946170252712,-2.02742528434681,-1.63387722309478,-1.27855627950412,TRUE,0.231641108063463,1.5,0.877369219831525,"dense_profiles",5,"one_step_shared_gamma_poisson","recruitment"
"recruitment_slope_20",1.5,1.45301716023221,0.0916637374246761,1.25599460944594,1.45347640607793,1.62033321241555,TRUE,-0.512556449123598,1,0.908336262575324,"dense_profiles",5,"one_step_shared_gamma_poisson","recruitment"
"recruit_mean_80",44.6,45.1302696615671,0.610846987726842,43.9322336585484,45.1028490272715,46.334831009926,TRUE,0.86808918145016,10,0.938915301227316,"dense_profiles",5,"one_step_shared_gamma_poisson","recruit_size"
"recruit_mean_slope_20",0.4,0.256589397114639,0.302528474720543,-0.373093760915923,0.275651813643044,0.826468496540303,TRUE,-0.474040015631041,2,0.848735762639728,"dense_profiles",5,"one_step_shared_gamma_poisson","recruit_size"
"log_recruit_sd",1.25276296849537,1.29690273731502,0.0283141006725195,1.24050894863266,1.29897472910835,1.34935546898317,TRUE,1.55893239662347,0.7,0.959551284753544,"dense_profiles",5,"one_step_shared_gamma_poisson","recruit_size"
"log_process_precision",NA,4.17463299496351,0.463771836864114,3.25162483315459,4.17613077068811,5.06077499094109,NA,NA,2,0.768114081567943,"dense_profiles",5,"one_step_shared_gamma_poisson","process"
"survival_at_80",0.36,0.338718522525371,0.0942493275213657,0.140174431002476,0.338166516191492,0.517767471909432,TRUE,-0.225799780585219,1.5,0.937167114985756,"dense_profiles",5,"one_step_gamma_poisson_shape_informed","survival"
"survival_slope_20",0.64,0.628262332021362,0.0687363052245653,0.494621148872836,0.623946360765038,0.768395274456535,TRUE,-0.170763731630476,1,0.931263694775435,"dense_profiles",5,"one_step_gamma_poisson_shape_informed","survival"
"growth_increment_80",8.4,9.16369727221536,0.705778118647514,7.79728124408651,9.18240022808131,10.4477987576899,TRUE,1.08206425225939,6,0.882370313558748,"dense_profiles",5,"one_step_gamma_poisson_shape_informed","growth"
"growth_slope_20",-2.4,-2.56713404271976,0.288453171310352,-3.12796346727957,-2.57695331197473,-2.02833997292287,TRUE,-0.579414821340049,3,0.903848942896549,"dense_profiles",5,"one_step_gamma_poisson_shape_informed","growth"
"log_growth_sd",1.50407739677627,1.69267930258014,0.124938373019611,1.46626886268706,1.68967040997148,1.92672873087162,TRUE,1.50955948317225,0.7,0.821516609971984,"dense_profiles",5,"one_step_gamma_poisson_shape_informed","growth"
"log_recruitment_at_80",-1.69314718055995,-1.72974341691906,0.192500373854686,-2.15286765667418,-1.71867988305653,-1.36669880779086,TRUE,-0.190109949535678,1.5,0.871666417430209,"dense_profiles",5,"one_step_gamma_poisson_shape_informed","recruitment"
"recruitment_slope_20",1.5,1.4935571509253,0.0945570623104591,1.31164088488121,1.48946586667074,1.69284718236334,TRUE,-0.0681371535586196,0.2,0.527214688447704,"dense_profiles",5,"one_step_gamma_poisson_shape_informed","recruitment"
"recruit_mean_80",44.6,45.1897037168929,0.850805226168506,43.567960439399,45.1398897958634,46.8673766970516,TRUE,0.693112475987665,10,0.914919477383149,"dense_profiles",5,"one_step_gamma_poisson_shape_informed","recruit_size"
"recruit_mean_slope_20",0.4,0.241623816161472,0.406252238409965,-0.587870879223665,0.259806533334026,1.00038463173653,TRUE,-0.389846919880117,2,0.796873880795017,"dense_profiles",5,"one_step_gamma_poisson_shape_informed","recruit_size"
"log_recruit_sd",1.25276296849537,1.31096788680325,0.0362350104221549,1.24243427344543,1.30998106379652,1.3822024941126,TRUE,1.60631713996411,0.7,0.948235699396922,"dense_profiles",5,"one_step_gamma_poisson_shape_informed","recruit_size"
"log_process_precision",NA,3.51684745089262,0.218112548458349,3.05914844972779,3.51280549984629,3.93935441519268,NA,NA,2,0.890943725770825,"dense_profiles",5,"one_step_gamma_poisson_shape_informed","process"
"survival_at_80",0.36,0.331053563178044,0.0970625672370629,0.152585399950641,0.32839278277328,0.504559839341016,TRUE,-0.29822451276462,1.5,0.935291621841958,"dense_profiles",5,"one_step_gamma_poisson_fixed_recruitment_slope","survival"
"survival_slope_20",0.64,0.62694906841116,0.0680053989390578,0.491306563058643,0.62994346480079,0.759149496471711,TRUE,-0.191910227606129,1,0.931994601060942,"dense_profiles",5,"one_step_gamma_poisson_fixed_recruitment_slope","survival"
"growth_increment_80",8.4,9.21884538742435,0.697649524845188,7.83026222226089,9.25333933022075,10.6861854175731,TRUE,1.17372026821928,6,0.883725079192469,"dense_profiles",5,"one_step_gamma_poisson_fixed_recruitment_slope","growth"
"growth_slope_20",-2.4,-2.58199434019277,0.282967116519783,-3.10950185819914,-2.59186951974367,-2.03482915448091,TRUE,-0.643164274461026,3,0.905677627826739,"dense_profiles",5,"one_step_gamma_poisson_fixed_recruitment_slope","growth"
"log_growth_sd",1.50407739677627,1.68912586256231,0.128700129292369,1.45405307994096,1.6854019053049,1.94761173709239,TRUE,1.43782657254104,0.7,0.816142672439473,"dense_profiles",5,"one_step_gamma_poisson_fixed_recruitment_slope","growth"
"log_recruitment_at_80",-1.69314718055995,-1.74239489616036,0.0446491706465174,-1.8203173562661,-1.74419080063938,-1.65213934239781,TRUE,-1.10299284146399,1.5,0.970233886235655,"dense_profiles",5,"one_step_gamma_poisson_fixed_recruitment_slope","recruitment"
"recruitment_slope_20",1.5,1.5,0,1.5,1.5,1.5,TRUE,NA,NA,NA,"dense_profiles",5,"one_step_gamma_poisson_fixed_recruitment_slope","recruitment"
"recruit_mean_80",44.6,45.0974320355682,0.81660380011071,43.4469114873557,45.065245399018,46.7423392116847,TRUE,0.609147343547402,10,0.918339619988929,"dense_profiles",5,"one_step_gamma_poisson_fixed_recruitment_slope","recruit_size"
"recruit_mean_slope_20",0.4,0.29628751753917,0.39328484765595,-0.427562630862313,0.303361619869852,1.07604707226099,TRUE,-0.263708309839486,2,0.803357576172025,"dense_profiles",5,"one_step_gamma_poisson_fixed_recruitment_slope","recruit_size"
"log_recruit_sd",1.25276296849537,1.30999557673015,0.0337323490200744,1.24368475083103,1.31152976372044,1.37322691804822,TRUE,1.69666832869313,0.7,0.951810929971322,"dense_profiles",5,"one_step_gamma_poisson_fixed_recruitment_slope","recruit_size"
"log_process_precision",NA,3.50970764706545,0.234573351248318,3.05859801296351,3.51019724609902,3.93924048836132,NA,NA,2,0.882713324375841,"dense_profiles",5,"one_step_gamma_poisson_fixed_recruitment_slope","process"
"survival_at_80",0.36,0.359103547343817,0.0333044187565407,0.294613813202418,0.359654635541885,0.422760598702557,TRUE,-0.0269169284333008,1.5,0.977797054162306,"rich_design",5,"recursive_gamma_poisson","survival"
"survival_slope_20",0.64,0.654401752285266,0.0249090858215829,0.603199571474033,0.654705039401938,0.705534074161702,TRUE,0.578172655087477,1,0.975090914178417,"rich_design",5,"recursive_gamma_poisson","survival"
"growth_increment_80",8.4,8.0872411868983,0.276068242107124,7.57218921487461,8.08978631773731,8.61662612739908,TRUE,-1.13290399038488,6,0.953988626315479,"rich_design",5,"recursive_gamma_poisson","growth"
"growth_slope_20",-2.4,-2.51889374700883,0.118809472380713,-2.75195020538911,-2.52171149230584,-2.27444764120156,TRUE,-1.00070932583425,3,0.960396842539762,"rich_design",5,"recursive_gamma_poisson","growth"
"log_growth_sd",1.50407739677627,1.51157183970247,0.0649422167283656,1.38703446414793,1.51426197583176,1.62458240561841,TRUE,0.115401710993931,0.7,0.907225404673763,"rich_design",5,"recursive_gamma_poisson","growth"
"log_recruitment_at_80",-1.69314718055995,-1.85596356007264,0.149203710603676,-2.15932396268335,-1.85885756352942,-1.5604237732681,TRUE,-1.09123545824657,1.5,0.900530859597549,"rich_design",5,"recursive_gamma_poisson","recruitment"
"recruitment_slope_20",1.5,1.62521051754054,0.08734039383272,1.45052395516857,1.61940910271707,1.80609235017298,TRUE,1.43359231675042,1,0.91265960616728,"rich_design",5,"recursive_gamma_poisson","recruitment"
"recruit_mean_80",44.6,44.686170069212,0.514991473442304,43.763420702862,44.6690879132024,45.7111880805051,TRUE,0.167323293016976,10,0.94850085265577,"rich_design",5,"recursive_gamma_poisson","recruit_size"
"recruit_mean_slope_20",0.4,0.347564292920898,0.249276973519951,-0.151148743460405,0.362908400853158,0.801226226062885,TRUE,-0.210351186227418,2,0.875361513240025,"rich_design",5,"recursive_gamma_poisson","recruit_size"
"log_recruit_sd",1.25276296849537,1.27598385905325,0.0250749080921688,1.23014039038219,1.27592400387879,1.31779709766499,TRUE,0.926060844272323,0.7,0.964178702725473,"rich_design",5,"recursive_gamma_poisson","recruit_size"
"log_process_precision",NA,3.81698791257033,0.277662310625475,3.26081796022962,3.80450491146338,4.33891843904214,NA,NA,2,0.861168844687262,"rich_design",5,"recursive_gamma_poisson","process"
"survival_at_80",0.36,0.436880737389479,0.0914008261182256,0.26191984357418,0.437095281615139,0.619394880870203,TRUE,0.84113832067595,1.5,0.939066115921183,"rich_design",5,"one_step_gamma_poisson","survival"
"survival_slope_20",0.64,0.570464448245986,0.0595066910811052,0.46554709175988,0.571505152813594,0.696137866222291,TRUE,-1.1685333277772,1,0.940493308918895,"rich_design",5,"one_step_gamma_poisson","survival"
"growth_increment_80",8.4,7.72408530601374,0.619067794732453,6.55199402980585,7.7075487852679,8.79442022197876,TRUE,-1.09182661372068,6,0.896822034211258,"rich_design",5,"one_step_gamma_poisson","growth"
"growth_slope_20",-2.4,-1.89853145429947,0.239056369411333,-2.35209632745258,-1.88988116948445,-1.43732876935664,FALSE,2.09769999826976,3,0.920314543529556,"rich_design",5,"one_step_gamma_poisson","growth"
"log_growth_sd",1.50407739677627,1.80761362033502,0.0820561934850061,1.66215796019164,1.80469838710635,1.97732355584419,FALSE,3.69912630195558,0.7,0.882776866449991,"rich_design",5,"one_step_gamma_poisson","growth"
"log_recruitment_at_80",-1.69314718055995,-1.44821474027679,0.160583161143655,-1.73688439026983,-1.45420654248832,-1.12607259610329,TRUE,1.5252685184348,1.5,0.892944559237563,"rich_design",5,"one_step_gamma_poisson","recruitment"
"recruitment_slope_20",1.5,1.35023734675777,0.087968175079596,1.18383036125737,1.35228078871164,1.50362771786499,TRUE,-1.70246402300291,1,0.912031824920404,"rich_design",5,"one_step_gamma_poisson","recruitment"
"recruit_mean_80",44.6,44.4450903668187,0.530015825550895,43.3385448244502,44.4467351959018,45.4082043050393,TRUE,-0.292273599604839,10,0.94699841744491,"rich_design",5,"one_step_gamma_poisson","recruit_size"
"recruit_mean_slope_20",0.4,0.411151111534396,0.283775663525086,-0.12065054641929,0.411113164194668,1.01685359015865,TRUE,0.0392955174375277,2,0.858112168237457,"rich_design",5,"one_step_gamma_poisson","recruit_size"
"log_recruit_sd",1.25276296849537,1.23666956843659,0.0346227478089275,1.16451726725482,1.23593730050463,1.30514794295287,TRUE,-0.464821571863555,0.7,0.950538931701532,"rich_design",5,"one_step_gamma_poisson","recruit_size"
"log_process_precision",NA,3.20378351275104,0.181020184272812,2.8383920873363,3.19218394447487,3.53212486225029,NA,NA,2,0.909489907863594,"rich_design",5,"one_step_gamma_poisson","process"
"survival_at_80",0.36,0.452545757455201,0.12194633826197,0.213144557172809,0.457012434951595,0.693793238696835,TRUE,0.758905587278809,1.5,0.918702441158686,"rich_design",5,"one_step_shared_gamma_poisson","survival"
"survival_slope_20",0.64,0.589616837918668,0.0627521149380977,0.461442716188141,0.593201581022616,0.706868746861048,TRUE,-0.80289185680886,1,0.937247885061902,"rich_design",5,"one_step_shared_gamma_poisson","survival"
"growth_increment_80",8.4,7.53237521430564,0.6016683230391,6.28267694172929,7.53025254051612,8.70735820710208,TRUE,-1.44203168501856,6,0.89972194616015,"rich_design",5,"one_step_shared_gamma_poisson","growth"
"growth_slope_20",-2.4,-1.82116304639331,0.236300984396223,-2.25330401554059,-1.82334681185414,-1.3349780863134,FALSE,2.44957487200355,3,0.921233005201259,"rich_design",5,"one_step_shared_gamma_poisson","growth"
"log_growth_sd",1.50407739677627,1.81354213829984,0.0772581109976076,1.67401413635056,1.81793309606759,1.95462293268625,FALSE,4.00559549706238,0.7,0.889631270003418,"rich_design",5,"one_step_shared_gamma_poisson","growth"
"log_recruitment_at_80",-1.69314718055995,-1.52491488960124,0.137359456411223,-1.81232092963716,-1.52155859682842,-1.26016280387755,TRUE,1.22475944033339,1.5,0.908427029059185,"rich_design",5,"one_step_shared_gamma_poisson","recruitment"
"recruitment_slope_20",1.5,1.39625075907243,0.0708280753527184,1.26288009856375,1.39419232402393,1.53343853367403,TRUE,-1.46480389889045,1,0.929171924647282,"rich_design",5,"one_step_shared_gamma_poisson","recruitment"
"recruit_mean_80",44.6,44.3034632704735,0.399320857598076,43.5587268931533,44.3046307252753,45.072980625953,TRUE,-0.742602656195262,10,0.960067914240192,"rich_design",5,"one_step_shared_gamma_poisson","recruit_size"
"recruit_mean_slope_20",0.4,0.489438136879888,0.201322964741991,0.102598688344703,0.48683676973287,0.870856951816304,TRUE,0.444252035501806,2,0.899338517629004,"rich_design",5,"one_step_shared_gamma_poisson","recruit_size"
"log_recruit_sd",1.25276296849537,1.2256825059351,0.0296355031151395,1.16649328402484,1.22675088610885,1.28129213253881,TRUE,-0.91378447178893,0.7,0.957663566978372,"rich_design",5,"one_step_shared_gamma_poisson","recruit_size"
"log_process_precision",NA,3.57469335143096,0.291651334563504,3.05732386712174,3.58667853560492,4.13109238228151,NA,NA,2,0.854174332718248,"rich_design",5,"one_step_shared_gamma_poisson","process"
"survival_at_80",0.36,0.42956434002592,0.0848374241339772,0.257650042176298,0.427236263381754,0.586575004429513,TRUE,0.819972326317483,1.5,0.943441717244015,"rich_design",5,"one_step_gamma_poisson_shape_informed","survival"
"survival_slope_20",0.64,0.562182806959358,0.057344190209583,0.457149445575283,0.558417091903478,0.669970008641461,TRUE,-1.35701965196882,1,0.942655809790417,"rich_design",5,"one_step_gamma_poisson_shape_informed","survival"
"growth_increment_80",8.4,7.68871126140363,0.611934326454095,6.60930436512684,7.6547433892988,8.92125937137819,TRUE,-1.16236123362779,6,0.898010945590984,"rich_design",5,"one_step_gamma_poisson_shape_informed","growth"
"growth_slope_20",-2.4,-1.89619501233295,0.24769188062487,-2.39507752642859,-1.88841157523467,-1.47578109858301,FALSE,2.03399879881435,3,0.91743603979171,"rich_design",5,"one_step_gamma_poisson_shape_informed","growth"
"log_growth_sd",1.50407739677627,1.8079859737315,0.0805794818744947,1.64774357925904,1.80919545826278,1.95811827030638,FALSE,3.77153798815156,0.7,0.884886454465008,"rich_design",5,"one_step_gamma_poisson_shape_informed","growth"
"log_recruitment_at_80",-1.69314718055995,-1.50044987592359,0.141728535136352,-1.76195263496912,-1.50630067357324,-1.1912246850765,TRUE,1.35962249557556,1.5,0.905514309909099,"rich_design",5,"one_step_gamma_poisson_shape_informed","recruitment"
"recruitment_slope_20",1.5,1.37947136508372,0.0745295265336219,1.22688575042225,1.37844122411058,1.52500778167799,TRUE,-1.61719308470196,0.2,0.627352367331891,"rich_design",5,"one_step_gamma_poisson_shape_informed","recruitment"
"recruit_mean_80",44.6,44.4116151694814,0.531487836254443,43.3996979616757,44.412004780467,45.5494310770003,TRUE,-0.35444805632095,10,0.946851216374556,"rich_design",5,"one_step_gamma_poisson_shape_informed","recruit_size"
"recruit_mean_slope_20",0.4,0.427650977054506,0.285420278655843,-0.166964437485789,0.433573233948514,0.977518147641895,TRUE,0.0968781096589407,2,0.857289860672079,"rich_design",5,"one_step_gamma_poisson_shape_informed","recruit_size"
"log_recruit_sd",1.25276296849537,1.23420596085142,0.03620844325771,1.16599383595249,1.23426098130004,1.30646515985476,TRUE,-0.512504984317276,0.7,0.948273652488986,"rich_design",5,"one_step_gamma_poisson_shape_informed","recruit_size"
"log_process_precision",NA,3.19518910001858,0.183916229728083,2.85543708423958,3.19702207481679,3.56967322584986,NA,NA,2,0.908041885135959,"rich_design",5,"one_step_gamma_poisson_shape_informed","process"
"survival_at_80",0.36,0.463691186395886,0.0898549434292788,0.286132505944317,0.46419064633026,0.627025637216633,TRUE,1.15398421543159,1.5,0.940096704380481,"rich_design",5,"one_step_gamma_poisson_fixed_recruitment_slope","survival"
"survival_slope_20",0.64,0.565750581215037,0.0588294216348247,0.459272509347749,0.567051635653162,0.676657008276166,TRUE,-1.26211369620214,1,0.941170578365175,"rich_design",5,"one_step_gamma_poisson_fixed_recruitment_slope","survival"
"growth_increment_80",8.4,7.45295541236625,0.638671721948505,6.21207251945596,7.45991923716424,8.71512995302639,TRUE,-1.48283469439424,6,0.893554713008582,"rich_design",5,"one_step_gamma_poisson_fixed_recruitment_slope","growth"
"growth_slope_20",-2.4,-1.85198334957983,0.256019231620118,-2.36372590393267,-1.85336943292784,-1.36134201253189,FALSE,2.14052923662124,3,0.914660256126627,"rich_design",5,"one_step_gamma_poisson_fixed_recruitment_slope","growth"
"log_growth_sd",1.50407739677627,1.83976671235641,0.0814789038656437,1.68830523643391,1.84077724175098,1.99709644663411,FALSE,4.11995375065033,0.7,0.883601565906223,"rich_design",5,"one_step_gamma_poisson_fixed_recruitment_slope","growth"
"log_recruitment_at_80",-1.69314718055995,-1.73169387263958,0.0455690877769935,-1.82187249936676,-1.73301684702458,-1.63870559400212,TRUE,-0.84589562705913,1.5,0.969620608148671,"rich_design",5,"one_step_gamma_poisson_fixed_recruitment_slope","recruitment"
"recruitment_slope_20",1.5,1.5,0,1.5,1.5,1.5,TRUE,NA,NA,NA,"rich_design",5,"one_step_gamma_poisson_fixed_recruitment_slope","recruitment"
"recruit_mean_80",44.6,44.0946027435195,0.578578687514706,42.9503704576995,44.0951304410676,45.1405528221602,TRUE,-0.873515162909767,10,0.942142131248529,"rich_design",5,"one_step_gamma_poisson_fixed_recruitment_slope","recruit_size"
"recruit_mean_slope_20",0.4,0.557269925799017,0.294371121160656,0.0218834206265375,0.562763246237505,1.15646035558518,TRUE,0.534257318377318,2,0.852814439419672,"rich_design",5,"one_step_gamma_poisson_fixed_recruitment_slope","recruit_size"
"log_recruit_sd",1.25276296849537,1.22124216965897,0.0369261015006293,1.14488559439049,1.22225485095183,1.28642652075035,TRUE,-0.85361837712173,0.7,0.947248426427672,"rich_design",5,"one_step_gamma_poisson_fixed_recruitment_slope","recruit_size"
"log_process_precision",NA,3.18014325323378,0.170907598278295,2.83371952280492,3.17071706763959,3.49587364673563,NA,NA,2,0.914546200860852,"rich_design",5,"one_step_gamma_poisson_fixed_recruitment_slope","process"
"survival_at_80",0.36,0.347544013260704,0.0989284980552191,0.146526963211817,0.34236451238415,0.549956544291107,TRUE,-0.12590898461173,1.5,0.934047667963187,"standard",6,"recursive_gamma_poisson","survival"
"survival_slope_20",0.64,0.63203233655584,0.0698820434298439,0.48920470284297,0.626446713821774,0.765846248089423,TRUE,-0.114015890965731,1,0.930117956570156,"standard",6,"recursive_gamma_poisson","survival"
"growth_increment_80",8.4,7.73204642175333,0.89604228715819,6.11880612692518,7.72953998622986,9.56154350369308,TRUE,-0.745448722476136,6,0.850659618806968,"standard",6,"recursive_gamma_poisson","growth"
"growth_slope_20",-2.4,-2.00995351830484,0.404827060377719,-2.81270781587434,-1.98041774463326,-1.27122210438268,TRUE,0.96348915344551,3,0.86505764654076,"standard",6,"recursive_gamma_poisson","growth"
"log_growth_sd",1.50407739677627,1.67050129715471,0.144967764396944,1.40122944891236,1.66855818776935,1.945797376887,TRUE,1.14800625553374,0.7,0.792903193718651,"standard",6,"recursive_gamma_poisson","growth"
"log_recruitment_at_80",-1.69314718055995,-1.64531779327607,0.250818378629413,-2.09531392405824,-1.65091266777559,-1.19708436685319,TRUE,0.190693311810876,1.5,0.832787747580391,"standard",6,"recursive_gamma_poisson","recruitment"
"recruitment_slope_20",1.5,1.48467796718436,0.159531510846704,1.16514164553532,1.48345237274025,1.80278139139831,TRUE,-0.0960439272111039,1,0.840468489153296,"standard",6,"recursive_gamma_poisson","recruitment"
"recruit_mean_80",44.6,46.7907075733085,0.861051576561493,45.1626010459262,46.8083123616803,48.3230366427559,FALSE,2.54422340419704,10,0.913894842343851,"standard",6,"recursive_gamma_poisson","recruit_size"
"recruit_mean_slope_20",0.4,-0.835859329080752,0.463792970184851,-1.71599103318737,-0.835838879521204,0.0541513923153538,FALSE,-2.66467887296391,2,0.768103514907574,"standard",6,"recursive_gamma_poisson","recruit_size"
"log_recruit_sd",1.25276296849537,1.249375455126,0.0499898935102541,1.15211622324352,1.25099483764743,1.34066726410746,TRUE,-0.0677639645036111,0.7,0.928585866413923,"standard",6,"recursive_gamma_poisson","recruit_size"
"log_process_precision",NA,5.0659483800109,1.21925761151954,2.63313817193696,5.14328713645249,7.48086147143626,NA,NA,2,0.390371194240228,"standard",6,"recursive_gamma_poisson","process"
"survival_at_80",0.36,0.261749794154196,0.158939112964583,-0.0580019134239835,0.260456571493583,0.548890849987314,TRUE,-0.618162540442123,1.5,0.894040591356944,"standard",6,"one_step_gamma_poisson","survival"
"survival_slope_20",0.64,0.547892502575951,0.118725306006094,0.289380624802216,0.556536987307549,0.778756807543461,TRUE,-0.775803411442215,1,0.881274693993906,"standard",6,"one_step_gamma_poisson","survival"
"growth_increment_80",8.4,9.07938818321491,1.16827339530476,6.59111747517524,9.11621843891861,11.1603380157758,TRUE,0.581531845153146,6,0.805287767449207,"standard",6,"one_step_gamma_poisson","growth"
"growth_slope_20",-2.4,-1.97550119596323,0.480406202742768,-2.92132576253405,-1.9903059414743,-1.02836920673734,TRUE,0.883624735928037,3,0.839864599085744,"standard",6,"one_step_gamma_poisson","growth"
"log_growth_sd",1.50407739677627,1.75764029094831,0.183943981101695,1.39242983367671,1.7596522027511,2.12457183350762,TRUE,1.37847888609007,0.7,0.737222884140436,"standard",6,"one_step_gamma_poisson","growth"
"log_recruitment_at_80",-1.69314718055995,-1.29368256438263,0.222359260329215,-1.70705097781903,-1.29665058567748,-0.840277483746425,TRUE,1.79648293300621,1.5,0.851760493113857,"standard",6,"one_step_gamma_poisson","recruitment"
"recruitment_slope_20",1.5,1.25077238843381,0.142160891150261,0.962663011867892,1.24800963365425,1.50677098091171,TRUE,-1.75313765656379,1,0.857839108849739,"standard",6,"one_step_gamma_poisson","recruitment"
"recruit_mean_80",44.6,46.8524370838393,0.801673724611332,45.2001098403565,46.8116968345669,48.4763221746053,FALSE,2.80966809150607,10,0.919832627538867,"standard",6,"one_step_gamma_poisson","recruit_size"
"recruit_mean_slope_20",0.4,-0.970614293459966,0.458204720451422,-1.91056496179088,-0.960662290019296,-0.0920790828371802,FALSE,-2.99127056593752,2,0.770897639774289,"standard",6,"one_step_gamma_poisson","recruit_size"
"log_recruit_sd",1.25276296849537,1.23617494874683,0.0659913827783772,1.1098524484379,1.23398940236688,1.35928529532492,TRUE,-0.251366451954032,0.7,0.90572659603089,"standard",6,"one_step_gamma_poisson","recruit_size"
"log_process_precision",NA,3.18363873651876,0.465666332865521,2.32366741324935,3.14803170002063,4.10945400283815,NA,NA,2,0.767166833567239,"standard",6,"one_step_gamma_poisson","process"
"survival_at_80",0.36,0.327967935639964,0.225851560218084,-0.0917408694833728,0.336003443680915,0.774604814605635,TRUE,-0.141827952523797,1.5,0.849432293187944,"standard",6,"one_step_shared_gamma_poisson","survival"
"survival_slope_20",0.64,0.596328630224347,0.125880365123268,0.360836034875709,0.592635501374698,0.855788267416246,TRUE,-0.346927574708638,1,0.874119634876732,"standard",6,"one_step_shared_gamma_poisson","survival"
"growth_increment_80",8.4,8.98552803943146,1.08204148578163,6.9240928026553,9.00781346756999,11.0760155887657,TRUE,0.541132708057397,6,0.819659752369728,"standard",6,"one_step_shared_gamma_poisson","growth"
"growth_slope_20",-2.4,-2.03355810420883,0.466286381578481,-2.97846680223064,-2.02669789117688,-1.09225432453242,TRUE,0.785873039119613,3,0.844571206140506,"standard",6,"one_step_shared_gamma_poisson","growth"
"log_growth_sd",1.50407739677627,1.7535179123512,0.179513421132757,1.42608201171967,1.74911868712234,2.13021585878799,TRUE,1.38953686025768,0.7,0.743552255524633,"standard",6,"one_step_shared_gamma_poisson","growth"
"log_recruitment_at_80",-1.69314718055995,-1.38034023910138,0.239996750735538,-1.84863469501617,-1.3687863152612,-0.928397893054104,TRUE,1.30337990201902,1.5,0.840002166176308,"standard",6,"one_step_shared_gamma_poisson","recruitment"
"recruitment_slope_20",1.5,1.3220033360252,0.141438796591442,1.07583490105622,1.32086401073521,1.6102338482036,TRUE,-1.25847128414814,1,0.858561203408558,"standard",6,"one_step_shared_gamma_poisson","recruitment"
"recruit_mean_80",44.6,47.0825179713141,0.771488394090223,45.620949786845,47.0734208435293,48.7095029104297,FALSE,3.21782931581439,10,0.922851160590978,"standard",6,"one_step_shared_gamma_poisson","recruit_size"
"recruit_mean_slope_20",0.4,-1.04521106480704,0.440272862602004,-1.93587796817401,-1.02677358197056,-0.19091147914975,FALSE,-3.2825349631269,2,0.779863568698998,"standard",6,"one_step_shared_gamma_poisson","recruit_size"
"log_recruit_sd",1.25276296849537,1.23627453871252,0.0609250689531025,1.11487195611275,1.23443563492278,1.355797204604,TRUE,-0.270634569089073,0.7,0.912964187209854,"standard",6,"one_step_shared_gamma_poisson","recruit_size"
"log_process_precision",NA,3.47306779813446,0.574957616894875,2.3426525809914,3.44181657479184,4.65123836094525,NA,NA,2,0.712521191552563,"standard",6,"one_step_shared_gamma_poisson","process"
"survival_at_80",0.36,0.270195194745933,0.157516675077856,-0.0176370972098515,0.258963028501791,0.588488290999147,TRUE,-0.570128878162768,1.5,0.89498888328143,"standard",6,"one_step_gamma_poisson_shape_informed","survival"
"survival_slope_20",0.64,0.547701989474804,0.117949460814004,0.338222838373468,0.552751767490656,0.78422823502058,TRUE,-0.782521682491976,1,0.882050539185996,"standard",6,"one_step_gamma_poisson_shape_informed","survival"
"growth_increment_80",8.4,8.97689495334001,1.06750262513419,6.86181727928803,8.9518365542893,10.8669182116777,TRUE,0.540415489158628,6,0.822082895810968,"standard",6,"one_step_gamma_poisson_shape_informed","growth"
"growth_slope_20",-2.4,-2.01229878770945,0.538647968828087,-3.13222504032283,-2.02605101337125,-1.01370884735332,TRUE,0.719767333633612,3,0.820450677057304,"standard",6,"one_step_gamma_poisson_shape_informed","growth"
"log_growth_sd",1.50407739677627,1.77188310235761,0.186329237314762,1.40258749104867,1.76138718147054,2.12676225344061,TRUE,1.43727151702412,0.7,0.733815375264625,"standard",6,"one_step_gamma_poisson_shape_informed","growth"
"log_recruitment_at_80",-1.69314718055995,-1.42317672163267,0.206779172658879,-1.82474238516193,-1.4146941134257,-1.04217922692596,TRUE,1.30559792582519,1.5,0.862147218227414,"standard",6,"one_step_gamma_poisson_shape_informed","recruitment"
"recruitment_slope_20",1.5,1.34013783224261,0.117475255151118,1.13099668316574,1.34093796977614,1.56112681103595,TRUE,-1.36081566753564,0.2,0.412623724244412,"standard",6,"one_step_gamma_poisson_shape_informed","recruitment"
"recruit_mean_80",44.6,46.9358787923693,0.841630039513112,45.2655487354023,46.8834249627405,48.5354724744071,FALSE,2.77542231467951,10,0.915836996048689,"standard",6,"one_step_gamma_poisson_shape_informed","recruit_size"
"recruit_mean_slope_20",0.4,-0.982251025310265,0.492667265616065,-1.98570291208231,-0.985522408463708,-0.0141998561500726,FALSE,-2.80564819662172,2,0.753666367191968,"standard",6,"one_step_gamma_poisson_shape_informed","recruit_size"
"log_recruit_sd",1.25276296849537,1.24352657090287,0.0669014432422174,1.11362070889779,1.24119115823962,1.38027366233239,TRUE,-0.138059765901579,0.7,0.904426509653975,"standard",6,"one_step_gamma_poisson_shape_informed","recruit_size"
"log_process_precision",NA,3.20634652775246,0.473723695770702,2.23405216636154,3.19739672316082,4.16602787964916,NA,NA,2,0.763138152114649,"standard",6,"one_step_gamma_poisson_shape_informed","process"
"survival_at_80",0.36,0.283343468676201,0.17349441934567,-0.0529411758494667,0.288499674353732,0.580837446939876,TRUE,-0.44183859984031,1.5,0.884337053769553,"standard",6,"one_step_gamma_poisson_fixed_recruitment_slope","survival"
"survival_slope_20",0.64,0.540171310756961,0.120941681971191,0.297142807417759,0.529226144471804,0.759929804322152,TRUE,-0.825428318971279,1,0.879058318028809,"standard",6,"one_step_gamma_poisson_fixed_recruitment_slope","survival"
"growth_increment_80",8.4,8.79989422129146,1.2235410098586,6.36179440157004,8.7530650089654,11.1683126810725,TRUE,0.32683352504684,6,0.7960764983569,"standard",6,"one_step_gamma_poisson_fixed_recruitment_slope","growth"
"growth_slope_20",-2.4,-1.90342847138601,0.526145569362316,-2.8827724560353,-1.90409681796447,-0.943546832301427,TRUE,0.943791143610366,3,0.824618143545895,"standard",6,"one_step_gamma_poisson_fixed_recruitment_slope","growth"
"log_growth_sd",1.50407739677627,1.79945837692654,0.193858225381422,1.3899069365629,1.79744553540513,2.16730697715628,TRUE,1.5236958842943,0.7,0.723059678026541,"standard",6,"one_step_gamma_poisson_fixed_recruitment_slope","growth"
"log_recruitment_at_80",-1.69314718055995,-1.70850621661181,0.0790862221788755,-1.854953736587,-1.70639729649071,-1.54768852675579,TRUE,-0.194206217324808,1.5,0.94727585188075,"standard",6,"one_step_gamma_poisson_fixed_recruitment_slope","recruitment"
"recruitment_slope_20",1.5,1.5,0,1.5,1.5,1.5,TRUE,NA,NA,NA,"standard",6,"one_step_gamma_poisson_fixed_recruitment_slope","recruitment"
"recruit_mean_80",44.6,46.8960580173759,0.948664669774464,45.1443145784451,46.9014050603431,48.7730811282704,FALSE,2.42030518320217,10,0.905133533022554,"standard",6,"one_step_gamma_poisson_fixed_recruitment_slope","recruit_size"
"recruit_mean_slope_20",0.4,-0.901138401386906,0.506157645817991,-1.87747420385605,-0.947467610824797,0.0850824620492471,FALSE,-2.57061888156241,2,0.746921177091004,"standard",6,"one_step_gamma_poisson_fixed_recruitment_slope","recruit_size"
"log_recruit_sd",1.25276296849537,1.24875018911089,0.0672559324118546,1.12510092163721,1.24439995219345,1.38353633732051,TRUE,-0.05966431867902,0.7,0.903920096554493,"standard",6,"one_step_gamma_poisson_fixed_recruitment_slope","recruit_size"
"log_process_precision",NA,3.11258600088747,0.474210775579194,2.15397707905629,3.11806434594989,4.01542945693009,NA,NA,2,0.762894612210403,"standard",6,"one_step_gamma_poisson_fixed_recruitment_slope","process"
"survival_at_80",0.36,0.294668690949806,0.0489451442923295,0.20116633715826,0.295523095630668,0.385621319430242,TRUE,-1.33478632037524,1.5,0.967369903805114,"dense_profiles",6,"recursive_gamma_poisson","survival"
"survival_slope_20",0.64,0.631082344710435,0.0351231198657474,0.571307595602294,0.628104938040121,0.703770460598598,TRUE,-0.25389701494773,1,0.964876880134253,"dense_profiles",6,"recursive_gamma_poisson","survival"
"growth_increment_80",8.4,8.77970066598993,0.427000137451138,7.8085912782204,8.7917659447247,9.53442517873926,TRUE,0.889228439729443,6,0.92883331042481,"dense_profiles",6,"recursive_gamma_poisson","growth"
"growth_slope_20",-2.4,-2.36469705827915,0.183504825989756,-2.69942172130661,-2.38259826485068,-1.98572367953327,TRUE,0.192381543811941,3,0.938831724670081,"dense_profiles",6,"recursive_gamma_poisson","growth"
"log_growth_sd",1.50407739677627,1.52228160962896,0.103809499992992,1.33092320612068,1.52428841702131,1.72707316543708,TRUE,0.175361723675761,0.7,0.851700714295725,"dense_profiles",6,"recursive_gamma_poisson","growth"
"log_recruitment_at_80",-1.69314718055995,-1.15850729747174,0.1162206425268,-1.37871045108434,-1.16417321070333,-0.915046430471791,FALSE,4.60021448397104,1.5,0.9225195716488,"dense_profiles",6,"recursive_gamma_poisson","recruitment"
"recruitment_slope_20",1.5,1.21324087011659,0.0787553177307711,1.06325091913668,1.21554889779265,1.37188646953214,FALSE,-3.64113990199,1,0.921244682269229,"dense_profiles",6,"recursive_gamma_poisson","recruitment"
"recruit_mean_80",44.6,45.3705845885867,0.484377947486129,44.360602038009,45.3693682744611,46.3094751229521,TRUE,1.59087463123779,10,0.951562205251387,"dense_profiles",6,"recursive_gamma_poisson","recruit_size"
"recruit_mean_slope_20",0.4,0.0633533625024642,0.289863956284543,-0.505083316652804,0.0607976311597329,0.625937427859399,TRUE,-1.16139530355085,2,0.855068021857728,"dense_profiles",6,"recursive_gamma_poisson","recruit_size"
"log_recruit_sd",1.25276296849537,1.31735221347334,0.0277419116370194,1.26452488309744,1.31915529720168,1.36671472718398,FALSE,2.32821897146333,0.7,0.960368697661401,"dense_profiles",6,"recursive_gamma_poisson","recruit_size"
"log_process_precision",NA,4.71788817799557,0.484256537209079,3.84272743797107,4.67953467001602,5.71776435834061,NA,NA,2,0.75787173139546,"dense_profiles",6,"recursive_gamma_poisson","process"
"survival_at_80",0.36,0.300597911033313,0.081581046330503,0.142231653813494,0.29594852496997,0.46613894174846,TRUE,-0.728135904582984,1.5,0.945612635779665,"dense_profiles",6,"one_step_gamma_poisson","survival"
"survival_slope_20",0.64,0.61367463409477,0.061232035235757,0.496639179413774,0.610607336623222,0.745068843199866,TRUE,-0.429927991187474,1,0.938767964764243,"dense_profiles",6,"one_step_gamma_poisson","survival"
"growth_increment_80",8.4,8.70095799432965,0.495987520264882,7.72399506915556,8.72069425169886,9.69324491218325,TRUE,0.606785417038161,6,0.917335413289186,"dense_profiles",6,"one_step_gamma_poisson","growth"
"growth_slope_20",-2.4,-2.36992710548491,0.236697041013897,-2.83824267298271,-2.36677917487061,-1.93954317791429,TRUE,0.127052262192507,3,0.921100986328701,"dense_profiles",6,"one_step_gamma_poisson","growth"
"log_growth_sd",1.50407739677627,1.55276992671521,0.101988294094368,1.37008290873873,1.54956746550678,1.75978717182082,TRUE,0.477432536462263,0.7,0.854302437008046,"dense_profiles",6,"one_step_gamma_poisson","growth"
"log_recruitment_at_80",-1.69314718055995,-1.25826411657108,0.122891886707414,-1.49640422789986,-1.26618318377277,-1.01827389154694,FALSE,3.53874511687048,1.5,0.91807207552839,"dense_profiles",6,"one_step_gamma_poisson","recruitment"
"recruitment_slope_20",1.5,1.28107389282365,0.0714633012196426,1.14561996804702,1.28664302109087,1.41846782218513,FALSE,-3.06347598613562,1,0.928536698780357,"dense_profiles",6,"one_step_gamma_poisson","recruitment"
"recruit_mean_80",44.6,44.87869421646,0.497581212766419,43.9352293212798,44.9084866475373,45.7904379262112,TRUE,0.560097948454604,10,0.950241878723358,"dense_profiles",6,"one_step_gamma_poisson","recruit_size"
"recruit_mean_slope_20",0.4,0.344559656329559,0.278289977604533,-0.191564378726089,0.351350427268027,0.878197116747167,TRUE,-0.199217895476009,2,0.860855011197733,"dense_profiles",6,"one_step_gamma_poisson","recruit_size"
"log_recruit_sd",1.25276296849537,1.31100060846474,0.0296659563346873,1.25257296272119,1.31164305306366,1.36625563110296,TRUE,1.96311352016927,0.7,0.957620062379018,"dense_profiles",6,"one_step_gamma_poisson","recruit_size"
"log_process_precision",NA,5.57452153596003,0.809301311425147,3.97825262441447,5.6209184425894,7.08578236520047,NA,NA,2,0.595349344287426,"dense_profiles",6,"one_step_gamma_poisson","process"
"survival_at_80",0.36,0.305168002816015,0.0808536562336697,0.136848996150315,0.30637748490409,0.459008497123767,TRUE,-0.678163483733108,1.5,0.946097562510887,"dense_profiles",6,"one_step_shared_gamma_poisson","survival"
"survival_slope_20",0.64,0.616670255700519,0.0571311278053162,0.510721392075472,0.620923187031265,0.72347251802998,TRUE,-0.408354345445115,1,0.942868872194684,"dense_profiles",6,"one_step_shared_gamma_poisson","survival"
"growth_increment_80",8.4,8.69082031002748,0.506856984679642,7.65371703258344,8.72411284789677,9.67349211230571,TRUE,0.573771929396011,6,0.915523835886726,"dense_profiles",6,"one_step_shared_gamma_poisson","growth"
"growth_slope_20",-2.4,-2.36957354031738,0.251108937605617,-2.8910784248067,-2.37433238587996,-1.8857325991125,TRUE,0.121168366099345,3,0.916297020798128,"dense_profiles",6,"one_step_shared_gamma_poisson","growth"
"log_growth_sd",1.50407739677627,1.55249952504377,0.106878763379796,1.32553499436502,1.55016620155867,1.76298584204432,TRUE,0.453056591751776,0.7,0.847316052314577,"dense_profiles",6,"one_step_shared_gamma_poisson","growth"
"log_recruitment_at_80",-1.69314718055995,-1.25078269686712,0.117182575260472,-1.49010804166214,-1.24229900980245,-1.02774230225103,FALSE,3.77500223654877,1.5,0.921878283159685,"dense_profiles",6,"one_step_shared_gamma_poisson","recruitment"
"recruitment_slope_20",1.5,1.27872914888248,0.0689874824267217,1.14757201659079,1.27615769391587,1.42927287223272,FALSE,-3.20740579789323,1,0.931012517573278,"dense_profiles",6,"one_step_shared_gamma_poisson","recruitment"
"recruit_mean_80",44.6,44.8656877045517,0.461765081142951,44.0454327708326,44.8477926146822,45.7533603339755,TRUE,0.575374179212604,10,0.953823491885705,"dense_profiles",6,"one_step_shared_gamma_poisson","recruit_size"
"recruit_mean_slope_20",0.4,0.35135946298962,0.268023930110418,-0.151991868589572,0.358042813366268,0.862178183569541,TRUE,-0.181478336618455,2,0.865988034944791,"dense_profiles",6,"one_step_shared_gamma_poisson","recruit_size"
"log_recruit_sd",1.25276296849537,1.30983839917298,0.0247506119042975,1.26200086787554,1.31039913064057,1.35953243807143,FALSE,2.306020994483,0.7,0.964641982993861,"dense_profiles",6,"one_step_shared_gamma_poisson","recruit_size"
"log_process_precision",NA,6.89559685820236,1.02678477717527,4.89112867983088,6.9114201340705,8.96169029259682,NA,NA,2,0.486607611412365,"dense_profiles",6,"one_step_shared_gamma_poisson","process"
"survival_at_80",0.36,0.305521154580618,0.0855630606867307,0.13518132794879,0.305515690443126,0.479688773262986,TRUE,-0.636709872018763,1.5,0.94295795954218,"dense_profiles",6,"one_step_gamma_poisson_shape_informed","survival"
"survival_slope_20",0.64,0.617489930802298,0.0599097987689263,0.496594966703498,0.61874407194285,0.738304608743398,TRUE,-0.375732679131902,1,0.940090201231074,"dense_profiles",6,"one_step_gamma_poisson_shape_informed","survival"
"growth_increment_80",8.4,8.66570822789092,0.532920316253087,7.61602975926139,8.66147511946806,9.70029148333741,TRUE,0.49858903814944,6,0.911179947291152,"dense_profiles",6,"one_step_gamma_poisson_shape_informed","growth"
"growth_slope_20",-2.4,-2.35081241667636,0.25220720539668,-2.86093186221233,-2.35206743978313,-1.88882630780463,TRUE,0.19502846180099,3,0.91593093153444,"dense_profiles",6,"one_step_gamma_poisson_shape_informed","growth"
"log_growth_sd",1.50407739677627,1.55111964954894,0.11029535257872,1.3419220686668,1.54621167848187,1.78316508469562,TRUE,0.426511649609975,0.7,0.842435210601828,"dense_profiles",6,"one_step_gamma_poisson_shape_informed","growth"
"log_recruitment_at_80",-1.69314718055995,-1.30298023552308,0.124576499127321,-1.54411271777072,-1.29003928637721,-1.04116992048851,FALSE,3.13194661729977,1.5,0.916949000581786,"dense_profiles",6,"one_step_gamma_poisson_shape_informed","recruitment"
"recruitment_slope_20",1.5,1.30934146952368,0.0696296104543325,1.16659137204633,1.31025059087095,1.43766749116706,FALSE,-2.73818177686579,0.2,0.651851947728338,"dense_profiles",6,"one_step_gamma_poisson_shape_informed","recruitment"
"recruit_mean_80",44.6,44.8397208416977,0.523061631358933,43.8322151735401,44.8653528945064,45.8733986010383,TRUE,0.458303242535398,10,0.947693836864107,"dense_profiles",6,"one_step_gamma_poisson_shape_informed","recruit_size"
"recruit_mean_slope_20",0.4,0.352638417629736,0.284378707640783,-0.198009840131647,0.359220911312236,0.93224658270733,TRUE,-0.166544052341955,2,0.857810646179608,"dense_profiles",6,"one_step_gamma_poisson_shape_informed","recruit_size"
"log_recruit_sd",1.25276296849537,1.30902622589364,0.0303731443360529,1.24899960381684,1.31217075720356,1.36858785551527,TRUE,1.85240147598031,0.7,0.956609793805639,"dense_profiles",6,"one_step_gamma_poisson_shape_informed","recruit_size"
"log_process_precision",NA,5.49982176775507,0.728983219679933,4.15625032367263,5.48412142573562,7.01206928923353,NA,NA,2,0.635508390160033,"dense_profiles",6,"one_step_gamma_poisson_shape_informed","process"
"survival_at_80",0.36,0.32056483913088,0.0914319619540444,0.147753622230679,0.320100699739329,0.510063148078096,TRUE,-0.431306077506475,1.5,0.939045358697304,"dense_profiles",6,"one_step_gamma_poisson_fixed_recruitment_slope","survival"
"survival_slope_20",0.64,0.616821254774264,0.0617877340092104,0.503389535029305,0.611869476850458,0.744726203986691,TRUE,-0.375135058720247,1,0.93821226599079,"dense_profiles",6,"one_step_gamma_poisson_fixed_recruitment_slope","survival"
"growth_increment_80",8.4,8.53052132709294,0.587239526670323,7.45100977846168,8.48758707099382,9.77390590658582,TRUE,0.222262503059012,6,0.902126745554946,"dense_profiles",6,"one_step_gamma_poisson_fixed_recruitment_slope","growth"
"growth_slope_20",-2.4,-2.31267902447327,0.264432161624042,-2.84290134237248,-2.29671485731149,-1.81555410658748,TRUE,0.330220707611492,3,0.911855946125319,"dense_profiles",6,"one_step_gamma_poisson_fixed_recruitment_slope","growth"
"log_growth_sd",1.50407739677627,1.58203542594361,0.113720648472521,1.35467872224934,1.58939983566247,1.78734495163151,TRUE,0.685522200360749,0.7,0.837541930753541,"dense_profiles",6,"one_step_gamma_poisson_fixed_recruitment_slope","growth"
"log_recruitment_at_80",-1.69314718055995,-1.65297836859164,0.0334771089047377,-1.71788672206327,-1.65301630896472,-1.5901992539389,TRUE,1.19988891760656,1.5,0.977681927396842,"dense_profiles",6,"one_step_gamma_poisson_fixed_recruitment_slope","recruitment"
"recruitment_slope_20",1.5,1.5,0,1.5,1.5,1.5,TRUE,NA,NA,NA,"dense_profiles",6,"one_step_gamma_poisson_fixed_recruitment_slope","recruitment"
"recruit_mean_80",44.6,44.4920107701926,0.57415530310474,43.4007780849571,44.4888975376587,45.6071090659947,TRUE,-0.188083658242641,10,0.942584469689526,"dense_profiles",6,"one_step_gamma_poisson_fixed_recruitment_slope","recruit_size"
"recruit_mean_slope_20",0.4,0.479609383503899,0.295398583222983,-0.0954117513054565,0.482417565006805,1.02824885792859,TRUE,0.269498189988965,2,0.852300708388509,"dense_profiles",6,"one_step_gamma_poisson_fixed_recruitment_slope","recruit_size"
"log_recruit_sd",1.25276296849537,1.30004673794511,0.0309069950477907,1.24192345594544,1.3006585761245,1.36377279312056,TRUE,1.52987274811507,0.7,0.955847149931727,"dense_profiles",6,"one_step_gamma_poisson_fixed_recruitment_slope","recruit_size"
"log_process_precision",NA,4.99123633245339,0.506708403494328,3.99658300239214,4.98060552212411,5.93496318237373,NA,NA,2,0.746645798252836,"dense_profiles",6,"one_step_gamma_poisson_fixed_recruitment_slope","process"
"survival_at_80",0.36,0.392279839159946,0.0357779607513181,0.323278006134157,0.393917649886628,0.459594197380983,TRUE,0.902226915175902,1.5,0.976148026165788,"rich_design",6,"recursive_gamma_poisson","survival"
"survival_slope_20",0.64,0.737130455803357,0.0299333973310624,0.681683953688799,0.73614317004383,0.801121754737876,FALSE,3.2448857952573,1,0.970066602668938,"rich_design",6,"recursive_gamma_poisson","survival"
"growth_increment_80",8.4,8.70080025649715,0.269632918497533,8.19730536002613,8.7059071744076,9.23773235797882,TRUE,1.11559173921824,6,0.955061180250411,"rich_design",6,"recursive_gamma_poisson","growth"
"growth_slope_20",-2.4,-2.42371778980841,0.120374852936541,-2.66386115870867,-2.42839255987645,-2.19873592494341,TRUE,-0.197032762489968,3,0.959875049021153,"rich_design",6,"recursive_gamma_poisson","growth"
"log_growth_sd",1.50407739677627,1.46106433252661,0.080349070840247,1.29761414951351,1.46369753800756,1.60404599282352,TRUE,-0.535327463029239,0.7,0.885215613085361,"rich_design",6,"recursive_gamma_poisson","growth"
"log_recruitment_at_80",-1.69314718055995,-1.27727949256204,0.118059500714425,-1.4953594925465,-1.27775838062862,-1.0495791481017,FALSE,3.52252623025954,1.5,0.921293666190383,"rich_design",6,"recursive_gamma_poisson","recruitment"
"recruitment_slope_20",1.5,1.26780732529034,0.0653695401507077,1.13881041364443,1.26877583905908,1.39066494050422,FALSE,-3.55200104168313,1,0.934630459849292,"rich_design",6,"recursive_gamma_poisson","recruitment"
"recruit_mean_80",44.6,45.0005019484198,0.488119657529368,44.1216165581372,45.031212100946,46.0016505764497,TRUE,0.820499527609619,10,0.951188034247063,"rich_design",6,"recursive_gamma_poisson","recruit_size"
"recruit_mean_slope_20",0.4,0.314888599724785,0.244797072986716,-0.164830949453084,0.322749972506697,0.778718150061205,TRUE,-0.347681445847327,2,0.877601463506642,"rich_design",6,"recursive_gamma_poisson","recruit_size"
"log_recruit_sd",1.25276296849537,1.30699358452711,0.0254920235439044,1.25353320840535,1.30605171931403,1.35335581651365,FALSE,2.12735626649417,0.7,0.963582823508708,"rich_design",6,"recursive_gamma_poisson","recruit_size"
"log_process_precision",NA,2.85788223117312,0.143176477526777,2.5901348567248,2.86261068513599,3.12456751989827,NA,NA,2,0.928411761236612,"rich_design",6,"recursive_gamma_poisson","process"
"survival_at_80",0.36,0.426813773720786,0.0784093707963734,0.284026788255838,0.42102899413605,0.590291328649002,TRUE,0.852114652141503,1.5,0.947727086135751,"rich_design",6,"one_step_gamma_poisson","survival"
"survival_slope_20",0.64,0.624285602207724,0.0529138234165757,0.534222473486686,0.624811736053862,0.730664592907388,TRUE,-0.296980954646969,1,0.947086176583424,"rich_design",6,"one_step_gamma_poisson","survival"
"growth_increment_80",8.4,7.69990740027634,0.454714210304498,6.80094256009636,7.71027276275347,8.60959333342676,TRUE,-1.5396321114637,6,0.924214298282584,"rich_design",6,"one_step_gamma_poisson","growth"
"growth_slope_20",-2.4,-2.16294279769527,0.199588022524904,-2.53027977876067,-2.16689547636418,-1.79011569845289,TRUE,1.18773260692612,3,0.933470659158365,"rich_design",6,"one_step_gamma_poisson","growth"
"log_growth_sd",1.50407739677627,1.70842019487109,0.0773619029694472,1.56459716757694,1.70788094411973,1.85792814770608,FALSE,2.64138794744384,0.7,0.889482995757933,"rich_design",6,"one_step_gamma_poisson","growth"
"log_recruitment_at_80",-1.69314718055995,-1.21202299857788,0.133197669040614,-1.45687827139932,-1.21734246291528,-0.951627714629815,FALSE,3.61210661903826,1.5,0.911201553972924,"rich_design",6,"one_step_gamma_poisson","recruitment"
"recruitment_slope_20",1.5,1.24084731341443,0.0728365697605223,1.090652505041,1.24465917184499,1.3739794319371,FALSE,-3.55800235290634,1,0.927163430239478,"rich_design",6,"one_step_gamma_poisson","recruitment"
"recruit_mean_80",44.6,45.012301858276,0.485987554025034,44.0225739560376,45.0326531072587,45.9046214592935,TRUE,0.848379459229394,10,0.951401244597497,"rich_design",6,"one_step_gamma_poisson","recruit_size"
"recruit_mean_slope_20",0.4,0.209202329142068,0.255813508679071,-0.250661725571414,0.19668498196526,0.716188785015101,TRUE,-0.745846737504762,2,0.872093245660464,"rich_design",6,"one_step_gamma_poisson","recruit_size"
"log_recruit_sd",1.25276296849537,1.28191138224838,0.025751092346696,1.23327411124599,1.28168250999162,1.32943587129605,TRUE,1.13192921529607,0.7,0.963212725219006,"rich_design",6,"one_step_gamma_poisson","recruit_size"
"log_process_precision",NA,3.23064375290026,0.165986453137962,2.94142381654327,3.23067623490571,3.56198822681564,NA,NA,2,0.917006773431019,"rich_design",6,"one_step_gamma_poisson","process"
"survival_at_80",0.36,0.473080704782954,0.107131734621364,0.26856258570094,0.473083106734732,0.682156114799517,TRUE,1.05552948603526,1.5,0.928578843585757,"rich_design",6,"one_step_shared_gamma_poisson","survival"
"survival_slope_20",0.64,0.651973247443192,0.0562750867944487,0.539579973080196,0.655097027118446,0.758998110434892,TRUE,0.212762842764249,1,0.943724913205551,"rich_design",6,"one_step_shared_gamma_poisson","survival"
"growth_increment_80",8.4,7.46111818135428,0.464186373429856,6.60008318311602,7.43930689695521,8.35833802057934,FALSE,-2.02263976796293,6,0.922635604428357,"rich_design",6,"one_step_shared_gamma_poisson","growth"
"growth_slope_20",-2.4,-2.08871703899845,0.192227061803426,-2.50674437523826,-2.07402525871693,-1.7422910436729,TRUE,1.61935035619425,3,0.935924312732191,"rich_design",6,"one_step_shared_gamma_poisson","growth"
"log_growth_sd",1.50407739677627,1.71686641991949,0.0754131920932432,1.57776673421263,1.71378813573046,1.8864568168791,FALSE,2.82164190689758,0.7,0.892266868438224,"rich_design",6,"one_step_shared_gamma_poisson","growth"
"log_recruitment_at_80",-1.69314718055995,-1.12071585088665,0.114901655990353,-1.34027199093922,-1.12336078559887,-0.89947930193388,FALSE,4.98192410491761,1.5,0.923398896006431,"rich_design",6,"one_step_shared_gamma_poisson","recruitment"
"recruitment_slope_20",1.5,1.18420594524214,0.065706287331412,1.05358334073294,1.18505735220446,1.30518649894039,FALSE,-4.80614668068293,1,0.934293712668588,"rich_design",6,"one_step_shared_gamma_poisson","recruitment"
"recruit_mean_80",44.6,45.017104109471,0.334646771868419,44.3804748735589,45.0399296787191,45.6124356810148,TRUE,1.24640111465042,10,0.966535322813158,"rich_design",6,"one_step_shared_gamma_poisson","recruit_size"
"recruit_mean_slope_20",0.4,0.214636311445081,0.183744077897616,-0.11432892760017,0.213002250452211,0.571393572285582,TRUE,-1.00881449174218,2,0.908127961051192,"rich_design",6,"one_step_shared_gamma_poisson","recruit_size"
"log_recruit_sd",1.25276296849537,1.26928610975105,0.0192612631040376,1.23202905508115,1.26936562427721,1.3102173259315,TRUE,0.857843079471635,0.7,0.972483909851375,"rich_design",6,"one_step_shared_gamma_poisson","recruit_size"
"log_process_precision",NA,3.75225833681931,0.282086470079137,3.21868616603422,3.76209060083501,4.30473128838513,NA,NA,2,0.858956764960432,"rich_design",6,"one_step_shared_gamma_poisson","process"
"survival_at_80",0.36,0.422391042583259,0.0803253843042753,0.267272262106838,0.424363806692935,0.572790765748736,TRUE,0.776728840125057,1.5,0.94644974379715,"rich_design",6,"one_step_gamma_poisson_shape_informed","survival"
"survival_slope_20",0.64,0.623057213972913,0.0554271563808039,0.518002760550828,0.620841993180144,0.729038642264219,TRUE,-0.305676623759741,1,0.944572843619196,"rich_design",6,"one_step_gamma_poisson_shape_informed","survival"
"growth_increment_80",8.4,7.68064050789146,0.489120338548622,6.68466403716755,7.66982039228878,8.61138002356908,TRUE,-1.47072087462793,6,0.91847994357523,"rich_design",6,"one_step_gamma_poisson_shape_informed","growth"
"growth_slope_20",-2.4,-2.18642332486302,0.199002449930946,-2.57380657421351,-2.18667420621391,-1.80630132945748,TRUE,1.07323641096426,3,0.933665850023018,"rich_design",6,"one_step_gamma_poisson_shape_informed","growth"
"log_growth_sd",1.50407739677627,1.70740331887713,0.0798705078629847,1.55611089771268,1.70956482369138,1.87333463230777,FALSE,2.54569461921609,0.7,0.88589927448145,"rich_design",6,"one_step_gamma_poisson_shape_informed","growth"
"log_recruitment_at_80",-1.69314718055995,-1.27760939607089,0.133481816371142,-1.55022024089553,-1.27103002044634,-1.02210868373188,FALSE,3.11306660177342,1.5,0.911012122419239,"rich_design",6,"one_step_gamma_poisson_shape_informed","recruitment"
"recruitment_slope_20",1.5,1.27773116538064,0.0705925109919894,1.13497306205742,1.28312123635544,1.41527836560898,FALSE,-3.14861777114835,0.2,0.647037445040053,"rich_design",6,"one_step_gamma_poisson_shape_informed","recruitment"
"recruit_mean_80",44.6,44.9068968150772,0.497213589981541,43.959440264779,44.9348944258805,45.935821416749,TRUE,0.61723336059369,10,0.950278641001846,"rich_design",6,"one_step_gamma_poisson_shape_informed","recruit_size"
"recruit_mean_slope_20",0.4,0.260371016482565,0.256672877396798,-0.268507290200338,0.253876794231014,0.734936002797629,TRUE,-0.543995863269878,2,0.871663561301601,"rich_design",6,"one_step_gamma_poisson_shape_informed","recruit_size"
"log_recruit_sd",1.25276296849537,1.2796441963445,0.0247990089087172,1.23122106567588,1.2785625419306,1.32550722556638,TRUE,1.08396379662098,0.7,0.964572844416118,"rich_design",6,"one_step_gamma_poisson_shape_informed","recruit_size"
"log_process_precision",NA,3.23130840396913,0.167951413035606,2.91423144943047,3.22074461416923,3.57267262357038,NA,NA,2,0.916024293482197,"rich_design",6,"one_step_gamma_poisson_shape_informed","process"
"survival_at_80",0.36,0.440083772917982,0.0846638297860762,0.293940106934908,0.439780643974904,0.611374028832792,TRUE,0.945903027542382,1.5,0.943557446809283,"rich_design",6,"one_step_gamma_poisson_fixed_recruitment_slope","survival"
"survival_slope_20",0.64,0.62242076730508,0.052104712704069,0.523370065951821,0.624202295628981,0.72386961584248,TRUE,-0.337382777538037,1,0.947895287295931,"rich_design",6,"one_step_gamma_poisson_fixed_recruitment_slope","survival"
"growth_increment_80",8.4,7.52672693469111,0.555537779779187,6.49524309958207,7.52874109550866,8.62594519764725,TRUE,-1.57194181403107,6,0.907410370036802,"rich_design",6,"one_step_gamma_poisson_fixed_recruitment_slope","growth"
"growth_slope_20",-2.4,-2.12685176356086,0.209045471936656,-2.52703098967921,-2.11684012150076,-1.73178776803099,TRUE,1.30664507539253,3,0.930318176021115,"rich_design",6,"one_step_gamma_poisson_fixed_recruitment_slope","growth"
"log_growth_sd",1.50407739677627,1.72897136849317,0.0804365389013728,1.56232034793338,1.72821909277239,1.88239483181063,FALSE,2.79591805898868,0.7,0.885090658712325,"rich_design",6,"one_step_gamma_poisson_fixed_recruitment_slope","growth"
"log_recruitment_at_80",-1.69314718055995,-1.71624823659886,0.0395142396784855,-1.79585939370993,-1.71696447699403,-1.63472445064357,TRUE,-0.584626105092301,1.5,0.973657173547676,"rich_design",6,"one_step_gamma_poisson_fixed_recruitment_slope","recruitment"
"recruitment_slope_20",1.5,1.5,0,1.5,1.5,1.5,TRUE,NA,NA,NA,"rich_design",6,"one_step_gamma_poisson_fixed_recruitment_slope","recruitment"
"recruit_mean_80",44.6,44.4734335843747,0.525588505944081,43.4950468187589,44.4709316951139,45.4667675162393,TRUE,-0.240808948814294,10,0.947441149405592,"rich_design",6,"one_step_gamma_poisson_fixed_recruitment_slope","recruit_size"
"recruit_mean_slope_20",0.4,0.430219374992444,0.250783532531602,-0.00984293777207978,0.41523680178191,0.945917069054168,TRUE,0.120499837797905,2,0.874608233734199,"rich_design",6,"one_step_gamma_poisson_fixed_recruitment_slope","recruit_size"
"log_recruit_sd",1.25276296849537,1.27131233967376,0.0252731096770958,1.21848781070335,1.27219325115589,1.31781161031103,TRUE,0.733956818744979,0.7,0.963895557604149,"rich_design",6,"one_step_gamma_poisson_fixed_recruitment_slope","recruit_size"
"log_process_precision",NA,3.14293972175262,0.142746765248585,2.87872724173087,3.13654637811238,3.4078726494312,NA,NA,2,0.928626617375708,"rich_design",6,"one_step_gamma_poisson_fixed_recruitment_slope","process"
"survival_at_80",0.36,0.333955394312157,0.0962812523232306,0.143830474529599,0.33116288143545,0.522922680067336,TRUE,-0.270505472866175,1.5,0.93581249845118,"standard",7,"recursive_gamma_poisson","survival"
"survival_slope_20",0.64,0.637754783633085,0.0749612094599342,0.491702381257114,0.635235696051948,0.79764526715101,TRUE,-0.0299517094653488,1,0.925038790540066,"standard",7,"recursive_gamma_poisson","survival"
"growth_increment_80",8.4,8.0353166138308,0.780013505077568,6.65030662642456,8.06858431282529,9.56927472427911,TRUE,-0.467534707790649,6,0.869997749153739,"standard",7,"recursive_gamma_poisson","growth"
"growth_slope_20",-2.4,-2.27312783515296,0.384370013491169,-2.96732695383638,-2.28433271936356,-1.56197036537648,TRUE,0.330078206920165,3,0.87187666216961,"standard",7,"recursive_gamma_poisson","growth"
"log_growth_sd",1.50407739677627,1.73299238981651,0.166019357181595,1.40929473332081,1.73400646006208,2.04867504826453,TRUE,1.37884519568309,0.7,0.762829489740579,"standard",7,"recursive_gamma_poisson","growth"
"log_recruitment_at_80",-1.69314718055995,-1.93015481177612,0.415061759822299,-2.6841190367463,-1.95215451354535,-1.0940757591663,TRUE,-0.57101774761819,1.5,0.723292160118467,"standard",7,"recursive_gamma_poisson","recruitment"
"recruitment_slope_20",1.5,1.56849365150177,0.229474868584986,1.12446566188782,1.56840860711186,2.00776649622796,TRUE,0.298479968303812,1,0.770525131415014,"standard",7,"recursive_gamma_poisson","recruitment"
"recruit_mean_80",44.6,44.2840504742417,1.25794200822605,41.8423040185788,44.302734762128,46.6472348901168,TRUE,-0.251163824478535,10,0.874205799177395,"standard",7,"recursive_gamma_poisson","recruit_size"
"recruit_mean_slope_20",0.4,0.612915968006719,0.589519119469515,-0.512687965173756,0.594952342053959,1.72017145162098,TRUE,0.361168893382649,2,0.705240440265242,"standard",7,"recursive_gamma_poisson","recruit_size"
"log_recruit_sd",1.25276296849537,1.2226816819954,0.0722018974859135,1.09385864173775,1.21827107453654,1.38074329063141,TRUE,-0.416627367803453,0.7,0.896854432162981,"standard",7,"recursive_gamma_poisson","recruit_size"
"log_process_precision",NA,3.55830773788894,0.523394378623346,2.58906519936716,3.56319138899279,4.57598792110376,NA,NA,2,0.738302810688327,"standard",7,"recursive_gamma_poisson","process"
"survival_at_80",0.36,0.40345482817267,0.176013255751494,0.0849973026069604,0.398058785120458,0.761600425684467,TRUE,0.246883838306031,1.5,0.882657829499004,"standard",7,"one_step_gamma_poisson","survival"
"survival_slope_20",0.64,0.60338854935983,0.123862960739146,0.381527931015514,0.598639242636496,0.86414038897193,TRUE,-0.2955802963347,1,0.876137039260854,"standard",7,"one_step_gamma_poisson","survival"
"growth_increment_80",8.4,7.12701370847969,1.01104641137416,5.36368975465605,7.09112546425603,9.1336769413738,TRUE,-1.25907799800223,6,0.831492264770974,"standard",7,"one_step_gamma_poisson","growth"
"growth_slope_20",-2.4,-2.02842114401074,0.572656214622037,-3.09170385225857,-2.06190066577643,-0.98601132512938,TRUE,0.64886898369645,3,0.809114595125988,"standard",7,"one_step_gamma_poisson","growth"
"log_growth_sd",1.50407739677627,1.86135093910444,0.132393047902649,1.5902803504762,1.86112069998964,2.12214658813614,FALSE,2.69858234996505,0.7,0.810867074424787,"standard",7,"one_step_gamma_poisson","growth"
"log_recruitment_at_80",-1.69314718055995,-1.99112278214305,0.287993838522868,-2.56196829995763,-2.00248927637121,-1.44533325290453,TRUE,-1.03465964102368,1.5,0.808004107651421,"standard",7,"one_step_gamma_poisson","recruitment"
"recruitment_slope_20",1.5,1.67071571303538,0.140566324500696,1.41110797603286,1.67221440264444,1.95309173784343,TRUE,1.21448514529905,1,0.859433675499304,"standard",7,"one_step_gamma_poisson","recruitment"
"recruit_mean_80",44.6,45.6107411223686,1.19074220597409,43.4371743656572,45.581790812984,47.8553397968539,TRUE,0.84883286852321,10,0.880925779402591,"standard",7,"one_step_gamma_poisson","recruit_size"
"recruit_mean_slope_20",0.4,-0.0830485984321303,0.581295941382042,-1.21037035633682,-0.0942580681421903,0.932339965069262,TRUE,-0.830985671917257,2,0.709352029308979,"standard",7,"one_step_gamma_poisson","recruit_size"
"log_recruit_sd",1.25276296849537,1.21208361389569,0.0572004332006453,1.10167148936072,1.21182755799523,1.32508014762123,TRUE,-0.711172141948323,0.7,0.91828509542765,"standard",7,"one_step_gamma_poisson","recruit_size"
"log_process_precision",NA,4.23054056694359,0.810265548483865,2.70574665239722,4.19989250814225,5.87615553234604,NA,NA,2,0.594867225758067,"standard",7,"one_step_gamma_poisson","process"
"survival_at_80",0.36,0.449499308717648,0.220327711058226,0.00724830994764256,0.460709462773404,0.900613567850181,TRUE,0.406209951021531,1.5,0.853114859294516,"standard",7,"one_step_shared_gamma_poisson","survival"
"survival_slope_20",0.64,0.640931046977899,0.146379183193473,0.34150995095597,0.637182033218051,0.926721477394031,TRUE,0.00636051491467043,1,0.853620816806527,"standard",7,"one_step_shared_gamma_poisson","survival"
"growth_increment_80",8.4,6.98263046031835,1.00651762385233,5.1001803309721,7.01570723865973,8.89129673714636,TRUE,-1.40819147732041,6,0.832247062691278,"standard",7,"one_step_shared_gamma_poisson","growth"
"growth_slope_20",-2.4,-1.9730083669254,0.520813409963347,-3.00372356461353,-1.9864968935576,-1.00890962245188,TRUE,0.819855297321638,3,0.826395530012218,"standard",7,"one_step_shared_gamma_poisson","growth"
"log_growth_sd",1.50407739677627,1.85259431153794,0.123776847888294,1.6048678683093,1.85284677065072,2.10330755518891,FALSE,2.81568743030361,0.7,0.823175931588152,"standard",7,"one_step_shared_gamma_poisson","growth"
"log_recruitment_at_80",-1.69314718055995,-1.97555007960305,0.317594335483474,-2.59592352279745,-1.96158055024626,-1.37078395754437,TRUE,-0.889193752820563,1.5,0.788270443011018,"standard",7,"one_step_shared_gamma_poisson","recruitment"
"recruitment_slope_20",1.5,1.66188906884941,0.159419475817385,1.36751342939083,1.65601092636696,1.96707981231178,TRUE,1.01549116266606,1,0.840580524182615,"standard",7,"one_step_shared_gamma_poisson","recruitment"
"recruit_mean_80",44.6,45.7388000111766,1.08546586466142,43.610807722599,45.7935360340152,47.8110234134608,TRUE,1.04913479847824,10,0.891453413533858,"standard",7,"one_step_shared_gamma_poisson","recruit_size"
"recruit_mean_slope_20",0.4,-0.144265850756005,0.538857794304694,-1.17407936178581,-0.165166770814001,0.882586869312256,TRUE,-1.01003614777121,2,0.730571102847653,"standard",7,"one_step_shared_gamma_poisson","recruit_size"
"log_recruit_sd",1.25276296849537,1.2166723926997,0.0528869282176767,1.10695854373796,1.21641086038753,1.30992181147605,TRUE,-0.682410134449986,0.7,0.924447245403319,"standard",7,"one_step_shared_gamma_poisson","recruit_size"
"log_process_precision",NA,4.46279834247416,0.75841970464726,3.05790668336144,4.41782924596471,6.08400169852623,NA,NA,2,0.62079014767637,"standard",7,"one_step_shared_gamma_poisson","process"
"survival_at_80",0.36,0.404941737430879,0.178502434824189,0.0755962212063848,0.405252105046949,0.714907298450745,TRUE,0.251771005113419,1.5,0.880998376783874,"standard",7,"one_step_gamma_poisson_shape_informed","survival"
"survival_slope_20",0.64,0.599848328643831,0.131664559208125,0.338179017407496,0.592993555145689,0.879632040469528,TRUE,-0.304954283807691,1,0.868335440791875,"standard",7,"one_step_gamma_poisson_shape_informed","survival"
"growth_increment_80",8.4,7.1591832235734,1.0237542489638,5.08765819755624,7.25133739993514,9.0113062978375,TRUE,-1.21202600886151,6,0.829374291839367,"standard",7,"one_step_gamma_poisson_shape_informed","growth"
"growth_slope_20",-2.4,-2.01669947933805,0.55720090887046,-3.05891272062713,-1.97726604067426,-1.02492118430083,TRUE,0.687903617097404,3,0.814266363709847,"standard",7,"one_step_gamma_poisson_shape_informed","growth"
"log_growth_sd",1.50407739677627,1.85829325555907,0.131254311161847,1.58782567219258,1.86911795093883,2.09659806843702,FALSE,2.69869885146875,0.7,0.812493841197361,"standard",7,"one_step_gamma_poisson_shape_informed","growth"
"log_recruitment_at_80",-1.69314718055995,-1.91206764298305,0.241697272034826,-2.36816871316,-1.90976543299773,-1.51001932103148,TRUE,-0.90576306707988,1.5,0.838868485310116,"standard",7,"one_step_gamma_poisson_shape_informed","recruitment"
"recruitment_slope_20",1.5,1.63261004502818,0.121696658913077,1.4244223669232,1.63211545579239,1.86265524397881,TRUE,1.0896769575482,0.2,0.391516705434617,"standard",7,"one_step_gamma_poisson_shape_informed","recruitment"
"recruit_mean_80",44.6,45.612559988228,1.13436802500385,43.4222096190229,45.5744028656447,47.7169603625049,TRUE,0.892620354161085,10,0.886563197499615,"standard",7,"one_step_gamma_poisson_shape_informed","recruit_size"
"recruit_mean_slope_20",0.4,-0.08446492679768,0.566860267840542,-1.20090034284838,-0.0803808599613552,1.00549532569224,TRUE,-0.854646117010903,2,0.716569866079729,"standard",7,"one_step_gamma_poisson_shape_informed","recruit_size"
"log_recruit_sd",1.25276296849537,1.20639253544109,0.0621145892299473,1.09723862715467,1.2047387890485,1.32254970070317,TRUE,-0.746530462958048,0.7,0.911264872528647,"standard",7,"one_step_gamma_poisson_shape_informed","recruit_size"
"log_process_precision",NA,4.12909398632085,0.775179370182896,2.65270575866816,4.15760310058275,5.63099616643766,NA,NA,2,0.612410314908552,"standard",7,"one_step_gamma_poisson_shape_informed","process"
"survival_at_80",0.36,0.398479100623527,0.186547148002493,0.0506213523666684,0.396151940997443,0.766284180163373,TRUE,0.206270109382819,1.5,0.875635234665004,"standard",7,"one_step_gamma_poisson_fixed_recruitment_slope","survival"
"survival_slope_20",0.64,0.613854143856479,0.134965411149713,0.361461087239697,0.614144666238178,0.866206925301356,TRUE,-0.193722642866762,1,0.865034588850287,"standard",7,"one_step_gamma_poisson_fixed_recruitment_slope","survival"
"growth_increment_80",8.4,7.24669014913325,1.09789819511266,5.17908639929448,7.21556297962114,9.48588900861344,TRUE,-1.05047066841057,6,0.817016967481224,"standard",7,"one_step_gamma_poisson_fixed_recruitment_slope","growth"
"growth_slope_20",-2.4,-2.09701426226495,0.556847538367041,-3.19496616123694,-2.06690721783094,-0.977770755981356,TRUE,0.544108964948578,3,0.814384153877653,"standard",7,"one_step_gamma_poisson_fixed_recruitment_slope","growth"
"log_growth_sd",1.50407739677627,1.85732312923248,0.129768572023296,1.61103550216274,1.86346901864192,2.09095848698127,FALSE,2.72212082593301,0.7,0.814616325681006,"standard",7,"one_step_gamma_poisson_fixed_recruitment_slope","growth"
"log_recruitment_at_80",-1.69314718055995,-1.65908145975367,0.0653031840977528,-1.79148623323699,-1.66183531100438,-1.53299563720844,TRUE,0.521654820923908,1.5,0.956464543934831,"standard",7,"one_step_gamma_poisson_fixed_recruitment_slope","recruitment"
"recruitment_slope_20",1.5,1.5,0,1.5,1.5,1.5,TRUE,NA,NA,NA,"standard",7,"one_step_gamma_poisson_fixed_recruitment_slope","recruitment"
"recruit_mean_80",44.6,45.6953837858856,1.11674735624007,43.7687630974893,45.6379462521934,47.9462893599092,TRUE,0.980869826791977,10,0.888325264375993,"standard",7,"one_step_gamma_poisson_fixed_recruitment_slope","recruit_size"
"recruit_mean_slope_20",0.4,-0.114170103907383,0.580510877937577,-1.26988241057491,-0.102014193385781,0.840969444778977,TRUE,-0.88572001567673,2,0.709744561031212,"standard",7,"one_step_gamma_poisson_fixed_recruitment_slope","recruit_size"
"log_recruit_sd",1.25276296849537,1.21219016201481,0.0611271959692053,1.09226970082578,1.20762327073146,1.34481045080527,TRUE,-0.663743949599741,0.7,0.912675434329707,"standard",7,"one_step_gamma_poisson_fixed_recruitment_slope","recruit_size"
"log_process_precision",NA,4.02185877401081,0.699965955095276,2.59834426462329,4.04004573471395,5.34520650023851,NA,NA,2,0.650017022452362,"standard",7,"one_step_gamma_poisson_fixed_recruitment_slope","process"
"survival_at_80",0.36,0.379352456474164,0.0466996157190198,0.280369813151565,0.379882716981852,0.468982443590429,TRUE,0.414402906238101,1.5,0.968866922853987,"dense_profiles",7,"recursive_gamma_poisson","survival"
"survival_slope_20",0.64,0.666367715083042,0.0341029185091122,0.605032067205925,0.66535468345405,0.735367394273674,TRUE,0.773180602592606,1,0.965897081490888,"dense_profiles",7,"recursive_gamma_poisson","survival"
"growth_increment_80",8.4,8.60121835421012,0.395056988812717,7.83701362564031,8.57885274734161,9.38250203597137,TRUE,0.509340069681712,6,0.934157168531214,"dense_profiles",7,"recursive_gamma_poisson","growth"
"growth_slope_20",-2.4,-2.46552824040872,0.165549983055877,-2.77623157497866,-2.47054260986419,-2.12435571755014,TRUE,-0.39582148665402,3,0.944816672314708,"dense_profiles",7,"recursive_gamma_poisson","growth"
"log_growth_sd",1.50407739677627,1.55097135127761,0.0924731960908012,1.35881471441785,1.54947021011264,1.72964186859033,TRUE,0.507108616158245,0.7,0.867895434155998,"dense_profiles",7,"recursive_gamma_poisson","growth"
"log_recruitment_at_80",-1.69314718055995,-1.65597134320414,0.140060583468604,-1.94354721871676,-1.65421515830371,-1.40099710925089,TRUE,0.265426834839243,1.5,0.906626277687598,"dense_profiles",7,"recursive_gamma_poisson","recruitment"
"recruitment_slope_20",1.5,1.47963797582845,0.0800463365139678,1.32693212336842,1.48316283997049,1.64603020583368,TRUE,-0.254377964792934,1,0.919953663486032,"dense_profiles",7,"recursive_gamma_poisson","recruitment"
"recruit_mean_80",44.6,44.6891293672692,0.5820099949578,43.5833709603551,44.6902064175466,45.8487338099777,TRUE,0.153140612775399,10,0.94179900050422,"dense_profiles",7,"recursive_gamma_poisson","recruit_size"
"recruit_mean_slope_20",0.4,0.35730574282515,0.293115134610949,-0.191118324073435,0.349177050250976,0.899011041039367,TRUE,-0.145656952280945,2,0.853442432694526,"dense_profiles",7,"recursive_gamma_poisson","recruit_size"
"log_recruit_sd",1.25276296849537,1.26751205594392,0.0264453412237207,1.21778099484092,1.26656412712804,1.31585783953004,TRUE,0.557719687705283,0.7,0.96222094110897,"dense_profiles",7,"recursive_gamma_poisson","recruit_size"
"log_process_precision",NA,6.66004083561566,1.06084943313019,4.57757211994776,6.6797210662746,8.69760351495269,NA,NA,2,0.469575283434906,"dense_profiles",7,"recursive_gamma_poisson","process"
"survival_at_80",0.36,0.405529588891725,0.0864366192962965,0.244950835299619,0.40312112771697,0.578259931628782,TRUE,0.526739584014206,1.5,0.942375587135802,"dense_profiles",7,"one_step_gamma_poisson","survival"
"survival_slope_20",0.64,0.684929036408695,0.0633775998730755,0.559210551245572,0.679846720177776,0.804669657267475,TRUE,0.708910348430248,1,0.936622400126924,"dense_profiles",7,"one_step_gamma_poisson","survival"
"growth_increment_80",8.4,8.37440464772236,0.452784770153104,7.53160172838217,8.35344600450847,9.23635541969592,TRUE,-0.0565287394030155,6,0.924535871641149,"dense_profiles",7,"one_step_gamma_poisson","growth"
"growth_slope_20",-2.4,-2.47093590549546,0.230969479779481,-2.91987165610353,-2.48259146125227,-2.04732487743877,TRUE,-0.307122419651229,3,0.92301017340684,"dense_profiles",7,"one_step_gamma_poisson","growth"
"log_growth_sd",1.50407739677627,1.59406511928663,0.0887687519186318,1.4232425820442,1.59535040810764,1.76550868276769,TRUE,1.01373197848763,0.7,0.873187497259097,"dense_profiles",7,"one_step_gamma_poisson","growth"
"log_recruitment_at_80",-1.69314718055995,-1.72980413248972,0.128059117520876,-1.98700237798692,-1.73514377755246,-1.48245508112464,TRUE,-0.286250230670233,1.5,0.914627254986083,"dense_profiles",7,"one_step_gamma_poisson","recruitment"
"recruitment_slope_20",1.5,1.50550203882913,0.0641623060768751,1.38496773407502,1.50764242330025,1.63187365666884,TRUE,0.0857518871366911,1,0.935837693923125,"dense_profiles",7,"one_step_gamma_poisson","recruitment"
"recruit_mean_80",44.6,44.4417624311937,0.494073931402507,43.5348382571883,44.4193122154343,45.4519768375148,TRUE,-0.320271033845314,10,0.950592606859749,"dense_profiles",7,"one_step_gamma_poisson","recruit_size"
"recruit_mean_slope_20",0.4,0.461814521249279,0.242952004177535,-0.0312802693649487,0.476364188242293,0.905888456080016,TRUE,0.254430999482961,2,0.878523997911233,"dense_profiles",7,"one_step_gamma_poisson","recruit_size"
"log_recruit_sd",1.25276296849537,1.25686275383426,0.0272325522946714,1.20438874935471,1.25593996111259,1.30730813497012,TRUE,0.15054723092182,0.7,0.961096353864755,"dense_profiles",7,"one_step_gamma_poisson","recruit_size"
"log_process_precision",NA,7.06668529636627,0.979210240912359,5.09466007083388,7.03951651788712,9.06529826828069,NA,NA,2,0.510394879543821,"dense_profiles",7,"one_step_gamma_poisson","process"
"survival_at_80",0.36,0.402876809276773,0.0862231119639306,0.233163487734692,0.402848709896793,0.565127616733174,TRUE,0.497277450328043,1.5,0.94251792535738,"dense_profiles",7,"one_step_shared_gamma_poisson","survival"
"survival_slope_20",0.64,0.686837507247678,0.0593049770675912,0.569351018134181,0.685710496334301,0.797991468175598,TRUE,0.789773633910965,1,0.940695022932409,"dense_profiles",7,"one_step_shared_gamma_poisson","survival"
"growth_increment_80",8.4,8.41608314012511,0.446016761748144,7.49346537180058,8.41476726242571,9.39022842926616,TRUE,0.0360594970961992,6,0.925663873041976,"dense_profiles",7,"one_step_shared_gamma_poisson","growth"
"growth_slope_20",-2.4,-2.45235545059612,0.233645069549746,-2.91497351173973,-2.44708131940035,-1.99865022098556,TRUE,-0.224081127399818,3,0.922118310150085,"dense_profiles",7,"one_step_shared_gamma_poisson","growth"
"log_growth_sd",1.50407739677627,1.58622033844767,0.0880932465349883,1.41036092793772,1.58965886301346,1.74790417761599,TRUE,0.932454471850744,0.7,0.874152504950017,"dense_profiles",7,"one_step_shared_gamma_poisson","growth"
"log_recruitment_at_80",-1.69314718055995,-1.73106521445878,0.130462509699364,-1.99308002837608,-1.72041660002371,-1.4943071863394,TRUE,-0.290643143277023,1.5,0.913024993533757,"dense_profiles",7,"one_step_shared_gamma_poisson","recruitment"
"recruitment_slope_20",1.5,1.50820825706329,0.0662305600648354,1.38230820272169,1.50404001482065,1.63457358432905,TRUE,0.123934586318692,1,0.933769439935165,"dense_profiles",7,"one_step_shared_gamma_poisson","recruitment"
"recruit_mean_80",44.6,44.414408443603,0.503926891074863,43.5622774004606,44.4019425419788,45.4893709700557,TRUE,-0.368290638352567,10,0.949607310892514,"dense_profiles",7,"one_step_shared_gamma_poisson","recruit_size"
"recruit_mean_slope_20",0.4,0.47637335884973,0.246213582886367,-0.0189801712026241,0.479438174082028,0.944302450215879,TRUE,0.31019149290792,2,0.876893208556816,"dense_profiles",7,"one_step_shared_gamma_poisson","recruit_size"
"log_recruit_sd",1.25276296849537,1.25785587490925,0.028283514348089,1.20406532493191,1.25860695458214,1.31225892100718,TRUE,0.180066251711135,0.7,0.95959497950273,"dense_profiles",7,"one_step_shared_gamma_poisson","recruit_size"
"log_process_precision",NA,7.26139356129789,1.02068267552006,5.34482031776454,7.25079871382271,9.22128879398755,NA,NA,2,0.489658662239968,"dense_profiles",7,"one_step_shared_gamma_poisson","process"
"survival_at_80",0.36,0.401029800262026,0.0816390556428607,0.238231207038725,0.3975018849772,0.567741831652879,TRUE,0.502575635386025,1.5,0.94557396290476,"dense_profiles",7,"one_step_gamma_poisson_shape_informed","survival"
"survival_slope_20",0.64,0.682580112878994,0.0606009326619919,0.560843333435512,0.680250777834912,0.791923717331489,TRUE,0.702631312895615,1,0.939399067338008,"dense_profiles",7,"one_step_gamma_poisson_shape_informed","survival"
"growth_increment_80",8.4,8.35712578052992,0.444622675372347,7.54259251595193,8.35435105257261,9.16330558624405,TRUE,-0.0964283241608801,6,0.925896220771276,"dense_profiles",7,"one_step_gamma_poisson_shape_informed","growth"
"growth_slope_20",-2.4,-2.4501629532651,0.216522993354528,-2.88770458563867,-2.45850263991773,-2.00674891765647,TRUE,-0.231674948179588,3,0.927825668881824,"dense_profiles",7,"one_step_gamma_poisson_shape_informed","growth"
"log_growth_sd",1.50407739677627,1.59231542156198,0.0905548803163427,1.40747519987141,1.5911781538177,1.76933504027489,TRUE,0.974414901521072,0.7,0.870635885262368,"dense_profiles",7,"one_step_gamma_poisson_shape_informed","growth"
"log_recruitment_at_80",-1.69314718055995,-1.73571042781342,0.135894145601618,-1.98940059661962,-1.74119683265011,-1.47768771745496,TRUE,-0.313208836665063,1.5,0.909403902932254,"dense_profiles",7,"one_step_gamma_poisson_shape_informed","recruitment"
"recruitment_slope_20",1.5,1.50851546087239,0.0696603793305216,1.37687033743988,1.51388296726502,1.6399851819857,TRUE,0.122242528022773,0.2,0.651698103347392,"dense_profiles",7,"one_step_gamma_poisson_shape_informed","recruitment"
"recruit_mean_80",44.6,44.4313091279989,0.534341118782844,43.4613292854321,44.4081555333805,45.5219397516563,TRUE,-0.315698841192304,10,0.946565888121716,"dense_profiles",7,"one_step_gamma_poisson_shape_informed","recruit_size"
"recruit_mean_slope_20",0.4,0.466874321979116,0.260313563270742,-0.0662744458948885,0.469430071709912,0.933992646288613,TRUE,0.256899107133969,2,0.869843218364629,"dense_profiles",7,"one_step_gamma_poisson_shape_informed","recruit_size"
"log_recruit_sd",1.25276296849537,1.25574120933911,0.02873532600631,1.20143242545884,1.25570880387054,1.31152376815552,TRUE,0.103643885685708,0.7,0.9589495342767,"dense_profiles",7,"one_step_gamma_poisson_shape_informed","recruit_size"
"log_process_precision",NA,7.07105181439508,0.967915358095593,5.03808696178453,7.15726022342603,8.83580543247648,NA,NA,2,0.516042320952204,"dense_profiles",7,"one_step_gamma_poisson_shape_informed","process"
"survival_at_80",0.36,0.398025086458471,0.0821436768159164,0.222540256854035,0.400747584519604,0.54671111955499,TRUE,0.462909476814455,1.5,0.945237548789389,"dense_profiles",7,"one_step_gamma_poisson_fixed_recruitment_slope","survival"
"survival_slope_20",0.64,0.680731926686732,0.0605221585441691,0.564904299301104,0.686526007786682,0.793745530605563,TRUE,0.673008492534286,1,0.939477841455831,"dense_profiles",7,"one_step_gamma_poisson_fixed_recruitment_slope","survival"
"growth_increment_80",8.4,8.41194359597918,0.456823985947484,7.48412255478923,8.39056876665926,9.31897790291304,TRUE,0.0261448530431499,6,0.923862669008753,"dense_profiles",7,"one_step_gamma_poisson_fixed_recruitment_slope","growth"
"growth_slope_20",-2.4,-2.45800904702452,0.202268593041475,-2.86114598988239,-2.4595575358469,-2.04798416819322,TRUE,-0.286792161611711,3,0.932577135652842,"dense_profiles",7,"one_step_gamma_poisson_fixed_recruitment_slope","growth"
"log_growth_sd",1.50407739677627,1.59318624149907,0.0897935041929163,1.42891807142949,1.60124101558088,1.76152672211021,TRUE,0.992375178179364,0.7,0.871723565438691,"dense_profiles",7,"one_step_gamma_poisson_fixed_recruitment_slope","growth"
"log_recruitment_at_80",-1.69314718055995,-1.71910107082269,0.0262489856499948,-1.77095581593329,-1.71950414929229,-1.66845088889906,TRUE,-0.988757836543272,1.5,0.982500676233337,"dense_profiles",7,"one_step_gamma_poisson_fixed_recruitment_slope","recruitment"
"recruitment_slope_20",1.5,1.5,0,1.5,1.5,1.5,TRUE,NA,NA,NA,"dense_profiles",7,"one_step_gamma_poisson_fixed_recruitment_slope","recruitment"
"recruit_mean_80",44.6,44.4728341949688,0.467070629585637,43.6134521819055,44.4597338561607,45.3510860617692,TRUE,-0.272262473759005,10,0.953292937041436,"dense_profiles",7,"one_step_gamma_poisson_fixed_recruitment_slope","recruit_size"
"recruit_mean_slope_20",0.4,0.450239406426725,0.234393923910581,-0.00875248842214512,0.459063197997544,0.889846109190197,TRUE,0.214337494712068,2,0.88280303804471,"dense_profiles",7,"one_step_gamma_poisson_fixed_recruitment_slope","recruit_size"
"log_recruit_sd",1.25276296849537,1.25719569771667,0.0260146540491614,1.20760398221462,1.25754104588588,1.30381687818088,TRUE,0.170393548687148,0.7,0.962836208501198,"dense_profiles",7,"one_step_gamma_poisson_fixed_recruitment_slope","recruit_size"
"log_process_precision",NA,7.12711002784117,1.01651787919217,5.12894633244924,7.1021376595537,9.11769273287485,NA,NA,2,0.491741060403916,"dense_profiles",7,"one_step_gamma_poisson_fixed_recruitment_slope","process"
"survival_at_80",0.36,0.39786239326224,0.0361342271916793,0.333834894061919,0.397811276260139,0.472275907932323,TRUE,1.04782629116138,1.5,0.975910515205547,"rich_design",7,"recursive_gamma_poisson","survival"
"survival_slope_20",0.64,0.610960281917504,0.025243606812108,0.557284088442495,0.610338551034531,0.658695941810601,TRUE,-1.15037911573585,1,0.974756393187892,"rich_design",7,"recursive_gamma_poisson","survival"
"growth_increment_80",8.4,8.47464030919772,0.303283967713322,7.85823040119525,8.48221272128219,9.0438924016058,TRUE,0.246107005788957,6,0.94945267204778,"rich_design",7,"recursive_gamma_poisson","growth"
"growth_slope_20",-2.4,-2.27353825900008,0.10890451560089,-2.49133304164585,-2.272640253312,-2.04673518797083,TRUE,1.16121668878614,3,0.963698494799703,"rich_design",7,"recursive_gamma_poisson","growth"
"log_growth_sd",1.50407739677627,1.4964507702679,0.100054840754218,1.31193650597853,1.49290533914907,1.70002880802576,TRUE,-0.0762244630133471,0.7,0.85706451320826,"rich_design",7,"recursive_gamma_poisson","growth"
"log_recruitment_at_80",-1.69314718055995,-1.80220203724677,0.169758754341953,-2.13911469643532,-1.80337795264743,-1.46394216204834,TRUE,-0.642410797072362,1.5,0.886827497105364,"rich_design",7,"recursive_gamma_poisson","recruitment"
"recruitment_slope_20",1.5,1.50355850641104,0.0911534852088246,1.322217116469,1.50282036554518,1.67600111601147,TRUE,0.0390386215390881,1,0.908846514791175,"rich_design",7,"recursive_gamma_poisson","recruitment"
"recruit_mean_80",44.6,44.8986485688342,0.502157922161153,43.9040961123419,44.9043718547899,45.8666409940546,TRUE,0.594730373960588,10,0.949784207783885,"rich_design",7,"recursive_gamma_poisson","recruit_size"
"recruit_mean_slope_20",0.4,0.256998721486567,0.22545807645143,-0.177128646470568,0.247153761816505,0.710324701331153,TRUE,-0.634269930641585,2,0.887270961774285,"rich_design",7,"recursive_gamma_poisson","recruit_size"
"log_recruit_sd",1.25276296849537,1.24406959966613,0.0213194834141407,1.19738434157761,1.2435795697779,1.28432635605291,TRUE,-0.407766391913188,0.7,0.969543595122656,"rich_design",7,"recursive_gamma_poisson","recruit_size"
"log_process_precision",NA,3.85284192399879,0.274568972438505,3.30298979879629,3.86017072557782,4.38102135833019,NA,NA,2,0.862715513780747,"rich_design",7,"recursive_gamma_poisson","process"
"survival_at_80",0.36,0.476466031754675,0.06762264590292,0.344907338160268,0.474300154488695,0.606072782266415,TRUE,1.72229332643794,1.5,0.95491823606472,"rich_design",7,"one_step_gamma_poisson","survival"
"survival_slope_20",0.64,0.589994010418306,0.0534780325632455,0.493002291990208,0.587164909948844,0.70151332588581,TRUE,-0.935075341871543,1,0.946521967436754,"rich_design",7,"one_step_gamma_poisson","survival"
"growth_increment_80",8.4,7.47558562903121,0.210913595670788,7.10013780423521,7.47869945506194,7.89501662302232,FALSE,-4.3829055591641,6,0.964847734054869,"rich_design",7,"one_step_gamma_poisson","growth"
"growth_slope_20",-2.4,-2.12937428873404,0.09713897551148,-2.32403370666501,-2.12625387302512,-1.96239704195125,FALSE,2.78596423156611,3,0.967620341496173,"rich_design",7,"one_step_gamma_poisson","growth"
"log_growth_sd",1.50407739677627,1.80812284288396,0.0638820306440514,1.68698109944965,1.80950358467198,1.94057016546368,FALSE,4.75948311351934,0.7,0.908739956222784,"rich_design",7,"one_step_gamma_poisson","growth"
"log_recruitment_at_80",-1.69314718055995,-1.52756188921536,0.134568238786877,-1.79336267739616,-1.53418006938806,-1.25386443528842,TRUE,1.23049311514604,1.5,0.910287840808749,"rich_design",7,"one_step_gamma_poisson","recruitment"
"recruitment_slope_20",1.5,1.34152510307661,0.0686837754374749,1.20828479619116,1.34349153911038,1.47273209969039,FALSE,-2.30731196580273,1,0.931316224562525,"rich_design",7,"one_step_gamma_poisson","recruitment"
"recruit_mean_80",44.6,44.9067202420761,0.486133876932568,43.9412461344811,44.9015428523239,45.863913739491,TRUE,0.6309378067035,10,0.951386612306743,"rich_design",7,"one_step_gamma_poisson","recruit_size"
"recruit_mean_slope_20",0.4,0.223893513045218,0.238786798516464,-0.248960940693058,0.223417787815131,0.686760249148748,TRUE,-0.737505121928422,2,0.880606600741768,"rich_design",7,"one_step_gamma_poisson","recruit_size"
"log_recruit_sd",1.25276296849537,1.22010433797246,0.0259263213158781,1.17309913364067,1.21906999534079,1.27419632839599,TRUE,-1.25967082352344,0.7,0.962962398120174,"rich_design",7,"one_step_gamma_poisson","recruit_size"
"log_process_precision",NA,3.52534642801134,0.213889168579924,3.07754167225669,3.53661262932388,3.93425793253806,NA,NA,2,0.893055415710038,"rich_design",7,"one_step_gamma_poisson","process"
"survival_at_80",0.36,0.506101129974967,0.0932102483970753,0.323575823019016,0.508203097739656,0.690690678131318,TRUE,1.5674363333158,1.5,0.93785983440195,"rich_design",7,"one_step_shared_gamma_poisson","survival"
"survival_slope_20",0.64,0.619794657251764,0.0580788387133335,0.50042482470409,0.624215103374092,0.727725618528075,TRUE,-0.34789508874249,1,0.941921161286666,"rich_design",7,"one_step_shared_gamma_poisson","survival"
"growth_increment_80",8.4,7.23726996881984,0.206742604307203,6.78220307698181,7.24096491850606,7.61655768547637,FALSE,-5.62404655332887,6,0.965542899282133,"rich_design",7,"one_step_shared_gamma_poisson","growth"
"growth_slope_20",-2.4,-2.06340294106818,0.094486356822025,-2.24904558960154,-2.0667486615334,-1.87757764148277,FALSE,3.56238794946696,3,0.968504547725992,"rich_design",7,"one_step_shared_gamma_poisson","growth"
"log_growth_sd",1.50407739677627,1.8189792115981,0.0564479395355562,1.71118016930062,1.81798897841798,1.92535325726305,FALSE,5.57862372679644,0.7,0.919360086377777,"rich_design",7,"one_step_shared_gamma_poisson","growth"
"log_recruitment_at_80",-1.69314718055995,-1.48404061123703,0.13466055435624,-1.75844471037839,-1.48584297226631,-1.2198713169906,TRUE,1.55284203546146,1.5,0.91022629709584,"rich_design",7,"one_step_shared_gamma_poisson","recruitment"
"recruitment_slope_20",1.5,1.31408334777045,0.0665522037561881,1.18619911536541,1.3122087107409,1.45195869736456,FALSE,-2.79354614477763,1,0.933447796243812,"rich_design",7,"one_step_shared_gamma_poisson","recruitment"
"recruit_mean_80",44.6,44.9654222291443,0.408938155787704,44.1680535500632,44.9609822494819,45.7668720345459,TRUE,0.893588000954246,10,0.95910618442123,"rich_design",7,"one_step_shared_gamma_poisson","recruit_size"
"recruit_mean_slope_20",0.4,0.202567947046887,0.19620820671764,-0.180454059866854,0.203060157917023,0.567883093611508,TRUE,-1.00623748749324,2,0.90189589664118,"rich_design",7,"one_step_shared_gamma_poisson","recruit_size"
"log_recruit_sd",1.25276296849537,1.22783385872311,0.0187852211776578,1.1914300880544,1.22772517910871,1.26638926531451,TRUE,-1.32705968891717,0.7,0.973163969746203,"rich_design",7,"one_step_shared_gamma_poisson","recruit_size"
"log_process_precision",NA,4.26773531811912,0.308961440715489,3.69170162988901,4.2569913549448,4.83369858925429,NA,NA,2,0.845519279642256,"rich_design",7,"one_step_shared_gamma_poisson","process"
"survival_at_80",0.36,0.478214489798541,0.086641260380037,0.317747110419304,0.47614567899023,0.655011301352191,TRUE,1.36441332085907,1.5,0.942239159746642,"rich_design",7,"one_step_gamma_poisson_shape_informed","survival"
"survival_slope_20",0.64,0.592895245174792,0.0545617043454479,0.48388187166006,0.59307862147682,0.694999544955938,TRUE,-0.863329974572874,1,0.945438295654552,"rich_design",7,"one_step_gamma_poisson_shape_informed","survival"
"growth_increment_80",8.4,7.46004393433738,0.546193747109753,6.40378318652601,7.4657328831911,8.52328043343402,TRUE,-1.72092059024202,6,0.908967708815041,"rich_design",7,"one_step_gamma_poisson_shape_informed","growth"
"growth_slope_20",-2.4,-2.13067976858688,0.196564140639416,-2.53862707944101,-2.13367182373945,-1.72385780273647,TRUE,1.3701391847823,3,0.934478619786861,"rich_design",7,"one_step_gamma_poisson_shape_informed","growth"
"log_growth_sd",1.50407739677627,1.81033829279629,0.0749436333724365,1.67035236881935,1.81037641844515,1.97181337829229,FALSE,4.08654988073552,0.7,0.892937666610805,"rich_design",7,"one_step_gamma_poisson_shape_informed","growth"
"log_recruitment_at_80",-1.69314718055995,-1.571546295086,0.135885749117507,-1.82585207919795,-1.57271490679195,-1.32305113388547,TRUE,0.894875925280383,1.5,0.909409500588329,"rich_design",7,"one_step_gamma_poisson_shape_informed","recruitment"
"recruitment_slope_20",1.5,1.36216420603591,0.0651909144325123,1.23174780003286,1.36494044841106,1.47293491564407,FALSE,-2.11434055134751,0.2,0.674045427837439,"rich_design",7,"one_step_gamma_poisson_shape_informed","recruitment"
"recruit_mean_80",44.6,44.859307835873,0.489012991402369,43.9168362276248,44.8698679009812,45.8226349347655,TRUE,0.530267785175531,10,0.951098700859763,"rich_design",7,"one_step_gamma_poisson_shape_informed","recruit_size"
"recruit_mean_slope_20",0.4,0.24518458083988,0.23740091454974,-0.23796112344925,0.240241275373486,0.679059843926165,TRUE,-0.652126464861127,2,0.88129954272513,"rich_design",7,"one_step_gamma_poisson_shape_informed","recruit_size"
"log_recruit_sd",1.25276296849537,1.2189774199202,0.0293292885870419,1.16169766180436,1.21888483765567,1.27491039324462,TRUE,-1.15193890485611,0.7,0.958101016304226,"rich_design",7,"one_step_gamma_poisson_shape_informed","recruit_size"
"log_process_precision",NA,3.51821238922382,0.206190090270188,3.16303252201409,3.51026150619496,3.91039321991453,NA,NA,2,0.896904954864906,"rich_design",7,"one_step_gamma_poisson_shape_informed","process"
"survival_at_80",0.36,0.491586882627524,0.0844042905737821,0.316437970803388,0.493030385209625,0.65723760995824,TRUE,1.55900703309031,1.5,0.943730472950812,"rich_design",7,"one_step_gamma_poisson_fixed_recruitment_slope","survival"
"survival_slope_20",0.64,0.584205862362023,0.0565300942507716,0.477056468912671,0.585356699969229,0.697496652781422,TRUE,-0.98698115362182,1,0.943469905749228,"rich_design",7,"one_step_gamma_poisson_fixed_recruitment_slope","survival"
"growth_increment_80",8.4,7.29541037953788,0.531135643847583,6.1848209701223,7.28239369307108,8.41463339424584,TRUE,-2.07967518892237,6,0.911477392692069,"rich_design",7,"one_step_gamma_poisson_fixed_recruitment_slope","growth"
"growth_slope_20",-2.4,-2.08195942463274,0.164336133653125,-2.40167326866726,-2.08406344995303,-1.79429363754743,TRUE,1.93530520827861,3,0.945221288782292,"rich_design",7,"one_step_gamma_poisson_fixed_recruitment_slope","growth"
"log_growth_sd",1.50407739677627,1.8278922752368,0.0666056821362442,1.70003348365136,1.82801438558265,1.95498586476397,FALSE,4.86167047727481,0.7,0.904849025519651,"rich_design",7,"one_step_gamma_poisson_fixed_recruitment_slope","growth"
"log_recruitment_at_80",-1.69314718055995,-1.85704296944669,0.0348786335919974,-1.92379144672779,-1.85800561451437,-1.78627023823087,FALSE,-4.69903124084391,1.5,0.976747577605335,"rich_design",7,"one_step_gamma_poisson_fixed_recruitment_slope","recruitment"
"recruitment_slope_20",1.5,1.5,0,1.5,1.5,1.5,TRUE,NA,NA,NA,"rich_design",7,"one_step_gamma_poisson_fixed_recruitment_slope","recruitment"
"recruit_mean_80",44.6,44.6224986316762,0.49971595026406,43.6284787973805,44.635229724793,45.5833157116987,TRUE,0.0450228408045687,10,0.950028404973594,"rich_design",7,"one_step_gamma_poisson_fixed_recruitment_slope","recruit_size"
"recruit_mean_slope_20",0.4,0.334700727294186,0.23132679030351,-0.113943498294081,0.323686535855005,0.75141302039623,TRUE,-0.282281497184733,2,0.884336604848245,"rich_design",7,"one_step_gamma_poisson_fixed_recruitment_slope","recruit_size"
"log_recruit_sd",1.25276296849537,1.20813829826856,0.0277862396861026,1.15211071133985,1.20872695011827,1.25925469961362,TRUE,-1.60599889480989,0.7,0.960305371876996,"rich_design",7,"one_step_gamma_poisson_fixed_recruitment_slope","recruit_size"
"log_process_precision",NA,3.49929565241577,0.192679484729247,3.13682158305186,3.48627834481114,3.89200845763957,NA,NA,2,0.903660257635377,"rich_design",7,"one_step_gamma_poisson_fixed_recruitment_slope","process"
"survival_at_80",0.36,0.409209131603953,0.183940374101357,0.0583417061935814,0.402191675790875,0.757291159629472,TRUE,0.267527625973171,1.5,0.877373083932429,"standard",8,"one_step_shared_gamma_poisson","survival"
"survival_slope_20",0.64,0.561729111421198,0.12215485265155,0.332265558046238,0.564526311423133,0.789077656832161,TRUE,-0.640751365007755,1,0.87784514734845,"standard",8,"one_step_shared_gamma_poisson","survival"
"growth_increment_80",8.4,5.87706600770338,0.288385456761734,5.28893914840575,5.88744714199386,6.38974772779031,FALSE,-8.74847858358227,6,0.951935757206378,"standard",8,"one_step_shared_gamma_poisson","growth"
"growth_slope_20",-2.4,-1.96376281059329,0.128477707427041,-2.21270538911592,-1.96517986755983,-1.69609029882012,FALSE,3.39543099065988,3,0.95717409752432,"standard",8,"one_step_shared_gamma_poisson","growth"
"log_growth_sd",1.50407739677627,2.02410149362244,0.0960870691640412,1.84697594517976,2.02076053118748,2.21811803160883,FALSE,5.41200914306559,0.7,0.862732758337084,"standard",8,"one_step_shared_gamma_poisson","growth"
"log_recruitment_at_80",-1.69314718055995,-1.35905386535558,0.228857991019217,-1.8023025601314,-1.34266345098695,-0.949923539348828,TRUE,1.45982805195697,1.5,0.847428005987189,"standard",8,"one_step_shared_gamma_poisson","recruitment"
"recruitment_slope_20",1.5,1.23797034593982,0.153801192806467,0.942088726877211,1.24259823734417,1.53164890075965,TRUE,-1.70369064946003,1,0.846198807193532,"standard",8,"one_step_shared_gamma_poisson","recruitment"
"recruit_mean_80",44.6,44.90795894711,0.744416166445105,43.5430308258857,44.9010553317896,46.428611187201,TRUE,0.413691911851718,10,0.92555838335549,"standard",8,"one_step_shared_gamma_poisson","recruit_size"
"recruit_mean_slope_20",0.4,0.27518930968293,0.486163192321885,-0.689132834657722,0.292537646139901,1.17508374324959,TRUE,-0.256725914853779,2,0.756918403839058,"standard",8,"one_step_shared_gamma_poisson","recruit_size"
"log_recruit_sd",1.25276296849537,1.28777954518089,0.0587440856283819,1.16982466111941,1.28595945153281,1.40188753374628,TRUE,0.596086845355643,0.7,0.91607987767374,"standard",8,"one_step_shared_gamma_poisson","recruit_size"
"log_process_precision",NA,3.97969147459882,0.65448998456334,2.53990717263866,4.01559965933258,5.13729027253947,NA,NA,2,0.67275500771833,"standard",8,"one_step_shared_gamma_poisson","process"
"survival_at_80",0.36,0.444044046083059,0.189940550542922,0.0553750484221124,0.453978316169358,0.822967575821601,TRUE,0.442475531648347,1.5,0.873372966304718,"standard",8,"one_step_gamma_poisson_shape_informed","survival"
"survival_slope_20",0.64,0.530291087921147,0.131230165204744,0.248607463287654,0.53373549340372,0.781058444679991,TRUE,-0.836003764132169,1,0.868769834795256,"standard",8,"one_step_gamma_poisson_shape_informed","survival"
"growth_increment_80",8.4,5.63140400994857,1.16697632383514,3.31652014332976,5.70716623397738,7.55751811354646,FALSE,-2.37245257980277,6,0.805503946027477,"standard",8,"one_step_gamma_poisson_shape_informed","growth"
"growth_slope_20",-2.4,-1.87029563000544,0.642019543906761,-3.12107689314392,-1.85398655944072,-0.527260470464125,TRUE,0.82505957181809,3,0.785993485364413,"standard",8,"one_step_gamma_poisson_shape_informed","growth"
"log_growth_sd",1.50407739677627,2.03169527931725,0.0975230506772343,1.85711292741159,2.02860868266956,2.22636345569577,FALSE,5.41018640082541,0.7,0.86068135617538,"standard",8,"one_step_gamma_poisson_shape_informed","growth"
"log_recruitment_at_80",-1.69314718055995,-1.57732750808152,0.236007913987179,-2.009810002871,-1.5835893629866,-1.09381937185526,TRUE,0.490744867499307,1.5,0.842661390675214,"standard",8,"one_step_gamma_poisson_shape_informed","recruitment"
"recruitment_slope_20",1.5,1.36675471330929,0.12950893145416,1.11456440384731,1.3727443856957,1.60280372192219,TRUE,-1.02885017422809,0.2,0.352455342729198,"standard",8,"one_step_gamma_poisson_shape_informed","recruitment"
"recruit_mean_80",44.6,44.8585293911262,0.891291074992159,43.0060074844268,44.8523054256344,46.4477069810335,TRUE,0.290061685099352,10,0.910870892500784,"standard",8,"one_step_gamma_poisson_shape_informed","recruit_size"
"recruit_mean_slope_20",0.4,0.243325426959562,0.548509234378322,-0.836243388582276,0.240986683595906,1.29135101249582,TRUE,-0.285637074493399,2,0.725745382810839,"standard",8,"one_step_gamma_poisson_shape_informed","recruit_size"
"log_recruit_sd",1.25276296849537,1.26367543057711,0.072710004730594,1.11572388617058,1.26651971612961,1.39704550764342,TRUE,0.150081988333962,0.7,0.89612856467058,"standard",8,"one_step_gamma_poisson_shape_informed","recruit_size"
"log_process_precision",NA,3.48610317085327,0.633341088228087,2.23396940906652,3.54204867079799,4.68165449307797,NA,NA,2,0.683329455885957,"standard",8,"one_step_gamma_poisson_shape_informed","process"
"survival_at_80",0.36,0.465027169357852,0.182468429598732,0.135397932148118,0.459627574127233,0.829824784088445,TRUE,0.575590909555247,1.5,0.878354380267512,"standard",8,"one_step_gamma_poisson_fixed_recruitment_slope","survival"
"survival_slope_20",0.64,0.536045460680454,0.130554939868285,0.295147434006472,0.53051401730741,0.790592336948026,TRUE,-0.796251290256991,1,0.869445060131715,"standard",8,"one_step_gamma_poisson_fixed_recruitment_slope","survival"
"growth_increment_80",8.4,5.4846361509581,1.15298224812813,3.13164850305905,5.4943613093746,7.62156227252721,FALSE,-2.52854183468567,6,0.807836291978645,"standard",8,"one_step_gamma_poisson_fixed_recruitment_slope","growth"
"growth_slope_20",-2.4,-1.72211303113251,0.635709412254047,-3.04579067696806,-1.69810861649501,-0.39374184222375,TRUE,1.06634722689396,3,0.788096862581984,"standard",8,"one_step_gamma_poisson_fixed_recruitment_slope","growth"
"log_growth_sd",1.50407739677627,2.03071526804013,0.10726638057003,1.794697188632,2.03533995738112,2.21083538421209,FALSE,4.90962656207124,0.7,0.846762313471386,"standard",8,"one_step_gamma_poisson_fixed_recruitment_slope","growth"
"log_recruitment_at_80",-1.69314718055995,-1.82624275465748,0.0923048732157675,-1.99762514895067,-1.82745653347055,-1.64190650978872,TRUE,-1.44191275563982,1.5,0.938463417856155,"standard",8,"one_step_gamma_poisson_fixed_recruitment_slope","recruitment"
"recruitment_slope_20",1.5,1.5,0,1.5,1.5,1.5,TRUE,NA,NA,NA,"standard",8,"one_step_gamma_poisson_fixed_recruitment_slope","recruitment"
"recruit_mean_80",44.6,44.7263299928238,1.02072271638582,42.7275376482966,44.7167133926518,46.6438928395286,TRUE,0.123765240839446,10,0.897927728361418,"standard",8,"one_step_gamma_poisson_fixed_recruitment_slope","recruit_size"
"recruit_mean_slope_20",0.4,0.313174385132844,0.573431896599172,-0.757493083048476,0.282538625861975,1.4185394518224,TRUE,-0.151413995946318,2,0.713284051700414,"standard",8,"one_step_gamma_poisson_fixed_recruitment_slope","recruit_size"
"log_recruit_sd",1.25276296849537,1.25870497015489,0.0786125467390497,1.11032744259502,1.25951544132445,1.41665364994239,TRUE,0.0755859198817535,0.7,0.887696361801358,"standard",8,"one_step_gamma_poisson_fixed_recruitment_slope","recruit_size"
"log_process_precision",NA,3.47326623224104,0.53952381606726,2.33853310107087,3.49189674934872,4.51084195050626,NA,NA,2,0.73023809196637,"standard",8,"one_step_gamma_poisson_fixed_recruitment_slope","process"
"survival_at_80",0.36,0.334524449825771,0.0413928074502234,0.253969405182046,0.334791981754355,0.414935721980318,TRUE,-0.615458378967511,1.5,0.972404795033184,"dense_profiles",8,"recursive_gamma_poisson","survival"
"survival_slope_20",0.64,0.636500000334695,0.0372295478310262,0.560109845810252,0.637918539074844,0.705296365972348,TRUE,-0.0940113396270861,1,0.962770452168974,"dense_profiles",8,"recursive_gamma_poisson","survival"
"growth_increment_80",8.4,8.53227982826306,0.363559677164037,7.89032773250037,8.51201090882707,9.2643942902232,TRUE,0.363846258459996,6,0.939406720472661,"dense_profiles",8,"recursive_gamma_poisson","growth"
"growth_slope_20",-2.4,-2.47941660717203,0.155411088586995,-2.77292643018376,-2.47835917157553,-2.15972086495123,TRUE,-0.511009915020137,3,0.948196303804335,"dense_profiles",8,"recursive_gamma_poisson","growth"
"log_growth_sd",1.50407739677627,1.44252610958707,0.104115105998943,1.21794238384307,1.45006812578138,1.64280737769813,TRUE,-0.591184983184142,0.7,0.851264134287225,"dense_profiles",8,"recursive_gamma_poisson","growth"
"log_recruitment_at_80",-1.69314718055995,-1.46268344899176,0.122642886187141,-1.69283401126821,-1.46353501256229,-1.2344357044508,FALSE,1.87914471628235,1.5,0.918238075875239,"dense_profiles",8,"recursive_gamma_poisson","recruitment"
"recruitment_slope_20",1.5,1.35154744586025,0.0829594316928397,1.18731899769597,1.34741213409446,1.5365855304172,TRUE,-1.78945963238278,1,0.91704056830716,"dense_profiles",8,"recursive_gamma_poisson","recruitment"
"recruit_mean_80",44.6,44.8474773464323,0.475132837789813,43.9663642434599,44.8099922888984,45.8148352623692,TRUE,0.520859277130749,10,0.952486716221019,"dense_profiles",8,"recursive_gamma_poisson","recruit_size"
"recruit_mean_slope_20",0.4,0.2056036357987,0.291123466031115,-0.412319108562123,0.219753559980755,0.712038336068887,TRUE,-0.667745430663851,2,0.854438266984442,"dense_profiles",8,"recursive_gamma_poisson","recruit_size"
"log_recruit_sd",1.25276296849537,1.25867016000877,0.0277780420106294,1.20694622712241,1.26014970696018,1.31014823008479,TRUE,0.212656871608843,0.7,0.960317082841958,"dense_profiles",8,"recursive_gamma_poisson","recruit_size"
"log_process_precision",NA,5.31660720734467,0.739875443841136,4.02317388068834,5.3165927456975,6.77727476875086,NA,NA,2,0.630062278079432,"dense_profiles",8,"recursive_gamma_poisson","process"
"survival_at_80",0.36,0.338175880827843,0.0800387746934287,0.172611656137759,0.339527134077272,0.484182796488713,TRUE,-0.272669331280366,1.5,0.946640816871048,"dense_profiles",8,"one_step_gamma_poisson","survival"
"survival_slope_20",0.64,0.625084126878969,0.0577710829906292,0.504350675422463,0.625151600318186,0.733954678705744,TRUE,-0.25818925920863,1,0.942228917009371,"dense_profiles",8,"one_step_gamma_poisson","survival"
"growth_increment_80",8.4,8.549463243987,0.46408558330512,7.67689875526741,8.56360190923578,9.45408442923256,TRUE,0.322059657450589,6,0.92265240278248,"dense_profiles",8,"one_step_gamma_poisson","growth"
"growth_slope_20",-2.4,-2.26036641992193,0.232936337319875,-2.70586910709781,-2.26198208252849,-1.77932110823523,TRUE,0.599449539237482,3,0.922354554226708,"dense_profiles",8,"one_step_gamma_poisson","growth"
"log_growth_sd",1.50407739677627,1.45470955410999,0.118628428159587,1.21126875741499,1.45940400332502,1.68192392858506,TRUE,-0.416155245687565,0.7,0.830530816914875,"dense_profiles",8,"one_step_gamma_poisson","growth"
"log_recruitment_at_80",-1.69314718055995,-1.32354398728434,0.117847720038335,-1.56891195712796,-1.326205045591,-1.09002943557277,FALSE,3.13627784360507,1.5,0.921434853307776,"dense_profiles",8,"one_step_gamma_poisson","recruitment"
"recruitment_slope_20",1.5,1.2831377898816,0.0767631870671062,1.12066641637569,1.28488555820088,1.43504724600314,FALSE,-2.8250808545615,1,0.923236812932894,"dense_profiles",8,"one_step_gamma_poisson","recruitment"
"recruit_mean_80",44.6,44.9491128565887,0.472397886885186,43.9927886868591,44.9573744245947,45.8916975076691,TRUE,0.739022900569311,10,0.952760211311481,"dense_profiles",8,"one_step_gamma_poisson","recruit_size"
"recruit_mean_slope_20",0.4,0.145511082348566,0.31147488343602,-0.460379537252964,0.136329675076631,0.743211336189802,TRUE,-0.817044748019653,2,0.84426255828199,"dense_profiles",8,"one_step_gamma_poisson","recruit_size"
"log_recruit_sd",1.25276296849537,1.25604724254094,0.0294783141623275,1.20236774646503,1.25643070919387,1.31431955875199,TRUE,0.111413224904389,0.7,0.957888122625246,"dense_profiles",8,"one_step_gamma_poisson","recruit_size"
"log_process_precision",NA,5.23930836223902,0.716086378499889,3.97718689570798,5.2393892589985,6.73201308856771,NA,NA,2,0.641956810750056,"dense_profiles",8,"one_step_gamma_poisson","process"
"survival_at_80",0.36,0.342914948758027,0.0887087756546309,0.17881045060926,0.342413021268,0.515577367355511,TRUE,-0.192597080907641,1.5,0.940860816230246,"dense_profiles",8,"one_step_shared_gamma_poisson","survival"
"survival_slope_20",0.64,0.62403442067589,0.0585536813814915,0.511353820697368,0.625398781119776,0.735993082689969,TRUE,-0.272665679551217,1,0.941446318618508,"dense_profiles",8,"one_step_shared_gamma_poisson","survival"
"growth_increment_80",8.4,8.5326099600329,0.444326606540257,7.65924664034213,8.54454396957389,9.37341573805204,TRUE,0.298451540108005,6,0.925945565576624,"dense_profiles",8,"one_step_shared_gamma_poisson","growth"
"growth_slope_20",-2.4,-2.25205796670471,0.22007991552566,-2.70044537790925,-2.2619115468664,-1.82493204204566,TRUE,0.672219602329136,3,0.926640028158113,"dense_profiles",8,"one_step_shared_gamma_poisson","growth"
"log_growth_sd",1.50407739677627,1.46995105458433,0.116164723061891,1.24852857634299,1.47176283663965,1.69794124414933,TRUE,-0.293775436229109,0.7,0.83405039562587,"dense_profiles",8,"one_step_shared_gamma_poisson","growth"
"log_recruitment_at_80",-1.69314718055995,-1.31778680622421,0.111915511683332,-1.5202546588074,-1.31608339351736,-1.09343850672336,FALSE,3.35396200839277,1.5,0.925389658877779,"dense_profiles",8,"one_step_shared_gamma_poisson","recruitment"
"recruitment_slope_20",1.5,1.2761478201552,0.0712914091103056,1.13748341818342,1.27800897712151,1.40999508864152,FALSE,-3.13996009671302,1,0.928708590889694,"dense_profiles",8,"one_step_shared_gamma_poisson","recruitment"
"recruit_mean_80",44.6,44.9580024959712,0.435771390089553,44.1278942189165,44.9506947223779,45.7990604367523,TRUE,0.821537402668042,10,0.956422860991045,"dense_profiles",8,"one_step_shared_gamma_poisson","recruit_size"
"recruit_mean_slope_20",0.4,0.130687197822557,0.283124727088392,-0.429444015623741,0.127157467985167,0.687312217811485,TRUE,-0.951216112230857,2,0.858437636455804,"dense_profiles",8,"one_step_shared_gamma_poisson","recruit_size"
"log_recruit_sd",1.25276296849537,1.25766156679425,0.0270997737542142,1.20425810051146,1.2577289166369,1.31213591403924,TRUE,0.180761593927316,0.7,0.96128603749398,"dense_profiles",8,"one_step_shared_gamma_poisson","recruit_size"
"log_process_precision",NA,5.91669030176602,0.783393513973564,4.41641680964053,5.94685510159756,7.39549101979102,NA,NA,2,0.608303243013218,"dense_profiles",8,"one_step_shared_gamma_poisson","process"
"survival_at_80",0.36,0.336489942112589,0.083785802942318,0.174450558874696,0.336183288015744,0.498275078806293,TRUE,-0.280597154431949,1.5,0.944142798038455,"dense_profiles",8,"one_step_gamma_poisson_shape_informed","survival"
"survival_slope_20",0.64,0.623099329663786,0.0613110887703445,0.500856935736227,0.626325630422323,0.740481751094023,TRUE,-0.275654382839616,1,0.938688911229655,"dense_profiles",8,"one_step_gamma_poisson_shape_informed","survival"
"growth_increment_80",8.4,8.58784892069871,0.466202189132576,7.64482868142542,8.59833707179063,9.49239430711633,TRUE,0.402934445778184,6,0.922299635144571,"dense_profiles",8,"one_step_gamma_poisson_shape_informed","growth"
"growth_slope_20",-2.4,-2.27104380512082,0.215622641213513,-2.69090701681544,-2.27286276910775,-1.8628905103513,TRUE,0.598064257785817,3,0.928125786262162,"dense_profiles",8,"one_step_gamma_poisson_shape_informed","growth"
"log_growth_sd",1.50407739677627,1.45623435391531,0.115410824355038,1.24277387852575,1.45717486526203,1.69301984910123,TRUE,-0.41454554309208,0.7,0.835127393778517,"dense_profiles",8,"one_step_gamma_poisson_shape_informed","growth"
"log_recruitment_at_80",-1.69314718055995,-1.3742203638884,0.113450297822134,-1.57999736079278,-1.37072251160391,-1.1458590805132,FALSE,2.81115891975498,1.5,0.924366468118578,"dense_profiles",8,"one_step_gamma_poisson_shape_informed","recruitment"
"recruitment_slope_20",1.5,1.31671602590683,0.0730803428835587,1.1760989513075,1.318713282817,1.45187046092234,FALSE,-2.50797912080404,0.2,0.634598285582206,"dense_profiles",8,"one_step_gamma_poisson_shape_informed","recruitment"
"recruit_mean_80",44.6,44.9171440374181,0.506604558497264,43.9746344138595,44.8934613696701,45.850057561953,TRUE,0.626018917711341,10,0.949339544150274,"dense_profiles",8,"one_step_gamma_poisson_shape_informed","recruit_size"
"recruit_mean_slope_20",0.4,0.155838436029831,0.320871890963251,-0.507179498855276,0.166534721248721,0.766949433279542,TRUE,-0.760931608054545,2,0.839564054518374,"dense_profiles",8,"one_step_gamma_poisson_shape_informed","recruit_size"
"log_recruit_sd",1.25276296849537,1.25699540164217,0.0285010147313926,1.20378879855055,1.2564391721336,1.30903458980009,TRUE,0.148501138878553,0.7,0.959284264669439,"dense_profiles",8,"one_step_gamma_poisson_shape_informed","recruit_size"
"log_process_precision",NA,5.28548551905171,0.667331218228359,4.08988518553009,5.31237315415531,6.55742935650645,NA,NA,2,0.666334390885821,"dense_profiles",8,"one_step_gamma_poisson_shape_informed","process"
"survival_at_80",0.36,0.339494096804358,0.0767546733850086,0.189523613811748,0.341786225469216,0.484062636934446,TRUE,-0.2671616240588,1.5,0.948830217743328,"dense_profiles",8,"one_step_gamma_poisson_fixed_recruitment_slope","survival"
"survival_slope_20",0.64,0.617595517483803,0.0607768641883866,0.494306558901898,0.618207822776343,0.728130132021572,TRUE,-0.368635052423086,1,0.939223135811613,"dense_profiles",8,"one_step_gamma_poisson_fixed_recruitment_slope","survival"
"growth_increment_80",8.4,8.50325616671798,0.472836115719945,7.55802082014174,8.49559866154475,9.37293466007363,TRUE,0.21837622652991,6,0.921193980713342,"dense_profiles",8,"one_step_gamma_poisson_fixed_recruitment_slope","growth"
"growth_slope_20",-2.4,-2.25334686713975,0.243448566151123,-2.7071481157738,-2.27272441477808,-1.76318897997457,TRUE,0.602398835938144,3,0.918850477949626,"dense_profiles",8,"one_step_gamma_poisson_fixed_recruitment_slope","growth"
"log_growth_sd",1.50407739677627,1.47230735893253,0.11847420737882,1.23839124974291,1.46987567660096,1.69613443211696,TRUE,-0.268159952673551,0.7,0.830751132315971,"dense_profiles",8,"one_step_gamma_poisson_fixed_recruitment_slope","growth"
"log_recruitment_at_80",-1.69314718055995,-1.67525987999191,0.0323676678447224,-1.73744736551485,-1.67600909925506,-1.61329095035337,TRUE,0.55262864948594,1.5,0.978421554770185,"dense_profiles",8,"one_step_gamma_poisson_fixed_recruitment_slope","recruitment"
"recruitment_slope_20",1.5,1.5,0,1.5,1.5,1.5,TRUE,NA,NA,NA,"dense_profiles",8,"one_step_gamma_poisson_fixed_recruitment_slope","recruitment"
"recruit_mean_80",44.6,44.6551846206107,0.533874036043736,43.595230964819,44.6573331337818,45.7328390898868,TRUE,0.103366369002718,10,0.946612596395626,"dense_profiles",8,"one_step_gamma_poisson_fixed_recruitment_slope","recruit_size"
"recruit_mean_slope_20",0.4,0.282124397129235,0.301984588339097,-0.344532209247308,0.277157664757438,0.867864118479148,TRUE,-0.390336485444757,2,0.849007705830452,"dense_profiles",8,"one_step_gamma_poisson_fixed_recruitment_slope","recruit_size"
"log_recruit_sd",1.25276296849537,1.24651612014418,0.0303770441012124,1.18516728970249,1.24882586103812,1.30185237145159,TRUE,-0.205643719987217,0.7,0.956604222712554,"dense_profiles",8,"one_step_gamma_poisson_fixed_recruitment_slope","recruit_size"
"log_process_precision",NA,4.89349222877198,0.533251301179048,3.91008463168855,4.90918946580765,5.92704997805101,NA,NA,2,0.733374349410476,"dense_profiles",8,"one_step_gamma_poisson_fixed_recruitment_slope","process"
"survival_at_80",0.36,0.384445323657154,0.0362022610998057,0.315378143888783,0.385000562829538,0.455592194109783,TRUE,0.675243007329324,1.5,0.975865159266796,"rich_design",8,"recursive_gamma_poisson","survival"
"survival_slope_20",0.64,0.60973750843356,0.0269190994909059,0.558746072256352,0.610018924603517,0.663186238694381,TRUE,-1.12420148291601,1,0.973080900509094,"rich_design",8,"recursive_gamma_poisson","survival"
"growth_increment_80",8.4,8.06873573202274,0.321447370052096,7.52340841842954,8.03516382999016,8.74831584611178,TRUE,-1.03053967411081,6,0.946425438324651,"rich_design",8,"recursive_gamma_poisson","growth"
"growth_slope_20",-2.4,-2.29312031780057,0.13178412204059,-2.55024379109609,-2.2918767624967,-2.05837397311919,TRUE,0.811020937457931,3,0.956071959319803,"rich_design",8,"recursive_gamma_poisson","growth"
"log_growth_sd",1.50407739677627,1.53361123256758,0.0688026714982929,1.4115149193935,1.53334897573548,1.67393881144879,TRUE,0.429254201154666,0.7,0.901710469288153,"rich_design",8,"recursive_gamma_poisson","growth"
"log_recruitment_at_80",-1.69314718055995,-2.41051733660115,0.16731149576607,-2.77197228874305,-2.39218438371534,-2.10189043084115,FALSE,-4.28763219620135,1.5,0.88845900282262,"rich_design",8,"recursive_gamma_poisson","recruitment"
"recruitment_slope_20",1.5,1.79380592629832,0.0798354154314143,1.64843335024616,1.78863594009233,1.9507421444711,FALSE,3.68014526774432,1,0.920164584568586,"rich_design",8,"recursive_gamma_poisson","recruitment"
"recruit_mean_80",44.6,45.0074958825621,0.696503357578737,43.6150635976834,45.0086834778334,46.3487045277529,TRUE,0.585059466157779,10,0.930349664242126,"rich_design",8,"recursive_gamma_poisson","recruit_size"
"recruit_mean_slope_20",0.4,0.184606533886529,0.29163435055948,-0.351596177102821,0.189796986438047,0.740179254893055,TRUE,-0.738573716368645,2,0.85418282472026,"rich_design",8,"recursive_gamma_poisson","recruit_size"
"log_recruit_sd",1.25276296849537,1.29166857171184,0.0259653097293323,1.2416854842083,1.29288913582373,1.33967979208295,TRUE,1.49836853948701,0.7,0.962906700386668,"rich_design",8,"recursive_gamma_poisson","recruit_size"
"log_process_precision",NA,3.09693991537429,0.155593811399142,2.800492630165,3.09992193155404,3.39462339405014,NA,NA,2,0.922203094300429,"rich_design",8,"recursive_gamma_poisson","process"
"survival_at_80",0.36,0.471812539854253,0.0816008944287649,0.309166648404856,0.469855289758546,0.629765807077921,TRUE,1.37023669454827,1.5,0.945599403714157,"rich_design",8,"one_step_gamma_poisson","survival"
"survival_slope_20",0.64,0.527750828794643,0.0554302741792817,0.422835014672828,0.526087751969629,0.635267233462606,FALSE,-2.02505170445851,1,0.944569725820718,"rich_design",8,"one_step_gamma_poisson","survival"
"growth_increment_80",8.4,7.26382254982612,0.544459110270825,6.21314856399626,7.25552933931246,8.39099688265565,FALSE,-2.08680032851084,6,0.909256814954862,"rich_design",8,"one_step_gamma_poisson","growth"
"growth_slope_20",-2.4,-2.00126299687071,0.23957755699066,-2.46613066462431,-2.01502736541327,-1.5350633176332,TRUE,1.66433370528457,3,0.920140814336447,"rich_design",8,"one_step_gamma_poisson","growth"
"log_growth_sd",1.50407739677627,1.85994130804374,0.0638480392137787,1.74302339086118,1.85730510942393,1.9831300556594,FALSE,5.57360751637103,0.7,0.908788515408887,"rich_design",8,"one_step_gamma_poisson","growth"
"log_recruitment_at_80",-1.69314718055995,-1.84012617644103,0.185142880904664,-2.17928781641906,-1.84468603657494,-1.43503651990914,TRUE,-0.793867931420874,1.5,0.876571412730224,"rich_design",8,"one_step_gamma_poisson","recruitment"
"recruitment_slope_20",1.5,1.50514111471143,0.086729448488441,1.33244445200304,1.50550762035532,1.66800333868662,TRUE,0.0592776133254957,1,0.913270551511559,"rich_design",8,"one_step_gamma_poisson","recruitment"
"recruit_mean_80",44.6,45.0582889310761,0.623653736448162,43.8713493469746,45.0608039880104,46.2205587087144,TRUE,0.73484516213453,10,0.937634626355184,"rich_design",8,"one_step_gamma_poisson","recruit_size"
"recruit_mean_slope_20",0.4,0.0935204286016323,0.295736365684507,-0.519098272232655,0.104040136793877,0.673446220149018,TRUE,-1.03632696874798,2,0.852131817157747,"rich_design",8,"one_step_gamma_poisson","recruit_size"
"log_recruit_sd",1.25276296849537,1.25629024722054,0.0289206732224328,1.20147558574512,1.25740353376011,1.3098328501901,TRUE,0.121963921726403,0.7,0.958684752539382,"rich_design",8,"one_step_gamma_poisson","recruit_size"
"log_process_precision",NA,3.08682635801757,0.152009319372354,2.7912312765041,3.09321432032328,3.3941156193255,NA,NA,2,0.923995340313823,"rich_design",8,"one_step_gamma_poisson","process"
"survival_at_80",0.36,0.503322380167406,0.11151822627035,0.282165721563144,0.501392227561989,0.718588980640086,TRUE,1.28519242962092,1.5,0.925654515819767,"rich_design",8,"one_step_shared_gamma_poisson","survival"
"survival_slope_20",0.64,0.552524905691956,0.0590540565664195,0.430730320638427,0.554740735757479,0.663056113367177,TRUE,-1.48127155684315,1,0.94094594343358,"rich_design",8,"one_step_shared_gamma_poisson","survival"
"growth_increment_80",8.4,6.50273534585576,0.482075104724351,5.60589541106448,6.49074154888602,7.47018819694692,FALSE,-3.93562047811843,6,0.919654149212608,"rich_design",8,"one_step_shared_gamma_poisson","growth"
"growth_slope_20",-2.4,-1.80754485531397,0.225131194534405,-2.22247923861163,-1.81191675149163,-1.37718221111898,FALSE,2.63159952538472,3,0.924956268488532,"rich_design",8,"one_step_shared_gamma_poisson","growth"
"log_growth_sd",1.50407739677627,1.89294059079668,0.0493700636369383,1.79518371628646,1.89433857639923,1.98377354031435,FALSE,7.87649772704496,0.7,0.929471337661517,"rich_design",8,"one_step_shared_gamma_poisson","growth"
"log_recruitment_at_80",-1.69314718055995,-1.7598976007654,0.14732954062274,-2.02885260880078,-1.76104401953745,-1.48417257538049,TRUE,-0.453068813785142,1.5,0.901780306251507,"rich_design",8,"one_step_shared_gamma_poisson","recruitment"
"recruitment_slope_20",1.5,1.45420466583513,0.0717171641869398,1.30918141203336,1.45419981931052,1.5884869629136,TRUE,-0.638554726529561,1,0.92828283581306,"rich_design",8,"one_step_shared_gamma_poisson","recruitment"
"recruit_mean_80",44.6,44.9177988802301,0.423259218947639,44.0362518262179,44.9380172099369,45.7028489381937,TRUE,0.75083746792385,10,0.957674078105236,"rich_design",8,"one_step_shared_gamma_poisson","recruit_size"
"recruit_mean_slope_20",0.4,0.173072425199773,0.200545444100166,-0.193860560028491,0.163499589634607,0.587239896042211,TRUE,-1.1315518825094,2,0.899727277949917,"rich_design",8,"one_step_shared_gamma_poisson","recruit_size"
"log_recruit_sd",1.25276296849537,1.2324882496313,0.024904346060017,1.1836150921773,1.23321934458266,1.27816402868134,TRUE,-0.81410364340452,0.7,0.964422362771404,"rich_design",8,"one_step_shared_gamma_poisson","recruit_size"
"log_process_precision",NA,3.72333397533038,0.277643012751281,3.17514690788579,3.71770051860904,4.32321243667975,NA,NA,2,0.861178493624359,"rich_design",8,"one_step_shared_gamma_poisson","process"
"survival_at_80",0.36,0.469842183840815,0.0853538647943186,0.31549805755675,0.470625125882864,0.633783633914569,TRUE,1.28690345897644,1.5,0.943097423470454,"rich_design",8,"one_step_gamma_poisson_shape_informed","survival"
"survival_slope_20",0.64,0.532934019425414,0.0532625738485315,0.442121794069501,0.529476353714162,0.639817458984198,FALSE,-2.01015408829211,1,0.946737426151468,"rich_design",8,"one_step_gamma_poisson_shape_informed","survival"
"growth_increment_80",8.4,7.24204469197314,0.593483293979107,6.05459739876619,7.2377400761039,8.45407439960883,TRUE,-1.95111693922024,6,0.901086117670149,"rich_design",8,"one_step_gamma_poisson_shape_informed","growth"
"growth_slope_20",-2.4,-1.99882290774611,0.24446033933478,-2.45982118031583,-2.00366379915127,-1.48733309615464,TRUE,1.64107230377557,3,0.91851322022174,"rich_design",8,"one_step_gamma_poisson_shape_informed","growth"
"log_growth_sd",1.50407739677627,1.85984057761345,0.0658487147183379,1.73386985075071,1.86065371055329,1.98662441622911,FALSE,5.40273538153206,0.7,0.905930407545232,"rich_design",8,"one_step_gamma_poisson_shape_informed","growth"
"log_recruitment_at_80",-1.69314718055995,-1.83689276227581,0.171229830703343,-2.15735128526228,-1.84010778955524,-1.48446751267947,TRUE,-0.839489130634653,1.5,0.885846779531105,"rich_design",8,"one_step_gamma_poisson_shape_informed","recruitment"
"recruitment_slope_20",1.5,1.50271842813562,0.0821193470163757,1.32411868702418,1.51091191113863,1.65141073337967,TRUE,0.0331033822648473,0.2,0.589403264918121,"rich_design",8,"one_step_gamma_poisson_shape_informed","recruitment"
"recruit_mean_80",44.6,45.0903921421556,0.578036700607362,43.9748284755599,45.1127490398846,46.1235282830813,TRUE,0.84837544335907,10,0.942196329939264,"rich_design",8,"one_step_gamma_poisson_shape_informed","recruit_size"
"recruit_mean_slope_20",0.4,0.0766844147554486,0.275399214219723,-0.43389287889696,0.0670410110110437,0.602409234155455,TRUE,-1.17398877175662,2,0.862300392890138,"rich_design",8,"one_step_gamma_poisson_shape_informed","recruit_size"
"log_recruit_sd",1.25276296849537,1.25701198500657,0.0302300477397234,1.19711958975174,1.25872807211385,1.31506241890016,TRUE,0.140556063549185,0.7,0.956814217514681,"rich_design",8,"one_step_gamma_poisson_shape_informed","recruit_size"
"log_process_precision",NA,3.06719824755421,0.154205736540752,2.76048510179108,3.07018036583981,3.37735395825768,NA,NA,2,0.922897131729624,"rich_design",8,"one_step_gamma_poisson_shape_informed","process"
"survival_at_80",0.36,0.470841830804145,0.0826306052383754,0.312098160390823,0.467979634876155,0.622453715978732,TRUE,1.34141375927702,1.5,0.944912929841083,"rich_design",8,"one_step_gamma_poisson_fixed_recruitment_slope","survival"
"survival_slope_20",0.64,0.531915707116549,0.0528045293173359,0.437838041952881,0.530393293101088,0.637776464251271,FALSE,-2.04687541543839,1,0.947195470682664,"rich_design",8,"one_step_gamma_poisson_fixed_recruitment_slope","survival"
"growth_increment_80",8.4,7.22175865930496,0.556433628953537,6.19053991193442,7.23445900622813,8.35399949370742,FALSE,-2.11748765600475,6,0.907261061841077,"rich_design",8,"one_step_gamma_poisson_fixed_recruitment_slope","growth"
"growth_slope_20",-2.4,-2.01002375888829,0.240102868200213,-2.48448567469073,-2.00298829551812,-1.53360530832854,TRUE,1.62420484201179,3,0.919965710599929,"rich_design",8,"one_step_gamma_poisson_fixed_recruitment_slope","growth"
"log_growth_sd",1.50407739677627,1.85457037240282,0.0630958588852888,1.73810619314323,1.85469192996268,1.98369111530176,FALSE,5.55492835534192,0.7,0.909863058735302,"rich_design",8,"one_step_gamma_poisson_fixed_recruitment_slope","growth"
"log_recruitment_at_80",-1.69314718055995,-1.83197685884631,0.0419716390917656,-1.91197969337195,-1.8332954559527,-1.74917108751321,FALSE,-3.3077020886135,1.5,0.972018907272156,"rich_design",8,"one_step_gamma_poisson_fixed_recruitment_slope","recruitment"
"recruitment_slope_20",1.5,1.5,0,1.5,1.5,1.5,TRUE,NA,NA,NA,"rich_design",8,"one_step_gamma_poisson_fixed_recruitment_slope","recruitment"
"recruit_mean_80",44.6,45.0489057078597,0.592831804077889,43.8631067139835,45.0629755558808,46.13268723252,TRUE,0.75722271438859,10,0.940716819592211,"rich_design",8,"one_step_gamma_poisson_fixed_recruitment_slope","recruit_size"
"recruit_mean_slope_20",0.4,0.100088933917442,0.284402764388366,-0.420546678060392,0.0816076754822764,0.679872615601068,TRUE,-1.05452936341018,2,0.857798617805817,"rich_design",8,"one_step_gamma_poisson_fixed_recruitment_slope","recruit_size"
"log_recruit_sd",1.25276296849537,1.25806410984523,0.0300091234514966,1.19797556685206,1.2578051150449,1.31560730033008,TRUE,0.176650989437684,0.7,0.957129823640719,"rich_design",8,"one_step_gamma_poisson_fixed_recruitment_slope","recruit_size"
"log_process_precision",NA,3.08704543724707,0.158058791393338,2.79535403641669,3.08162878116798,3.4011307940748,NA,NA,2,0.920970604303331,"rich_design",8,"one_step_gamma_poisson_fixed_recruitment_slope","process"
"survival_at_80",0.36,0.428680033641027,0.0974878294247582,0.227285818319326,0.426430786883922,0.616173848094046,TRUE,0.704498541472146,1.5,0.935008113716828,"standard",9,"recursive_gamma_poisson","survival"
"survival_slope_20",0.64,0.673108607294486,0.0740840021385083,0.524577280470854,0.673414173680165,0.811633791642306,TRUE,0.446906300129214,1,0.925915997861492,"standard",9,"recursive_gamma_poisson","survival"
"growth_increment_80",8.4,6.99467685059403,0.732217044652447,5.5667359235299,7.01617910229662,8.51617012339534,TRUE,-1.91927128666203,6,0.877963825891259,"standard",9,"recursive_gamma_poisson","growth"
"growth_slope_20",-2.4,-2.66205199106337,0.300569117456251,-3.21362635069641,-2.66316429998725,-2.06830862398217,TRUE,-0.871852681609959,3,0.89981029418125,"standard",9,"recursive_gamma_poisson","growth"
"log_growth_sd",1.50407739677627,1.59261544500614,0.123059697802293,1.36566263607081,1.59338386264095,1.84384870959977,TRUE,0.719472335874851,0.7,0.82420043171101,"standard",9,"recursive_gamma_poisson","growth"
"log_recruitment_at_80",-1.69314718055995,-2.94653247451437,0.431919011448762,-3.76155724032154,-2.96132466821435,-2.14636461873688,FALSE,-2.90189887625059,1.5,0.712053992367492,"standard",9,"recursive_gamma_poisson","recruitment"
"recruitment_slope_20",1.5,2.21612730600229,0.218433844265539,1.82510899053836,2.21782550219823,2.65228718552041,FALSE,3.27846313564727,1,0.781566155734462,"standard",9,"recursive_gamma_poisson","recruitment"
"recruit_mean_80",44.6,44.1176276218211,1.46234382429542,41.2587669373195,44.0392734814391,46.8312694445197,TRUE,-0.329862492093008,10,0.853765617570458,"standard",9,"recursive_gamma_poisson","recruit_size"
"recruit_mean_slope_20",0.4,0.439320569289457,0.654561272293392,-0.790033243694408,0.43418874822548,1.76003685259072,TRUE,0.0600716402785175,2,0.672719363853304,"standard",9,"recursive_gamma_poisson","recruit_size"
"log_recruit_sd",1.25276296849537,1.17335809773209,0.0594048244533371,1.05547866262413,1.17319181132389,1.28380914498558,TRUE,-1.33667377176831,0.7,0.915135965066661,"standard",9,"recursive_gamma_poisson","recruit_size"
"log_process_precision",NA,3.69954179252126,0.734275418623495,2.29446064010476,3.7182232743723,5.09788592794882,NA,NA,2,0.632862290688252,"standard",9,"recursive_gamma_poisson","process"
"survival_at_80",0.36,0.54388278610451,0.194337150277039,0.180857516131481,0.536581809057216,0.926362438885747,TRUE,0.946205014544952,1.5,0.870441899815307,"standard",9,"one_step_gamma_poisson","survival"
"survival_slope_20",0.64,0.63377325201437,0.134080808067891,0.375536499512613,0.639286220918756,0.917363939066533,TRUE,-0.0464402629679623,1,0.865919191932109,"standard",9,"one_step_gamma_poisson","survival"
"growth_increment_80",8.4,7.2872879826804,1.13424647721333,4.91031180067247,7.30969175801728,9.38536776243814,TRUE,-0.981014303040524,6,0.810958920464445,"standard",9,"one_step_gamma_poisson","growth"
"growth_slope_20",-2.4,-1.94771375291131,0.564054810154512,-3.03713918498685,-1.98174579152297,-0.80221888989665,TRUE,0.801848045520239,3,0.811981729948496,"standard",9,"one_step_gamma_poisson","growth"
"log_growth_sd",1.50407739677627,1.91374624896889,0.140678039426609,1.61258109280369,1.90713916490168,2.17764519930602,FALSE,2.91210237121866,0.7,0.799031372247702,"standard",9,"one_step_gamma_poisson","growth"
"log_recruitment_at_80",-1.69314718055995,-1.32351482553756,0.256510219049999,-1.84420701692167,-1.31263917290693,-0.839623339377966,TRUE,1.44100440283176,1.5,0.828993187300001,"standard",9,"one_step_gamma_poisson","recruitment"
"recruitment_slope_20",1.5,1.21960585173905,0.162944108073849,0.912649165050088,1.2157076270755,1.55600027135923,TRUE,-1.72079955253041,1,0.837055891926151,"standard",9,"one_step_gamma_poisson","recruitment"
"recruit_mean_80",44.6,44.3732790641256,0.78887546985432,42.9654605340833,44.3511223600804,45.9894282418583,TRUE,-0.28739762426166,10,0.921112453014568,"standard",9,"one_step_gamma_poisson","recruit_size"
"recruit_mean_slope_20",0.4,0.398502929426795,0.495873188683419,-0.591029452622122,0.388353830394298,1.35925404356869,TRUE,-0.00301905932276798,2,0.75206340565829,"standard",9,"one_step_gamma_poisson","recruit_size"
"log_recruit_sd",1.25276296849537,1.14146047725013,0.0700974611161598,1.01251656449688,1.13855815572584,1.27692816823359,TRUE,-1.58782485803299,0.7,0.899860769834057,"standard",9,"one_step_gamma_poisson","recruit_size"
"log_process_precision",NA,3.40447819133855,0.586257876924548,2.33666963509876,3.40278649460671,4.52368269378859,NA,NA,2,0.706871061537726,"standard",9,"one_step_gamma_poisson","process"
"survival_at_80",0.36,0.570081864994881,0.225562156021176,0.17601213983166,0.55750241021513,1.02681927663441,TRUE,0.931370176188416,1.5,0.849625229319216,"standard",9,"one_step_shared_gamma_poisson","survival"
"survival_slope_20",0.64,0.67162231275326,0.149862525926757,0.375557519893547,0.673626263928717,0.947432056140988,TRUE,0.21100880662264,1,0.850137474073243,"standard",9,"one_step_shared_gamma_poisson","survival"
"growth_increment_80",8.4,7.17648845773573,1.15636956345035,4.94725155616956,7.13923412587796,9.48166727518218,TRUE,-1.05806273438534,6,0.807271739424941,"standard",9,"one_step_shared_gamma_poisson","growth"
"growth_slope_20",-2.4,-2.01760053205566,0.582978258654366,-3.1285864699588,-2.00586145728426,-0.881624208305828,TRUE,0.655941216104688,3,0.805673913781878,"standard",9,"one_step_shared_gamma_poisson","growth"
"log_growth_sd",1.50407739677627,1.90388944101982,0.138437335247428,1.60989323907554,1.89078132831003,2.17566578576475,FALSE,2.8880362622479,0.7,0.80223237821796,"standard",9,"one_step_shared_gamma_poisson","growth"
"log_recruitment_at_80",-1.69314718055995,-1.25873727001611,0.229986992266058,-1.77470748051804,-1.24626931690822,-0.862909374879502,TRUE,1.88884556584528,1.5,0.846675338489294,"standard",9,"one_step_shared_gamma_poisson","recruitment"
"recruitment_slope_20",1.5,1.17892324802379,0.156892791440418,0.900512067976717,1.17385384580508,1.4973063614208,FALSE,-2.04647230142594,1,0.843107208559582,"standard",9,"one_step_shared_gamma_poisson","recruitment"
"recruit_mean_80",44.6,44.3317499849282,0.65301035389505,43.1797390882357,44.337759729224,45.7576992215426,TRUE,-0.410789834298562,10,0.934698964610495,"standard",9,"one_step_shared_gamma_poisson","recruit_size"
"recruit_mean_slope_20",0.4,0.447844523674815,0.413615754694891,-0.459413550219547,0.463355724832695,1.16964174246304,TRUE,0.115673842525916,2,0.793192122652554,"standard",9,"one_step_shared_gamma_poisson","recruit_size"
"log_recruit_sd",1.25276296849537,1.14547834316727,0.0629681905057151,1.02828273634224,1.14583516364937,1.2740809804776,TRUE,-1.70379082623256,0.7,0.910045442134693,"standard",9,"one_step_shared_gamma_poisson","recruit_size"
"log_process_precision",NA,4.10639678417319,0.676009631371564,2.76884055762391,4.1398607984462,5.38940092519273,NA,NA,2,0.661995184314218,"standard",9,"one_step_shared_gamma_poisson","process"
"survival_at_80",0.36,0.566975928434542,0.183071588507977,0.233085509635144,0.562414741850583,0.906514978938684,TRUE,1.13057372867841,1.5,0.877952274328015,"standard",9,"one_step_gamma_poisson_shape_informed","survival"
"survival_slope_20",0.64,0.64670849710818,0.14117216161346,0.356330315563657,0.653445443286786,0.921717988687273,TRUE,0.0475199715829797,1,0.85882783838654,"standard",9,"one_step_gamma_poisson_shape_informed","survival"
"growth_increment_80",8.4,7.0849796489538,1.11102624543674,4.92242492695409,7.04262849190994,9.17086275514366,TRUE,-1.18360871891849,6,0.814828959093877,"standard",9,"one_step_gamma_poisson_shape_informed","growth"
"growth_slope_20",-2.4,-1.96957596133795,0.585351459947008,-3.0912576539827,-1.97289384981702,-0.888410514191311,TRUE,0.735325813829886,3,0.804882846684331,"standard",9,"one_step_gamma_poisson_shape_informed","growth"
"log_growth_sd",1.50407739677627,1.91695018166163,0.134179568316564,1.63925825571733,1.91428622961465,2.18146019516055,FALSE,3.07701679223832,0.7,0.808314902404908,"standard",9,"one_step_gamma_poisson_shape_informed","growth"
"log_recruitment_at_80",-1.69314718055995,-1.51388787747992,0.218533610022231,-1.94960598660922,-1.51456147541327,-1.08861228012241,TRUE,0.820282532566909,1.5,0.854310926651846,"standard",9,"one_step_gamma_poisson_shape_informed","recruitment"
"recruitment_slope_20",1.5,1.34486427126523,0.126255148721753,1.10290704155843,1.33704277219048,1.59759247499375,TRUE,-1.22874774063009,0.2,0.368724256391234,"standard",9,"one_step_gamma_poisson_shape_informed","recruitment"
"recruit_mean_80",44.6,44.2040611425881,0.807557853295911,42.7049774517532,44.1734491060029,45.7982384671276,TRUE,-0.49029163148609,10,0.919244214670409,"standard",9,"one_step_gamma_poisson_shape_informed","recruit_size"
"recruit_mean_slope_20",0.4,0.472506397060535,0.477983633921536,-0.431940175726197,0.493172590473204,1.38460484078065,TRUE,0.151692216877111,2,0.761008183039232,"standard",9,"one_step_gamma_poisson_shape_informed","recruit_size"
"log_recruit_sd",1.25276296849537,1.13380199353521,0.0706236388992644,0.998322936865646,1.13327583624374,1.27846073449552,TRUE,-1.68443564809574,0.7,0.899109087286765,"standard",9,"one_step_gamma_poisson_shape_informed","recruit_size"
"log_process_precision",NA,3.35812877144882,0.554209948867475,2.29555993421163,3.34330467684414,4.47375368458847,NA,NA,2,0.722895025566262,"standard",9,"one_step_gamma_poisson_shape_informed","process"
"survival_at_80",0.36,0.587904473085886,0.185845385431122,0.216292619614797,0.583224485609115,0.960895789656923,TRUE,1.22631225175269,1.5,0.876103076379252,"standard",9,"one_step_gamma_poisson_fixed_recruitment_slope","survival"
"survival_slope_20",0.64,0.649934626374062,0.136118569662135,0.392151311188574,0.647861221811784,0.934262182389226,TRUE,0.0729850923259142,1,0.863881430337865,"standard",9,"one_step_gamma_poisson_fixed_recruitment_slope","survival"
"growth_increment_80",8.4,7.05701859375742,1.20644918805575,4.69508880034829,7.0465041061016,9.49190370194917,TRUE,-1.11316864360186,6,0.798925135324042,"standard",9,"one_step_gamma_poisson_fixed_recruitment_slope","growth"
"growth_slope_20",-2.4,-1.99300299857971,0.585093432583919,-3.0507841647659,-1.99386240549476,-0.957377788253478,TRUE,0.695610271376462,3,0.80496885580536,"standard",9,"one_step_gamma_poisson_fixed_recruitment_slope","growth"
"log_growth_sd",1.50407739677627,1.93186908732622,0.1349444123071,1.6717152041595,1.92910055099268,2.18658715643571,FALSE,3.17013267341813,0.7,0.807222268132714,"standard",9,"one_step_gamma_poisson_fixed_recruitment_slope","growth"
"log_recruitment_at_80",-1.69314718055995,-1.78710865779817,0.0755342607203166,-1.93319331967123,-1.78923527622757,-1.65709386886773,TRUE,-1.24395838844758,1.5,0.949643826186456,"standard",9,"one_step_gamma_poisson_fixed_recruitment_slope","recruitment"
"recruitment_slope_20",1.5,1.5,0,1.5,1.5,1.5,TRUE,NA,NA,NA,"standard",9,"one_step_gamma_poisson_fixed_recruitment_slope","recruitment"
"recruit_mean_80",44.6,44.1202204222816,0.933234568958151,42.21145036452,44.2269218458283,45.994461506128,TRUE,-0.514103949507564,10,0.906676543104185,"standard",9,"one_step_gamma_poisson_fixed_recruitment_slope","recruit_size"
"recruit_mean_slope_20",0.4,0.476129466625781,0.496114812832788,-0.497832922738764,0.451903416461996,1.51253068269231,TRUE,0.153451307351792,2,0.751942593583606,"standard",9,"one_step_gamma_poisson_fixed_recruitment_slope","recruit_size"
"log_recruit_sd",1.25276296849537,1.12756669155147,0.0770827132798339,0.977020744330862,1.12856267508705,1.27600756940523,TRUE,-1.62418098191994,0.7,0.889881838171666,"standard",9,"one_step_gamma_poisson_fixed_recruitment_slope","recruit_size"
"log_process_precision",NA,3.23020257651731,0.458397240577475,2.35340781302335,3.25728427322381,4.06124874421093,NA,NA,2,0.770801379711263,"standard",9,"one_step_gamma_poisson_fixed_recruitment_slope","process"
"survival_at_80",0.36,0.419733292078074,0.0506825569177614,0.317356657224453,0.420688736222605,0.519347691344631,TRUE,1.17857692489743,1.5,0.966211628721492,"dense_profiles",9,"recursive_gamma_poisson","survival"
"survival_slope_20",0.64,0.692154396150541,0.0407979517717854,0.603570882373971,0.69574284191677,0.765045958479375,TRUE,1.27835819901649,1,0.959202048228215,"dense_profiles",9,"recursive_gamma_poisson","survival"
"growth_increment_80",8.4,8.62946974874211,0.417928399664311,7.89914524537747,8.62635405243085,9.42782531186891,TRUE,0.549064741535691,6,0.930345266722615,"dense_profiles",9,"recursive_gamma_poisson","growth"
"growth_slope_20",-2.4,-2.59342895620845,0.184410194278777,-2.94459038871302,-2.59691149772713,-2.2246847827668,TRUE,-1.0489059835599,3,0.938529935240408,"dense_profiles",9,"recursive_gamma_poisson","growth"
"log_growth_sd",1.50407739677627,1.44378296153838,0.132438298851986,1.20155777629748,1.44373853796904,1.715958666214,TRUE,-0.455264343928782,0.7,0.810802430211448,"dense_profiles",9,"recursive_gamma_poisson","growth"
"log_recruitment_at_80",-1.69314718055995,-1.17616445042116,0.131276961830257,-1.439095479722,-1.17111641049691,-0.953486736802777,FALSE,3.93810705954067,1.5,0.912482025446495,"dense_profiles",9,"recursive_gamma_poisson","recruitment"
"recruitment_slope_20",1.5,1.12813643653797,0.0951597878760581,0.956312602625187,1.1218927497678,1.32235302764219,FALSE,-3.9077805001664,1,0.904840212123942,"dense_profiles",9,"recursive_gamma_poisson","recruitment"
"recruit_mean_80",44.6,44.775844495042,0.616442080500304,43.6226684187069,44.8055701559729,46.0148160046277,TRUE,0.285257124074436,10,0.93835579194997,"dense_profiles",9,"recursive_gamma_poisson","recruit_size"
"recruit_mean_slope_20",0.4,0.482209230490603,0.423111072083842,-0.33684600689053,0.461108992432484,1.283313115673,TRUE,0.194297043766117,2,0.788444463958079,"dense_profiles",9,"recursive_gamma_poisson","recruit_size"
"log_recruit_sd",1.25276296849537,1.26529048766983,0.0404974562642205,1.18085664754542,1.26754796281335,1.33687816163587,TRUE,0.309340890270354,0.7,0.942146491051114,"dense_profiles",9,"recursive_gamma_poisson","recruit_size"
"log_process_precision",NA,3.57484952050737,0.257252893773031,3.08382183086515,3.57046752767508,4.08248864981291,NA,NA,2,0.871373553113484,"dense_profiles",9,"recursive_gamma_poisson","process"
"survival_at_80",0.36,0.442025398690723,0.0942143371677936,0.244012605817033,0.441351456055975,0.632717015016129,TRUE,0.870625439360013,1.5,0.937190441888138,"dense_profiles",9,"one_step_gamma_poisson","survival"
"survival_slope_20",0.64,0.682783281780168,0.0720431573802329,0.535766751237776,0.681512732875583,0.835448916255966,TRUE,0.593856284703969,1,0.927956842619767,"dense_profiles",9,"one_step_gamma_poisson","survival"
"growth_increment_80",8.4,8.06770640645219,0.471884080453593,7.1342672225014,8.06848860502713,9.03205987980727,TRUE,-0.704184793071203,6,0.921352653257735,"dense_profiles",9,"one_step_gamma_poisson","growth"
"growth_slope_20",-2.4,-2.59725994040166,0.234867974441018,-3.00695922367642,-2.596905331752,-2.04991433527118,TRUE,-0.839875853109134,3,0.921710675186327,"dense_profiles",9,"one_step_gamma_poisson","growth"
"log_growth_sd",1.50407739677627,1.51488457424153,0.129142268737959,1.2753431744383,1.51498151842996,1.74458677714905,TRUE,0.0836842775867917,0.7,0.815511044660059,"dense_profiles",9,"one_step_gamma_poisson","growth"
"log_recruitment_at_80",-1.69314718055995,-1.10900896358282,0.120958178543789,-1.33188099290116,-1.10463092256635,-0.877095254692476,FALSE,4.82925771543144,1.5,0.919361214304141,"dense_profiles",9,"one_step_gamma_poisson","recruitment"
"recruitment_slope_20",1.5,1.08599755485515,0.0898167728588048,0.906908606680159,1.08470433648995,1.27257531051532,FALSE,-4.60941127105152,1,0.910183227141195,"dense_profiles",9,"one_step_gamma_poisson","recruitment"
"recruit_mean_80",44.6,45.0553875503316,0.517607377360391,44.1381294536949,45.0704245195526,46.069293054455,TRUE,0.879793392153605,10,0.948239262263961,"dense_profiles",9,"one_step_gamma_poisson","recruit_size"
"recruit_mean_slope_20",0.4,0.249884833609966,0.372237029669395,-0.494455231409612,0.231738945883629,0.962779356728417,TRUE,-0.403278433968162,2,0.813881485165303,"dense_profiles",9,"one_step_gamma_poisson","recruit_size"
"log_recruit_sd",1.25276296849537,1.2646802530358,0.0340218818779123,1.20019280480368,1.26500604351224,1.32559519053771,TRUE,0.350282932119882,0.7,0.951397311602982,"dense_profiles",9,"one_step_gamma_poisson","recruit_size"
"log_process_precision",NA,4.14742754321217,0.315891600968349,3.50506324726503,4.16392700157432,4.72883900425869,NA,NA,2,0.842054199515826,"dense_profiles",9,"one_step_gamma_poisson","process"
"survival_at_80",0.36,0.470913417818794,0.127480754637933,0.224268960433596,0.467451571383209,0.724142886636421,TRUE,0.870040486768429,1.5,0.915012830241378,"dense_profiles",9,"one_step_shared_gamma_poisson","survival"
"survival_slope_20",0.64,0.692409925480354,0.0730791606760179,0.562958016049656,0.685936975781723,0.838225569607186,TRUE,0.717166494463487,1,0.926920839323982,"dense_profiles",9,"one_step_shared_gamma_poisson","survival"
"growth_increment_80",8.4,7.97711954789049,0.469665340328018,7.06444572197622,7.93847390658179,8.96514775047395,TRUE,-0.9003867558423,6,0.921722443278664,"dense_profiles",9,"one_step_shared_gamma_poisson","growth"
"growth_slope_20",-2.4,-2.53813969521835,0.250240228334081,-3.01265836013389,-2.54674498894601,-2.07313246825432,TRUE,-0.552028329489573,3,0.916586590555306,"dense_profiles",9,"one_step_shared_gamma_poisson","growth"
"log_growth_sd",1.50407739677627,1.55068348785931,0.128647373399407,1.29247097531327,1.55144557586501,1.81619526719824,TRUE,0.362277828544081,0.7,0.816218038000848,"dense_profiles",9,"one_step_shared_gamma_poisson","growth"
"log_recruitment_at_80",-1.69314718055995,-1.12221209097851,0.110460413257591,-1.33846494428525,-1.12613578539204,-0.916691545600652,FALSE,5.16868507679789,1.5,0.92635972449494,"dense_profiles",9,"one_step_shared_gamma_poisson","recruitment"
"recruitment_slope_20",1.5,1.0956804895512,0.0804948377968789,0.951252151813095,1.09924664928014,1.24233017554447,FALSE,-5.02292471809268,1,0.919505162203121,"dense_profiles",9,"one_step_shared_gamma_poisson","recruitment"
"recruit_mean_80",44.6,45.0225720803503,0.430719939297628,44.229792997402,45.0104945815809,45.9040196375841,TRUE,0.981083162853817,10,0.956928006070237,"dense_profiles",9,"one_step_shared_gamma_poisson","recruit_size"
"recruit_mean_slope_20",0.4,0.268187034426978,0.29692006048646,-0.347042907391331,0.275561785661415,0.809042970262336,TRUE,-0.443934186720378,2,0.85153996975677,"dense_profiles",9,"one_step_shared_gamma_poisson","recruit_size"
"log_recruit_sd",1.25276296849537,1.26238336112344,0.0278338703152546,1.20601121383652,1.26154044045262,1.31751585078147,TRUE,0.345636180635717,0.7,0.960237328121065,"dense_profiles",9,"one_step_shared_gamma_poisson","recruit_size"
"log_process_precision",NA,4.57588183722789,0.517375330583358,3.66608353386835,4.57725889372844,5.60653554358465,NA,NA,2,0.741312334708321,"dense_profiles",9,"one_step_shared_gamma_poisson","process"
"survival_at_80",0.36,0.437156616475924,0.0935393930264575,0.261031132221878,0.436454047477264,0.622263726579014,TRUE,0.824856929038443,1.5,0.937640404649028,"dense_profiles",9,"one_step_gamma_poisson_shape_informed","survival"
"survival_slope_20",0.64,0.67776242882935,0.0698795020490356,0.553018438117264,0.6782952524044,0.820102006861745,TRUE,0.540393501986485,1,0.930120497950964,"dense_profiles",9,"one_step_gamma_poisson_shape_informed","survival"
"growth_increment_80",8.4,7.9931577307123,0.477446122939107,7.06384376585043,7.99561183437416,8.9360713093806,TRUE,-0.852121841063925,6,0.920425646176815,"dense_profiles",9,"one_step_gamma_poisson_shape_informed","growth"
"growth_slope_20",-2.4,-2.59093737062776,0.239356971098778,-3.06078074759942,-2.5778126295288,-2.12392926561499,TRUE,-0.79770967083707,3,0.920214342967074,"dense_profiles",9,"one_step_gamma_poisson_shape_informed","growth"
"log_growth_sd",1.50407739677627,1.51641871556341,0.127097142224526,1.27716503685487,1.51375362890642,1.7407127416228,TRUE,0.0971014656280495,0.7,0.818432653964962,"dense_profiles",9,"one_step_gamma_poisson_shape_informed","growth"
"log_recruitment_at_80",-1.69314718055995,-1.18832618299099,0.117746939873303,-1.41510203719503,-1.19052505368597,-0.945075186782176,FALSE,4.28733857637525,1.5,0.921502040084464,"dense_profiles",9,"one_step_gamma_poisson_shape_informed","recruitment"
"recruitment_slope_20",1.5,1.14273722440567,0.0785916832983792,0.981797033595736,1.14447982019206,1.29670910288181,FALSE,-4.54580892787291,0.2,0.607041583508104,"dense_profiles",9,"one_step_gamma_poisson_shape_informed","recruitment"
"recruit_mean_80",44.6,44.9224972193782,0.527936526926434,43.9529037945136,44.9237502653899,45.946160540258,TRUE,0.610863622670176,10,0.947206347307357,"dense_profiles",9,"one_step_gamma_poisson_shape_informed","recruit_size"
"recruit_mean_slope_20",0.4,0.317882859598217,0.350723241275927,-0.370475602658109,0.327731072723242,0.939210028518777,TRUE,-0.234136580464535,2,0.824638379362037,"dense_profiles",9,"one_step_gamma_poisson_shape_informed","recruit_size"
"log_recruit_sd",1.25276296849537,1.25775913869305,0.0333854840986053,1.19180114917165,1.25827608323775,1.32241566212926,TRUE,0.149650973546567,0.7,0.952306451287707,"dense_profiles",9,"one_step_gamma_poisson_shape_informed","recruit_size"
"log_process_precision",NA,4.13585425390653,0.337704121404692,3.45245793088441,4.15122729251505,4.73817625204055,NA,NA,2,0.831147939297654,"dense_profiles",9,"one_step_gamma_poisson_shape_informed","process"
"survival_at_80",0.36,0.456113383636176,0.0980516457513099,0.277257840115468,0.461393465908184,0.639147406337515,TRUE,0.980232232714889,1.5,0.934632236165793,"dense_profiles",9,"one_step_gamma_poisson_fixed_recruitment_slope","survival"
"survival_slope_20",0.64,0.674721045271692,0.0709230823958758,0.529528754505857,0.675387949425966,0.804880295222005,TRUE,0.489559168873791,1,0.929076917604124,"dense_profiles",9,"one_step_gamma_poisson_fixed_recruitment_slope","survival"
"growth_increment_80",8.4,7.9272218470603,0.538620356805277,6.84812022823333,7.93099627584886,8.98211064434593,TRUE,-0.877757676564416,6,0.910229940532454,"dense_profiles",9,"one_step_gamma_poisson_fixed_recruitment_slope","growth"
"growth_slope_20",-2.4,-2.5188474357214,0.246771665825518,-2.99878708168899,-2.51646551720573,-2.06909140793167,TRUE,-0.481608921039708,3,0.917742778058161,"dense_profiles",9,"one_step_gamma_poisson_fixed_recruitment_slope","growth"
"log_growth_sd",1.50407739677627,1.55570293561274,0.130591589019501,1.31847957469325,1.54443090538227,1.80975328139038,TRUE,0.39532055030554,0.7,0.813440587114999,"dense_profiles",9,"one_step_gamma_poisson_fixed_recruitment_slope","growth"
"log_recruitment_at_80",-1.69314718055995,-1.77679686829805,0.0390838061122976,-1.85632065344222,-1.77890642698337,-1.70100066537863,FALSE,-2.14026462770177,1.5,0.973944129258468,"dense_profiles",9,"one_step_gamma_poisson_fixed_recruitment_slope","recruitment"
"recruitment_slope_20",1.5,1.5,0,1.5,1.5,1.5,TRUE,NA,NA,NA,"dense_profiles",9,"one_step_gamma_poisson_fixed_recruitment_slope","recruitment"
"recruit_mean_80",44.6,44.4271929580433,0.709968222234777,43.0563543037785,44.458178480457,45.8355973768457,TRUE,-0.243401093942926,10,0.929003177776522,"dense_profiles",9,"one_step_gamma_poisson_fixed_recruitment_slope","recruit_size"
"recruit_mean_slope_20",0.4,0.495374074527033,0.384056000480165,-0.288547464106564,0.479793490919916,1.23766896830147,TRUE,0.248333770095486,2,0.807971999759918,"dense_profiles",9,"one_step_gamma_poisson_fixed_recruitment_slope","recruit_size"
"log_recruit_sd",1.25276296849537,1.2459428299057,0.0377147521889417,1.16598564143027,1.24659679772042,1.3192060972572,TRUE,-0.180834771377992,0.7,0.946121782587226,"dense_profiles",9,"one_step_gamma_poisson_fixed_recruitment_slope","recruit_size"
"log_process_precision",NA,3.75190081715668,0.247951159347447,3.29505371508806,3.76070018851463,4.19920725431975,NA,NA,2,0.876024420326277,"dense_profiles",9,"one_step_gamma_poisson_fixed_recruitment_slope","process"
"survival_at_80",0.36,0.397942124089,0.0434245946733973,0.31618071586125,0.396419093471778,0.483699898617608,TRUE,0.873747340058508,1.5,0.971050270217735,"rich_design",9,"recursive_gamma_poisson","survival"
"survival_slope_20",0.64,0.669501987603326,0.0306619394332514,0.607897901034686,0.671088391116647,0.731527805045364,TRUE,0.962169652299691,1,0.969338060566749,"rich_design",9,"recursive_gamma_poisson","survival"
"growth_increment_80",8.4,8.04552349202084,0.374813373448702,7.34996792569734,8.02353004352373,8.80505292249028,TRUE,-0.94574135580485,6,0.937531104425216,"rich_design",9,"recursive_gamma_poisson","growth"
"growth_slope_20",-2.4,-2.36818722531974,0.154902729756281,-2.68999327321277,-2.370535684385,-2.06013572730803,TRUE,0.205372589174577,3,0.948365756747906,"rich_design",9,"recursive_gamma_poisson","growth"
"log_growth_sd",1.50407739677627,1.61868542997477,0.0752251276389428,1.47029914981617,1.62009313871886,1.7656814485289,TRUE,1.5235339147389,0.7,0.892535531944367,"rich_design",9,"recursive_gamma_poisson","growth"
"log_recruitment_at_80",-1.69314718055995,-1.61252867195736,0.196775891272672,-1.99207182194338,-1.60372223669043,-1.26947108156433,TRUE,0.409697082712608,1.5,0.868816072484886,"rich_design",9,"recursive_gamma_poisson","recruitment"
"recruitment_slope_20",1.5,1.45972440636564,0.106778125755534,1.27430811386562,1.45707795415757,1.66420293760438,TRUE,-0.377189554034437,1,0.893221874244466,"rich_design",9,"recursive_gamma_poisson","recruitment"
"recruit_mean_80",44.6,44.6495981638884,0.631070867634213,43.27660018129,44.6502945045386,45.888315678536,TRUE,0.0785936515724533,10,0.936892913236579,"rich_design",9,"recursive_gamma_poisson","recruit_size"
"recruit_mean_slope_20",0.4,0.341554498687159,0.300690973973447,-0.268377973350541,0.347614525746561,0.994522820478015,TRUE,-0.194370654165368,2,0.849654513013276,"rich_design",9,"recursive_gamma_poisson","recruit_size"
"log_recruit_sd",1.25276296849537,1.22049377825075,0.032317471694652,1.15324714766478,1.22228367491597,1.28034021081623,TRUE,-0.998506026384557,0.7,0.953832183293354,"rich_design",9,"recursive_gamma_poisson","recruit_size"
"log_process_precision",NA,2.23850973775984,0.115129306047171,2.01496761742936,2.24110286094068,2.43948521795571,NA,NA,2,0.942435346976414,"rich_design",9,"recursive_gamma_poisson","process"
"survival_at_80",0.36,0.454394604976784,0.0804709705176989,0.287332528855665,0.452719379677242,0.610890350866589,TRUE,1.17302679922349,1.5,0.946352686321534,"rich_design",9,"one_step_gamma_poisson","survival"
"survival_slope_20",0.64,0.574868584195175,0.0574788664087579,0.466673312188653,0.572119600947555,0.679922850026898,TRUE,-1.13313674875991,1,0.942521133591242,"rich_design",9,"one_step_gamma_poisson","survival"
"growth_increment_80",8.4,7.19910696474348,0.519115710330576,6.15202305951697,7.21820465903607,8.24535277991817,FALSE,-2.31334365606423,6,0.913480714944904,"rich_design",9,"one_step_gamma_poisson","growth"
"growth_slope_20",-2.4,-2.08353720996346,0.24106546158339,-2.58651340912038,-2.0741539633263,-1.62713624117171,TRUE,1.31276702999226,3,0.91964484613887,"rich_design",9,"one_step_gamma_poisson","growth"
"log_growth_sd",1.50407739677627,1.87232182099321,0.0596028512517423,1.75546386256014,1.86977082675554,1.98454481933736,FALSE,6.17830215305629,0.7,0.914853069640368,"rich_design",9,"one_step_gamma_poisson","growth"
"log_recruitment_at_80",-1.69314718055995,-1.81066738520849,0.16242444507796,-2.13757377469011,-1.80300580292203,-1.48511386546202,TRUE,-0.723537670651362,1.5,0.891717036614693,"rich_design",9,"one_step_gamma_poisson","recruitment"
"recruitment_slope_20",1.5,1.50213934199433,0.076188059622644,1.36127536655612,1.50238340737582,1.65270941753977,TRUE,0.0280797542938258,1,0.923811940377356,"rich_design",9,"one_step_gamma_poisson","recruitment"
"recruit_mean_80",44.6,44.6660474614657,0.467486221378719,43.7200504478269,44.6631641703395,45.5369094258451,TRUE,0.141282156447164,10,0.953251377862128,"rich_design",9,"one_step_gamma_poisson","recruit_size"
"recruit_mean_slope_20",0.4,0.25562563709164,0.221467852810259,-0.142852862018287,0.256020815087602,0.691118202934817,TRUE,-0.651897605347046,2,0.889266073594871,"rich_design",9,"one_step_gamma_poisson","recruit_size"
"log_recruit_sd",1.25276296849537,1.19970641610589,0.0281700525679038,1.14559952365057,1.19950335304504,1.25902115771889,TRUE,-1.8834381746923,0.7,0.959757067760137,"rich_design",9,"one_step_gamma_poisson","recruit_size"
"log_process_precision",NA,3.23718392407091,0.168383860178684,2.95153396709598,3.23256706833909,3.58265956650932,NA,NA,2,0.915808069910658,"rich_design",9,"one_step_gamma_poisson","process"
"survival_at_80",0.36,0.45120129782522,0.108280029160254,0.250144984094006,0.451668443474113,0.671758254146301,TRUE,0.84227256431787,1.5,0.927813313893164,"rich_design",9,"one_step_shared_gamma_poisson","survival"
"survival_slope_20",0.64,0.595418618943908,0.0554877060600181,0.485772797832911,0.592913768660237,0.705863203142858,TRUE,-0.80344610043657,1,0.944512293939982,"rich_design",9,"one_step_shared_gamma_poisson","survival"
"growth_increment_80",8.4,7.04874326566661,0.514644898433474,6.04515948023949,7.05933853864695,8.00170560590274,FALSE,-2.62560988838417,6,0.914225850261088,"rich_design",9,"one_step_shared_gamma_poisson","growth"
"growth_slope_20",-2.4,-2.06684211236103,0.208484448650605,-2.46799605253129,-2.06790180395987,-1.64872514122132,TRUE,1.59799874664657,3,0.930505183783132,"rich_design",9,"one_step_shared_gamma_poisson","growth"
"log_growth_sd",1.50407739677627,1.86787624931319,0.0561497689795732,1.7612381494171,1.86657676606502,1.98114353273622,FALSE,6.47908013066375,0.7,0.919786044314896,"rich_design",9,"one_step_shared_gamma_poisson","growth"
"log_recruitment_at_80",-1.69314718055995,-1.88981677601204,0.128436378170137,-2.13695854183974,-1.88939873983493,-1.64638709366423,TRUE,-1.53126083321637,1.5,0.914375747886575,"rich_design",9,"one_step_shared_gamma_poisson","recruitment"
"recruitment_slope_20",1.5,1.53868512662528,0.058345702958218,1.41783753576464,1.53700190422308,1.65096115530173,TRUE,0.663033002670078,1,0.941654297041782,"rich_design",9,"one_step_shared_gamma_poisson","recruitment"
"recruit_mean_80",44.6,44.5800003946356,0.358367450500856,43.8861127356174,44.5558740787486,45.3259059925811,TRUE,-0.0558075387049832,10,0.964163254949914,"rich_design",9,"one_step_shared_gamma_poisson","recruit_size"
"recruit_mean_slope_20",0.4,0.301040874186586,0.157181113732189,-0.0324795515031253,0.308189402894556,0.601786103733794,TRUE,-0.629586618033667,2,0.921409443133906,"rich_design",9,"one_step_shared_gamma_poisson","recruit_size"
"log_recruit_sd",1.25276296849537,1.20464755617894,0.0227980535643728,1.15871696518727,1.20582449108136,1.24683989326702,FALSE,-2.11050527539843,0.7,0.967431352050896,"rich_design",9,"one_step_shared_gamma_poisson","recruit_size"
"log_process_precision",NA,3.62514930946345,0.270974749174799,3.07741860778714,3.63720545213582,4.13953234199491,NA,NA,2,0.864512625412601,"rich_design",9,"one_step_shared_gamma_poisson","process"
"survival_at_80",0.36,0.462362845942848,0.0828651143800598,0.297235474871469,0.465552032523739,0.611589895347508,TRUE,1.2352948126441,1.5,0.944756590413293,"rich_design",9,"one_step_gamma_poisson_shape_informed","survival"
"survival_slope_20",0.64,0.576304793538995,0.0536102074940666,0.473886618143488,0.572280220337406,0.67943480526614,TRUE,-1.18811714108837,1,0.946389792505933,"rich_design",9,"one_step_gamma_poisson_shape_informed","survival"
"growth_increment_80",8.4,7.11750133883122,0.545506144422614,6.11024704403527,7.11874558460628,8.15039760854038,FALSE,-2.35102514294541,6,0.909082309262898,"rich_design",9,"one_step_gamma_poisson_shape_informed","growth"
"growth_slope_20",-2.4,-2.07874419236442,0.232665033516384,-2.54979867487939,-2.08000830068008,-1.62047014159483,TRUE,1.38076531217553,3,0.922444988827872,"rich_design",9,"one_step_gamma_poisson_shape_informed","growth"
"log_growth_sd",1.50407739677627,1.87818348707982,0.0583876097141781,1.77385251670418,1.8756686313508,1.99481543191703,FALSE,6.40728558909832,0.7,0.916589128979746,"rich_design",9,"one_step_gamma_poisson_shape_informed","growth"
"log_recruitment_at_80",-1.69314718055995,-1.81566235718043,0.140266502050734,-2.08196823944441,-1.81823172283218,-1.53643337383059,TRUE,-0.873445725310582,1.5,0.906488998632844,"rich_design",9,"one_step_gamma_poisson_shape_informed","recruitment"
"recruitment_slope_20",1.5,1.50240492421638,0.0663017878495283,1.36982900439909,1.50205158630409,1.6227908801542,TRUE,0.0362723886396434,0.2,0.668491060752359,"rich_design",9,"one_step_gamma_poisson_shape_informed","recruitment"
"recruit_mean_80",44.6,44.6249041361084,0.460887782452005,43.7734463576869,44.6273780584953,45.5092580462942,TRUE,0.0540351405625613,10,0.9539112217548,"rich_design",9,"one_step_gamma_poisson_shape_informed","recruit_size"
"recruit_mean_slope_20",0.4,0.267276035442239,0.21130152970767,-0.119566352416886,0.265374649641529,0.667756843523709,TRUE,-0.628125904915977,2,0.894349235146165,"rich_design",9,"one_step_gamma_poisson_shape_informed","recruit_size"
"log_recruit_sd",1.25276296849537,1.19420643887203,0.029629351099853,1.12937785878545,1.19379805257812,1.25281646591817,TRUE,-1.97630145277222,0.7,0.957672355571639,"rich_design",9,"one_step_gamma_poisson_shape_informed","recruit_size"
"log_process_precision",NA,3.21667599173255,0.163197270845116,2.90668366620359,3.22339869884128,3.53669371403747,NA,NA,2,0.918401364577442,"rich_design",9,"one_step_gamma_poisson_shape_informed","process"
"survival_at_80",0.36,0.456883330536083,0.0855454787490805,0.302699637401418,0.452909225748861,0.63923383123633,TRUE,1.13253595576054,1.5,0.942969680833946,"rich_design",9,"one_step_gamma_poisson_fixed_recruitment_slope","survival"
"survival_slope_20",0.64,0.571795413691602,0.0550967765430888,0.458974194529401,0.572103319264443,0.672007160150143,TRUE,-1.23790520222282,1,0.944903223456911,"rich_design",9,"one_step_gamma_poisson_fixed_recruitment_slope","survival"
"growth_increment_80",8.4,7.13982751570532,0.498290215770243,6.19572376795082,7.13834478511822,8.12232886953915,FALSE,-2.52899303340072,6,0.91695163070496,"rich_design",9,"one_step_gamma_poisson_fixed_recruitment_slope","growth"
"growth_slope_20",-2.4,-2.09672344763632,0.232461767686414,-2.543007620035,-2.11192143352094,-1.65362231458368,TRUE,1.30462981238616,3,0.922512744104529,"rich_design",9,"one_step_gamma_poisson_fixed_recruitment_slope","growth"
"log_growth_sd",1.50407739677627,1.87708610467953,0.0565490075540481,1.76468420083085,1.87677849188396,1.98368506940993,FALSE,6.59620255133108,0.7,0.919215703494217,"rich_design",9,"one_step_gamma_poisson_fixed_recruitment_slope","growth"
"log_recruitment_at_80",-1.69314718055995,-1.80585140016051,0.0354799559964882,-1.87345410114909,-1.80439872865973,-1.72873966460875,FALSE,-3.17656029820663,1.5,0.976346696002341,"rich_design",9,"one_step_gamma_poisson_fixed_recruitment_slope","recruitment"
"recruitment_slope_20",1.5,1.5,0,1.5,1.5,1.5,TRUE,NA,NA,NA,"rich_design",9,"one_step_gamma_poisson_fixed_recruitment_slope","recruitment"
"recruit_mean_80",44.6,44.6220289507419,0.474527872585733,43.6258159373108,44.6215285858392,45.5126337121161,TRUE,0.0464228805398506,10,0.952547212741427,"rich_design",9,"one_step_gamma_poisson_fixed_recruitment_slope","recruit_size"
"recruit_mean_slope_20",0.4,0.268348374136292,0.223789492190067,-0.154808245803948,0.264612912565804,0.682798119134042,TRUE,-0.588283321863453,2,0.888105253904967,"rich_design",9,"one_step_gamma_poisson_fixed_recruitment_slope","recruit_size"
"log_recruit_sd",1.25276296849537,1.19664582017049,0.0271895750030125,1.14269763888086,1.19666088035007,1.24977161098584,FALSE,-2.06392149633322,0.7,0.961157749995696,"rich_design",9,"one_step_gamma_poisson_fixed_recruitment_slope","recruit_size"
"log_process_precision",NA,3.20850796976564,0.169022059244569,2.87062931164208,3.21061399843179,3.58190779106722,NA,NA,2,0.915488970377715,"rich_design",9,"one_step_gamma_poisson_fixed_recruitment_slope","process"
"survival_at_80",0.36,0.205920456471773,0.0912477982927688,0.0288936467194448,0.209197346786216,0.383566988721673,TRUE,-1.68858368542617,1.5,0.939168134471488,"standard",10,"recursive_gamma_poisson","survival"
"survival_slope_20",0.64,0.613327058123062,0.0797783067410751,0.452611106688529,0.615345813967848,0.771021463049178,TRUE,-0.334338280248368,1,0.920221693258925,"standard",10,"recursive_gamma_poisson","survival"
"growth_increment_80",8.4,9.24099985559145,0.805285531651528,7.67855062948895,9.25625235418731,10.8521799616537,TRUE,1.04434988899736,6,0.865785744724745,"standard",10,"recursive_gamma_poisson","growth"
"growth_slope_20",-2.4,-2.81690708463731,0.296323635110032,-3.37764014363649,-2.80649613405336,-2.25280623776436,TRUE,-1.40693159518816,3,0.901225454963323,"standard",10,"recursive_gamma_poisson","growth"
"log_growth_sd",1.50407739677627,1.68047039136036,0.14518897644724,1.39560607776323,1.68800531929839,1.94442013123462,TRUE,1.2149200228585,0.7,0.792587176503944,"standard",10,"recursive_gamma_poisson","growth"
"log_recruitment_at_80",-1.69314718055995,-1.47089466322084,0.280588057884867,-2.02986766049667,-1.45787758941905,-0.968075054446165,TRUE,0.792095426350259,1.5,0.812941294743422,"standard",10,"recursive_gamma_poisson","recruitment"
"recruitment_slope_20",1.5,1.3079090284711,0.172233714580838,0.992552630922933,1.29560589062195,1.64582820166161,TRUE,-1.11529250818513,1,0.827766285419162,"standard",10,"recursive_gamma_poisson","recruitment"
"recruit_mean_80",44.6,44.3275757232127,1.2368566422428,42.2897013752583,44.2633998623917,46.8261144311608,TRUE,-0.220255337185516,10,0.87631433577572,"standard",10,"recursive_gamma_poisson","recruit_size"
"recruit_mean_slope_20",0.4,0.505488170504946,0.686674686300206,-0.901379875203204,0.533681542159041,1.67618043404558,TRUE,0.153621755118592,2,0.656662656849897,"standard",10,"recursive_gamma_poisson","recruit_size"
"log_recruit_sd",1.25276296849537,1.22342368842331,0.0736332963196006,1.07602186973214,1.22636376062666,1.36209860392531,TRUE,-0.398451265100365,0.7,0.894809576686285,"standard",10,"recursive_gamma_poisson","recruit_size"
"log_process_precision",NA,2.86115353889795,0.385171513477328,2.11276613684933,2.85745613516842,3.63484831701266,NA,NA,2,0.807414243261336,"standard",10,"recursive_gamma_poisson","process"
"survival_at_80",0.36,0.30036983671949,0.161504200959586,-0.0138919854722001,0.305426538592472,0.595405739531116,TRUE,-0.369217413084079,1.5,0.89233053269361,"standard",10,"one_step_gamma_poisson","survival"
"survival_slope_20",0.64,0.549062892006631,0.115488446885095,0.322079509238653,0.550842729542893,0.76528330865416,TRUE,-0.787413030879591,1,0.884511553114905,"standard",10,"one_step_gamma_poisson","survival"
"growth_increment_80",8.4,7.82127265036131,1.28589926671534,5.46753414530881,7.88909958085147,10.3700207024489,TRUE,-0.450056520459004,6,0.785683455547443,"standard",10,"one_step_gamma_poisson","growth"
"growth_slope_20",-2.4,-2.61745137261491,0.478394717725757,-3.4807069499763,-2.60349218959064,-1.72866564244355,TRUE,-0.454543841221017,3,0.840535094091414,"standard",10,"one_step_gamma_poisson","growth"
"log_growth_sd",1.50407739677627,1.97385424842559,0.150792884796814,1.70066325640192,1.96315063392499,2.29430328606807,FALSE,3.11537810475818,0.7,0.784581593147408,"standard",10,"one_step_gamma_poisson","growth"
"log_recruitment_at_80",-1.69314718055995,-1.27532383344058,0.276373607263168,-1.82825266714463,-1.25698499570252,-0.697521104965265,TRUE,1.51180625117182,1.5,0.815750928491221,"standard",10,"one_step_gamma_poisson","recruitment"
"recruitment_slope_20",1.5,1.15458368644319,0.170335301806458,0.807584059334912,1.14179530132187,1.48831960479697,FALSE,-2.0278609888471,1,0.829664698193542,"standard",10,"one_step_gamma_poisson","recruitment"
"recruit_mean_80",44.6,44.0517401409449,1.09109779494691,41.8066334525833,44.1467983211983,46.2830434519252,TRUE,-0.502484618330424,10,0.890890220505309,"standard",10,"one_step_gamma_poisson","recruit_size"
"recruit_mean_slope_20",0.4,0.639848743488721,0.655289263615503,-0.711653886464758,0.613439005427387,1.88563776480042,TRUE,0.366019644767832,2,0.672355368192248,"standard",10,"one_step_gamma_poisson","recruit_size"
"log_recruit_sd",1.25276296849537,1.1569573457476,0.0897498010903122,0.984470989274255,1.15514560403373,1.32405764936409,TRUE,-1.06747448555746,0.7,0.871785998442411,"standard",10,"one_step_gamma_poisson","recruit_size"
"log_process_precision",NA,3.30065409384243,0.578416327143196,2.21628485407222,3.2737503781665,4.46501748783677,NA,NA,2,0.710791836428402,"standard",10,"one_step_gamma_poisson","process"
"survival_at_80",0.36,0.376793579844792,0.242274619839279,-0.0967092784485709,0.383385661531447,0.832482430881876,TRUE,0.0693162984052254,1.5,0.838483586773814,"standard",10,"one_step_shared_gamma_poisson","survival"
"survival_slope_20",0.64,0.603463689463486,0.12990553039845,0.352789927867792,0.614331832364094,0.839366517509214,TRUE,-0.281252926064417,1,0.87009446960155,"standard",10,"one_step_shared_gamma_poisson","survival"
"growth_increment_80",8.4,7.72639832115667,1.26594651079873,5.06544599495238,7.77083294484846,9.95404170923004,TRUE,-0.532093317606551,6,0.789008914866879,"standard",10,"one_step_shared_gamma_poisson","growth"
"growth_slope_20",-2.4,-2.61083747993158,0.525526518141859,-3.68004129139381,-2.59799979685313,-1.59705682251413,TRUE,-0.401192846893925,3,0.824824493952714,"standard",10,"one_step_shared_gamma_poisson","growth"
"log_growth_sd",1.50407739677627,1.96494205453385,0.143865137492343,1.67659912465507,1.96229989741934,2.24004518889751,FALSE,3.20344918713961,0.7,0.794478375010939,"standard",10,"one_step_shared_gamma_poisson","growth"
"log_recruitment_at_80",-1.69314718055995,-1.2103579957078,0.269634959331951,-1.72759965435932,-1.20528677009876,-0.68165206624278,TRUE,1.79052889153657,1.5,0.820243360445366,"standard",10,"one_step_shared_gamma_poisson","recruitment"
"recruitment_slope_20",1.5,1.12424030883515,0.165626925842666,0.804732194589271,1.12542139337443,1.43195642974828,FALSE,-2.26871137801469,1,0.834373074157334,"standard",10,"one_step_shared_gamma_poisson","recruitment"
"recruit_mean_80",44.6,44.2033382307553,0.901870162301162,42.356583013726,44.2309369728789,45.8987954498888,TRUE,-0.439821368779516,10,0.909812983769884,"standard",10,"one_step_shared_gamma_poisson","recruit_size"
"recruit_mean_slope_20",0.4,0.573996386313627,0.556120724157046,-0.402751859214763,0.579158852781026,1.7373075334121,TRUE,0.312875206327487,2,0.721939637921477,"standard",10,"one_step_shared_gamma_poisson","recruit_size"
"log_recruit_sd",1.25276296849537,1.15377682402795,0.0733777966486577,1.00605193367751,1.1521465079234,1.30141871015383,TRUE,-1.34899314218135,0.7,0.895174576216203,"standard",10,"one_step_shared_gamma_poisson","recruit_size"
"log_process_precision",NA,3.32223122492304,0.499492352720396,2.40225378232442,3.33694677522257,4.30174448184042,NA,NA,2,0.750253823639802,"standard",10,"one_step_shared_gamma_poisson","process"
"survival_at_80",0.36,0.325270403718921,0.174026185278071,-0.00584687848576741,0.32969520011124,0.672859911138583,TRUE,-0.199565348315749,1.5,0.883982543147953,"standard",10,"one_step_gamma_poisson_shape_informed","survival"
"survival_slope_20",0.64,0.562066034040058,0.115258895921653,0.358509099538938,0.553826186428741,0.792812957793015,TRUE,-0.676164432573757,1,0.884741104078347,"standard",10,"one_step_gamma_poisson_shape_informed","survival"
"growth_increment_80",8.4,7.77225700532778,1.37924720159203,5.06948391952672,7.84896568710908,10.362192679991,TRUE,-0.455134506669747,6,0.770125466401328,"standard",10,"one_step_gamma_poisson_shape_informed","growth"
"growth_slope_20",-2.4,-2.53767258339107,0.530085768740497,-3.52858138905296,-2.55174729841677,-1.54987774953324,TRUE,-0.259717561779081,3,0.823304743753168,"standard",10,"one_step_gamma_poisson_shape_informed","growth"
"log_growth_sd",1.50407739677627,1.99249886163275,0.157315750859463,1.68691369313947,1.98817705146723,2.30994386060778,FALSE,3.10472067919507,0.7,0.775263213057909,"standard",10,"one_step_gamma_poisson_shape_informed","growth"
"log_recruitment_at_80",-1.69314718055995,-1.51519258215495,0.247419881449919,-1.97909227028734,-1.51198319416703,-1.04156647721962,TRUE,0.719241304951535,1.5,0.835053412366721,"standard",10,"one_step_gamma_poisson_shape_informed","recruitment"
"recruitment_slope_20",1.5,1.30001646673972,0.129562749618917,1.05743058429292,1.30727744702175,1.5372711411039,TRUE,-1.54352646766521,0.2,0.352186251905413,"standard",10,"one_step_gamma_poisson_shape_informed","recruitment"
"recruit_mean_80",44.6,43.7976063694136,1.3724913804532,41.1651856005058,43.7405200621749,46.5983112769227,TRUE,-0.584625624622502,10,0.86275086195468,"standard",10,"one_step_gamma_poisson_shape_informed","recruit_size"
"recruit_mean_slope_20",0.4,0.71789951054603,0.755461311555277,-0.745536300413244,0.750120395449788,2.1804190394248,TRUE,0.420801840787276,2,0.622269344222362,"standard",10,"one_step_gamma_poisson_shape_informed","recruit_size"
"log_recruit_sd",1.25276296849537,1.15492341304953,0.0952275728136929,0.96474240918896,1.15571796248667,1.35418856850567,TRUE,-1.02742884812635,0.7,0.863960610266153,"standard",10,"one_step_gamma_poisson_shape_informed","recruit_size"
"log_process_precision",NA,3.21650782889597,0.536247149938546,2.32336917000456,3.22536214040817,4.207567926633,NA,NA,2,0.731876425030727,"standard",10,"one_step_gamma_poisson_shape_informed","process"
"survival_at_80",0.36,0.37305091523481,0.191919437460265,-0.0222533509015431,0.381354722292017,0.75613439343086,TRUE,0.0680020502744122,1.5,0.872053708359823,"standard",10,"one_step_gamma_poisson_fixed_recruitment_slope","survival"
"survival_slope_20",0.64,0.56184874557662,0.126703138809429,0.322192239425121,0.557396591400151,0.828162069585364,TRUE,-0.616805985690106,1,0.873296861190571,"standard",10,"one_step_gamma_poisson_fixed_recruitment_slope","survival"
"growth_increment_80",8.4,7.28679345275211,1.47176329690264,4.51465354565018,7.25678647523669,10.4036246976978,TRUE,-0.75637607595641,6,0.754706117182893,"standard",10,"one_step_gamma_poisson_fixed_recruitment_slope","growth"
"growth_slope_20",-2.4,-2.48217186241077,0.582536933095816,-3.64100854225313,-2.4759372356291,-1.32374779194536,TRUE,-0.141058631208291,3,0.805821022301395,"standard",10,"one_step_gamma_poisson_fixed_recruitment_slope","growth"
"log_growth_sd",1.50407739677627,2.03204953171937,0.153899306340529,1.73544239679761,2.03306154160573,2.33338715533779,FALSE,3.43063362335674,0.7,0.780143848084958,"standard",10,"one_step_gamma_poisson_fixed_recruitment_slope","growth"
"log_recruitment_at_80",-1.69314718055995,-1.92240593120479,0.081773931146863,-2.08593936714368,-1.92397330826045,-1.75350506709849,FALSE,-2.8035676826286,1.5,0.945484045902091,"standard",10,"one_step_gamma_poisson_fixed_recruitment_slope","recruitment"
"recruitment_slope_20",1.5,1.5,0,1.5,1.5,1.5,TRUE,NA,NA,NA,"standard",10,"one_step_gamma_poisson_fixed_recruitment_slope","recruitment"
"recruit_mean_80",44.6,43.5616458514602,1.52333672756731,40.3176494904764,43.5455543808456,46.4549234957358,TRUE,-0.681631401481418,10,0.847666327243269,"standard",10,"one_step_gamma_poisson_fixed_recruitment_slope","recruit_size"
"recruit_mean_slope_20",0.4,0.757812617637019,0.769482939247841,-0.700013836127453,0.744018124471208,2.33743121054084,TRUE,0.465003964853042,2,0.61525853037608,"standard",10,"one_step_gamma_poisson_fixed_recruitment_slope","recruit_size"
"log_recruit_sd",1.25276296849537,1.14232896823003,0.100684923105394,0.961949185008753,1.14565676077454,1.32697491544461,TRUE,-1.09682757715115,0.7,0.856164395563723,"standard",10,"one_step_gamma_poisson_fixed_recruitment_slope","recruit_size"
"log_process_precision",NA,3.12422948297171,0.456214198103883,2.23441436455441,3.15189231176203,4.02625970544829,NA,NA,2,0.771892900948059,"standard",10,"one_step_gamma_poisson_fixed_recruitment_slope","process"
"survival_at_80",0.36,0.431772812133485,0.0579037331361796,0.31705811147014,0.433140302076286,0.544010924671451,TRUE,1.23951959996583,1.5,0.961397511242547,"dense_profiles",10,"recursive_gamma_poisson","survival"
"survival_slope_20",0.64,0.693204569446758,0.0408666030094955,0.613534641832535,0.693247009104722,0.764818362982799,TRUE,1.30190829500547,1,0.959133396990504,"dense_profiles",10,"recursive_gamma_poisson","survival"
"growth_increment_80",8.4,8.20107729221324,0.464963622654655,7.30214493260943,8.17984862181174,9.11127151512026,TRUE,-0.427824238487804,6,0.922506062890891,"dense_profiles",10,"recursive_gamma_poisson","growth"
"growth_slope_20",-2.4,-2.21538510904373,0.209616863113236,-2.62902150994871,-2.22220795127157,-1.78096352124634,TRUE,0.880725377788601,3,0.930127712295588,"dense_profiles",10,"recursive_gamma_poisson","growth"
"log_growth_sd",1.50407739677627,1.52265507846257,0.112490175057936,1.30612727904961,1.51434459255937,1.76034683270204,TRUE,0.16514937128268,0.7,0.839299749917234,"dense_profiles",10,"recursive_gamma_poisson","growth"
"log_recruitment_at_80",-1.69314718055995,-1.69620229078456,0.207786095123591,-2.08911562641254,-1.70269492039987,-1.28923340847234,TRUE,-0.014703150481729,1.5,0.861475936584272,"dense_profiles",10,"recursive_gamma_poisson","recruitment"
"recruitment_slope_20",1.5,1.46436766464837,0.1204801378523,1.22469286012592,1.47071757367334,1.68109443119385,TRUE,-0.295752777070278,1,0.8795198621477,"dense_profiles",10,"recursive_gamma_poisson","recruitment"
"recruit_mean_80",44.6,44.5401120714515,0.832146938683753,42.8127604706556,44.5325977264367,46.0512984978955,TRUE,-0.0719679731601646,10,0.916785306131625,"dense_profiles",10,"recursive_gamma_poisson","recruit_size"
"recruit_mean_slope_20",0.4,0.480722462714492,0.43204732845924,-0.281286231819882,0.48589576510587,1.4027457329026,TRUE,0.186837083340761,2,0.78397633577038,"dense_profiles",10,"recursive_gamma_poisson","recruit_size"
"log_recruit_sd",1.25276296849537,1.28616949372093,0.0362733046285915,1.21777079288422,1.28512064239784,1.36127076182859,TRUE,0.920967239340817,0.7,0.948180993387726,"dense_profiles",10,"recursive_gamma_poisson","recruit_size"
"log_process_precision",NA,3.73019784091196,0.271466629224629,3.22412979108017,3.72494846788797,4.29186946262362,NA,NA,2,0.864266685387686,"dense_profiles",10,"recursive_gamma_poisson","process"
"survival_at_80",0.36,0.405873402058002,0.0918953462654924,0.228299540790869,0.409365858573888,0.58167791436252,TRUE,0.499191786333445,1.5,0.938736435823005,"dense_profiles",10,"one_step_gamma_poisson","survival"
"survival_slope_20",0.64,0.680954071312076,0.0704244859526071,0.557136821998445,0.682386092088238,0.811022411167181,TRUE,0.581531703896798,1,0.929575514047393,"dense_profiles",10,"one_step_gamma_poisson","survival"
"growth_increment_80",8.4,8.45268099629213,0.50341773572294,7.41658814991144,8.42692744317209,9.42269078483907,TRUE,0.104646683169556,6,0.916097044046177,"dense_profiles",10,"one_step_gamma_poisson","growth"
"growth_slope_20",-2.4,-2.22283393744646,0.25114505219806,-2.70088047647875,-2.23289059803033,-1.73596797376308,TRUE,0.705433218783147,3,0.916284982600647,"dense_profiles",10,"one_step_gamma_poisson","growth"
"log_growth_sd",1.50407739677627,1.54033507986723,0.0922989805081043,1.36856361668538,1.54203145817991,1.70640751291894,TRUE,0.39282864113298,0.7,0.868144313559851,"dense_profiles",10,"one_step_gamma_poisson","growth"
"log_recruitment_at_80",-1.69314718055995,-1.39356829743947,0.14393435704621,-1.6829529311489,-1.39406050769083,-1.12142158765321,FALSE,2.08135770547333,1.5,0.904043761969193,"dense_profiles",10,"one_step_gamma_poisson","recruitment"
"recruitment_slope_20",1.5,1.31829721230308,0.083395942990989,1.15815532446303,1.31708596867114,1.4861309684999,FALSE,-2.1787964879365,1,0.916604057009011,"dense_profiles",10,"one_step_gamma_poisson","recruitment"
"recruit_mean_80",44.6,44.8451980683552,0.616248616677871,43.6594332570289,44.8475924994713,45.9806364214572,TRUE,0.397888225172881,10,0.938375138332213,"dense_profiles",10,"one_step_gamma_poisson","recruit_size"
"recruit_mean_slope_20",0.4,0.347588348006111,0.353572262464361,-0.324601986228493,0.35256638253933,0.978904961887444,TRUE,-0.148234625727102,2,0.823213868767819,"dense_profiles",10,"one_step_gamma_poisson","recruit_size"
"log_recruit_sd",1.25276296849537,1.2845672913428,0.0337171089129734,1.21813803605006,1.28427190752221,1.34731413211886,TRUE,0.94326957063607,0.7,0.951832701552895,"dense_profiles",10,"one_step_gamma_poisson","recruit_size"
"log_process_precision",NA,3.88600597030987,0.270289473446426,3.30674746023122,3.89288336698754,4.3860638396222,NA,NA,2,0.864855263276787,"dense_profiles",10,"one_step_gamma_poisson","process"
"survival_at_80",0.36,0.468612088430927,0.139211763646672,0.169390797249459,0.470234866700862,0.708915767571948,TRUE,0.780193322646148,1.5,0.907192157568886,"dense_profiles",10,"one_step_shared_gamma_poisson","survival"
"survival_slope_20",0.64,0.710843537355291,0.0740939835709136,0.56467055391765,0.710958263366371,0.848996981246046,TRUE,0.95613076718285,1,0.925906016429086,"dense_profiles",10,"one_step_shared_gamma_poisson","survival"
"growth_increment_80",8.4,8.38924472973972,0.467994585577094,7.4572192327288,8.38482789267195,9.28570319311726,TRUE,-0.0229816125907034,6,0.922000902403818,"dense_profiles",10,"one_step_shared_gamma_poisson","growth"
"growth_slope_20",-2.4,-2.18408516029882,0.236578864043827,-2.66978679001617,-2.17144967690889,-1.76314649552942,TRUE,0.912654816286474,3,0.921140378652058,"dense_profiles",10,"one_step_shared_gamma_poisson","growth"
"log_growth_sd",1.50407739677627,1.53144729726187,0.0891219487548126,1.34100386881431,1.53492213141496,1.69243817315826,TRUE,0.307106171577249,0.7,0.872682930350268,"dense_profiles",10,"one_step_shared_gamma_poisson","growth"
"log_recruitment_at_80",-1.69314718055995,-1.35206821042319,0.124628912105968,-1.58397209952249,-1.36260646835683,-1.10844167861386,FALSE,2.73675637838148,1.5,0.916914058596021,"dense_profiles",10,"one_step_shared_gamma_poisson","recruitment"
"recruitment_slope_20",1.5,1.29569916143879,0.0718851206380018,1.14656286000358,1.3048034508671,1.4264803704533,FALSE,-2.84204626420576,1,0.928114879361998,"dense_profiles",10,"one_step_shared_gamma_poisson","recruitment"
"recruit_mean_80",44.6,44.8371941847248,0.53018792026526,43.8602754962747,44.832313944504,45.9329529194027,TRUE,0.447377572476849,10,0.946981207973474,"dense_profiles",10,"one_step_shared_gamma_poisson","recruit_size"
"recruit_mean_slope_20",0.4,0.372735899008617,0.303146068867333,-0.234734206966083,0.396584479543134,0.93722534603866,TRUE,-0.0899371748188991,2,0.848426965566333,"dense_profiles",10,"one_step_shared_gamma_poisson","recruit_size"
"log_recruit_sd",1.25276296849537,1.28367150011539,0.0276121958688745,1.234893571118,1.28289630448173,1.33859611150126,TRUE,1.11937970333108,0.7,0.960554005901608,"dense_profiles",10,"one_step_shared_gamma_poisson","recruit_size"
"log_process_precision",NA,4.46955843615542,0.499068961867119,3.60867989484929,4.46792965905269,5.42381727414284,NA,NA,2,0.750465519066441,"dense_profiles",10,"one_step_shared_gamma_poisson","process"
"survival_at_80",0.36,0.405458189257647,0.094863005064836,0.204289507911675,0.402792687417846,0.58382557037131,TRUE,0.479198284163331,1.5,0.936757996623443,"dense_profiles",10,"one_step_gamma_poisson_shape_informed","survival"
"survival_slope_20",0.64,0.687175578805917,0.0675020219710172,0.540929411585287,0.692848120737103,0.812864152253521,TRUE,0.698876528856759,1,0.932497978028983,"dense_profiles",10,"one_step_gamma_poisson_shape_informed","survival"
"growth_increment_80",8.4,8.44944421782549,0.505385493953967,7.58331945739183,8.43380531494176,9.46425358772684,TRUE,0.097834659714229,6,0.915769084341005,"dense_profiles",10,"one_step_gamma_poisson_shape_informed","growth"
"growth_slope_20",-2.4,-2.23730427826791,0.253600365416829,-2.76050891305143,-2.23075281243475,-1.73435878408228,TRUE,0.641543719642028,3,0.915466544861057,"dense_profiles",10,"one_step_gamma_poisson_shape_informed","growth"
"log_growth_sd",1.50407739677627,1.53248701630709,0.0954756923584964,1.34503770518267,1.52992790669937,1.72293600120609,TRUE,0.297558664713778,0.7,0.863606153773577,"dense_profiles",10,"one_step_gamma_poisson_shape_informed","growth"
"log_recruitment_at_80",-1.69314718055995,-1.44369813749864,0.133491503278759,-1.70482113044144,-1.44617643901252,-1.18229588441739,TRUE,1.86865108965328,1.5,0.911005664480828,"dense_profiles",10,"one_step_gamma_poisson_shape_informed","recruitment"
"recruitment_slope_20",1.5,1.34638565781743,0.0763965319682562,1.2041551608459,1.34490463674757,1.50051296169769,TRUE,-2.01075020324738,0.2,0.618017340158719,"dense_profiles",10,"one_step_gamma_poisson_shape_informed","recruitment"
"recruit_mean_80",44.6,44.8221216985663,0.659633829089271,43.5331692233351,44.7977429731454,46.1012635436765,TRUE,0.33673485011063,10,0.934036617091073,"dense_profiles",10,"one_step_gamma_poisson_shape_informed","recruit_size"
"recruit_mean_slope_20",0.4,0.367732051940782,0.364117861200543,-0.349531496009886,0.372987926411879,1.05782568120479,TRUE,-0.0886195144419075,2,0.817941069399728,"dense_profiles",10,"one_step_gamma_poisson_shape_informed","recruit_size"
"log_recruit_sd",1.25276296849537,1.28756008637929,0.0313972578204164,1.22524241249995,1.28833794239727,1.3472769788426,TRUE,1.10828525481271,0.7,0.955146774542262,"dense_profiles",10,"one_step_gamma_poisson_shape_informed","recruit_size"
"log_process_precision",NA,3.8730098278751,0.270572577480186,3.35597769484179,3.87867461394757,4.39401425243315,NA,NA,2,0.864713711259907,"dense_profiles",10,"one_step_gamma_poisson_shape_informed","process"
"survival_at_80",0.36,0.413942707484098,0.0935298241770277,0.232344687134562,0.412242299283229,0.590709400663512,TRUE,0.576743385959958,1.5,0.937646783881982,"dense_profiles",10,"one_step_gamma_poisson_fixed_recruitment_slope","survival"
"survival_slope_20",0.64,0.682996013859326,0.0703091618829032,0.540556927560986,0.683554679743943,0.81311569721206,TRUE,0.611527896334956,1,0.929690838117097,"dense_profiles",10,"one_step_gamma_poisson_fixed_recruitment_slope","survival"
"growth_increment_80",8.4,8.44192167389531,0.511606286553298,7.51392282420415,8.42702897352,9.55107082210083,TRUE,0.0819412798418355,6,0.91473228557445,"dense_profiles",10,"one_step_gamma_poisson_fixed_recruitment_slope","growth"
"growth_slope_20",-2.4,-2.19776602774387,0.255670272149601,-2.66615739951356,-2.19711990534935,-1.69306545715593,TRUE,0.7909952555524,3,0.914776575950133,"dense_profiles",10,"one_step_gamma_poisson_fixed_recruitment_slope","growth"
"log_growth_sd",1.50407739677627,1.54860693327594,0.0925767384451153,1.37484178187442,1.55323629928688,1.72863701506861,TRUE,0.481001353553446,0.7,0.867747516506978,"dense_profiles",10,"one_step_gamma_poisson_fixed_recruitment_slope","growth"
"log_recruitment_at_80",-1.69314718055995,-1.71778637427992,0.0393857802383599,-1.79386017145326,-1.71658239748187,-1.64265520191128,TRUE,-0.625586025485784,1.5,0.973742813174427,"dense_profiles",10,"one_step_gamma_poisson_fixed_recruitment_slope","recruitment"
"recruitment_slope_20",1.5,1.5,0,1.5,1.5,1.5,TRUE,NA,NA,NA,"dense_profiles",10,"one_step_gamma_poisson_fixed_recruitment_slope","recruitment"
"recruit_mean_80",44.6,44.5952992750346,0.665048091800149,43.3609702134742,44.6141897721021,45.9347364313964,TRUE,-0.00706824818131472,10,0.933495190819985,"dense_profiles",10,"one_step_gamma_poisson_fixed_recruitment_slope","recruit_size"
"recruit_mean_slope_20",0.4,0.435896829702302,0.345330772187641,-0.261164763387215,0.424324050935647,1.14222499880036,TRUE,0.103949119491723,2,0.82733461390618,"dense_profiles",10,"one_step_gamma_poisson_fixed_recruitment_slope","recruit_size"
"log_recruit_sd",1.25276296849537,1.27974269878442,0.0339304929181901,1.2135655079173,1.27876242806144,1.34698377118149,TRUE,0.795147018762923,0.7,0.951527867259728,"dense_profiles",10,"one_step_gamma_poisson_fixed_recruitment_slope","recruit_size"
"log_process_precision",NA,3.76556421416429,0.248056875623505,3.25651808034335,3.76086348618757,4.26115000793983,NA,NA,2,0.875971562188248,"dense_profiles",10,"one_step_gamma_poisson_fixed_recruitment_slope","process"
"survival_at_80",0.36,0.353248838714525,0.0398520487366204,0.278908801069066,0.35380812249724,0.434502183509071,TRUE,-0.169405626548663,1.5,0.97343196750892,"rich_design",10,"recursive_gamma_poisson","survival"
"survival_slope_20",0.64,0.626008903170281,0.0316500274508594,0.562671197888966,0.625520501164267,0.686230019134461,TRUE,-0.442056388464191,1,0.968349972549141,"rich_design",10,"recursive_gamma_poisson","survival"
"growth_increment_80",8.4,8.56411372554044,0.379977319515223,7.86906132092101,8.57135069880481,9.31349725875408,TRUE,0.431904003506892,6,0.936670446747463,"rich_design",10,"recursive_gamma_poisson","growth"
"growth_slope_20",-2.4,-2.33227647430846,0.141825981428012,-2.59344983253506,-2.34598129429693,-2.04880128754212,TRUE,0.477511419343928,3,0.952724672857329,"rich_design",10,"recursive_gamma_poisson","growth"
"log_growth_sd",1.50407739677627,1.76753565063816,0.0687172738787277,1.6366593919878,1.77328583664133,1.89836584369766,FALSE,3.83394507655875,0.7,0.901832465887532,"rich_design",10,"recursive_gamma_poisson","growth"
"log_recruitment_at_80",-1.69314718055995,-1.35054016924337,0.0920431827298971,-1.51017452259008,-1.34971114169965,-1.17139753127352,FALSE,3.72224211674608,1.5,0.938637878180069,"rich_design",10,"recursive_gamma_poisson","recruitment"
"recruitment_slope_20",1.5,1.25499186305042,0.0518266699365985,1.15446662845161,1.25387830260839,1.34848979631772,FALSE,-4.72745282012725,1,0.948173330063401,"rich_design",10,"recursive_gamma_poisson","recruitment"
"recruit_mean_80",44.6,45.237441757286,0.421514746802188,44.5344338404957,45.2279294505723,46.1038543022969,TRUE,1.51226442757195,10,0.957848525319781,"rich_design",10,"recursive_gamma_poisson","recruit_size"
"recruit_mean_slope_20",0.4,0.110112501617321,0.214392729966316,-0.338371550087766,0.11903923136531,0.497068380347164,TRUE,-1.35213306173313,2,0.892803635016842,"rich_design",10,"recursive_gamma_poisson","recruit_size"
"log_recruit_sd",1.25276296849537,1.28712916702198,0.0285976637436834,1.22678426188833,1.28834836189182,1.34332637603114,TRUE,1.2017134978099,0.7,0.959146194651881,"rich_design",10,"recursive_gamma_poisson","recruit_size"
"log_process_precision",NA,2.64133918438091,0.14020551940103,2.35118477059344,2.63654756253238,2.89206933151534,NA,NA,2,0.929897240299485,"rich_design",10,"recursive_gamma_poisson","process"
"survival_at_80",0.36,0.432065752541696,0.0809666956281498,0.255368331951105,0.433716305547493,0.594748332819312,TRUE,0.890066612977112,1.5,0.946022202914567,"rich_design",10,"one_step_gamma_poisson","survival"
"survival_slope_20",0.64,0.532966021862863,0.0560447510690817,0.413048142412654,0.532766198068779,0.639385677873056,FALSE,-1.90979487098096,1,0.943955248930918,"rich_design",10,"one_step_gamma_poisson","survival"
"growth_increment_80",8.4,7.65816800331631,0.5491441016468,6.66877606269302,7.64403157150847,8.75230868088966,TRUE,-1.35088767130348,6,0.908475983058867,"rich_design",10,"one_step_gamma_poisson","growth"
"growth_slope_20",-2.4,-2.06167563686102,0.251903966746184,-2.51375631841341,-2.05991164601541,-1.54937315636673,TRUE,1.34306881907849,3,0.916032011084605,"rich_design",10,"one_step_gamma_poisson","growth"
"log_growth_sd",1.50407739677627,1.94826388115412,0.0573403166326268,1.83888318805141,1.95167456068289,2.05731301777484,FALSE,7.74649514448448,0.7,0.91808526195339,"rich_design",10,"one_step_gamma_poisson","growth"
"log_recruitment_at_80",-1.69314718055995,-1.43440011056435,0.138054030416297,-1.69847971545531,-1.43511737257722,-1.155455168303,TRUE,1.87424495478585,1.5,0.907963979722469,"rich_design",10,"one_step_gamma_poisson","recruitment"
"recruitment_slope_20",1.5,1.32825009053033,0.0708016583999806,1.19132766372483,1.32948976540557,1.46050325922909,FALSE,-2.42578935791876,1,0.929198341600019,"rich_design",10,"one_step_gamma_poisson","recruitment"
"recruit_mean_80",44.6,44.7564584420058,0.477968434096044,43.9190109589763,44.7412576373236,45.7406841964016,TRUE,0.327340533066225,10,0.952203156590396,"rich_design",10,"one_step_gamma_poisson","recruit_size"
"recruit_mean_slope_20",0.4,0.309685236865232,0.240269609281346,-0.191496566937502,0.310436620689606,0.748790251127909,TRUE,-0.375889249601323,2,0.879865195359327,"rich_design",10,"one_step_gamma_poisson","recruit_size"
"log_recruit_sd",1.25276296849537,1.25944942085555,0.0319497212164958,1.19432009577684,1.26025092201917,1.32162442718239,TRUE,0.209280460222911,0.7,0.954357541119292,"rich_design",10,"one_step_gamma_poisson","recruit_size"
"log_process_precision",NA,3.1242407689633,0.161900797216078,2.81105815664477,3.13966309956634,3.42016252180204,NA,NA,2,0.919049601391961,"rich_design",10,"one_step_gamma_poisson","process"
"survival_at_80",0.36,0.431067403702852,0.10247358742592,0.231796854137413,0.42607183094204,0.634646607885478,TRUE,0.693519232497137,1.5,0.931684275049387,"rich_design",10,"one_step_shared_gamma_poisson","survival"
"survival_slope_20",0.64,0.558444071797461,0.0533795640554707,0.451885997060285,0.556962701106549,0.662868437823725,TRUE,-1.52784927426136,1,0.946620435944529,"rich_design",10,"one_step_shared_gamma_poisson","survival"
"growth_increment_80",8.4,7.54928119184314,0.49174287113551,6.61373479862037,7.52849703553694,8.44838579605541,TRUE,-1.73000740446408,6,0.918042854810748,"rich_design",10,"one_step_shared_gamma_poisson","growth"
"growth_slope_20",-2.4,-2.03297447783835,0.237874285092211,-2.48789706965309,-2.03397723675172,-1.59560663803098,TRUE,1.54293904454352,3,0.92070857163593,"rich_design",10,"one_step_shared_gamma_poisson","growth"
"log_growth_sd",1.50407739677627,1.9366410178511,0.0551815064334324,1.83490128617165,1.93512713932579,2.0502327028866,FALSE,7.83892374516173,0.7,0.921169276523668,"rich_design",10,"one_step_shared_gamma_poisson","growth"
"log_recruitment_at_80",-1.69314718055995,-1.38322587174688,0.123451033224798,-1.61692499718446,-1.38366971247967,-1.14621287808592,FALSE,2.5104796672598,1.5,0.917699311183468,"rich_design",10,"one_step_shared_gamma_poisson","recruitment"
"recruitment_slope_20",1.5,1.2993941254264,0.0635130686426424,1.16932735509256,1.29790155589613,1.41924724141939,FALSE,-3.15849759523207,1,0.936486931357358,"rich_design",10,"one_step_shared_gamma_poisson","recruitment"
"recruit_mean_80",44.6,44.8521692170565,0.308926206849868,44.2927416354258,44.8433790506946,45.4440924620591,TRUE,0.816276545871116,10,0.969107379315013,"rich_design",10,"one_step_shared_gamma_poisson","recruit_size"
"recruit_mean_slope_20",0.4,0.259381066198646,0.15776220891927,-0.038657541261763,0.255882373968163,0.558015489847358,TRUE,-0.891334716752801,2,0.921118895540365,"rich_design",10,"one_step_shared_gamma_poisson","recruit_size"
"log_recruit_sd",1.25276296849537,1.26672597173381,0.0219592945474054,1.22651445351339,1.26749285937737,1.31072257576614,TRUE,0.63585846113139,0.7,0.968629579217992,"rich_design",10,"one_step_shared_gamma_poisson","recruit_size"
"log_process_precision",NA,3.75567538520776,0.302193218516557,3.22796478325276,3.74029278510535,4.38734697646157,NA,NA,2,0.848903390741722,"rich_design",10,"one_step_shared_gamma_poisson","process"
"survival_at_80",0.36,0.431887278872395,0.0830000767682336,0.275001493394946,0.43834260983058,0.607034841248094,TRUE,0.86611099256125,1.5,0.944666615487844,"rich_design",10,"one_step_gamma_poisson_shape_informed","survival"
"survival_slope_20",0.64,0.533375800995817,0.0556642777130618,0.431275238033929,0.533990306343828,0.633805049015491,FALSE,-1.91548697629402,1,0.944335722286938,"rich_design",10,"one_step_gamma_poisson_shape_informed","survival"
"growth_increment_80",8.4,7.65601111719988,0.507979895685998,6.70443145173264,7.63803599107359,8.66331073060359,TRUE,-1.46460300716312,6,0.915336684052334,"rich_design",10,"one_step_gamma_poisson_shape_informed","growth"
"growth_slope_20",-2.4,-2.0786153315666,0.2298124807621,-2.52515376768192,-2.06473284872317,-1.64164700737609,TRUE,1.3984648151729,3,0.923395839745967,"rich_design",10,"one_step_gamma_poisson_shape_informed","growth"
"log_growth_sd",1.50407739677627,1.94821078480652,0.0575571010197208,1.83580201849696,1.9463937196658,2.05772515755478,FALSE,7.7163960686288,0.7,0.917775569971827,"rich_design",10,"one_step_gamma_poisson_shape_informed","growth"
"log_recruitment_at_80",-1.69314718055995,-1.46148159708626,0.124450904895528,-1.7094023533412,-1.45877007536111,-1.22542390781688,TRUE,1.8615017999922,1.5,0.917032730069648,"rich_design",10,"one_step_gamma_poisson_shape_informed","recruitment"
"recruitment_slope_20",1.5,1.34578965158917,0.0635634199394652,1.23463871248601,1.34509302460768,1.46750716325908,FALSE,-2.42608639619597,0.2,0.682182900302674,"rich_design",10,"one_step_gamma_poisson_shape_informed","recruitment"
"recruit_mean_80",44.6,44.7169741735632,0.439241273247641,43.877882057805,44.6846108687212,45.5817541247727,TRUE,0.266309613161531,10,0.956075872675236,"rich_design",10,"one_step_gamma_poisson_shape_informed","recruit_size"
"recruit_mean_slope_20",0.4,0.321646912092596,0.221522534543045,-0.125294153685369,0.334912177960509,0.736496219940049,TRUE,-0.353702561543139,2,0.889238732728477,"rich_design",10,"one_step_gamma_poisson_shape_informed","recruit_size"
"log_recruit_sd",1.25276296849537,1.25577332148247,0.0312337793726243,1.19790517514656,1.25516396447216,1.31573065998218,TRUE,0.0963813232841893,0.7,0.955380315181965,"rich_design",10,"one_step_gamma_poisson_shape_informed","recruit_size"
"log_process_precision",NA,3.12408854212957,0.168780877157228,2.79630646627551,3.12607660992345,3.45109584823406,NA,NA,2,0.915609561421386,"rich_design",10,"one_step_gamma_poisson_shape_informed","process"
"survival_at_80",0.36,0.445295933866965,0.0873905605569116,0.259941986398043,0.449466036317963,0.625067557039417,TRUE,0.976031430893704,1.5,0.941739626295392,"rich_design",10,"one_step_gamma_poisson_fixed_recruitment_slope","survival"
"survival_slope_20",0.64,0.527046835496614,0.0582972062864392,0.426097846152883,0.523787159317473,0.644935212070037,TRUE,-1.93753992169708,1,0.941702793713561,"rich_design",10,"one_step_gamma_poisson_fixed_recruitment_slope","survival"
"growth_increment_80",8.4,7.49391265837619,0.566895418842767,6.3724293462935,7.4755130138457,8.63480947956334,TRUE,-1.59833244635043,6,0.905517430192872,"rich_design",10,"one_step_gamma_poisson_fixed_recruitment_slope","growth"
"growth_slope_20",-2.4,-2.02876310885164,0.247214547243175,-2.50419204732102,-2.0274277482727,-1.56157517117033,TRUE,1.50167898810253,3,0.917595150918942,"rich_design",10,"one_step_gamma_poisson_fixed_recruitment_slope","growth"
"log_growth_sd",1.50407739677627,1.96005012786679,0.0526885064654436,1.84485929158982,1.96263722429181,2.05754413209481,FALSE,8.65412139532874,0.7,0.924730705049366,"rich_design",10,"one_step_gamma_poisson_fixed_recruitment_slope","growth"
"log_recruitment_at_80",-1.69314718055995,-1.77099051456296,0.037083471223957,-1.84065715677361,-1.77246483235139,-1.6939985658031,FALSE,-2.09913828004124,1.5,0.975277685850695,"rich_design",10,"one_step_gamma_poisson_fixed_recruitment_slope","recruitment"
"recruitment_slope_20",1.5,1.5,0,1.5,1.5,1.5,TRUE,NA,NA,NA,"rich_design",10,"one_step_gamma_poisson_fixed_recruitment_slope","recruitment"
"recruit_mean_80",44.6,44.4691313486555,0.455398556288634,43.564736155997,44.4991189739925,45.3717100039243,TRUE,-0.287371686926295,10,0.954460144371137,"rich_design",10,"one_step_gamma_poisson_fixed_recruitment_slope","recruit_size"
"recruit_mean_slope_20",0.4,0.418132880933109,0.217906005020354,0.0187988377016715,0.412691293552051,0.865225471904574,TRUE,0.0832142323540627,2,0.891046997489823,"rich_design",10,"one_step_gamma_poisson_fixed_recruitment_slope","recruit_size"
"log_recruit_sd",1.25276296849537,1.24714343369878,0.0313236665608003,1.18857484701168,1.24825036684922,1.30373243311275,TRUE,-0.179402203304627,0.7,0.955251904913142,"rich_design",10,"one_step_gamma_poisson_fixed_recruitment_slope","recruit_size"
"log_process_precision",NA,3.0809281564813,0.164804446296701,2.75093784407352,3.08141460747002,3.39242419955659,NA,NA,2,0.917597776851649,"rich_design",10,"one_step_gamma_poisson_fixed_recruitment_slope","process"
