"quantity","truth","posterior_mean","posterior_sd","q025","median","q975","covers_truth","standardized_bias","scenario","replicate","method","group"
"survival_50",0.354343693774205,0.338817147057668,0.0122455031771551,0.314057595930081,0.339409504232871,0.363431878502817,TRUE,-1.26793864587799,"parent_excitation_sparse",1,"recursive_gamma_poisson","survival"
"survival_80",0.589040434058665,0.57512114460373,0.0123062294037095,0.550949170794548,0.574875113454096,0.596358096598628,TRUE,-1.13107670906409,"parent_excitation_sparse",1,"recursive_gamma_poisson","survival"
"survival_110",0.789181706522253,0.781265398280511,0.0141997588099526,0.750906482011949,0.781686394021332,0.805901995960392,TRUE,-0.557495965085938,"parent_excitation_sparse",1,"recursive_gamma_poisson","survival"
"growth_increment_50",12,12.2124517690384,0.213741090691844,11.8091726662599,12.204242550086,12.6654586010156,TRUE,0.993967834405082,"parent_excitation_sparse",1,"recursive_gamma_poisson","growth"
"growth_increment_80",8.4,8.62181867900273,0.145043772454197,8.36838956916492,8.62898905571082,8.91422599736797,TRUE,1.52932232283723,"parent_excitation_sparse",1,"recursive_gamma_poisson","growth"
"growth_increment_110",4.8,5.03118558896711,0.12626773032923,4.7894466549306,5.03048491168317,5.27152685371461,TRUE,1.83091585129719,"parent_excitation_sparse",1,"recursive_gamma_poisson","growth"
"growth_sd.log_growth_sd",4.5,4.22443820082722,0.123898137884664,3.99961774859978,4.21146307820938,4.472731221452,FALSE,-2.2240996021207,"parent_excitation_sparse",1,"recursive_gamma_poisson","growth"
"recruitment_50",0.019387103915861,0.0195192876575817,0.00184671099310587,0.0163498916767937,0.0194311439731135,0.0235187452082596,TRUE,0.0715779254112601,"parent_excitation_sparse",1,"recursive_gamma_poisson","recruitment"
"recruitment_80",0.183939720585721,0.183494803615069,0.0110846688030007,0.164378159635053,0.183167778878379,0.206799802972992,TRUE,-0.0401380481960508,"parent_excitation_sparse",1,"recursive_gamma_poisson","recruitment"
"recruitment_110",1.74517147873092,1.727063862361,0.0491613943452788,1.64506870186612,1.72504635363639,1.82675964314494,TRUE,-0.368329999811216,"parent_excitation_sparse",1,"recursive_gamma_poisson","recruitment"
"recruit_mean_50",44,44.1699895891394,0.381958786102279,43.4659212023466,44.1917479721233,44.8901910849264,TRUE,0.445046940467141,"parent_excitation_sparse",1,"recursive_gamma_poisson","recruit_size"
"recruit_mean_80",44.6,44.731769904071,0.246107458599997,44.2708382348137,44.7504071356882,45.1995446955027,TRUE,0.535416134157839,"parent_excitation_sparse",1,"recursive_gamma_poisson","recruit_size"
"recruit_mean_110",45.2,45.2935502190026,0.116545841643113,45.0720102832108,45.292944966064,45.5162576790968,TRUE,0.802690320681828,"parent_excitation_sparse",1,"recursive_gamma_poisson","recruit_size"
"recruit_sd.log_recruit_sd",3.5,3.56166654893346,0.0438177905449382,3.47832366096819,3.56015301202557,3.64553279134239,TRUE,1.40734044703189,"parent_excitation_sparse",1,"recursive_gamma_poisson","recruit_size"
"lambda",1.03119869581319,1.02731789238935,0.0128192755331659,1.0031940815835,1.02744038009291,1.05146664290159,TRUE,-0.302731883233604,"parent_excitation_sparse",1,"recursive_gamma_poisson","lambda"
"survival_50",0.354343693774205,0.351975687601652,0.0127892468221783,0.327114686000478,0.352083002862081,0.375190213454652,TRUE,-0.185156030333745,"parent_excitation_sparse",1,"one_step_gamma_poisson","survival"
"survival_80",0.589040434058665,0.579910562881994,0.0197990451932396,0.545070847233463,0.57961657327568,0.619520293866787,TRUE,-0.461126841600862,"parent_excitation_sparse",1,"one_step_gamma_poisson","survival"
"survival_110",0.789181706522253,0.77741457781173,0.0254022262094875,0.728961525073415,0.778263356679695,0.826873661293349,TRUE,-0.463232183411083,"parent_excitation_sparse",1,"one_step_gamma_poisson","survival"
"growth_increment_50",12,12.0222562674509,0.249652189752205,11.5121035188682,12.0354390696961,12.495819973321,TRUE,0.0891490976825985,"parent_excitation_sparse",1,"one_step_gamma_poisson","growth"
"growth_increment_80",8.4,8.49886743486761,0.170486435761851,8.13979170012968,8.49999860043758,8.81194847202003,TRUE,0.579913788600274,"parent_excitation_sparse",1,"one_step_gamma_poisson","growth"
"growth_increment_110",4.8,4.97547860228436,0.180201731083375,4.62457827755199,4.98506095926746,5.29933653213654,TRUE,0.973789770105844,"parent_excitation_sparse",1,"one_step_gamma_poisson","growth"
"growth_sd.log_growth_sd",4.5,4.32283212522678,0.146549065316721,4.04864993641513,4.32399782558369,4.60518119514071,TRUE,-1.20893213744026,"parent_excitation_sparse",1,"one_step_gamma_poisson","growth"
"recruitment_50",0.019387103915861,0.0177611178369383,0.00155133269531975,0.0148294103129088,0.0176491620518312,0.0212483293383637,TRUE,-1.04812209774743,"parent_excitation_sparse",1,"one_step_gamma_poisson","recruitment"
"recruitment_80",0.183939720585721,0.172632681805277,0.00962084331514565,0.154110826051461,0.172061175302686,0.193625794085383,TRUE,-1.17526482971028,"parent_excitation_sparse",1,"one_step_gamma_poisson","recruitment"
"recruitment_110",1.74517147873092,1.67969187342401,0.0438040655733038,1.59234612904761,1.67906828424087,1.76842586848759,TRUE,-1.49482940567088,"parent_excitation_sparse",1,"one_step_gamma_poisson","recruitment"
"recruit_mean_50",44,44.2163715264838,0.360707259483419,43.5212028900603,44.2169378954589,44.8767803003409,TRUE,0.599853539941777,"parent_excitation_sparse",1,"one_step_gamma_poisson","recruit_size"
"recruit_mean_80",44.6,44.758797112665,0.232403398524555,44.3077321724027,44.7590450201673,45.1871142448927,TRUE,0.683282231125559,"parent_excitation_sparse",1,"one_step_gamma_poisson","recruit_size"
"recruit_mean_110",45.2,45.3012226988461,0.109946160025287,45.0888055835742,45.2983238145013,45.5085993714932,TRUE,0.920656972675194,"parent_excitation_sparse",1,"one_step_gamma_poisson","recruit_size"
"recruit_sd.log_recruit_sd",3.5,3.56173781572512,0.0440406082137182,3.47826080204526,3.5603818104627,3.64748799066708,TRUE,1.40183839935918,"parent_excitation_sparse",1,"one_step_gamma_poisson","recruit_size"
"lambda",1.03119869581319,1.02528234518272,0.0238805900288033,0.97936283996919,1.02674905051179,1.0680775410629,TRUE,-0.24774725512789,"parent_excitation_sparse",1,"one_step_gamma_poisson","lambda"
"survival_50",0.354343693774205,0.348874588969975,0.00689534710034162,0.335699593786589,0.348584953084869,0.362165959966606,TRUE,-0.793158738007394,"parent_excitation_dense",1,"recursive_gamma_poisson","survival"
"survival_80",0.589040434058665,0.587974507482395,0.00726421171781781,0.572987248639961,0.588180531484343,0.600891893866831,TRUE,-0.146736716615185,"parent_excitation_dense",1,"recursive_gamma_poisson","survival"
"survival_110",0.789181706522253,0.791623496959858,0.00836165840198973,0.774113952153786,0.792075771152642,0.80705378076645,TRUE,0.292022266423172,"parent_excitation_dense",1,"recursive_gamma_poisson","survival"
"growth_increment_50",12,11.8691005824258,0.102833317761639,11.6604421761743,11.8679872623718,12.063492322477,TRUE,-1.27292807840397,"parent_excitation_dense",1,"recursive_gamma_poisson","growth"
"growth_increment_80",8.4,8.31588707132547,0.0689674197241959,8.18275171205591,8.31833166494715,8.44256490863962,TRUE,-1.21960382178864,"parent_excitation_dense",1,"recursive_gamma_poisson","growth"
"growth_increment_110",4.8,4.76267356022516,0.0631659506913052,4.64194904711104,4.76250389449918,4.88776561857606,TRUE,-0.590926588871481,"parent_excitation_dense",1,"recursive_gamma_poisson","growth"
"growth_sd.log_growth_sd",4.5,4.27087787199,0.0628957975285584,4.1563935602964,4.2712395017438,4.38969893131466,FALSE,-3.64288453304,"parent_excitation_dense",1,"recursive_gamma_poisson","growth"
"recruitment_50",0.019387103915861,0.0191623998662411,0.000885302334689731,0.0176143208856304,0.0190796849334245,0.0208469824965078,TRUE,-0.253816171961931,"parent_excitation_dense",1,"recursive_gamma_poisson","recruitment"
"recruitment_80",0.183939720585721,0.183081065359284,0.00543849864550393,0.17351144260169,0.18270321293839,0.193031029061661,TRUE,-0.157884607941792,"parent_excitation_dense",1,"recursive_gamma_poisson","recruitment"
"recruitment_110",1.74517147873092,1.7496912019755,0.0253359835095556,1.70070914030694,1.74955055531374,1.79988571877396,TRUE,0.178391466148425,"parent_excitation_dense",1,"recursive_gamma_poisson","recruitment"
"recruit_mean_50",44,43.9543747740208,0.171176584146105,43.6353800333253,43.9540574760549,44.2637105171888,TRUE,-0.266538944019486,"parent_excitation_dense",1,"recursive_gamma_poisson","recruit_size"
"recruit_mean_80",44.6,44.5805699320858,0.110442245561959,44.3826844832758,44.5766928135272,44.7860156555275,TRUE,-0.175929670891648,"parent_excitation_dense",1,"recursive_gamma_poisson","recruit_size"
"recruit_mean_110",45.2,45.2067650901507,0.0530269865408791,45.1028683358658,45.2051755646138,45.3159627281083,TRUE,0.127578250094546,"parent_excitation_dense",1,"recursive_gamma_poisson","recruit_size"
"recruit_sd.log_recruit_sd",3.5,3.49197861269419,0.0207276574810048,3.44909724547341,3.49240187322235,3.53592307306658,TRUE,-0.386989572418289,"parent_excitation_dense",1,"recursive_gamma_poisson","recruit_size"
"lambda",1.03119869581319,1.02936557405914,0.00773096888363003,1.01457600825971,1.02953425738736,1.04303894743195,TRUE,-0.23711410324464,"parent_excitation_dense",1,"recursive_gamma_poisson","lambda"
"survival_50",0.354343693774205,0.352151644946676,0.00676875976473416,0.340176390067448,0.351744390143126,0.365592458400259,TRUE,-0.323847928382601,"parent_excitation_dense",1,"one_step_gamma_poisson","survival"
"survival_80",0.589040434058665,0.585436737150486,0.00999411445197881,0.565545850632135,0.585379843613756,0.604077918220706,TRUE,-0.360581913034359,"parent_excitation_dense",1,"one_step_gamma_poisson","survival"
"survival_110",0.789181706522253,0.785597498166961,0.0129457474710081,0.760893454441244,0.785167966271389,0.80795510870226,TRUE,-0.276863762661692,"parent_excitation_dense",1,"one_step_gamma_poisson","survival"
"growth_increment_50",12,11.8953678311183,0.119496125720337,11.6541306542125,11.9037913774612,12.1349784817399,TRUE,-0.875611391172625,"parent_excitation_dense",1,"one_step_gamma_poisson","growth"
"growth_increment_80",8.4,8.31959956351155,0.0842971099044207,8.16627995146299,8.32101027259182,8.48813038054714,TRUE,-0.953774531293098,"parent_excitation_dense",1,"one_step_gamma_poisson","growth"
"growth_increment_110",4.8,4.74383129590482,0.0858269658636674,4.5726710502485,4.74425295132818,4.90033481096111,TRUE,-0.654441218211098,"parent_excitation_dense",1,"one_step_gamma_poisson","growth"
"growth_sd.log_growth_sd",4.5,4.28631107921432,0.0725908321226109,4.15125868356261,4.28270905758165,4.43375292535537,FALSE,-2.94374529864522,"parent_excitation_dense",1,"one_step_gamma_poisson","growth"
"recruitment_50",0.019387103915861,0.0196394934095556,0.000919999818004123,0.0178740544132732,0.0196570047438141,0.0213826764738462,TRUE,0.274336460459489,"parent_excitation_dense",1,"one_step_gamma_poisson","recruitment"
"recruitment_80",0.183939720585721,0.185741796153553,0.00553472612900638,0.174873688679198,0.185864412807549,0.196080645747254,TRUE,0.325594352065219,"parent_excitation_dense",1,"one_step_gamma_poisson","recruitment"
"recruitment_110",1.74517147873092,1.75720198965903,0.0243511311858857,1.71086860108396,1.7572680709626,1.80169142830903,TRUE,0.494043206300201,"parent_excitation_dense",1,"one_step_gamma_poisson","recruitment"
"recruit_mean_50",44,43.9342240068157,0.169158475412044,43.5940418028101,43.9433008792777,44.270574415139,TRUE,-0.38884243325107,"parent_excitation_dense",1,"one_step_gamma_poisson","recruit_size"
"recruit_mean_80",44.6,44.5682036479475,0.109164280919987,44.3441517605898,44.5699723857425,44.7859571068242,TRUE,-0.291270659088514,"parent_excitation_dense",1,"one_step_gamma_poisson","recruit_size"
"recruit_mean_110",45.2,45.2021832890791,0.0522960294019146,45.0980098770776,45.2019359433753,45.3083053632692,TRUE,0.0417486586286515,"parent_excitation_dense",1,"one_step_gamma_poisson","recruit_size"
"recruit_sd.log_recruit_sd",3.5,3.49108303737797,0.021203329941192,3.45220159838707,3.4910969042082,3.53287330926388,TRUE,-0.420545388236822,"parent_excitation_dense",1,"one_step_gamma_poisson","recruit_size"
"lambda",1.03119869581319,1.024196916597,0.012004091880862,0.999933179541624,1.02435531657103,1.04625523754236,TRUE,-0.58328270773687,"parent_excitation_dense",1,"one_step_gamma_poisson","lambda"
"survival_50",0.354343693774205,0.349440182118318,0.00644061616305514,0.33808557179175,0.349024481731463,0.362601620315507,TRUE,-0.761342010103706,"parent_excitation_dense",1,"one_step_shared_gamma_poisson","survival"
"survival_80",0.589040434058665,0.586401539410147,0.0105343590585292,0.566407499336048,0.586100883128629,0.606268860782502,TRUE,-0.250503579179,"parent_excitation_dense",1,"one_step_shared_gamma_poisson","survival"
"survival_110",0.789181706522253,0.788915265237661,0.0130059862870229,0.761950009027523,0.788702281155685,0.813812286137355,TRUE,-0.0204860499397825,"parent_excitation_dense",1,"one_step_shared_gamma_poisson","survival"
"growth_increment_50",12,11.9308918331968,0.117169856871794,11.7041797344129,11.9341602999863,12.1643861552934,TRUE,-0.589811822325555,"parent_excitation_dense",1,"one_step_shared_gamma_poisson","growth"
"growth_increment_80",8.4,8.33491060393344,0.0822895689792109,8.17869114537606,8.33562412122225,8.49564550682692,TRUE,-0.79097991244806,"parent_excitation_dense",1,"one_step_shared_gamma_poisson","growth"
"growth_increment_110",4.8,4.73892937467007,0.087065224266976,4.57862332524377,4.73322580203619,4.92849913327559,TRUE,-0.701435341654477,"parent_excitation_dense",1,"one_step_shared_gamma_poisson","growth"
"growth_sd.log_growth_sd",4.5,4.26910876873911,0.0725712768255199,4.12961532181256,4.26650768489055,4.41476915920556,FALSE,-3.18157873694319,"parent_excitation_dense",1,"one_step_shared_gamma_poisson","growth"
"recruitment_50",0.019387103915861,0.0192586683836854,0.00098668288235605,0.017426032182133,0.0192868286935847,0.0212758983330769,TRUE,-0.130169008171022,"parent_excitation_dense",1,"one_step_shared_gamma_poisson","recruitment"
"recruitment_80",0.183939720585721,0.183731008642404,0.00596314389917297,0.172486234005829,0.184144623354162,0.195266413750044,TRUE,-0.0350003197719027,"parent_excitation_dense",1,"one_step_shared_gamma_poisson","recruitment"
"recruitment_110",1.74517147873092,1.75348924324496,0.0270618229297973,1.70694614217449,1.75296867162747,1.80765136037777,TRUE,0.307361574851104,"parent_excitation_dense",1,"one_step_shared_gamma_poisson","recruitment"
"recruit_mean_50",44,43.8922599030811,0.148817405444051,43.6069403472301,43.8889661677586,44.1682717881683,TRUE,-0.723975106254634,"parent_excitation_dense",1,"one_step_shared_gamma_poisson","recruit_size"
"recruit_mean_80",44.6,44.5450348346671,0.097261017484689,44.3584997298912,44.5452215645268,44.7264483875224,TRUE,-0.565130478319015,"parent_excitation_dense",1,"one_step_shared_gamma_poisson","recruit_size"
"recruit_mean_110",45.2,45.197809766253,0.0481315542429942,45.1094365057526,45.1952774144711,45.2871913492365,TRUE,-0.0455051531466805,"parent_excitation_dense",1,"one_step_shared_gamma_poisson","recruit_size"
"recruit_sd.log_recruit_sd",3.5,3.49120236904892,0.0187213478792984,3.45674443970789,3.49111882628678,3.52898837086681,TRUE,-0.469925082734618,"parent_excitation_dense",1,"one_step_shared_gamma_poisson","recruit_size"
"lambda",1.03119869581319,1.02664444931915,0.0126963980607408,1.00028359562294,1.02606367744141,1.04959275898623,TRUE,-0.358703820741884,"parent_excitation_dense",1,"one_step_shared_gamma_poisson","lambda"
"survival_50",0.354343693774205,0.339106370794186,0.0151004906862255,0.312622394531946,0.338535347948083,0.370178431354722,TRUE,-1.00906144685205,"parent_excitation_sparse",2,"recursive_gamma_poisson","survival"
"survival_80",0.589040434058665,0.565308041894197,0.0132739885558724,0.540797870426739,0.565028522961554,0.590906172554762,TRUE,-1.78788704424254,"parent_excitation_sparse",2,"recursive_gamma_poisson","survival"
"survival_110",0.789181706522253,0.767047925146864,0.0159755213815729,0.734460013315914,0.767113212934883,0.795659391096928,TRUE,-1.3854810022613,"parent_excitation_sparse",2,"recursive_gamma_poisson","survival"
"growth_increment_50",12,11.9258687936291,0.229320010418645,11.493743450304,11.9173498402436,12.3617819009853,TRUE,-0.323265319217349,"parent_excitation_sparse",2,"recursive_gamma_poisson","growth"
"growth_increment_80",8.4,8.22797058656147,0.146002319993984,7.9582996675931,8.22901045767903,8.5174644277149,TRUE,-1.17826493062316,"parent_excitation_sparse",2,"recursive_gamma_poisson","growth"
"growth_increment_110",4.8,4.53007237949386,0.127266359138528,4.28123404418528,4.53299338115435,4.78500689374935,FALSE,-2.12096599866056,"parent_excitation_sparse",2,"recursive_gamma_poisson","growth"
"growth_sd.log_growth_sd",4.5,4.41320911972973,0.131713998106953,4.15502649835838,4.41091673361377,4.66845670350544,TRUE,-0.65893436929763,"parent_excitation_sparse",2,"recursive_gamma_poisson","growth"
"recruitment_50",0.019387103915861,0.0182143119167234,0.00189059709172031,0.0149035032829621,0.0180623328607166,0.0223695717224722,TRUE,-0.620328892006498,"parent_excitation_sparse",2,"recursive_gamma_poisson","recruitment"
"recruitment_80",0.183939720585721,0.174201849748499,0.0114428219251013,0.153272877413962,0.173369327184274,0.198153185932863,TRUE,-0.851002567457641,"parent_excitation_sparse",2,"recursive_gamma_poisson","recruitment"
"recruitment_110",1.74517147873092,1.66858365234469,0.0527238747221726,1.56973984313849,1.66870477466281,1.76659397662484,TRUE,-1.45262135588113,"parent_excitation_sparse",2,"recursive_gamma_poisson","recruitment"
"recruit_mean_50",44,44.2914988179681,0.338178127716679,43.5951428749574,44.2974271606399,44.9011653153384,TRUE,0.861968276707553,"parent_excitation_sparse",2,"recursive_gamma_poisson","recruit_size"
"recruit_mean_80",44.6,44.7603574801289,0.217509718551556,44.3210607464116,44.768294391881,45.1560511946828,TRUE,0.737242828489485,"parent_excitation_sparse",2,"recursive_gamma_poisson","recruit_size"
"recruit_mean_110",45.2,45.2292161422897,0.106667458349858,45.0110122757653,45.2310251179054,45.4257955384118,TRUE,0.27389930107698,"parent_excitation_sparse",2,"recursive_gamma_poisson","recruit_size"
"recruit_sd.log_recruit_sd",3.5,3.52693354309797,0.0445600339819752,3.44083478811683,3.52824646663483,3.60587051636191,TRUE,0.604432732454003,"parent_excitation_sparse",2,"recursive_gamma_poisson","recruit_size"
"lambda",1.03119869581319,0.995658455375909,0.0141880499775982,0.968098714675368,0.996402592624731,1.02227316214665,FALSE,-2.50494186962967,"parent_excitation_sparse",2,"recursive_gamma_poisson","lambda"
"survival_50",0.354343693774205,0.341751931067313,0.0158319394882387,0.310375726572552,0.342520402411216,0.371068884882109,TRUE,-0.795339239152963,"parent_excitation_sparse",2,"one_step_gamma_poisson","survival"
"survival_80",0.589040434058665,0.565910934652153,0.0214693304269032,0.521298074893403,0.565722347565958,0.607246443027273,TRUE,-1.07732746884033,"parent_excitation_sparse",2,"one_step_gamma_poisson","survival"
"survival_110",0.789181706522253,0.765111407955154,0.0286314883190901,0.709846286166196,0.766753825379411,0.816677359574691,TRUE,-0.840693236021875,"parent_excitation_sparse",2,"one_step_gamma_poisson","survival"
"growth_increment_50",12,11.955004405812,0.289763689358336,11.3740942887381,11.9569106245174,12.4684077151933,TRUE,-0.15528375652452,"parent_excitation_sparse",2,"one_step_gamma_poisson","growth"
"growth_increment_80",8.4,8.22704583910923,0.169056353462908,7.8868783393983,8.21729167669417,8.56450299215143,TRUE,-1.02305626111067,"parent_excitation_sparse",2,"one_step_gamma_poisson","growth"
"growth_increment_110",4.8,4.49908727240644,0.171186294323165,4.17167722711581,4.51178351235509,4.86133957957897,TRUE,-1.75780852540393,"parent_excitation_sparse",2,"one_step_gamma_poisson","growth"
"growth_sd.log_growth_sd",4.5,4.43198245623911,0.156639931627194,4.15752236629988,4.4292278229477,4.74568329667362,TRUE,-0.434228635408076,"parent_excitation_sparse",2,"one_step_gamma_poisson","growth"
"recruitment_50",0.019387103915861,0.0186702474470615,0.00211502674756353,0.0150802123632609,0.0186142659295208,0.0230597618181855,TRUE,-0.338934942371427,"parent_excitation_sparse",2,"one_step_gamma_poisson","recruitment"
"recruitment_80",0.183939720585721,0.179543589831873,0.0125687244304281,0.157440213072433,0.179537511525559,0.20636899188569,TRUE,-0.349767454778913,"parent_excitation_sparse",2,"one_step_gamma_poisson","recruitment"
"recruitment_110",1.74517147873092,1.72996538817982,0.0560269201189177,1.62116384383959,1.73195474761964,1.84181618703938,TRUE,-0.271406861537649,"parent_excitation_sparse",2,"one_step_gamma_poisson","recruitment"
"recruit_mean_50",44,44.396575916948,0.356444346321881,43.641443601385,44.4100658425723,45.08785557934,TRUE,1.11258860195219,"parent_excitation_sparse",2,"one_step_gamma_poisson","recruit_size"
"recruit_mean_80",44.6,44.8241064152839,0.226618288658279,44.3370682733335,44.8296257176477,45.2645456294768,TRUE,0.988915839982344,"parent_excitation_sparse",2,"one_step_gamma_poisson","recruit_size"
"recruit_mean_110",45.2,45.2516369136197,0.108757576030643,45.0200794529552,45.2566841952537,45.4534671946536,TRUE,0.474789118186944,"parent_excitation_sparse",2,"one_step_gamma_poisson","recruit_size"
"recruit_sd.log_recruit_sd",3.5,3.51435589565959,0.0537542980502858,3.4095454287329,3.51333652006451,3.62615162479185,TRUE,0.267065075357586,"parent_excitation_sparse",2,"one_step_gamma_poisson","recruit_size"
"lambda",1.03119869581319,0.995212725973906,0.0261783008850108,0.944785932492054,0.996933404823927,1.04381370961527,TRUE,-1.37464879777174,"parent_excitation_sparse",2,"one_step_gamma_poisson","lambda"
"survival_50",0.354343693774205,0.328035763044501,0.0148951882955748,0.296703798248334,0.328586463916374,0.355929329961638,TRUE,-1.76620330053292,"parent_excitation_sparse",2,"one_step_shared_gamma_poisson","survival"
"survival_80",0.589040434058665,0.569381923596647,0.0258548249240199,0.51753989406741,0.568822075915203,0.617035095767041,TRUE,-0.76034204523873,"parent_excitation_sparse",2,"one_step_shared_gamma_poisson","survival"
"survival_110",0.789181706522253,0.780501304039775,0.0315279867048542,0.713818141878283,0.781750893505204,0.836604926861127,TRUE,-0.275323716789742,"parent_excitation_sparse",2,"one_step_shared_gamma_poisson","survival"
"growth_increment_50",12,11.8594719044507,0.220412963601677,11.4606475238482,11.8601598984227,12.2786087319847,TRUE,-0.637567288479943,"parent_excitation_sparse",2,"one_step_shared_gamma_poisson","growth"
"growth_increment_80",8.4,8.18290133628253,0.149472298641827,7.91573495691783,8.18526295267047,8.45128953868581,TRUE,-1.45243410110185,"parent_excitation_sparse",2,"one_step_shared_gamma_poisson","growth"
"growth_increment_110",4.8,4.50633076811441,0.179533253939869,4.17228711031248,4.52367528567912,4.85485700505671,TRUE,-1.63573725446957,"parent_excitation_sparse",2,"one_step_shared_gamma_poisson","growth"
"growth_sd.log_growth_sd",4.5,4.4440848643183,0.140536857354377,4.20043408859149,4.43707264167582,4.72731937026831,TRUE,-0.397868123240506,"parent_excitation_sparse",2,"one_step_shared_gamma_poisson","growth"
"recruitment_50",0.019387103915861,0.0201330394649214,0.00245580513520315,0.0160366886637322,0.0200200542188204,0.0258500811128379,TRUE,0.303743785843443,"parent_excitation_sparse",2,"one_step_shared_gamma_poisson","recruitment"
"recruitment_80",0.183939720585721,0.189272429711128,0.0146076412283623,0.165260878887512,0.188776589021012,0.224174990071774,TRUE,0.365062986011232,"parent_excitation_sparse",2,"one_step_shared_gamma_poisson","recruitment"
"recruitment_110",1.74517147873092,1.78312607811874,0.0680461756631306,1.67130378643026,1.77819542574653,1.92810147402335,TRUE,0.557777112643573,"parent_excitation_sparse",2,"one_step_shared_gamma_poisson","recruitment"
"recruit_mean_50",44,44.302015916042,0.33168239237394,43.6586259310335,44.3117045862815,44.9958591170917,TRUE,0.910557578532994,"parent_excitation_sparse",2,"one_step_shared_gamma_poisson","recruit_size"
"recruit_mean_80",44.6,44.7606211532158,0.214723691210263,44.3539421545514,44.7656724975351,45.2117758784548,TRUE,0.748036475670067,"parent_excitation_sparse",2,"one_step_shared_gamma_poisson","recruit_size"
"recruit_mean_110",45.2,45.2192263903895,0.102214185832626,45.0387162292753,45.2140782468894,45.4250597132064,TRUE,0.188099041565686,"parent_excitation_sparse",2,"one_step_shared_gamma_poisson","recruit_size"
"recruit_sd.log_recruit_sd",3.5,3.4900366667278,0.0361454217779189,3.42234180589925,3.49027976904922,3.55992006666704,TRUE,-0.275645788100516,"parent_excitation_sparse",2,"one_step_shared_gamma_poisson","recruit_size"
"lambda",1.03119869581319,1.0057676034184,0.0296012596746165,0.940665025089141,1.00713087897059,1.05642889106835,TRUE,-0.859121965562778,"parent_excitation_sparse",2,"one_step_shared_gamma_poisson","lambda"
"survival_50",0.354343693774205,0.353770361360922,0.00945076449585788,0.335331619203649,0.353662973261429,0.370866935000933,TRUE,-0.0606651888885468,"parent_excitation_dense",2,"recursive_gamma_poisson","survival"
"survival_80",0.589040434058665,0.583720998790166,0.00765228301350108,0.571073913497861,0.583550526197573,0.598560021601903,TRUE,-0.695143561615986,"parent_excitation_dense",2,"recursive_gamma_poisson","survival"
"survival_110",0.789181706522253,0.782178410492739,0.00819782367390718,0.765408046890293,0.782007662665899,0.797793245908202,TRUE,-0.854287224035418,"parent_excitation_dense",2,"recursive_gamma_poisson","survival"
"growth_increment_50",12,11.7576385199708,0.111277730943247,11.5393082043056,11.7564871439214,11.9730924563054,FALSE,-2.17798725742155,"parent_excitation_dense",2,"recursive_gamma_poisson","growth"
"growth_increment_80",8.4,8.2424432110092,0.0717035837253812,8.10572356677766,8.2454544523521,8.38202990278343,FALSE,-2.19733492811501,"parent_excitation_dense",2,"recursive_gamma_poisson","growth"
"growth_increment_110",4.8,4.72724790204757,0.0665424135634631,4.58452845577872,4.72981373673104,4.8459099605761,TRUE,-1.09331919382582,"parent_excitation_dense",2,"recursive_gamma_poisson","growth"
"growth_sd.log_growth_sd",4.5,4.35838500893958,0.0647930982780184,4.23246243613629,4.35912554007953,4.48406521125405,FALSE,-2.18564931796854,"parent_excitation_dense",2,"recursive_gamma_poisson","growth"
"recruitment_50",0.019387103915861,0.0185433078422244,0.000991817017912066,0.0166720455799431,0.0185169413740428,0.020657008304867,TRUE,-0.850757809553356,"parent_excitation_dense",2,"recursive_gamma_poisson","recruitment"
"recruitment_80",0.183939720585721,0.178567320032596,0.00603342288495575,0.166974535439413,0.178703139009792,0.19121030313011,TRUE,-0.890439913721541,"parent_excitation_dense",2,"recursive_gamma_poisson","recruitment"
"recruitment_110",1.74517147873092,1.72031236852866,0.0297561285925537,1.66399479077452,1.72179394799916,1.77943432859434,TRUE,-0.835428242116271,"parent_excitation_dense",2,"recursive_gamma_poisson","recruitment"
"recruit_mean_50",44,44.1110465152417,0.190498328102652,43.7558369303866,44.1146879727516,44.4961920985482,TRUE,0.582926455826206,"parent_excitation_dense",2,"recursive_gamma_poisson","recruit_size"
"recruit_mean_80",44.6,44.6684656467183,0.120294397794762,44.4411983495653,44.6675455879051,44.9175321734661,TRUE,0.569150749938785,"parent_excitation_dense",2,"recursive_gamma_poisson","recruit_size"
"recruit_mean_110",45.2,45.2258847781949,0.0575022063625571,45.1110413554099,45.2273934171908,45.3379296331311,TRUE,0.450152782516247,"parent_excitation_dense",2,"recursive_gamma_poisson","recruit_size"
"recruit_sd.log_recruit_sd",3.5,3.49787154110901,0.0268590629631409,3.44950509036896,3.49739855082988,3.5538272221778,TRUE,-0.0792454633993015,"parent_excitation_dense",2,"recursive_gamma_poisson","recruit_size"
"lambda",1.03119869581319,1.0205599381058,0.00757056434368373,1.00617498155664,1.02000439168732,1.03637545575711,TRUE,-1.40527934568961,"parent_excitation_dense",2,"recursive_gamma_poisson","lambda"
"survival_50",0.354343693774205,0.353619480533145,0.00728910910461279,0.338563632496017,0.354106479488607,0.366912738021114,TRUE,-0.0993555221449118,"parent_excitation_dense",2,"one_step_gamma_poisson","survival"
"survival_80",0.589040434058665,0.584424976494208,0.0105005330974686,0.564464465325663,0.584217269535126,0.605599956956868,TRUE,-0.439545070865953,"parent_excitation_dense",2,"one_step_gamma_poisson","survival"
"survival_110",0.789181706522253,0.783077946383301,0.0137245170558435,0.757961700038905,0.782613222734443,0.811305115071962,TRUE,-0.444734056150481,"parent_excitation_dense",2,"one_step_gamma_poisson","survival"
"growth_increment_50",12,11.7466915178539,0.13062510743177,11.4971833199612,11.7532478796937,12.0228247608704,TRUE,-1.93920209618508,"parent_excitation_dense",2,"one_step_gamma_poisson","growth"
"growth_increment_80",8.4,8.23458486860089,0.0856756175493354,8.05435715194519,8.23266412969861,8.39829443021494,FALSE,-1.93071420003309,"parent_excitation_dense",2,"one_step_gamma_poisson","growth"
"growth_increment_110",4.8,4.72247821934786,0.085801153923956,4.55456312757353,4.72636622364803,4.8825625189358,TRUE,-0.903505105780374,"parent_excitation_dense",2,"one_step_gamma_poisson","growth"
"growth_sd.log_growth_sd",4.5,4.37327366412609,0.0757098243837511,4.24159058280815,4.36998313650935,4.51844214754678,TRUE,-1.67384268693549,"parent_excitation_dense",2,"one_step_gamma_poisson","growth"
"recruitment_50",0.019387103915861,0.0191895485808087,0.00101002502255565,0.0175021074859531,0.0191939604065087,0.0213318590845443,TRUE,-0.195594495819986,"parent_excitation_dense",2,"one_step_gamma_poisson","recruitment"
"recruitment_80",0.183939720585721,0.182576211283221,0.00604283382656488,0.172002521721373,0.182411170351533,0.195603396265471,TRUE,-0.225640707925183,"parent_excitation_dense",2,"one_step_gamma_poisson","recruitment"
"recruitment_110",1.74517147873092,1.73779372340336,0.0269380062084707,1.69028265003117,1.73645659706095,1.79312727202244,TRUE,-0.273879041769653,"parent_excitation_dense",2,"one_step_gamma_poisson","recruitment"
"recruit_mean_50",44,44.0761534446633,0.186507860501385,43.7232161676639,44.0803113340837,44.463635996128,TRUE,0.408312252676939,"parent_excitation_dense",2,"one_step_gamma_poisson","recruit_size"
"recruit_mean_80",44.6,44.6473895896805,0.119084481122554,44.4186958777703,44.6484323217,44.8911746404918,TRUE,0.39794933171615,"parent_excitation_dense",2,"one_step_gamma_poisson","recruit_size"
"recruit_mean_110",45.2,45.2186257346978,0.0567263179311258,45.1121212929435,45.218723906196,45.3288097542052,TRUE,0.328343798382837,"parent_excitation_dense",2,"one_step_gamma_poisson","recruit_size"
"recruit_sd.log_recruit_sd",3.5,3.49043009663147,0.0224402646557318,3.44539902938302,3.49022212781253,3.53474222857444,TRUE,-0.426461252366853,"parent_excitation_dense",2,"one_step_gamma_poisson","recruit_size"
"lambda",1.03119869581319,1.02106232523783,0.0125707631025251,0.998375509875489,1.021160843082,1.04584713227486,TRUE,-0.806344888746648,"parent_excitation_dense",2,"one_step_gamma_poisson","lambda"
"survival_50",0.354343693774205,0.34987727421273,0.00703808704198241,0.335258438691113,0.350196612235367,0.36250270474806,TRUE,-0.634607036660969,"parent_excitation_dense",2,"one_step_shared_gamma_poisson","survival"
"survival_80",0.589040434058665,0.584768441725315,0.0123665520056174,0.560644541068859,0.585204158226681,0.606888177214786,TRUE,-0.345447326903257,"parent_excitation_dense",2,"one_step_shared_gamma_poisson","survival"
"survival_110",0.789181706522253,0.786280215845714,0.0149702676735951,0.754763142629965,0.78553229918417,0.8122376716879,TRUE,-0.193816886898871,"parent_excitation_dense",2,"one_step_shared_gamma_poisson","survival"
"growth_increment_50",12,11.7801846331353,0.110341329300112,11.5837610619251,11.776708602929,11.9918590659565,FALSE,-1.99213991945665,"parent_excitation_dense",2,"one_step_shared_gamma_poisson","growth"
"growth_increment_80",8.4,8.25416899700492,0.0760104688450672,8.10443909090028,8.25657984312958,8.39561226361931,FALSE,-1.91856470839989,"parent_excitation_dense",2,"one_step_shared_gamma_poisson","growth"
"growth_increment_110",4.8,4.72815336087452,0.0847892465618669,4.56315412121685,4.72727886411613,4.88638391261687,TRUE,-0.847355555554568,"parent_excitation_dense",2,"one_step_shared_gamma_poisson","growth"
"growth_sd.log_growth_sd",4.5,4.36093635436412,0.0723774140969879,4.22588137780664,4.36232176413056,4.49852503673083,FALSE,-1.92136797605847,"parent_excitation_dense",2,"one_step_shared_gamma_poisson","growth"
"recruitment_50",0.019387103915861,0.0195145047794363,0.00111709036170787,0.0173642061548366,0.01945501517071,0.0217459590557995,TRUE,0.114047052899555,"parent_excitation_dense",2,"one_step_shared_gamma_poisson","recruitment"
"recruitment_80",0.183939720585721,0.184389950732384,0.00660581033728915,0.1713990254421,0.184093431547324,0.197544205090006,TRUE,0.0681566868671712,"parent_excitation_dense",2,"one_step_shared_gamma_poisson","recruitment"
"recruitment_110",1.74517147873092,1.74315244332364,0.0302806662404065,1.68304484596019,1.74298023892312,1.80366175067714,TRUE,-0.0666773772827145,"parent_excitation_dense",2,"one_step_shared_gamma_poisson","recruitment"
"recruit_mean_50",44,44.0073460210468,0.170926553124279,43.6573556339044,44.0026422722464,44.3625951916469,TRUE,0.0429776469046669,"parent_excitation_dense",2,"one_step_shared_gamma_poisson","recruit_size"
"recruit_mean_80",44.6,44.6072900729047,0.111447982857983,44.3784613862861,44.6016890381168,44.8352965224448,TRUE,0.0654123360311665,"parent_excitation_dense",2,"one_step_shared_gamma_poisson","recruit_size"
"recruit_mean_110",45.2,45.2072341247626,0.0537903434409341,45.0967391081672,45.2065415361364,45.3109790931926,TRUE,0.134487424690259,"parent_excitation_dense",2,"one_step_shared_gamma_poisson","recruit_size"
"recruit_sd.log_recruit_sd",3.5,3.4913208033429,0.0185602266242984,3.45447759476185,3.49143795131834,3.52230363466515,TRUE,-0.467623420381155,"parent_excitation_dense",2,"one_step_shared_gamma_poisson","recruit_size"
"lambda",1.03119869581319,1.02306884393523,0.0142292479572906,0.991877487109787,1.02285208041009,1.04917772335017,TRUE,-0.571347965989845,"parent_excitation_dense",2,"one_step_shared_gamma_poisson","lambda"
"survival_50",0.354343693774205,0.346044398018696,0.0140123662561852,0.319102615789496,0.345867417897137,0.374117451833104,TRUE,-0.592283673133752,"parent_excitation_sparse",3,"recursive_gamma_poisson","survival"
"survival_80",0.589040434058665,0.560380828610697,0.0130374286687632,0.535315226659996,0.560164598866583,0.584327160647591,FALSE,-2.19825597332969,"parent_excitation_sparse",3,"recursive_gamma_poisson","survival"
"survival_110",0.789181706522253,0.754197651978635,0.0151187188648596,0.724090624869362,0.755744890385854,0.783329416255872,FALSE,-2.31395628533915,"parent_excitation_sparse",3,"recursive_gamma_poisson","survival"
"growth_increment_50",12,11.8653927375687,0.230245490625484,11.413630382718,11.8648576622815,12.2941580560001,TRUE,-0.584624967314817,"parent_excitation_sparse",3,"recursive_gamma_poisson","growth"
"growth_increment_80",8.4,8.35761013960314,0.149580034824083,8.03443829011704,8.3621721023264,8.63699871312704,TRUE,-0.283392502526925,"parent_excitation_sparse",3,"recursive_gamma_poisson","growth"
"growth_increment_110",4.8,4.84982754163759,0.13024173700025,4.60172278056272,4.85699855361116,5.0734933761841,TRUE,0.382577373315404,"parent_excitation_sparse",3,"recursive_gamma_poisson","growth"
"growth_sd.log_growth_sd",4.5,4.59752672753066,0.128463064063132,4.36259313994225,4.59240280721494,4.85507665712648,TRUE,0.759181078560666,"parent_excitation_sparse",3,"recursive_gamma_poisson","growth"
"recruitment_50",0.019387103915861,0.026321312220407,0.00216434471325889,0.022386879016741,0.026151324530198,0.0309686300383918,FALSE,3.20383729175242,"parent_excitation_sparse",3,"recursive_gamma_poisson","recruitment"
"recruitment_80",0.183939720585721,0.215002274535392,0.0114296452308645,0.194441801802667,0.214284522675244,0.238398570570308,FALSE,2.71771812005068,"parent_excitation_sparse",3,"recursive_gamma_poisson","recruitment"
"recruitment_110",1.74517147873092,1.75781121717254,0.0475661300259523,1.66371468253889,1.75502012830327,1.86161830953377,TRUE,0.265729804689323,"parent_excitation_sparse",3,"recursive_gamma_poisson","recruitment"
"recruit_mean_50",44,44.2952093895604,0.348709416827103,43.606462319346,44.2982150325049,44.9405344837442,TRUE,0.846577050446613,"parent_excitation_sparse",3,"recursive_gamma_poisson","recruit_size"
"recruit_mean_80",44.6,44.8058646838225,0.223154877740699,44.3714267481343,44.8106728315806,45.2218119332219,TRUE,0.922519309937322,"parent_excitation_sparse",3,"recursive_gamma_poisson","recruit_size"
"recruit_mean_110",45.2,45.3165199780845,0.105646155180638,45.100727398159,45.3202780805996,45.5011270502771,TRUE,1.10292682100264,"parent_excitation_sparse",3,"recursive_gamma_poisson","recruit_size"
"recruit_sd.log_recruit_sd",3.5,3.5071406510057,0.0435391737605104,3.42078084457442,3.50868434695033,3.59442009317207,TRUE,0.164005202417777,"parent_excitation_sparse",3,"recursive_gamma_poisson","recruit_size"
"lambda",1.03119869581319,0.993256886985666,0.0141038067966739,0.964362759644375,0.994456192215765,1.01948201211874,FALSE,-2.69018211710574,"parent_excitation_sparse",3,"recursive_gamma_poisson","lambda"
"survival_50",0.354343693774205,0.359300075020639,0.0161111838195892,0.329917386948071,0.358635140440172,0.390552220723239,TRUE,0.307636068332144,"parent_excitation_sparse",3,"one_step_gamma_poisson","survival"
"survival_80",0.589040434058665,0.561121387661627,0.0190028208500925,0.521585075563016,0.561723961848118,0.597246990906632,TRUE,-1.46920536783894,"parent_excitation_sparse",3,"one_step_gamma_poisson","survival"
"survival_110",0.789181706522253,0.74396769526598,0.0259839798906422,0.693305815209155,0.74310383055099,0.791768814465955,TRUE,-1.74007259267298,"parent_excitation_sparse",3,"one_step_gamma_poisson","survival"
"growth_increment_50",12,11.7100341091247,0.270964466543771,11.188219992007,11.7025853615858,12.2485810972058,TRUE,-1.07012515173634,"parent_excitation_sparse",3,"one_step_gamma_poisson","growth"
"growth_increment_80",8.4,8.23215872308392,0.184241766337629,7.86633884252868,8.23035557581344,8.58241037985158,TRUE,-0.910983867840823,"parent_excitation_sparse",3,"one_step_gamma_poisson","growth"
"growth_increment_110",4.8,4.75428333704314,0.196592333047418,4.37294517471155,4.74056498436795,5.1281247327504,TRUE,-0.232545502910479,"parent_excitation_sparse",3,"one_step_gamma_poisson","growth"
"growth_sd.log_growth_sd",4.5,4.6351363178057,0.157169430815652,4.36606765321667,4.63014696586624,4.9377100797709,TRUE,0.859812987197275,"parent_excitation_sparse",3,"one_step_gamma_poisson","growth"
"recruitment_50",0.019387103915861,0.0225624824947442,0.00254897606401388,0.0182411692332573,0.0223869594836118,0.0280298262193052,TRUE,1.24574672305198,"parent_excitation_sparse",3,"one_step_gamma_poisson","recruitment"
"recruitment_80",0.183939720585721,0.198608273677956,0.0140140063086215,0.173184763705185,0.198021434626924,0.228613277501464,TRUE,1.04670661402593,"parent_excitation_sparse",3,"one_step_gamma_poisson","recruitment"
"recruitment_110",1.74517147873092,1.75156712645153,0.0574264094820269,1.6483342552109,1.75042147615523,1.86355595585274,TRUE,0.111371192771729,"parent_excitation_sparse",3,"one_step_gamma_poisson","recruitment"
"recruit_mean_50",44,44.45703308514,0.392366527187366,43.7793510008035,44.4453962224269,45.2126628289344,TRUE,1.16481160718816,"parent_excitation_sparse",3,"one_step_gamma_poisson","recruit_size"
"recruit_mean_80",44.6,44.8960688348349,0.251471135065359,44.4739894086551,44.8915485800421,45.3757856179935,TRUE,1.17734719238446,"parent_excitation_sparse",3,"one_step_gamma_poisson","recruit_size"
"recruit_mean_110",45.2,45.3351045845299,0.120780851920227,45.1182131244456,45.3321457101084,45.5717704978685,TRUE,1.11859274365015,"parent_excitation_sparse",3,"one_step_gamma_poisson","recruit_size"
"recruit_sd.log_recruit_sd",3.5,3.50404938327801,0.0477846158329684,3.40718143082136,3.50253510662703,3.59967274344564,TRUE,0.0847424052160628,"parent_excitation_sparse",3,"one_step_gamma_poisson","recruit_size"
"lambda",1.03119869581319,0.986087407673109,0.0252913184201181,0.936097627711344,0.985127703987079,1.03647384768237,TRUE,-1.78366692438619,"parent_excitation_sparse",3,"one_step_gamma_poisson","lambda"
"survival_50",0.354343693774205,0.331864896073543,0.0137007795406775,0.306429592135012,0.331039343122997,0.358362952669887,TRUE,-1.64069479652031,"parent_excitation_sparse",3,"one_step_shared_gamma_poisson","survival"
"survival_80",0.589040434058665,0.550496459483085,0.02349680611599,0.501950807795586,0.550917457349511,0.596162608031321,TRUE,-1.64039207649375,"parent_excitation_sparse",3,"one_step_shared_gamma_poisson","survival"
"survival_110",0.789181706522253,0.750207155657516,0.0311817259627028,0.682468085298716,0.752001516598291,0.80565656087626,TRUE,-1.24991640653104,"parent_excitation_sparse",3,"one_step_shared_gamma_poisson","survival"
"growth_increment_50",12,11.9028141536694,0.24348421819093,11.4448907753539,11.880941853783,12.3792448755067,TRUE,-0.39914638842993,"parent_excitation_sparse",3,"one_step_shared_gamma_poisson","growth"
"growth_increment_80",8.4,8.34387941859796,0.169027340147357,8.01765523374328,8.34851570709465,8.67105216376379,TRUE,-0.332020733173177,"parent_excitation_sparse",3,"one_step_shared_gamma_poisson","growth"
"growth_increment_110",4.8,4.78494468352653,0.183938894968731,4.43393227154049,4.78809907156375,5.1196484213432,TRUE,-0.0818495537663753,"parent_excitation_sparse",3,"one_step_shared_gamma_poisson","growth"
"growth_sd.log_growth_sd",4.5,4.63023075246029,0.145359392769532,4.36991972819529,4.61834488409534,4.92397873659441,TRUE,0.895922513014161,"parent_excitation_sparse",3,"one_step_shared_gamma_poisson","growth"
"recruitment_50",0.019387103915861,0.0213038667298491,0.00230924462086608,0.0172830200340807,0.0212056312198339,0.025968499873924,TRUE,0.830038877938006,"parent_excitation_sparse",3,"one_step_shared_gamma_poisson","recruitment"
"recruitment_80",0.183939720585721,0.193331986251507,0.0131953640709607,0.169116202161575,0.193566604701304,0.218804711756577,TRUE,0.711785261496188,"parent_excitation_sparse",3,"one_step_shared_gamma_poisson","recruitment"
"recruitment_110",1.74517147873092,1.75760101793417,0.0600695020388096,1.64021771264155,1.75501426741868,1.87411165339227,TRUE,0.206919298169212,"parent_excitation_sparse",3,"one_step_shared_gamma_poisson","recruitment"
"recruit_mean_50",44,44.5090895278574,0.30377612652539,43.930367074649,44.5208940009616,45.1190514226394,TRUE,1.6758707594318,"parent_excitation_sparse",3,"one_step_shared_gamma_poisson","recruit_size"
"recruit_mean_80",44.6,44.9446250516019,0.198159162302455,44.560907234928,44.9505853631695,45.3242251876311,TRUE,1.73913256191462,"parent_excitation_sparse",3,"one_step_shared_gamma_poisson","recruit_size"
"recruit_mean_110",45.2,45.3801605753466,0.0973435473771648,45.1916664333279,45.384385640885,45.5516514222225,TRUE,1.85077059754689,"parent_excitation_sparse",3,"one_step_shared_gamma_poisson","recruit_size"
"recruit_sd.log_recruit_sd",3.5,3.51068762977053,0.0370340441784738,3.43522537936209,3.50924430335125,3.58311451342066,TRUE,0.288589323894108,"parent_excitation_sparse",3,"one_step_shared_gamma_poisson","recruit_size"
"lambda",1.03119869581319,0.988922126574259,0.0298825491334159,0.923155941431345,0.991127768914004,1.04144903983196,TRUE,-1.41475779225469,"parent_excitation_sparse",3,"one_step_shared_gamma_poisson","lambda"
"survival_50",0.354343693774205,0.359569603920616,0.00808421138112299,0.34331078161221,0.35984963955733,0.373921835697939,TRUE,0.646434129445763,"parent_excitation_dense",3,"recursive_gamma_poisson","survival"
"survival_80",0.589040434058665,0.5951202623021,0.00722903226109992,0.580760945273315,0.594930764244713,0.610002552257805,TRUE,0.841029341665934,"parent_excitation_dense",3,"recursive_gamma_poisson","survival"
"survival_110",0.789181706522253,0.793673711550562,0.00806708026551388,0.776446378763776,0.793246271459929,0.808562535812512,TRUE,0.55683157728229,"parent_excitation_dense",3,"recursive_gamma_poisson","survival"
"growth_increment_50",12,12.0859398656026,0.103589444943189,11.8707869733357,12.0899807715996,12.2795153911936,TRUE,0.829619906252932,"parent_excitation_dense",3,"recursive_gamma_poisson","growth"
"growth_increment_80",8.4,8.4174776073035,0.0679539996414088,8.28700177465412,8.41641465765144,8.53782923792632,TRUE,0.257197624801068,"parent_excitation_dense",3,"recursive_gamma_poisson","growth"
"growth_increment_110",4.8,4.74901534900443,0.0623140032187265,4.62981326048405,4.74464884528939,4.86757446140895,TRUE,-0.818189305164792,"parent_excitation_dense",3,"recursive_gamma_poisson","growth"
"growth_sd.log_growth_sd",4.5,4.3615040972373,0.0654768806116824,4.2414400588557,4.36158739996805,4.49019374047917,FALSE,-2.11518785667363,"parent_excitation_dense",3,"recursive_gamma_poisson","growth"
"recruitment_50",0.019387103915861,0.0208958199442268,0.00101719261248515,0.0189942605404414,0.0209041603056696,0.0229758194762122,TRUE,1.48321567601611,"parent_excitation_dense",3,"recursive_gamma_poisson","recruitment"
"recruitment_80",0.183939720585721,0.192546757436679,0.00595943376826488,0.181445321993374,0.192755559564553,0.20417906246726,TRUE,1.44427091325225,"parent_excitation_dense",3,"recursive_gamma_poisson","recruitment"
"recruitment_110",1.74517147873092,1.77484194553544,0.0266035210153697,1.72820752134617,1.77554230288692,1.82930014195614,TRUE,1.11528345392244,"parent_excitation_dense",3,"recursive_gamma_poisson","recruitment"
"recruit_mean_50",44,44.190457072218,0.181741300279709,43.8344777359626,44.1863447569614,44.5432529445832,TRUE,1.04795702421452,"parent_excitation_dense",3,"recursive_gamma_poisson","recruit_size"
"recruit_mean_80",44.6,44.7220124577365,0.115493579099617,44.4982808337665,44.7206607522639,44.9490954128859,TRUE,1.05644364550584,"parent_excitation_dense",3,"recursive_gamma_poisson","recruit_size"
"recruit_mean_110",45.2,45.2535678432552,0.0540615735765169,45.1536014344334,45.250800637516,45.3619062955869,TRUE,0.990867259521318,"parent_excitation_dense",3,"recursive_gamma_poisson","recruit_size"
"recruit_sd.log_recruit_sd",3.5,3.48518757828604,0.0241175377287965,3.4357138014003,3.48640082619191,3.52810674603487,TRUE,-0.614176367443822,"parent_excitation_dense",3,"recursive_gamma_poisson","recruit_size"
"lambda",1.03119869581319,1.03382645269149,0.00736217678542816,1.01806146602324,1.03365554949668,1.04808766245497,TRUE,0.35692662032988,"parent_excitation_dense",3,"recursive_gamma_poisson","lambda"
"survival_50",0.354343693774205,0.357755990779843,0.00732614008117881,0.344918959740472,0.357361249103716,0.373055180566756,TRUE,0.465770101012008,"parent_excitation_dense",3,"one_step_gamma_poisson","survival"
"survival_80",0.589040434058665,0.593291841105825,0.0103546205881312,0.57461755472269,0.593585562144534,0.614019852856018,TRUE,0.410580668888382,"parent_excitation_dense",3,"one_step_gamma_poisson","survival"
"survival_110",0.789181706522253,0.792310356569878,0.0132094726791917,0.766169794878977,0.792828866918833,0.816074363080633,TRUE,0.236848973733378,"parent_excitation_dense",3,"one_step_gamma_poisson","survival"
"growth_increment_50",12,12.1049473598799,0.120740194039564,11.8427604727171,12.1079770219998,12.3405468202293,TRUE,0.869199861029721,"parent_excitation_dense",3,"one_step_gamma_poisson","growth"
"growth_increment_80",8.4,8.41713819989967,0.0795956293719902,8.23925018900876,8.4222327723069,8.56355682461491,TRUE,0.215315841270326,"parent_excitation_dense",3,"one_step_gamma_poisson","growth"
"growth_increment_110",4.8,4.72932903991943,0.0875031000854029,4.54780647202827,4.73629286758191,4.88927058712541,TRUE,-0.807639500904449,"parent_excitation_dense",3,"one_step_gamma_poisson","growth"
"growth_sd.log_growth_sd",4.5,4.38436032023843,0.0802695503656411,4.23262921697895,4.38221012972383,4.55277686326968,TRUE,-1.44064192754053,"parent_excitation_dense",3,"one_step_gamma_poisson","growth"
"recruitment_50",0.019387103915861,0.020285078900461,0.0010910189785654,0.0179849855904652,0.0203220199254051,0.0225264097846472,TRUE,0.823060828676673,"parent_excitation_dense",3,"one_step_gamma_poisson","recruitment"
"recruitment_80",0.183939720585721,0.189263327138705,0.0064199363700129,0.175138029879597,0.189539663210286,0.201921946348551,TRUE,0.829230423193958,"parent_excitation_dense",3,"one_step_gamma_poisson","recruitment"
"recruitment_110",1.74517147873092,1.7666028600175,0.0278622198070269,1.71149222958183,1.76787113954952,1.81409104018039,TRUE,0.769191451184188,"parent_excitation_dense",3,"one_step_gamma_poisson","recruitment"
"recruit_mean_50",44,44.1373701429841,0.179615182034883,43.8035036942702,44.129218077282,44.4868839805018,TRUE,0.764802515176166,"parent_excitation_dense",3,"one_step_gamma_poisson","recruit_size"
"recruit_mean_80",44.6,44.6879653226143,0.114143942936618,44.472182943846,44.6815810864815,44.9064197702275,TRUE,0.770652566848464,"parent_excitation_dense",3,"one_step_gamma_poisson","recruit_size"
"recruit_mean_110",45.2,45.2385605022445,0.0535988125127891,45.1338886017814,45.2381339009239,45.3380450708657,TRUE,0.719428293962267,"parent_excitation_dense",3,"one_step_gamma_poisson","recruit_size"
"recruit_sd.log_recruit_sd",3.5,3.48316474334713,0.023975732635022,3.43939117293724,3.48172515829146,3.53156141492488,TRUE,-0.702179028651535,"parent_excitation_dense",3,"one_step_gamma_poisson","recruit_size"
"lambda",1.03119869581319,1.03197246507373,0.0121993484834068,1.00955774657014,1.03215558704095,1.05478537336895,TRUE,0.0634270970776909,"parent_excitation_dense",3,"one_step_gamma_poisson","lambda"
"survival_50",0.354343693774205,0.35596909597734,0.00735627175730483,0.342794205482694,0.355834947756466,0.37118035339108,TRUE,0.220954616245847,"parent_excitation_dense",3,"one_step_shared_gamma_poisson","survival"
"survival_80",0.589040434058665,0.593712181465563,0.0131191314656892,0.567446020900059,0.593615786523924,0.618542003594323,TRUE,0.356101882134223,"parent_excitation_dense",3,"one_step_shared_gamma_poisson","survival"
"survival_110",0.789181706522253,0.794071927193807,0.0154660117088368,0.762424838389221,0.79479985329521,0.822364210338606,TRUE,0.316191450234076,"parent_excitation_dense",3,"one_step_shared_gamma_poisson","survival"
"growth_increment_50",12,12.1291934930575,0.11279456965918,11.9154019142958,12.123468020913,12.3380075321198,TRUE,1.14538752572817,"parent_excitation_dense",3,"one_step_shared_gamma_poisson","growth"
"growth_increment_80",8.4,8.43471448499397,0.0787045853968293,8.28728194600765,8.43565486115425,8.57619030427962,TRUE,0.441073221070165,"parent_excitation_dense",3,"one_step_shared_gamma_poisson","growth"
"growth_increment_110",4.8,4.74023547693044,0.0875814282241376,4.56052804042558,4.7464462804558,4.89873073990953,TRUE,-0.682388084795879,"parent_excitation_dense",3,"one_step_shared_gamma_poisson","growth"
"growth_sd.log_growth_sd",4.5,4.39282027172584,0.0701887197581775,4.26108949954665,4.39123452266422,4.53592505453595,TRUE,-1.5270221289607,"parent_excitation_dense",3,"one_step_shared_gamma_poisson","growth"
"recruitment_50",0.019387103915861,0.0194255306498672,0.00107066345721937,0.0175493076912281,0.0193119569012824,0.021866779762396,TRUE,0.0358905814400377,"parent_excitation_dense",3,"one_step_shared_gamma_poisson","recruitment"
"recruitment_80",0.183939720585721,0.184603261109454,0.00639813439053842,0.17324850807267,0.184026253094702,0.198630427864912,TRUE,0.103708437996258,"parent_excitation_dense",3,"one_step_shared_gamma_poisson","recruitment"
"recruitment_110",1.74517147873092,1.75509619691666,0.0296868493566542,1.69997676777184,1.75417967558015,1.8136393872339,TRUE,0.334313623736255,"parent_excitation_dense",3,"one_step_shared_gamma_poisson","recruitment"
"recruit_mean_50",44,44.0929771692888,0.157696918181625,43.7849837985639,44.0862909492515,44.4174084908988,TRUE,0.589594079331987,"parent_excitation_dense",3,"one_step_shared_gamma_poisson","recruit_size"
"recruit_mean_80",44.6,44.6656153702648,0.10236543358244,44.462775705028,44.6612451274969,44.8723115363175,TRUE,0.640991475037052,"parent_excitation_dense",3,"one_step_shared_gamma_poisson","recruit_size"
"recruit_mean_110",45.2,45.2382535712409,0.0492295527580206,45.1410934079839,45.2390930220324,45.3419175878293,TRUE,0.777044866300875,"parent_excitation_dense",3,"one_step_shared_gamma_poisson","recruit_size"
"recruit_sd.log_recruit_sd",3.5,3.48444088935824,0.0184777772576488,3.44870662856985,3.48436796183812,3.51957816588364,TRUE,-0.842044496197093,"parent_excitation_dense",3,"one_step_shared_gamma_poisson","recruit_size"
"lambda",1.03119869581319,1.03421886681618,0.0147006601693865,1.00488478981448,1.03467994413109,1.06067275599805,TRUE,0.20544458331744,"parent_excitation_dense",3,"one_step_shared_gamma_poisson","lambda"
"survival_50",0.354343693774205,0.341401471533648,0.0138194029721528,0.31607521657775,0.341099466213228,0.368525430714252,TRUE,-0.936525424914278,"parent_excitation_sparse",4,"recursive_gamma_poisson","survival"
"survival_80",0.589040434058665,0.585712597494971,0.0137470643578304,0.55938540462201,0.585446465718473,0.612000574408209,TRUE,-0.242076160922237,"parent_excitation_sparse",4,"recursive_gamma_poisson","survival"
"survival_110",0.789181706522253,0.793831705719583,0.0152651367642812,0.765191414306001,0.793724281135469,0.823092266966715,TRUE,0.304615626386674,"parent_excitation_sparse",4,"recursive_gamma_poisson","survival"
"growth_increment_50",12,12.2151560120807,0.192819367682354,11.848597985548,12.2124041507727,12.5788831314847,TRUE,1.11584232780553,"parent_excitation_sparse",4,"recursive_gamma_poisson","growth"
"growth_increment_80",8.4,8.63040087817974,0.125197373509119,8.38812279304487,8.63405997337785,8.87211652267244,TRUE,1.84030121177385,"parent_excitation_sparse",4,"recursive_gamma_poisson","growth"
"growth_increment_110",4.8,5.04564574427882,0.110091447627227,4.82946283415617,5.04970180262462,5.28596125724857,FALSE,2.23128816609429,"parent_excitation_sparse",4,"recursive_gamma_poisson","growth"
"growth_sd.log_growth_sd",4.5,4.30480726288097,0.126683047041543,4.05323923665234,4.29645602475996,4.5548552419198,TRUE,-1.54079603922864,"parent_excitation_sparse",4,"recursive_gamma_poisson","growth"
"recruitment_50",0.019387103915861,0.01972385724061,0.00173412529977354,0.016493620007603,0.0196614883394405,0.0235327421672309,TRUE,0.194192037214957,"parent_excitation_sparse",4,"recursive_gamma_poisson","recruitment"
"recruitment_80",0.183939720585721,0.18396492455662,0.0103964670212003,0.165067516179978,0.18368770835971,0.206323874086938,TRUE,0.00242428229195241,"parent_excitation_sparse",4,"recursive_gamma_poisson","recruitment"
"recruitment_110",1.74517147873092,1.71768936015407,0.048991233564041,1.62493260361722,1.71495539425205,1.81300054008995,TRUE,-0.560959922369026,"parent_excitation_sparse",4,"recursive_gamma_poisson","recruitment"
"recruit_mean_50",44,44.5557262648503,0.358765728208306,43.8427050166134,44.5630087374101,45.2756829121685,TRUE,1.5489948486039,"parent_excitation_sparse",4,"recursive_gamma_poisson","recruit_size"
"recruit_mean_80",44.6,44.9533741785394,0.229518749730072,44.5047419013753,44.9552234939267,45.4243584223281,TRUE,1.53963098420049,"parent_excitation_sparse",4,"recursive_gamma_poisson","recruit_size"
"recruit_mean_110",45.2,45.3510220922284,0.108975751808548,45.131196012865,45.3538082339669,45.5619220073113,TRUE,1.38583207476972,"parent_excitation_sparse",4,"recursive_gamma_poisson","recruit_size"
"recruit_sd.log_recruit_sd",3.5,3.50902966895482,0.0426494511423545,3.42725404617436,3.50891667816795,3.5944984374321,TRUE,0.211718292099021,"parent_excitation_sparse",4,"recursive_gamma_poisson","recruit_size"
"lambda",1.03119869581319,1.03855570340123,0.0139131631403322,1.01398916618645,1.03831636291452,1.06362154430905,TRUE,0.528780372502643,"parent_excitation_sparse",4,"recursive_gamma_poisson","lambda"
"survival_50",0.354343693774205,0.351209292010197,0.0143387236243414,0.321127233303367,0.350894776035749,0.377967764109436,TRUE,-0.218596985765612,"parent_excitation_sparse",4,"one_step_gamma_poisson","survival"
"survival_80",0.589040434058665,0.600488916772002,0.0218909239341985,0.558205003880479,0.601607650918606,0.643628873416794,TRUE,0.522978506880299,"parent_excitation_sparse",4,"one_step_gamma_poisson","survival"
"survival_110",0.789181706522253,0.805633443841953,0.027288635355978,0.747242728733869,0.80888823064889,0.851732843165293,TRUE,0.602878711415543,"parent_excitation_sparse",4,"one_step_gamma_poisson","survival"
"growth_increment_50",12,12.188764224249,0.238086900266378,11.7499387356185,12.1913776562271,12.6564753315682,TRUE,0.792837506128088,"parent_excitation_sparse",4,"one_step_gamma_poisson","growth"
"growth_increment_80",8.4,8.61142245192683,0.165761089296853,8.31056122611904,8.61947702029435,8.93400702735958,TRUE,1.27546490448195,"parent_excitation_sparse",4,"one_step_gamma_poisson","growth"
"growth_increment_110",4.8,5.03408067960469,0.179942885572262,4.6683860600553,5.03135643471495,5.37354303069287,TRUE,1.30086098630828,"parent_excitation_sparse",4,"one_step_gamma_poisson","growth"
"growth_sd.log_growth_sd",4.5,4.39776643938351,0.145491172094893,4.13419415956224,4.39296420749841,4.69789383580186,TRUE,-0.702678788990823,"parent_excitation_sparse",4,"one_step_gamma_poisson","growth"
"recruitment_50",0.019387103915861,0.0183806462340948,0.00203471230823393,0.014794283578539,0.0183828157535893,0.0223785202843684,TRUE,-0.49464372810511,"parent_excitation_sparse",4,"one_step_gamma_poisson","recruitment"
"recruitment_80",0.183939720585721,0.177176338236257,0.0123781405758533,0.153795714063121,0.177272997919281,0.202224903295692,TRUE,-0.546397280594648,"parent_excitation_sparse",4,"one_step_gamma_poisson","recruitment"
"recruitment_110",1.74517147873092,1.71086794943874,0.055914605584449,1.59881631831485,1.71118748637124,1.81877113314917,TRUE,-0.613498547179568,"parent_excitation_sparse",4,"one_step_gamma_poisson","recruitment"
"recruit_mean_50",44,44.6262169874779,0.346914501937351,44.035816239159,44.597520958171,45.3222238433357,FALSE,1.80510466982718,"parent_excitation_sparse",4,"one_step_gamma_poisson","recruit_size"
"recruit_mean_80",44.6,44.9816814107509,0.222932664383088,44.5989868615109,44.9736036676668,45.421251728461,TRUE,1.71209280527401,"parent_excitation_sparse",4,"one_step_gamma_poisson","recruit_size"
"recruit_mean_110",45.2,45.3371458340238,0.109533343290489,45.1461890539841,45.3396997658651,45.5359208774379,TRUE,1.25209210185472,"parent_excitation_sparse",4,"one_step_gamma_poisson","recruit_size"
"recruit_sd.log_recruit_sd",3.5,3.50704481882128,0.0449464749936522,3.41769900498974,3.51002422268023,3.5891762527513,TRUE,0.156737960480297,"parent_excitation_sparse",4,"one_step_gamma_poisson","recruit_size"
"lambda",1.03119869581319,1.05264227294802,0.0251266370428718,0.997406870007722,1.05524521815205,1.09743155455195,TRUE,0.85342010147392,"parent_excitation_sparse",4,"one_step_gamma_poisson","lambda"
"survival_50",0.354343693774205,0.344907247106653,0.00733456624454205,0.33089265662886,0.345142444545217,0.360875763487084,TRUE,-1.2865718779994,"parent_excitation_dense",4,"recursive_gamma_poisson","survival"
"survival_80",0.589040434058665,0.582540677998945,0.00721986385725827,0.56823717917187,0.582346657697742,0.596189720808267,TRUE,-0.900260197176183,"parent_excitation_dense",4,"recursive_gamma_poisson","survival"
"survival_110",0.789181706522253,0.78709478836095,0.0084663391716563,0.771545278443682,0.787369786155012,0.80258490826414,TRUE,-0.246495931593376,"parent_excitation_dense",4,"recursive_gamma_poisson","survival"
"growth_increment_50",12,12.0189610197209,0.106861092079425,11.7974611094857,12.023941146747,12.2226429979515,TRUE,0.17743614024455,"parent_excitation_dense",4,"recursive_gamma_poisson","growth"
"growth_increment_80",8.4,8.39633756875676,0.0707423954864874,8.25757956048162,8.40150532953029,8.52119975658778,TRUE,-0.0517713772350534,"parent_excitation_dense",4,"recursive_gamma_poisson","growth"
"growth_increment_110",4.8,4.77371411779259,0.0650494770954261,4.64711381111145,4.77648409075026,4.89327587686305,TRUE,-0.404090599665376,"parent_excitation_dense",4,"recursive_gamma_poisson","growth"
"growth_sd.log_growth_sd",4.5,4.32673964431805,0.0617281102868351,4.21311069226173,4.3282761701798,4.44215479296014,FALSE,-2.80683071094928,"parent_excitation_dense",4,"recursive_gamma_poisson","growth"
"recruitment_50",0.019387103915861,0.0210600287584215,0.00103105534434715,0.0191947672089778,0.0210393502907699,0.0231060373257463,TRUE,1.62253641546254,"parent_excitation_dense",4,"recursive_gamma_poisson","recruitment"
"recruitment_80",0.183939720585721,0.194038682494629,0.00602001314282887,0.183528512486545,0.194090601660084,0.20519855245811,TRUE,1.67756476095705,"parent_excitation_dense",4,"recursive_gamma_poisson","recruitment"
"recruitment_110",1.74517147873092,1.78841453650721,0.0267958186473254,1.73756489849589,1.78746144585093,1.83511375285482,TRUE,1.61379871783129,"parent_excitation_dense",4,"recursive_gamma_poisson","recruitment"
"recruit_mean_50",44,43.9310427803317,0.182156744283294,43.543039056459,43.9272410225966,44.2795158954056,TRUE,-0.378559794420935,"parent_excitation_dense",4,"recursive_gamma_poisson","recruit_size"
"recruit_mean_80",44.6,44.5622731852264,0.114849433553495,44.3338172495409,44.5611007308887,44.7714840421473,TRUE,-0.328489341273299,"parent_excitation_dense",4,"recursive_gamma_poisson","recruit_size"
"recruit_mean_110",45.2,45.193503590121,0.0532576551992062,45.0900058622602,45.194698352945,45.2903978490424,TRUE,-0.121980771678457,"parent_excitation_dense",4,"recursive_gamma_poisson","recruit_size"
"recruit_sd.log_recruit_sd",3.5,3.50617954244964,0.0253831724174869,3.45564673057376,3.50637231633918,3.55590997433474,TRUE,0.243450359474617,"parent_excitation_dense",4,"recursive_gamma_poisson","recruit_size"
"lambda",1.03119869581319,1.02495636263674,0.00757471010552681,1.01030651382458,1.02520600736669,1.03892718738306,TRUE,-0.824101924626362,"parent_excitation_dense",4,"recursive_gamma_poisson","lambda"
"survival_50",0.354343693774205,0.352023969372062,0.00731743391951433,0.337550235848066,0.352135976661366,0.366112698619714,TRUE,-0.317013372127167,"parent_excitation_dense",4,"one_step_gamma_poisson","survival"
"survival_80",0.589040434058665,0.581120316283008,0.0104209927624457,0.560268128302368,0.58105975779522,0.602244587666412,TRUE,-0.760015668008045,"parent_excitation_dense",4,"one_step_gamma_poisson","survival"
"survival_110",0.789181706522253,0.779655511130589,0.0133767067736972,0.749259515353225,0.779768117839707,0.806860509793626,TRUE,-0.712148031112971,"parent_excitation_dense",4,"one_step_gamma_poisson","survival"
"growth_increment_50",12,12.0122012028795,0.128753041432623,11.7699725876636,12.0047949990302,12.2689073348796,TRUE,0.0947643857089276,"parent_excitation_dense",4,"one_step_gamma_poisson","growth"
"growth_increment_80",8.4,8.39235926459287,0.0852744022766759,8.22494265306267,8.39321417462591,8.55565049225037,TRUE,-0.0896017468681708,"parent_excitation_dense",4,"one_step_gamma_poisson","growth"
"growth_increment_110",4.8,4.77251732630623,0.0882743030882347,4.60586573746776,4.77851865519764,4.94188622676971,TRUE,-0.311332661174297,"parent_excitation_dense",4,"one_step_gamma_poisson","growth"
"growth_sd.log_growth_sd",4.5,4.32249551028008,0.0718357086173083,4.1801409036453,4.32347167081217,4.47141171594709,FALSE,-2.47097847486324,"parent_excitation_dense",4,"one_step_gamma_poisson","growth"
"recruitment_50",0.019387103915861,0.0215117334504608,0.00105245374446421,0.0192833362125829,0.0215323112569915,0.0237504954459048,TRUE,2.01873910922461,"parent_excitation_dense",4,"one_step_gamma_poisson","recruitment"
"recruitment_80",0.183939720585721,0.196275883396982,0.00602019527327479,0.183667660775349,0.196484382938847,0.209506690193191,TRUE,2.04913001178285,"parent_excitation_dense",4,"one_step_gamma_poisson","recruitment"
"recruitment_110",1.74517147873092,1.79148907388431,0.0255320311566127,1.74513676639818,1.79084419518225,1.84340634129754,TRUE,1.81409754943801,"parent_excitation_dense",4,"one_step_gamma_poisson","recruitment"
"recruit_mean_50",44,44.0639414411006,0.183618559280301,43.6699296668536,44.0730982834194,44.409347774069,TRUE,0.348229728798941,"parent_excitation_dense",4,"one_step_gamma_poisson","recruit_size"
"recruit_mean_80",44.6,44.6407905983414,0.117810900140873,44.3917116559914,44.6437790270486,44.8662832626993,TRUE,0.346237897279562,"parent_excitation_dense",4,"one_step_gamma_poisson","recruit_size"
"recruit_mean_110",45.2,45.2176397555821,0.0560626902235017,45.1112842308088,45.2172898179452,45.3363778891141,TRUE,0.314643402087163,"parent_excitation_dense",4,"one_step_gamma_poisson","recruit_size"
"recruit_sd.log_recruit_sd",3.5,3.50543414487701,0.0255673883241157,3.45462048026311,3.50343824380624,3.55342643952604,TRUE,0.212542040200747,"parent_excitation_dense",4,"one_step_gamma_poisson","recruit_size"
"lambda",1.03119869581319,1.01972474973726,0.0123502958483429,0.994358186051634,1.01948374713281,1.04474166171334,TRUE,-0.929042204076008,"parent_excitation_dense",4,"one_step_gamma_poisson","lambda"
"survival_50",0.354343693774205,0.348041023120628,0.00728968975998013,0.333790244009729,0.348216266037897,0.36165479748255,TRUE,-0.864600670412312,"parent_excitation_dense",4,"one_step_shared_gamma_poisson","survival"
"survival_80",0.589040434058665,0.579611227571843,0.0119016020987407,0.557024107573435,0.578990342117017,0.603990817711354,TRUE,-0.79226363044177,"parent_excitation_dense",4,"one_step_shared_gamma_poisson","survival"
"survival_110",0.789181706522253,0.780505036855342,0.0142287481413134,0.752702195956394,0.780189896571063,0.808896190092652,TRUE,-0.609798527652467,"parent_excitation_dense",4,"one_step_shared_gamma_poisson","survival"
"growth_increment_50",12,12.0603456216008,0.113601873822345,11.831019095009,12.0631766423874,12.2873265887491,TRUE,0.53120269561034,"parent_excitation_dense",4,"one_step_shared_gamma_poisson","growth"
"growth_increment_80",8.4,8.41330034959119,0.0808755451819615,8.25113458005106,8.40890961260344,8.57335643562407,TRUE,0.164454527771854,"parent_excitation_dense",4,"one_step_shared_gamma_poisson","growth"
"growth_increment_110",4.8,4.76625507758156,0.0895349843254507,4.61772352066995,4.76558603837586,4.95388560215479,TRUE,-0.376890917809051,"parent_excitation_dense",4,"one_step_shared_gamma_poisson","growth"
"growth_sd.log_growth_sd",4.5,4.31587649645157,0.0711780474257272,4.17950728576486,4.31522469554576,4.45946997925423,FALSE,-2.58680183297473,"parent_excitation_dense",4,"one_step_shared_gamma_poisson","growth"
"recruitment_50",0.019387103915861,0.0215410069208532,0.00121211723678738,0.0193271333270868,0.0214567546427495,0.0241702550024437,TRUE,1.77697580697802,"parent_excitation_dense",4,"one_step_shared_gamma_poisson","recruitment"
"recruitment_80",0.183939720585721,0.196036688467201,0.00698031505419006,0.183633582022823,0.195765614476257,0.210641384788037,TRUE,1.73301173193008,"parent_excitation_dense",4,"one_step_shared_gamma_poisson","recruitment"
"recruitment_110",1.74517147873092,1.78488558172005,0.0313267767434311,1.72016863458798,1.78417243401363,1.84389591481592,TRUE,1.26773664952493,"parent_excitation_dense",4,"one_step_shared_gamma_poisson","recruitment"
"recruit_mean_50",44,44.0955219927651,0.163003477588334,43.7832387546845,44.1009616582361,44.4373363767985,TRUE,0.586011992985241,"parent_excitation_dense",4,"one_step_shared_gamma_poisson","recruit_size"
"recruit_mean_80",44.6,44.6572027837464,0.105082822545365,44.4590179283396,44.6595163429599,44.8820296405266,TRUE,0.544359033768232,"parent_excitation_dense",4,"one_step_shared_gamma_poisson","recruit_size"
"recruit_mean_110",45.2,45.2188835747277,0.0493840545683074,45.1246874947542,45.2220150566015,45.3209010258057,TRUE,0.382382023767357,"parent_excitation_dense",4,"one_step_shared_gamma_poisson","recruit_size"
"recruit_sd.log_recruit_sd",3.5,3.50772757199698,0.018657479373821,3.47224001188333,3.50821369650893,3.5438880242904,TRUE,0.414180921342544,"parent_excitation_dense",4,"one_step_shared_gamma_poisson","recruit_size"
"lambda",1.03119869581319,1.01902769463937,0.014163919339587,0.990806708166812,1.01881187897561,1.04762454599471,TRUE,-0.859296137037937,"parent_excitation_dense",4,"one_step_shared_gamma_poisson","lambda"
"survival_50",0.354343693774205,0.361051290990133,0.0150899679725754,0.334579229121489,0.36066481382024,0.390583883793756,TRUE,0.444507054496027,"parent_excitation_sparse",5,"recursive_gamma_poisson","survival"
"survival_80",0.589040434058665,0.564557894175044,0.0131551595762175,0.538351911344807,0.564694643847663,0.591575138268781,TRUE,-1.86105989378355,"parent_excitation_sparse",5,"recursive_gamma_poisson","survival"
"survival_110",0.789181706522253,0.748282396764729,0.0154030107938754,0.715426478952011,0.74811351959981,0.774815814628567,FALSE,-2.65528021143676,"parent_excitation_sparse",5,"recursive_gamma_poisson","survival"
"growth_increment_50",12,11.5831454925335,0.218524292112622,11.1738870278304,11.5842308839774,11.9793688263502,FALSE,-1.90758887003565,"parent_excitation_sparse",5,"recursive_gamma_poisson","growth"
"growth_increment_80",8.4,8.23949734129669,0.143017894730882,7.97444269715791,8.23595149199581,8.5241509037639,TRUE,-1.12225577788942,"parent_excitation_sparse",5,"recursive_gamma_poisson","growth"
"growth_increment_110",4.8,4.8958491900598,0.129537708070808,4.64128455390947,4.8993740641757,5.16522955569044,TRUE,0.739932730687262,"parent_excitation_sparse",5,"recursive_gamma_poisson","growth"
"growth_sd.log_growth_sd",4.5,4.42432276972429,0.129624660858151,4.16096596528836,4.42239791587161,4.66598696136477,TRUE,-0.583818154467694,"parent_excitation_sparse",5,"recursive_gamma_poisson","growth"
"recruitment_50",0.019387103915861,0.01726445911646,0.00168894750579872,0.0142206628928416,0.0172536511411731,0.0207461649941248,TRUE,-1.25678553780581,"parent_excitation_sparse",5,"recursive_gamma_poisson","recruitment"
"recruitment_80",0.183939720585721,0.169704750342635,0.0106712378650066,0.149553772338412,0.169789624410526,0.191046016048873,TRUE,-1.33395679331314,"parent_excitation_sparse",5,"recursive_gamma_poisson","recruitment"
"recruitment_110",1.74517147873092,1.67040533131895,0.0534812481112821,1.56690036880067,1.66862897228724,1.77125767796949,TRUE,-1.39798808091382,"parent_excitation_sparse",5,"recursive_gamma_poisson","recruitment"
"recruit_mean_50",44,43.923925074705,0.373573248376023,43.2238261859764,43.9397000069655,44.7142368568921,TRUE,-0.203641255431675,"parent_excitation_sparse",5,"recursive_gamma_poisson","recruit_size"
"recruit_mean_80",44.6,44.5195793954616,0.240634816359983,44.0655784725632,44.5308967764103,45.0074045563555,TRUE,-0.334201865527713,"parent_excitation_sparse",5,"recursive_gamma_poisson","recruit_size"
"recruit_mean_110",45.2,45.1152337162182,0.115876963524008,44.92435168969,45.1149428657694,45.3340948289128,TRUE,-0.731519718880274,"parent_excitation_sparse",5,"recursive_gamma_poisson","recruit_size"
"recruit_sd.log_recruit_sd",3.5,3.46903516038742,0.0464116392662783,3.3801112967648,3.46805033497869,3.56345792249119,TRUE,-0.667178322121481,"parent_excitation_sparse",5,"recursive_gamma_poisson","recruit_size"
"lambda",1.03119869581319,0.996966841662791,0.0149820700348432,0.966009431168392,0.997421612629532,1.02321652986924,FALSE,-2.28485476778512,"parent_excitation_sparse",5,"recursive_gamma_poisson","lambda"
"survival_50",0.354343693774205,0.355916784428393,0.0159811260101065,0.324795923763975,0.355877727397286,0.390896026589589,TRUE,0.0984342813637852,"parent_excitation_sparse",5,"one_step_gamma_poisson","survival"
"survival_80",0.589040434058665,0.565621448876667,0.0195342189395589,0.525236163351333,0.566125300732567,0.600272953257754,TRUE,-1.19886980147296,"parent_excitation_sparse",5,"one_step_gamma_poisson","survival"
"survival_110",0.789181706522253,0.753499376142427,0.0271481893790737,0.690414318894585,0.755578925988162,0.800663840636827,TRUE,-1.31435396598973,"parent_excitation_sparse",5,"one_step_gamma_poisson","survival"
"growth_increment_50",12,11.6175110354695,0.270235340365115,11.1016144342584,11.618857045576,12.155985332297,TRUE,-1.41539209495598,"parent_excitation_sparse",5,"one_step_gamma_poisson","growth"
"growth_increment_80",8.4,8.26935985271856,0.184255790435395,7.92008966380858,8.26653945905919,8.63244062826211,TRUE,-0.709015152103152,"parent_excitation_sparse",5,"one_step_gamma_poisson","growth"
"growth_increment_110",4.8,4.92120866996763,0.182947573513076,4.56543445993456,4.92116824520986,5.30349666389708,TRUE,0.662532263424469,"parent_excitation_sparse",5,"one_step_gamma_poisson","growth"
"growth_sd.log_growth_sd",4.5,4.44196035539031,0.14727068368374,4.17876820408663,4.43267940557055,4.73016105106576,TRUE,-0.39410182093218,"parent_excitation_sparse",5,"one_step_gamma_poisson","growth"
"recruitment_50",0.019387103915861,0.0200794158481043,0.00206742261259465,0.0161301434644751,0.0200965266520015,0.0240443689095047,TRUE,0.334867156828878,"parent_excitation_sparse",5,"one_step_gamma_poisson","recruitment"
"recruitment_80",0.183939720585721,0.184247960889543,0.0119897123711364,0.160656645343979,0.184313526887741,0.208145280668234,TRUE,0.0257087321430734,"parent_excitation_sparse",5,"one_step_gamma_poisson","recruitment"
"recruitment_110",1.74517147873092,1.69331817725551,0.0533828273487014,1.58701578397428,1.69080215234022,1.80207189945806,TRUE,-0.971347979317429,"parent_excitation_sparse",5,"one_step_gamma_poisson","recruitment"
"recruit_mean_50",44,43.8597303241894,0.378919883884839,43.1005825112197,43.8704115148143,44.575693581042,TRUE,-0.370182937808664,"parent_excitation_sparse",5,"one_step_gamma_poisson","recruit_size"
"recruit_mean_80",44.6,44.485657838467,0.240321172314919,44.0182448991012,44.4879692202556,44.965665144695,TRUE,-0.475788963708902,"parent_excitation_sparse",5,"one_step_gamma_poisson","recruit_size"
"recruit_mean_110",45.2,45.1115853527446,0.11285972388547,44.9007223227776,45.1133739431076,45.3463099200813,TRUE,-0.783403008721502,"parent_excitation_sparse",5,"one_step_gamma_poisson","recruit_size"
"recruit_sd.log_recruit_sd",3.5,3.48678440914507,0.0487528680859791,3.39308280069159,3.48838261086933,3.58452239690335,TRUE,-0.271073095261338,"parent_excitation_sparse",5,"one_step_gamma_poisson","recruit_size"
"lambda",1.03119869581319,0.998821638394496,0.0265118408926583,0.934788320570317,1.00055150405319,1.04488093681398,TRUE,-1.22123007413123,"parent_excitation_sparse",5,"one_step_gamma_poisson","lambda"
"survival_50",0.354343693774205,0.364620905562628,0.0148909952328024,0.338430563647481,0.365165213530143,0.392350190585117,TRUE,0.690162855319717,"parent_excitation_sparse",5,"one_step_shared_gamma_poisson","survival"
"survival_80",0.589040434058665,0.566922217235437,0.0213711455550281,0.526989984526782,0.567355534423233,0.605761275974486,TRUE,-1.03495700622488,"parent_excitation_sparse",5,"one_step_shared_gamma_poisson","survival"
"survival_110",0.789181706522253,0.748416808320653,0.0278571798892507,0.68730033419276,0.750402137388814,0.797581036016039,TRUE,-1.46335337473732,"parent_excitation_sparse",5,"one_step_shared_gamma_poisson","survival"
"growth_increment_50",12,11.7370508528362,0.219884364364083,11.2705642896027,11.7358526778037,12.1502214473728,TRUE,-1.19585195575088,"parent_excitation_sparse",5,"one_step_shared_gamma_poisson","growth"
"growth_increment_80",8.4,8.33395106879988,0.155786390692405,8.0252669369837,8.31872658424792,8.60883724888611,TRUE,-0.423971124220533,"parent_excitation_sparse",5,"one_step_shared_gamma_poisson","growth"
"growth_increment_110",4.8,4.9308512847636,0.182915873782504,4.56862240670858,4.94148255078553,5.26693371074478,TRUE,0.715363199801846,"parent_excitation_sparse",5,"one_step_shared_gamma_poisson","growth"
"growth_sd.log_growth_sd",4.5,4.36670072092773,0.134207254731468,4.10112350379596,4.36241970931276,4.62813636478071,TRUE,-0.993234526248145,"parent_excitation_sparse",5,"one_step_shared_gamma_poisson","growth"
"recruitment_50",0.019387103915861,0.0210523481491319,0.00230863599051704,0.0169826710299755,0.0209243377206141,0.0259773346419871,TRUE,0.721310869323288,"parent_excitation_sparse",5,"one_step_shared_gamma_poisson","recruitment"
"recruitment_80",0.183939720585721,0.189081256615774,0.0130526202795667,0.165656076621546,0.188422026869697,0.214810356898034,TRUE,0.393908343300396,"parent_excitation_sparse",5,"one_step_shared_gamma_poisson","recruitment"
"recruitment_110",1.74517147873092,1.70123907728112,0.0567178966190988,1.60214624674034,1.69897916800059,1.8244431386832,TRUE,-0.774577409751984,"parent_excitation_sparse",5,"one_step_shared_gamma_poisson","recruitment"
"recruit_mean_50",44,43.9542774349219,0.303251349984444,43.3538267266599,43.9517889333028,44.5421045224936,TRUE,-0.150774481566024,"parent_excitation_sparse",5,"one_step_shared_gamma_poisson","recruit_size"
"recruit_mean_80",44.6,44.5447046379286,0.198014632976116,44.1538867484301,44.5489583557061,44.9185415289624,TRUE,-0.279248867824959,"parent_excitation_sparse",5,"one_step_shared_gamma_poisson","recruit_size"
"recruit_mean_110",45.2,45.1351318409354,0.0976094438144158,44.9489683188487,45.1344367887966,45.308921833524,TRUE,-0.664568473394406,"parent_excitation_sparse",5,"one_step_shared_gamma_poisson","recruit_size"
"recruit_sd.log_recruit_sd",3.5,3.47419394995834,0.0375532460241887,3.39636664101894,3.47526968914622,3.54676397402662,TRUE,-0.687185603743538,"parent_excitation_sparse",5,"one_step_shared_gamma_poisson","recruit_size"
"lambda",1.03119869581319,0.995792850222549,0.0283787484375675,0.939867261786468,0.997622468974638,1.04291824231575,TRUE,-1.24761828974013,"parent_excitation_sparse",5,"one_step_shared_gamma_poisson","lambda"
"survival_50",0.354343693774205,0.345079464581572,0.00731314509857464,0.330763813552065,0.345239239729666,0.357992779500039,TRUE,-1.266791382881,"parent_excitation_dense",5,"recursive_gamma_poisson","survival"
"survival_80",0.589040434058665,0.585769321245637,0.00649640228686092,0.573087998194554,0.586379173146554,0.598477780014316,TRUE,-0.503526824323081,"parent_excitation_dense",5,"recursive_gamma_poisson","survival"
"survival_110",0.789181706522253,0.791403792633691,0.00762438062922496,0.776581092054245,0.791028123199319,0.807255752248906,TRUE,0.291444803125532,"parent_excitation_dense",5,"recursive_gamma_poisson","survival"
"growth_increment_50",12,12.1116109380058,0.100361107402298,11.9144581901515,12.1108615848319,12.3161905929198,TRUE,1.11209352800792,"parent_excitation_dense",5,"recursive_gamma_poisson","growth"
"growth_increment_80",8.4,8.49812808914855,0.0665685164101513,8.36524483865111,8.49867357500147,8.6231224636199,TRUE,1.47409157422037,"parent_excitation_dense",5,"recursive_gamma_poisson","growth"
"growth_increment_110",4.8,4.8846452402913,0.0604655975077184,4.77017919307409,4.88424501769327,5.00062027455093,TRUE,1.39989090954557,"parent_excitation_dense",5,"recursive_gamma_poisson","growth"
"growth_sd.log_growth_sd",4.5,4.31541631897156,0.0646098994988073,4.20149101037525,4.30950419376906,4.44889313734711,FALSE,-2.85689472449725,"parent_excitation_dense",5,"recursive_gamma_poisson","growth"
"recruitment_50",0.019387103915861,0.0186381383573085,0.000873690447581859,0.0170381903708794,0.0186590250273203,0.0204488511196806,TRUE,-0.857243616003166,"parent_excitation_dense",5,"recursive_gamma_poisson","recruitment"
"recruitment_80",0.183939720585721,0.178864011796099,0.00539733679263195,0.169356399478491,0.178982648384188,0.189990058735594,TRUE,-0.940409869651183,"parent_excitation_dense",5,"recursive_gamma_poisson","recruitment"
"recruitment_110",1.74517147873092,1.71701266009214,0.0259013682729382,1.66915434791861,1.71841290492164,1.76614120500939,TRUE,-1.08715564143387,"parent_excitation_dense",5,"recursive_gamma_poisson","recruitment"
"recruit_mean_50",44,43.855296624808,0.186378574679377,43.4958946302029,43.8563717422188,44.2282743293488,TRUE,-0.776394901833174,"parent_excitation_dense",5,"recursive_gamma_poisson","recruit_size"
"recruit_mean_80",44.6,44.5005639863019,0.11966876780071,44.2731827155011,44.4990791827122,44.7399658190842,TRUE,-0.830927029045211,"parent_excitation_dense",5,"recursive_gamma_poisson","recruit_size"
"recruit_mean_110",45.2,45.1458313477957,0.0572970496792516,45.0364859253896,45.1443650654783,45.2578350492559,TRUE,-0.945400374146729,"parent_excitation_dense",5,"recursive_gamma_poisson","recruit_size"
"recruit_sd.log_recruit_sd",3.5,3.50620501575516,0.0220514031777238,3.46472891444784,3.50639246433023,3.55231196869897,TRUE,0.28138870370981,"parent_excitation_dense",5,"recursive_gamma_poisson","recruit_size"
"lambda",1.03119869581319,1.03285559135176,0.00691708693486536,1.01955731410985,1.03300814585329,1.04672036119992,TRUE,0.239536607559091,"parent_excitation_dense",5,"recursive_gamma_poisson","lambda"
"survival_50",0.354343693774205,0.345533636876516,0.00687591963852344,0.334167406638273,0.345206154888353,0.360066214231598,TRUE,-1.28129142876088,"parent_excitation_dense",5,"one_step_gamma_poisson","survival"
"survival_80",0.589040434058665,0.583539410876008,0.010485814334863,0.563641591838072,0.583408304138283,0.603892732686952,TRUE,-0.524615733884143,"parent_excitation_dense",5,"one_step_gamma_poisson","survival"
"survival_110",0.789181706522253,0.78786621566918,0.0129223200167661,0.762137763561526,0.787836765844541,0.810591913305057,TRUE,-0.101799897492566,"parent_excitation_dense",5,"one_step_gamma_poisson","survival"
"growth_increment_50",12,12.0858521058942,0.117440724668272,11.8316633884853,12.0892865564493,12.3043455806931,TRUE,0.731025001222704,"parent_excitation_dense",5,"one_step_gamma_poisson","growth"
"growth_increment_80",8.4,8.48223871684501,0.0812317633286988,8.32819068647529,8.48303095807219,8.65876709127633,TRUE,1.0123960563584,"parent_excitation_dense",5,"one_step_gamma_poisson","growth"
"growth_increment_110",4.8,4.8786253277958,0.0878985541585579,4.70483554350582,4.8795638770549,5.05784099097903,TRUE,0.89450080889801,"parent_excitation_dense",5,"one_step_gamma_poisson","growth"
"growth_sd.log_growth_sd",4.5,4.31013600630452,0.0752139906336536,4.1714320245346,4.30721772611063,4.46200924649931,FALSE,-2.52431751188753,"parent_excitation_dense",5,"one_step_gamma_poisson","growth"
"recruitment_50",0.019387103915861,0.018566970439312,0.000902080597881061,0.0169041611993882,0.0185316097549171,0.0205305384195399,TRUE,-0.909157650076313,"parent_excitation_dense",5,"one_step_gamma_poisson","recruitment"
"recruitment_80",0.183939720585721,0.178607530051019,0.00545836190393619,0.168528368748142,0.178485349775823,0.19046672218645,TRUE,-0.9768847556364,"parent_excitation_dense",5,"one_step_gamma_poisson","recruitment"
"recruitment_110",1.74517147873092,1.71872334324955,0.0240260925577638,1.67131588124707,1.7196728522865,1.76908239085348,TRUE,-1.10080885677856,"parent_excitation_dense",5,"one_step_gamma_poisson","recruitment"
"recruit_mean_50",44,43.939480192138,0.175536193794406,43.604055871359,43.9390363332871,44.2888108002447,TRUE,-0.344771107051114,"parent_excitation_dense",5,"one_step_gamma_poisson","recruit_size"
"recruit_mean_80",44.6,44.5541404242682,0.112879393984765,44.3392750102617,44.5560320160267,44.7796297594402,TRUE,-0.406270569967425,"parent_excitation_dense",5,"one_step_gamma_poisson","recruit_size"
"recruit_mean_110",45.2,45.1688006563986,0.0541712447977589,45.0676245936181,45.1683288960654,45.2798591438431,TRUE,-0.575939203869278,"parent_excitation_dense",5,"one_step_gamma_poisson","recruit_size"
"recruit_sd.log_recruit_sd",3.5,3.5104471790082,0.0211228441599561,3.47123546103171,3.5104195988825,3.55041058501525,TRUE,0.494591491992707,"parent_excitation_dense",5,"one_step_gamma_poisson","recruit_size"
"lambda",1.03119869581319,1.02969535676934,0.0121229331490824,1.00570517623681,1.02995348994616,1.05268471454997,TRUE,-0.124007863886063,"parent_excitation_dense",5,"one_step_gamma_poisson","lambda"
"survival_50",0.354343693774205,0.341844596957974,0.00683853769803549,0.328509121513037,0.342004751944868,0.357702507803929,TRUE,-1.82774408333256,"parent_excitation_dense",5,"one_step_shared_gamma_poisson","survival"
"survival_80",0.589040434058665,0.582093594789163,0.0111529623938408,0.563572545074895,0.581105622833302,0.604634691065429,TRUE,-0.62286942465959,"parent_excitation_dense",5,"one_step_shared_gamma_poisson","survival"
"survival_110",0.789181706522253,0.788583671467413,0.0135498673711842,0.762286909979226,0.788055646172591,0.814132960304019,TRUE,-0.0441358604079071,"parent_excitation_dense",5,"one_step_shared_gamma_poisson","survival"
"growth_increment_50",12,12.1133301008095,0.105019327934877,11.9072809989627,12.1169040944612,12.3198838809629,TRUE,1.07913565091372,"parent_excitation_dense",5,"one_step_shared_gamma_poisson","growth"
"growth_increment_80",8.4,8.49748206002011,0.0712120572889656,8.35724665944852,8.49558860375487,8.63261670704987,TRUE,1.36889824183206,"parent_excitation_dense",5,"one_step_shared_gamma_poisson","growth"
"growth_increment_110",4.8,4.8816340192307,0.079948273278374,4.7368171358624,4.87928209992208,5.04779677047312,TRUE,1.02108545792422,"parent_excitation_dense",5,"one_step_shared_gamma_poisson","growth"
"growth_sd.log_growth_sd",4.5,4.30016311005655,0.0718236589562543,4.16245630779083,4.29851508832874,4.43749593307616,FALSE,-2.78232678267145,"parent_excitation_dense",5,"one_step_shared_gamma_poisson","growth"
"recruitment_50",0.019387103915861,0.018541208192355,0.000958603294196517,0.0167945352369281,0.0184932453732287,0.0204138433998311,TRUE,-0.88242522076354,"parent_excitation_dense",5,"one_step_shared_gamma_poisson","recruitment"
"recruitment_80",0.183939720585721,0.178514088828256,0.00584899404073522,0.167766312459677,0.178573613588314,0.189728679858141,TRUE,-0.92761793219122,"parent_excitation_dense",5,"one_step_shared_gamma_poisson","recruitment"
"recruitment_110",1.74517147873092,1.71938207563556,0.0264642722524087,1.67185794984677,1.71885684878261,1.76675305387839,TRUE,-0.97449885828666,"parent_excitation_dense",5,"one_step_shared_gamma_poisson","recruitment"
"recruit_mean_50",44,43.9084790458337,0.171163246731377,43.5898763514445,43.9086305679802,44.2357397200492,TRUE,-0.534699802171748,"parent_excitation_dense",5,"one_step_shared_gamma_poisson","recruit_size"
"recruit_mean_80",44.6,44.5345344390184,0.110420764954527,44.3262254198818,44.5349451501541,44.7511708740061,TRUE,-0.592873641190673,"parent_excitation_dense",5,"one_step_shared_gamma_poisson","recruit_size"
"recruit_mean_110",45.2,45.1605898322029,0.0517113172818068,45.0619312600661,45.15919293491,45.255684221224,TRUE,-0.762118813998034,"parent_excitation_dense",5,"one_step_shared_gamma_poisson","recruit_size"
"recruit_sd.log_recruit_sd",3.5,3.51033413035054,0.0192005432603104,3.47344114448824,3.5105330916592,3.54544345231817,TRUE,0.538220726905273,"parent_excitation_dense",5,"one_step_shared_gamma_poisson","recruit_size"
"lambda",1.03119869581319,1.02954378757017,0.0127101258480208,1.00629370447593,1.02889157265402,1.05377443979886,TRUE,-0.130203922668535,"parent_excitation_dense",5,"one_step_shared_gamma_poisson","lambda"
"survival_50",0.354343693774205,0.360538722911293,0.0135244879385338,0.3325133167042,0.361763321279364,0.385389724108274,TRUE,0.458060162073706,"parent_excitation_sparse",6,"recursive_gamma_poisson","survival"
"survival_80",0.589040434058665,0.600511630305086,0.0136591943336972,0.572267841604617,0.601772023148136,0.624760490037574,TRUE,0.839814996856842,"parent_excitation_sparse",6,"recursive_gamma_poisson","survival"
"survival_110",0.789181706522253,0.800042082025229,0.0154851471774793,0.76976309060436,0.800866863113738,0.826418173024208,TRUE,0.701341445354206,"parent_excitation_sparse",6,"recursive_gamma_poisson","survival"
"growth_increment_50",12,12.1024483286601,0.192946936941207,11.7122995056218,12.095953831378,12.4781468295619,TRUE,0.530966338643414,"parent_excitation_sparse",6,"recursive_gamma_poisson","growth"
"growth_increment_80",8.4,8.49356488018473,0.131255839897671,8.24607768090262,8.49100183764412,8.74332472393944,TRUE,0.712843560009818,"parent_excitation_sparse",6,"recursive_gamma_poisson","growth"
"growth_increment_110",4.8,4.88468143170934,0.122935563891827,4.65712977372251,4.88987222144702,5.12966229336905,TRUE,0.688827781225737,"parent_excitation_sparse",6,"recursive_gamma_poisson","growth"
"growth_sd.log_growth_sd",4.5,4.24019491384976,0.107455427744195,4.03327272808257,4.2388438177203,4.46184327281147,FALSE,-2.41779397843661,"parent_excitation_sparse",6,"recursive_gamma_poisson","growth"
"recruitment_50",0.019387103915861,0.0282414503695229,0.00239574802276271,0.0236656075100986,0.0281588445070505,0.0328106163499458,FALSE,3.69585881717697,"parent_excitation_sparse",6,"recursive_gamma_poisson","recruitment"
"recruitment_80",0.183939720585721,0.223503931580761,0.0123376686770083,0.200084694082501,0.223545151527692,0.247864627608106,FALSE,3.2067817697819,"parent_excitation_sparse",6,"recursive_gamma_poisson","recruitment"
"recruitment_110",1.74517147873092,1.77048999568657,0.0490431099416467,1.67584185898792,1.77241565567078,1.87116683567438,TRUE,0.516250233432967,"parent_excitation_sparse",6,"recursive_gamma_poisson","recruitment"
"recruit_mean_50",44,43.8901649816157,0.334468777526116,43.2444808941106,43.8915369931845,44.530399022847,TRUE,-0.328386461650385,"parent_excitation_sparse",6,"recursive_gamma_poisson","recruit_size"
"recruit_mean_80",44.6,44.5222278598724,0.211408085630648,44.1238025550157,44.5291279985502,44.9173445933323,TRUE,-0.367876847735367,"parent_excitation_sparse",6,"recursive_gamma_poisson","recruit_size"
"recruit_mean_110",45.2,45.1542907381292,0.0969635614206031,44.9584322142101,45.1559742079695,45.3383420318653,TRUE,-0.471406590280869,"parent_excitation_sparse",6,"recursive_gamma_poisson","recruit_size"
"recruit_sd.log_recruit_sd",3.5,3.5167805809322,0.0424177529542179,3.43480668223187,3.51424434434288,3.60270607200744,TRUE,0.395602778636491,"parent_excitation_sparse",6,"recursive_gamma_poisson","recruit_size"
"lambda",1.03119869581319,1.03648825792291,0.0140896304333823,1.00708956886455,1.03786621143172,1.06130520591369,TRUE,0.375422345868157,"parent_excitation_sparse",6,"recursive_gamma_poisson","lambda"
"survival_50",0.354343693774205,0.367249639544437,0.0144321299615342,0.340895436811762,0.366991188850217,0.39619789320326,TRUE,0.894250939024975,"parent_excitation_sparse",6,"one_step_gamma_poisson","survival"
"survival_80",0.589040434058665,0.605213171732581,0.0231262473340027,0.562483627786895,0.607247502795724,0.650548209020684,TRUE,0.69932390847248,"parent_excitation_sparse",6,"one_step_gamma_poisson","survival"
"survival_110",0.789181706522253,0.80078405479741,0.0287803816217836,0.744019441747895,0.80374408819304,0.849366239303286,TRUE,0.403133927396432,"parent_excitation_sparse",6,"one_step_gamma_poisson","survival"
"growth_increment_50",12,11.8987527597643,0.257477573495429,11.4034014395803,11.9024716465375,12.4215273374333,TRUE,-0.393227413406292,"parent_excitation_sparse",6,"one_step_gamma_poisson","growth"
"growth_increment_80",8.4,8.41941689656776,0.178191591226551,8.08413360845096,8.43047441204537,8.74107980783545,TRUE,0.108966402028881,"parent_excitation_sparse",6,"one_step_gamma_poisson","growth"
"growth_increment_110",4.8,4.94008103337124,0.179459966498135,4.61095178356925,4.9466383532814,5.27109926539691,TRUE,0.780569817908107,"parent_excitation_sparse",6,"one_step_gamma_poisson","growth"
"growth_sd.log_growth_sd",4.5,4.36007424851474,0.141907743649087,4.08957902553886,4.35526685334571,4.65005714848975,TRUE,-0.986033234601127,"parent_excitation_sparse",6,"one_step_gamma_poisson","growth"
"recruitment_50",0.019387103915861,0.0229657626782541,0.00265072100209491,0.0181965559977568,0.023015561719665,0.0285271309806005,TRUE,1.35006994684269,"parent_excitation_sparse",6,"one_step_gamma_poisson","recruitment"
"recruitment_80",0.183939720585721,0.200074528894418,0.0145172954314977,0.173873866575814,0.200540692779055,0.229421300151566,TRUE,1.11141971208288,"parent_excitation_sparse",6,"one_step_gamma_poisson","recruitment"
"recruitment_110",1.74517147873092,1.74644871864942,0.0594359057842757,1.62417609626569,1.75257926127923,1.85344198236181,TRUE,0.02148936575701,"parent_excitation_sparse",6,"one_step_gamma_poisson","recruitment"
"recruit_mean_50",44,44.0121156108982,0.391099114834342,43.2650350050567,44.013749324838,44.7904056863809,TRUE,0.0309783644059013,"parent_excitation_sparse",6,"one_step_gamma_poisson","recruit_size"
"recruit_mean_80",44.6,44.5829277106549,0.245511505788075,44.1197362643834,44.5841221815939,45.0768525589579,TRUE,-0.0695376344594781,"parent_excitation_sparse",6,"one_step_gamma_poisson","recruit_size"
"recruit_mean_110",45.2,45.1537398104117,0.111780086295465,44.9451866579298,45.1537087627358,45.3792739951707,TRUE,-0.413850007827511,"parent_excitation_sparse",6,"one_step_gamma_poisson","recruit_size"
"recruit_sd.log_recruit_sd",3.5,3.5071068094075,0.0507938777549859,3.41220034164742,3.50470527590241,3.60326483723406,TRUE,0.139914685029206,"parent_excitation_sparse",6,"one_step_gamma_poisson","recruit_size"
"lambda",1.03119869581319,1.04432951870538,0.0263515502186052,0.992200083764321,1.04690878556941,1.09292626278686,TRUE,0.49829413386545,"parent_excitation_sparse",6,"one_step_gamma_poisson","lambda"
"survival_50",0.354343693774205,0.348730483357982,0.0149043905069622,0.318618592636928,0.348764827179123,0.376711349414471,TRUE,-0.37661455620079,"parent_excitation_sparse",6,"one_step_shared_gamma_poisson","survival"
"survival_80",0.589040434058665,0.600914540920986,0.0273504024769041,0.542005400571206,0.602248415984187,0.650561291574977,TRUE,0.434147426983841,"parent_excitation_sparse",6,"one_step_shared_gamma_poisson","survival"
"survival_110",0.789181706522253,0.807611009993903,0.03083640439403,0.739516375801143,0.809374969366358,0.861080943016862,TRUE,0.597647612742354,"parent_excitation_sparse",6,"one_step_shared_gamma_poisson","survival"
"growth_increment_50",12,11.9961622191402,0.206927693816345,11.6466702660598,11.9861755776929,12.4212968012499,TRUE,-0.0185464825370599,"parent_excitation_sparse",6,"one_step_shared_gamma_poisson","growth"
"growth_increment_80",8.4,8.46901314553265,0.143097148228123,8.1741973290729,8.46872304184768,8.74471943347183,TRUE,0.482281767227307,"parent_excitation_sparse",6,"one_step_shared_gamma_poisson","growth"
"growth_increment_110",4.8,4.94186407192511,0.162309792811495,4.62337989753904,4.94080530665562,5.24779800060033,TRUE,0.874032733748028,"parent_excitation_sparse",6,"one_step_shared_gamma_poisson","growth"
"growth_sd.log_growth_sd",4.5,4.3340151568684,0.135811478999071,4.07266874190247,4.33804660558564,4.57303308791217,TRUE,-1.22217094132914,"parent_excitation_sparse",6,"one_step_shared_gamma_poisson","growth"
"recruitment_50",0.019387103915861,0.0225451838202951,0.0024435207568073,0.0179868643152174,0.0224274973634388,0.0276969261420979,TRUE,1.29243015253138,"parent_excitation_sparse",6,"one_step_shared_gamma_poisson","recruitment"
"recruitment_80",0.183939720585721,0.199425005812399,0.0137896105779111,0.172319872399946,0.199298357366208,0.230259273231024,TRUE,1.12296755149,"parent_excitation_sparse",6,"one_step_shared_gamma_poisson","recruitment"
"recruitment_110",1.74517147873092,1.7670768245429,0.0634266302444503,1.64089605790521,1.76681136902346,1.90105555247278,TRUE,0.345365120731688,"parent_excitation_sparse",6,"one_step_shared_gamma_poisson","recruitment"
"recruit_mean_50",44,43.8175570459432,0.325338566279689,43.2154187938588,43.7905626702096,44.5094551919752,TRUE,-0.560778748560406,"parent_excitation_sparse",6,"one_step_shared_gamma_poisson","recruit_size"
"recruit_mean_80",44.6,44.482948918087,0.21069750757038,44.0982824036088,44.4623641502725,44.9383214882202,TRUE,-0.555540894919657,"parent_excitation_sparse",6,"one_step_shared_gamma_poisson","recruit_size"
"recruit_mean_110",45.2,45.1483407902307,0.101105714887738,44.9638152278882,45.1446720002395,45.3479285803494,TRUE,-0.510942530070488,"parent_excitation_sparse",6,"one_step_shared_gamma_poisson","recruit_size"
"recruit_sd.log_recruit_sd",3.5,3.5212332975522,0.0385511257129045,3.45162052076509,3.51803457698142,3.59490976907375,TRUE,0.550782815275727,"parent_excitation_sparse",6,"one_step_shared_gamma_poisson","recruit_size"
"lambda",1.03119869581319,1.04701258090015,0.0294974760841577,0.979987678408213,1.04894062671833,1.09893323480848,TRUE,0.536109768911822,"parent_excitation_sparse",6,"one_step_shared_gamma_poisson","lambda"
"survival_50",0.354343693774205,0.356447051974394,0.00753601976167107,0.341071706431765,0.35720490610194,0.371318644780714,TRUE,0.279107309522694,"parent_excitation_dense",6,"recursive_gamma_poisson","survival"
"survival_80",0.589040434058665,0.598214240309063,0.00705098047485617,0.584756898153331,0.598116980099169,0.612295280077254,TRUE,1.30106816819475,"parent_excitation_dense",6,"recursive_gamma_poisson","survival"
"survival_110",0.789181706522253,0.80003068128242,0.00782902338016309,0.78456284958234,0.79971730747274,0.816248966275192,TRUE,1.38573794372051,"parent_excitation_dense",6,"recursive_gamma_poisson","survival"
"growth_increment_50",12,11.7487318843648,0.107833693337725,11.5422483627034,11.7493963248741,11.9569008095525,FALSE,-2.3301447614178,"parent_excitation_dense",6,"recursive_gamma_poisson","growth"
"growth_increment_80",8.4,8.21449402721761,0.069904573986407,8.08162034456837,8.21332650334566,8.34695022433628,FALSE,-2.65370292963179,"parent_excitation_dense",6,"recursive_gamma_poisson","growth"
"growth_increment_110",4.8,4.68025617007044,0.0585438396168789,4.5638908265677,4.68102040649683,4.79135562818386,FALSE,-2.04537028512624,"parent_excitation_dense",6,"recursive_gamma_poisson","growth"
"growth_sd.log_growth_sd",4.5,4.31278647890711,0.059865073963323,4.20375218425984,4.31040604233793,4.42432685043855,FALSE,-3.12725782661845,"parent_excitation_dense",6,"recursive_gamma_poisson","growth"
"recruitment_50",0.019387103915861,0.0225992962553623,0.00100558579835599,0.0207745223568683,0.0225472228705183,0.024633074744846,FALSE,3.19434934816384,"parent_excitation_dense",6,"recursive_gamma_poisson","recruitment"
"recruitment_80",0.183939720585721,0.198585992251934,0.00562651835531212,0.188239208913492,0.198259855000967,0.21029371036217,FALSE,2.60307898087363,"parent_excitation_dense",6,"recursive_gamma_poisson","recruitment"
"recruitment_110",1.74517147873092,1.74551517198251,0.0240897709863161,1.70115985738977,1.74606384561781,1.79549706822746,TRUE,0.01426718634177,"parent_excitation_dense",6,"recursive_gamma_poisson","recruitment"
"recruit_mean_50",44,43.9279118147974,0.17729963446336,43.5671989499949,43.9308904504226,44.2598997639181,TRUE,-0.406589587287011,"parent_excitation_dense",6,"recursive_gamma_poisson","recruit_size"
"recruit_mean_80",44.6,44.5605321542264,0.112832600879343,44.3206621879262,44.5634638588134,44.7726339790447,TRUE,-0.349791154914322,"parent_excitation_dense",6,"recursive_gamma_poisson","recruit_size"
"recruit_mean_110",45.2,45.1931524936555,0.0529494482004834,45.0847842305418,45.1928819652748,45.2900451677021,TRUE,-0.129321580812888,"parent_excitation_dense",6,"recursive_gamma_poisson","recruit_size"
"recruit_sd.log_recruit_sd",3.5,3.48954249040827,0.0231972478574647,3.44279183716162,3.48998829897434,3.52976345391947,TRUE,-0.450808201730852,"parent_excitation_dense",6,"recursive_gamma_poisson","recruit_size"
"lambda",1.03119869581319,1.03133297905863,0.00705364632353714,1.01769518385375,1.03128997384591,1.04472369884289,TRUE,0.0190374225300854,"parent_excitation_dense",6,"recursive_gamma_poisson","lambda"
"survival_50",0.354343693774205,0.35412382571979,0.00706204798454762,0.34069105602446,0.354279956938774,0.367469201631326,TRUE,-0.03113375254544,"parent_excitation_dense",6,"one_step_gamma_poisson","survival"
"survival_80",0.589040434058665,0.599054752497509,0.010654529323359,0.579859834490612,0.598819100196935,0.620075655711799,TRUE,0.939911856724491,"parent_excitation_dense",6,"one_step_gamma_poisson","survival"
"survival_110",0.789181706522253,0.802579577011552,0.0130406188965842,0.776998007027257,0.803106465988696,0.827987069820945,TRUE,1.02739529431449,"parent_excitation_dense",6,"one_step_gamma_poisson","survival"
"growth_increment_50",12,11.7889038881878,0.122589629895535,11.5533114776333,11.787970690216,12.026429025368,TRUE,-1.72197364485167,"parent_excitation_dense",6,"one_step_gamma_poisson","growth"
"growth_increment_80",8.4,8.23999449590743,0.08000214998061,8.08697520596706,8.23972501975866,8.39953091703197,FALSE,-2.00001505123736,"parent_excitation_dense",6,"one_step_gamma_poisson","growth"
"growth_increment_110",4.8,4.69108510362708,0.0883648945475012,4.52326666827245,4.68413258490312,4.85495419775731,TRUE,-1.23255843772179,"parent_excitation_dense",6,"one_step_gamma_poisson","growth"
"growth_sd.log_growth_sd",4.5,4.31768916871514,0.0707945905504041,4.18375472678945,4.31526118641693,4.46846366864023,FALSE,-2.57520849922931,"parent_excitation_dense",6,"one_step_gamma_poisson","growth"
"recruitment_50",0.019387103915861,0.0233103657649985,0.0011808359475035,0.0212329004724693,0.023230519360773,0.0257623108656666,FALSE,3.32244445761659,"parent_excitation_dense",6,"one_step_gamma_poisson","recruitment"
"recruitment_80",0.183939720585721,0.20246550825786,0.00641381981431593,0.190894205103298,0.202156440698834,0.215514816185362,FALSE,2.88841723161427,"parent_excitation_dense",6,"one_step_gamma_poisson","recruitment"
"recruitment_110",1.74517147873092,1.75920123972395,0.0250374583670637,1.71275195325597,1.75903423217783,1.80652221018891,TRUE,0.560350846613174,"parent_excitation_dense",6,"one_step_gamma_poisson","recruitment"
"recruit_mean_50",44,43.9624673597298,0.180641797685328,43.6440114592464,43.9539553494241,44.3382696165367,TRUE,-0.207773841663961,"parent_excitation_dense",6,"one_step_gamma_poisson","recruit_size"
"recruit_mean_80",44.6,44.5832643200835,0.117003400956804,44.3783144008397,44.575849669336,44.8247028712098,TRUE,-0.143035841519141,"parent_excitation_dense",6,"one_step_gamma_poisson","recruit_size"
"recruit_mean_110",45.2,45.2040612804372,0.0570001230141071,45.0988992965095,45.2006771624985,45.3241054452893,TRUE,0.071250380217117,"parent_excitation_dense",6,"one_step_gamma_poisson","recruit_size"
"recruit_sd.log_recruit_sd",3.5,3.49020841400195,0.0232022977700658,3.44388632423196,3.49071095389489,3.53576298809818,TRUE,-0.422009324037105,"parent_excitation_dense",6,"one_step_gamma_poisson","recruit_size"
"lambda",1.03119869581319,1.03329085168698,0.0117756757808193,1.0105972372605,1.0330255487915,1.0573444121554,TRUE,0.177667584665793,"parent_excitation_dense",6,"one_step_gamma_poisson","lambda"
"survival_50",0.354343693774205,0.355529936246672,0.00676188632170817,0.343959624437511,0.35500340801984,0.368694449678779,TRUE,0.175430703213509,"parent_excitation_dense",6,"one_step_shared_gamma_poisson","survival"
"survival_80",0.589040434058665,0.596654656192797,0.0109104381304166,0.576011983055575,0.596777176681822,0.618311799575306,TRUE,0.697884176887885,"parent_excitation_dense",6,"one_step_shared_gamma_poisson","survival"
"survival_110",0.789181706522253,0.798429752633837,0.0129304322788929,0.771646812353439,0.7989901303931,0.824137642786383,TRUE,0.715215540526038,"parent_excitation_dense",6,"one_step_shared_gamma_poisson","survival"
"growth_increment_50",12,11.8037955576905,0.114916600001235,11.5608072672208,11.8114939253955,12.016312679699,TRUE,-1.70736379519914,"parent_excitation_dense",6,"one_step_shared_gamma_poisson","growth"
"growth_increment_80",8.4,8.24682095628646,0.0784375635748175,8.10934472324685,8.24333950113304,8.40060261931607,TRUE,-1.95287865574037,"parent_excitation_dense",6,"one_step_shared_gamma_poisson","growth"
"growth_increment_110",4.8,4.68984635488241,0.0878518753820642,4.53310956766724,4.68946220320061,4.86880509002488,TRUE,-1.25385650150937,"parent_excitation_dense",6,"one_step_shared_gamma_poisson","growth"
"growth_sd.log_growth_sd",4.5,4.32066778606873,0.0677157112903598,4.18610494247859,4.3208154303071,4.45275674964776,FALSE,-2.64831027414467,"parent_excitation_dense",6,"one_step_shared_gamma_poisson","growth"
"recruitment_50",0.019387103915861,0.0227783262049292,0.00115267671296873,0.020590942267177,0.0227622348975293,0.0249626295447551,FALSE,2.942041121256,"parent_excitation_dense",6,"one_step_shared_gamma_poisson","recruitment"
"recruitment_80",0.183939720585721,0.199614347677005,0.00633513406747149,0.187447540741875,0.199510483067303,0.211975909872322,FALSE,2.47423762849271,"parent_excitation_dense",6,"one_step_shared_gamma_poisson","recruitment"
"recruitment_110",1.74517147873092,1.74995993775662,0.0257925018367608,1.69839190773456,1.74960075259474,1.7973254591321,TRUE,0.18565314276229,"parent_excitation_dense",6,"one_step_shared_gamma_poisson","recruitment"
"recruit_mean_50",44,43.9699925147364,0.157430037941149,43.6318443261245,43.9772711387835,44.2480064071263,TRUE,-0.190608384880096,"parent_excitation_dense",6,"one_step_shared_gamma_poisson","recruit_size"
"recruit_mean_80",44.6,44.5900227409052,0.101237299434773,44.3764709851926,44.5927698159291,44.7675225903663,TRUE,-0.098553192849601,"parent_excitation_dense",6,"one_step_shared_gamma_poisson","recruit_size"
"recruit_mean_110",45.2,45.210052967074,0.047516169808231,45.1208933723356,45.2100535883902,45.2975671596966,TRUE,0.211569390262996,"parent_excitation_dense",6,"one_step_shared_gamma_poisson","recruit_size"
"recruit_sd.log_recruit_sd",3.5,3.48620054654588,0.0195657158927008,3.44896849208244,3.48681340763814,3.52521851728592,TRUE,-0.705287428775586,"parent_excitation_dense",6,"one_step_shared_gamma_poisson","recruit_size"
"lambda",1.03119869581319,1.03035875240739,0.0123716394809245,1.00623939025709,1.03103946688932,1.05242623087718,TRUE,-0.067892651341889,"parent_excitation_dense",6,"one_step_shared_gamma_poisson","lambda"
"survival_50",0.354343693774205,0.337877663707828,0.0148661306708958,0.309756701609924,0.337994301394078,0.365094124029752,TRUE,-1.10762043136165,"parent_excitation_sparse",7,"recursive_gamma_poisson","survival"
"survival_80",0.589040434058665,0.598548711988913,0.0155537788243804,0.571070958377358,0.598286293464495,0.627038887270622,TRUE,0.611316261958384,"parent_excitation_sparse",7,"recursive_gamma_poisson","survival"
"survival_110",0.789181706522253,0.812956164281932,0.0168025355100554,0.779757259361762,0.814169450471421,0.843121549041222,TRUE,1.41493274901587,"parent_excitation_sparse",7,"recursive_gamma_poisson","survival"
"growth_increment_50",12,11.9665236999007,0.213507495965838,11.5323632409628,11.9848368487949,12.3526674812268,TRUE,-0.156792153586168,"parent_excitation_sparse",7,"recursive_gamma_poisson","growth"
"growth_increment_80",8.4,8.39488719792364,0.135584581747314,8.11291002938098,8.41319852887552,8.6441120473889,TRUE,-0.0377093177591875,"parent_excitation_sparse",7,"recursive_gamma_poisson","growth"
"growth_increment_110",4.8,4.82325069594657,0.121923160238792,4.5955907576205,4.81972823693981,5.06509871094841,TRUE,0.190699584074356,"parent_excitation_sparse",7,"recursive_gamma_poisson","growth"
"growth_sd.log_growth_sd",4.5,4.3960141614043,0.122296811684247,4.16565909226321,4.38797685846838,4.66837171656488,TRUE,-0.850274321657544,"parent_excitation_sparse",7,"recursive_gamma_poisson","growth"
"recruitment_50",0.019387103915861,0.0171725516375491,0.001589383184477,0.0140906722324059,0.0172314110231485,0.0204227168817655,TRUE,-1.39334069967566,"parent_excitation_sparse",7,"recursive_gamma_poisson","recruitment"
"recruitment_80",0.183939720585721,0.17392988289135,0.0103297549453767,0.152742920080055,0.174594682360926,0.192859297052012,TRUE,-0.969029541097841,"parent_excitation_sparse",7,"recursive_gamma_poisson","recruitment"
"recruitment_110",1.74517147873092,1.76379598323074,0.0523466509338372,1.65250406112386,1.7649817462425,1.85111906201462,TRUE,0.355791710979865,"parent_excitation_sparse",7,"recursive_gamma_poisson","recruitment"
"recruit_mean_50",44,43.9831869715264,0.378932994837927,43.2637850973796,44.0005270590418,44.6498830762794,TRUE,-0.0443693969716328,"parent_excitation_sparse",7,"recursive_gamma_poisson","recruit_size"
"recruit_mean_80",44.6,44.6077446907642,0.241948241452972,44.1414821488615,44.6199381090333,45.0467203273645,TRUE,0.0320097005777963,"parent_excitation_sparse",7,"recursive_gamma_poisson","recruit_size"
"recruit_mean_110",45.2,45.2323024100022,0.112787595691048,45.0109693294035,45.2301061678799,45.4476442116584,TRUE,0.286400377668057,"parent_excitation_sparse",7,"recursive_gamma_poisson","recruit_size"
"recruit_sd.log_recruit_sd",3.5,3.45277591990914,0.0469411604772379,3.36525031904998,3.45254351235625,3.54681291627016,TRUE,-1.00602711161692,"parent_excitation_sparse",7,"recursive_gamma_poisson","recruit_size"
"lambda",1.03119869581319,1.05110631882931,0.0149549479967656,1.01917037091374,1.05219278031386,1.0790548534358,TRUE,1.33117300176654,"parent_excitation_sparse",7,"recursive_gamma_poisson","lambda"
"survival_50",0.354343693774205,0.329956166784341,0.0151295145737801,0.297118753380118,0.33009686954531,0.362224510428358,TRUE,-1.61191734678174,"parent_excitation_sparse",7,"one_step_gamma_poisson","survival"
"survival_80",0.589040434058665,0.599324519030285,0.0232846856666597,0.558590494847225,0.600691915649475,0.644726730127934,TRUE,0.441667331002263,"parent_excitation_sparse",7,"one_step_gamma_poisson","survival"
"survival_110",0.789181706522253,0.818425331314462,0.0272485429947294,0.763231841736546,0.820703306535225,0.866242343346581,TRUE,1.07321792573884,"parent_excitation_sparse",7,"one_step_gamma_poisson","survival"
"growth_increment_50",12,11.9822128259174,0.262590180738542,11.4581505257867,11.9918282468641,12.4956991784693,TRUE,-0.0677373922838118,"parent_excitation_sparse",7,"one_step_gamma_poisson","growth"
"growth_increment_80",8.4,8.4298765896449,0.17294548587153,8.08765357424093,8.43326324428209,8.74411125994236,TRUE,0.172751485789545,"parent_excitation_sparse",7,"one_step_gamma_poisson","growth"
"growth_increment_110",4.8,4.87754035337239,0.175739551191104,4.52527813804189,4.88733682268545,5.22134641423044,TRUE,0.441223121641353,"parent_excitation_sparse",7,"one_step_gamma_poisson","growth"
"growth_sd.log_growth_sd",4.5,4.40791583748594,0.145706898091933,4.11524474206336,4.39954966483028,4.71234999129988,TRUE,-0.631982175998012,"parent_excitation_sparse",7,"one_step_gamma_poisson","growth"
"recruitment_50",0.019387103915861,0.016215984935644,0.00182377859722477,0.0129701507227876,0.0161648822977818,0.0201736239051751,TRUE,-1.73876312894696,"parent_excitation_sparse",7,"one_step_gamma_poisson","recruitment"
"recruitment_80",0.183939720585721,0.164431871345221,0.0114451520704004,0.144762947511222,0.163687002308513,0.188730954512997,TRUE,-1.70446396172852,"parent_excitation_sparse",7,"one_step_gamma_poisson","recruitment"
"recruitment_110",1.74517147873092,1.67060603003995,0.0533080933194794,1.57382797565642,1.66851112785187,1.78825795616335,TRUE,-1.39876412844277,"parent_excitation_sparse",7,"one_step_gamma_poisson","recruitment"
"recruit_mean_50",44,43.9835517221959,0.393622273150658,43.2042964851771,43.9934977748066,44.7496687192569,TRUE,-0.0417869590368299,"parent_excitation_sparse",7,"one_step_gamma_poisson","recruit_size"
"recruit_mean_80",44.6,44.6205064113208,0.249680933258567,44.1404856136212,44.6331199428632,45.1107416262485,TRUE,0.0821304656834417,"parent_excitation_sparse",7,"one_step_gamma_poisson","recruit_size"
"recruit_mean_110",45.2,45.2574611004458,0.115629410076993,45.0360982699609,45.2602460895532,45.4704789093589,TRUE,0.496941914756214,"parent_excitation_sparse",7,"one_step_gamma_poisson","recruit_size"
"recruit_sd.log_recruit_sd",3.5,3.47211064214449,0.0484637285399747,3.37648879135314,3.47126133407267,3.56650606409275,TRUE,-0.575468679272384,"parent_excitation_sparse",7,"one_step_gamma_poisson","recruit_size"
"lambda",1.03119869581319,1.05280489180695,0.023322630495853,1.0046965654791,1.05528070842274,1.093941235893,TRUE,0.926404763716658,"parent_excitation_sparse",7,"one_step_gamma_poisson","lambda"
"survival_50",0.354343693774205,0.36395183124712,0.0189093182629186,0.326632494202604,0.363892532544566,0.407432966669591,TRUE,0.508116545468319,"parent_excitation_sparse",7,"one_step_shared_gamma_poisson","survival"
"survival_80",0.589040434058665,0.599587980737699,0.0326577309375397,0.533207107516326,0.600100317774139,0.662297534187127,TRUE,0.322972428770602,"parent_excitation_sparse",7,"one_step_shared_gamma_poisson","survival"
"survival_110",0.789181706522253,0.795030768835469,0.0366308316203185,0.72205010351528,0.797072369110558,0.85668158678163,TRUE,0.1596759356665,"parent_excitation_sparse",7,"one_step_shared_gamma_poisson","survival"
"growth_increment_50",12,11.7828619277862,0.229328955296106,11.3534253660474,11.7842777076082,12.2280812385844,TRUE,-0.946841064763874,"parent_excitation_sparse",7,"one_step_shared_gamma_poisson","growth"
"growth_increment_80",8.4,8.32478854925231,0.153330684960917,8.03545206872588,8.32394417051601,8.61239138110375,TRUE,-0.490517933620766,"parent_excitation_sparse",7,"one_step_shared_gamma_poisson","growth"
"growth_increment_110",4.8,4.86671517071838,0.160106081104945,4.5328445746562,4.88082463264781,5.14599829296429,TRUE,0.416693546291018,"parent_excitation_sparse",7,"one_step_shared_gamma_poisson","growth"
"growth_sd.log_growth_sd",4.5,4.43578487202785,0.151629456682864,4.15264286325713,4.43099682128303,4.74230228326484,TRUE,-0.423500349977902,"parent_excitation_sparse",7,"one_step_shared_gamma_poisson","growth"
"recruitment_50",0.019387103915861,0.0160523077854426,0.00210568981473719,0.0123172324425923,0.0159314385262927,0.0202101323728011,TRUE,-1.58370720467894,"parent_excitation_sparse",7,"one_step_shared_gamma_poisson","recruitment"
"recruitment_80",0.183939720585721,0.162487716739328,0.0135720801282904,0.138738980918539,0.162227794910898,0.188994260448311,TRUE,-1.58059808397958,"parent_excitation_sparse",7,"one_step_shared_gamma_poisson","recruitment"
"recruitment_110",1.74517147873092,1.64895972798853,0.072601420304075,1.51225586790135,1.64683418891378,1.79034849809779,TRUE,-1.32520480094507,"parent_excitation_sparse",7,"one_step_shared_gamma_poisson","recruitment"
"recruit_mean_50",44,44.0880948029192,0.313935983850861,43.4315415980267,44.0975480729696,44.6814421406519,TRUE,0.280613906818254,"parent_excitation_sparse",7,"one_step_shared_gamma_poisson","recruit_size"
"recruit_mean_80",44.6,44.6700792515914,0.205125042146611,44.2477375912375,44.6810462585753,45.0533111979705,TRUE,0.34164161946305,"parent_excitation_sparse",7,"one_step_shared_gamma_poisson","recruit_size"
"recruit_mean_110",45.2,45.2520637002636,0.100652417890642,45.0522946641172,45.2546897015381,45.4379459835978,TRUE,0.517262290908096,"parent_excitation_sparse",7,"one_step_shared_gamma_poisson","recruit_size"
"recruit_sd.log_recruit_sd",3.5,3.4717604394032,0.035185982702512,3.40275591268247,3.47107093043076,3.54204495481388,TRUE,-0.802579846513307,"parent_excitation_sparse",7,"one_step_shared_gamma_poisson","recruit_size"
"lambda",1.03119869581319,1.04090121894392,0.0365461223009675,0.964258785304564,1.04161528335885,1.10696274376151,TRUE,0.265487075504861,"parent_excitation_sparse",7,"one_step_shared_gamma_poisson","lambda"
"survival_50",0.354343693774205,0.365877357932491,0.00760639323328018,0.35212181856132,0.365887321662242,0.379890860680819,TRUE,1.51631184512306,"parent_excitation_dense",7,"recursive_gamma_poisson","survival"
"survival_80",0.589040434058665,0.596434669112206,0.00713218250807128,0.581825553553734,0.596637298708665,0.610418880187926,TRUE,1.03674226580332,"parent_excitation_dense",7,"recursive_gamma_poisson","survival"
"survival_110",0.789181706522253,0.790976425083542,0.00811078469989619,0.775675466054517,0.79130328882216,0.806789388611582,TRUE,0.221275576617384,"parent_excitation_dense",7,"recursive_gamma_poisson","survival"
"growth_increment_50",12,11.7154678918228,0.103162964952614,11.5219083348338,11.7116931624487,11.9039736524648,FALSE,-2.75808385604165,"parent_excitation_dense",7,"recursive_gamma_poisson","growth"
"growth_increment_80",8.4,8.14996436540728,0.0676618662004719,8.0311191638249,8.14733096347641,8.27899618208332,FALSE,-3.6953700604696,"parent_excitation_dense",7,"recursive_gamma_poisson","growth"
"growth_increment_110",4.8,4.58446083899173,0.0617535110300105,4.45967516326808,4.58662474426533,4.70210972923242,FALSE,-3.49031427384794,"parent_excitation_dense",7,"recursive_gamma_poisson","growth"
"growth_sd.log_growth_sd",4.5,4.32781302928606,0.0632344056303415,4.20163421177256,4.33007583245613,4.44443768051482,FALSE,-2.72299500560684,"parent_excitation_dense",7,"recursive_gamma_poisson","growth"
"recruitment_50",0.019387103915861,0.0174200828699896,0.000856831606685096,0.0156986378766467,0.017428322811255,0.0192193586619445,FALSE,-2.29569151105595,"parent_excitation_dense",7,"recursive_gamma_poisson","recruitment"
"recruitment_80",0.183939720585721,0.173657747379726,0.00549892133546159,0.162472054748672,0.173832601277108,0.184727090194528,TRUE,-1.86981638374945,"parent_excitation_dense",7,"recursive_gamma_poisson","recruitment"
"recruitment_110",1.74517147873092,1.73174280586102,0.0276589974828112,1.67738018327037,1.73423881310193,1.78281949420513,TRUE,-0.485508300806925,"parent_excitation_dense",7,"recursive_gamma_poisson","recruitment"
"recruit_mean_50",44,44.1262551777918,0.172586373725686,43.8018966846123,44.1323907926294,44.4741630907875,TRUE,0.731547775564667,"parent_excitation_dense",7,"recursive_gamma_poisson","recruit_size"
"recruit_mean_80",44.6,44.6730091547604,0.109930172030695,44.4617193227052,44.6781185155358,44.8936466362068,TRUE,0.664141185370177,"parent_excitation_dense",7,"recursive_gamma_poisson","recruit_size"
"recruit_mean_110",45.2,45.2197631317289,0.0518197021500411,45.1155349577962,45.2213464136085,45.3259712625689,TRUE,0.381382580542419,"parent_excitation_dense",7,"recursive_gamma_poisson","recruit_size"
"recruit_sd.log_recruit_sd",3.5,3.5031533107029,0.0246702631407501,3.46038388612854,3.50389448868558,3.55221447874775,TRUE,0.127818284098239,"parent_excitation_dense",7,"recursive_gamma_poisson","recruit_size"
"lambda",1.03119869581319,1.02788634234367,0.0074525486428515,1.01336384125626,1.02789476694479,1.04188362349307,TRUE,-0.4444591546139,"parent_excitation_dense",7,"recursive_gamma_poisson","lambda"
"survival_50",0.354343693774205,0.358620961313153,0.00736799340498793,0.345518568148939,0.358119828809157,0.374248340828331,TRUE,0.580520001015924,"parent_excitation_dense",7,"one_step_gamma_poisson","survival"
"survival_80",0.589040434058665,0.595839616780075,0.0110305568100535,0.574346529065497,0.595574481460726,0.618241627422082,TRUE,0.616395240828909,"parent_excitation_dense",7,"one_step_gamma_poisson","survival"
"survival_110",0.789181706522253,0.795155409071237,0.0131927579875091,0.767144397029915,0.795989380694483,0.820477235043111,TRUE,0.452801647285555,"parent_excitation_dense",7,"one_step_gamma_poisson","survival"
"growth_increment_50",12,11.730302079316,0.123967763176112,11.48554364871,11.7372707041287,11.9689839564133,FALSE,-2.17554881829162,"parent_excitation_dense",7,"one_step_gamma_poisson","growth"
"growth_increment_80",8.4,8.15824103602205,0.0833548959721729,7.99674024105486,8.16258289098774,8.32229700703478,FALSE,-2.90035709550469,"parent_excitation_dense",7,"one_step_gamma_poisson","growth"
"growth_increment_110",4.8,4.58617999272815,0.0856466068384888,4.40973435882165,4.58350423094924,4.76599693256268,FALSE,-2.49653798515414,"parent_excitation_dense",7,"one_step_gamma_poisson","growth"
"growth_sd.log_growth_sd",4.5,4.30135760643146,0.0718648210755553,4.15594007563704,4.30097359114524,4.44065845728876,FALSE,-2.76411171134335,"parent_excitation_dense",7,"one_step_gamma_poisson","growth"
"recruitment_50",0.019387103915861,0.0175678126339638,0.000925429994045122,0.0159746909117903,0.017583618779052,0.0194315863535132,TRUE,-1.96588752645131,"parent_excitation_dense",7,"one_step_gamma_poisson","recruitment"
"recruitment_80",0.183939720585721,0.17456758546403,0.0056994873081379,0.164450598836857,0.174788254557321,0.185990467816804,TRUE,-1.64438213737386,"parent_excitation_dense",7,"one_step_gamma_poisson","recruitment"
"recruitment_110",1.74517147873092,1.73538130478744,0.0254018161151398,1.68499629334022,1.73540040249301,1.78412161592936,TRUE,-0.385412361821146,"parent_excitation_dense",7,"one_step_gamma_poisson","recruitment"
"recruit_mean_50",44,44.1000433945725,0.189005841955855,43.7549031908629,44.0967148926257,44.4817089459666,TRUE,0.529313769020191,"parent_excitation_dense",7,"one_step_gamma_poisson","recruit_size"
"recruit_mean_80",44.6,44.660427276867,0.120397961979704,44.431132812935,44.6625140992691,44.9119241113746,TRUE,0.501896177255508,"parent_excitation_dense",7,"one_step_gamma_poisson","recruit_size"
"recruit_mean_110",45.2,45.2208111591614,0.0560830749813709,45.11652631211,45.2196005140276,45.3342704376429,TRUE,0.371077355660381,"parent_excitation_dense",7,"one_step_gamma_poisson","recruit_size"
"recruit_sd.log_recruit_sd",3.5,3.50499489216272,0.0237895970662997,3.46076384956827,3.50564557081294,3.55398979864486,TRUE,0.209961192230357,"parent_excitation_dense",7,"one_step_gamma_poisson","recruit_size"
"lambda",1.03119869581319,1.02955403578849,0.0126160203703334,1.00344254273843,1.03026541283272,1.05198874401454,TRUE,-0.130362822540446,"parent_excitation_dense",7,"one_step_gamma_poisson","lambda"
"survival_50",0.354343693774205,0.358802412669133,0.00778033790639253,0.343953692501923,0.358724018338745,0.374834715044664,TRUE,0.573075224826016,"parent_excitation_dense",7,"one_step_shared_gamma_poisson","survival"
"survival_80",0.589040434058665,0.597143582079406,0.012525766312878,0.573198945450877,0.5972115382027,0.619448474242072,TRUE,0.646918345619272,"parent_excitation_dense",7,"one_step_shared_gamma_poisson","survival"
"survival_110",0.789181706522253,0.796732153023712,0.0146608303174815,0.765242039757731,0.796365888827962,0.822700012174101,TRUE,0.515008109223965,"parent_excitation_dense",7,"one_step_shared_gamma_poisson","survival"
"growth_increment_50",12,11.6862448705547,0.107851118523227,11.4754368375817,11.6885904727576,11.8891379038385,FALSE,-2.90915044499699,"parent_excitation_dense",7,"one_step_shared_gamma_poisson","growth"
"growth_increment_80",8.4,8.13593148325611,0.0752486725181803,7.99484417040077,8.13510377927559,8.29179429629104,FALSE,-3.50927807636862,"parent_excitation_dense",7,"one_step_shared_gamma_poisson","growth"
"growth_increment_110",4.8,4.58561809595747,0.0841182690998023,4.43195496242386,4.58571941302935,4.75494972515397,FALSE,-2.54857721558886,"parent_excitation_dense",7,"one_step_shared_gamma_poisson","growth"
"growth_sd.log_growth_sd",4.5,4.29293479011666,0.0732518376976455,4.15702263446124,4.28963622576572,4.43170438609679,FALSE,-2.82675788610275,"parent_excitation_dense",7,"one_step_shared_gamma_poisson","growth"
"recruitment_50",0.019387103915861,0.0180674606570149,0.00101568471834234,0.0159763571034319,0.0180714461546862,0.0199639999570572,TRUE,-1.2992646586234,"parent_excitation_dense",7,"one_step_shared_gamma_poisson","recruitment"
"recruitment_80",0.183939720585721,0.177695833449499,0.00642956664613577,0.164794390111585,0.177692605540199,0.189837368155521,TRUE,-0.97112099148627,"parent_excitation_dense",7,"one_step_shared_gamma_poisson","recruitment"
"recruitment_110",1.74517147873092,1.74843739433783,0.0321082270307191,1.6832270795255,1.7482703958142,1.81187323757481,TRUE,0.101715850077564,"parent_excitation_dense",7,"one_step_shared_gamma_poisson","recruitment"
"recruit_mean_50",44,44.0403693262026,0.161986827618989,43.7085496138401,44.048308499391,44.333442827497,TRUE,0.249213635429427,"parent_excitation_dense",7,"one_step_shared_gamma_poisson","recruit_size"
"recruit_mean_80",44.6,44.622554576377,0.105480032870482,44.4126535985015,44.6279375658825,44.8153724243344,TRUE,0.213827923287814,"parent_excitation_dense",7,"one_step_shared_gamma_poisson","recruit_size"
"recruit_mean_110",45.2,45.2047398265515,0.0512139224242073,45.107431607089,45.2100203291004,45.2999245925603,TRUE,0.0925495710365069,"parent_excitation_dense",7,"one_step_shared_gamma_poisson","recruit_size"
"recruit_sd.log_recruit_sd",3.5,3.50186665147541,0.0185094793812296,3.46994531703189,3.50234765542599,3.5370255675793,TRUE,0.100848405131532,"parent_excitation_dense",7,"one_step_shared_gamma_poisson","recruit_size"
"lambda",1.03119869581319,1.03062595961436,0.0143197309449197,1.00073173271297,1.03113617023167,1.05630176422958,TRUE,-0.0399962960922805,"parent_excitation_dense",7,"one_step_shared_gamma_poisson","lambda"
"survival_50",0.354343693774205,0.379967993684075,0.018866695115522,0.34607860395449,0.379783283865632,0.420487322150669,TRUE,1.35817639247207,"parent_excitation_sparse",8,"recursive_gamma_poisson","survival"
"survival_80",0.589040434058665,0.596325544588219,0.0155711218174539,0.568345577975205,0.596690411790034,0.627299055008135,TRUE,0.46786035167919,"parent_excitation_sparse",8,"recursive_gamma_poisson","survival"
"survival_110",0.789181706522253,0.780495425346989,0.0178733732690056,0.745656353416671,0.780374028003531,0.813174760048603,TRUE,-0.485990027989102,"parent_excitation_sparse",8,"recursive_gamma_poisson","survival"
"growth_increment_50",12,11.783809758261,0.234927980530248,11.3153021234869,11.7863903730173,12.2598491708283,TRUE,-0.920240497751943,"parent_excitation_sparse",8,"recursive_gamma_poisson","growth"
"growth_increment_80",8.4,8.36266442182404,0.14861907228708,8.0616691556762,8.36553449908828,8.61247118734075,TRUE,-0.251216600947678,"parent_excitation_sparse",8,"recursive_gamma_poisson","growth"
"growth_increment_110",4.8,4.94151908538711,0.127492660391987,4.69818609419406,4.94867883410703,5.18299578996811,TRUE,1.1100175096511,"parent_excitation_sparse",8,"recursive_gamma_poisson","growth"
"growth_sd.log_growth_sd",4.5,4.37588525009983,0.125630135639961,4.13834686995882,4.36952575056816,4.63825209933929,TRUE,-0.987937721056563,"parent_excitation_sparse",8,"recursive_gamma_poisson","growth"
"recruitment_50",0.019387103915861,0.0226734672801473,0.00240687985736776,0.0183286070901277,0.0224752171169287,0.0278162850947815,TRUE,1.36540399148977,"parent_excitation_sparse",8,"recursive_gamma_poisson","recruitment"
"recruitment_80",0.183939720585721,0.198475099064885,0.0131889503603245,0.173148262965233,0.198076254594006,0.226578246472564,TRUE,1.10208758711305,"parent_excitation_sparse",8,"recursive_gamma_poisson","recruitment"
"recruitment_110",1.74517147873092,1.74034866728409,0.0577160096536398,1.625884849641,1.74113198150097,1.85430957139177,TRUE,-0.0835610686839435,"parent_excitation_sparse",8,"recursive_gamma_poisson","recruitment"
"recruit_mean_50",44,44.1356980176843,0.403008768615808,43.3437091623598,44.1191439714514,44.9428384243367,TRUE,0.336712320554112,"parent_excitation_sparse",8,"recursive_gamma_poisson","recruit_size"
"recruit_mean_80",44.6,44.6630321109313,0.255053941679661,44.2051856458304,44.6573897479104,45.1815339382217,TRUE,0.247132471335996,"parent_excitation_sparse",8,"recursive_gamma_poisson","recruit_size"
"recruit_mean_110",45.2,45.1903662041782,0.122256350229288,44.964495499139,45.1854412554659,45.4415799697351,TRUE,-0.0787999625683078,"parent_excitation_sparse",8,"recursive_gamma_poisson","recruit_size"
"recruit_sd.log_recruit_sd",3.5,3.55625285258682,0.0530072050950446,3.46164683489869,3.55587617065177,3.66676174867161,TRUE,1.06123030795442,"parent_excitation_sparse",8,"recursive_gamma_poisson","recruit_size"
"lambda",1.03119869581319,1.02989087549827,0.0166669399157069,0.99795780168242,1.02945714451758,1.06155743795694,TRUE,-0.0784679324180695,"parent_excitation_sparse",8,"recursive_gamma_poisson","lambda"
"survival_50",0.354343693774205,0.379672977118251,0.0203769443142541,0.340646928783123,0.380111219128199,0.422910944061778,TRUE,1.24303639218018,"parent_excitation_sparse",8,"one_step_gamma_poisson","survival"
"survival_80",0.589040434058665,0.597553878193568,0.0231094134229581,0.552301039440095,0.596583906524727,0.63937612436037,TRUE,0.368397240513485,"parent_excitation_sparse",8,"one_step_gamma_poisson","survival"
"survival_110",0.789181706522253,0.781682371081164,0.0301918391526273,0.715582008321627,0.784034617771732,0.832863548416211,TRUE,-0.248389487078858,"parent_excitation_sparse",8,"one_step_gamma_poisson","survival"
"growth_increment_50",12,11.6004690158917,0.29435490012954,10.9819227035902,11.5872309339078,12.1545350153258,TRUE,-1.35731045731677,"parent_excitation_sparse",8,"one_step_gamma_poisson","growth"
"growth_increment_80",8.4,8.24496183969177,0.177311086445784,7.90632616342887,8.23662381594822,8.62093792431772,TRUE,-0.874385033761735,"parent_excitation_sparse",8,"one_step_gamma_poisson","growth"
"growth_increment_110",4.8,4.8894546634918,0.186954690705038,4.52591237297273,4.8893133490961,5.23885720281822,TRUE,0.478483118847962,"parent_excitation_sparse",8,"one_step_gamma_poisson","growth"
"growth_sd.log_growth_sd",4.5,4.44077754308716,0.160637555821014,4.11295715167824,4.45144977372613,4.72544178116006,TRUE,-0.368671302362348,"parent_excitation_sparse",8,"one_step_gamma_poisson","growth"
"recruitment_50",0.019387103915861,0.0211274379393815,0.00270961538038576,0.0160175636495864,0.0210665788274644,0.0267708784274143,TRUE,0.642280832961879,"parent_excitation_sparse",8,"one_step_gamma_poisson","recruitment"
"recruitment_80",0.183939720585721,0.194204385003002,0.0152893959400544,0.163999499768705,0.194752468684502,0.223527012064524,TRUE,0.6713584014389,"parent_excitation_sparse",8,"one_step_gamma_poisson","recruitment"
"recruitment_110",1.74517147873092,1.79001486665178,0.0643911480973904,1.66841018306824,1.79000027067886,1.92174001853298,TRUE,0.696421623870324,"parent_excitation_sparse",8,"one_step_gamma_poisson","recruitment"
"recruit_mean_50",44,44.132202381622,0.40587648154505,43.286774019686,44.1475119059934,44.8907148628337,TRUE,0.325720724489319,"parent_excitation_sparse",8,"one_step_gamma_poisson","recruit_size"
"recruit_mean_80",44.6,44.6640397531804,0.25840201324438,44.1285082972605,44.6631474003523,45.1448148719117,TRUE,0.247829931262221,"parent_excitation_sparse",8,"one_step_gamma_poisson","recruit_size"
"recruit_mean_110",45.2,45.1958771247388,0.124149181055426,44.9267783195815,45.2022956994742,45.4107823152307,TRUE,-0.0332090411401743,"parent_excitation_sparse",8,"one_step_gamma_poisson","recruit_size"
"recruit_sd.log_recruit_sd",3.5,3.54139413878582,0.0587623988019814,3.43648120490202,3.54060421197542,3.66094241147245,TRUE,0.704432419876325,"parent_excitation_sparse",8,"one_step_gamma_poisson","recruit_size"
"lambda",1.03119869581319,1.03231056460647,0.0293754269056417,0.966453730607068,1.03387177611743,1.08072924307433,TRUE,0.0378503024602844,"parent_excitation_sparse",8,"one_step_gamma_poisson","lambda"
"survival_50",0.354343693774205,0.356767616803535,0.0161563465914518,0.324066672827262,0.355956000530684,0.390057005560727,TRUE,0.150029155144057,"parent_excitation_sparse",8,"one_step_shared_gamma_poisson","survival"
"survival_80",0.589040434058665,0.600270215985727,0.0312771353750102,0.543836207512082,0.600261491742869,0.65917803186211,TRUE,0.359041254655134,"parent_excitation_sparse",8,"one_step_shared_gamma_poisson","survival"
"survival_110",0.789181706522253,0.800857316749168,0.035782706312362,0.726783958282191,0.804033457857631,0.864150004259504,TRUE,0.326291983758681,"parent_excitation_sparse",8,"one_step_shared_gamma_poisson","survival"
"growth_increment_50",12,11.8612379627793,0.22793678576674,11.4197491779439,11.8742511290762,12.2740799448119,TRUE,-0.608774212349659,"parent_excitation_sparse",8,"one_step_shared_gamma_poisson","growth"
"growth_increment_80",8.4,8.37636597503967,0.157294500257325,8.08086820967256,8.36985622748578,8.66194363858595,TRUE,-0.150253345931791,"parent_excitation_sparse",8,"one_step_shared_gamma_poisson","growth"
"growth_increment_110",4.8,4.8914939873,0.171884232438364,4.5622124483083,4.88544434396455,5.19533999802789,TRUE,0.5323000603491,"parent_excitation_sparse",8,"one_step_shared_gamma_poisson","growth"
"growth_sd.log_growth_sd",4.5,4.3867740213414,0.137536077553497,4.13472051950075,4.38989922383754,4.65861609758325,TRUE,-0.823245657958764,"parent_excitation_sparse",8,"one_step_shared_gamma_poisson","growth"
"recruitment_50",0.019387103915861,0.020078595029986,0.00257486160819028,0.015566378748718,0.0199890131320607,0.0256549630218635,TRUE,0.268554671802736,"parent_excitation_sparse",8,"one_step_shared_gamma_poisson","recruitment"
"recruitment_80",0.183939720585721,0.191608445142794,0.0157660171530624,0.164112728550661,0.191731301477317,0.223188477192027,TRUE,0.486408487484308,"parent_excitation_sparse",8,"one_step_shared_gamma_poisson","recruitment"
"recruitment_110",1.74517147873092,1.83280394146423,0.0802819347017205,1.69410861415021,1.82859776586866,2.00502230431586,TRUE,1.09155892989994,"parent_excitation_sparse",8,"one_step_shared_gamma_poisson","recruitment"
"recruit_mean_50",44,43.9916504346753,0.29593484071293,43.4973526135147,43.9644565269989,44.5957250260508,TRUE,-0.0282142018308334,"parent_excitation_sparse",8,"one_step_shared_gamma_poisson","recruit_size"
"recruit_mean_80",44.6,44.5846300420194,0.191223748297781,44.2603530190076,44.573922806098,44.9629689745066,TRUE,-0.080376826191311,"parent_excitation_sparse",8,"one_step_shared_gamma_poisson","recruit_size"
"recruit_mean_110",45.2,45.1776096493634,0.0913796063444448,45.012393041188,45.1772266281306,45.3597868317892,TRUE,-0.245025684967396,"parent_excitation_sparse",8,"one_step_shared_gamma_poisson","recruit_size"
"recruit_sd.log_recruit_sd",3.5,3.5070626635411,0.0369926632318058,3.42980548677855,3.50627007877787,3.57522522195028,TRUE,0.190920656262102,"parent_excitation_sparse",8,"one_step_shared_gamma_poisson","recruit_size"
"lambda",1.03119869581319,1.04706815749072,0.035522202579591,0.979569849238556,1.04918862314683,1.11380355562948,TRUE,0.446747682438082,"parent_excitation_sparse",8,"one_step_shared_gamma_poisson","lambda"
"survival_50",0.354343693774205,0.355482478473978,0.00653425506460907,0.342391655444568,0.356122421237404,0.367206338463361,TRUE,0.174279193039426,"parent_excitation_dense",8,"recursive_gamma_poisson","survival"
"survival_80",0.589040434058665,0.594470474299181,0.00682573665565051,0.580000287005042,0.594745480390965,0.607795216180003,TRUE,0.795524426806098,"parent_excitation_dense",8,"recursive_gamma_poisson","survival"
"survival_110",0.789181706522253,0.795690302511657,0.00779087258040129,0.779765218079787,0.795998953952971,0.810598245145658,TRUE,0.835412968475119,"parent_excitation_dense",8,"recursive_gamma_poisson","survival"
"growth_increment_50",12,12.0325420485718,0.103500372069289,11.8406656450899,12.0331978759445,12.2179142828277,TRUE,0.314414797948991,"parent_excitation_dense",8,"recursive_gamma_poisson","growth"
"growth_increment_80",8.4,8.44774421211454,0.0669701963362212,8.31605684353563,8.44852771199083,8.57273723368576,TRUE,0.712917308392518,"parent_excitation_dense",8,"recursive_gamma_poisson","growth"
"growth_increment_110",4.8,4.86294637565728,0.0577499969846117,4.74018003877941,4.86280632978271,4.96765814656693,TRUE,1.08998058777472,"parent_excitation_dense",8,"recursive_gamma_poisson","growth"
"growth_sd.log_growth_sd",4.5,4.2394946507699,0.0620319485897208,4.12250298566113,4.23718805688883,4.36092659499271,FALSE,-4.19953516135828,"parent_excitation_dense",8,"recursive_gamma_poisson","growth"
"recruitment_50",0.019387103915861,0.0182165411698237,0.000744554542713281,0.0168516841567331,0.0182215090384102,0.0197251408341838,TRUE,-1.57216520601917,"parent_excitation_dense",8,"recursive_gamma_poisson","recruitment"
"recruitment_80",0.183939720585721,0.177179615560457,0.00468622904117966,0.168702051361036,0.177443055808206,0.186851003284559,TRUE,-1.44254686782501,"parent_excitation_dense",8,"recursive_gamma_poisson","recruitment"
"recruitment_110",1.74517147873092,1.72368385427577,0.022617128119454,1.67829938290574,1.72416845475142,1.77265601478969,TRUE,-0.950059810496752,"parent_excitation_dense",8,"recursive_gamma_poisson","recruitment"
"recruit_mean_50",44,44.2648745655753,0.170646382795546,43.95053122182,44.2690733169955,44.5966964036386,TRUE,1.55218388597593,"parent_excitation_dense",8,"recursive_gamma_poisson","recruit_size"
"recruit_mean_80",44.6,44.7709431863773,0.109555095986484,44.552032813701,44.7719835743116,44.9897782729509,TRUE,1.56033988960609,"parent_excitation_dense",8,"recursive_gamma_poisson","recruit_size"
"recruit_mean_110",45.2,45.2770118071793,0.0510393759901841,45.1672941021212,45.2788106343619,45.3771653759383,TRUE,1.50887046883427,"parent_excitation_dense",8,"recursive_gamma_poisson","recruit_size"
"recruit_sd.log_recruit_sd",3.5,3.50844480248746,0.0197089096278805,3.4705705495864,3.50847673550109,3.54936975386183,TRUE,0.428476391992473,"parent_excitation_dense",8,"recursive_gamma_poisson","recruit_size"
"lambda",1.03119869581319,1.03883831371909,0.00707858501173249,1.02453072001336,1.03892135916373,1.05206355759554,TRUE,1.07925777443248,"parent_excitation_dense",8,"recursive_gamma_poisson","lambda"
"survival_50",0.354343693774205,0.355492093472386,0.00606936257656252,0.344311547956355,0.355303122890327,0.368125691962988,TRUE,0.189212571121715,"parent_excitation_dense",8,"one_step_gamma_poisson","survival"
"survival_80",0.589040434058665,0.593103118244716,0.00985597644597155,0.572580945444927,0.593622954422876,0.611161969202623,TRUE,0.412205143581851,"parent_excitation_dense",8,"one_step_gamma_poisson","survival"
"survival_110",0.789181706522253,0.793679030168024,0.0128046478668512,0.768621238859322,0.795247623148813,0.815709111280049,TRUE,0.351225874583737,"parent_excitation_dense",8,"one_step_gamma_poisson","survival"
"growth_increment_50",12,12.0482954587393,0.109662203311103,11.8282146424367,12.0455813420529,12.254653330581,TRUE,0.44040204629427,"parent_excitation_dense",8,"one_step_gamma_poisson","growth"
"growth_increment_80",8.4,8.45231911798744,0.073847357375828,8.31228747055566,8.45220533359105,8.58810341504005,TRUE,0.708476509473051,"parent_excitation_dense",8,"one_step_gamma_poisson","growth"
"growth_increment_110",4.8,4.85634277723552,0.0810281426187853,4.69023402156523,4.85389142163739,5.00861074992826,TRUE,0.695348250799636,"parent_excitation_dense",8,"one_step_gamma_poisson","growth"
"growth_sd.log_growth_sd",4.5,4.2380731634397,0.0705249182482398,4.10315825291465,4.23298997439318,4.38394991914548,FALSE,-3.71396157650753,"parent_excitation_dense",8,"one_step_gamma_poisson","growth"
"recruitment_50",0.019387103915861,0.018688794798402,0.000852785639004739,0.017082349616324,0.0186960140714318,0.020535762217742,TRUE,-0.81885656314984,"parent_excitation_dense",8,"one_step_gamma_poisson","recruitment"
"recruitment_80",0.183939720585721,0.180019087729124,0.00524215303646176,0.169989205027988,0.18005341312531,0.190841002872832,TRUE,-0.74790507437054,"parent_excitation_dense",8,"one_step_gamma_poisson","recruitment"
"recruitment_110",1.74517147873092,1.7345176343869,0.0232684823227335,1.69118832123635,1.73485862162297,1.77696555540006,TRUE,-0.457865888984519,"parent_excitation_dense",8,"one_step_gamma_poisson","recruitment"
"recruit_mean_50",44,44.2839628694036,0.167405285168765,43.9406578472609,44.2961980404239,44.5727200235333,TRUE,1.69625988281867,"parent_excitation_dense",8,"one_step_gamma_poisson","recruit_size"
"recruit_mean_80",44.6,44.784147428823,0.107938720362798,44.5720588035146,44.79437568819,44.9750705063205,TRUE,1.70603679758358,"parent_excitation_dense",8,"one_step_gamma_poisson","recruit_size"
"recruit_mean_110",45.2,45.2843319882424,0.0519050486134666,45.1762399900597,45.2888890115794,45.3787103268302,TRUE,1.62473575297843,"parent_excitation_dense",8,"one_step_gamma_poisson","recruit_size"
"recruit_sd.log_recruit_sd",3.5,3.51228587985667,0.0197342643898294,3.47461978273684,3.51265021948516,3.5512139547962,TRUE,0.622565889155026,"parent_excitation_dense",8,"one_step_gamma_poisson","recruit_size"
"lambda",1.03119869581319,1.0367017591345,0.0117513260982763,1.01423017020447,1.03778706246229,1.05793497179204,TRUE,0.468292963303767,"parent_excitation_dense",8,"one_step_gamma_poisson","lambda"
"survival_50",0.354343693774205,0.356441140527268,0.00695235684488306,0.343004176508966,0.356317436225325,0.370227087244672,TRUE,0.301688592783812,"parent_excitation_dense",8,"one_step_shared_gamma_poisson","survival"
"survival_80",0.589040434058665,0.592060321168998,0.0116543351511497,0.569064789258076,0.592608995808486,0.614552241014728,TRUE,0.259121354514548,"parent_excitation_dense",8,"one_step_shared_gamma_poisson","survival"
"survival_110",0.789181706522253,0.791563360711825,0.0137489104138098,0.762730586418285,0.7919334932737,0.814931826574628,TRUE,0.173224940587296,"parent_excitation_dense",8,"one_step_shared_gamma_poisson","survival"
"growth_increment_50",12,12.0271856058689,0.115015959948192,11.8156825483356,12.035097542285,12.2466156023078,TRUE,0.236363769698744,"parent_excitation_dense",8,"one_step_shared_gamma_poisson","growth"
"growth_increment_80",8.4,8.440003205424,0.0804498570445357,8.28145030461124,8.44504342683417,8.58717723966662,TRUE,0.497243959076956,"parent_excitation_dense",8,"one_step_shared_gamma_poisson","growth"
"growth_increment_110",4.8,4.85282080497913,0.0872654822478112,4.68555923733162,4.85653459412195,5.02464524709578,TRUE,0.605288638973333,"parent_excitation_dense",8,"one_step_shared_gamma_poisson","growth"
"growth_sd.log_growth_sd",4.5,4.24170597655928,0.0730675557222705,4.1156224669409,4.23871616423951,4.37880789470954,FALSE,-3.53500292828318,"parent_excitation_dense",8,"one_step_shared_gamma_poisson","growth"
"recruitment_50",0.019387103915861,0.0185545720167314,0.0010249211250443,0.0165284235277243,0.0185986865034419,0.0205586958907005,TRUE,-0.812288749628041,"parent_excitation_dense",8,"one_step_shared_gamma_poisson","recruitment"
"recruitment_80",0.183939720585721,0.179290799655877,0.00618628675535374,0.167327810573123,0.179642421688895,0.191195687891727,TRUE,-0.751488108083732,"parent_excitation_dense",8,"one_step_shared_gamma_poisson","recruitment"
"recruitment_110",1.74517147873092,1.73326531599306,0.0275712774439496,1.67797781936258,1.73370797825327,1.7901752719068,TRUE,-0.431832103611011,"parent_excitation_dense",8,"one_step_shared_gamma_poisson","recruitment"
"recruit_mean_50",44,44.2659426237331,0.158278364405648,43.9535446297255,44.2532896286934,44.5936384222989,TRUE,1.68022094953892,"parent_excitation_dense",8,"one_step_shared_gamma_poisson","recruit_size"
"recruit_mean_80",44.6,44.7701255154654,0.102446570871907,44.5760282004611,44.762640773206,44.9758605558387,TRUE,1.66062674443367,"parent_excitation_dense",8,"one_step_shared_gamma_poisson","recruit_size"
"recruit_mean_110",45.2,45.2743084071977,0.0488708876436677,45.1799222539106,45.272446883747,45.3717365304906,TRUE,1.52050455353932,"parent_excitation_dense",8,"one_step_shared_gamma_poisson","recruit_size"
"recruit_sd.log_recruit_sd",3.5,3.51102847998742,0.0179120522749169,3.47936561785972,3.50987339901987,3.54616351641265,TRUE,0.615701641450692,"parent_excitation_dense",8,"one_step_shared_gamma_poisson","recruit_size"
"lambda",1.03119869581319,1.03505920018747,0.0132432283767486,1.00714009433001,1.03612312985656,1.05952905081535,TRUE,0.291507800398551,"parent_excitation_dense",8,"one_step_shared_gamma_poisson","lambda"
"survival_50",0.354343693774205,0.356004468208378,0.0151650402763567,0.326560384566642,0.356012856370307,0.386314531297565,TRUE,0.109513354657103,"parent_excitation_sparse",9,"recursive_gamma_poisson","survival"
"survival_80",0.589040434058665,0.589723767845509,0.0133775387843075,0.563435543336359,0.589632822096785,0.61617488740839,TRUE,0.0510806806738923,"parent_excitation_sparse",9,"recursive_gamma_poisson","survival"
"survival_110",0.789181706522253,0.788738678030553,0.0146599197295932,0.7612522658934,0.788798456981385,0.81445231525518,TRUE,-0.0302203900069861,"parent_excitation_sparse",9,"recursive_gamma_poisson","survival"
"growth_increment_50",12,12.0817038324251,0.20459002942586,11.6664344084227,12.0938681967797,12.464696043241,TRUE,0.399353930660152,"parent_excitation_sparse",9,"recursive_gamma_poisson","growth"
"growth_increment_80",8.4,8.3741953310531,0.130471865672187,8.08501160251842,8.37941842336828,8.60986573490376,TRUE,-0.197779565839392,"parent_excitation_sparse",9,"recursive_gamma_poisson","growth"
"growth_increment_110",4.8,4.6666868296811,0.121796149205796,4.40377114270292,4.66506176724043,4.88764288730712,TRUE,-1.09455981316487,"parent_excitation_sparse",9,"recursive_gamma_poisson","growth"
"growth_sd.log_growth_sd",4.5,4.3194037184425,0.119670676109992,4.10939322995758,4.32089187600622,4.56676146819685,TRUE,-1.50911056432493,"parent_excitation_sparse",9,"recursive_gamma_poisson","growth"
"recruitment_50",0.019387103915861,0.0166192172619854,0.00153197024279036,0.013925276539059,0.0165214847926552,0.0198321115272033,TRUE,-1.80674961991042,"parent_excitation_sparse",9,"recursive_gamma_poisson","recruitment"
"recruitment_80",0.183939720585721,0.171483882677251,0.00993192153573403,0.153842797189133,0.170612333548745,0.19182933728817,TRUE,-1.2541216584983,"parent_excitation_sparse",9,"recursive_gamma_poisson","recruitment"
"recruitment_110",1.74517147873092,1.7716510308839,0.0493698420204867,1.67642688257877,1.7683861387758,1.86824933750919,TRUE,0.53635075724966,"parent_excitation_sparse",9,"recursive_gamma_poisson","recruitment"
"recruit_mean_50",44,44.4346451354307,0.356317081194456,43.7795884348127,44.4212655821899,45.1447717661552,TRUE,1.21982682944556,"parent_excitation_sparse",9,"recursive_gamma_poisson","recruit_size"
"recruit_mean_80",44.6,44.8734591444793,0.229919150469696,44.4556267790108,44.8663212861092,45.3412106358516,TRUE,1.18937088937861,"parent_excitation_sparse",9,"recursive_gamma_poisson","recruit_size"
"recruit_mean_110",45.2,45.3122731535279,0.111657968898951,45.1135477748163,45.30446458855,45.5374728682224,TRUE,1.0055095452209,"parent_excitation_sparse",9,"recursive_gamma_poisson","recruit_size"
"recruit_sd.log_recruit_sd",3.5,3.5739420258204,0.0467827864588186,3.4868498179523,3.57364339781825,3.66214187753019,TRUE,1.58053915590265,"parent_excitation_sparse",9,"recursive_gamma_poisson","recruit_size"
"lambda",1.03119869581319,1.03060691267525,0.013373771071474,1.00340319647534,1.03045778755926,1.05443803741288,TRUE,-0.0442495340157676,"parent_excitation_sparse",9,"recursive_gamma_poisson","lambda"
"survival_50",0.354343693774205,0.355931380420001,0.0119268526602131,0.33434625992145,0.355469031771925,0.382533443348663,TRUE,0.133118660138446,"parent_excitation_sparse",9,"one_step_gamma_poisson","survival"
"survival_80",0.589040434058665,0.586069666999842,0.0190973199516105,0.549516217679667,0.585953609751636,0.620937524049947,TRUE,-0.155559369919499,"parent_excitation_sparse",9,"one_step_gamma_poisson","survival"
"survival_110",0.789181706522253,0.783138955008064,0.0245763304359824,0.734997895721128,0.784014110724625,0.827369744775183,TRUE,-0.245876882634257,"parent_excitation_sparse",9,"one_step_gamma_poisson","survival"
"growth_increment_50",12,12.1599467033335,0.211679892932313,11.7564153567732,12.1564257232016,12.6159787129406,TRUE,0.755606501485714,"parent_excitation_sparse",9,"one_step_gamma_poisson","growth"
"growth_increment_80",8.4,8.40636159823194,0.146507806698108,8.12774367513377,8.40968528747786,8.69391114391453,TRUE,0.0434215648661827,"parent_excitation_sparse",9,"one_step_gamma_poisson","growth"
"growth_increment_110",4.8,4.65277649313045,0.170600330674475,4.33338225123983,4.65886921645401,4.95913176415987,TRUE,-0.862973162405355,"parent_excitation_sparse",9,"one_step_gamma_poisson","growth"
"growth_sd.log_growth_sd",4.5,4.2977783356073,0.13308140982505,4.03210943039669,4.29048829429213,4.54332898341563,TRUE,-1.51953352957823,"parent_excitation_sparse",9,"one_step_gamma_poisson","growth"
"recruitment_50",0.019387103915861,0.0202673271367165,0.00171499500428083,0.016913786359248,0.0203561166090625,0.023417895695819,TRUE,0.513251186538972,"parent_excitation_sparse",9,"one_step_gamma_poisson","recruitment"
"recruitment_80",0.183939720585721,0.191470024064419,0.0104204560799972,0.171185642541379,0.192136164927427,0.210110183446952,TRUE,0.722646247044081,"parent_excitation_sparse",9,"one_step_gamma_poisson","recruitment"
"recruitment_110",1.74517147873092,1.81060574162234,0.0467385772514836,1.71253156347568,1.81291609045909,1.89999340918293,TRUE,1.4000054503015,"parent_excitation_sparse",9,"one_step_gamma_poisson","recruitment"
"recruit_mean_50",44,44.3391153849275,0.336095472146308,43.6932486422284,44.3426427404995,44.991973113823,TRUE,1.00898528255055,"parent_excitation_sparse",9,"one_step_gamma_poisson","recruit_size"
"recruit_mean_80",44.6,44.8192440109,0.21709459670103,44.3997590978458,44.8201054489878,45.2481282781956,TRUE,1.00990081849885,"parent_excitation_sparse",9,"one_step_gamma_poisson","recruit_size"
"recruit_mean_110",45.2,45.2993726368726,0.103519676725645,45.0987085180597,45.2986264822173,45.4959660923568,TRUE,0.959939598111116,"parent_excitation_sparse",9,"one_step_gamma_poisson","recruit_size"
"recruit_sd.log_recruit_sd",3.5,3.5894148868999,0.0411421971056223,3.50784857062268,3.58894910000447,3.66941442224511,FALSE,2.17331336657475,"parent_excitation_sparse",9,"one_step_gamma_poisson","recruit_size"
"lambda",1.03119869581319,1.02216921226905,0.0234697756099802,0.973806960447497,1.0235806207954,1.06416531225342,TRUE,-0.384728158214701,"parent_excitation_sparse",9,"one_step_gamma_poisson","lambda"
"survival_50",0.354343693774205,0.365321110742945,0.0142101876849458,0.338923189409674,0.364260810583322,0.394775988958238,TRUE,0.772503306227956,"parent_excitation_sparse",9,"one_step_shared_gamma_poisson","survival"
"survival_80",0.589040434058665,0.58955295438153,0.0237337945077376,0.540600501818704,0.589862959711991,0.634201336516123,TRUE,0.0215945378096759,"parent_excitation_sparse",9,"one_step_shared_gamma_poisson","survival"
"survival_110",0.789181706522253,0.780772247057892,0.030011023963615,0.714829530351076,0.78272771541442,0.834907057891204,TRUE,-0.280212347121391,"parent_excitation_sparse",9,"one_step_shared_gamma_poisson","survival"
"growth_increment_50",12,12.1111949798331,0.220266953301399,11.6726135671688,12.1217039928479,12.4898732065842,TRUE,0.504819166772275,"parent_excitation_sparse",9,"one_step_shared_gamma_poisson","growth"
"growth_increment_80",8.4,8.37749178354464,0.15276561879577,8.06640233605969,8.37751892704205,8.66421182011404,TRUE,-0.147338233777901,"parent_excitation_sparse",9,"one_step_shared_gamma_poisson","growth"
"growth_increment_110",4.8,4.6437885872562,0.16915506383719,4.33047694361747,4.63874110489147,4.99646596900501,TRUE,-0.923480558017164,"parent_excitation_sparse",9,"one_step_shared_gamma_poisson","growth"
"growth_sd.log_growth_sd",4.5,4.32148239261554,0.126342315063332,4.07128183215948,4.31810426152794,4.56162268084663,TRUE,-1.41296767670414,"parent_excitation_sparse",9,"one_step_shared_gamma_poisson","growth"
"recruitment_50",0.019387103915861,0.0204907846057965,0.00207886863088293,0.0167336600649695,0.020439172349998,0.024325948520909,TRUE,0.530904489845881,"parent_excitation_sparse",9,"one_step_shared_gamma_poisson","recruitment"
"recruitment_80",0.183939720585721,0.192438047252245,0.0122486176239094,0.170675141169329,0.19246247661599,0.214424905430608,TRUE,0.693819247809261,"parent_excitation_sparse",9,"one_step_shared_gamma_poisson","recruitment"
"recruitment_110",1.74517147873092,1.81003962352081,0.0537851680888766,1.71636963811117,1.81318326339279,1.91662296943835,TRUE,1.20606009230465,"parent_excitation_sparse",9,"one_step_shared_gamma_poisson","recruitment"
"recruit_mean_50",44,44.3556573137878,0.314312482160442,43.7464880892567,44.3455026542735,44.9491415699501,TRUE,1.13154053362172,"parent_excitation_sparse",9,"one_step_shared_gamma_poisson","recruit_size"
"recruit_mean_80",44.6,44.8238466439712,0.204471628730834,44.450556757078,44.816404190676,45.2267015271355,TRUE,1.09475649683357,"parent_excitation_sparse",9,"one_step_shared_gamma_poisson","recruit_size"
"recruit_mean_110",45.2,45.2920359741547,0.0991209795070694,45.1155175599007,45.2894304312849,45.4902305131504,TRUE,0.928521637017439,"parent_excitation_sparse",9,"one_step_shared_gamma_poisson","recruit_size"
"recruit_sd.log_recruit_sd",3.5,3.58081470961727,0.0352416064578643,3.51805456283471,3.57772530380899,3.65375363194119,FALSE,2.29316191116002,"parent_excitation_sparse",9,"one_step_shared_gamma_poisson","recruit_size"
"lambda",1.03119869581319,1.02178173000496,0.0289295179017489,0.958422682893401,1.02299307131928,1.07184474387112,TRUE,-0.325514093951085,"parent_excitation_sparse",9,"one_step_shared_gamma_poisson","lambda"
"survival_50",0.354343693774205,0.36309590010162,0.0079056401961677,0.348052598339832,0.363188357684175,0.379363713765542,TRUE,1.10708381740643,"parent_excitation_dense",9,"recursive_gamma_poisson","survival"
"survival_80",0.589040434058665,0.591050496850888,0.0075040992946058,0.576724341146548,0.591017767640035,0.605855038823013,TRUE,0.267861966281261,"parent_excitation_dense",9,"recursive_gamma_poisson","survival"
"survival_110",0.789181706522253,0.785524399263835,0.00864658994819689,0.769122581368341,0.78536517888625,0.803163107829313,TRUE,-0.422976835993113,"parent_excitation_dense",9,"recursive_gamma_poisson","survival"
"growth_increment_50",12,11.9197568645346,0.109206504509484,11.7067247538969,11.9198039396799,12.129241053138,TRUE,-0.734783480396656,"parent_excitation_dense",9,"recursive_gamma_poisson","growth"
"growth_increment_80",8.4,8.40397624689129,0.0697837918437242,8.26755598495392,8.40875195728591,8.53636366697416,TRUE,0.0569795189718826,"parent_excitation_dense",9,"recursive_gamma_poisson","growth"
"growth_increment_110",4.8,4.88819562924802,0.0629771381681906,4.76840062985313,4.89272840827869,5.01302010390555,TRUE,1.40043882293407,"parent_excitation_dense",9,"recursive_gamma_poisson","growth"
"growth_sd.log_growth_sd",4.5,4.27475615615348,0.0607073592531008,4.16062003946334,4.27605111329873,4.39316877982902,FALSE,-3.71032188877519,"parent_excitation_dense",9,"recursive_gamma_poisson","growth"
"recruitment_50",0.019387103915861,0.0191009082225702,0.00095094304386698,0.0174336448100583,0.019059196238865,0.02098414539725,TRUE,-0.300959868350239,"parent_excitation_dense",9,"recursive_gamma_poisson","recruitment"
"recruitment_80",0.183939720585721,0.181624362658061,0.00576119037741327,0.171552933103197,0.181399036940287,0.19295931503631,TRUE,-0.401888806996827,"parent_excitation_dense",9,"recursive_gamma_poisson","recruitment"
"recruitment_110",1.74517147873092,1.72761017668885,0.026731989555769,1.67602039094217,1.72626759319924,1.78494999956221,TRUE,-0.656939581898126,"parent_excitation_dense",9,"recursive_gamma_poisson","recruitment"
"recruit_mean_50",44,44.1730477969329,0.183435908680781,43.8377883572817,44.1816366931483,44.5398287856864,TRUE,0.943369257292379,"parent_excitation_dense",9,"recursive_gamma_poisson","recruit_size"
"recruit_mean_80",44.6,44.6937503848239,0.116870501762627,44.4737280060745,44.6966984390021,44.9218709655057,TRUE,0.802173203759553,"parent_excitation_dense",9,"recursive_gamma_poisson","recruit_size"
"recruit_mean_110",45.2,45.2144529727149,0.0550367546694121,45.1037440833524,45.2147511566773,45.3292650320364,TRUE,0.262605831352145,"parent_excitation_dense",9,"recursive_gamma_poisson","recruit_size"
"recruit_sd.log_recruit_sd",3.5,3.51530983948623,0.0248894753220622,3.46600907854475,3.51546720331007,3.56406355177729,TRUE,0.61511298603632,"parent_excitation_dense",9,"recursive_gamma_poisson","recruit_size"
"lambda",1.03119869581319,1.0315612121548,0.00800868210259904,1.016429835687,1.03158001799134,1.04762578817627,TRUE,0.0452654178261275,"parent_excitation_dense",9,"recursive_gamma_poisson","lambda"
"survival_50",0.354343693774205,0.354710780809478,0.00768598088301984,0.341055131553514,0.354310173703562,0.37005894355447,TRUE,0.0477605969700598,"parent_excitation_dense",9,"one_step_gamma_poisson","survival"
"survival_80",0.589040434058665,0.591710712189178,0.0110298112417262,0.571528061243407,0.591259821917148,0.615217371862666,TRUE,0.242096448614725,"parent_excitation_dense",9,"one_step_gamma_poisson","survival"
"survival_110",0.789181706522253,0.792306761225212,0.0140277714306506,0.766521754236973,0.792445777373232,0.820697134122214,TRUE,0.222776277643891,"parent_excitation_dense",9,"one_step_gamma_poisson","survival"
"growth_increment_50",12,11.8632453178351,0.125365252433124,11.6113330883904,11.8615583214617,12.1045024149865,TRUE,-1.0908499724665,"parent_excitation_dense",9,"one_step_gamma_poisson","growth"
"growth_increment_80",8.4,8.38628245811051,0.0807135182131095,8.23166428410818,8.38869423662974,8.53592908203719,TRUE,-0.169953462482793,"parent_excitation_dense",9,"one_step_gamma_poisson","growth"
"growth_increment_110",4.8,4.90931959838594,0.0853660832947375,4.74348118267167,4.90869452167096,5.06801518157125,TRUE,1.28059756482561,"parent_excitation_dense",9,"one_step_gamma_poisson","growth"
"growth_sd.log_growth_sd",4.5,4.26779900815438,0.0750250199147337,4.13559566167058,4.26784972261234,4.40616435149942,FALSE,-3.09498074255118,"parent_excitation_dense",9,"one_step_gamma_poisson","growth"
"recruitment_50",0.019387103915861,0.0186839668286948,0.00104029752589111,0.0168764511418171,0.0186357972133586,0.0209129927546837,TRUE,-0.675899989826409,"parent_excitation_dense",9,"one_step_gamma_poisson","recruitment"
"recruitment_80",0.183939720585721,0.179215307582052,0.00617595225521904,0.168302109570881,0.179199556212464,0.192336274014336,TRUE,-0.764969159157027,"parent_excitation_dense",9,"one_step_gamma_poisson","recruitment"
"recruitment_110",1.74517147873092,1.7198289064721,0.0266496372444205,1.6703473190821,1.72111408625281,1.77371686826208,TRUE,-0.950953741936019,"parent_excitation_dense",9,"one_step_gamma_poisson","recruitment"
"recruit_mean_50",44,44.243992754347,0.185400287265139,43.8871377550543,44.2364538904956,44.6258137700576,TRUE,1.31603223461038,"parent_excitation_dense",9,"one_step_gamma_poisson","recruit_size"
"recruit_mean_80",44.6,44.7403291246372,0.117898334988752,44.4956518090439,44.7348017909917,44.9811966853439,TRUE,1.19025535560448,"parent_excitation_dense",9,"one_step_gamma_poisson","recruit_size"
"recruit_mean_110",45.2,45.2366654949275,0.0549778910093796,45.1272735697531,45.2360635218916,45.3576015434536,TRUE,0.666913449285314,"parent_excitation_dense",9,"one_step_gamma_poisson","recruit_size"
"recruit_sd.log_recruit_sd",3.5,3.51850511231649,0.0248309496630253,3.47237009139483,3.51639611857664,3.57006288367983,TRUE,0.745243841561286,"parent_excitation_dense",9,"one_step_gamma_poisson","recruit_size"
"lambda",1.03119869581319,1.035901879128,0.0128426686561086,1.01279761898094,1.03533444359861,1.06079555872075,TRUE,0.366215421478287,"parent_excitation_dense",9,"one_step_gamma_poisson","lambda"
"survival_50",0.354343693774205,0.360297653835394,0.00761557178727031,0.344902186353122,0.36004716609915,0.374334527979736,TRUE,0.781813923826662,"parent_excitation_dense",9,"one_step_shared_gamma_poisson","survival"
"survival_80",0.589040434058665,0.592405530707102,0.0126846459772186,0.570574494461859,0.591208181662799,0.619488919792475,TRUE,0.265288968606681,"parent_excitation_dense",9,"one_step_shared_gamma_poisson","survival"
"survival_110",0.789181706522253,0.789220818952558,0.0147990827846749,0.763003066227775,0.787963419674877,0.82186988174008,TRUE,0.00264289556817985,"parent_excitation_dense",9,"one_step_shared_gamma_poisson","survival"
"growth_increment_50",12,11.9528834419172,0.103619566350998,11.7378034799849,11.9565616391453,12.1419886059025,TRUE,-0.45470715369689,"parent_excitation_dense",9,"one_step_shared_gamma_poisson","growth"
"growth_increment_80",8.4,8.43411865437681,0.0753797142315902,8.28246095680245,8.43293736384811,8.58409288141809,TRUE,0.452623822265898,"parent_excitation_dense",9,"one_step_shared_gamma_poisson","growth"
"growth_increment_110",4.8,4.9153538668364,0.0854169963597466,4.74687447515443,4.91610617963597,5.08551380696146,TRUE,1.35047908206196,"parent_excitation_dense",9,"one_step_shared_gamma_poisson","growth"
"growth_sd.log_growth_sd",4.5,4.2402345752361,0.0722699928263678,4.11813164301826,4.23880904208046,4.39474686882289,FALSE,-3.594374575185,"parent_excitation_dense",9,"one_step_shared_gamma_poisson","growth"
"recruitment_50",0.019387103915861,0.0180469886553344,0.00103372467511653,0.0159768206377411,0.0179628834888847,0.0202415543727873,TRUE,-1.296394768148,"parent_excitation_dense",9,"one_step_shared_gamma_poisson","recruitment"
"recruitment_80",0.183939720585721,0.175625130871708,0.0064321223332248,0.16287103835108,0.175066329924715,0.189049665536297,TRUE,-1.2926666010478,"parent_excitation_dense",9,"one_step_shared_gamma_poisson","recruitment"
"recruitment_110",1.74517147873092,1.70990820640413,0.0316945197827101,1.65177207588343,1.70792874725427,1.7768709263595,TRUE,-1.11259841034174,"parent_excitation_dense",9,"one_step_shared_gamma_poisson","recruitment"
"recruit_mean_50",44,44.1953339069359,0.163689337526133,43.8786968268754,44.1973198788169,44.4917058068926,TRUE,1.19332089608289,"parent_excitation_dense",9,"one_step_shared_gamma_poisson","recruit_size"
"recruit_mean_80",44.6,44.7071293814745,0.106006373177453,44.5042810685213,44.7120753645539,44.903051568089,TRUE,1.01059378095305,"parent_excitation_dense",9,"one_step_shared_gamma_poisson","recruit_size"
"recruit_mean_110",45.2,45.2189248560131,0.0506931517953582,45.1206435786848,45.221109123238,45.3078404271337,TRUE,0.373321747472725,"parent_excitation_dense",9,"one_step_shared_gamma_poisson","recruit_size"
"recruit_sd.log_recruit_sd",3.5,3.51754114371255,0.0180973769882891,3.48304778851771,3.51733251648749,3.55304076434352,TRUE,0.969264425662372,"parent_excitation_dense",9,"one_step_shared_gamma_poisson","recruit_size"
"lambda",1.03119869581319,1.0356261809332,0.0143464904277209,1.00990870002681,1.03502023038018,1.07031888922023,TRUE,0.308611025275565,"parent_excitation_dense",9,"one_step_shared_gamma_poisson","lambda"
"survival_50",0.354343693774205,0.374719837340116,0.0151042028841964,0.344094133143867,0.374720239028629,0.406234752525579,TRUE,1.34903799440032,"parent_excitation_sparse",10,"recursive_gamma_poisson","survival"
"survival_80",0.589040434058665,0.600013156424206,0.0136536779247213,0.570196736679267,0.600021210812785,0.625990847923226,TRUE,0.803645905963057,"parent_excitation_sparse",10,"recursive_gamma_poisson","survival"
"survival_110",0.789181706522253,0.78945530878003,0.0157328945443654,0.75678970219252,0.78972648493139,0.82167633234661,TRUE,0.0173904590159861,"parent_excitation_sparse",10,"recursive_gamma_poisson","survival"
"growth_increment_50",12,11.8438351622483,0.216311125493461,11.4250830098508,11.8338588073496,12.2617327763595,TRUE,-0.721945472732813,"parent_excitation_sparse",10,"recursive_gamma_poisson","growth"
"growth_increment_80",8.4,8.24697586740973,0.141589034834618,7.96575309860735,8.24828906826075,8.53133845830712,TRUE,-1.08076259414448,"parent_excitation_sparse",10,"recursive_gamma_poisson","growth"
"growth_increment_110",4.8,4.6501165725712,0.13687123547318,4.37382461422105,4.65246444448688,4.908343097774,TRUE,-1.0950688573142,"parent_excitation_sparse",10,"recursive_gamma_poisson","growth"
"growth_sd.log_growth_sd",4.5,4.57996312396283,0.123048265098149,4.34771594472584,4.57396731863042,4.8188868018248,TRUE,0.649851697616803,"parent_excitation_sparse",10,"recursive_gamma_poisson","growth"
"recruitment_50",0.019387103915861,0.0202351939963603,0.00198111717140212,0.0169600881246524,0.0200810238625785,0.0245219347885408,TRUE,0.428086784942207,"parent_excitation_sparse",10,"recursive_gamma_poisson","recruitment"
"recruitment_80",0.183939720585721,0.184521615741556,0.0114904999503267,0.164443931200269,0.184421571428263,0.208257851253156,TRUE,0.0506414131979108,"parent_excitation_sparse",10,"recursive_gamma_poisson","recruitment"
"recruitment_110",1.74517147873092,1.68489735497335,0.0513354621576955,1.59073360271683,1.68710335549543,1.78816470546064,TRUE,-1.17412255045874,"parent_excitation_sparse",10,"recursive_gamma_poisson","recruitment"
"recruit_mean_50",44,44.3328822982145,0.353866836174785,43.62997643138,44.3395334749931,45.0428334090503,TRUE,0.940699337108956,"parent_excitation_sparse",10,"recursive_gamma_poisson","recruit_size"
"recruit_mean_80",44.6,44.8387917819407,0.226593183396545,44.4234626122181,44.8415882805215,45.3073186213475,TRUE,1.05383479927012,"parent_excitation_sparse",10,"recursive_gamma_poisson","recruit_size"
"recruit_mean_110",45.2,45.3447012656669,0.109077298547034,45.1454675371449,45.3433049136832,45.5545338701614,TRUE,1.3265937788557,"parent_excitation_sparse",10,"recursive_gamma_poisson","recruit_size"
"recruit_sd.log_recruit_sd",3.5,3.5761486757581,0.0472249755484637,3.48502906027537,3.5760174436035,3.66756242022757,TRUE,1.61246617650348,"parent_excitation_sparse",10,"recursive_gamma_poisson","recruit_size"
"lambda",1.03119869581319,1.02826960993201,0.0147657310140482,0.997033325031361,1.02800499980909,1.05643583647711,TRUE,-0.198370529599836,"parent_excitation_sparse",10,"recursive_gamma_poisson","lambda"
"survival_50",0.354343693774205,0.384234540032319,0.0167157109152927,0.353041283151031,0.383459092486817,0.417800259018707,TRUE,1.78818875305912,"parent_excitation_sparse",10,"one_step_gamma_poisson","survival"
"survival_80",0.589040434058665,0.600212212855871,0.0214445282862725,0.559512416549356,0.601682126893774,0.640417073291139,TRUE,0.520961741292168,"parent_excitation_sparse",10,"one_step_gamma_poisson","survival"
"survival_110",0.789181706522253,0.782292918283246,0.0275536007454336,0.728621759176621,0.783755437355106,0.835307315568868,TRUE,-0.2500140835549,"parent_excitation_sparse",10,"one_step_gamma_poisson","survival"
"growth_increment_50",12,11.7325960975804,0.284744392381703,11.1468066877731,11.7322788636539,12.3129871725725,TRUE,-0.939101557656314,"parent_excitation_sparse",10,"one_step_gamma_poisson","growth"
"growth_increment_80",8.4,8.1681294020885,0.181697037093804,7.80785903392708,8.15873107004188,8.52875929559342,TRUE,-1.27613857452058,"parent_excitation_sparse",10,"one_step_gamma_poisson","growth"
"growth_increment_110",4.8,4.60366270659656,0.176925285707854,4.26793426587116,4.59105361192667,4.95825630681599,TRUE,-1.10971867372105,"parent_excitation_sparse",10,"one_step_gamma_poisson","growth"
"growth_sd.log_growth_sd",4.5,4.642853696868,0.146010970995132,4.38748725007468,4.64358765347986,4.94662850179251,TRUE,0.978376459620692,"parent_excitation_sparse",10,"one_step_gamma_poisson","growth"
"recruitment_50",0.019387103915861,0.0172748115724492,0.001912019341814,0.0137055052673471,0.0171929158329369,0.0209663012947404,TRUE,-1.10474423412883,"parent_excitation_sparse",10,"one_step_gamma_poisson","recruitment"
"recruitment_80",0.183939720585721,0.170341226290261,0.0119444185233701,0.146195525993393,0.170271084694823,0.192610122415346,TRUE,-1.13848106283735,"parent_excitation_sparse",10,"one_step_gamma_poisson","recruitment"
"recruitment_110",1.74517147873092,1.6826518328582,0.0562057909810212,1.56690199178606,1.68695255061142,1.77311487497852,TRUE,-1.11233459722747,"parent_excitation_sparse",10,"one_step_gamma_poisson","recruitment"
"recruit_mean_50",44,44.3082654414335,0.362621548839293,43.6073032034638,44.3063607821935,45.0174479718187,TRUE,0.850102379244116,"parent_excitation_sparse",10,"one_step_gamma_poisson","recruit_size"
"recruit_mean_80",44.6,44.8123699535617,0.230944298685205,44.3652508931801,44.8113996099149,45.2564277325472,TRUE,0.919572185894067,"parent_excitation_sparse",10,"one_step_gamma_poisson","recruit_size"
"recruit_mean_110",45.2,45.31647446569,0.109918268957527,45.1004388438576,45.3130459181939,45.5210848938306,TRUE,1.05964610609942,"parent_excitation_sparse",10,"one_step_gamma_poisson","recruit_size"
"recruit_sd.log_recruit_sd",3.5,3.56140774076116,0.0472215715043998,3.47103262753873,3.56175336685167,3.65575310339381,TRUE,1.30041713574575,"parent_excitation_sparse",10,"one_step_gamma_poisson","recruit_size"
"lambda",1.03119869581319,1.02601736819885,0.0269437471219791,0.973084279629187,1.02833547094144,1.07614749196643,TRUE,-0.192301671734302,"parent_excitation_sparse",10,"one_step_gamma_poisson","lambda"
"survival_50",0.354343693774205,0.355022887881756,0.008110368756452,0.339197334773416,0.355305892060392,0.370570762570734,TRUE,0.0837439243451417,"parent_excitation_dense",10,"recursive_gamma_poisson","survival"
"survival_80",0.589040434058665,0.585758437758664,0.00731292005843381,0.570867112625798,0.585404140964074,0.600359565274832,TRUE,-0.448794226352287,"parent_excitation_dense",10,"recursive_gamma_poisson","survival"
"survival_110",0.789181706522253,0.784080015348473,0.00830090923192342,0.766951243205142,0.783896120238141,0.800835871381685,TRUE,-0.614594260850386,"parent_excitation_dense",10,"recursive_gamma_poisson","survival"
"growth_increment_50",12,11.9623876568431,0.114203412479404,11.7236430848024,11.9601776232982,12.1601331913673,TRUE,-0.329345177524097,"parent_excitation_dense",10,"recursive_gamma_poisson","growth"
"growth_increment_80",8.4,8.34644100462135,0.0731075886507248,8.20110431369051,8.34267033693846,8.48110914027816,TRUE,-0.732605142190187,"parent_excitation_dense",10,"recursive_gamma_poisson","growth"
"growth_increment_110",4.8,4.7304943523996,0.0643200900619198,4.60163814157488,4.73158281317295,4.84581984605382,TRUE,-1.0806211174999,"parent_excitation_dense",10,"recursive_gamma_poisson","growth"
"growth_sd.log_growth_sd",4.5,4.36284885703754,0.062571633491622,4.24793078042083,4.36147711967509,4.49271479114998,FALSE,-2.19190606524313,"parent_excitation_dense",10,"recursive_gamma_poisson","growth"
"recruitment_50",0.019387103915861,0.018746594543492,0.000949153513147402,0.0169527659487815,0.0187068983189528,0.0206966935622348,TRUE,-0.674821684265921,"parent_excitation_dense",10,"recursive_gamma_poisson","recruitment"
"recruitment_80",0.183939720585721,0.181813842658926,0.00581665395477015,0.170735558627015,0.181441793887227,0.193747943895444,TRUE,-0.365481244599701,"parent_excitation_dense",10,"recursive_gamma_poisson","recruitment"
"recruitment_110",1.74517147873092,1.76399002663391,0.0277358338609024,1.70836763141249,1.7645550251031,1.82261913104238,TRUE,0.678492234896201,"parent_excitation_dense",10,"recursive_gamma_poisson","recruitment"
"recruit_mean_50",44,44.1889357418333,0.1924836620267,43.8151431440011,44.1898217747496,44.5764895359465,TRUE,0.981567681349926,"parent_excitation_dense",10,"recursive_gamma_poisson","recruit_size"
"recruit_mean_80",44.6,44.7202626138357,0.123515047919213,44.4859701268155,44.7237323970515,44.9724068999157,TRUE,0.973667709818716,"parent_excitation_dense",10,"recursive_gamma_poisson","recruit_size"
"recruit_mean_110",45.2,45.251589485838,0.0597020211927924,45.1334087935423,45.2539314297494,45.3748661767226,TRUE,0.864116236055155,"parent_excitation_dense",10,"recursive_gamma_poisson","recruit_size"
"recruit_sd.log_recruit_sd",3.5,3.48924824274645,0.0242329856997464,3.44260975804562,3.48977027903003,3.53626996272838,TRUE,-0.443682730092163,"parent_excitation_dense",10,"recursive_gamma_poisson","recruit_size"
"lambda",1.03119869581319,1.02507168449587,0.00747830400200436,1.01011738784859,1.02509826379187,1.03930774451913,TRUE,-0.819304927384843,"parent_excitation_dense",10,"recursive_gamma_poisson","lambda"
"survival_50",0.354343693774205,0.353165470664629,0.00688205956688738,0.340024836320012,0.353306238630062,0.366526645712863,TRUE,-0.171202108631057,"parent_excitation_dense",10,"one_step_gamma_poisson","survival"
"survival_80",0.589040434058665,0.589370131767252,0.0108336816135572,0.569046898985842,0.589241385835935,0.60954300106502,TRUE,0.0304326562610703,"parent_excitation_dense",10,"one_step_gamma_poisson","survival"
"survival_110",0.789181706522253,0.790238400331645,0.0138329474181812,0.764041233465154,0.791087309682056,0.81413657739794,TRUE,0.076389635371797,"parent_excitation_dense",10,"one_step_gamma_poisson","survival"
"growth_increment_50",12,12.0316672097897,0.123381192304434,11.7860736976957,12.0295616261687,12.2581000260225,TRUE,0.256661564037438,"parent_excitation_dense",10,"one_step_gamma_poisson","growth"
"growth_increment_80",8.4,8.39019437379871,0.0838653985878429,8.23597436511315,8.38904400113431,8.5578166674005,TRUE,-0.116920999201153,"parent_excitation_dense",10,"one_step_gamma_poisson","growth"
"growth_increment_110",4.8,4.74872153780776,0.0897218936566014,4.57374563672471,4.74950105149986,4.92388073129454,TRUE,-0.571526748961686,"parent_excitation_dense",10,"one_step_gamma_poisson","growth"
"growth_sd.log_growth_sd",4.5,4.34577996534677,0.0691737586696143,4.2252091369595,4.34173594668273,4.4936462311606,FALSE,-2.22945865049507,"parent_excitation_dense",10,"one_step_gamma_poisson","growth"
"recruitment_50",0.019387103915861,0.0188066732366279,0.000951956529735211,0.0169925263835739,0.0187665431547932,0.0206761752740474,TRUE,-0.609723932871791,"parent_excitation_dense",10,"one_step_gamma_poisson","recruitment"
"recruitment_80",0.183939720585721,0.181811573754272,0.00581927442125458,0.170117570209839,0.181708819044306,0.193267653648442,TRUE,-0.365706560198734,"parent_excitation_dense",10,"one_step_gamma_poisson","recruitment"
"recruitment_110",1.74517147873092,1.75829333140384,0.0263682343128294,1.7044286383665,1.75969378763647,1.80846450643409,TRUE,0.497638655559666,"parent_excitation_dense",10,"one_step_gamma_poisson","recruitment"
"recruit_mean_50",44,44.1245205414967,0.17169854730014,43.7903984769671,44.1289428518775,44.4321499603284,TRUE,0.725227693854515,"parent_excitation_dense",10,"one_step_gamma_poisson","recruit_size"
"recruit_mean_80",44.6,44.6776167395679,0.109746029216325,44.4635613928572,44.6829906998451,44.8829701753182,TRUE,0.70723961606757,"parent_excitation_dense",10,"one_step_gamma_poisson","recruit_size"
"recruit_mean_110",45.2,45.2307129376391,0.0519794079158576,45.1268677070978,45.229931012304,45.334414520401,TRUE,0.59086740058371,"parent_excitation_dense",10,"one_step_gamma_poisson","recruit_size"
"recruit_sd.log_recruit_sd",3.5,3.49152580915689,0.0234281360636821,3.44703344213295,3.49065255891418,3.53791793402912,TRUE,-0.361709989223074,"parent_excitation_dense",10,"one_step_gamma_poisson","recruit_size"
"lambda",1.03119869581319,1.03047391390666,0.0127880220612993,1.00614421596356,1.03067459271188,1.05293500766675,TRUE,-0.0566766230974154,"parent_excitation_dense",10,"one_step_gamma_poisson","lambda"
"survival_50",0.354343693774205,0.353970066046686,0.0070834860761511,0.340138302925892,0.354230415674766,0.368644517935873,TRUE,-0.0527463064798743,"parent_excitation_dense",10,"one_step_shared_gamma_poisson","survival"
"survival_80",0.589040434058665,0.58927701254254,0.0123913250933661,0.565428614786939,0.589315859275641,0.613271565498061,TRUE,0.0190922667343415,"parent_excitation_dense",10,"one_step_shared_gamma_poisson","survival"
"survival_110",0.789181706522253,0.78949092583406,0.0149395687018446,0.76133033083443,0.79019421290451,0.817245517659625,TRUE,0.0206980079531557,"parent_excitation_dense",10,"one_step_shared_gamma_poisson","survival"
"growth_increment_50",12,12.0549314193423,0.108261631115682,11.833881239043,12.0554420259825,12.2723331853985,TRUE,0.507395083338495,"parent_excitation_dense",10,"one_step_shared_gamma_poisson","growth"
"growth_increment_80",8.4,8.40493788089084,0.0763308412235088,8.25642324487069,8.40429341488365,8.54889385725392,TRUE,0.0646905079479241,"parent_excitation_dense",10,"one_step_shared_gamma_poisson","growth"
"growth_increment_110",4.8,4.75494434243937,0.0872829881355858,4.58935960572223,4.75013008783562,4.92382694180121,TRUE,-0.516202051774813,"parent_excitation_dense",10,"one_step_shared_gamma_poisson","growth"
"growth_sd.log_growth_sd",4.5,4.3393129615186,0.0706836951268665,4.20646287949606,4.33745700401186,4.4678608245525,FALSE,-2.27332538562101,"parent_excitation_dense",10,"one_step_shared_gamma_poisson","growth"
"recruitment_50",0.019387103915861,0.0191544353208982,0.000986221371545223,0.0173201898675281,0.019127860083742,0.0210264626557761,TRUE,-0.235919238495414,"parent_excitation_dense",10,"one_step_shared_gamma_poisson","recruitment"
"recruitment_80",0.183939720585721,0.184005009504521,0.00609668190875241,0.172127547442033,0.18394639687754,0.195237916618951,TRUE,0.0107089265566185,"parent_excitation_dense",10,"one_step_shared_gamma_poisson","recruitment"
"recruitment_110",1.74517147873092,1.7682758966317,0.0297046246558197,1.70868960661527,1.77023602035104,1.82405628959034,TRUE,0.77780541476226,"parent_excitation_dense",10,"one_step_shared_gamma_poisson","recruitment"
"recruit_mean_50",44,44.1459015488039,0.152710042256433,43.8363566693194,44.1551470783047,44.4372196480862,TRUE,0.955415548631176,"parent_excitation_dense",10,"one_step_shared_gamma_poisson","recruit_size"
"recruit_mean_80",44.6,44.6902924103511,0.099931381417901,44.4856687545448,44.6969129416256,44.8833149777926,TRUE,0.903544102662429,"parent_excitation_dense",10,"one_step_shared_gamma_poisson","recruit_size"
"recruit_mean_110",45.2,45.2346832718981,0.0492293728714653,45.1358460294447,45.2350291074232,45.3295072555201,TRUE,0.704523943228728,"parent_excitation_dense",10,"one_step_shared_gamma_poisson","recruit_size"
"recruit_sd.log_recruit_sd",3.5,3.49484882712701,0.0182289286178679,3.45591284017818,3.49520255185554,3.53094067314932,TRUE,-0.282582316326723,"parent_excitation_dense",10,"one_step_shared_gamma_poisson","recruit_size"
"lambda",1.03119869581319,1.03029908090645,0.014569751773991,1.00123602338533,1.03147824495242,1.05875277979912,TRUE,-0.0617453832223295,"parent_excitation_dense",10,"one_step_shared_gamma_poisson","lambda"
