"quantity","truth","posterior_mean","posterior_sd","q025","median","q975","covers_truth","standardized_bias","prior_sd","contraction","scenario","replicate","method","group"
"survival_at_80",0.36,0.302965652766733,0.0503704908276692,0.204506473988872,0.301769846769545,0.390313238456609,TRUE,-1.13229683284994,1.5,0.966419672781554,"parent_excitation_sparse",1,"recursive_gamma_poisson","survival"
"survival_slope_20",0.64,0.648011694479864,0.0326582047009645,0.580366320531306,0.650402837729563,0.706086662667375,TRUE,0.245319500971442,1,0.967341795299036,"parent_excitation_sparse",1,"recursive_gamma_poisson","survival"
"growth_increment_80",8.4,8.62181867900273,0.145043772454197,8.36838956916492,8.62898905571082,8.91422599736797,TRUE,1.52932232283723,6,0.9758260379243,"parent_excitation_sparse",1,"recursive_gamma_poisson","growth"
"growth_slope_20",-2.4,-2.39375539335708,0.0659181339358725,-2.52257012828826,-2.39126307177217,-2.26519375400135,TRUE,0.0947327581966294,3,0.978027288688043,"parent_excitation_sparse",1,"recursive_gamma_poisson","growth"
"log_growth_sd",1.50407739677627,1.44045870048168,0.0292580860544346,1.38619877148226,1.43781010832598,1.49799909514015,FALSE,-2.17439705988393,0.7,0.95820273420795,"parent_excitation_sparse",1,"recursive_gamma_poisson","growth"
"log_recruitment_at_80",-1.69314718055995,-1.6973776217952,0.0601483491610493,-1.80558573266135,-1.69735277309843,-1.57600411508566,TRUE,-0.0703334554358373,1.5,0.9599011005593,"parent_excitation_sparse",1,"recursive_gamma_poisson","recruitment"
"recruitment_slope_20",1.5,1.49559859066088,0.0231621881322816,1.450752482051,1.49569636904333,1.54082726538104,TRUE,-0.190025627716251,1,0.976837811867718,"parent_excitation_sparse",1,"recursive_gamma_poisson","recruitment"
"recruit_mean_80",44.6,44.731769904071,0.246107458599997,44.2708382348137,44.7504071356882,45.1995446955027,TRUE,0.535416134157839,10,0.97538925414,"parent_excitation_sparse",1,"recursive_gamma_poisson","recruit_size"
"recruit_mean_slope_20",0.4,0.374520209954407,0.0923010594954588,0.197839758533325,0.372226504791288,0.545312795895746,TRUE,-0.276050894592894,2,0.953849470252271,"parent_excitation_sparse",1,"recursive_gamma_poisson","recruit_size"
"log_recruit_sd",1.25276296849537,1.27015310952112,0.012299093557967,1.24655047004326,1.26980352464144,1.29350251124897,TRUE,1.41393680304877,0.7,0.982429866345761,"parent_excitation_sparse",1,"recursive_gamma_poisson","recruit_size"
"log_process_precision",NA,6.22999016721399,0.75372582404321,4.80155533007349,6.18578116932251,7.80406961180653,NA,NA,2,0.623137087978395,"parent_excitation_sparse",1,"recursive_gamma_poisson","process"
"survival_at_80",0.36,0.322940312564847,0.0814676785981687,0.180774087636489,0.321199590750175,0.487512622120495,TRUE,-0.454900496403565,1.5,0.945688214267888,"parent_excitation_sparse",1,"one_step_gamma_poisson","survival"
"survival_slope_20",0.64,0.622514256469254,0.0512019117720598,0.524250207566648,0.618978332107529,0.726705378013826,TRUE,-0.341505676752637,1,0.94879808822794,"parent_excitation_sparse",1,"one_step_gamma_poisson","survival"
"growth_increment_80",8.4,8.49886743486761,0.170486435761851,8.13979170012968,8.49999860043758,8.81194847202003,TRUE,0.579913788600274,6,0.971585594039691,"parent_excitation_sparse",1,"one_step_gamma_poisson","growth"
"growth_slope_20",-2.4,-2.34892588838884,0.0902682793750032,-2.53961519273032,-2.35022548766101,-2.17494652697586,TRUE,0.565803535469866,3,0.969910573541666,"parent_excitation_sparse",1,"one_step_gamma_poisson","growth"
"log_growth_sd",1.50407739677627,1.4633369956042,0.0339303136613472,1.39838346477588,1.46418039039193,1.52718200535637,TRUE,-1.20070806237444,0.7,0.951528123340933,"parent_excitation_sparse",1,"one_step_gamma_poisson","growth"
"log_recruitment_at_80",-1.69314718055995,-1.75813943813535,0.0557874132931471,-1.87008364928794,-1.75990520130367,-1.64182796767847,TRUE,-1.16499858550332,1.5,0.962808391137902,"parent_excitation_sparse",1,"one_step_gamma_poisson","recruitment"
"recruitment_slope_20",1.5,1.51760722518974,0.0216324490807293,1.47669708632721,1.51766939145087,1.56129797567039,TRUE,0.813926575027797,1,0.978367550919271,"parent_excitation_sparse",1,"one_step_gamma_poisson","recruitment"
"recruit_mean_80",44.6,44.758797112665,0.232403398524555,44.3077321724027,44.7590450201673,45.1871142448927,TRUE,0.683282231125559,10,0.976759660147545,"parent_excitation_sparse",1,"one_step_gamma_poisson","recruit_size"
"recruit_mean_slope_20",0.4,0.361617057454117,0.0871463722159684,0.196798054211635,0.361539158690612,0.531044176462794,TRUE,-0.440442230351962,2,0.956426813892016,"parent_excitation_sparse",1,"one_step_gamma_poisson","recruit_size"
"log_recruit_sd",1.25276296849537,1.27017237205962,0.0123590716533601,1.24653239595047,1.26986778923582,1.29403870891983,TRUE,1.40863359745282,0.7,0.982344183352343,"parent_excitation_sparse",1,"one_step_gamma_poisson","recruit_size"
"log_process_precision",NA,6.76203402315516,1.02451742079453,4.80826518086902,6.74169458264094,8.8172689122977,NA,NA,2,0.487741289602734,"parent_excitation_sparse",1,"one_step_gamma_poisson","process"
"survival_at_80",0.36,0.355676841742093,0.0299766868655838,0.294049599782577,0.356448857170246,0.409182718885065,TRUE,-0.144217347210245,1.5,0.980015542089611,"parent_excitation_dense",1,"recursive_gamma_poisson","survival"
"survival_slope_20",0.64,0.653203791396803,0.0193260099407805,0.613416629430392,0.653744111582526,0.686627587049288,TRUE,0.683213526085418,1,0.98067399005922,"parent_excitation_dense",1,"recursive_gamma_poisson","survival"
"growth_increment_80",8.4,8.31588707132547,0.0689674197241959,8.18275171205591,8.31833166494715,8.44256490863962,TRUE,-1.21960382178864,6,0.988505430045967,"parent_excitation_dense",1,"recursive_gamma_poisson","growth"
"growth_slope_20",-2.4,-2.3688090074002,0.0335049535368391,-2.4300838282778,-2.3695901886772,-2.29361148767237,TRUE,0.930936751352382,3,0.988831682154387,"parent_excitation_dense",1,"recursive_gamma_poisson","growth"
"log_growth_sd",1.50407739677627,1.4517112037372,0.0147297604063796,1.42464772323385,1.45190406625662,1.47926064397811,FALSE,-3.5551286371494,0.7,0.978957485133743,"parent_excitation_dense",1,"recursive_gamma_poisson","growth"
"log_recruitment_at_80",-1.69314718055995,-1.69826512021979,0.0296472261106002,-1.75151173037413,-1.699892232143,-1.64490433089876,TRUE,-0.17262794302419,1.5,0.980235182592933,"parent_excitation_dense",1,"recursive_gamma_poisson","recruitment"
"recruitment_slope_20",1.5,1.50506664828272,0.0112843515086222,1.48414089777245,1.50536387935269,1.52667114034418,TRUE,0.448997736276191,1,0.988715648491378,"parent_excitation_dense",1,"recursive_gamma_poisson","recruitment"
"recruit_mean_80",44.6,44.5805699320858,0.110442245561959,44.3826844832758,44.5766928135272,44.7860156555275,TRUE,-0.175929670891648,10,0.988955775443804,"parent_excitation_dense",1,"recursive_gamma_poisson","recruit_size"
"recruit_mean_slope_20",0.4,0.417463438709956,0.0414147184035361,0.337098951828747,0.41712767027213,0.499363260511927,TRUE,0.421672279400668,2,0.979292640798232,"parent_excitation_dense",1,"recursive_gamma_poisson","recruit_size"
"log_recruit_sd",1.25276296849537,1.25045093395093,0.00593748880605882,1.23811252857313,1.25058971528856,1.26297438739479,TRUE,-0.389396025821015,0.7,0.991517873134202,"parent_excitation_dense",1,"recursive_gamma_poisson","recruit_size"
"log_process_precision",NA,7.28967391962763,0.535058894281147,6.23503963173657,7.29308350962856,8.33769262805438,NA,NA,2,0.732470552859426,"parent_excitation_dense",1,"recursive_gamma_poisson","process"
"survival_at_80",0.36,0.345277446823457,0.0412021522600298,0.263700958732326,0.344898126745612,0.422485764677315,TRUE,-0.357324857294538,1.5,0.972531898493313,"parent_excitation_dense",1,"one_step_gamma_poisson","survival"
"survival_slope_20",0.64,0.636667890767031,0.0275719367267257,0.587583806449795,0.635345021666125,0.687525597755737,TRUE,-0.120851475396695,1,0.972428063273274,"parent_excitation_dense",1,"one_step_gamma_poisson","survival"
"growth_increment_80",8.4,8.31959956351155,0.0842971099044207,8.16627995146299,8.32101027259182,8.48813038054714,TRUE,-0.953774531293098,6,0.985950481682597,"parent_excitation_dense",1,"one_step_gamma_poisson","growth"
"growth_slope_20",-2.4,-2.38384551173782,0.0406436728848217,-2.45952630156938,-2.38697821181849,-2.29811143192499,TRUE,0.397466250354844,3,0.986452109038393,"parent_excitation_dense",1,"one_step_gamma_poisson","growth"
"log_growth_sd",1.50407739677627,1.45528370591835,0.0169113214752509,1.42341158500984,1.45458576671147,1.48924638298181,FALSE,-2.88526777338664,0.7,0.97584096932107,"parent_excitation_dense",1,"one_step_gamma_poisson","growth"
"log_recruitment_at_80",-1.69314718055995,-1.68384169604152,0.0298556846216312,-1.74369134614491,-1.68273784221898,-1.62922932655695,TRUE,0.311682168282467,1.5,0.980096210252246,"parent_excitation_dense",1,"one_step_gamma_poisson","recruitment"
"recruitment_slope_20",1.5,1.49831236484768,0.0116839830638758,1.47538296077047,1.49791220809135,1.52186688022725,TRUE,-0.144440054653819,1,0.988316016936124,"parent_excitation_dense",1,"one_step_gamma_poisson","recruitment"
"recruit_mean_80",44.6,44.5682036479475,0.109164280919987,44.3441517605898,44.5699723857425,44.7859571068242,TRUE,-0.291270659088514,10,0.989083571908001,"parent_excitation_dense",1,"one_step_gamma_poisson","recruit_size"
"recruit_mean_slope_20",0.4,0.422653094087793,0.0408677651765822,0.342491819898685,0.422053177676446,0.499801380556787,TRUE,0.554302247502722,2,0.979566117411709,"parent_excitation_dense",1,"one_step_gamma_poisson","recruit_size"
"log_recruit_sd",1.25276296849537,1.25019360966773,0.00607515126727015,1.23901217158619,1.25021598597992,1.2621115072893,TRUE,-0.422929193793238,0.7,0.991321212475328,"parent_excitation_dense",1,"one_step_gamma_poisson","recruit_size"
"log_process_precision",NA,7.61933509338872,0.583470440097988,6.47094360603118,7.61411224082452,8.73789820130253,NA,NA,2,0.708264779951006,"parent_excitation_dense",1,"one_step_gamma_poisson","process"
"survival_at_80",0.36,0.349272036741854,0.0434568112500947,0.267208628796712,0.347869665717294,0.431655263873966,TRUE,-0.246864943596679,1.5,0.971028792499937,"parent_excitation_dense",1,"one_step_shared_gamma_poisson","survival"
"survival_slope_20",0.64,0.64726206706902,0.026491117875333,0.593875281537139,0.646712624088548,0.699775827682846,TRUE,0.274132148865711,1,0.973508882124667,"parent_excitation_dense",1,"one_step_shared_gamma_poisson","survival"
"growth_increment_80",8.4,8.33491060393344,0.0822895689792109,8.17869114537606,8.33562412122225,8.49564550682692,TRUE,-0.79097991244806,6,0.986285071836798,"parent_excitation_dense",1,"one_step_shared_gamma_poisson","growth"
"growth_slope_20",-2.4,-2.39732081950892,0.0415424342903253,-2.46894185468792,-2.39677713671716,-2.31881597482947,TRUE,0.0644926215050403,3,0.986152521903225,"parent_excitation_dense",1,"one_step_shared_gamma_poisson","growth"
"log_growth_sd",1.50407739677627,1.45126096165924,0.0169997035182133,1.41818425898642,1.45079562019311,1.48495554215815,FALSE,-3.10690330925188,0.7,0.975714709259695,"parent_excitation_dense",1,"one_step_shared_gamma_poisson","growth"
"log_recruitment_at_80",-1.69314718055995,-1.69480865705317,0.0324953193801099,-1.75743786146412,-1.69203383958397,-1.63339046235287,TRUE,-0.0511297172920914,1.5,0.978336453746593,"parent_excitation_dense",1,"one_step_shared_gamma_poisson","recruitment"
"recruitment_slope_20",1.5,1.50419840908006,0.0130095270603901,1.47974360443782,1.50328127331838,1.5297940672873,TRUE,0.322718040446281,1,0.98699047293961,"parent_excitation_dense",1,"one_step_shared_gamma_poisson","recruitment"
"recruit_mean_80",44.6,44.5450348346671,0.097261017484689,44.3584997298912,44.5452215645268,44.7264483875224,TRUE,-0.565130478319015,10,0.990273898251531,"parent_excitation_dense",1,"one_step_shared_gamma_poisson","recruit_size"
"recruit_mean_slope_20",0.4,0.435183287723955,0.0350994005413557,0.372246872296369,0.435509070679713,0.50604795077333,TRUE,1.00238998903984,2,0.982450299729322,"parent_excitation_dense",1,"one_step_shared_gamma_poisson","recruit_size"
"log_recruit_sd",1.25276296849537,1.25023185486479,0.00536202126617128,1.24032723274636,1.25022226543322,1.26101124937962,TRUE,-0.472044683327101,0.7,0.992339969619755,"parent_excitation_dense",1,"one_step_shared_gamma_poisson","recruit_size"
"log_process_precision",NA,7.49409628632459,0.781933078242825,5.94528906029172,7.486809059819,9.0776191770038,NA,NA,2,0.609033460878588,"parent_excitation_dense",1,"one_step_shared_gamma_poisson","process"
"survival_at_80",0.36,0.26292443146624,0.0540664441340193,0.163555113390185,0.261595756029086,0.367712707640894,TRUE,-1.79548646278883,1.5,0.963955703910654,"parent_excitation_sparse",2,"recursive_gamma_poisson","survival"
"survival_slope_20",0.64,0.620618978251089,0.0386333577562434,0.544430956649771,0.618794649194174,0.695008351807174,TRUE,-0.501665474463672,1,0.961366642243757,"parent_excitation_sparse",2,"recursive_gamma_poisson","survival"
"growth_increment_80",8.4,8.22797058656147,0.146002319993984,7.9582996675931,8.22901045767903,8.5174644277149,TRUE,-1.17826493062316,6,0.975666280001003,"parent_excitation_sparse",2,"recursive_gamma_poisson","growth"
"growth_slope_20",-2.4,-2.46526547137841,0.0762321577806648,-2.62047882801524,-2.46274851529789,-2.3180487806194,TRUE,-0.856140942070529,3,0.974589280739778,"parent_excitation_sparse",2,"recursive_gamma_poisson","growth"
"log_growth_sd",1.50407739677627,1.4841584037308,0.0298210065167317,1.42431868029455,1.48408254387877,1.54082844615876,TRUE,-0.667951735106592,0.7,0.957398562118955,"parent_excitation_sparse",2,"recursive_gamma_poisson","growth"
"log_recruitment_at_80",-1.69314718055995,-1.74966985958993,0.0652004018497261,-1.87553543932457,-1.7523311325758,-1.6187148961991,TRUE,-0.866906912019682,1.5,0.956533065433516,"parent_excitation_sparse",2,"recursive_gamma_poisson","recruitment"
"recruitment_slope_20",1.5,1.50743162374733,0.0257614642687717,1.45363009578724,1.508022054081,1.55615488816849,TRUE,0.288478312792862,1,0.974238535731228,"parent_excitation_sparse",2,"recursive_gamma_poisson","recruitment"
"recruit_mean_80",44.6,44.7603574801289,0.217509718551556,44.3210607464116,44.768294391881,45.1560511946828,TRUE,0.737242828489485,10,0.978249028144844,"parent_excitation_sparse",2,"recursive_gamma_poisson","recruit_size"
"recruit_mean_slope_20",0.4,0.312572441440527,0.0831617398781473,0.166025576329776,0.306206461175833,0.484253827573909,TRUE,-1.05129544773325,2,0.958419130060926,"parent_excitation_sparse",2,"recursive_gamma_poisson","recruit_size"
"log_recruit_sd",1.25276296849537,1.26034915869742,0.0126389156515011,1.23571411206025,1.26080099547107,1.28256321630207,TRUE,0.60022476699961,0.7,0.981944406212141,"parent_excitation_sparse",2,"recursive_gamma_poisson","recruit_size"
"log_process_precision",NA,5.20285116608602,0.512320451977718,4.16855339176124,5.22347289860879,6.09611669002239,NA,NA,2,0.743839774011141,"parent_excitation_sparse",2,"recursive_gamma_poisson","process"
"survival_at_80",0.36,0.265692271931504,0.0875741066501049,0.0852438883422293,0.264419325787423,0.435752503852801,TRUE,-1.07689055219592,1.5,0.941617262233263,"parent_excitation_sparse",2,"one_step_gamma_poisson","survival"
"survival_slope_20",0.64,0.614652756248401,0.0583254507963617,0.502478937842716,0.614415712761528,0.728853436222128,TRUE,-0.434582903441192,1,0.941674549203638,"parent_excitation_sparse",2,"one_step_gamma_poisson","survival"
"growth_increment_80",8.4,8.22704583910923,0.169056353462908,7.8868783393983,8.21729167669417,8.56450299215143,TRUE,-1.02305626111067,6,0.971823941089515,"parent_excitation_sparse",2,"one_step_gamma_poisson","growth"
"growth_slope_20",-2.4,-2.4853057111352,0.111661832474764,-2.69818003151119,-2.4935054577206,-2.28325321990742,TRUE,-0.763964814516881,3,0.962779389175079,"parent_excitation_sparse",2,"one_step_gamma_poisson","growth"
"log_growth_sd",1.50407739677627,1.48822553821937,0.0352816652867072,1.42491931036759,1.48822526251864,1.55723529379302,TRUE,-0.44929451113177,0.7,0.94959762101899,"parent_excitation_sparse",2,"one_step_gamma_poisson","growth"
"log_recruitment_at_80",-1.69314718055995,-1.71976622692155,0.0697310599088635,-1.84871002296544,-1.7173711256914,-1.57808950055159,TRUE,-0.381738731583795,1.5,0.953512626727424,"parent_excitation_sparse",2,"one_step_gamma_poisson","recruitment"
"recruitment_slope_20",1.5,1.51156317917885,0.0293293217218622,1.45667874299412,1.51196502108082,1.56940288133589,TRUE,0.394253208052596,1,0.970670678278138,"parent_excitation_sparse",2,"one_step_gamma_poisson","recruitment"
"recruit_mean_80",44.6,44.8241064152839,0.226618288658279,44.3370682733335,44.8296257176477,45.2645456294768,TRUE,0.988915839982344,10,0.977338171134172,"parent_excitation_sparse",2,"one_step_gamma_poisson","recruit_size"
"recruit_mean_slope_20",0.4,0.285020332223906,0.0896525203959772,0.109278562631368,0.284553761479037,0.47447589444784,TRUE,-1.28250346190215,2,0.955173739802011,"parent_excitation_sparse",2,"one_step_gamma_poisson","recruit_size"
"log_recruit_sd",1.25276296849537,1.25673947533625,0.015306259462066,1.22657897676826,1.25656616023929,1.28817192167805,TRUE,0.259796121366768,0.7,0.978133915054191,"parent_excitation_sparse",2,"one_step_gamma_poisson","recruit_size"
"log_process_precision",NA,4.85196226380172,0.373406974874379,4.15325597210728,4.84636673287413,5.559567283175,NA,NA,2,0.81329651256281,"parent_excitation_sparse",2,"one_step_gamma_poisson","process"
"survival_at_80",0.36,0.280107838799462,0.105782387026563,0.0701883808883807,0.277046869058118,0.476982681948453,TRUE,-0.755250126663107,1.5,0.929478408648958,"parent_excitation_sparse",2,"one_step_shared_gamma_poisson","survival"
"survival_slope_20",0.64,0.665320887054404,0.0602627601705567,0.55286794930306,0.664810160081859,0.77754337393911,TRUE,0.420174697984967,1,0.939737239829443,"parent_excitation_sparse",2,"one_step_shared_gamma_poisson","survival"
"growth_increment_80",8.4,8.18290133628253,0.149472298641827,7.91573495691783,8.18526295267047,8.45128953868581,TRUE,-1.45243410110185,6,0.975087950226362,"parent_excitation_sparse",2,"one_step_shared_gamma_poisson","growth"
"growth_slope_20",-2.4,-2.45104704544541,0.0896042256833024,-2.63472048906513,-2.4482038094861,-2.27961577548267,TRUE,-0.569694621611217,3,0.970131924772233,"parent_excitation_sparse",2,"one_step_shared_gamma_poisson","growth"
"log_growth_sd",1.50407739677627,1.49107765023294,0.0315104884405549,1.43518784624704,1.48999483333058,1.55335830935436,TRUE,-0.41255300018157,0.7,0.954985016513493,"parent_excitation_sparse",2,"one_step_shared_gamma_poisson","growth"
"log_recruitment_at_80",-1.69314718055995,-1.66748558527621,0.0762103989332763,-1.80023005674613,-1.66719106662368,-1.49532832863673,TRUE,0.336720390431266,1.5,0.949193067377816,"parent_excitation_sparse",2,"one_step_shared_gamma_poisson","recruitment"
"recruitment_slope_20",1.5,1.49675621942488,0.0304786316054939,1.43353724366934,1.49673776097804,1.55780537604024,TRUE,-0.106428025283762,1,0.969521368394506,"parent_excitation_sparse",2,"one_step_shared_gamma_poisson","recruitment"
"recruit_mean_80",44.6,44.7606211532158,0.214723691210263,44.3539421545514,44.7656724975351,45.2117758784548,TRUE,0.748036475670067,10,0.978527630878974,"parent_excitation_sparse",2,"one_step_shared_gamma_poisson","recruit_size"
"recruit_mean_slope_20",0.4,0.305736824782488,0.0792302159846803,0.146760661988798,0.302779278817325,0.468732506817885,TRUE,-1.18973770355162,2,0.96038489200766,"parent_excitation_sparse",2,"one_step_shared_gamma_poisson","recruit_size"
"log_recruit_sd",1.25276296849537,1.24985873569641,0.0103582559911333,1.23032504821726,1.24998189575987,1.26973808593734,TRUE,-0.280378550351285,0.7,0.985202491441238,"parent_excitation_sparse",2,"one_step_shared_gamma_poisson","recruit_size"
"log_process_precision",NA,4.75965150148256,0.546908636876324,3.61444307196422,4.77377880164507,5.75482887258011,NA,NA,2,0.726545681561838,"parent_excitation_sparse",2,"one_step_shared_gamma_poisson","process"
"survival_at_80",0.36,0.338150418860362,0.0315043788150216,0.286234201920571,0.337365898772941,0.3994687794588,TRUE,-0.693541087349407,1.5,0.978997080789986,"parent_excitation_dense",2,"recursive_gamma_poisson","survival"
"survival_slope_20",0.64,0.627271784302851,0.0213108855450623,0.58285787313077,0.62879474095467,0.669685763127376,TRUE,-0.597263575473439,1,0.978689114454938,"parent_excitation_dense",2,"recursive_gamma_poisson","survival"
"growth_increment_80",8.4,8.2424432110092,0.0717035837253812,8.10572356677766,8.2454544523521,8.38202990278343,FALSE,-2.19733492811501,6,0.988049402712436,"parent_excitation_dense",2,"recursive_gamma_poisson","growth"
"growth_slope_20",-2.4,-2.34346353930775,0.0380870884176519,-2.413783058884,-2.34517335391639,-2.26516228094157,TRUE,1.48439964935842,3,0.987304303860783,"parent_excitation_dense",2,"recursive_gamma_poisson","growth"
"log_growth_sd",1.50407739677627,1.47199136769984,0.0148649572896221,1.44278395051124,1.47227147029646,1.50053002542165,FALSE,-2.15850126248462,0.7,0.978764346729111,"parent_excitation_dense",2,"recursive_gamma_poisson","growth"
"log_recruitment_at_80",-1.69314718055995,-1.72336017654601,0.0338454118880266,-1.78991405171659,-1.72202929118352,-1.65438145276543,TRUE,-0.892676268382293,1.5,0.977436392074649,"parent_excitation_dense",2,"recursive_gamma_poisson","recruitment"
"recruitment_slope_20",1.5,1.51047790384814,0.0140053012299524,1.4829471063731,1.51070136051344,1.53722780377176,TRUE,0.748138413883412,1,0.985994698770048,"parent_excitation_dense",2,"recursive_gamma_poisson","recruitment"
"recruit_mean_80",44.6,44.6684656467183,0.120294397794762,44.4411983495653,44.6675455879051,44.9175321734661,TRUE,0.569150749938785,10,0.987970560220524,"parent_excitation_dense",2,"recursive_gamma_poisson","recruit_size"
"recruit_mean_slope_20",0.4,0.371612754317749,0.0486589776228599,0.281180463888771,0.373126039404468,0.459015626053697,TRUE,-0.583391741237795,2,0.97567051118857,"parent_excitation_dense",2,"recursive_gamma_poisson","recruit_size"
"log_recruit_sd",1.25276296849537,1.25212528117265,0.00767165893318926,1.23823076337724,1.25201942092488,1.26802511350961,TRUE,-0.0831224808443059,0.7,0.989040487238301,"parent_excitation_dense",2,"recursive_gamma_poisson","recruit_size"
"log_process_precision",NA,5.6455329949444,0.262143726531432,5.10229895666857,5.63503877665359,6.18055662478237,NA,NA,2,0.868928136734284,"parent_excitation_dense",2,"recursive_gamma_poisson","process"
"survival_at_80",0.36,0.341124900838175,0.0433010829453595,0.259301046969613,0.340110122845098,0.428853899733496,TRUE,-0.43590362822201,1.5,0.97113261136976,"parent_excitation_dense",2,"one_step_gamma_poisson","survival"
"survival_slope_20",0.64,0.629627614629769,0.0294623311541642,0.574166646227244,0.629816162122892,0.685723277797241,TRUE,-0.352055827353136,1,0.970537668845836,"parent_excitation_dense",2,"one_step_gamma_poisson","survival"
"growth_increment_80",8.4,8.23458486860089,0.0856756175493354,8.05435715194519,8.23266412969861,8.39829443021494,FALSE,-1.93071420003309,6,0.985720730408444,"parent_excitation_dense",2,"one_step_gamma_poisson","growth"
"growth_slope_20",-2.4,-2.34140443283535,0.0465334618463456,-2.43394778747596,-2.33978153018056,-2.25415668467301,TRUE,1.25921358179047,3,0.984488846051218,"parent_excitation_dense",2,"one_step_gamma_poisson","growth"
"log_growth_sd",1.50407739677627,1.47536266053014,0.0172875737839803,1.4449383331468,1.47475914997082,1.50816727433861,TRUE,-1.66100440726618,0.7,0.975303466022885,"parent_excitation_dense",2,"one_step_gamma_poisson","growth"
"log_recruitment_at_80",-1.69314718055995,-1.70113081765273,0.03295849174601,-1.76024616097838,-1.70149196606166,-1.63166616081219,TRUE,-0.242233083792481,1.5,0.978027672169327,"parent_excitation_dense",2,"one_step_gamma_poisson","recruitment"
"recruitment_slope_20",1.5,1.50241836992578,0.0133355948641868,1.47628619522193,1.50279547568718,1.52514903752715,TRUE,0.181346985298654,1,0.986664405135813,"parent_excitation_dense",2,"one_step_gamma_poisson","recruitment"
"recruit_mean_80",44.6,44.6473895896805,0.119084481122554,44.4186958777703,44.6484323217,44.8911746404918,TRUE,0.39794933171615,10,0.988091551887745,"parent_excitation_dense",2,"one_step_gamma_poisson","recruit_size"
"recruit_mean_slope_20",0.4,0.380824096678178,0.0462861387611438,0.281924840645701,0.380772830214235,0.469264881101319,TRUE,-0.414290408210068,2,0.976856930619428,"parent_excitation_dense",2,"one_step_gamma_poisson","recruit_size"
"log_recruit_sd",1.25276296849537,1.25000434647793,0.00643007897796685,1.23703972436536,1.24996537950883,1.26264037689865,TRUE,-0.429018372385782,0.7,0.990814172888619,"parent_excitation_dense",2,"one_step_gamma_poisson","recruit_size"
"log_process_precision",NA,6.41585210909271,0.35610746478673,5.72456926807084,6.40885491263623,7.15703302339436,NA,NA,2,0.821946267606635,"parent_excitation_dense",2,"one_step_gamma_poisson","process"
"survival_at_80",0.36,0.34259761786215,0.0509320272797434,0.243778314315223,0.34417432678485,0.434250460053143,TRUE,-0.341678567834496,1.5,0.966045315146838,"parent_excitation_dense",2,"one_step_shared_gamma_poisson","survival"
"survival_slope_20",0.64,0.641546695347198,0.0287898234025522,0.588810713897245,0.638147916728181,0.696853497491677,TRUE,0.0537236830379746,1,0.971210176597448,"parent_excitation_dense",2,"one_step_shared_gamma_poisson","survival"
"growth_increment_80",8.4,8.25416899700492,0.0760104688450672,8.10443909090028,8.25657984312958,8.39561226361931,FALSE,-1.91856470839989,6,0.987331588525822,"parent_excitation_dense",2,"one_step_shared_gamma_poisson","growth"
"growth_slope_20",-2.4,-2.35067709075361,0.0416579791907354,-2.43447993730087,-2.351396463592,-2.26864164281554,TRUE,1.18399668453822,3,0.986114006936421,"parent_excitation_dense",2,"one_step_shared_gamma_poisson","growth"
"log_growth_sd",1.50407739677627,1.47254925800324,0.0166112786319213,1.44122779427803,1.47300443022778,1.50374954794285,FALSE,-1.89799590216071,0.7,0.976269601954398,"parent_excitation_dense",2,"one_step_shared_gamma_poisson","growth"
"log_recruitment_at_80",-1.69314718055995,-1.69134212770063,0.035812131789418,-1.76376098616256,-1.69231187011122,-1.62179289775587,TRUE,0.0504033903910218,1.5,0.976125245473721,"parent_excitation_dense",2,"one_step_shared_gamma_poisson","recruitment"
"recruitment_slope_20",1.5,1.49792459631706,0.0149709805353803,1.469073132734,1.49825156847532,1.52755547289237,TRUE,-0.138628440403885,1,0.98502901946462,"parent_excitation_dense",2,"one_step_shared_gamma_poisson","recruitment"
"recruit_mean_80",44.6,44.6072900729047,0.111447982857983,44.3784613862861,44.6016890381168,44.8352965224448,TRUE,0.0654123360311665,10,0.988855201714202,"parent_excitation_dense",2,"one_step_shared_gamma_poisson","recruit_size"
"recruit_mean_slope_20",0.4,0.399962701238588,0.040188394798648,0.315926910993008,0.401903084920906,0.482292228354946,TRUE,-0.000928097815281248,2,0.979905802600676,"parent_excitation_dense",2,"one_step_shared_gamma_poisson","recruit_size"
"log_recruit_sd",1.25276296849537,1.25026601843425,0.00531745463330469,1.23967124309855,1.25031367068897,1.25911521624243,TRUE,-0.46957618509337,0.7,0.992403636238136,"parent_excitation_dense",2,"one_step_shared_gamma_poisson","recruit_size"
"log_process_precision",NA,6.37823055165287,0.485862148375837,5.47411441877206,6.39985055260218,7.32991829953706,NA,NA,2,0.757068925812082,"parent_excitation_dense",2,"one_step_shared_gamma_poisson","process"
"survival_at_80",0.36,0.242876183351603,0.0529475200369756,0.141496532198492,0.241830098945141,0.340562537609079,FALSE,-2.21207370178252,1.5,0.964701653308683,"parent_excitation_sparse",3,"recursive_gamma_poisson","survival"
"survival_slope_20",0.64,0.586626231333233,0.0330157140242391,0.521092822489577,0.585835578352407,0.655038915830294,TRUE,-1.61661712442693,1,0.966984285975761,"parent_excitation_sparse",3,"recursive_gamma_poisson","survival"
"growth_increment_80",8.4,8.35761013960314,0.149580034824083,8.03443829011704,8.3621721023264,8.63699871312704,TRUE,-0.283392502526925,6,0.975069994195986,"parent_excitation_sparse",3,"recursive_gamma_poisson","growth"
"growth_slope_20",-2.4,-2.33852173197703,0.0748740013834573,-2.4752967403838,-2.34233018433371,-2.18748038144572,TRUE,0.821089655782084,3,0.975041999538848,"parent_excitation_sparse",3,"recursive_gamma_poisson","growth"
"log_growth_sd",1.50407739677627,1.52512940808496,0.0279281334889391,1.47306663523754,1.52440337315902,1.58002489089533,TRUE,0.753792276058115,0.7,0.960102666444373,"parent_excitation_sparse",3,"recursive_gamma_poisson","growth"
"log_recruitment_at_80",-1.69314718055995,-1.53851205932817,0.0530719081322242,-1.63762260772598,-1.54045061539509,-1.43381134540981,FALSE,2.91369062605618,1.5,0.96461872791185,"parent_excitation_sparse",3,"recursive_gamma_poisson","recruitment"
"recruitment_slope_20",1.5,1.40147786989827,0.0200863051906873,1.35871066875988,1.40211358567185,1.43973813351908,FALSE,-4.90494041419857,1,0.979913694809313,"parent_excitation_sparse",3,"recursive_gamma_poisson","recruitment"
"recruit_mean_80",44.6,44.8058646838225,0.223154877740699,44.3714267481343,44.8106728315806,45.2218119332219,TRUE,0.922519309937322,10,0.97768451222593,"parent_excitation_sparse",3,"recursive_gamma_poisson","recruit_size"
"recruit_mean_slope_20",0.4,0.340436862841356,0.0858463337331653,0.182906928778843,0.335414380909951,0.508521507426557,TRUE,-0.693834373216024,2,0.957076833133417,"parent_excitation_sparse",3,"recursive_gamma_poisson","recruit_size"
"log_recruit_sd",1.25276296849537,1.25472415229838,0.0124217092444292,1.22986884205608,1.25524113346472,1.27938266143198,TRUE,0.157883570160864,0.7,0.982254701079387,"parent_excitation_sparse",3,"recursive_gamma_poisson","recruit_size"
"log_process_precision",NA,5.91153349909596,0.627042738188005,4.73957192956509,5.91420167316268,7.16297653104997,NA,NA,2,0.686478630905998,"parent_excitation_sparse",3,"recursive_gamma_poisson","process"
"survival_at_80",0.36,0.246077432579405,0.0772785751570782,0.0863940058221133,0.248161625508963,0.394007328685843,TRUE,-1.47418048519959,1.5,0.948480949895281,"parent_excitation_sparse",3,"one_step_gamma_poisson","survival"
"survival_slope_20",0.64,0.55011264452903,0.0510349448822681,0.448149486166023,0.550697493470914,0.654947054143443,TRUE,-1.76129034092876,1,0.948965055117732,"parent_excitation_sparse",3,"one_step_gamma_poisson","survival"
"growth_increment_80",8.4,8.23215872308392,0.184241766337629,7.86633884252868,8.23035557581344,8.58241037985158,TRUE,-0.910983867840823,6,0.969293038943728,"parent_excitation_sparse",3,"one_step_gamma_poisson","growth"
"growth_slope_20",-2.4,-2.31858359069385,0.0990849586252548,-2.50889277860565,-2.31591559053745,-2.13626145139018,TRUE,0.821682830933737,3,0.966971680458248,"parent_excitation_sparse",3,"one_step_gamma_poisson","growth"
"log_growth_sd",1.50407739677627,1.53309326479646,0.033862823803957,1.47386266031311,1.53258860783881,1.59690167376608,TRUE,0.856864985276253,0.7,0.951624537422919,"parent_excitation_sparse",3,"one_step_gamma_poisson","growth"
"log_recruitment_at_80",-1.69314718055995,-1.61888575548228,0.0702137396060915,-1.75339625631601,-1.61938001708804,-1.47572344753763,TRUE,1.05764805427371,1.5,0.953190840262606,"parent_excitation_sparse",3,"one_step_gamma_poisson","recruitment"
"recruitment_slope_20",1.5,1.45257531201774,0.0288922859400636,1.39339468024437,1.45400645511932,1.50737781689025,TRUE,-1.64143079854063,1,0.971107714059936,"parent_excitation_sparse",3,"one_step_gamma_poisson","recruitment"
"recruit_mean_80",44.6,44.8960688348349,0.251471135065359,44.4739894086551,44.8915485800421,45.3757856179935,TRUE,1.17734719238446,10,0.974852886493464,"parent_excitation_sparse",3,"one_step_gamma_poisson","recruit_size"
"recruit_mean_slope_20",0.4,0.29269049979664,0.0966828059004527,0.099951084340465,0.294657252974602,0.463940268708824,TRUE,-1.10991296957029,2,0.951658597049774,"parent_excitation_sparse",3,"one_step_gamma_poisson","recruit_size"
"log_recruit_sd",1.25276296849537,1.25382651275577,0.0136375648993946,1.22588538784028,1.25348702152816,1.28084293663156,TRUE,0.0779863757382049,0.7,0.980517764429436,"parent_excitation_sparse",3,"one_step_gamma_poisson","recruit_size"
"log_process_precision",NA,4.76564548330606,0.352831470698828,4.10544453903402,4.74171168392637,5.4290090509906,NA,NA,2,0.823584264650586,"parent_excitation_sparse",3,"one_step_gamma_poisson","process"
"survival_at_80",0.36,0.203131596062302,0.0951539987259628,0.00780327129214206,0.204378311613989,0.389501160578506,TRUE,-1.64857395420101,1.5,0.936564000849358,"parent_excitation_sparse",3,"one_step_shared_gamma_poisson","survival"
"survival_slope_20",0.64,0.602356250026577,0.0551496978614577,0.49913159651117,0.602554388432075,0.708890654905578,TRUE,-0.682574001910016,1,0.944850302138542,"parent_excitation_sparse",3,"one_step_shared_gamma_poisson","survival"
"growth_increment_80",8.4,8.34387941859796,0.169027340147357,8.01765523374328,8.34851570709465,8.67105216376379,TRUE,-0.332020733173177,6,0.971828776642107,"parent_excitation_sparse",3,"one_step_shared_gamma_poisson","growth"
"growth_slope_20",-2.4,-2.37262315671429,0.0894148858546312,-2.54432263132359,-2.36816665640649,-2.21485000759216,TRUE,0.306177690929609,3,0.970195038048456,"parent_excitation_sparse",3,"one_step_shared_gamma_poisson","growth"
"log_growth_sd",1.50407739677627,1.53211676223632,0.0313206308677903,1.47474434316576,1.53003638356188,1.59411687552782,TRUE,0.895236292602184,0.7,0.955256241617442,"parent_excitation_sparse",3,"one_step_shared_gamma_poisson","growth"
"log_recruitment_at_80",-1.69314718055995,-1.64567367020056,0.0683916876173795,-1.77716935845657,-1.64213380174043,-1.51957568472384,TRUE,0.694141525282732,1.5,0.954405541588414,"parent_excitation_sparse",3,"one_step_shared_gamma_poisson","recruitment"
"recruitment_slope_20",1.5,1.47269267900666,0.0281729370289096,1.41962755965829,1.47120328963556,1.52809450716349,TRUE,-0.96927490965231,1,0.97182706297109,"parent_excitation_sparse",3,"one_step_shared_gamma_poisson","recruitment"
"recruit_mean_80",44.6,44.9446250516019,0.198159162302455,44.560907234928,44.9505853631695,45.3242251876311,TRUE,1.73913256191462,10,0.980184083769755,"parent_excitation_sparse",3,"one_step_shared_gamma_poisson","recruit_size"
"recruit_mean_slope_20",0.4,0.290357015829749,0.071835605615907,0.144147907344487,0.286460555380216,0.429281003731253,TRUE,-1.52630416671774,2,0.964082197192046,"parent_excitation_sparse",3,"one_step_shared_gamma_poisson","recruit_size"
"log_recruit_sd",1.25276296849537,1.25575643307947,0.0105476761329186,1.23408253607567,1.25540071288594,1.27623238767265,TRUE,0.283803232710371,0.7,0.984931891238688,"parent_excitation_sparse",3,"one_step_shared_gamma_poisson","recruit_size"
"log_process_precision",NA,4.93378731230943,0.432766453813236,4.11639588626203,4.93490334407054,5.81381899830604,NA,NA,2,0.783616773093382,"parent_excitation_sparse",3,"one_step_shared_gamma_poisson","process"
"survival_at_80",0.36,0.38525881629299,0.030006811443219,0.325897924715299,0.384387041850536,0.447322947246016,TRUE,0.84176942094587,1.5,0.979995459037854,"parent_excitation_dense",3,"recursive_gamma_poisson","survival"
"survival_slope_20",0.64,0.641776480460833,0.0203203804270739,0.601882162667458,0.641964545244544,0.678942046146518,TRUE,0.0874235828019517,1,0.979679619572926,"parent_excitation_dense",3,"recursive_gamma_poisson","survival"
"growth_increment_80",8.4,8.4174776073035,0.0679539996414088,8.28700177465412,8.41641465765144,8.53782923792632,TRUE,0.257197624801068,6,0.988674333393099,"parent_excitation_dense",3,"recursive_gamma_poisson","growth"
"growth_slope_20",-2.4,-2.44564150553271,0.0345713946180052,-2.50916281245359,-2.44560341852398,-2.37434027399329,TRUE,-1.32021013433288,3,0.988476201793998,"parent_excitation_dense",3,"recursive_gamma_poisson","growth"
"log_growth_sd",1.50407739677627,1.47270456857002,0.0150128470688165,1.44490284580866,1.47283607341629,1.50189584779242,FALSE,-2.08973208495702,0.7,0.978553075615976,"parent_excitation_dense",3,"recursive_gamma_poisson","growth"
"log_recruitment_at_80",-1.69314718055995,-1.64789322305323,0.0309143403175336,-1.70680092983319,-1.64633243871994,-1.5887579557593,TRUE,1.46385001400298,1.5,0.979390439788311,"parent_excitation_dense",3,"recursive_gamma_poisson","recruitment"
"recruitment_slope_20",1.5,1.48099512103526,0.0122687852612086,1.45668840377711,1.48089692869214,1.5058194266305,TRUE,-1.54904324756845,1,0.987731214738791,"parent_excitation_dense",3,"recursive_gamma_poisson","recruitment"
"recruit_mean_80",44.6,44.7220124577365,0.115493579099617,44.4982808337665,44.7206607522639,44.9490954128859,TRUE,1.05644364550584,10,0.988450642090038,"parent_excitation_dense",3,"recursive_gamma_poisson","recruit_size"
"recruit_mean_slope_20",0.4,0.354370257012374,0.045399511349425,0.261989757117514,0.356713922128907,0.440734534089363,TRUE,-1.00507123604105,2,0.977300244325288,"parent_excitation_dense",3,"recursive_gamma_poisson","recruit_size"
"log_recruit_sd",1.25276296849537,1.2484979612243,0.0069249504213414,1.23422470504809,1.24886992183924,1.26076139390767,TRUE,-0.615889935894315,0.7,0.990107213683798,"parent_excitation_dense",3,"recursive_gamma_poisson","recruit_size"
"log_process_precision",NA,6.50566958393105,0.563273313085552,5.44278744990413,6.49704204904221,7.60560375988624,NA,NA,2,0.718363343457224,"parent_excitation_dense",3,"recursive_gamma_poisson","process"
"survival_at_80",0.36,0.377762613217621,0.0429454191462399,0.300716062314178,0.378807948754208,0.464241325424185,TRUE,0.413609031434403,1.5,0.971369720569173,"parent_excitation_dense",3,"one_step_gamma_poisson","survival"
"survival_slope_20",0.64,0.642015673975125,0.0289590368861835,0.586286716993237,0.642869038220328,0.69373449014485,TRUE,0.0696043167128504,1,0.971040963113816,"parent_excitation_dense",3,"one_step_gamma_poisson","survival"
"growth_increment_80",8.4,8.41713819989967,0.0795956293719902,8.23925018900876,8.4222327723069,8.56355682461491,TRUE,0.215315841270326,6,0.986734061771335,"parent_excitation_dense",3,"one_step_gamma_poisson","growth"
"growth_slope_20",-2.4,-2.45853943998682,0.0461014787688135,-2.54681591983033,-2.45761042423382,-2.372509694867,TRUE,-1.26979527664141,3,0.984632840410396,"parent_excitation_dense",3,"one_step_gamma_poisson","growth"
"log_growth_sd",1.50407739677627,1.4778767519344,0.0182931572634679,1.44282336291718,1.47755319243367,1.51573729368999,TRUE,-1.43226477881988,0.7,0.973866918195046,"parent_excitation_dense",3,"one_step_gamma_poisson","growth"
"log_recruitment_at_80",-1.69314718055995,-1.6651915697716,0.0340029645818493,-1.74218087524547,-1.66315697969432,-1.59987406292627,TRUE,0.822152160322888,1.5,0.977331356945434,"parent_excitation_dense",3,"one_step_gamma_poisson","recruitment"
"recruitment_slope_20",1.5,1.48941713027808,0.0137158312722219,1.46264117697185,1.48902969660522,1.51728842363617,TRUE,-0.771580629119987,1,0.986284168727778,"parent_excitation_dense",3,"one_step_gamma_poisson","recruitment"
"recruit_mean_80",44.6,44.6879653226143,0.114143942936618,44.472182943846,44.6815810864815,44.9064197702275,TRUE,0.770652566848464,10,0.988585605706338,"parent_excitation_dense",3,"one_step_gamma_poisson","recruit_size"
"recruit_mean_slope_20",0.4,0.367063453086786,0.0449116834637579,0.277939951752297,0.370301128993249,0.450526114875157,TRUE,-0.733362554529776,2,0.977544158268121,"parent_excitation_dense",3,"one_step_gamma_poisson","recruit_size"
"log_recruit_sd",1.25276296849537,1.24791767706177,0.00687935136899403,1.23529447033778,1.2475279060596,1.26174010008396,TRUE,-0.704323877892736,0.7,0.990172355187151,"parent_excitation_dense",3,"one_step_gamma_poisson","recruit_size"
"log_process_precision",NA,6.66564524536096,0.499555609770019,5.62929181067364,6.68319814282159,7.59534519814386,NA,NA,2,0.75022219511499,"parent_excitation_dense",3,"one_step_gamma_poisson","process"
"survival_at_80",0.36,0.379609515164322,0.0544191971951713,0.271438506335219,0.378933235348259,0.483364358764183,TRUE,0.360341867852137,1.5,0.963720535203219,"parent_excitation_dense",3,"one_step_shared_gamma_poisson","survival"
"survival_slope_20",0.64,0.648439937902994,0.0300184892938871,0.593668922098759,0.648152224278965,0.702828206973036,TRUE,0.281157983013919,1,0.969981510706113,"parent_excitation_dense",3,"one_step_shared_gamma_poisson","survival"
"growth_increment_80",8.4,8.43471448499397,0.0787045853968293,8.28728194600765,8.43565486115425,8.57619030427962,TRUE,0.441073221070165,6,0.986882569100528,"parent_excitation_dense",3,"one_step_shared_gamma_poisson","growth"
"growth_slope_20",-2.4,-2.46298600537569,0.0421750268113088,-2.54061406778462,-2.46389632070751,-2.3830634445264,TRUE,-1.49344316145876,3,0.985941657729564,"parent_excitation_dense",3,"one_step_shared_gamma_poisson","growth"
"log_growth_sd",1.50407739677627,1.47984419008685,0.015972000920974,1.44952487707126,1.4796103996435,1.51202904376534,TRUE,-1.51723048410284,0.7,0.97718285582718,"parent_excitation_dense",3,"one_step_shared_gamma_poisson","growth"
"log_recruitment_at_80",-1.69314718055995,-1.69014161098474,0.0344994350670861,-1.75302826375429,-1.69267687965691,-1.61630932765104,TRUE,0.0871193852700802,1.5,0.977000376621943,"parent_excitation_dense",3,"one_step_shared_gamma_poisson","recruitment"
"recruitment_slope_20",1.5,1.50168175449209,0.0140787012522817,1.46953318049479,1.50308087003035,1.52603550867449,TRUE,0.119453809123153,1,0.985921298747718,"parent_excitation_dense",3,"one_step_shared_gamma_poisson","recruitment"
"recruit_mean_80",44.6,44.6656153702648,0.10236543358244,44.462775705028,44.6612451274969,44.8723115363175,TRUE,0.640991475037052,10,0.989763456641756,"parent_excitation_dense",3,"one_step_shared_gamma_poisson","recruit_size"
"recruit_mean_slope_20",0.4,0.381758800650708,0.037518892674062,0.307695606866476,0.382009449029265,0.452628319590642,TRUE,-0.48618703936065,2,0.981240553662969,"parent_excitation_dense",3,"one_step_shared_gamma_poisson","recruit_size"
"log_recruit_sd",1.25276296849537,1.24829356842021,0.00530409609425483,1.23799926911359,1.24828666817737,1.25834114264127,TRUE,-0.842631806765489,0.7,0.99242271986535,"parent_excitation_dense",3,"one_step_shared_gamma_poisson","recruit_size"
"log_process_precision",NA,6.51728089501708,0.544478819535758,5.36940089149849,6.54302118568087,7.68150418576037,NA,NA,2,0.727760590232121,"parent_excitation_dense",3,"one_step_shared_gamma_poisson","process"
"survival_at_80",0.36,0.346546670026573,0.0567372411366639,0.238668132536984,0.345172625312417,0.45572938637792,TRUE,-0.237116393111563,1.5,0.962175172575557,"parent_excitation_sparse",4,"recursive_gamma_poisson","survival"
"survival_slope_20",0.64,0.669465268377952,0.036838107127339,0.597146321811085,0.670079149105495,0.739577983488668,TRUE,0.799858371552558,1,0.963161892872661,"parent_excitation_sparse",4,"recursive_gamma_poisson","survival"
"growth_increment_80",8.4,8.63040087817974,0.125197373509119,8.38812279304487,8.63405997337785,8.87211652267244,TRUE,1.84030121177385,6,0.979133771081813,"parent_excitation_sparse",4,"recursive_gamma_poisson","growth"
"growth_slope_20",-2.4,-2.38983675593395,0.063158831047724,-2.52059232941639,-2.38813124922261,-2.26717524747011,TRUE,0.160915645483864,3,0.978947056317425,"parent_excitation_sparse",4,"recursive_gamma_poisson","growth"
"log_growth_sd",1.50407739677627,1.45929997426726,0.029454929664488,1.39951603199587,1.45779042674781,1.51619374970941,TRUE,-1.52020130480909,0.7,0.957921529050731,"parent_excitation_sparse",4,"recursive_gamma_poisson","growth"
"log_recruitment_at_80",-1.69314718055995,-1.69460084762736,0.0564758260506815,-1.80140070202785,-1.69451820052158,-1.57830814773724,TRUE,-0.0257396335577561,1.5,0.962349449299546,"parent_excitation_sparse",4,"recursive_gamma_poisson","recruitment"
"recruitment_slope_20",1.5,1.49011718590072,0.0219174399495156,1.44566630015603,1.49007816844958,1.5308301027945,TRUE,-0.450910969622513,1,0.978082560050484,"parent_excitation_sparse",4,"recursive_gamma_poisson","recruitment"
"recruit_mean_80",44.6,44.9533741785394,0.229518749730072,44.5047419013753,44.9552234939267,45.4243584223281,TRUE,1.53963098420049,10,0.977048125026993,"parent_excitation_sparse",4,"recursive_gamma_poisson","recruit_size"
"recruit_mean_slope_20",0.4,0.265098609126045,0.0884820751009477,0.0920620742174385,0.265263473424705,0.442609133270524,TRUE,-1.52461829946968,2,0.955758962449526,"parent_excitation_sparse",4,"recursive_gamma_poisson","recruit_size"
"log_recruit_sd",1.25276296849537,1.25526589381476,0.0121519481161202,1.23175936345432,1.25530735113234,1.27940446468273,TRUE,0.205969059073854,0.7,0.982640074119828,"parent_excitation_sparse",4,"recursive_gamma_poisson","recruit_size"
"log_process_precision",NA,5.54540724465313,0.472754719539694,4.70747002198395,5.53130771510149,6.47958978987499,NA,NA,2,0.763622640230153,"parent_excitation_sparse",4,"recursive_gamma_poisson","process"
"survival_at_80",0.36,0.408336775646724,0.091386919190471,0.233880329707255,0.412168168771474,0.591149616168352,TRUE,0.528924446462402,1.5,0.939075387206353,"parent_excitation_sparse",4,"one_step_gamma_poisson","survival"
"survival_slope_20",0.64,0.681770524543073,0.0619205594734689,0.546881201734175,0.688378636980794,0.793780829908225,TRUE,0.674582479523148,1,0.938079440526531,"parent_excitation_sparse",4,"one_step_gamma_poisson","survival"
"growth_increment_80",8.4,8.61142245192683,0.165761089296853,8.31056122611904,8.61947702029435,8.93400702735958,TRUE,1.27546490448195,6,0.972373151783858,"parent_excitation_sparse",4,"one_step_gamma_poisson","growth"
"growth_slope_20",-2.4,-2.38489451488142,0.0870649013307071,-2.54699288583784,-2.38186000916168,-2.22071419480684,TRUE,0.173496838424026,3,0.970978366223098,"parent_excitation_sparse",4,"one_step_gamma_poisson","growth"
"log_growth_sd",1.50407739677627,1.48055224106086,0.0330264958664572,1.41929242664562,1.48000420783193,1.54711428363916,TRUE,-0.712311587960735,0.7,0.952819291619347,"parent_excitation_sparse",4,"one_step_gamma_poisson","growth"
"log_recruitment_at_80",-1.69314718055995,-1.73304462380594,0.0699131348446708,-1.87213012362883,-1.73006444083766,-1.59837488598668,TRUE,-0.570671638950786,1.5,0.953391243436886,"parent_excitation_sparse",4,"one_step_gamma_poisson","recruitment"
"recruitment_slope_20",1.5,1.51300788524851,0.0280703983592784,1.46254870478813,1.51262706404066,1.56715833378956,TRUE,0.463402231846392,1,0.971929601640722,"parent_excitation_sparse",4,"one_step_gamma_poisson","recruitment"
"recruit_mean_80",44.6,44.9816814107509,0.222932664383088,44.5989868615109,44.9736036676668,45.421251728461,TRUE,1.71209280527401,10,0.977706733561691,"parent_excitation_sparse",4,"one_step_gamma_poisson","recruit_size"
"recruit_mean_slope_20",0.4,0.236976282181965,0.0855690484656784,0.0684458802782402,0.243187695182667,0.381817607714715,FALSE,-1.90517156309648,2,0.957215475767161,"parent_excitation_sparse",4,"one_step_gamma_poisson","recruit_size"
"log_recruit_sd",1.25276296849537,1.25469173965127,0.0128269626428094,1.2289675108674,1.25562293784595,1.27792270498161,TRUE,0.150368501851067,0.7,0.98167576765313,"parent_excitation_sparse",4,"one_step_gamma_poisson","recruit_size"
"log_process_precision",NA,5.04983929625558,0.381991274586722,4.30002562483887,5.03012721670512,5.75543059611417,NA,NA,2,0.809004362706639,"parent_excitation_sparse",4,"one_step_gamma_poisson","process"
"survival_at_80",0.36,0.333284425146134,0.0296919395906648,0.274662491728466,0.332414138553078,0.389613781995997,TRUE,-0.899758494128987,1.5,0.980205373606223,"parent_excitation_dense",4,"recursive_gamma_poisson","survival"
"survival_slope_20",0.64,0.649965849298666,0.0202561970333647,0.614362550933217,0.6504040931114,0.688936268004264,TRUE,0.491990144164335,1,0.979743802966635,"parent_excitation_dense",4,"recursive_gamma_poisson","survival"
"growth_increment_80",8.4,8.39633756875676,0.0707423954864874,8.25757956048162,8.40150532953029,8.52119975658778,TRUE,-0.0517713772350534,6,0.988209600752252,"parent_excitation_dense",4,"recursive_gamma_poisson","growth"
"growth_slope_20",-2.4,-2.41508230064277,0.0354079540105597,-2.48571126269574,-2.41538789058239,-2.34843830495873,TRUE,-0.425957982160439,3,0.988197348663147,"parent_excitation_dense",4,"recursive_gamma_poisson","growth"
"log_growth_sd",1.50407739677627,1.46471295440032,0.0142482395571234,1.43820125145471,1.46516934958549,1.4911395705653,FALSE,-2.76275831959035,0.7,0.979645372061252,"parent_excitation_dense",4,"recursive_gamma_poisson","growth"
"log_recruitment_at_80",-1.69314718055995,-1.64017746506112,0.0310111643635457,-1.6953853670409,-1.63943022100235,-1.58377747801687,TRUE,1.70808534880713,1.5,0.979325890424303,"parent_excitation_dense",4,"recursive_gamma_poisson","recruitment"
"recruitment_slope_20",1.5,1.48093001815168,0.0124278110693115,1.45670509345445,1.48105618583486,1.50518477584012,TRUE,-1.53446023132867,1,0.987572188930689,"parent_excitation_dense",4,"recursive_gamma_poisson","recruitment"
"recruit_mean_80",44.6,44.5622731852264,0.114849433553495,44.3338172495409,44.5611007308887,44.7714840421473,TRUE,-0.328489341273299,10,0.98851505664465,"parent_excitation_dense",4,"recursive_gamma_poisson","recruit_size"
"recruit_mean_slope_20",0.4,0.420820269929777,0.0462761578883638,0.325734869304038,0.421137668197367,0.511236195532185,TRUE,0.449913538198309,2,0.976861921055818,"parent_excitation_dense",4,"recursive_gamma_poisson","recruit_size"
"log_recruit_sd",1.25276296849537,1.25450086746693,0.00723705049633817,1.24000962565188,1.25458197490877,1.26861099834954,TRUE,0.240139124694941,0.7,0.989661356433803,"parent_excitation_dense",4,"recursive_gamma_poisson","recruit_size"
"log_process_precision",NA,6.39460659740101,0.415322341482934,5.60554213070383,6.37859979818507,7.22861845566748,NA,NA,2,0.792338829258533,"parent_excitation_dense",4,"recursive_gamma_poisson","process"
"survival_at_80",0.36,0.327523582771292,0.0428534184594549,0.24225031103411,0.327125315964701,0.414826460426084,TRUE,-0.757848927721719,1.5,0.971431054360363,"parent_excitation_dense",4,"one_step_gamma_poisson","survival"
"survival_slope_20",0.64,0.625220322094159,0.0276419368802039,0.565420538496121,0.625689037795676,0.678462979641187,TRUE,-0.534683150818763,1,0.972358063119796,"parent_excitation_dense",4,"one_step_gamma_poisson","survival"
"growth_increment_80",8.4,8.39235926459287,0.0852744022766759,8.22494265306267,8.39321417462591,8.55565049225037,TRUE,-0.0896017468681708,6,0.985787599620554,"parent_excitation_dense",4,"one_step_gamma_poisson","growth"
"growth_slope_20",-2.4,-2.41322795885776,0.0467291270017977,-2.50407900867974,-2.4130840660295,-2.32018112983326,TRUE,-0.283077380351088,3,0.984423624332734,"parent_excitation_dense",4,"one_step_gamma_poisson","growth"
"log_growth_sd",1.50407739677627,1.46369519091139,0.0166159264035769,1.43034493894112,1.46405870518725,1.49770417703147,FALSE,-2.43033129083838,0.7,0.976262962280604,"parent_excitation_dense",4,"one_step_gamma_poisson","growth"
"log_recruitment_at_80",-1.69314718055995,-1.62870395541443,0.0307101814148315,-1.69462734929992,-1.62717234150005,-1.56299960879571,TRUE,2.09843192637056,1.5,0.979526545723446,"parent_excitation_dense",4,"one_step_gamma_poisson","recruitment"
"recruitment_slope_20",1.5,1.47443326734162,0.0126630956028868,1.45147030036625,1.4738094826356,1.50155214715936,TRUE,-2.01899546999824,1,0.987336904397113,"parent_excitation_dense",4,"one_step_gamma_poisson","recruitment"
"recruit_mean_80",44.6,44.6407905983414,0.117810900140873,44.3917116559914,44.6437790270486,44.8662832626993,TRUE,0.346237897279562,10,0.988218909985913,"parent_excitation_dense",4,"one_step_gamma_poisson","recruit_size"
"recruit_mean_slope_20",0.4,0.38456610482716,0.0449690860808578,0.304018889892901,0.382251397420962,0.481300956080954,TRUE,-0.343211226154099,2,0.977515456959571,"parent_excitation_dense",4,"one_step_gamma_poisson","recruit_size"
"log_recruit_sd",1.25276296849537,1.25428783660814,0.0072954528829794,1.23971260466197,1.253744841426,1.26791233217475,TRUE,0.209016237542581,0.7,0.989577924452887,"parent_excitation_dense",4,"one_step_gamma_poisson","recruit_size"
"log_process_precision",NA,6.62820649940412,0.473435889281179,5.72411068502903,6.60412582220338,7.5890972654311,NA,NA,2,0.763282055359411,"parent_excitation_dense",4,"one_step_gamma_poisson","process"
"survival_at_80",0.36,0.321369182595891,0.0489066620131433,0.229093170790174,0.31863002648253,0.422121603462219,TRUE,-0.789888653487077,1.5,0.967395558657904,"parent_excitation_dense",4,"one_step_shared_gamma_poisson","survival"
"survival_slope_20",0.64,0.632791627576959,0.0266936518263771,0.582478036034949,0.63346070608886,0.682590494729895,TRUE,-0.270040699935932,1,0.973306348173623,"parent_excitation_dense",4,"one_step_shared_gamma_poisson","survival"
"growth_increment_80",8.4,8.41330034959119,0.0808755451819615,8.25113458005106,8.40890961260344,8.57335643562407,TRUE,0.164454527771854,6,0.986520742469673,"parent_excitation_dense",4,"one_step_shared_gamma_poisson","growth"
"growth_slope_20",-2.4,-2.43136351467308,0.0417404454460276,-2.51154958728818,-2.42892122708936,-2.35155742706154,TRUE,-0.751393866019892,3,0.986086518184657,"parent_excitation_dense",4,"one_step_shared_gamma_poisson","growth"
"log_growth_sd",1.50407739677627,1.4621649613053,0.0164758717657346,1.43019336509078,1.46214939555423,1.49502990739492,FALSE,-2.54386754563945,0.7,0.976463040334665,"parent_excitation_dense",4,"one_step_shared_gamma_poisson","growth"
"log_recruitment_at_80",-1.69314718055995,-1.63008400240585,0.0355369516961364,-1.69481307706434,-1.63083719501005,-1.55759819560236,TRUE,1.77458040558242,1.5,0.976308698869242,"parent_excitation_dense",4,"one_step_shared_gamma_poisson","recruitment"
"recruitment_slope_20",1.5,1.47285656715884,0.0143659980776718,1.44491127414683,1.47337512484394,1.49815850116518,FALSE,-1.88942200147945,1,0.985634001922328,"parent_excitation_dense",4,"one_step_shared_gamma_poisson","recruitment"
"recruit_mean_80",44.6,44.6572027837464,0.105082822545365,44.4590179283396,44.6595163429599,44.8820296405266,TRUE,0.544359033768232,10,0.989491717745464,"parent_excitation_dense",4,"one_step_shared_gamma_poisson","recruit_size"
"recruit_mean_slope_20",0.4,0.374453860654208,0.0392261799292677,0.291004555680754,0.373244787152212,0.451236113553409,TRUE,-0.651252285893159,2,0.980386910035366,"parent_excitation_dense",4,"one_step_shared_gamma_poisson","recruit_size"
"log_recruit_sd",1.25276296849537,1.25495430475953,0.00531822912102103,1.24479992212843,1.25510698955028,1.26522443637856,TRUE,0.412042470208805,0.7,0.992402529827113,"parent_excitation_dense",4,"one_step_shared_gamma_poisson","recruit_size"
"log_process_precision",NA,6.61156903672265,0.589765974321882,5.53964194728851,6.63094073632728,7.77284470961627,NA,NA,2,0.705117012839059,"parent_excitation_dense",4,"one_step_shared_gamma_poisson","process"
"survival_at_80",0.36,0.259865868459925,0.0535540976242266,0.153709569321803,0.260237379032802,0.370480784244837,TRUE,-1.86977534833444,1.5,0.964297268250516,"parent_excitation_sparse",5,"recursive_gamma_poisson","survival"
"survival_slope_20",0.64,0.554172063803071,0.0340411551743012,0.485485780973684,0.554882997492413,0.619989373340952,FALSE,-2.52129916735972,1,0.965958844825699,"parent_excitation_sparse",5,"recursive_gamma_poisson","survival"
"growth_increment_80",8.4,8.23949734129669,0.143017894730882,7.97444269715791,8.23595149199581,8.5241509037639,TRUE,-1.12225577788942,6,0.97616368421152,"parent_excitation_sparse",5,"recursive_gamma_poisson","growth"
"growth_slope_20",-2.4,-2.22909876749125,0.0724563433754772,-2.35622510072529,-2.23102087100947,-2.08756048681317,FALSE,2.35867868218411,3,0.975847885541508,"parent_excitation_sparse",5,"recursive_gamma_poisson","growth"
"log_growth_sd",1.50407739677627,1.48668774352626,0.029370961685276,1.42574722607431,1.48668206057643,1.5402992700232,TRUE,-0.592069590241871,0.7,0.958041483306749,"parent_excitation_sparse",5,"recursive_gamma_poisson","growth"
"log_recruitment_at_80",-1.69314718055995,-1.77567516692828,0.063098475603469,-1.90009947451564,-1.77319511364745,-1.65524126903965,TRUE,-1.30792361588838,1.5,0.957934349597687,"parent_excitation_sparse",5,"recursive_gamma_poisson","recruitment"
"recruitment_slope_20",1.5,1.52548675089112,0.0246530484673093,1.4777294557648,1.52509427766166,1.56874440981234,TRUE,1.03381741714094,1,0.975346951532691,"parent_excitation_sparse",5,"recursive_gamma_poisson","recruitment"
"recruit_mean_80",44.6,44.5195793954616,0.240634816359983,44.0655784725632,44.5308967764103,45.0074045563555,TRUE,-0.334201865527713,10,0.975936518364002,"parent_excitation_sparse",5,"recursive_gamma_poisson","recruit_size"
"recruit_mean_slope_20",0.4,0.397102880504407,0.0908896924709081,0.219866945544781,0.395863410254417,0.562451512446366,TRUE,-0.0318751160536773,2,0.954555153764546,"parent_excitation_sparse",5,"recursive_gamma_poisson","recruit_size"
"log_recruit_sd",1.25276296849537,1.24378733477269,0.0133674798363765,1.21790863681414,1.24359256244449,1.27073138270218,TRUE,-0.671452946444969,0.7,0.980903600233748,"parent_excitation_sparse",5,"recursive_gamma_poisson","recruit_size"
"log_process_precision",NA,5.07953895890358,0.503218104680655,4.07597436630235,5.09461907033664,6.08664231833856,NA,NA,2,0.748390947659673,"parent_excitation_sparse",5,"recursive_gamma_poisson","process"
"survival_at_80",0.36,0.264412352893502,0.0795357545101815,0.101030509827341,0.266059659674653,0.406602577896003,TRUE,-1.20181983178725,1.5,0.946976163659879,"parent_excitation_sparse",5,"one_step_gamma_poisson","survival"
"survival_slope_20",0.64,0.572159429364826,0.0543074192433459,0.46537708519573,0.573422579311407,0.667872069498019,TRUE,-1.24919525877648,1,0.945692580756654,"parent_excitation_sparse",5,"one_step_gamma_poisson","survival"
"growth_increment_80",8.4,8.26935985271856,0.184255790435395,7.92008966380858,8.26653945905919,8.63244062826211,TRUE,-0.709015152103152,6,0.969290701594101,"parent_excitation_sparse",5,"one_step_gamma_poisson","growth"
"growth_slope_20",-2.4,-2.23210078850061,0.0926121676894531,-2.42319167124493,-2.23864552017511,-2.05708286386077,TRUE,1.81292821114375,3,0.969129277436849,"parent_excitation_sparse",5,"one_step_gamma_poisson","growth"
"log_growth_sd",1.50407739677627,1.49054906902754,0.0330918505390859,1.43001650820748,1.48900423295002,1.55395925026069,TRUE,-0.408811460475987,0.7,0.952725927801306,"parent_excitation_sparse",5,"one_step_gamma_poisson","growth"
"log_recruitment_at_80",-1.69314718055995,-1.6935946717965,0.0653281934421607,-1.82848591849222,-1.69111702114205,-1.56951899603513,TRUE,-0.0068498945551882,1.5,0.95644787103856,"parent_excitation_sparse",5,"one_step_gamma_poisson","recruitment"
"recruitment_slope_20",1.5,1.47985893252334,0.0266300021452467,1.43166068056941,1.47773425215613,1.53580524017402,TRUE,-0.756329923174972,1,0.973369997854753,"parent_excitation_sparse",5,"one_step_gamma_poisson","recruitment"
"recruit_mean_80",44.6,44.485657838467,0.240321172314919,44.0182448991012,44.4879692202556,44.965665144695,TRUE,-0.475788963708902,10,0.975967882768508,"parent_excitation_sparse",5,"one_step_gamma_poisson","recruit_size"
"recruit_mean_slope_20",0.4,0.417285009518412,0.0952296218541383,0.251385672098734,0.413480433369666,0.612849453401526,TRUE,0.181508748873192,2,0.952385189072931,"parent_excitation_sparse",5,"one_step_gamma_poisson","recruit_size"
"log_recruit_sd",1.25276296849537,1.24888235623642,0.0139907166141293,1.22173888659781,1.24943819330429,1.27662524038567,TRUE,-0.277370514033073,0.7,0.980013261979815,"parent_excitation_sparse",5,"one_step_gamma_poisson","recruit_size"
"log_process_precision",NA,4.78786360813061,0.394384428487679,4.03816890763001,4.77493357612462,5.62117584182955,NA,NA,2,0.80280778575616,"parent_excitation_sparse",5,"one_step_gamma_poisson","process"
"survival_at_80",0.36,0.269811965655592,0.08720409948928,0.108064981931105,0.271069857916297,0.429529362968856,TRUE,-1.03421782774667,1.5,0.941863933673813,"parent_excitation_sparse",5,"one_step_shared_gamma_poisson","survival"
"survival_slope_20",0.64,0.550490649810645,0.0487896703989279,0.445978427869885,0.552245122646954,0.638142277338263,FALSE,-1.83459632863849,1,0.951210329601072,"parent_excitation_sparse",5,"one_step_shared_gamma_poisson","survival"
"growth_increment_80",8.4,8.33395106879988,0.155786390692405,8.0252669369837,8.31872658424792,8.60883724888611,TRUE,-0.423971124220533,6,0.974035601551266,"parent_excitation_sparse",5,"one_step_shared_gamma_poisson","growth"
"growth_slope_20",-2.4,-2.26873318935752,0.0859826229517472,-2.42895836887041,-2.27612092532427,-2.10183490342631,TRUE,1.52666673958232,3,0.971339125682751,"parent_excitation_sparse",5,"one_step_shared_gamma_poisson","growth"
"log_growth_sd",1.50407739677627,1.47353629533032,0.0307535822809153,1.41126080110174,1.4730268824878,1.53215426824516,TRUE,-0.993090859041468,0.7,0.956066311027264,"parent_excitation_sparse",5,"one_step_shared_gamma_poisson","growth"
"log_recruitment_at_80",-1.69314718055995,-1.66793897411122,0.0687155232238559,-1.79784148761095,-1.6690710260526,-1.5379997030002,TRUE,0.366848788542351,1.5,0.954189651184096,"parent_excitation_sparse",5,"one_step_shared_gamma_poisson","recruitment"
"recruitment_slope_20",1.5,1.46582975939982,0.0280548013012207,1.40699980251641,1.46651075200182,1.51962869106343,TRUE,-1.21798191451423,1,0.971945198698779,"parent_excitation_sparse",5,"one_step_shared_gamma_poisson","recruitment"
"recruit_mean_80",44.6,44.5447046379286,0.198014632976116,44.1538867484301,44.5489583557061,44.9185415289624,TRUE,-0.279248867824959,10,0.980198536702388,"parent_excitation_sparse",5,"one_step_shared_gamma_poisson","recruit_size"
"recruit_mean_slope_20",0.4,0.393618135337824,0.0715998060888355,0.255531795700048,0.393291622416499,0.532355657912554,TRUE,-0.0891324294126942,2,0.964200096955582,"parent_excitation_sparse",5,"one_step_shared_gamma_poisson","recruit_size"
"log_recruit_sd",1.25276296849537,1.24530415623891,0.0108184866764372,1.22270621280632,1.24567208361328,1.26603563114087,TRUE,-0.689450611673988,0.7,0.984545019033661,"parent_excitation_sparse",5,"one_step_shared_gamma_poisson","recruit_size"
"log_process_precision",NA,5.19184312376438,0.564740324684834,4.12753508719596,5.17536975632444,6.23772239104005,NA,NA,2,0.717629837657583,"parent_excitation_sparse",5,"one_step_shared_gamma_poisson","process"
"survival_at_80",0.36,0.346564067212749,0.0267662330863138,0.294461376497857,0.349016956639635,0.399126523905159,TRUE,-0.501973241581062,1.5,0.982155844609124,"parent_excitation_dense",5,"recursive_gamma_poisson","survival"
"survival_slope_20",0.64,0.65831016431074,0.0197406690095383,0.622535185714745,0.65744348159247,0.699697956851305,TRUE,0.927535145941257,1,0.980259330990462,"parent_excitation_dense",5,"recursive_gamma_poisson","survival"
"growth_increment_80",8.4,8.49812808914855,0.0665685164101513,8.36524483865111,8.49867357500147,8.6231224636199,TRUE,1.47409157422037,6,0.988905247264975,"parent_excitation_dense",5,"recursive_gamma_poisson","growth"
"growth_slope_20",-2.4,-2.40898856590484,0.0328826384683598,-2.46774050707871,-2.41104215642725,-2.34975139818042,TRUE,-0.273352940138492,3,0.989039120510547,"parent_excitation_dense",5,"recursive_gamma_poisson","growth"
"log_growth_sd",1.50407739677627,1.46208213296261,0.014959287308082,1.43543942973234,1.46082285742667,1.49265527156581,FALSE,-2.80730378050675,0.7,0.978629589559883,"parent_excitation_dense",5,"recursive_gamma_poisson","growth"
"log_recruitment_at_80",-1.69314718055995,-1.72158337816826,0.0301666439080747,-1.775749933817,-1.72046641852005,-1.66078354097108,TRUE,-0.942637095958232,1.5,0.979888904061284,"parent_excitation_dense",5,"recursive_gamma_poisson","recruitment"
"recruitment_slope_20",1.5,1.50803719540443,0.0115442955042545,1.48323636694907,1.50770640556153,1.52977211548126,TRUE,0.696204926621254,1,0.988455704495745,"parent_excitation_dense",5,"recursive_gamma_poisson","recruitment"
"recruit_mean_80",44.6,44.5005639863019,0.11966876780071,44.2731827155011,44.4990791827122,44.7399658190842,TRUE,-0.830927029045211,10,0.988033123219929,"parent_excitation_dense",5,"recursive_gamma_poisson","recruit_size"
"recruit_mean_slope_20",0.4,0.430178240995902,0.04565254532902,0.337455838238575,0.429072398209538,0.521364828015186,TRUE,0.661041805630022,2,0.97717372733549,"parent_excitation_dense",5,"recursive_gamma_poisson","recruit_size"
"log_recruit_sd",1.25276296849537,1.2545145381639,0.00628794642072124,1.24263438530746,1.25458772097294,1.26759864984129,TRUE,0.2785598908345,0.7,0.99101721939897,"parent_excitation_dense",5,"recursive_gamma_poisson","recruit_size"
"log_process_precision",NA,6.68953822071493,0.399623077910625,5.93398721601323,6.69779535831656,7.43151152497291,NA,NA,2,0.800188461044688,"parent_excitation_dense",5,"recursive_gamma_poisson","process"
"survival_at_80",0.36,0.337475580092455,0.0431725342225268,0.25595463150981,0.336780697171719,0.421711583736203,TRUE,-0.52173031565499,1.5,0.971218310518315,"parent_excitation_dense",5,"one_step_gamma_poisson","survival"
"survival_slope_20",0.64,0.650898290898482,0.02651193054465,0.598006522005215,0.651708350226586,0.705820071494982,TRUE,0.411071192274288,1,0.97348806945535,"parent_excitation_dense",5,"one_step_gamma_poisson","survival"
"growth_increment_80",8.4,8.48223871684501,0.0812317633286988,8.32819068647529,8.48303095807219,8.65876709127633,TRUE,1.0123960563584,6,0.98646137277855,"parent_excitation_dense",5,"one_step_gamma_poisson","growth"
"growth_slope_20",-2.4,-2.40240892603282,0.0430020177479934,-2.48590729625176,-2.40411248424595,-2.31216861316706,TRUE,-0.0560189069948603,3,0.985665994084002,"parent_excitation_dense",5,"one_step_gamma_poisson","growth"
"log_growth_sd",1.50407739677627,1.46081773786683,0.0174378015393545,1.428259355268,1.4602921564162,1.49559916657684,FALSE,-2.4807977549129,0.7,0.975088854943779,"parent_excitation_dense",5,"one_step_gamma_poisson","growth"
"log_recruitment_at_80",-1.69314718055995,-1.72302973596023,0.0305397414925354,-1.7806511836109,-1.72324875544057,-1.65827778737143,TRUE,-0.978480954319281,1.5,0.97964017233831,"parent_excitation_dense",5,"one_step_gamma_poisson","recruitment"
"recruitment_slope_20",1.5,1.50967601068829,0.0122813048957687,1.48341974462007,1.50986701191079,1.53168737177574,TRUE,0.787865033106322,1,0.987718695104231,"parent_excitation_dense",5,"one_step_gamma_poisson","recruitment"
"recruit_mean_80",44.6,44.5541404242682,0.112879393984765,44.3392750102617,44.5560320160267,44.7796297594402,TRUE,-0.406270569967425,10,0.988712060601524,"parent_excitation_dense",5,"one_step_gamma_poisson","recruit_size"
"recruit_mean_slope_20",0.4,0.409773488086852,0.0428536629369978,0.32632482805706,0.410782830601511,0.493653474494979,TRUE,0.228066573940735,2,0.978573168531501,"parent_excitation_dense",5,"one_step_gamma_poisson","recruit_size"
"log_recruit_sd",1.25276296849537,1.25572537388325,0.0060169585698778,1.24451056077962,1.25573557405145,1.26706325022591,TRUE,0.492342660079879,0.7,0.991404344900175,"parent_excitation_dense",5,"one_step_gamma_poisson","recruit_size"
"log_process_precision",NA,7.00557188905046,0.454051566509879,6.2175541323531,6.98630404675409,8.00186922349837,NA,NA,2,0.772974216745061,"parent_excitation_dense",5,"one_step_gamma_poisson","process"
"survival_at_80",0.36,0.331548495277298,0.0459228800938743,0.25567390410783,0.327313730616628,0.424814349642537,TRUE,-0.619549659440841,1.5,0.969384746604084,"parent_excitation_dense",5,"one_step_shared_gamma_poisson","survival"
"survival_slope_20",0.64,0.657852452576455,0.0273885612919186,0.604431847508368,0.65784181653697,0.713236718733777,TRUE,0.651821480733379,1,0.972611438708081,"parent_excitation_dense",5,"one_step_shared_gamma_poisson","survival"
"growth_increment_80",8.4,8.49748206002011,0.0712120572889656,8.35724665944852,8.49558860375487,8.63261670704987,TRUE,1.36889824183206,6,0.988131323785172,"parent_excitation_dense",5,"one_step_shared_gamma_poisson","growth"
"growth_slope_20",-2.4,-2.41056536052627,0.0402173854982949,-2.48346665970186,-2.41114975760106,-2.33334892402327,TRUE,-0.262706299660337,3,0.986594204833902,"parent_excitation_dense",5,"one_step_shared_gamma_poisson","growth"
"log_growth_sd",1.50407739677627,1.45851383458348,0.0167014080967706,1.42610534664101,1.45826963313052,1.49009022729007,FALSE,-2.72812698958044,0.7,0.976140845576042,"parent_excitation_dense",5,"one_step_shared_gamma_poisson","growth"
"log_recruitment_at_80",-1.69314718055995,-1.72362333613449,0.0327751677954106,-1.78518327296663,-1.72275442390149,-1.6621602315854,TRUE,-0.929855058707418,1.5,0.978149888136393,"parent_excitation_dense",5,"one_step_shared_gamma_poisson","recruitment"
"recruitment_slope_20",1.5,1.51031352908639,0.0130390208036507,1.48429067469818,1.51047821689559,1.53487750516676,TRUE,0.790974202871138,1,0.986960979196349,"parent_excitation_dense",5,"one_step_shared_gamma_poisson","recruitment"
"recruit_mean_80",44.6,44.5345344390184,0.110420764954527,44.3262254198818,44.5349451501541,44.7511708740061,TRUE,-0.592873641190673,10,0.988957923504547,"parent_excitation_dense",5,"one_step_shared_gamma_poisson","recruit_size"
"recruit_mean_slope_20",0.4,0.41737026212308,0.0410566727567857,0.340500657359217,0.417623685090534,0.49623227964016,TRUE,0.42308012210291,2,0.979471663621607,"parent_excitation_dense",5,"one_step_shared_gamma_poisson","recruit_size"
"log_recruit_sd",1.25276296849537,1.25569629599238,0.00547229055218753,1.24514578672394,1.25576790291547,1.2656632438265,TRUE,0.536032849323416,0.7,0.992182442068304,"parent_excitation_dense",5,"one_step_shared_gamma_poisson","recruit_size"
"log_process_precision",NA,7.27549507637635,0.613248114383193,6.12291850908423,7.29141869027022,8.58121441201584,NA,NA,2,0.693375942808404,"parent_excitation_dense",5,"one_step_shared_gamma_poisson","process"
"survival_at_80",0.36,0.407920277796442,0.0569369313556208,0.291109999486318,0.412854027124313,0.509803868043061,TRUE,0.84163787291482,1.5,0.962042045762919,"parent_excitation_sparse",6,"recursive_gamma_poisson","survival"
"survival_slope_20",0.64,0.654287525933055,0.037487438676277,0.58773938448649,0.653873395892622,0.723581586747367,TRUE,0.381128357592916,1,0.962512561323723,"parent_excitation_sparse",6,"recursive_gamma_poisson","survival"
"growth_increment_80",8.4,8.49356488018473,0.131255839897671,8.24607768090262,8.49100183764412,8.74332472393944,TRUE,0.712843560009818,6,0.978124026683721,"parent_excitation_sparse",6,"recursive_gamma_poisson","growth"
"growth_slope_20",-2.4,-2.4059222989836,0.0630440451499488,-2.53689548127345,-2.40488672774518,-2.28440986767093,TRUE,-0.0939390702089244,3,0.97898531828335,"parent_excitation_sparse",6,"recursive_gamma_poisson","growth"
"log_growth_sd",1.50407739677627,1.4442891609434,0.0253302289912789,1.3945781369687,1.4442905475245,1.49556197034674,FALSE,-2.36035117777506,0.7,0.963813958583887,"parent_excitation_sparse",6,"recursive_gamma_poisson","growth"
"log_recruitment_at_80",-1.69314718055995,-1.49985049539595,0.0553434072616171,-1.60901453179978,-1.49814186847506,-1.39487253829281,FALSE,3.4926777140816,1.5,0.963104395158922,"parent_excitation_sparse",6,"recursive_gamma_poisson","recruitment"
"recruitment_slope_20",1.5,1.38048278992967,0.0206261621453752,1.3450428443523,1.38063748490572,1.42362947944085,FALSE,-5.79444732509922,1,0.979373837854625,"parent_excitation_sparse",6,"recursive_gamma_poisson","recruitment"
"recruit_mean_80",44.6,44.5222278598724,0.211408085630648,44.1238025550157,44.5291279985502,44.9173445933323,TRUE,-0.367876847735367,10,0.978859191436935,"parent_excitation_sparse",6,"recursive_gamma_poisson","recruit_size"
"recruit_mean_slope_20",0.4,0.421375252171195,0.0841751323044869,0.252114287879578,0.421367824982798,0.586413468702427,TRUE,0.253937850597901,2,0.957912433847756,"parent_excitation_sparse",6,"recursive_gamma_poisson","recruit_size"
"log_recruit_sd",1.25276296849537,1.2574734623832,0.0120545819250197,1.2339606452563,1.25682452086557,1.28168524816413,TRUE,0.390763770750094,0.7,0.982779168678543,"parent_excitation_sparse",6,"recursive_gamma_poisson","recruit_size"
"log_process_precision",NA,6.05773221100071,0.654369524131639,4.82408116836078,6.07899144329648,7.38224097813317,NA,NA,2,0.672815237934181,"parent_excitation_sparse",6,"recursive_gamma_poisson","process"
"survival_at_80",0.36,0.428217692054061,0.096964984484999,0.2512481462155,0.435756837891117,0.621449795875201,TRUE,0.703529139063753,1.5,0.935356677010001,"parent_excitation_sparse",6,"one_step_gamma_poisson","survival"
"survival_slope_20",0.64,0.648506210373984,0.0628397813830226,0.53169764742384,0.651886232162729,0.779478224702047,TRUE,0.135363462233208,1,0.937160218616977,"parent_excitation_sparse",6,"one_step_gamma_poisson","survival"
"growth_increment_80",8.4,8.41941689656776,0.178191591226551,8.08413360845096,8.43047441204537,8.74107980783545,TRUE,0.108966402028881,6,0.970301401462241,"parent_excitation_sparse",6,"one_step_gamma_poisson","growth"
"growth_slope_20",-2.4,-2.31955724213101,0.0881867892108122,-2.49566386278009,-2.3206387708117,-2.14307308384755,TRUE,0.912186038168297,3,0.970604403596396,"parent_excitation_sparse",6,"one_step_gamma_poisson","growth"
"log_growth_sd",1.50407739677627,1.47196090478041,0.0325437822818348,1.40844203669113,1.47138587915143,1.5368794924644,TRUE,-0.986870294230915,0.7,0.953508882454522,"parent_excitation_sparse",6,"one_step_gamma_poisson","growth"
"log_recruitment_at_80",-1.69314718055995,-1.61170185378348,0.0728300561184911,-1.74942544352294,-1.60673815817469,-1.47219523237766,TRUE,1.11829279170071,1.5,0.951446629254339,"parent_excitation_sparse",6,"one_step_gamma_poisson","recruitment"
"recruitment_slope_20",1.5,1.44580380065874,0.0296948411863355,1.38802945655074,1.44410633188707,1.50761048584175,TRUE,-1.82510487263369,1,0.970305158813665,"parent_excitation_sparse",6,"one_step_gamma_poisson","recruitment"
"recruit_mean_80",44.6,44.5829277106549,0.245511505788075,44.1197362643834,44.5841221815939,45.0768525589579,TRUE,-0.0695376344594781,10,0.975448849421192,"parent_excitation_sparse",6,"one_step_gamma_poisson","recruit_size"
"recruit_mean_slope_20",0.4,0.380541399837842,0.0998905026825446,0.186819831476117,0.37859726008125,0.571876237852354,TRUE,-0.194799301631291,2,0.950054748658728,"parent_excitation_sparse",6,"one_step_gamma_poisson","recruit_size"
"log_recruit_sd",1.25276296849537,1.25468696913519,0.0144667556606485,1.22735734172113,1.25410642432064,1.28184030040839,TRUE,0.132994617794936,0.7,0.979333206199074,"parent_excitation_sparse",6,"one_step_gamma_poisson","recruit_size"
"log_process_precision",NA,4.73866963091417,0.355739582900641,4.10039531470179,4.72085273050868,5.50387962534537,NA,NA,2,0.82213020854968,"parent_excitation_sparse",6,"one_step_gamma_poisson","process"
"survival_at_80",0.36,0.410569327977399,0.114196133413479,0.168418593790064,0.414842363044577,0.621507339861534,TRUE,0.442828723406061,1.5,0.923869244391014,"parent_excitation_sparse",6,"one_step_shared_gamma_poisson","survival"
"survival_slope_20",0.64,0.690566490813058,0.0616268349873399,0.563993390642805,0.691538874746123,0.813741127227251,TRUE,0.820527142493128,1,0.93837316501266,"parent_excitation_sparse",6,"one_step_shared_gamma_poisson","survival"
"growth_increment_80",8.4,8.46901314553265,0.143097148228123,8.1741973290729,8.46872304184768,8.74471943347183,TRUE,0.482281767227307,6,0.976150475295313,"parent_excitation_sparse",6,"one_step_shared_gamma_poisson","growth"
"growth_slope_20",-2.4,-2.35143271573836,0.0791762473481624,-2.52167089044238,-2.35155192955147,-2.19466742826563,TRUE,0.613407251395437,3,0.973607917550612,"parent_excitation_sparse",6,"one_step_shared_gamma_poisson","growth"
"log_growth_sd",1.50407739677627,1.46600392121005,0.0313742120519379,1.4042982122794,1.46742408832032,1.52017662053865,TRUE,-1.21352770559468,0.7,0.95517969706866,"parent_excitation_sparse",6,"one_step_shared_gamma_poisson","growth"
"log_recruitment_at_80",-1.69314718055995,-1.61470499664812,0.069264194801844,-1.75840428535734,-1.612952294976,-1.46854956915837,TRUE,1.1325069776128,1.5,0.953823870132104,"parent_excitation_sparse",6,"one_step_shared_gamma_poisson","recruitment"
"recruitment_slope_20",1.5,1.4555930703687,0.0278195087669573,1.40113256391985,1.45624296060447,1.51180547453298,TRUE,-1.59625139334048,1,0.972180491233043,"parent_excitation_sparse",6,"one_step_shared_gamma_poisson","recruitment"
"recruit_mean_80",44.6,44.482948918087,0.21069750757038,44.0982824036088,44.4623641502725,44.9383214882202,TRUE,-0.555540894919657,10,0.978930249242962,"parent_excitation_sparse",6,"one_step_shared_gamma_poisson","recruit_size"
"recruit_mean_slope_20",0.4,0.44359458142913,0.0778612282620575,0.296627510012259,0.448261976504181,0.590443484302239,TRUE,0.559901023939716,2,0.961069385868971,"parent_excitation_sparse",6,"one_step_shared_gamma_poisson","recruit_size"
"log_recruit_sd",1.25276296849537,1.25875157498742,0.0109401118847686,1.23884383261206,1.25790247168984,1.27951889169288,TRUE,0.547399017041612,0.7,0.984371268736045,"parent_excitation_sparse",6,"one_step_shared_gamma_poisson","recruit_size"
"log_process_precision",NA,4.9532470026876,0.526867139840024,3.92130872760039,4.96243954862913,5.93578807288959,NA,NA,2,0.736566430079988,"parent_excitation_sparse",6,"one_step_shared_gamma_poisson","process"
"survival_at_80",0.36,0.398114483035641,0.0293493583140608,0.34233206584514,0.397625302788009,0.456970632691524,TRUE,1.29864791685689,1.5,0.980433761123959,"parent_excitation_dense",6,"recursive_gamma_poisson","survival"
"survival_slope_20",0.64,0.659392289612393,0.0197487698232828,0.62045947534292,0.658819246731983,0.698783957962896,TRUE,0.981949244733734,1,0.980251230176717,"parent_excitation_dense",6,"recursive_gamma_poisson","survival"
"growth_increment_80",8.4,8.21449402721761,0.069904573986407,8.08162034456837,8.21332650334566,8.34695022433628,FALSE,-2.65370292963179,6,0.988349237668932,"parent_excitation_dense",6,"recursive_gamma_poisson","growth"
"growth_slope_20",-2.4,-2.35615857143144,0.0342610489801764,-2.4210383789038,-2.35615748334596,-2.28774184644191,TRUE,1.279628904355,3,0.988579650339941,"parent_excitation_dense",6,"recursive_gamma_poisson","growth"
"log_growth_sd",1.50407739677627,1.46148805792536,0.013887068837362,1.43597750356869,1.46103210603667,1.48711814161555,FALSE,-3.0668342866084,0.7,0.98016133023234,"parent_excitation_dense",6,"recursive_gamma_poisson","growth"
"log_recruitment_at_80",-1.69314718055995,-1.61693215869015,0.0282676796871917,-1.67004174042308,-1.61817671375992,-1.55925010609804,FALSE,2.69618952504009,1.5,0.981154880208539,"parent_excitation_dense",6,"recursive_gamma_poisson","recruitment"
"recruitment_slope_20",1.5,1.44925800430662,0.0111384557744419,1.42755555415661,1.4490362129472,1.47071253275271,FALSE,-4.55556826915057,1,0.988861544225558,"parent_excitation_dense",6,"recursive_gamma_poisson","recruitment"
"recruit_mean_80",44.6,44.5605321542264,0.112832600879343,44.3206621879262,44.5634638588134,44.7726339790447,TRUE,-0.349791154914322,10,0.988716739912066,"parent_excitation_dense",6,"recursive_gamma_poisson","recruit_size"
"recruit_mean_slope_20",0.4,0.421746892952709,0.0441623590432256,0.333903756753982,0.42039297153464,0.507381139198952,TRUE,0.492430509235791,2,0.977918820478387,"parent_excitation_dense",6,"recursive_gamma_poisson","recruit_size"
"log_recruit_sd",1.25276296849537,1.24974856517302,0.00665458374214053,1.23628272276728,1.24989838345253,1.26123085837837,TRUE,-0.452981499543146,0.7,0.990493451796942,"parent_excitation_dense",6,"recursive_gamma_poisson","recruit_size"
"log_process_precision",NA,6.65545128937528,0.640843109258045,5.33907525804048,6.64391287258272,7.87028847168661,NA,NA,2,0.679578445370977,"parent_excitation_dense",6,"recursive_gamma_poisson","process"
"survival_at_80",0.36,0.401723665258097,0.0444029754083719,0.322198157685386,0.400547102221598,0.489869357857712,TRUE,0.939659220454631,1.5,0.970398016394419,"parent_excitation_dense",6,"one_step_gamma_poisson","survival"
"survival_slope_20",0.64,0.66854900018608,0.0291213277545841,0.615300147644093,0.669555484840553,0.722770154693545,TRUE,0.980346790045845,1,0.970878672245416,"parent_excitation_dense",6,"one_step_gamma_poisson","survival"
"growth_increment_80",8.4,8.23999449590743,0.08000214998061,8.08697520596706,8.23972501975866,8.39953091703197,FALSE,-2.00001505123736,6,0.986666308336565,"parent_excitation_dense",6,"one_step_gamma_poisson","growth"
"growth_slope_20",-2.4,-2.36593959485356,0.0472249556044145,-2.45900375224369,-2.36533510412171,-2.2778472009486,TRUE,0.721237420141835,3,0.984258348131862,"parent_excitation_dense",6,"one_step_gamma_poisson","growth"
"log_growth_sd",1.50407739677627,1.46258641628283,0.016382563304138,1.43120910323226,1.4621578485674,1.49704465060245,FALSE,-2.5326305611141,0.7,0.976596338136946,"parent_excitation_dense",6,"one_step_gamma_poisson","growth"
"log_recruitment_at_80",-1.69314718055995,-1.59768441675633,0.0315945323629187,-1.65603591434128,-1.59871343735699,-1.53472561947951,FALSE,3.02149633699458,1.5,0.978936978424721,"parent_excitation_dense",6,"one_step_gamma_poisson","recruitment"
"recruitment_slope_20",1.5,1.44162884556083,0.0128709913033294,1.41562021871322,1.44234418704657,1.46426816843459,FALSE,-4.53509392272458,1,0.987129008696671,"parent_excitation_dense",6,"one_step_gamma_poisson","recruitment"
"recruit_mean_80",44.6,44.5832643200835,0.117003400956804,44.3783144008397,44.575849669336,44.8247028712098,TRUE,-0.143035841519141,10,0.98829965990432,"parent_excitation_dense",6,"one_step_gamma_poisson","recruit_size"
"recruit_mean_slope_20",0.4,0.413864640235793,0.0434636027133123,0.319107576817313,0.414970632552468,0.490343032148153,TRUE,0.318994270383996,2,0.978268198643344,"parent_excitation_dense",6,"one_step_gamma_poisson","recruit_size"
"log_recruit_sd",1.25276296849537,1.24993939339687,0.0066517006565693,1.23660057866911,1.25010542632518,1.26292911408822,TRUE,-0.42448920122499,0.7,0.990497570490615,"parent_excitation_dense",6,"one_step_gamma_poisson","recruit_size"
"log_process_precision",NA,7.17435484847771,0.846790940564418,5.62693441359221,7.1445883465942,8.7727718183297,NA,NA,2,0.576604529717791,"parent_excitation_dense",6,"one_step_gamma_poisson","process"
"survival_at_80",0.36,0.391743957209149,0.0453686333483223,0.306423271493002,0.39205448480342,0.48238881424554,TRUE,0.69968951820594,1.5,0.969754244434452,"parent_excitation_dense",6,"one_step_shared_gamma_poisson","survival"
"survival_slope_20",0.64,0.657791899567033,0.0267525564410285,0.602993077915027,0.657582468692068,0.711907278351743,TRUE,0.665054182999388,1,0.973247443558972,"parent_excitation_dense",6,"one_step_shared_gamma_poisson","survival"
"growth_increment_80",8.4,8.24682095628646,0.0784375635748175,8.10934472324685,8.24333950113304,8.40060261931607,TRUE,-1.95287865574037,6,0.98692707273753,"parent_excitation_dense",6,"one_step_shared_gamma_poisson","growth"
"growth_slope_20",-2.4,-2.37131640093603,0.0437642020247461,-2.45004172702997,-2.37686954400231,-2.27815127358628,TRUE,0.655412363002721,3,0.985411932658418,"parent_excitation_dense",6,"one_step_shared_gamma_poisson","growth"
"log_growth_sd",1.50407739677627,1.46328756900443,0.0156628209006464,1.43177069008801,1.46344413784623,1.49352339076192,FALSE,-2.60424530361316,0.7,0.977624541570505,"parent_excitation_dense",6,"one_step_shared_gamma_poisson","growth"
"log_recruitment_at_80",-1.69314718055995,-1.61187182043251,0.0318083667451918,-1.67425625602548,-1.61188849880097,-1.55128264737,FALSE,2.55515665983445,1.5,0.978794422169872,"parent_excitation_dense",6,"one_step_shared_gamma_poisson","recruitment"
"recruitment_slope_20",1.5,1.44757078148347,0.0130953964583959,1.42350855770554,1.44706320219797,1.47228424517376,FALSE,-4.00363736089261,1,0.986904603541604,"parent_excitation_dense",6,"one_step_shared_gamma_poisson","recruitment"
"recruit_mean_80",44.6,44.5900227409052,0.101237299434773,44.3764709851926,44.5927698159291,44.7675225903663,TRUE,-0.098553192849601,10,0.989876270056523,"parent_excitation_dense",6,"one_step_shared_gamma_poisson","recruit_size"
"recruit_mean_slope_20",0.4,0.413353484112533,0.0381343287915068,0.346696748153718,0.411563461054745,0.49156969358013,TRUE,0.350169638111138,2,0.980932835604247,"parent_excitation_dense",6,"one_step_shared_gamma_poisson","recruit_size"
"log_recruit_sd",1.25276296849537,1.24879676724505,0.00561169664010302,1.23807519771381,1.24898825539008,1.25994242496231,TRUE,-0.706773994511848,0.7,0.991983290514139,"parent_excitation_dense",6,"one_step_shared_gamma_poisson","recruit_size"
"log_process_precision",NA,7.43933020944366,0.791732827019464,5.79690620116354,7.49448292116744,8.92226900476996,NA,NA,2,0.604133586490268,"parent_excitation_dense",6,"one_step_shared_gamma_poisson","process"
"survival_at_80",0.36,0.399836679344359,0.0648425585957564,0.286222095504409,0.398329733274665,0.519534565642901,TRUE,0.614360077811096,1.5,0.956771627602829,"parent_excitation_sparse",7,"recursive_gamma_poisson","survival"
"survival_slope_20",0.64,0.715547599019299,0.0429507847743447,0.637104383752314,0.71722645520096,0.804596053170065,TRUE,1.75893407806661,1,0.957049215225655,"parent_excitation_sparse",7,"recursive_gamma_poisson","survival"
"growth_increment_80",8.4,8.39488719792364,0.135584581747314,8.11291002938098,8.41319852887552,8.6441120473889,TRUE,-0.0377093177591875,6,0.977402569708781,"parent_excitation_sparse",7,"recursive_gamma_poisson","growth"
"growth_slope_20",-2.4,-2.38109100131805,0.0725478389616555,-2.52034615446929,-2.38289211317418,-2.2366052852316,TRUE,0.260641791024876,3,0.975817387012782,"parent_excitation_sparse",7,"recursive_gamma_poisson","growth"
"log_growth_sd",1.50407739677627,1.48031421537339,0.027716557549226,1.42687450747001,1.4788682656792,1.54081026957902,TRUE,-0.857364099444115,0.7,0.96040491778682,"parent_excitation_sparse",7,"recursive_gamma_poisson","growth"
"log_recruitment_at_80",-1.69314718055995,-1.75088884913615,0.0600862316237762,-1.8789990665236,-1.74528809349311,-1.64579468343264,TRUE,-0.960980028465478,1.5,0.959942512250816,"parent_excitation_sparse",7,"recursive_gamma_poisson","recruitment"
"recruitment_slope_20",1.5,1.5452768112332,0.0236624634176669,1.50032674679361,1.54376329238865,1.5920341151293,FALSE,1.91344453170491,1,0.976337536582333,"parent_excitation_sparse",7,"recursive_gamma_poisson","recruitment"
"recruit_mean_80",44.6,44.6077446907642,0.241948241452972,44.1414821488615,44.6199381090333,45.0467203273645,TRUE,0.0320097005777963,10,0.975805175854703,"parent_excitation_sparse",7,"recursive_gamma_poisson","recruit_size"
"recruit_mean_slope_20",0.4,0.41637181282526,0.0933730311221681,0.245072595085808,0.413938735972175,0.588569922403596,TRUE,0.175337703280078,2,0.953313484438916,"parent_excitation_sparse",7,"recursive_gamma_poisson","recruit_size"
"log_recruit_sd",1.25276296849537,1.23908639568043,0.0135891354992214,1.21350234735694,1.23911120883949,1.26604943017605,TRUE,-1.00643435454138,0.7,0.980586949286827,"parent_excitation_sparse",7,"recursive_gamma_poisson","recruit_size"
"log_process_precision",NA,5.19203961782252,0.485958417438741,4.19848833927629,5.19240979161966,6.14140901705193,NA,NA,2,0.75702079128063,"parent_excitation_sparse",7,"recursive_gamma_poisson","process"
"survival_at_80",0.36,0.403581404169058,0.0971407660113482,0.235444026623066,0.408348936515636,0.595939369963969,TRUE,0.448641759361529,1.5,0.935239489325768,"parent_excitation_sparse",7,"one_step_gamma_poisson","survival"
"survival_slope_20",0.64,0.741845319821421,0.0657714669680106,0.616885798729148,0.742299131086285,0.864363302857888,TRUE,1.548472681489,1,0.934228533031989,"parent_excitation_sparse",7,"one_step_gamma_poisson","survival"
"growth_increment_80",8.4,8.4298765896449,0.17294548587153,8.08765357424093,8.43326324428209,8.74411125994236,TRUE,0.172751485789545,6,0.971175752354745,"parent_excitation_sparse",7,"one_step_gamma_poisson","growth"
"growth_slope_20",-2.4,-2.36822415751502,0.0943017741160692,-2.54780937596059,-2.37421413514403,-2.19064739294219,TRUE,0.33695911644116,3,0.968566075294644,"parent_excitation_sparse",7,"one_step_gamma_poisson","growth"
"log_growth_sd",1.50407739677627,1.48285752872974,0.0330361446421215,1.41469830205071,1.4815021845085,1.55018665307074,TRUE,-0.642322773326308,0.7,0.952805507654112,"parent_excitation_sparse",7,"one_step_gamma_poisson","growth"
"log_recruitment_at_80",-1.69314718055995,-1.8076580893298,0.0692647816595377,-1.93265777244275,-1.80979919816025,-1.66743281115276,TRUE,-1.65323424150409,1.5,0.953823478893641,"parent_excitation_sparse",7,"one_step_gamma_poisson","recruitment"
"recruitment_slope_20",1.5,1.54689236712603,0.029386611156002,1.49085720069887,1.54679398448339,1.60433032617562,TRUE,1.59570516236441,1,0.970613388843998,"parent_excitation_sparse",7,"one_step_gamma_poisson","recruitment"
"recruit_mean_80",44.6,44.6205064113208,0.249680933258567,44.1404856136212,44.6331199428632,45.1107416262485,TRUE,0.0821304656834417,10,0.975031906674143,"parent_excitation_sparse",7,"one_step_gamma_poisson","recruit_size"
"recruit_mean_slope_20",0.4,0.424636459416644,0.0984632108729011,0.230854988454683,0.425067819960167,0.61992117217989,TRUE,0.250209791029921,2,0.95076839456355,"parent_excitation_sparse",7,"one_step_gamma_poisson","recruit_size"
"log_recruit_sd",1.25276296849537,1.24466550080288,0.0139575545787195,1.21683635017395,1.24451802281398,1.27158642217606,TRUE,-0.580149455752848,0.7,0.980060636316115,"parent_excitation_sparse",7,"one_step_gamma_poisson","recruit_size"
"log_process_precision",NA,4.72437393204513,0.383756778706781,3.9691522336838,4.7278931471142,5.42290501613852,NA,NA,2,0.808121610646609,"parent_excitation_sparse",7,"one_step_gamma_poisson","process"
"survival_at_80",0.36,0.405601961779625,0.136681329242533,0.133024381254182,0.405883129875797,0.6735496747999,TRUE,0.333637096100429,1.5,0.908879113838311,"parent_excitation_sparse",7,"one_step_shared_gamma_poisson","survival"
"survival_slope_20",0.64,0.643166521831981,0.0668407468500081,0.527886526917619,0.640584334765965,0.772721922746423,TRUE,0.0473741240367451,1,0.933159253149992,"parent_excitation_sparse",7,"one_step_shared_gamma_poisson","survival"
"growth_increment_80",8.4,8.32478854925231,0.153330684960917,8.03545206872588,8.32394417051601,8.61239138110375,TRUE,-0.490517933620766,6,0.974444885839847,"parent_excitation_sparse",7,"one_step_shared_gamma_poisson","growth"
"growth_slope_20",-2.4,-2.30538225235596,0.0832734838986954,-2.46946011835277,-2.30534311239313,-2.14316470565017,TRUE,1.1362290036904,3,0.972242172033768,"parent_excitation_sparse",7,"one_step_shared_gamma_poisson","growth"
"log_growth_sd",1.50407739677627,1.48912278951498,0.0341442450106034,1.42374495404383,1.48862457483531,1.5565227295738,TRUE,-0.437983245980267,0.7,0.95122250712771,"parent_excitation_sparse",7,"one_step_shared_gamma_poisson","growth"
"log_recruitment_at_80",-1.69314718055995,-1.82062593977942,0.083466517820245,-1.97516177196368,-1.81875379590264,-1.66603867794368,TRUE,-1.52730415199563,1.5,0.944355654786503,"parent_excitation_sparse",7,"one_step_shared_gamma_poisson","recruitment"
"recruitment_slope_20",1.5,1.54653510937698,0.0336960794133356,1.48565683230203,1.54783211918823,1.61228417333066,TRUE,1.38102444519289,1,0.966303920586664,"parent_excitation_sparse",7,"one_step_shared_gamma_poisson","recruitment"
"recruit_mean_80",44.6,44.6700792515914,0.205125042146611,44.2477375912375,44.6810462585753,45.0533111979705,TRUE,0.34164161946305,10,0.979487495785339,"parent_excitation_sparse",7,"one_step_shared_gamma_poisson","recruit_size"
"recruit_mean_slope_20",0.4,0.387989632448109,0.0738378784941751,0.251654270293578,0.383024603942773,0.542039593202064,TRUE,-0.162658621791779,2,0.963081060752912,"parent_excitation_sparse",7,"one_step_shared_gamma_poisson","recruit_size"
"log_recruit_sd",1.25276296849537,1.24461054041289,0.0101389215613943,1.22458566567479,1.24446317171766,1.26470423120782,TRUE,-0.804072507427054,0.7,0.985515826340865,"parent_excitation_sparse",7,"one_step_shared_gamma_poisson","recruit_size"
"log_process_precision",NA,4.10648175849592,0.482152972216982,3.20498108530585,4.11835433834928,5.09962549772552,NA,NA,2,0.758923513891509,"parent_excitation_sparse",7,"one_step_shared_gamma_poisson","process"
"survival_at_80",0.36,0.390715778580466,0.0296363783598331,0.330271985351469,0.391473229061453,0.449073300238358,TRUE,1.03642146174298,1.5,0.980242414426778,"parent_excitation_dense",7,"recursive_gamma_poisson","survival"
"survival_slope_20",0.64,0.627202737737754,0.0195954327543141,0.589767599457237,0.627146651234288,0.665813111834887,TRUE,-0.653073725020388,1,0.980404567245686,"parent_excitation_dense",7,"recursive_gamma_poisson","survival"
"growth_increment_80",8.4,8.14996436540728,0.0676618662004719,8.0311191638249,8.14733096347641,8.27899618208332,FALSE,-3.6953700604696,6,0.988723022299921,"parent_excitation_dense",7,"recursive_gamma_poisson","growth"
"growth_slope_20",-2.4,-2.3770023509437,0.0343182400056583,-2.44344984105793,-2.37427089995536,-2.31413730908911,TRUE,0.670129034953806,3,0.98856058666478,"parent_excitation_dense",7,"recursive_gamma_poisson","growth"
"log_growth_sd",1.50407739677627,1.4649557983677,0.0146183292349344,1.43547354238279,1.46558505174228,1.49165335464935,FALSE,-2.676201758754,0.7,0.979116672521522,"parent_excitation_dense",7,"recursive_gamma_poisson","growth"
"log_recruitment_at_80",-1.69314718055995,-1.75116990193163,0.0317135098909712,-1.81724926288705,-1.74966251381974,-1.68887577992594,TRUE,-1.82959002554929,1.5,0.978857660072686,"parent_excitation_dense",7,"recursive_gamma_poisson","recruitment"
"recruitment_slope_20",1.5,1.53344719650601,0.0122260176556688,1.51025980933404,1.53349199569751,1.55797275467409,FALSE,2.73573926097661,1,0.987773982344331,"parent_excitation_dense",7,"recursive_gamma_poisson","recruitment"
"recruit_mean_80",44.6,44.6730091547604,0.109930172030695,44.4617193227052,44.6781185155358,44.8936466362068,TRUE,0.664141185370177,10,0.98900698279693,"parent_excitation_dense",7,"recursive_gamma_poisson","recruit_size"
"recruit_mean_slope_20",0.4,0.364502651312365,0.0429523055423227,0.281553116145569,0.364413432999001,0.445544622426569,TRUE,-0.826436398219836,2,0.978523847228839,"parent_excitation_dense",7,"recursive_gamma_poisson","recruit_size"
"log_recruit_sd",1.25276296849537,1.25363878939008,0.00703901437140297,1.24137951889099,1.25387506060349,1.26757120567899,TRUE,0.124423796926249,0.7,0.98994426518371,"parent_excitation_dense",7,"recursive_gamma_poisson","recruit_size"
"log_process_precision",NA,6.49051628821995,0.406196860512147,5.68082349852328,6.52095415363761,7.26292488052368,NA,NA,2,0.796901569743926,"parent_excitation_dense",7,"recursive_gamma_poisson","process"
"survival_at_80",0.36,0.388361088508441,0.045840507126182,0.299607357164597,0.387058868267928,0.482091527595348,TRUE,0.618690548740507,1.5,0.969439661915879,"parent_excitation_dense",7,"one_step_gamma_poisson","survival"
"survival_slope_20",0.64,0.646573084572107,0.0274872139617211,0.590803569477387,0.64742062640491,0.69817557218789,TRUE,0.239132441041892,1,0.972512786038279,"parent_excitation_dense",7,"one_step_gamma_poisson","survival"
"growth_increment_80",8.4,8.15824103602205,0.0833548959721729,7.99674024105486,8.16258289098774,8.32229700703478,FALSE,-2.90035709550469,6,0.986107517337971,"parent_excitation_dense",7,"one_step_gamma_poisson","growth"
"growth_slope_20",-2.4,-2.3813740288626,0.0442399271768836,-2.4711757668345,-2.38022000041479,-2.29274859827483,TRUE,0.421021740450182,3,0.985253357607705,"parent_excitation_dense",7,"one_step_gamma_poisson","growth"
"log_growth_sd",1.50407739677627,1.45879140569578,0.0167144977232882,1.42453858707093,1.45884140663152,1.49080263787219,FALSE,-2.7093839031367,0.7,0.976122146109588,"parent_excitation_dense",7,"one_step_gamma_poisson","growth"
"log_recruitment_at_80",-1.69314718055995,-1.74597509793546,0.0326586911327688,-1.8051450858507,-1.74418001407071,-1.68205988503693,TRUE,-1.61757607372407,1.5,0.978227539244821,"parent_excitation_dense",7,"one_step_gamma_poisson","recruitment"
"recruitment_slope_20",1.5,1.53139685455705,0.0137933435113929,1.5064641291156,1.53093861940077,1.55605467825215,FALSE,2.27623233852735,1,0.986206656488607,"parent_excitation_dense",7,"one_step_gamma_poisson","recruitment"
"recruit_mean_80",44.6,44.660427276867,0.120397961979704,44.431132812935,44.6625140992691,44.9119241113746,TRUE,0.501896177255508,10,0.98796020380203,"parent_excitation_dense",7,"one_step_gamma_poisson","recruit_size"
"recruit_mean_slope_20",0.4,0.373589254862969,0.0468500707815786,0.282503652228591,0.373141489394919,0.463968028071355,TRUE,-0.563729033839924,2,0.976574964609211,"parent_excitation_dense",7,"one_step_gamma_poisson","recruit_size"
"log_recruit_sd",1.25276296849537,1.25416609476141,0.00678559830706965,1.24148932911104,1.25437468916506,1.26807085506565,TRUE,0.206780036563913,0.7,0.990306288132758,"parent_excitation_dense",7,"one_step_gamma_poisson","recruit_size"
"log_process_precision",NA,6.55877410906048,0.398114204849916,5.76390759712303,6.54216548152403,7.30059203245425,NA,NA,2,0.800942897575042,"parent_excitation_dense",7,"one_step_gamma_poisson","process"
"survival_at_80",0.36,0.393837679464041,0.0520465944411419,0.294914978684593,0.393859903139672,0.487207942852784,TRUE,0.6501420472824,1.5,0.965302270372572,"parent_excitation_dense",7,"one_step_shared_gamma_poisson","survival"
"survival_slope_20",0.64,0.649709412954106,0.0293163185863961,0.593998666724237,0.650482141734236,0.703842685747409,TRUE,0.33119482330267,1,0.970683681413604,"parent_excitation_dense",7,"one_step_shared_gamma_poisson","survival"
"growth_increment_80",8.4,8.13593148325611,0.0752486725181803,7.99484417040077,8.13510377927559,8.29179429629104,FALSE,-3.50927807636862,6,0.987458554580303,"parent_excitation_dense",7,"one_step_shared_gamma_poisson","growth"
"growth_slope_20",-2.4,-2.36687559153243,0.0405052027702371,-2.45029982059715,-2.36781699935043,-2.28530453219176,TRUE,0.817781573776353,3,0.986498265743254,"parent_excitation_dense",7,"one_step_shared_gamma_poisson","growth"
"log_growth_sd",1.50407739677627,1.45682525553685,0.0170752741489254,1.42479909673932,1.45620193314595,1.48878414156012,FALSE,-2.76728448558474,0.7,0.975606751215821,"parent_excitation_dense",7,"one_step_shared_gamma_poisson","growth"
"log_recruitment_at_80",-1.69314718055995,-1.72833683320183,0.0362664527060183,-1.80305671516016,-1.72770015879249,-1.66158756062707,TRUE,-0.970308646592324,1.5,0.975822364862655,"parent_excitation_dense",7,"one_step_shared_gamma_poisson","recruitment"
"recruitment_slope_20",1.5,1.52459400209925,0.0141150214639579,1.49990871500389,1.52370751661935,1.55482486960902,TRUE,1.7423991994666,1,0.985884978536042,"parent_excitation_dense",7,"one_step_shared_gamma_poisson","recruitment"
"recruit_mean_80",44.6,44.622554576377,0.105480032870482,44.4126535985015,44.6279375658825,44.8153724243344,TRUE,0.213827923287814,10,0.989451996712952,"parent_excitation_dense",7,"one_step_shared_gamma_poisson","recruit_size"
"recruit_mean_slope_20",0.4,0.38812350011629,0.0383276039295753,0.318890984716843,0.387112547809088,0.469384485921603,TRUE,-0.309868049814245,2,0.980836198035212,"parent_excitation_dense",7,"one_step_shared_gamma_poisson","recruit_size"
"log_recruit_sd",1.25276296849537,1.25328222483737,0.00528465266652656,1.24413883505381,1.2534335011553,1.26328612198371,TRUE,0.0982574210213398,0.7,0.992450496190676,"parent_excitation_dense",7,"one_step_shared_gamma_poisson","recruit_size"
"log_process_precision",NA,6.54894658089364,0.544494630654073,5.44376351420885,6.56444406595379,7.58002306280853,NA,NA,2,0.727752684672963,"parent_excitation_dense",7,"one_step_shared_gamma_poisson","process"
"survival_at_80",0.36,0.390580886891577,0.0647488663366025,0.275104344052834,0.391693929808838,0.520647209928824,TRUE,0.472299958621669,1.5,0.956834089108932,"parent_excitation_sparse",8,"recursive_gamma_poisson","survival"
"survival_slope_20",0.64,0.587350572017505,0.0445928417601712,0.494968784356863,0.588575742519571,0.668852562324249,TRUE,-1.18066994397113,1,0.955407158239829,"parent_excitation_sparse",8,"recursive_gamma_poisson","survival"
"growth_increment_80",8.4,8.36266442182404,0.14861907228708,8.0616691556762,8.36553449908828,8.61247118734075,TRUE,-0.251216600947678,6,0.97523015461882,"parent_excitation_sparse",8,"recursive_gamma_poisson","growth"
"growth_slope_20",-2.4,-2.28076355762463,0.0778463974687791,-2.4375008230744,-2.28091389191777,-2.12718630197619,TRUE,1.53168863624287,3,0.97405120084374,"parent_excitation_sparse",8,"recursive_gamma_poisson","growth"
"log_growth_sd",1.50407739677627,1.4756984177485,0.0286781607559747,1.42029639585207,1.4746544680017,1.5343375890215,TRUE,-0.989567611021329,0.7,0.959031198920036,"parent_excitation_sparse",8,"recursive_gamma_poisson","growth"
"log_recruitment_at_80",-1.69314718055995,-1.61928722671825,0.0663376146908951,-1.75360705182009,-1.61910321036888,-1.48466495706003,TRUE,1.11339477890263,1.5,0.955774923539403,"parent_excitation_sparse",8,"recursive_gamma_poisson","recruitment"
"recruitment_slope_20",1.5,1.44854757240826,0.0274598085943086,1.38971915972749,1.45011577081522,1.50122236559878,TRUE,-1.87373584251421,1,0.972540191405691,"parent_excitation_sparse",8,"recursive_gamma_poisson","recruitment"
"recruit_mean_80",44.6,44.6630321109313,0.255053941679661,44.2051856458304,44.6573897479104,45.1815339382217,TRUE,0.247132471335996,10,0.974494605832034,"parent_excitation_sparse",8,"recursive_gamma_poisson","recruit_size"
"recruit_mean_slope_20",0.4,0.351556062164647,0.102477809435292,0.138949828136954,0.351660332469063,0.544828149976319,TRUE,-0.472726125805231,2,0.948761095282354,"parent_excitation_sparse",8,"recursive_gamma_poisson","recruit_size"
"log_recruit_sd",1.25276296849537,1.2685968722598,0.0148796508343261,1.24174443491763,1.26860149438723,1.29930890930987,TRUE,1.06413140608824,0.7,0.978743355950963,"parent_excitation_sparse",8,"recursive_gamma_poisson","recruit_size"
"log_process_precision",NA,4.20556842106405,0.328173867208947,3.5989114804693,4.19142405631133,4.86194708044096,NA,NA,2,0.835913066395527,"parent_excitation_sparse",8,"recursive_gamma_poisson","process"
"survival_at_80",0.36,0.396180497345853,0.0962579981304799,0.209972389666446,0.391251435807303,0.572657476770745,TRUE,0.375870037280531,1.5,0.935828001246347,"parent_excitation_sparse",8,"one_step_gamma_poisson","survival"
"survival_slope_20",0.64,0.592009770673674,0.0668467354447034,0.456860848062296,0.592217051624479,0.717872864801194,TRUE,-0.717914330551334,1,0.933153264555297,"parent_excitation_sparse",8,"one_step_gamma_poisson","survival"
"growth_increment_80",8.4,8.24496183969177,0.177311086445784,7.90632616342887,8.23662381594822,8.62093792431772,TRUE,-0.874385033761735,6,0.970448152259036,"parent_excitation_sparse",8,"one_step_gamma_poisson","growth"
"growth_slope_20",-2.4,-2.23700478413331,0.11423019726628,-2.46723426394841,-2.23766206688983,-2.02618673672867,TRUE,1.42690129026683,3,0.961923267577907,"parent_excitation_sparse",8,"one_step_gamma_poisson","growth"
"log_growth_sd",1.50407739677627,1.49017388990002,0.0363024624271381,1.41414226503173,1.49322982523302,1.55296095472558,TRUE,-0.382990738001955,0.7,0.948139339389803,"parent_excitation_sparse",8,"one_step_gamma_poisson","growth"
"log_recruitment_at_80",-1.69314718055995,-1.64197582081047,0.0795646383782528,-1.80789488572344,-1.63602614390039,-1.49822315095901,TRUE,0.643141988608063,1.5,0.946956907747831,"parent_excitation_sparse",8,"one_step_gamma_poisson","recruitment"
"recruitment_slope_20",1.5,1.48236902425752,0.0352439159026562,1.41374852911839,1.48173606903337,1.55354540850714,TRUE,-0.500255868024978,1,0.964756084097344,"parent_excitation_sparse",8,"one_step_gamma_poisson","recruitment"
"recruit_mean_80",44.6,44.6640397531804,0.25840201324438,44.1285082972605,44.6631474003523,45.1448148719117,TRUE,0.247829931262221,10,0.974159798675562,"parent_excitation_sparse",8,"one_step_gamma_poisson","recruit_size"
"recruit_mean_slope_20",0.4,0.354558247705608,0.101768295139962,0.155042585273102,0.353065999135674,0.562627562375248,TRUE,-0.446521701399202,2,0.949115852430019,"parent_excitation_sparse",8,"one_step_gamma_poisson","recruit_size"
"log_recruit_sd",1.25276296849537,1.26438323808817,0.0165859693634892,1.23444803997735,1.26429739224155,1.2977206033789,TRUE,0.700608408115507,0.7,0.976305758052158,"parent_excitation_sparse",8,"one_step_gamma_poisson","recruit_size"
"log_process_precision",NA,3.98727099298057,0.305727936927145,3.40294135670858,4.00711541616603,4.53429079222429,NA,NA,2,0.847136031536427,"parent_excitation_sparse",8,"one_step_gamma_poisson","process"
"survival_at_80",0.36,0.408294225117146,0.130847174278462,0.175796295844216,0.406554775993819,0.65963339922644,TRUE,0.36908878914243,1.5,0.912768550481026,"parent_excitation_sparse",8,"one_step_shared_gamma_poisson","survival"
"survival_slope_20",0.64,0.665613536501859,0.0687257863467934,0.53268731150911,0.664445555548507,0.794824621691513,TRUE,0.372691792460719,1,0.931274213653207,"parent_excitation_sparse",8,"one_step_shared_gamma_poisson","survival"
"growth_increment_80",8.4,8.37636597503967,0.157294500257325,8.08086820967256,8.36985622748578,8.66194363858595,TRUE,-0.150253345931791,6,0.973784249957113,"parent_excitation_sparse",8,"one_step_shared_gamma_poisson","growth"
"growth_slope_20",-2.4,-2.32324799182645,0.0843488102322667,-2.49310064320474,-2.31854807145768,-2.15482436848208,TRUE,0.909935871794834,3,0.971883729922578,"parent_excitation_sparse",8,"one_step_shared_gamma_poisson","growth"
"log_growth_sd",1.50407739677627,1.47810331877769,0.0313820329356335,1.41941973094935,1.47930625328372,1.53871842068546,TRUE,-0.82767353064275,0.7,0.955168524377666,"parent_excitation_sparse",8,"one_step_shared_gamma_poisson","growth"
"log_recruitment_at_80",-1.69314718055995,-1.65565087400524,0.0818593086730436,-1.80720172976991,-1.65166041409979,-1.4997434496778,TRUE,0.458057943104237,1.5,0.945427127551304,"parent_excitation_sparse",8,"one_step_shared_gamma_poisson","recruitment"
"recruitment_slope_20",1.5,1.50703041003223,0.0323192231925717,1.44130241491797,1.50643918062375,1.57055831474584,TRUE,0.217530291193479,1,0.967680776807428,"parent_excitation_sparse",8,"one_step_shared_gamma_poisson","recruitment"
"recruit_mean_80",44.6,44.5846300420194,0.191223748297781,44.2603530190076,44.573922806098,44.9629689745066,TRUE,-0.080376826191311,10,0.980877625170222,"parent_excitation_sparse",8,"one_step_shared_gamma_poisson","recruit_size"
"recruit_mean_slope_20",0.4,0.395319738229357,0.0711721209109722,0.255752548798464,0.399928659230905,0.517563902980582,TRUE,-0.0657597625409754,2,0.964413939544514,"parent_excitation_sparse",8,"one_step_shared_gamma_poisson","recruit_size"
"log_recruit_sd",1.25276296849537,1.25472331902279,0.0105522996047305,1.23250354279733,1.25455281641623,1.27402817318128,TRUE,0.185774722178979,0.7,0.984925286278956,"parent_excitation_sparse",8,"one_step_shared_gamma_poisson","recruit_size"
"log_process_precision",NA,4.22400348009566,0.477852245187962,3.32653116025902,4.22816845635471,5.14125059728886,NA,NA,2,0.761073877406019,"parent_excitation_sparse",8,"one_step_shared_gamma_poisson","process"
"survival_at_80",0.36,0.382552609323063,0.0283079375076697,0.32277457087364,0.383618237565719,0.438053899280523,TRUE,0.796688537162148,1.5,0.981128041661554,"parent_excitation_dense",8,"recursive_gamma_poisson","survival"
"survival_slope_20",0.64,0.651797764548027,0.0182961797316474,0.618564134042207,0.650946525933481,0.687875315742187,TRUE,0.644821198800306,1,0.981703820268353,"parent_excitation_dense",8,"recursive_gamma_poisson","survival"
"growth_increment_80",8.4,8.44774421211454,0.0669701963362212,8.31605684353563,8.44852771199083,8.57273723368576,TRUE,0.712917308392518,6,0.98883830061063,"parent_excitation_dense",8,"recursive_gamma_poisson","growth"
"growth_slope_20",-2.4,-2.38986522430484,0.033590259089272,-2.45149196844628,-2.38918305709241,-2.32326209280697,TRUE,0.301717699414653,3,0.988803246970243,"parent_excitation_dense",8,"recursive_gamma_poisson","growth"
"log_growth_sd",1.50407739677627,1.44433734851794,0.0146270142196749,1.41646049719703,1.44389985413846,1.47268455639645,FALSE,-4.08422712668026,0.7,0.979104265400464,"parent_excitation_dense",8,"recursive_gamma_poisson","growth"
"log_recruitment_at_80",-1.69314718055995,-1.73094038762133,0.0264626418652427,-1.77962116224759,-1.72910553552349,-1.67744376357458,TRUE,-1.42817210971774,1.5,0.982358238756505,"parent_excitation_dense",8,"recursive_gamma_poisson","recruitment"
"recruitment_slope_20",1.5,1.51687886086719,0.00992806685319292,1.49783474778936,1.51690930558043,1.53632236836005,TRUE,1.7001155528847,1,0.990071933146807,"parent_excitation_dense",8,"recursive_gamma_poisson","recruitment"
"recruit_mean_80",44.6,44.7709431863773,0.109555095986484,44.552032813701,44.7719835743116,44.9897782729509,TRUE,1.56033988960609,10,0.989044490401352,"parent_excitation_dense",8,"recursive_gamma_poisson","recruit_size"
"recruit_mean_slope_20",0.4,0.337379080534661,0.0414207885258265,0.253883300376111,0.336298698429417,0.412039779551668,TRUE,-1.51182345131586,2,0.979289605737087,"parent_excitation_dense",8,"recursive_gamma_poisson","recruit_size"
"log_recruit_sd",1.25276296849537,1.2551571256574,0.00561714652621741,1.24431899795878,1.25518196475654,1.26677005358299,TRUE,0.426223021040238,0.7,0.991975504962547,"parent_excitation_dense",8,"recursive_gamma_poisson","recruit_size"
"log_process_precision",NA,7.95213775983035,0.867793427317222,6.19303561934438,8.02082102688824,9.65604561771353,NA,NA,2,0.566103286341389,"parent_excitation_dense",8,"recursive_gamma_poisson","process"
"survival_at_80",0.36,0.37696173738183,0.0408159777170928,0.292389194763713,0.378962948694798,0.452199170134262,TRUE,0.415566117254287,1.5,0.972789348188605,"parent_excitation_dense",8,"one_step_gamma_poisson","survival"
"survival_slope_20",0.64,0.648031353178069,0.0274571501179559,0.592876584951015,0.650034826005265,0.696749719952231,TRUE,0.292504981163967,1,0.972542849882044,"parent_excitation_dense",8,"one_step_gamma_poisson","survival"
"growth_increment_80",8.4,8.45231911798744,0.073847357375828,8.31228747055566,8.45220533359105,8.58810341504005,TRUE,0.708476509473051,6,0.987692107104029,"parent_excitation_dense",8,"one_step_gamma_poisson","growth"
"growth_slope_20",-2.4,-2.39731756050128,0.0413239084644698,-2.48314717015571,-2.39658602701204,-2.31622754042496,TRUE,0.0649125312294283,3,0.986225363845177,"parent_excitation_dense",8,"one_step_gamma_poisson","growth"
"log_growth_sd",1.50407739677627,1.44397080080374,0.0166242557413626,1.41175698189761,1.44290859307261,1.47795010292163,FALSE,-3.61559620518725,0.7,0.976251063226625,"parent_excitation_dense",8,"one_step_gamma_poisson","growth"
"log_recruitment_at_80",-1.69314718055995,-1.71511578167597,0.0291465328443009,-1.77202034386576,-1.71450180064123,-1.65631469640295,TRUE,-0.753729482452649,1.5,0.980568978103799,"parent_excitation_dense",8,"one_step_gamma_poisson","recruitment"
"recruitment_slope_20",1.5,1.51050358276823,0.0112409340462238,1.4865261383598,1.50981136016976,1.53227406818467,TRUE,0.934404803465409,1,0.988759065953776,"parent_excitation_dense",8,"one_step_gamma_poisson","recruitment"
"recruit_mean_80",44.6,44.784147428823,0.107938720362798,44.5720588035146,44.79437568819,44.9750705063205,TRUE,1.70603679758358,10,0.98920612796372,"parent_excitation_dense",8,"one_step_gamma_poisson","recruit_size"
"recruit_mean_slope_20",0.4,0.333456372946255,0.0405986558805565,0.259659973572482,0.333594040967508,0.416739565783186,TRUE,-1.63905985581198,2,0.979700672059722,"parent_excitation_dense",8,"one_step_gamma_poisson","recruit_size"
"log_recruit_sd",1.25276296849537,1.2562513249525,0.00561953805018473,1.24548505747092,1.25637080083777,1.2672895035342,TRUE,0.620755020427458,0.7,0.991972088499736,"parent_excitation_dense",8,"one_step_gamma_poisson","recruit_size"
"log_process_precision",NA,7.83759001961433,0.90803745545868,6.1971352721661,7.83531541828266,9.65245806624559,NA,NA,2,0.54598127227066,"parent_excitation_dense",8,"one_step_gamma_poisson","process"
"survival_at_80",0.36,0.372702814807907,0.0482706090917514,0.278036543159982,0.374761392740156,0.466488277267353,TRUE,0.263158370008584,1.5,0.967819593938832,"parent_excitation_dense",8,"one_step_shared_gamma_poisson","survival"
"survival_slope_20",0.64,0.642452374167448,0.0265165408895151,0.589346598553459,0.644390883460614,0.689500501304362,TRUE,0.0924846938997762,1,0.973483459110485,"parent_excitation_dense",8,"one_step_shared_gamma_poisson","survival"
"growth_increment_80",8.4,8.440003205424,0.0804498570445357,8.28145030461124,8.44504342683417,8.58717723966662,TRUE,0.497243959076956,6,0.986591690492577,"parent_excitation_dense",8,"one_step_shared_gamma_poisson","growth"
"growth_slope_20",-2.4,-2.39145493362991,0.0418982270581538,-2.47458508974416,-2.38967409199445,-2.31036991999709,TRUE,0.203948161296361,3,0.986033924313949,"parent_excitation_dense",8,"one_step_shared_gamma_poisson","growth"
"log_growth_sd",1.50407739677627,1.44481761907083,0.0172200958678602,1.41479008762064,1.4442604304811,1.4767765158158,FALSE,-3.44131520289904,0.7,0.975399863045914,"parent_excitation_dense",8,"one_step_shared_gamma_poisson","growth"
"log_recruitment_at_80",-1.69314718055995,-1.71934086949509,0.0345476506227668,-1.7878004531024,-1.71678700725531,-1.65445783713472,TRUE,-0.758190165263521,1.5,0.976968232918155,"parent_excitation_dense",8,"one_step_shared_gamma_poisson","recruitment"
"recruitment_slope_20",1.5,1.51281443236687,0.014336494021343,1.48448258243863,1.51271697089581,1.54120745723807,TRUE,0.893833063215613,1,0.985663505978657,"parent_excitation_dense",8,"one_step_shared_gamma_poisson","recruitment"
"recruit_mean_80",44.6,44.7701255154654,0.102446570871907,44.5760282004611,44.762640773206,44.9758605558387,TRUE,1.66062674443367,10,0.989755342912809,"parent_excitation_dense",8,"one_step_shared_gamma_poisson","recruit_size"
"recruit_mean_slope_20",0.4,0.336121927821519,0.0378588152986614,0.255650402105549,0.337378739186971,0.40851023644684,TRUE,-1.68727076308538,2,0.981070592350669,"parent_excitation_dense",8,"one_step_shared_gamma_poisson","recruit_size"
"log_recruit_sd",1.25276296849537,1.25589603464107,0.00509968031245197,1.24684998331174,1.25557996805409,1.26586631923087,TRUE,0.6143652060016,0.7,0.992714742410783,"parent_excitation_dense",8,"one_step_shared_gamma_poisson","recruit_size"
"log_process_precision",NA,7.05172624524906,0.711813931372526,5.72274645030358,7.06195855457683,8.45866493284016,NA,NA,2,0.644093034313737,"parent_excitation_dense",8,"one_step_shared_gamma_poisson","process"
"survival_at_80",0.36,0.363100326010068,0.0553854961011142,0.255116911256447,0.362447695932785,0.473344027760122,TRUE,0.0559772183751592,1.5,0.963076335932591,"parent_excitation_sparse",9,"recursive_gamma_poisson","survival"
"survival_slope_20",0.64,0.637651569567852,0.0366011800263933,0.566043913462182,0.639047119486328,0.706648575925606,TRUE,-0.0641626972260132,1,0.963398819973607,"parent_excitation_sparse",9,"recursive_gamma_poisson","survival"
"growth_increment_80",8.4,8.3741953310531,0.130471865672187,8.08501160251842,8.37941842336828,8.60986573490376,TRUE,-0.197779565839392,6,0.978254689054636,"parent_excitation_sparse",9,"recursive_gamma_poisson","growth"
"growth_slope_20",-2.4,-2.47167233424799,0.0709390452554126,-2.59382787748674,-2.4724683772626,-2.33519421514985,TRUE,-1.01033688837989,3,0.976353651581529,"parent_excitation_sparse",9,"recursive_gamma_poisson","growth"
"log_growth_sd",1.50407739677627,1.46273489391614,0.0276880407547055,1.41327533434017,1.46346183325296,1.51880429891489,TRUE,-1.4931537852893,0.7,0.960445656064706,"parent_excitation_sparse",9,"recursive_gamma_poisson","growth"
"log_recruitment_at_80",-1.69314718055995,-1.76492685885761,0.0576249807107283,-1.87182407771979,-1.76836148846639,-1.65114924502505,TRUE,-1.24563474750639,1.5,0.961583346192848,"parent_excitation_sparse",9,"recursive_gamma_poisson","recruitment"
"recruitment_slope_20",1.5,1.55763487437938,0.0234987452201957,1.50830656289019,1.5578984595558,1.60377348441479,FALSE,2.45267880643473,1,0.976501254779804,"parent_excitation_sparse",9,"recursive_gamma_poisson","recruitment"
"recruit_mean_80",44.6,44.8734591444793,0.229919150469696,44.4556267790108,44.8663212861092,45.3412106358516,TRUE,1.18937088937861,10,0.97700808495303,"parent_excitation_sparse",9,"recursive_gamma_poisson","recruit_size"
"recruit_mean_slope_20",0.4,0.29254267269904,0.0865431592574372,0.122528122898526,0.295308321217573,0.458736120518266,TRUE,-1.2416617121789,2,0.956728420371281,"parent_excitation_sparse",9,"recursive_gamma_poisson","recruit_size"
"log_recruit_sd",1.25276296849537,1.2735837574043,0.0130876972386314,1.24899869643078,1.27358563496935,1.29804818201319,TRUE,1.59086724954755,0.7,0.981303289659098,"parent_excitation_sparse",9,"recursive_gamma_poisson","recruit_size"
"log_process_precision",NA,5.31436371173355,0.492715209537092,4.34922250633339,5.31500379730352,6.29950691648925,NA,NA,2,0.753642395231454,"parent_excitation_sparse",9,"recursive_gamma_poisson","process"
"survival_at_80",0.36,0.348274700810978,0.0788395468291234,0.198716210242188,0.347262600916371,0.493529447904687,TRUE,-0.1487235741529,1.5,0.947440302113918,"parent_excitation_sparse",9,"one_step_gamma_poisson","survival"
"survival_slope_20",0.64,0.627818948907889,0.0503154425628716,0.538119823806242,0.628517992570759,0.724826723082769,TRUE,-0.242093688769411,1,0.949684557437128,"parent_excitation_sparse",9,"one_step_gamma_poisson","survival"
"growth_increment_80",8.4,8.40636159823194,0.146507806698108,8.12774367513377,8.40968528747786,8.69391114391453,TRUE,0.0434215648661827,6,0.975582032216982,"parent_excitation_sparse",9,"one_step_gamma_poisson","growth"
"growth_slope_20",-2.4,-2.50239007006767,0.0829776074895383,-2.66527275235966,-2.49831590652527,-2.35382839440411,TRUE,-1.23394820802196,3,0.972340797503487,"parent_excitation_sparse",9,"one_step_gamma_poisson","growth"
"log_growth_sd",1.50407739677627,1.45762000844977,0.0309683292298448,1.39428963328011,1.45640053745283,1.51365996361861,TRUE,-1.50015804797527,0.7,0.95575952967165,"parent_excitation_sparse",9,"one_step_gamma_poisson","growth"
"log_recruitment_at_80",-1.69314718055995,-1.65451198868621,0.0547394516964951,-1.7650068620372,-1.64955098405687,-1.5601232897363,TRUE,0.705801586905708,1.5,0.963507032202337,"parent_excitation_sparse",9,"one_step_gamma_poisson","recruitment"
"recruitment_slope_20",1.5,1.49856023262051,0.0208528962277123,1.46050031352231,1.49699112510454,1.5418140358495,TRUE,-0.0690440005917313,1,0.979147103772288,"parent_excitation_sparse",9,"one_step_gamma_poisson","recruitment"
"recruit_mean_80",44.6,44.8192440109,0.21709459670103,44.3997590978458,44.8201054489878,45.2481282781956,TRUE,1.00990081849885,10,0.978290540329897,"parent_excitation_sparse",9,"one_step_gamma_poisson","recruit_size"
"recruit_mean_slope_20",0.4,0.320085750648375,0.0808515265204148,0.163569733919941,0.32087212559018,0.474514389342024,TRUE,-0.988407427674813,2,0.959574236739793,"parent_excitation_sparse",9,"one_step_gamma_poisson","recruit_size"
"log_recruit_sd",1.25276296849537,1.27792367641237,0.0114626941813437,1.25500290670216,1.27785942890194,1.30003209114955,FALSE,2.19500821699917,0.7,0.98362472259808,"parent_excitation_sparse",9,"one_step_gamma_poisson","recruit_size"
"log_process_precision",NA,6.54136129608361,0.915935482012776,4.85517518201277,6.498243796503,8.38499974472871,NA,NA,2,0.542032258993612,"parent_excitation_sparse",9,"one_step_gamma_poisson","process"
"survival_at_80",0.36,0.36298035931513,0.0983366507178084,0.16276038295874,0.363398891316182,0.550283414139384,TRUE,0.0303077163333819,1.5,0.934442232854794,"parent_excitation_sparse",9,"one_step_shared_gamma_poisson","survival"
"survival_slope_20",0.64,0.610550002069425,0.0585394824098287,0.491744783362516,0.609866350066347,0.722535486693047,TRUE,-0.503079233335186,1,0.941460517590171,"parent_excitation_sparse",9,"one_step_shared_gamma_poisson","survival"
"growth_increment_80",8.4,8.37749178354464,0.15276561879577,8.06640233605969,8.37751892704205,8.66421182011404,TRUE,-0.147338233777901,6,0.974539063534038,"parent_excitation_sparse",9,"one_step_shared_gamma_poisson","growth"
"growth_slope_20",-2.4,-2.48913546419229,0.0822682573675699,-2.64981545074665,-2.49335053408065,-2.31952808120816,TRUE,-1.08347334736946,3,0.972577247544143,"parent_excitation_sparse",9,"one_step_shared_gamma_poisson","growth"
"log_growth_sd",1.50407739677627,1.46317164765881,0.0292663510334805,1.4039578518682,1.46281647432614,1.51767840110642,TRUE,-1.39770581821652,0.7,0.958190927095028,"parent_excitation_sparse",9,"one_step_shared_gamma_poisson","growth"
"log_recruitment_at_80",-1.69314718055995,-1.65000380272424,0.0637267615715562,-1.76799329921336,-1.64785407975665,-1.53979576346794,TRUE,0.677005653068689,1.5,0.957515492285629,"parent_excitation_sparse",9,"one_step_shared_gamma_poisson","recruitment"
"recruitment_slope_20",1.5,1.4952749798722,0.0261679773632728,1.4459097586854,1.49610427296208,1.54646081039325,TRUE,-0.180564973066349,1,0.973832022636727,"parent_excitation_sparse",9,"one_step_shared_gamma_poisson","recruitment"
"recruit_mean_80",44.6,44.8238466439712,0.204471628730834,44.450556757078,44.816404190676,45.2267015271355,TRUE,1.09475649683357,10,0.979552837126917,"parent_excitation_sparse",9,"one_step_shared_gamma_poisson","recruit_size"
"recruit_mean_slope_20",0.4,0.312126220122281,0.0745356158097428,0.17608076151021,0.309423916509897,0.464061561633702,TRUE,-1.17895020954844,2,0.962732192095129,"parent_excitation_sparse",9,"one_step_shared_gamma_poisson","recruit_size"
"log_recruit_sd",1.25276296849537,1.27554213083183,0.00982767806870832,1.25790815529311,1.27472720486889,1.29575503133391,FALSE,2.31785801052974,0.7,0.985960459901845,"parent_excitation_sparse",9,"one_step_shared_gamma_poisson","recruit_size"
"log_process_precision",NA,5.81354017773113,0.689455252347051,4.46466031127549,5.82556806935806,7.19806520479205,NA,NA,2,0.655272373826474,"parent_excitation_sparse",9,"one_step_shared_gamma_poisson","process"
"survival_at_80",0.36,0.368397351416835,0.0310536495891624,0.309340788150599,0.368174368450255,0.429921986520352,TRUE,0.270414316124883,1.5,0.979297566940558,"parent_excitation_dense",9,"recursive_gamma_poisson","survival"
"survival_slope_20",0.64,0.620339289834079,0.0204261284172721,0.578455169668792,0.62055959362001,0.658529646262707,TRUE,-0.962527492449138,1,0.979573871582728,"parent_excitation_dense",9,"recursive_gamma_poisson","survival"
"growth_increment_80",8.4,8.40397624689129,0.0697837918437242,8.26755598495392,8.40875195728591,8.53636366697416,TRUE,0.0569795189718826,6,0.988369368026046,"parent_excitation_dense",9,"recursive_gamma_poisson","growth"
"growth_slope_20",-2.4,-2.34385374509551,0.0369763448432731,-2.41144523094588,-2.34440841400278,-2.27771748655727,TRUE,1.51843712899331,3,0.987674551718909,"parent_excitation_dense",9,"recursive_gamma_poisson","growth"
"log_growth_sd",1.50407739677627,1.45262645115223,0.0142041139570834,1.42566410093523,1.45302994638548,1.48005078432039,FALSE,-3.62225660674789,0.7,0.979708408632738,"parent_excitation_dense",9,"recursive_gamma_poisson","growth"
"log_recruitment_at_80",-1.69314718055995,-1.70631496824812,0.0316514623747925,-1.76286343920136,-1.70705608206855,-1.64527597638013,TRUE,-0.416024622567357,1.5,0.978899025083472,"parent_excitation_dense",9,"recursive_gamma_poisson","recruitment"
"recruitment_slope_20",1.5,1.50195652145159,0.0124524883482623,1.47847788089796,1.50213392484356,1.5250016944298,TRUE,0.157118914459098,1,0.987547511651738,"parent_excitation_dense",9,"recursive_gamma_poisson","recruitment"
"recruit_mean_80",44.6,44.6937503848239,0.116870501762627,44.4737280060745,44.6966984390021,44.9218709655057,TRUE,0.802173203759553,10,0.988312949823737,"parent_excitation_dense",9,"recursive_gamma_poisson","recruit_size"
"recruit_mean_slope_20",0.4,0.347135058593966,0.0456078662649534,0.257248935766287,0.346810040382641,0.431473778717192,TRUE,-1.15911893573186,2,0.977196066867523,"parent_excitation_dense",9,"recursive_gamma_poisson","recruit_size"
"log_recruit_sd",1.25276296849537,1.25710266081366,0.00708154841300065,1.2430038046266,1.25717243343117,1.27090134069358,TRUE,0.612816867893843,0.7,0.989883502267142,"parent_excitation_dense",9,"recursive_gamma_poisson","recruit_size"
"log_process_precision",NA,6.5585868349513,0.461170233498392,5.7304338079179,6.59061406322012,7.49628671133964,NA,NA,2,0.769414883250804,"parent_excitation_dense",9,"recursive_gamma_poisson","process"
"survival_at_80",0.36,0.371234383760294,0.0457140531816792,0.288088335450352,0.369175859337129,0.469297100507756,TRUE,0.245753394818122,1.5,0.969523964545547,"parent_excitation_dense",9,"one_step_gamma_poisson","survival"
"survival_slope_20",0.64,0.646528719071137,0.030905530284499,0.590304597753986,0.646835066842067,0.709854638817605,TRUE,0.211247599087829,1,0.969094469715501,"parent_excitation_dense",9,"one_step_gamma_poisson","survival"
"growth_increment_80",8.4,8.38628245811051,0.0807135182131095,8.23166428410818,8.38869423662974,8.53592908203719,TRUE,-0.169953462482793,6,0.986547746964482,"parent_excitation_dense",9,"one_step_gamma_poisson","growth"
"growth_slope_20",-2.4,-2.31797523981638,0.0470802403704546,-2.4060249453537,-2.31510622874683,-2.22824623666489,TRUE,1.74223324983482,3,0.984306586543182,"parent_excitation_dense",9,"one_step_gamma_poisson","growth"
"log_growth_sd",1.50407739677627,1.45094425191923,0.0175677385443335,1.41963112712133,1.45111012238437,1.48300454943165,FALSE,-3.02447265611083,0.7,0.974903230650952,"parent_excitation_dense",9,"one_step_gamma_poisson","growth"
"log_recruitment_at_80",-1.69314718055995,-1.71975640621658,0.0343244363201053,-1.78199468893732,-1.71925526384695,-1.64851001223638,TRUE,-0.775226879430157,1.5,0.977117042453263,"parent_excitation_dense",9,"one_step_gamma_poisson","recruitment"
"recruitment_slope_20",1.5,1.50790764769219,0.0144000690528947,1.47742425334306,1.50784669786556,1.53297382062273,TRUE,0.54913956753532,1,0.985599930947105,"parent_excitation_dense",9,"one_step_gamma_poisson","recruitment"
"recruit_mean_80",44.6,44.7403291246372,0.117898334988752,44.4956518090439,44.7348017909917,44.9811966853439,TRUE,1.19025535560448,10,0.988210166501125,"parent_excitation_dense",9,"one_step_gamma_poisson","recruit_size"
"recruit_mean_slope_20",0.4,0.330890913526866,0.0461779173573871,0.243121336376231,0.332584366662168,0.415248859202718,TRUE,-1.49658300824341,2,0.976911041321306,"parent_excitation_dense",9,"one_step_gamma_poisson","recruit_size"
"log_recruit_sd",1.25276296849537,1.25801139272945,0.00705357779022612,1.24483738364906,1.25743663517989,1.27258321011056,TRUE,0.744079726653504,0.7,0.989923460299677,"parent_excitation_dense",9,"one_step_gamma_poisson","recruit_size"
"log_process_precision",NA,6.35367572393119,0.409258165260657,5.5608127596342,6.37014814741562,7.13421142564473,NA,NA,2,0.795370917369671,"parent_excitation_dense",9,"one_step_gamma_poisson","process"
"survival_at_80",0.36,0.374180193189465,0.0527050218101682,0.284195457125612,0.368962196215954,0.487379560718459,TRUE,0.269048236817717,1.5,0.964863318793221,"parent_excitation_dense",9,"one_step_shared_gamma_poisson","survival"
"survival_slope_20",0.64,0.632269543108949,0.0286412583457124,0.582208813356034,0.62954454922903,0.691557084798737,TRUE,-0.269906328756258,1,0.971358741654288,"parent_excitation_dense",9,"one_step_shared_gamma_poisson","survival"
"growth_increment_80",8.4,8.43411865437681,0.0753797142315902,8.28246095680245,8.43293736384811,8.58409288141809,TRUE,0.452623822265898,6,0.987436714294735,"parent_excitation_dense",9,"one_step_shared_gamma_poisson","growth"
"growth_slope_20",-2.4,-2.34584319169361,0.038496392796721,-2.42247238736053,-2.34468165996068,-2.2749023955599,TRUE,1.40680215396704,3,0.98716786906776,"parent_excitation_dense",9,"one_step_shared_gamma_poisson","growth"
"log_growth_sd",1.50407739677627,1.44447418945065,0.0170020095476641,1.41539955994004,1.4442823434357,1.48040993286305,FALSE,-3.50565662009117,0.7,0.975711414931908,"parent_excitation_dense",9,"one_step_shared_gamma_poisson","growth"
"log_recruitment_at_80",-1.69314718055995,-1.74007173151662,0.0365992280999347,-1.81479656753302,-1.7425903487339,-1.66574552069892,TRUE,-1.28211859628704,1.5,0.975600514600043,"parent_excitation_dense",9,"one_step_shared_gamma_poisson","recruitment"
"recruitment_slope_20",1.5,1.51756026781624,0.0144905911202526,1.48909724762071,1.51761304294552,1.54759517131141,TRUE,1.21183930113752,1,0.985509408879747,"parent_excitation_dense",9,"one_step_shared_gamma_poisson","recruitment"
"recruit_mean_80",44.6,44.7071293814745,0.106006373177453,44.5042810685213,44.7120753645539,44.903051568089,TRUE,1.01059378095305,10,0.989399362682255,"parent_excitation_dense",9,"one_step_shared_gamma_poisson","recruit_size"
"recruit_mean_slope_20",0.4,0.341196983025765,0.0391274059969249,0.27305232648854,0.34206590232821,0.418074125846696,TRUE,-1.50286009194826,2,0.980436297001538,"parent_excitation_dense",9,"one_step_shared_gamma_poisson","recruit_size"
"log_recruit_sd",1.25276296849537,1.25774900045135,0.00514621798974515,1.2479077085476,1.25770289388666,1.26780378697951,TRUE,0.968873057051886,0.7,0.99264826001465,"parent_excitation_dense",9,"one_step_shared_gamma_poisson","recruit_size"
"log_process_precision",NA,6.38160153734654,0.524950571941888,5.3697368961438,6.35823124431825,7.39518038164666,NA,NA,2,0.737524714029056,"parent_excitation_dense",9,"one_step_shared_gamma_poisson","process"
"survival_at_80",0.36,0.405841846484951,0.0569159917885425,0.282653881957077,0.405553487281316,0.51505553195815,TRUE,0.805429986272853,1.5,0.962056005474305,"parent_excitation_sparse",10,"recursive_gamma_poisson","survival"
"survival_slope_20",0.64,0.612255416540954,0.038404111981695,0.533146550187888,0.613219920002571,0.683489713622645,TRUE,-0.722437833539028,1,0.961595888018305,"parent_excitation_sparse",10,"recursive_gamma_poisson","survival"
"growth_increment_80",8.4,8.24697586740973,0.141589034834618,7.96575309860735,8.24828906826075,8.53133845830712,TRUE,-1.08076259414448,6,0.976401827527564,"parent_excitation_sparse",10,"recursive_gamma_poisson","growth"
"growth_slope_20",-2.4,-2.39790619655902,0.0751728800704753,-2.55729692306677,-2.39878014714105,-2.24157352820208,TRUE,0.0278531757599345,3,0.974942373309842,"parent_excitation_sparse",10,"recursive_gamma_poisson","growth"
"log_growth_sd",1.50407739677627,1.52133120587251,0.0268540157528778,1.46965056622306,1.5203809338678,1.57254294458528,TRUE,0.642503871861005,0.7,0.961637120353032,"parent_excitation_sparse",10,"recursive_gamma_poisson","growth"
"log_recruitment_at_80",-1.69314718055995,-1.69191311353552,0.0620619473170532,-1.80518581914762,-1.69053105900773,-1.56897832467304,TRUE,0.0198844393024923,1.5,0.958625368455298,"parent_excitation_sparse",10,"recursive_gamma_poisson","recruitment"
"recruitment_slope_20",1.5,1.47543726794416,0.0244629103769236,1.42342949713906,1.47703261108377,1.51781887538552,TRUE,-1.00408053160382,1,0.975537089623076,"parent_excitation_sparse",10,"recursive_gamma_poisson","recruitment"
"recruit_mean_80",44.6,44.8387917819407,0.226593183396545,44.4234626122181,44.8415882805215,45.3073186213475,TRUE,1.05383479927012,10,0.977340681660345,"parent_excitation_sparse",10,"recursive_gamma_poisson","recruit_size"
"recruit_mean_slope_20",0.4,0.337272989150806,0.0874714598268874,0.16211931615532,0.336783935423146,0.514524711441756,TRUE,-0.717114027516347,2,0.956264270086556,"parent_excitation_sparse",10,"recursive_gamma_poisson","recruit_size"
"log_recruit_sd",1.25276296849537,1.27419955865783,0.0131943189427923,1.24847638226985,1.2742497054553,1.29952721528791,TRUE,1.62468333950415,0.7,0.981150972938868,"parent_excitation_sparse",10,"recursive_gamma_poisson","recruit_size"
"log_process_precision",NA,5.16542485645477,0.474174894246733,4.30737634720799,5.16657169965653,6.08913604120689,NA,NA,2,0.762912552876634,"parent_excitation_sparse",10,"recursive_gamma_poisson","process"
"survival_at_80",0.36,0.407150710513805,0.0895340398753547,0.239183470813959,0.412478925529401,0.577174819272414,TRUE,0.526623288521845,1.5,0.940310640083097,"parent_excitation_sparse",10,"one_step_gamma_poisson","survival"
"survival_slope_20",0.64,0.586223006962299,0.058435762398605,0.471223803708603,0.587504186624626,0.708218786356606,TRUE,-0.920275372996334,1,0.941564237601395,"parent_excitation_sparse",10,"one_step_gamma_poisson","survival"
"growth_increment_80",8.4,8.1681294020885,0.181697037093804,7.80785903392708,8.15873107004188,8.52875929559342,TRUE,-1.27613857452058,6,0.969717160484366,"parent_excitation_sparse",10,"one_step_gamma_poisson","growth"
"growth_slope_20",-2.4,-2.37631113032796,0.101493622282712,-2.56330069505624,-2.37893015204954,-2.15970500568304,TRUE,0.233402544310176,3,0.966168792572429,"parent_excitation_sparse",10,"one_step_gamma_poisson","growth"
"log_growth_sd",1.50407739677627,1.5348363780081,0.0314302522759599,1.47875666658718,1.53548726696234,1.59870623158361,TRUE,0.978642518098868,0.7,0.955099639605772,"parent_excitation_sparse",10,"one_step_gamma_poisson","growth"
"log_recruitment_at_80",-1.69314718055995,-1.77242967570356,0.0707145752007012,-1.92281033710204,-1.77036354440308,-1.64708722467527,TRUE,-1.12116200823655,1.5,0.952856949866199,"parent_excitation_sparse",10,"one_step_gamma_poisson","recruitment"
"recruitment_slope_20",1.5,1.52816017455449,0.0282011546903141,1.47565099423306,1.52780614830661,1.5797248184246,TRUE,0.998546863194837,1,0.971798845309686,"parent_excitation_sparse",10,"one_step_gamma_poisson","recruitment"
"recruit_mean_80",44.6,44.8123699535617,0.230944298685205,44.3652508931801,44.8113996099149,45.2564277325472,TRUE,0.919572185894067,10,0.97690557013148,"parent_excitation_sparse",10,"one_step_gamma_poisson","recruit_size"
"recruit_mean_slope_20",0.4,0.336069674752183,0.0905610602397016,0.15637836669849,0.334235826673408,0.512279347391522,TRUE,-0.705936139424641,2,0.954719469880149,"parent_excitation_sparse",10,"one_step_gamma_poisson","recruit_size"
"log_recruit_sd",1.25276296849537,1.27006826568387,0.0132537858784594,1.24445213684739,1.27025294167119,1.29630211345612,TRUE,1.30568709553566,0.7,0.981066020173629,"parent_excitation_sparse",10,"one_step_gamma_poisson","recruit_size"
"log_process_precision",NA,5.01102575641663,0.381042114347784,4.28955221698964,5.00032250283988,5.66866787497302,NA,NA,2,0.809478942826108,"parent_excitation_sparse",10,"one_step_gamma_poisson","process"
"survival_at_80",0.36,0.346535940771079,0.0301456208096606,0.285389827152262,0.34499823614854,0.406963524888732,TRUE,-0.446634000803406,1.5,0.979902919460226,"parent_excitation_dense",10,"recursive_gamma_poisson","survival"
"survival_slope_20",0.64,0.629166675563096,0.0202656410904165,0.587924601601656,0.628301151174478,0.670258041908328,TRUE,-0.534566085946656,1,0.979734358909583,"parent_excitation_dense",10,"recursive_gamma_poisson","survival"
"growth_increment_80",8.4,8.34644100462135,0.0731075886507248,8.20110431369051,8.34267033693846,8.48110914027816,TRUE,-0.732605142190187,6,0.987815401891546,"parent_excitation_dense",10,"recursive_gamma_poisson","growth"
"growth_slope_20",-2.4,-2.41063110148117,0.0379767600597678,-2.48026684461027,-2.4116591339197,-2.32862746215167,TRUE,-0.279937031606765,3,0.987341079980077,"parent_excitation_dense",10,"recursive_gamma_poisson","growth"
"log_growth_sd",1.50407739677627,1.47302269425029,0.0143390790430071,1.44643196675802,1.47281078797567,1.50245714678791,FALSE,-2.16573898733974,0.7,0.979515601367133,"parent_excitation_dense",10,"recursive_gamma_poisson","growth"
"log_recruitment_at_80",-1.69314718055995,-1.70528261131896,0.032006358338794,-1.76763936630381,-1.70682037214554,-1.64119723471952,TRUE,-0.379156873473513,1.5,0.978662427774137,"parent_excitation_dense",10,"recursive_gamma_poisson","recruitment"
"recruitment_slope_20",1.5,1.5151582796661,0.0129929760835092,1.4910307441836,1.51525969171505,1.54039404193825,TRUE,1.16665185625441,1,0.987007023916491,"parent_excitation_dense",10,"recursive_gamma_poisson","recruitment"
"recruit_mean_80",44.6,44.7202626138357,0.123515047919213,44.4859701268155,44.7237323970515,44.9724068999157,TRUE,0.973667709818716,10,0.987648495208079,"parent_excitation_dense",10,"recursive_gamma_poisson","recruit_size"
"recruit_mean_slope_20",0.4,0.354217914668239,0.0473810964573247,0.257761243181606,0.355016518039326,0.443158862969329,TRUE,-0.966252129116428,2,0.976309451771338,"parent_excitation_dense",10,"recursive_gamma_poisson","recruit_size"
"log_recruit_sd",1.25276296849537,1.2496622532749,0.00694507484779316,1.23622983434949,1.24983591140605,1.26307248597427,TRUE,-0.446462462741476,0.7,0.990078464503153,"parent_excitation_dense",10,"recursive_gamma_poisson","recruit_size"
"log_process_precision",NA,6.05653966349762,0.389201170781449,5.30942684226451,6.04989699195387,6.82025436765002,NA,NA,2,0.805399414609275,"parent_excitation_dense",10,"recursive_gamma_poisson","process"
"survival_at_80",0.36,0.361541271195442,0.0447930581375931,0.277963585088992,0.360830194394733,0.445391652585517,TRUE,0.0344087066060026,1.5,0.970137961241605,"parent_excitation_dense",10,"one_step_gamma_poisson","survival"
"survival_slope_20",0.64,0.64455213260178,0.0291882949494295,0.585206118644005,0.645673969260744,0.700006242420699,TRUE,0.155957468898621,1,0.97081170505057,"parent_excitation_dense",10,"one_step_gamma_poisson","survival"
"growth_increment_80",8.4,8.39019437379871,0.0838653985878429,8.23597436511315,8.38904400113431,8.5578166674005,TRUE,-0.116920999201153,6,0.986022433568693,"parent_excitation_dense",10,"one_step_gamma_poisson","growth"
"growth_slope_20",-2.4,-2.4276485573273,0.0452305861489392,-2.51617616855572,-2.4277388333946,-2.3401514513897,TRUE,-0.611280102279844,3,0.984923137950354,"parent_excitation_dense",10,"one_step_gamma_poisson","growth"
"log_growth_sd",1.50407739677627,1.46907918918236,0.0158891731548315,1.44106875926591,1.46827425578095,1.50266444859583,FALSE,-2.20264498680168,0.7,0.977301181207384,"parent_excitation_dense",10,"one_step_gamma_poisson","growth"
"log_recruitment_at_80",-1.69314718055995,-1.70529575013874,0.0320281193413453,-1.77126549337221,-1.70534981673748,-1.64367925779205,TRUE,-0.379309488931377,1.5,0.978647920439103,"parent_excitation_dense",10,"one_step_gamma_poisson","recruitment"
"recruitment_slope_20",1.5,1.51301813182536,0.0128380015768508,1.48980309277331,1.51308352261308,1.53787450837593,TRUE,1.01403101934772,1,0.987161998423149,"parent_excitation_dense",10,"one_step_gamma_poisson","recruitment"
"recruit_mean_80",44.6,44.6776167395679,0.109746029216325,44.4635613928572,44.6829906998451,44.8829701753182,TRUE,0.70723961606757,10,0.989025397078368,"parent_excitation_dense",10,"one_step_gamma_poisson","recruit_size"
"recruit_mean_slope_20",0.4,0.368730798714166,0.0424103450030781,0.288799532943371,0.366696142489015,0.450248716798493,TRUE,-0.737301271271541,2,0.978794827498461,"parent_excitation_dense",10,"one_step_gamma_poisson","recruit_size"
"log_recruit_sd",1.25276296849537,1.25031639188337,0.00670726303494712,1.2375139892915,1.25008869799954,1.26353839988454,TRUE,-0.364765270014566,0.7,0.990418195664361,"parent_excitation_dense",10,"one_step_gamma_poisson","recruit_size"
"log_process_precision",NA,6.690545131083,0.484485302782551,5.70011634665547,6.7028088721125,7.66515020107133,NA,NA,2,0.757757348608724,"parent_excitation_dense",10,"one_step_gamma_poisson","process"
"survival_at_80",0.36,0.361211527052096,0.0512365822391139,0.263223830005395,0.36113790664097,0.461085122719135,TRUE,0.0236457429272282,1.5,0.965842278507257,"parent_excitation_dense",10,"one_step_shared_gamma_poisson","survival"
"survival_slope_20",0.64,0.64198959799135,0.029090210380135,0.588085498408292,0.64212640864411,0.693770360080156,TRUE,0.0683940736540166,1,0.970909789619865,"parent_excitation_dense",10,"one_step_shared_gamma_poisson","survival"
"growth_increment_80",8.4,8.40493788089084,0.0763308412235088,8.25642324487069,8.40429341488365,8.54889385725392,TRUE,0.0646905079479241,6,0.987278193129415,"parent_excitation_dense",10,"one_step_shared_gamma_poisson","growth"
"growth_slope_20",-2.4,-2.43332902563431,0.0413282420141961,-2.5120557936939,-2.43300383333248,-2.35447260770994,TRUE,-0.806446730128542,3,0.986223919328601,"parent_excitation_dense",10,"one_step_shared_gamma_poisson","growth"
"log_growth_sd",1.50407739677627,1.46758357840798,0.0163003645069285,1.43662212164047,1.46728823189438,1.4969097310946,FALSE,-2.23883449678607,0.7,0.976713764990102,"parent_excitation_dense",10,"one_step_shared_gamma_poisson","growth"
"log_recruitment_at_80",-1.69314718055995,-1.69334028629502,0.0331581416827142,-1.75951953190714,-1.69311091838352,-1.63353637892211,TRUE,-0.00582378038304877,1.5,0.977894572211524,"parent_excitation_dense",10,"one_step_shared_gamma_poisson","recruitment"
"recruitment_slope_20",1.5,1.50880299077157,0.0128317712087761,1.48580393369315,1.50841274166617,1.53430352914339,TRUE,0.686030839261614,1,0.987168228791224,"parent_excitation_dense",10,"one_step_shared_gamma_poisson","recruitment"
"recruit_mean_80",44.6,44.6902924103511,0.099931381417901,44.4856687545448,44.6969129416256,44.8833149777926,TRUE,0.903544102662429,10,0.99000686185821,"parent_excitation_dense",10,"one_step_shared_gamma_poisson","recruit_size"
"recruit_mean_slope_20",0.4,0.362927241031387,0.0358122455006642,0.299054083511717,0.362045600555444,0.436549151905998,TRUE,-1.0351978338785,2,0.982093877249668,"parent_excitation_dense",10,"one_step_shared_gamma_poisson","recruit_size"
"log_recruit_sd",1.25276296849537,1.25127654115674,0.00521899804082122,1.24008663074653,1.25139132872144,1.26156431472445,TRUE,-0.284810863504201,0.7,0.992544288513112,"parent_excitation_dense",10,"one_step_shared_gamma_poisson","recruit_size"
"log_process_precision",NA,6.87938267820178,0.563760340195011,5.82459208135424,6.86856402805612,7.96574531867337,NA,NA,2,0.718119829902494,"parent_excitation_dense",10,"one_step_shared_gamma_poisson","process"
